  0
SECTION
  2
BLOCKS
  0
ENDSEC
  0
SECTION
  2
ENTITIES
  0
LINE
  8
0
 10
524.523
 20
0.0228271
 11
525.042
 21
0.091156
  0
LINE
  8
0
 10
525.042
 20
0.091156
 11
525.553
 21
0.204453
  0
LINE
  8
0
 10
525.553
 20
0.204453
 11
526.052
 21
0.361847
  0
LINE
  8
0
 10
526.052
 20
0.361847
 11
526.536
 21
0.562149
  0
LINE
  8
0
 10
526.536
 20
0.562149
 11
527
 21
0.803848
  0
LINE
  8
0
 10
527
 20
0.803848
 11
527.441
 21
1.08508
  0
LINE
  8
0
 10
527.441
 20
1.08508
 11
527.857
 21
1.40373
  0
LINE
  8
0
 10
527.857
 20
1.40373
 11
528.243
 21
1.75735
  0
LINE
  8
0
 10
528.243
 20
1.75735
 11
528.596
 21
2.14328
  0
LINE
  8
0
 10
528.596
 20
2.14328
 11
528.915
 21
2.55855
  0
LINE
  8
0
 10
528.915
 20
2.55855
 11
529.196
 21
3
  0
LINE
  8
0
 10
529.196
 20
3
 11
529.438
 21
3.46429
  0
LINE
  8
0
 10
529.438
 20
3.46429
 11
529.638
 21
3.94788
  0
LINE
  8
0
 10
529.638
 20
3.94788
 11
529.796
 21
4.44708
  0
LINE
  8
0
 10
529.796
 20
4.44708
 11
529.909
 21
4.95811
  0
LINE
  8
0
 10
529.909
 20
4.95811
 11
529.977
 21
5.47707
  0
LINE
  8
0
 10
529.977
 20
5.47707
 11
530
 21
6
  0
LINE
  8
0
 10
530
 20
6
 11
530
 21
422.212
  0
LINE
  8
0
 10
530
 20
422.212
 11
529.977
 21
422.735
  0
LINE
  8
0
 10
529.977
 20
422.735
 11
529.909
 21
423.254
  0
LINE
  8
0
 10
529.909
 20
423.254
 11
529.796
 21
423.765
  0
LINE
  8
0
 10
529.796
 20
423.765
 11
529.638
 21
424.264
  0
LINE
  8
0
 10
529.638
 20
424.264
 11
529.438
 21
424.747
  0
LINE
  8
0
 10
529.438
 20
424.747
 11
529.196
 21
425.212
  0
LINE
  8
0
 10
529.196
 20
425.212
 11
528.915
 21
425.653
  0
LINE
  8
0
 10
528.915
 20
425.653
 11
528.596
 21
426.068
  0
LINE
  8
0
 10
528.596
 20
426.068
 11
528.243
 21
426.454
  0
LINE
  8
0
 10
528.243
 20
426.454
 11
527.857
 21
426.808
  0
LINE
  8
0
 10
527.857
 20
426.808
 11
527.441
 21
427.127
  0
LINE
  8
0
 10
527.441
 20
427.127
 11
527
 21
427.408
  0
LINE
  8
0
 10
527
 20
427.408
 11
526.536
 21
427.649
  0
LINE
  8
0
 10
526.536
 20
427.649
 11
526.052
 21
427.85
  0
LINE
  8
0
 10
526.052
 20
427.85
 11
525.553
 21
428.007
  0
LINE
  8
0
 10
525.553
 20
428.007
 11
525.042
 21
428.12
  0
LINE
  8
0
 10
525.042
 20
428.12
 11
524.399
 21
428.198
  0
LINE
  8
0
 10
524.399
 20
428.198
 11
509.762
 21
429.174
  0
LINE
  8
0
 10
509.762
 20
429.174
 11
509.739
 21
429.175
  0
LINE
  8
0
 10
509.739
 20
429.175
 11
489.512
 21
430.444
  0
LINE
  8
0
 10
489.512
 20
430.444
 11
489.488
 21
430.445
  0
LINE
  8
0
 10
489.488
 20
430.445
 11
469.262
 21
431.635
  0
LINE
  8
0
 10
469.262
 20
431.635
 11
469.238
 21
431.636
  0
LINE
  8
0
 10
469.238
 20
431.636
 11
449.011
 21
432.747
  0
LINE
  8
0
 10
449.011
 20
432.747
 11
448.988
 21
432.748
  0
LINE
  8
0
 10
448.988
 20
432.748
 11
428.761
 21
433.779
  0
LINE
  8
0
 10
428.761
 20
433.779
 11
428.738
 21
433.78
  0
LINE
  8
0
 10
428.738
 20
433.78
 11
408.511
 21
434.732
  0
LINE
  8
0
 10
408.511
 20
434.732
 11
408.487
 21
434.733
  0
LINE
  8
0
 10
408.487
 20
434.733
 11
388.265
 21
435.606
  0
LINE
  8
0
 10
388.265
 20
435.606
 11
388.241
 21
435.607
  0
LINE
  8
0
 10
388.241
 20
435.607
 11
368.011
 21
436.401
  0
LINE
  8
0
 10
368.011
 20
436.401
 11
367.987
 21
436.402
  0
LINE
  8
0
 10
367.987
 20
436.402
 11
347.761
 21
437.117
  0
LINE
  8
0
 10
347.761
 20
437.117
 11
347.737
 21
437.117
  0
LINE
  8
0
 10
347.737
 20
437.117
 11
327.511
 21
437.753
  0
LINE
  8
0
 10
327.511
 20
437.753
 11
327.487
 21
437.754
  0
LINE
  8
0
 10
327.487
 20
437.754
 11
307.265
 21
438.31
  0
LINE
  8
0
 10
307.265
 20
438.31
 11
307.241
 21
438.311
  0
LINE
  8
0
 10
307.241
 20
438.311
 11
287.011
 21
438.788
  0
LINE
  8
0
 10
287.011
 20
438.788
 11
286.987
 21
438.788
  0
LINE
  8
0
 10
286.987
 20
438.788
 11
266.761
 21
439.187
  0
LINE
  8
0
 10
266.761
 20
439.187
 11
266.737
 21
439.187
  0
LINE
  8
0
 10
266.737
 20
439.187
 11
246.511
 21
439.506
  0
LINE
  8
0
 10
246.511
 20
439.506
 11
246.487
 21
439.506
  0
LINE
  8
0
 10
246.487
 20
439.506
 11
226.265
 21
439.746
  0
LINE
  8
0
 10
226.265
 20
439.746
 11
226.241
 21
439.746
  0
LINE
  8
0
 10
226.241
 20
439.746
 11
206.011
 21
439.907
  0
LINE
  8
0
 10
206.011
 20
439.907
 11
205.987
 21
439.907
  0
LINE
  8
0
 10
205.987
 20
439.907
 11
185.761
 21
439.989
  0
LINE
  8
0
 10
185.761
 20
439.989
 11
185.737
 21
439.989
  0
LINE
  8
0
 10
185.737
 20
439.989
 11
165.511
 21
439.991
  0
LINE
  8
0
 10
165.511
 20
439.991
 11
165.488
 21
439.991
  0
LINE
  8
0
 10
165.488
 20
439.991
 11
145.261
 21
439.915
  0
LINE
  8
0
 10
145.261
 20
439.915
 11
145.238
 21
439.914
  0
LINE
  8
0
 10
145.238
 20
439.914
 11
125.011
 21
439.759
  0
LINE
  8
0
 10
125.011
 20
439.759
 11
124.988
 21
439.758
  0
LINE
  8
0
 10
124.988
 20
439.758
 11
104.765
 21
439.523
  0
LINE
  8
0
 10
104.765
 20
439.523
 11
104.742
 21
439.523
  0
LINE
  8
0
 10
104.742
 20
439.523
 11
84.5112
 21
439.209
  0
LINE
  8
0
 10
84.5112
 20
439.209
 11
84.4878
 21
439.209
  0
LINE
  8
0
 10
84.4878
 20
439.209
 11
64.2614
 21
438.815
  0
LINE
  8
0
 10
64.2614
 20
438.815
 11
64.2379
 21
438.815
  0
LINE
  8
0
 10
64.2379
 20
438.815
 11
44.0114
 21
438.342
  0
LINE
  8
0
 10
44.0114
 20
438.342
 11
43.9879
 21
438.342
  0
LINE
  8
0
 10
43.9879
 20
438.342
 11
23.7613
 21
437.79
  0
LINE
  8
0
 10
23.7613
 20
437.79
 11
23.7378
 21
437.79
  0
LINE
  8
0
 10
23.7378
 20
437.79
 11
3.51132
 21
437.159
  0
LINE
  8
0
 10
3.51132
 20
437.159
 11
3.48788
 21
437.158
  0
LINE
  8
0
 10
3.48788
 20
437.158
 11
-16.7386
 21
436.448
  0
LINE
  8
0
 10
-16.7386
 20
436.448
 11
-16.7621
 21
436.447
  0
LINE
  8
0
 10
-16.7621
 20
436.447
 11
-36.9889
 21
435.659
  0
LINE
  8
0
 10
-36.9889
 20
435.659
 11
-37.0123
 21
435.658
  0
LINE
  8
0
 10
-37.0123
 20
435.658
 11
-57.235
 21
434.79
  0
LINE
  8
0
 10
-57.235
 20
434.79
 11
-57.2584
 21
434.789
  0
LINE
  8
0
 10
-57.2584
 20
434.789
 11
-77.4891
 21
433.841
  0
LINE
  8
0
 10
-77.4891
 20
433.841
 11
-77.5125
 21
433.84
  0
LINE
  8
0
 10
-77.5125
 20
433.84
 11
-97.7393
 21
432.814
  0
LINE
  8
0
 10
-97.7393
 20
432.814
 11
-97.7627
 21
432.812
  0
LINE
  8
0
 10
-97.7627
 20
432.812
 11
-117.989
 21
431.707
  0
LINE
  8
0
 10
-117.989
 20
431.707
 11
-118.013
 21
431.706
  0
LINE
  8
0
 10
-118.013
 20
431.706
 11
-138.236
 21
430.521
  0
LINE
  8
0
 10
-138.236
 20
430.521
 11
-138.26
 21
430.52
  0
LINE
  8
0
 10
-138.26
 20
430.52
 11
-158.49
 21
429.256
  0
LINE
  8
0
 10
-158.49
 20
429.256
 11
-158.514
 21
429.254
  0
LINE
  8
0
 10
-158.514
 20
429.254
 11
-178.737
 21
427.912
  0
LINE
  8
0
 10
-178.737
 20
427.912
 11
-178.76
 21
427.91
  0
LINE
  8
0
 10
-178.76
 20
427.91
 11
-198.991
 21
426.488
  0
LINE
  8
0
 10
-198.991
 20
426.488
 11
-199.014
 21
426.486
  0
LINE
  8
0
 10
-199.014
 20
426.486
 11
-219.238
 21
424.985
  0
LINE
  8
0
 10
-219.238
 20
424.985
 11
-219.261
 21
424.983
  0
LINE
  8
0
 10
-219.261
 20
424.983
 11
-239.488
 21
423.403
  0
LINE
  8
0
 10
-239.488
 20
423.403
 11
-239.511
 21
423.401
  0
LINE
  8
0
 10
-239.511
 20
423.401
 11
-259.739
 21
421.742
  0
LINE
  8
0
 10
-259.739
 20
421.742
 11
-259.762
 21
421.74
  0
LINE
  8
0
 10
-259.762
 20
421.74
 11
-274.514
 21
420.472
  0
LINE
  8
0
 10
-274.514
 20
420.472
 11
-275.033
 21
420.404
  0
LINE
  8
0
 10
-275.033
 20
420.404
 11
-275.544
 21
420.292
  0
LINE
  8
0
 10
-275.544
 20
420.292
 11
-276.044
 21
420.135
  0
LINE
  8
0
 10
-276.044
 20
420.135
 11
-276.527
 21
419.935
  0
LINE
  8
0
 10
-276.527
 20
419.935
 11
-276.992
 21
419.694
  0
LINE
  8
0
 10
-276.992
 20
419.694
 11
-277.434
 21
419.414
  0
LINE
  8
0
 10
-277.434
 20
419.414
 11
-277.85
 21
419.096
  0
LINE
  8
0
 10
-277.85
 20
419.096
 11
-278.236
 21
418.743
  0
LINE
  8
0
 10
-278.236
 20
418.743
 11
-278.59
 21
418.357
  0
LINE
  8
0
 10
-278.59
 20
418.357
 11
-278.91
 21
417.943
  0
LINE
  8
0
 10
-278.91
 20
417.943
 11
-279.192
 21
417.502
  0
LINE
  8
0
 10
-279.192
 20
417.502
 11
-279.434
 21
417.038
  0
LINE
  8
0
 10
-279.434
 20
417.038
 11
-279.635
 21
416.554
  0
LINE
  8
0
 10
-279.635
 20
416.554
 11
-279.793
 21
416.055
  0
LINE
  8
0
 10
-279.793
 20
416.055
 11
-279.907
 21
415.545
  0
LINE
  8
0
 10
-279.907
 20
415.545
 11
-279.976
 21
415.026
  0
LINE
  8
0
 10
-279.976
 20
415.026
 11
-280
 21
414.494
  0
LINE
  8
0
 10
-280
 20
414.494
 11
-280
 21
6
  0
LINE
  8
0
 10
-280
 20
6
 11
-279.977
 21
5.47707
  0
LINE
  8
0
 10
-279.977
 20
5.47707
 11
-279.909
 21
4.95811
  0
LINE
  8
0
 10
-279.909
 20
4.95811
 11
-279.796
 21
4.44708
  0
LINE
  8
0
 10
-279.796
 20
4.44708
 11
-279.638
 21
3.94788
  0
LINE
  8
0
 10
-279.638
 20
3.94788
 11
-279.438
 21
3.46429
  0
LINE
  8
0
 10
-279.438
 20
3.46429
 11
-279.196
 21
3
  0
LINE
  8
0
 10
-279.196
 20
3
 11
-278.915
 21
2.55855
  0
LINE
  8
0
 10
-278.915
 20
2.55855
 11
-278.596
 21
2.14328
  0
LINE
  8
0
 10
-278.596
 20
2.14328
 11
-278.243
 21
1.75735
  0
LINE
  8
0
 10
-278.243
 20
1.75735
 11
-277.857
 21
1.40373
  0
LINE
  8
0
 10
-277.857
 20
1.40373
 11
-277.441
 21
1.08508
  0
LINE
  8
0
 10
-277.441
 20
1.08508
 11
-277
 21
0.803848
  0
LINE
  8
0
 10
-277
 20
0.803848
 11
-276.536
 21
0.562149
  0
LINE
  8
0
 10
-276.536
 20
0.562149
 11
-276.052
 21
0.361847
  0
LINE
  8
0
 10
-276.052
 20
0.361847
 11
-275.553
 21
0.204453
  0
LINE
  8
0
 10
-275.553
 20
0.204453
 11
-275.042
 21
0.091156
  0
LINE
  8
0
 10
-275.042
 20
0.091156
 11
-274.523
 21
0.0228271
  0
LINE
  8
0
 10
-274.523
 20
0.0228271
 11
-274
 21
0
  0
LINE
  8
0
 10
-274
 20
0
 11
524
 21
0
  0
LINE
  8
0
 10
524
 20
0
 11
524.523
 21
0.0228271
  0
LINE
  8
0
 10
-139
 20
214
 11
-139
 21
405
  0
LINE
  8
0
 10
-139
 20
405
 11
139
 21
405
  0
LINE
  8
0
 10
139
 20
405
 11
139
 21
214
  0
LINE
  8
0
 10
139
 20
214
 11
-139
 21
214
  0
LINE
  8
0
 10
211
 20
214
 11
211
 21
405
  0
LINE
  8
0
 10
211
 20
405
 11
489
 21
405
  0
LINE
  8
0
 10
489
 20
405
 11
489
 21
214
  0
LINE
  8
0
 10
489
 20
214
 11
211
 21
214
  0
LINE
  8
0
 10
174.852
 20
400.306
 11
174.705
 21
400.326
  0
LINE
  8
0
 10
174.705
 20
400.326
 11
174.56
 21
400.358
  0
LINE
  8
0
 10
174.56
 20
400.358
 11
174.419
 21
400.403
  0
LINE
  8
0
 10
174.419
 20
400.403
 11
174.282
 21
400.459
  0
LINE
  8
0
 10
174.282
 20
400.459
 11
174.15
 21
400.528
  0
LINE
  8
0
 10
174.15
 20
400.528
 11
174.025
 21
400.607
  0
LINE
  8
0
 10
174.025
 20
400.607
 11
173.907
 21
400.698
  0
LINE
  8
0
 10
173.907
 20
400.698
 11
173.798
 21
400.798
  0
LINE
  8
0
 10
173.798
 20
400.798
 11
173.698
 21
400.907
  0
LINE
  8
0
 10
173.698
 20
400.907
 11
173.607
 21
401.025
  0
LINE
  8
0
 10
173.607
 20
401.025
 11
173.528
 21
401.15
  0
LINE
  8
0
 10
173.528
 20
401.15
 11
173.459
 21
401.282
  0
LINE
  8
0
 10
173.459
 20
401.282
 11
173.403
 21
401.419
  0
LINE
  8
0
 10
173.403
 20
401.419
 11
173.358
 21
401.56
  0
LINE
  8
0
 10
173.358
 20
401.56
 11
173.326
 21
401.705
  0
LINE
  8
0
 10
173.326
 20
401.705
 11
173.306
 21
401.852
  0
LINE
  8
0
 10
173.306
 20
401.852
 11
173.3
 21
402
  0
LINE
  8
0
 10
173.3
 20
402
 11
173.306
 21
402.148
  0
LINE
  8
0
 10
173.306
 20
402.148
 11
173.326
 21
402.295
  0
LINE
  8
0
 10
173.326
 20
402.295
 11
173.358
 21
402.44
  0
LINE
  8
0
 10
173.358
 20
402.44
 11
173.403
 21
402.581
  0
LINE
  8
0
 10
173.403
 20
402.581
 11
173.459
 21
402.718
  0
LINE
  8
0
 10
173.459
 20
402.718
 11
173.528
 21
402.85
  0
LINE
  8
0
 10
173.528
 20
402.85
 11
173.607
 21
402.975
  0
LINE
  8
0
 10
173.607
 20
402.975
 11
173.698
 21
403.093
  0
LINE
  8
0
 10
173.698
 20
403.093
 11
173.798
 21
403.202
  0
LINE
  8
0
 10
173.798
 20
403.202
 11
173.907
 21
403.302
  0
LINE
  8
0
 10
173.907
 20
403.302
 11
174.025
 21
403.393
  0
LINE
  8
0
 10
174.025
 20
403.393
 11
174.15
 21
403.472
  0
LINE
  8
0
 10
174.15
 20
403.472
 11
174.282
 21
403.541
  0
LINE
  8
0
 10
174.282
 20
403.541
 11
174.419
 21
403.597
  0
LINE
  8
0
 10
174.419
 20
403.597
 11
174.56
 21
403.642
  0
LINE
  8
0
 10
174.56
 20
403.642
 11
174.705
 21
403.674
  0
LINE
  8
0
 10
174.705
 20
403.674
 11
174.852
 21
403.694
  0
LINE
  8
0
 10
174.852
 20
403.694
 11
175
 21
403.7
  0
LINE
  8
0
 10
175
 20
403.7
 11
175.148
 21
403.694
  0
LINE
  8
0
 10
175.148
 20
403.694
 11
175.295
 21
403.674
  0
LINE
  8
0
 10
175.295
 20
403.674
 11
175.44
 21
403.642
  0
LINE
  8
0
 10
175.44
 20
403.642
 11
175.581
 21
403.597
  0
LINE
  8
0
 10
175.581
 20
403.597
 11
175.718
 21
403.541
  0
LINE
  8
0
 10
175.718
 20
403.541
 11
175.85
 21
403.472
  0
LINE
  8
0
 10
175.85
 20
403.472
 11
175.975
 21
403.393
  0
LINE
  8
0
 10
175.975
 20
403.393
 11
176.093
 21
403.302
  0
LINE
  8
0
 10
176.093
 20
403.302
 11
176.202
 21
403.202
  0
LINE
  8
0
 10
176.202
 20
403.202
 11
176.302
 21
403.093
  0
LINE
  8
0
 10
176.302
 20
403.093
 11
176.393
 21
402.975
  0
LINE
  8
0
 10
176.393
 20
402.975
 11
176.472
 21
402.85
  0
LINE
  8
0
 10
176.472
 20
402.85
 11
176.541
 21
402.718
  0
LINE
  8
0
 10
176.541
 20
402.718
 11
176.597
 21
402.581
  0
LINE
  8
0
 10
176.597
 20
402.581
 11
176.642
 21
402.44
  0
LINE
  8
0
 10
176.642
 20
402.44
 11
176.674
 21
402.295
  0
LINE
  8
0
 10
176.674
 20
402.295
 11
176.694
 21
402.148
  0
LINE
  8
0
 10
176.694
 20
402.148
 11
176.7
 21
402
  0
LINE
  8
0
 10
176.7
 20
402
 11
176.694
 21
401.852
  0
LINE
  8
0
 10
176.694
 20
401.852
 11
176.674
 21
401.705
  0
LINE
  8
0
 10
176.674
 20
401.705
 11
176.642
 21
401.56
  0
LINE
  8
0
 10
176.642
 20
401.56
 11
176.597
 21
401.419
  0
LINE
  8
0
 10
176.597
 20
401.419
 11
176.541
 21
401.282
  0
LINE
  8
0
 10
176.541
 20
401.282
 11
176.472
 21
401.15
  0
LINE
  8
0
 10
176.472
 20
401.15
 11
176.393
 21
401.025
  0
LINE
  8
0
 10
176.393
 20
401.025
 11
176.302
 21
400.907
  0
LINE
  8
0
 10
176.302
 20
400.907
 11
176.202
 21
400.798
  0
LINE
  8
0
 10
176.202
 20
400.798
 11
176.093
 21
400.698
  0
LINE
  8
0
 10
176.093
 20
400.698
 11
175.975
 21
400.607
  0
LINE
  8
0
 10
175.975
 20
400.607
 11
175.85
 21
400.528
  0
LINE
  8
0
 10
175.85
 20
400.528
 11
175.718
 21
400.459
  0
LINE
  8
0
 10
175.718
 20
400.459
 11
175.581
 21
400.403
  0
LINE
  8
0
 10
175.581
 20
400.403
 11
175.44
 21
400.358
  0
LINE
  8
0
 10
175.44
 20
400.358
 11
175.295
 21
400.326
  0
LINE
  8
0
 10
175.295
 20
400.326
 11
175.148
 21
400.306
  0
LINE
  8
0
 10
175.148
 20
400.306
 11
175
 21
400.3
  0
LINE
  8
0
 10
175
 20
400.3
 11
174.852
 21
400.306
  0
LINE
  8
0
 10
160
 20
218
 11
160
 21
398
  0
LINE
  8
0
 10
160
 20
398
 11
190
 21
398
  0
LINE
  8
0
 10
190
 20
398
 11
190
 21
218
  0
LINE
  8
0
 10
190
 20
218
 11
160
 21
218
  0
LINE
  8
0
 10
-144.148
 20
394.306
 11
-144.295
 21
394.326
  0
LINE
  8
0
 10
-144.295
 20
394.326
 11
-144.44
 21
394.358
  0
LINE
  8
0
 10
-144.44
 20
394.358
 11
-144.581
 21
394.403
  0
LINE
  8
0
 10
-144.581
 20
394.403
 11
-144.718
 21
394.459
  0
LINE
  8
0
 10
-144.718
 20
394.459
 11
-144.85
 21
394.528
  0
LINE
  8
0
 10
-144.85
 20
394.528
 11
-144.975
 21
394.607
  0
LINE
  8
0
 10
-144.975
 20
394.607
 11
-145.093
 21
394.698
  0
LINE
  8
0
 10
-145.093
 20
394.698
 11
-145.202
 21
394.798
  0
LINE
  8
0
 10
-145.202
 20
394.798
 11
-145.302
 21
394.907
  0
LINE
  8
0
 10
-145.302
 20
394.907
 11
-145.393
 21
395.025
  0
LINE
  8
0
 10
-145.393
 20
395.025
 11
-145.472
 21
395.15
  0
LINE
  8
0
 10
-145.472
 20
395.15
 11
-145.541
 21
395.282
  0
LINE
  8
0
 10
-145.541
 20
395.282
 11
-145.597
 21
395.419
  0
LINE
  8
0
 10
-145.597
 20
395.419
 11
-145.642
 21
395.56
  0
LINE
  8
0
 10
-145.642
 20
395.56
 11
-145.674
 21
395.705
  0
LINE
  8
0
 10
-145.674
 20
395.705
 11
-145.694
 21
395.852
  0
LINE
  8
0
 10
-145.694
 20
395.852
 11
-145.7
 21
396
  0
LINE
  8
0
 10
-145.7
 20
396
 11
-145.694
 21
396.148
  0
LINE
  8
0
 10
-145.694
 20
396.148
 11
-145.674
 21
396.295
  0
LINE
  8
0
 10
-145.674
 20
396.295
 11
-145.642
 21
396.44
  0
LINE
  8
0
 10
-145.642
 20
396.44
 11
-145.597
 21
396.581
  0
LINE
  8
0
 10
-145.597
 20
396.581
 11
-145.541
 21
396.718
  0
LINE
  8
0
 10
-145.541
 20
396.718
 11
-145.472
 21
396.85
  0
LINE
  8
0
 10
-145.472
 20
396.85
 11
-145.393
 21
396.975
  0
LINE
  8
0
 10
-145.393
 20
396.975
 11
-145.302
 21
397.093
  0
LINE
  8
0
 10
-145.302
 20
397.093
 11
-145.202
 21
397.202
  0
LINE
  8
0
 10
-145.202
 20
397.202
 11
-145.093
 21
397.302
  0
LINE
  8
0
 10
-145.093
 20
397.302
 11
-144.975
 21
397.393
  0
LINE
  8
0
 10
-144.975
 20
397.393
 11
-144.85
 21
397.472
  0
LINE
  8
0
 10
-144.85
 20
397.472
 11
-144.718
 21
397.541
  0
LINE
  8
0
 10
-144.718
 20
397.541
 11
-144.581
 21
397.597
  0
LINE
  8
0
 10
-144.581
 20
397.597
 11
-144.44
 21
397.642
  0
LINE
  8
0
 10
-144.44
 20
397.642
 11
-144.295
 21
397.674
  0
LINE
  8
0
 10
-144.295
 20
397.674
 11
-144.148
 21
397.694
  0
LINE
  8
0
 10
-144.148
 20
397.694
 11
-144
 21
397.7
  0
LINE
  8
0
 10
-144
 20
397.7
 11
-143.852
 21
397.694
  0
LINE
  8
0
 10
-143.852
 20
397.694
 11
-143.705
 21
397.674
  0
LINE
  8
0
 10
-143.705
 20
397.674
 11
-143.56
 21
397.642
  0
LINE
  8
0
 10
-143.56
 20
397.642
 11
-143.419
 21
397.597
  0
LINE
  8
0
 10
-143.419
 20
397.597
 11
-143.282
 21
397.541
  0
LINE
  8
0
 10
-143.282
 20
397.541
 11
-143.15
 21
397.472
  0
LINE
  8
0
 10
-143.15
 20
397.472
 11
-143.025
 21
397.393
  0
LINE
  8
0
 10
-143.025
 20
397.393
 11
-142.907
 21
397.302
  0
LINE
  8
0
 10
-142.907
 20
397.302
 11
-142.798
 21
397.202
  0
LINE
  8
0
 10
-142.798
 20
397.202
 11
-142.698
 21
397.093
  0
LINE
  8
0
 10
-142.698
 20
397.093
 11
-142.607
 21
396.975
  0
LINE
  8
0
 10
-142.607
 20
396.975
 11
-142.528
 21
396.85
  0
LINE
  8
0
 10
-142.528
 20
396.85
 11
-142.459
 21
396.718
  0
LINE
  8
0
 10
-142.459
 20
396.718
 11
-142.403
 21
396.581
  0
LINE
  8
0
 10
-142.403
 20
396.581
 11
-142.358
 21
396.44
  0
LINE
  8
0
 10
-142.358
 20
396.44
 11
-142.326
 21
396.295
  0
LINE
  8
0
 10
-142.326
 20
396.295
 11
-142.306
 21
396.148
  0
LINE
  8
0
 10
-142.306
 20
396.148
 11
-142.3
 21
396
  0
LINE
  8
0
 10
-142.3
 20
396
 11
-142.306
 21
395.852
  0
LINE
  8
0
 10
-142.306
 20
395.852
 11
-142.326
 21
395.705
  0
LINE
  8
0
 10
-142.326
 20
395.705
 11
-142.358
 21
395.56
  0
LINE
  8
0
 10
-142.358
 20
395.56
 11
-142.403
 21
395.419
  0
LINE
  8
0
 10
-142.403
 20
395.419
 11
-142.459
 21
395.282
  0
LINE
  8
0
 10
-142.459
 20
395.282
 11
-142.528
 21
395.15
  0
LINE
  8
0
 10
-142.528
 20
395.15
 11
-142.607
 21
395.025
  0
LINE
  8
0
 10
-142.607
 20
395.025
 11
-142.698
 21
394.907
  0
LINE
  8
0
 10
-142.698
 20
394.907
 11
-142.798
 21
394.798
  0
LINE
  8
0
 10
-142.798
 20
394.798
 11
-142.907
 21
394.698
  0
LINE
  8
0
 10
-142.907
 20
394.698
 11
-143.025
 21
394.607
  0
LINE
  8
0
 10
-143.025
 20
394.607
 11
-143.15
 21
394.528
  0
LINE
  8
0
 10
-143.15
 20
394.528
 11
-143.282
 21
394.459
  0
LINE
  8
0
 10
-143.282
 20
394.459
 11
-143.419
 21
394.403
  0
LINE
  8
0
 10
-143.419
 20
394.403
 11
-143.56
 21
394.358
  0
LINE
  8
0
 10
-143.56
 20
394.358
 11
-143.705
 21
394.326
  0
LINE
  8
0
 10
-143.705
 20
394.326
 11
-143.852
 21
394.306
  0
LINE
  8
0
 10
-143.852
 20
394.306
 11
-144
 21
394.3
  0
LINE
  8
0
 10
-144
 20
394.3
 11
-144.148
 21
394.306
  0
LINE
  8
0
 10
143.852
 20
394.306
 11
143.705
 21
394.326
  0
LINE
  8
0
 10
143.705
 20
394.326
 11
143.56
 21
394.358
  0
LINE
  8
0
 10
143.56
 20
394.358
 11
143.419
 21
394.403
  0
LINE
  8
0
 10
143.419
 20
394.403
 11
143.282
 21
394.459
  0
LINE
  8
0
 10
143.282
 20
394.459
 11
143.15
 21
394.528
  0
LINE
  8
0
 10
143.15
 20
394.528
 11
143.025
 21
394.607
  0
LINE
  8
0
 10
143.025
 20
394.607
 11
142.907
 21
394.698
  0
LINE
  8
0
 10
142.907
 20
394.698
 11
142.798
 21
394.798
  0
LINE
  8
0
 10
142.798
 20
394.798
 11
142.698
 21
394.907
  0
LINE
  8
0
 10
142.698
 20
394.907
 11
142.607
 21
395.025
  0
LINE
  8
0
 10
142.607
 20
395.025
 11
142.528
 21
395.15
  0
LINE
  8
0
 10
142.528
 20
395.15
 11
142.459
 21
395.282
  0
LINE
  8
0
 10
142.459
 20
395.282
 11
142.403
 21
395.419
  0
LINE
  8
0
 10
142.403
 20
395.419
 11
142.358
 21
395.56
  0
LINE
  8
0
 10
142.358
 20
395.56
 11
142.326
 21
395.705
  0
LINE
  8
0
 10
142.326
 20
395.705
 11
142.306
 21
395.852
  0
LINE
  8
0
 10
142.306
 20
395.852
 11
142.3
 21
396
  0
LINE
  8
0
 10
142.3
 20
396
 11
142.306
 21
396.148
  0
LINE
  8
0
 10
142.306
 20
396.148
 11
142.326
 21
396.295
  0
LINE
  8
0
 10
142.326
 20
396.295
 11
142.358
 21
396.44
  0
LINE
  8
0
 10
142.358
 20
396.44
 11
142.403
 21
396.581
  0
LINE
  8
0
 10
142.403
 20
396.581
 11
142.459
 21
396.718
  0
LINE
  8
0
 10
142.459
 20
396.718
 11
142.528
 21
396.85
  0
LINE
  8
0
 10
142.528
 20
396.85
 11
142.607
 21
396.975
  0
LINE
  8
0
 10
142.607
 20
396.975
 11
142.698
 21
397.093
  0
LINE
  8
0
 10
142.698
 20
397.093
 11
142.798
 21
397.202
  0
LINE
  8
0
 10
142.798
 20
397.202
 11
142.907
 21
397.302
  0
LINE
  8
0
 10
142.907
 20
397.302
 11
143.025
 21
397.393
  0
LINE
  8
0
 10
143.025
 20
397.393
 11
143.15
 21
397.472
  0
LINE
  8
0
 10
143.15
 20
397.472
 11
143.282
 21
397.541
  0
LINE
  8
0
 10
143.282
 20
397.541
 11
143.419
 21
397.597
  0
LINE
  8
0
 10
143.419
 20
397.597
 11
143.56
 21
397.642
  0
LINE
  8
0
 10
143.56
 20
397.642
 11
143.705
 21
397.674
  0
LINE
  8
0
 10
143.705
 20
397.674
 11
143.852
 21
397.694
  0
LINE
  8
0
 10
143.852
 20
397.694
 11
144
 21
397.7
  0
LINE
  8
0
 10
144
 20
397.7
 11
144.148
 21
397.694
  0
LINE
  8
0
 10
144.148
 20
397.694
 11
144.295
 21
397.674
  0
LINE
  8
0
 10
144.295
 20
397.674
 11
144.44
 21
397.642
  0
LINE
  8
0
 10
144.44
 20
397.642
 11
144.581
 21
397.597
  0
LINE
  8
0
 10
144.581
 20
397.597
 11
144.718
 21
397.541
  0
LINE
  8
0
 10
144.718
 20
397.541
 11
144.85
 21
397.472
  0
LINE
  8
0
 10
144.85
 20
397.472
 11
144.975
 21
397.393
  0
LINE
  8
0
 10
144.975
 20
397.393
 11
145.093
 21
397.302
  0
LINE
  8
0
 10
145.093
 20
397.302
 11
145.202
 21
397.202
  0
LINE
  8
0
 10
145.202
 20
397.202
 11
145.302
 21
397.093
  0
LINE
  8
0
 10
145.302
 20
397.093
 11
145.393
 21
396.975
  0
LINE
  8
0
 10
145.393
 20
396.975
 11
145.472
 21
396.85
  0
LINE
  8
0
 10
145.472
 20
396.85
 11
145.541
 21
396.718
  0
LINE
  8
0
 10
145.541
 20
396.718
 11
145.597
 21
396.581
  0
LINE
  8
0
 10
145.597
 20
396.581
 11
145.642
 21
396.44
  0
LINE
  8
0
 10
145.642
 20
396.44
 11
145.674
 21
396.295
  0
LINE
  8
0
 10
145.674
 20
396.295
 11
145.694
 21
396.148
  0
LINE
  8
0
 10
145.694
 20
396.148
 11
145.7
 21
396
  0
LINE
  8
0
 10
145.7
 20
396
 11
145.694
 21
395.852
  0
LINE
  8
0
 10
145.694
 20
395.852
 11
145.674
 21
395.705
  0
LINE
  8
0
 10
145.674
 20
395.705
 11
145.642
 21
395.56
  0
LINE
  8
0
 10
145.642
 20
395.56
 11
145.597
 21
395.419
  0
LINE
  8
0
 10
145.597
 20
395.419
 11
145.541
 21
395.282
  0
LINE
  8
0
 10
145.541
 20
395.282
 11
145.472
 21
395.15
  0
LINE
  8
0
 10
145.472
 20
395.15
 11
145.393
 21
395.025
  0
LINE
  8
0
 10
145.393
 20
395.025
 11
145.302
 21
394.907
  0
LINE
  8
0
 10
145.302
 20
394.907
 11
145.202
 21
394.798
  0
LINE
  8
0
 10
145.202
 20
394.798
 11
145.093
 21
394.698
  0
LINE
  8
0
 10
145.093
 20
394.698
 11
144.975
 21
394.607
  0
LINE
  8
0
 10
144.975
 20
394.607
 11
144.85
 21
394.528
  0
LINE
  8
0
 10
144.85
 20
394.528
 11
144.718
 21
394.459
  0
LINE
  8
0
 10
144.718
 20
394.459
 11
144.581
 21
394.403
  0
LINE
  8
0
 10
144.581
 20
394.403
 11
144.44
 21
394.358
  0
LINE
  8
0
 10
144.44
 20
394.358
 11
144.295
 21
394.326
  0
LINE
  8
0
 10
144.295
 20
394.326
 11
144.148
 21
394.306
  0
LINE
  8
0
 10
144.148
 20
394.306
 11
144
 21
394.3
  0
LINE
  8
0
 10
144
 20
394.3
 11
143.852
 21
394.306
  0
LINE
  8
0
 10
205.852
 20
394.306
 11
205.705
 21
394.326
  0
LINE
  8
0
 10
205.705
 20
394.326
 11
205.56
 21
394.358
  0
LINE
  8
0
 10
205.56
 20
394.358
 11
205.419
 21
394.403
  0
LINE
  8
0
 10
205.419
 20
394.403
 11
205.282
 21
394.459
  0
LINE
  8
0
 10
205.282
 20
394.459
 11
205.15
 21
394.528
  0
LINE
  8
0
 10
205.15
 20
394.528
 11
205.025
 21
394.607
  0
LINE
  8
0
 10
205.025
 20
394.607
 11
204.907
 21
394.698
  0
LINE
  8
0
 10
204.907
 20
394.698
 11
204.798
 21
394.798
  0
LINE
  8
0
 10
204.798
 20
394.798
 11
204.698
 21
394.907
  0
LINE
  8
0
 10
204.698
 20
394.907
 11
204.607
 21
395.025
  0
LINE
  8
0
 10
204.607
 20
395.025
 11
204.528
 21
395.15
  0
LINE
  8
0
 10
204.528
 20
395.15
 11
204.459
 21
395.282
  0
LINE
  8
0
 10
204.459
 20
395.282
 11
204.403
 21
395.419
  0
LINE
  8
0
 10
204.403
 20
395.419
 11
204.358
 21
395.56
  0
LINE
  8
0
 10
204.358
 20
395.56
 11
204.326
 21
395.705
  0
LINE
  8
0
 10
204.326
 20
395.705
 11
204.306
 21
395.852
  0
LINE
  8
0
 10
204.306
 20
395.852
 11
204.3
 21
396
  0
LINE
  8
0
 10
204.3
 20
396
 11
204.306
 21
396.148
  0
LINE
  8
0
 10
204.306
 20
396.148
 11
204.326
 21
396.295
  0
LINE
  8
0
 10
204.326
 20
396.295
 11
204.358
 21
396.44
  0
LINE
  8
0
 10
204.358
 20
396.44
 11
204.403
 21
396.581
  0
LINE
  8
0
 10
204.403
 20
396.581
 11
204.459
 21
396.718
  0
LINE
  8
0
 10
204.459
 20
396.718
 11
204.528
 21
396.85
  0
LINE
  8
0
 10
204.528
 20
396.85
 11
204.607
 21
396.975
  0
LINE
  8
0
 10
204.607
 20
396.975
 11
204.698
 21
397.093
  0
LINE
  8
0
 10
204.698
 20
397.093
 11
204.798
 21
397.202
  0
LINE
  8
0
 10
204.798
 20
397.202
 11
204.907
 21
397.302
  0
LINE
  8
0
 10
204.907
 20
397.302
 11
205.025
 21
397.393
  0
LINE
  8
0
 10
205.025
 20
397.393
 11
205.15
 21
397.472
  0
LINE
  8
0
 10
205.15
 20
397.472
 11
205.282
 21
397.541
  0
LINE
  8
0
 10
205.282
 20
397.541
 11
205.419
 21
397.597
  0
LINE
  8
0
 10
205.419
 20
397.597
 11
205.56
 21
397.642
  0
LINE
  8
0
 10
205.56
 20
397.642
 11
205.705
 21
397.674
  0
LINE
  8
0
 10
205.705
 20
397.674
 11
205.852
 21
397.694
  0
LINE
  8
0
 10
205.852
 20
397.694
 11
206
 21
397.7
  0
LINE
  8
0
 10
206
 20
397.7
 11
206.148
 21
397.694
  0
LINE
  8
0
 10
206.148
 20
397.694
 11
206.295
 21
397.674
  0
LINE
  8
0
 10
206.295
 20
397.674
 11
206.44
 21
397.642
  0
LINE
  8
0
 10
206.44
 20
397.642
 11
206.581
 21
397.597
  0
LINE
  8
0
 10
206.581
 20
397.597
 11
206.718
 21
397.541
  0
LINE
  8
0
 10
206.718
 20
397.541
 11
206.85
 21
397.472
  0
LINE
  8
0
 10
206.85
 20
397.472
 11
206.975
 21
397.393
  0
LINE
  8
0
 10
206.975
 20
397.393
 11
207.093
 21
397.302
  0
LINE
  8
0
 10
207.093
 20
397.302
 11
207.202
 21
397.202
  0
LINE
  8
0
 10
207.202
 20
397.202
 11
207.302
 21
397.093
  0
LINE
  8
0
 10
207.302
 20
397.093
 11
207.393
 21
396.975
  0
LINE
  8
0
 10
207.393
 20
396.975
 11
207.472
 21
396.85
  0
LINE
  8
0
 10
207.472
 20
396.85
 11
207.541
 21
396.718
  0
LINE
  8
0
 10
207.541
 20
396.718
 11
207.597
 21
396.581
  0
LINE
  8
0
 10
207.597
 20
396.581
 11
207.642
 21
396.44
  0
LINE
  8
0
 10
207.642
 20
396.44
 11
207.674
 21
396.295
  0
LINE
  8
0
 10
207.674
 20
396.295
 11
207.694
 21
396.148
  0
LINE
  8
0
 10
207.694
 20
396.148
 11
207.7
 21
396
  0
LINE
  8
0
 10
207.7
 20
396
 11
207.694
 21
395.852
  0
LINE
  8
0
 10
207.694
 20
395.852
 11
207.674
 21
395.705
  0
LINE
  8
0
 10
207.674
 20
395.705
 11
207.642
 21
395.56
  0
LINE
  8
0
 10
207.642
 20
395.56
 11
207.597
 21
395.419
  0
LINE
  8
0
 10
207.597
 20
395.419
 11
207.541
 21
395.282
  0
LINE
  8
0
 10
207.541
 20
395.282
 11
207.472
 21
395.15
  0
LINE
  8
0
 10
207.472
 20
395.15
 11
207.393
 21
395.025
  0
LINE
  8
0
 10
207.393
 20
395.025
 11
207.302
 21
394.907
  0
LINE
  8
0
 10
207.302
 20
394.907
 11
207.202
 21
394.798
  0
LINE
  8
0
 10
207.202
 20
394.798
 11
207.093
 21
394.698
  0
LINE
  8
0
 10
207.093
 20
394.698
 11
206.975
 21
394.607
  0
LINE
  8
0
 10
206.975
 20
394.607
 11
206.85
 21
394.528
  0
LINE
  8
0
 10
206.85
 20
394.528
 11
206.718
 21
394.459
  0
LINE
  8
0
 10
206.718
 20
394.459
 11
206.581
 21
394.403
  0
LINE
  8
0
 10
206.581
 20
394.403
 11
206.44
 21
394.358
  0
LINE
  8
0
 10
206.44
 20
394.358
 11
206.295
 21
394.326
  0
LINE
  8
0
 10
206.295
 20
394.326
 11
206.148
 21
394.306
  0
LINE
  8
0
 10
206.148
 20
394.306
 11
206
 21
394.3
  0
LINE
  8
0
 10
206
 20
394.3
 11
205.852
 21
394.306
  0
LINE
  8
0
 10
493.852
 20
394.306
 11
493.705
 21
394.326
  0
LINE
  8
0
 10
493.705
 20
394.326
 11
493.56
 21
394.358
  0
LINE
  8
0
 10
493.56
 20
394.358
 11
493.419
 21
394.403
  0
LINE
  8
0
 10
493.419
 20
394.403
 11
493.282
 21
394.459
  0
LINE
  8
0
 10
493.282
 20
394.459
 11
493.15
 21
394.528
  0
LINE
  8
0
 10
493.15
 20
394.528
 11
493.025
 21
394.607
  0
LINE
  8
0
 10
493.025
 20
394.607
 11
492.907
 21
394.698
  0
LINE
  8
0
 10
492.907
 20
394.698
 11
492.798
 21
394.798
  0
LINE
  8
0
 10
492.798
 20
394.798
 11
492.698
 21
394.907
  0
LINE
  8
0
 10
492.698
 20
394.907
 11
492.607
 21
395.025
  0
LINE
  8
0
 10
492.607
 20
395.025
 11
492.528
 21
395.15
  0
LINE
  8
0
 10
492.528
 20
395.15
 11
492.459
 21
395.282
  0
LINE
  8
0
 10
492.459
 20
395.282
 11
492.403
 21
395.419
  0
LINE
  8
0
 10
492.403
 20
395.419
 11
492.358
 21
395.56
  0
LINE
  8
0
 10
492.358
 20
395.56
 11
492.326
 21
395.705
  0
LINE
  8
0
 10
492.326
 20
395.705
 11
492.306
 21
395.852
  0
LINE
  8
0
 10
492.306
 20
395.852
 11
492.3
 21
396
  0
LINE
  8
0
 10
492.3
 20
396
 11
492.306
 21
396.148
  0
LINE
  8
0
 10
492.306
 20
396.148
 11
492.326
 21
396.295
  0
LINE
  8
0
 10
492.326
 20
396.295
 11
492.358
 21
396.44
  0
LINE
  8
0
 10
492.358
 20
396.44
 11
492.403
 21
396.581
  0
LINE
  8
0
 10
492.403
 20
396.581
 11
492.459
 21
396.718
  0
LINE
  8
0
 10
492.459
 20
396.718
 11
492.528
 21
396.85
  0
LINE
  8
0
 10
492.528
 20
396.85
 11
492.607
 21
396.975
  0
LINE
  8
0
 10
492.607
 20
396.975
 11
492.698
 21
397.093
  0
LINE
  8
0
 10
492.698
 20
397.093
 11
492.798
 21
397.202
  0
LINE
  8
0
 10
492.798
 20
397.202
 11
492.907
 21
397.302
  0
LINE
  8
0
 10
492.907
 20
397.302
 11
493.025
 21
397.393
  0
LINE
  8
0
 10
493.025
 20
397.393
 11
493.15
 21
397.472
  0
LINE
  8
0
 10
493.15
 20
397.472
 11
493.282
 21
397.541
  0
LINE
  8
0
 10
493.282
 20
397.541
 11
493.419
 21
397.597
  0
LINE
  8
0
 10
493.419
 20
397.597
 11
493.56
 21
397.642
  0
LINE
  8
0
 10
493.56
 20
397.642
 11
493.705
 21
397.674
  0
LINE
  8
0
 10
493.705
 20
397.674
 11
493.852
 21
397.694
  0
LINE
  8
0
 10
493.852
 20
397.694
 11
494
 21
397.7
  0
LINE
  8
0
 10
494
 20
397.7
 11
494.148
 21
397.694
  0
LINE
  8
0
 10
494.148
 20
397.694
 11
494.295
 21
397.674
  0
LINE
  8
0
 10
494.295
 20
397.674
 11
494.44
 21
397.642
  0
LINE
  8
0
 10
494.44
 20
397.642
 11
494.581
 21
397.597
  0
LINE
  8
0
 10
494.581
 20
397.597
 11
494.718
 21
397.541
  0
LINE
  8
0
 10
494.718
 20
397.541
 11
494.85
 21
397.472
  0
LINE
  8
0
 10
494.85
 20
397.472
 11
494.975
 21
397.393
  0
LINE
  8
0
 10
494.975
 20
397.393
 11
495.093
 21
397.302
  0
LINE
  8
0
 10
495.093
 20
397.302
 11
495.202
 21
397.202
  0
LINE
  8
0
 10
495.202
 20
397.202
 11
495.302
 21
397.093
  0
LINE
  8
0
 10
495.302
 20
397.093
 11
495.393
 21
396.975
  0
LINE
  8
0
 10
495.393
 20
396.975
 11
495.472
 21
396.85
  0
LINE
  8
0
 10
495.472
 20
396.85
 11
495.541
 21
396.718
  0
LINE
  8
0
 10
495.541
 20
396.718
 11
495.597
 21
396.581
  0
LINE
  8
0
 10
495.597
 20
396.581
 11
495.642
 21
396.44
  0
LINE
  8
0
 10
495.642
 20
396.44
 11
495.674
 21
396.295
  0
LINE
  8
0
 10
495.674
 20
396.295
 11
495.694
 21
396.148
  0
LINE
  8
0
 10
495.694
 20
396.148
 11
495.7
 21
396
  0
LINE
  8
0
 10
495.7
 20
396
 11
495.694
 21
395.852
  0
LINE
  8
0
 10
495.694
 20
395.852
 11
495.674
 21
395.705
  0
LINE
  8
0
 10
495.674
 20
395.705
 11
495.642
 21
395.56
  0
LINE
  8
0
 10
495.642
 20
395.56
 11
495.597
 21
395.419
  0
LINE
  8
0
 10
495.597
 20
395.419
 11
495.541
 21
395.282
  0
LINE
  8
0
 10
495.541
 20
395.282
 11
495.472
 21
395.15
  0
LINE
  8
0
 10
495.472
 20
395.15
 11
495.393
 21
395.025
  0
LINE
  8
0
 10
495.393
 20
395.025
 11
495.302
 21
394.907
  0
LINE
  8
0
 10
495.302
 20
394.907
 11
495.202
 21
394.798
  0
LINE
  8
0
 10
495.202
 20
394.798
 11
495.093
 21
394.698
  0
LINE
  8
0
 10
495.093
 20
394.698
 11
494.975
 21
394.607
  0
LINE
  8
0
 10
494.975
 20
394.607
 11
494.85
 21
394.528
  0
LINE
  8
0
 10
494.85
 20
394.528
 11
494.718
 21
394.459
  0
LINE
  8
0
 10
494.718
 20
394.459
 11
494.581
 21
394.403
  0
LINE
  8
0
 10
494.581
 20
394.403
 11
494.44
 21
394.358
  0
LINE
  8
0
 10
494.44
 20
394.358
 11
494.295
 21
394.326
  0
LINE
  8
0
 10
494.295
 20
394.326
 11
494.148
 21
394.306
  0
LINE
  8
0
 10
494.148
 20
394.306
 11
494
 21
394.3
  0
LINE
  8
0
 10
494
 20
394.3
 11
493.852
 21
394.306
  0
LINE
  8
0
 10
-272.613
 20
393.205
 11
-272.726
 21
393.22
  0
LINE
  8
0
 10
-272.726
 20
393.22
 11
-272.836
 21
393.244
  0
LINE
  8
0
 10
-272.836
 20
393.244
 11
-272.945
 21
393.278
  0
LINE
  8
0
 10
-272.945
 20
393.278
 11
-273.049
 21
393.322
  0
LINE
  8
0
 10
-273.049
 20
393.322
 11
-273.15
 21
393.374
  0
LINE
  8
0
 10
-273.15
 20
393.374
 11
-273.246
 21
393.435
  0
LINE
  8
0
 10
-273.246
 20
393.435
 11
-273.336
 21
393.504
  0
LINE
  8
0
 10
-273.336
 20
393.504
 11
-273.419
 21
393.581
  0
LINE
  8
0
 10
-273.419
 20
393.581
 11
-273.496
 21
393.664
  0
LINE
  8
0
 10
-273.496
 20
393.664
 11
-273.565
 21
393.754
  0
LINE
  8
0
 10
-273.565
 20
393.754
 11
-273.626
 21
393.85
  0
LINE
  8
0
 10
-273.626
 20
393.85
 11
-273.678
 21
393.951
  0
LINE
  8
0
 10
-273.678
 20
393.951
 11
-273.722
 21
394.055
  0
LINE
  8
0
 10
-273.722
 20
394.055
 11
-273.756
 21
394.164
  0
LINE
  8
0
 10
-273.756
 20
394.164
 11
-273.78
 21
394.274
  0
LINE
  8
0
 10
-273.78
 20
394.274
 11
-273.795
 21
394.387
  0
LINE
  8
0
 10
-273.795
 20
394.387
 11
-273.8
 21
394.5
  0
LINE
  8
0
 10
-273.8
 20
394.5
 11
-273.795
 21
394.613
  0
LINE
  8
0
 10
-273.795
 20
394.613
 11
-273.78
 21
394.726
  0
LINE
  8
0
 10
-273.78
 20
394.726
 11
-273.756
 21
394.836
  0
LINE
  8
0
 10
-273.756
 20
394.836
 11
-273.722
 21
394.945
  0
LINE
  8
0
 10
-273.722
 20
394.945
 11
-273.678
 21
395.049
  0
LINE
  8
0
 10
-273.678
 20
395.049
 11
-273.626
 21
395.15
  0
LINE
  8
0
 10
-273.626
 20
395.15
 11
-273.565
 21
395.246
  0
LINE
  8
0
 10
-273.565
 20
395.246
 11
-273.496
 21
395.336
  0
LINE
  8
0
 10
-273.496
 20
395.336
 11
-273.419
 21
395.419
  0
LINE
  8
0
 10
-273.419
 20
395.419
 11
-273.336
 21
395.496
  0
LINE
  8
0
 10
-273.336
 20
395.496
 11
-273.246
 21
395.565
  0
LINE
  8
0
 10
-273.246
 20
395.565
 11
-273.15
 21
395.626
  0
LINE
  8
0
 10
-273.15
 20
395.626
 11
-273.049
 21
395.678
  0
LINE
  8
0
 10
-273.049
 20
395.678
 11
-272.945
 21
395.722
  0
LINE
  8
0
 10
-272.945
 20
395.722
 11
-272.836
 21
395.756
  0
LINE
  8
0
 10
-272.836
 20
395.756
 11
-272.726
 21
395.78
  0
LINE
  8
0
 10
-272.726
 20
395.78
 11
-272.613
 21
395.795
  0
LINE
  8
0
 10
-272.613
 20
395.795
 11
-272.5
 21
395.8
  0
LINE
  8
0
 10
-272.5
 20
395.8
 11
-272.387
 21
395.795
  0
LINE
  8
0
 10
-272.387
 20
395.795
 11
-272.274
 21
395.78
  0
LINE
  8
0
 10
-272.274
 20
395.78
 11
-272.164
 21
395.756
  0
LINE
  8
0
 10
-272.164
 20
395.756
 11
-272.055
 21
395.722
  0
LINE
  8
0
 10
-272.055
 20
395.722
 11
-271.951
 21
395.678
  0
LINE
  8
0
 10
-271.951
 20
395.678
 11
-271.85
 21
395.626
  0
LINE
  8
0
 10
-271.85
 20
395.626
 11
-271.754
 21
395.565
  0
LINE
  8
0
 10
-271.754
 20
395.565
 11
-271.664
 21
395.496
  0
LINE
  8
0
 10
-271.664
 20
395.496
 11
-271.581
 21
395.419
  0
LINE
  8
0
 10
-271.581
 20
395.419
 11
-271.504
 21
395.336
  0
LINE
  8
0
 10
-271.504
 20
395.336
 11
-271.435
 21
395.246
  0
LINE
  8
0
 10
-271.435
 20
395.246
 11
-271.374
 21
395.15
  0
LINE
  8
0
 10
-271.374
 20
395.15
 11
-271.322
 21
395.049
  0
LINE
  8
0
 10
-271.322
 20
395.049
 11
-271.278
 21
394.945
  0
LINE
  8
0
 10
-271.278
 20
394.945
 11
-271.244
 21
394.836
  0
LINE
  8
0
 10
-271.244
 20
394.836
 11
-271.22
 21
394.726
  0
LINE
  8
0
 10
-271.22
 20
394.726
 11
-271.205
 21
394.613
  0
LINE
  8
0
 10
-271.205
 20
394.613
 11
-271.2
 21
394.5
  0
LINE
  8
0
 10
-271.2
 20
394.5
 11
-271.205
 21
394.387
  0
LINE
  8
0
 10
-271.205
 20
394.387
 11
-271.22
 21
394.274
  0
LINE
  8
0
 10
-271.22
 20
394.274
 11
-271.244
 21
394.164
  0
LINE
  8
0
 10
-271.244
 20
394.164
 11
-271.278
 21
394.055
  0
LINE
  8
0
 10
-271.278
 20
394.055
 11
-271.322
 21
393.951
  0
LINE
  8
0
 10
-271.322
 20
393.951
 11
-271.374
 21
393.85
  0
LINE
  8
0
 10
-271.374
 20
393.85
 11
-271.435
 21
393.754
  0
LINE
  8
0
 10
-271.435
 20
393.754
 11
-271.504
 21
393.664
  0
LINE
  8
0
 10
-271.504
 20
393.664
 11
-271.581
 21
393.581
  0
LINE
  8
0
 10
-271.581
 20
393.581
 11
-271.664
 21
393.504
  0
LINE
  8
0
 10
-271.664
 20
393.504
 11
-271.754
 21
393.435
  0
LINE
  8
0
 10
-271.754
 20
393.435
 11
-271.85
 21
393.374
  0
LINE
  8
0
 10
-271.85
 20
393.374
 11
-271.951
 21
393.322
  0
LINE
  8
0
 10
-271.951
 20
393.322
 11
-272.055
 21
393.278
  0
LINE
  8
0
 10
-272.055
 20
393.278
 11
-272.164
 21
393.244
  0
LINE
  8
0
 10
-272.164
 20
393.244
 11
-272.274
 21
393.22
  0
LINE
  8
0
 10
-272.274
 20
393.22
 11
-272.387
 21
393.205
  0
LINE
  8
0
 10
-272.387
 20
393.205
 11
-272.5
 21
393.2
  0
LINE
  8
0
 10
-272.5
 20
393.2
 11
-272.613
 21
393.205
  0
LINE
  8
0
 10
-165.613
 20
393.205
 11
-165.726
 21
393.22
  0
LINE
  8
0
 10
-165.726
 20
393.22
 11
-165.836
 21
393.244
  0
LINE
  8
0
 10
-165.836
 20
393.244
 11
-165.945
 21
393.278
  0
LINE
  8
0
 10
-165.945
 20
393.278
 11
-166.049
 21
393.322
  0
LINE
  8
0
 10
-166.049
 20
393.322
 11
-166.15
 21
393.374
  0
LINE
  8
0
 10
-166.15
 20
393.374
 11
-166.246
 21
393.435
  0
LINE
  8
0
 10
-166.246
 20
393.435
 11
-166.336
 21
393.504
  0
LINE
  8
0
 10
-166.336
 20
393.504
 11
-166.419
 21
393.581
  0
LINE
  8
0
 10
-166.419
 20
393.581
 11
-166.496
 21
393.664
  0
LINE
  8
0
 10
-166.496
 20
393.664
 11
-166.565
 21
393.754
  0
LINE
  8
0
 10
-166.565
 20
393.754
 11
-166.626
 21
393.85
  0
LINE
  8
0
 10
-166.626
 20
393.85
 11
-166.678
 21
393.951
  0
LINE
  8
0
 10
-166.678
 20
393.951
 11
-166.722
 21
394.055
  0
LINE
  8
0
 10
-166.722
 20
394.055
 11
-166.756
 21
394.164
  0
LINE
  8
0
 10
-166.756
 20
394.164
 11
-166.78
 21
394.274
  0
LINE
  8
0
 10
-166.78
 20
394.274
 11
-166.795
 21
394.387
  0
LINE
  8
0
 10
-166.795
 20
394.387
 11
-166.8
 21
394.5
  0
LINE
  8
0
 10
-166.8
 20
394.5
 11
-166.795
 21
394.613
  0
LINE
  8
0
 10
-166.795
 20
394.613
 11
-166.78
 21
394.726
  0
LINE
  8
0
 10
-166.78
 20
394.726
 11
-166.756
 21
394.836
  0
LINE
  8
0
 10
-166.756
 20
394.836
 11
-166.722
 21
394.945
  0
LINE
  8
0
 10
-166.722
 20
394.945
 11
-166.678
 21
395.049
  0
LINE
  8
0
 10
-166.678
 20
395.049
 11
-166.626
 21
395.15
  0
LINE
  8
0
 10
-166.626
 20
395.15
 11
-166.565
 21
395.246
  0
LINE
  8
0
 10
-166.565
 20
395.246
 11
-166.496
 21
395.336
  0
LINE
  8
0
 10
-166.496
 20
395.336
 11
-166.419
 21
395.419
  0
LINE
  8
0
 10
-166.419
 20
395.419
 11
-166.336
 21
395.496
  0
LINE
  8
0
 10
-166.336
 20
395.496
 11
-166.246
 21
395.565
  0
LINE
  8
0
 10
-166.246
 20
395.565
 11
-166.15
 21
395.626
  0
LINE
  8
0
 10
-166.15
 20
395.626
 11
-166.049
 21
395.678
  0
LINE
  8
0
 10
-166.049
 20
395.678
 11
-165.945
 21
395.722
  0
LINE
  8
0
 10
-165.945
 20
395.722
 11
-165.836
 21
395.756
  0
LINE
  8
0
 10
-165.836
 20
395.756
 11
-165.726
 21
395.78
  0
LINE
  8
0
 10
-165.726
 20
395.78
 11
-165.613
 21
395.795
  0
LINE
  8
0
 10
-165.613
 20
395.795
 11
-165.5
 21
395.8
  0
LINE
  8
0
 10
-165.5
 20
395.8
 11
-165.387
 21
395.795
  0
LINE
  8
0
 10
-165.387
 20
395.795
 11
-165.274
 21
395.78
  0
LINE
  8
0
 10
-165.274
 20
395.78
 11
-165.164
 21
395.756
  0
LINE
  8
0
 10
-165.164
 20
395.756
 11
-165.055
 21
395.722
  0
LINE
  8
0
 10
-165.055
 20
395.722
 11
-164.951
 21
395.678
  0
LINE
  8
0
 10
-164.951
 20
395.678
 11
-164.85
 21
395.626
  0
LINE
  8
0
 10
-164.85
 20
395.626
 11
-164.754
 21
395.565
  0
LINE
  8
0
 10
-164.754
 20
395.565
 11
-164.664
 21
395.496
  0
LINE
  8
0
 10
-164.664
 20
395.496
 11
-164.581
 21
395.419
  0
LINE
  8
0
 10
-164.581
 20
395.419
 11
-164.504
 21
395.336
  0
LINE
  8
0
 10
-164.504
 20
395.336
 11
-164.435
 21
395.246
  0
LINE
  8
0
 10
-164.435
 20
395.246
 11
-164.374
 21
395.15
  0
LINE
  8
0
 10
-164.374
 20
395.15
 11
-164.322
 21
395.049
  0
LINE
  8
0
 10
-164.322
 20
395.049
 11
-164.278
 21
394.945
  0
LINE
  8
0
 10
-164.278
 20
394.945
 11
-164.244
 21
394.836
  0
LINE
  8
0
 10
-164.244
 20
394.836
 11
-164.22
 21
394.726
  0
LINE
  8
0
 10
-164.22
 20
394.726
 11
-164.205
 21
394.613
  0
LINE
  8
0
 10
-164.205
 20
394.613
 11
-164.2
 21
394.5
  0
LINE
  8
0
 10
-164.2
 20
394.5
 11
-164.205
 21
394.387
  0
LINE
  8
0
 10
-164.205
 20
394.387
 11
-164.22
 21
394.274
  0
LINE
  8
0
 10
-164.22
 20
394.274
 11
-164.244
 21
394.164
  0
LINE
  8
0
 10
-164.244
 20
394.164
 11
-164.278
 21
394.055
  0
LINE
  8
0
 10
-164.278
 20
394.055
 11
-164.322
 21
393.951
  0
LINE
  8
0
 10
-164.322
 20
393.951
 11
-164.374
 21
393.85
  0
LINE
  8
0
 10
-164.374
 20
393.85
 11
-164.435
 21
393.754
  0
LINE
  8
0
 10
-164.435
 20
393.754
 11
-164.504
 21
393.664
  0
LINE
  8
0
 10
-164.504
 20
393.664
 11
-164.581
 21
393.581
  0
LINE
  8
0
 10
-164.581
 20
393.581
 11
-164.664
 21
393.504
  0
LINE
  8
0
 10
-164.664
 20
393.504
 11
-164.754
 21
393.435
  0
LINE
  8
0
 10
-164.754
 20
393.435
 11
-164.85
 21
393.374
  0
LINE
  8
0
 10
-164.85
 20
393.374
 11
-164.951
 21
393.322
  0
LINE
  8
0
 10
-164.951
 20
393.322
 11
-165.055
 21
393.278
  0
LINE
  8
0
 10
-165.055
 20
393.278
 11
-165.164
 21
393.244
  0
LINE
  8
0
 10
-165.164
 20
393.244
 11
-165.274
 21
393.22
  0
LINE
  8
0
 10
-165.274
 20
393.22
 11
-165.387
 21
393.205
  0
LINE
  8
0
 10
-165.387
 20
393.205
 11
-165.5
 21
393.2
  0
LINE
  8
0
 10
-165.5
 20
393.2
 11
-165.613
 21
393.205
  0
LINE
  8
0
 10
-271.5
 20
280.5
 11
-271.5
 21
393.5
  0
LINE
  8
0
 10
-271.5
 20
393.5
 11
-166.5
 21
393.5
  0
LINE
  8
0
 10
-166.5
 20
393.5
 11
-166.5
 21
280.5
  0
LINE
  8
0
 10
-166.5
 20
280.5
 11
-271.5
 21
280.5
  0
LINE
  8
0
 10
-165.613
 20
278.205
 11
-165.726
 21
278.22
  0
LINE
  8
0
 10
-165.726
 20
278.22
 11
-165.836
 21
278.244
  0
LINE
  8
0
 10
-165.836
 20
278.244
 11
-165.945
 21
278.278
  0
LINE
  8
0
 10
-165.945
 20
278.278
 11
-166.049
 21
278.322
  0
LINE
  8
0
 10
-166.049
 20
278.322
 11
-166.15
 21
278.374
  0
LINE
  8
0
 10
-166.15
 20
278.374
 11
-166.246
 21
278.435
  0
LINE
  8
0
 10
-166.246
 20
278.435
 11
-166.336
 21
278.504
  0
LINE
  8
0
 10
-166.336
 20
278.504
 11
-166.419
 21
278.581
  0
LINE
  8
0
 10
-166.419
 20
278.581
 11
-166.496
 21
278.664
  0
LINE
  8
0
 10
-166.496
 20
278.664
 11
-166.565
 21
278.754
  0
LINE
  8
0
 10
-166.565
 20
278.754
 11
-166.626
 21
278.85
  0
LINE
  8
0
 10
-166.626
 20
278.85
 11
-166.678
 21
278.951
  0
LINE
  8
0
 10
-166.678
 20
278.951
 11
-166.722
 21
279.055
  0
LINE
  8
0
 10
-166.722
 20
279.055
 11
-166.756
 21
279.164
  0
LINE
  8
0
 10
-166.756
 20
279.164
 11
-166.78
 21
279.274
  0
LINE
  8
0
 10
-166.78
 20
279.274
 11
-166.795
 21
279.387
  0
LINE
  8
0
 10
-166.795
 20
279.387
 11
-166.8
 21
279.5
  0
LINE
  8
0
 10
-166.8
 20
279.5
 11
-166.795
 21
279.613
  0
LINE
  8
0
 10
-166.795
 20
279.613
 11
-166.78
 21
279.726
  0
LINE
  8
0
 10
-166.78
 20
279.726
 11
-166.756
 21
279.836
  0
LINE
  8
0
 10
-166.756
 20
279.836
 11
-166.722
 21
279.945
  0
LINE
  8
0
 10
-166.722
 20
279.945
 11
-166.678
 21
280.049
  0
LINE
  8
0
 10
-166.678
 20
280.049
 11
-166.626
 21
280.15
  0
LINE
  8
0
 10
-166.626
 20
280.15
 11
-166.565
 21
280.246
  0
LINE
  8
0
 10
-166.565
 20
280.246
 11
-166.496
 21
280.336
  0
LINE
  8
0
 10
-166.496
 20
280.336
 11
-166.419
 21
280.419
  0
LINE
  8
0
 10
-166.419
 20
280.419
 11
-166.336
 21
280.496
  0
LINE
  8
0
 10
-166.336
 20
280.496
 11
-166.246
 21
280.565
  0
LINE
  8
0
 10
-166.246
 20
280.565
 11
-166.15
 21
280.626
  0
LINE
  8
0
 10
-166.15
 20
280.626
 11
-166.049
 21
280.678
  0
LINE
  8
0
 10
-166.049
 20
280.678
 11
-165.945
 21
280.722
  0
LINE
  8
0
 10
-165.945
 20
280.722
 11
-165.836
 21
280.756
  0
LINE
  8
0
 10
-165.836
 20
280.756
 11
-165.726
 21
280.78
  0
LINE
  8
0
 10
-165.726
 20
280.78
 11
-165.613
 21
280.795
  0
LINE
  8
0
 10
-165.613
 20
280.795
 11
-165.5
 21
280.8
  0
LINE
  8
0
 10
-165.5
 20
280.8
 11
-165.387
 21
280.795
  0
LINE
  8
0
 10
-165.387
 20
280.795
 11
-165.274
 21
280.78
  0
LINE
  8
0
 10
-165.274
 20
280.78
 11
-165.164
 21
280.756
  0
LINE
  8
0
 10
-165.164
 20
280.756
 11
-165.055
 21
280.722
  0
LINE
  8
0
 10
-165.055
 20
280.722
 11
-164.951
 21
280.678
  0
LINE
  8
0
 10
-164.951
 20
280.678
 11
-164.85
 21
280.626
  0
LINE
  8
0
 10
-164.85
 20
280.626
 11
-164.754
 21
280.565
  0
LINE
  8
0
 10
-164.754
 20
280.565
 11
-164.664
 21
280.496
  0
LINE
  8
0
 10
-164.664
 20
280.496
 11
-164.581
 21
280.419
  0
LINE
  8
0
 10
-164.581
 20
280.419
 11
-164.504
 21
280.336
  0
LINE
  8
0
 10
-164.504
 20
280.336
 11
-164.435
 21
280.246
  0
LINE
  8
0
 10
-164.435
 20
280.246
 11
-164.374
 21
280.15
  0
LINE
  8
0
 10
-164.374
 20
280.15
 11
-164.322
 21
280.049
  0
LINE
  8
0
 10
-164.322
 20
280.049
 11
-164.278
 21
279.945
  0
LINE
  8
0
 10
-164.278
 20
279.945
 11
-164.244
 21
279.836
  0
LINE
  8
0
 10
-164.244
 20
279.836
 11
-164.22
 21
279.726
  0
LINE
  8
0
 10
-164.22
 20
279.726
 11
-164.205
 21
279.613
  0
LINE
  8
0
 10
-164.205
 20
279.613
 11
-164.2
 21
279.5
  0
LINE
  8
0
 10
-164.2
 20
279.5
 11
-164.205
 21
279.387
  0
LINE
  8
0
 10
-164.205
 20
279.387
 11
-164.22
 21
279.274
  0
LINE
  8
0
 10
-164.22
 20
279.274
 11
-164.244
 21
279.164
  0
LINE
  8
0
 10
-164.244
 20
279.164
 11
-164.278
 21
279.055
  0
LINE
  8
0
 10
-164.278
 20
279.055
 11
-164.322
 21
278.951
  0
LINE
  8
0
 10
-164.322
 20
278.951
 11
-164.374
 21
278.85
  0
LINE
  8
0
 10
-164.374
 20
278.85
 11
-164.435
 21
278.754
  0
LINE
  8
0
 10
-164.435
 20
278.754
 11
-164.504
 21
278.664
  0
LINE
  8
0
 10
-164.504
 20
278.664
 11
-164.581
 21
278.581
  0
LINE
  8
0
 10
-164.581
 20
278.581
 11
-164.664
 21
278.504
  0
LINE
  8
0
 10
-164.664
 20
278.504
 11
-164.754
 21
278.435
  0
LINE
  8
0
 10
-164.754
 20
278.435
 11
-164.85
 21
278.374
  0
LINE
  8
0
 10
-164.85
 20
278.374
 11
-164.951
 21
278.322
  0
LINE
  8
0
 10
-164.951
 20
278.322
 11
-165.055
 21
278.278
  0
LINE
  8
0
 10
-165.055
 20
278.278
 11
-165.164
 21
278.244
  0
LINE
  8
0
 10
-165.164
 20
278.244
 11
-165.274
 21
278.22
  0
LINE
  8
0
 10
-165.274
 20
278.22
 11
-165.387
 21
278.205
  0
LINE
  8
0
 10
-165.387
 20
278.205
 11
-165.5
 21
278.2
  0
LINE
  8
0
 10
-165.5
 20
278.2
 11
-165.613
 21
278.205
  0
LINE
  8
0
 10
-272.613
 20
278.205
 11
-272.726
 21
278.22
  0
LINE
  8
0
 10
-272.726
 20
278.22
 11
-272.836
 21
278.244
  0
LINE
  8
0
 10
-272.836
 20
278.244
 11
-272.945
 21
278.278
  0
LINE
  8
0
 10
-272.945
 20
278.278
 11
-273.049
 21
278.322
  0
LINE
  8
0
 10
-273.049
 20
278.322
 11
-273.15
 21
278.374
  0
LINE
  8
0
 10
-273.15
 20
278.374
 11
-273.246
 21
278.435
  0
LINE
  8
0
 10
-273.246
 20
278.435
 11
-273.336
 21
278.504
  0
LINE
  8
0
 10
-273.336
 20
278.504
 11
-273.419
 21
278.581
  0
LINE
  8
0
 10
-273.419
 20
278.581
 11
-273.496
 21
278.664
  0
LINE
  8
0
 10
-273.496
 20
278.664
 11
-273.565
 21
278.754
  0
LINE
  8
0
 10
-273.565
 20
278.754
 11
-273.626
 21
278.85
  0
LINE
  8
0
 10
-273.626
 20
278.85
 11
-273.678
 21
278.951
  0
LINE
  8
0
 10
-273.678
 20
278.951
 11
-273.722
 21
279.055
  0
LINE
  8
0
 10
-273.722
 20
279.055
 11
-273.756
 21
279.164
  0
LINE
  8
0
 10
-273.756
 20
279.164
 11
-273.78
 21
279.274
  0
LINE
  8
0
 10
-273.78
 20
279.274
 11
-273.795
 21
279.387
  0
LINE
  8
0
 10
-273.795
 20
279.387
 11
-273.8
 21
279.5
  0
LINE
  8
0
 10
-273.8
 20
279.5
 11
-273.795
 21
279.613
  0
LINE
  8
0
 10
-273.795
 20
279.613
 11
-273.78
 21
279.726
  0
LINE
  8
0
 10
-273.78
 20
279.726
 11
-273.756
 21
279.836
  0
LINE
  8
0
 10
-273.756
 20
279.836
 11
-273.722
 21
279.945
  0
LINE
  8
0
 10
-273.722
 20
279.945
 11
-273.678
 21
280.049
  0
LINE
  8
0
 10
-273.678
 20
280.049
 11
-273.626
 21
280.15
  0
LINE
  8
0
 10
-273.626
 20
280.15
 11
-273.565
 21
280.246
  0
LINE
  8
0
 10
-273.565
 20
280.246
 11
-273.496
 21
280.336
  0
LINE
  8
0
 10
-273.496
 20
280.336
 11
-273.419
 21
280.419
  0
LINE
  8
0
 10
-273.419
 20
280.419
 11
-273.336
 21
280.496
  0
LINE
  8
0
 10
-273.336
 20
280.496
 11
-273.246
 21
280.565
  0
LINE
  8
0
 10
-273.246
 20
280.565
 11
-273.15
 21
280.626
  0
LINE
  8
0
 10
-273.15
 20
280.626
 11
-273.049
 21
280.678
  0
LINE
  8
0
 10
-273.049
 20
280.678
 11
-272.945
 21
280.722
  0
LINE
  8
0
 10
-272.945
 20
280.722
 11
-272.836
 21
280.756
  0
LINE
  8
0
 10
-272.836
 20
280.756
 11
-272.726
 21
280.78
  0
LINE
  8
0
 10
-272.726
 20
280.78
 11
-272.613
 21
280.795
  0
LINE
  8
0
 10
-272.613
 20
280.795
 11
-272.5
 21
280.8
  0
LINE
  8
0
 10
-272.5
 20
280.8
 11
-272.387
 21
280.795
  0
LINE
  8
0
 10
-272.387
 20
280.795
 11
-272.274
 21
280.78
  0
LINE
  8
0
 10
-272.274
 20
280.78
 11
-272.164
 21
280.756
  0
LINE
  8
0
 10
-272.164
 20
280.756
 11
-272.055
 21
280.722
  0
LINE
  8
0
 10
-272.055
 20
280.722
 11
-271.951
 21
280.678
  0
LINE
  8
0
 10
-271.951
 20
280.678
 11
-271.85
 21
280.626
  0
LINE
  8
0
 10
-271.85
 20
280.626
 11
-271.754
 21
280.565
  0
LINE
  8
0
 10
-271.754
 20
280.565
 11
-271.664
 21
280.496
  0
LINE
  8
0
 10
-271.664
 20
280.496
 11
-271.581
 21
280.419
  0
LINE
  8
0
 10
-271.581
 20
280.419
 11
-271.504
 21
280.336
  0
LINE
  8
0
 10
-271.504
 20
280.336
 11
-271.435
 21
280.246
  0
LINE
  8
0
 10
-271.435
 20
280.246
 11
-271.374
 21
280.15
  0
LINE
  8
0
 10
-271.374
 20
280.15
 11
-271.322
 21
280.049
  0
LINE
  8
0
 10
-271.322
 20
280.049
 11
-271.278
 21
279.945
  0
LINE
  8
0
 10
-271.278
 20
279.945
 11
-271.244
 21
279.836
  0
LINE
  8
0
 10
-271.244
 20
279.836
 11
-271.22
 21
279.726
  0
LINE
  8
0
 10
-271.22
 20
279.726
 11
-271.205
 21
279.613
  0
LINE
  8
0
 10
-271.205
 20
279.613
 11
-271.2
 21
279.5
  0
LINE
  8
0
 10
-271.2
 20
279.5
 11
-271.205
 21
279.387
  0
LINE
  8
0
 10
-271.205
 20
279.387
 11
-271.22
 21
279.274
  0
LINE
  8
0
 10
-271.22
 20
279.274
 11
-271.244
 21
279.164
  0
LINE
  8
0
 10
-271.244
 20
279.164
 11
-271.278
 21
279.055
  0
LINE
  8
0
 10
-271.278
 20
279.055
 11
-271.322
 21
278.951
  0
LINE
  8
0
 10
-271.322
 20
278.951
 11
-271.374
 21
278.85
  0
LINE
  8
0
 10
-271.374
 20
278.85
 11
-271.435
 21
278.754
  0
LINE
  8
0
 10
-271.435
 20
278.754
 11
-271.504
 21
278.664
  0
LINE
  8
0
 10
-271.504
 20
278.664
 11
-271.581
 21
278.581
  0
LINE
  8
0
 10
-271.581
 20
278.581
 11
-271.664
 21
278.504
  0
LINE
  8
0
 10
-271.664
 20
278.504
 11
-271.754
 21
278.435
  0
LINE
  8
0
 10
-271.754
 20
278.435
 11
-271.85
 21
278.374
  0
LINE
  8
0
 10
-271.85
 20
278.374
 11
-271.951
 21
278.322
  0
LINE
  8
0
 10
-271.951
 20
278.322
 11
-272.055
 21
278.278
  0
LINE
  8
0
 10
-272.055
 20
278.278
 11
-272.164
 21
278.244
  0
LINE
  8
0
 10
-272.164
 20
278.244
 11
-272.274
 21
278.22
  0
LINE
  8
0
 10
-272.274
 20
278.22
 11
-272.387
 21
278.205
  0
LINE
  8
0
 10
-272.387
 20
278.205
 11
-272.5
 21
278.2
  0
LINE
  8
0
 10
-272.5
 20
278.2
 11
-272.613
 21
278.205
  0
LINE
  8
0
 10
519.804
 20
237.759
 11
519.609
 21
237.784
  0
LINE
  8
0
 10
519.609
 20
237.784
 11
519.418
 21
237.827
  0
LINE
  8
0
 10
519.418
 20
237.827
 11
519.23
 21
237.886
  0
LINE
  8
0
 10
519.23
 20
237.886
 11
519.049
 21
237.961
  0
LINE
  8
0
 10
519.049
 20
237.961
 11
518.875
 21
238.051
  0
LINE
  8
0
 10
518.875
 20
238.051
 11
518.709
 21
238.157
  0
LINE
  8
0
 10
518.709
 20
238.157
 11
518.554
 21
238.276
  0
LINE
  8
0
 10
518.554
 20
238.276
 11
518.409
 21
238.409
  0
LINE
  8
0
 10
518.409
 20
238.409
 11
518.276
 21
238.554
  0
LINE
  8
0
 10
518.276
 20
238.554
 11
518.157
 21
238.709
  0
LINE
  8
0
 10
518.157
 20
238.709
 11
518.051
 21
238.875
  0
LINE
  8
0
 10
518.051
 20
238.875
 11
517.961
 21
239.049
  0
LINE
  8
0
 10
517.961
 20
239.049
 11
517.886
 21
239.23
  0
LINE
  8
0
 10
517.886
 20
239.23
 11
517.827
 21
239.418
  0
LINE
  8
0
 10
517.827
 20
239.418
 11
517.784
 21
239.609
  0
LINE
  8
0
 10
517.784
 20
239.609
 11
517.759
 21
239.804
  0
LINE
  8
0
 10
517.759
 20
239.804
 11
517.75
 21
240
  0
LINE
  8
0
 10
517.75
 20
240
 11
517.759
 21
240.196
  0
LINE
  8
0
 10
517.759
 20
240.196
 11
517.784
 21
240.391
  0
LINE
  8
0
 10
517.784
 20
240.391
 11
517.827
 21
240.582
  0
LINE
  8
0
 10
517.827
 20
240.582
 11
517.886
 21
240.77
  0
LINE
  8
0
 10
517.886
 20
240.77
 11
517.961
 21
240.951
  0
LINE
  8
0
 10
517.961
 20
240.951
 11
518.051
 21
241.125
  0
LINE
  8
0
 10
518.051
 20
241.125
 11
518.157
 21
241.291
  0
LINE
  8
0
 10
518.157
 20
241.291
 11
518.276
 21
241.446
  0
LINE
  8
0
 10
518.276
 20
241.446
 11
518.409
 21
241.591
  0
LINE
  8
0
 10
518.409
 20
241.591
 11
518.554
 21
241.724
  0
LINE
  8
0
 10
518.554
 20
241.724
 11
518.709
 21
241.843
  0
LINE
  8
0
 10
518.709
 20
241.843
 11
518.875
 21
241.949
  0
LINE
  8
0
 10
518.875
 20
241.949
 11
519.049
 21
242.039
  0
LINE
  8
0
 10
519.049
 20
242.039
 11
519.23
 21
242.114
  0
LINE
  8
0
 10
519.23
 20
242.114
 11
519.418
 21
242.173
  0
LINE
  8
0
 10
519.418
 20
242.173
 11
519.609
 21
242.216
  0
LINE
  8
0
 10
519.609
 20
242.216
 11
519.804
 21
242.241
  0
LINE
  8
0
 10
519.804
 20
242.241
 11
520
 21
242.25
  0
LINE
  8
0
 10
520
 20
242.25
 11
520.196
 21
242.241
  0
LINE
  8
0
 10
520.196
 20
242.241
 11
520.391
 21
242.216
  0
LINE
  8
0
 10
520.391
 20
242.216
 11
520.582
 21
242.173
  0
LINE
  8
0
 10
520.582
 20
242.173
 11
520.77
 21
242.114
  0
LINE
  8
0
 10
520.77
 20
242.114
 11
520.951
 21
242.039
  0
LINE
  8
0
 10
520.951
 20
242.039
 11
521.125
 21
241.949
  0
LINE
  8
0
 10
521.125
 20
241.949
 11
521.291
 21
241.843
  0
LINE
  8
0
 10
521.291
 20
241.843
 11
521.446
 21
241.724
  0
LINE
  8
0
 10
521.446
 20
241.724
 11
521.591
 21
241.591
  0
LINE
  8
0
 10
521.591
 20
241.591
 11
521.724
 21
241.446
  0
LINE
  8
0
 10
521.724
 20
241.446
 11
521.843
 21
241.291
  0
LINE
  8
0
 10
521.843
 20
241.291
 11
521.949
 21
241.125
  0
LINE
  8
0
 10
521.949
 20
241.125
 11
522.039
 21
240.951
  0
LINE
  8
0
 10
522.039
 20
240.951
 11
522.114
 21
240.77
  0
LINE
  8
0
 10
522.114
 20
240.77
 11
522.173
 21
240.582
  0
LINE
  8
0
 10
522.173
 20
240.582
 11
522.216
 21
240.391
  0
LINE
  8
0
 10
522.216
 20
240.391
 11
522.241
 21
240.196
  0
LINE
  8
0
 10
522.241
 20
240.196
 11
522.25
 21
240
  0
LINE
  8
0
 10
522.25
 20
240
 11
522.241
 21
239.804
  0
LINE
  8
0
 10
522.241
 20
239.804
 11
522.216
 21
239.609
  0
LINE
  8
0
 10
522.216
 20
239.609
 11
522.173
 21
239.418
  0
LINE
  8
0
 10
522.173
 20
239.418
 11
522.114
 21
239.23
  0
LINE
  8
0
 10
522.114
 20
239.23
 11
522.039
 21
239.049
  0
LINE
  8
0
 10
522.039
 20
239.049
 11
521.949
 21
238.875
  0
LINE
  8
0
 10
521.949
 20
238.875
 11
521.843
 21
238.709
  0
LINE
  8
0
 10
521.843
 20
238.709
 11
521.724
 21
238.554
  0
LINE
  8
0
 10
521.724
 20
238.554
 11
521.591
 21
238.409
  0
LINE
  8
0
 10
521.591
 20
238.409
 11
521.446
 21
238.276
  0
LINE
  8
0
 10
521.446
 20
238.276
 11
521.291
 21
238.157
  0
LINE
  8
0
 10
521.291
 20
238.157
 11
521.125
 21
238.051
  0
LINE
  8
0
 10
521.125
 20
238.051
 11
520.951
 21
237.961
  0
LINE
  8
0
 10
520.951
 20
237.961
 11
520.77
 21
237.886
  0
LINE
  8
0
 10
520.77
 20
237.886
 11
520.582
 21
237.827
  0
LINE
  8
0
 10
520.582
 20
237.827
 11
520.391
 21
237.784
  0
LINE
  8
0
 10
520.391
 20
237.784
 11
520.196
 21
237.759
  0
LINE
  8
0
 10
520.196
 20
237.759
 11
520
 21
237.75
  0
LINE
  8
0
 10
520
 20
237.75
 11
519.804
 21
237.759
  0
LINE
  8
0
 10
-270.196
 20
237.759
 11
-270.391
 21
237.784
  0
LINE
  8
0
 10
-270.391
 20
237.784
 11
-270.582
 21
237.827
  0
LINE
  8
0
 10
-270.582
 20
237.827
 11
-270.77
 21
237.886
  0
LINE
  8
0
 10
-270.77
 20
237.886
 11
-270.951
 21
237.961
  0
LINE
  8
0
 10
-270.951
 20
237.961
 11
-271.125
 21
238.051
  0
LINE
  8
0
 10
-271.125
 20
238.051
 11
-271.291
 21
238.157
  0
LINE
  8
0
 10
-271.291
 20
238.157
 11
-271.446
 21
238.276
  0
LINE
  8
0
 10
-271.446
 20
238.276
 11
-271.591
 21
238.409
  0
LINE
  8
0
 10
-271.591
 20
238.409
 11
-271.724
 21
238.554
  0
LINE
  8
0
 10
-271.724
 20
238.554
 11
-271.843
 21
238.709
  0
LINE
  8
0
 10
-271.843
 20
238.709
 11
-271.949
 21
238.875
  0
LINE
  8
0
 10
-271.949
 20
238.875
 11
-272.039
 21
239.049
  0
LINE
  8
0
 10
-272.039
 20
239.049
 11
-272.114
 21
239.23
  0
LINE
  8
0
 10
-272.114
 20
239.23
 11
-272.173
 21
239.418
  0
LINE
  8
0
 10
-272.173
 20
239.418
 11
-272.216
 21
239.609
  0
LINE
  8
0
 10
-272.216
 20
239.609
 11
-272.241
 21
239.804
  0
LINE
  8
0
 10
-272.241
 20
239.804
 11
-272.25
 21
240
  0
LINE
  8
0
 10
-272.25
 20
240
 11
-272.241
 21
240.196
  0
LINE
  8
0
 10
-272.241
 20
240.196
 11
-272.216
 21
240.391
  0
LINE
  8
0
 10
-272.216
 20
240.391
 11
-272.173
 21
240.582
  0
LINE
  8
0
 10
-272.173
 20
240.582
 11
-272.114
 21
240.77
  0
LINE
  8
0
 10
-272.114
 20
240.77
 11
-272.039
 21
240.951
  0
LINE
  8
0
 10
-272.039
 20
240.951
 11
-271.949
 21
241.125
  0
LINE
  8
0
 10
-271.949
 20
241.125
 11
-271.843
 21
241.291
  0
LINE
  8
0
 10
-271.843
 20
241.291
 11
-271.724
 21
241.446
  0
LINE
  8
0
 10
-271.724
 20
241.446
 11
-271.591
 21
241.591
  0
LINE
  8
0
 10
-271.591
 20
241.591
 11
-271.446
 21
241.724
  0
LINE
  8
0
 10
-271.446
 20
241.724
 11
-271.291
 21
241.843
  0
LINE
  8
0
 10
-271.291
 20
241.843
 11
-271.125
 21
241.949
  0
LINE
  8
0
 10
-271.125
 20
241.949
 11
-270.951
 21
242.039
  0
LINE
  8
0
 10
-270.951
 20
242.039
 11
-270.77
 21
242.114
  0
LINE
  8
0
 10
-270.77
 20
242.114
 11
-270.582
 21
242.173
  0
LINE
  8
0
 10
-270.582
 20
242.173
 11
-270.391
 21
242.216
  0
LINE
  8
0
 10
-270.391
 20
242.216
 11
-270.196
 21
242.241
  0
LINE
  8
0
 10
-270.196
 20
242.241
 11
-270
 21
242.25
  0
LINE
  8
0
 10
-270
 20
242.25
 11
-269.804
 21
242.241
  0
LINE
  8
0
 10
-269.804
 20
242.241
 11
-269.609
 21
242.216
  0
LINE
  8
0
 10
-269.609
 20
242.216
 11
-269.418
 21
242.173
  0
LINE
  8
0
 10
-269.418
 20
242.173
 11
-269.23
 21
242.114
  0
LINE
  8
0
 10
-269.23
 20
242.114
 11
-269.049
 21
242.039
  0
LINE
  8
0
 10
-269.049
 20
242.039
 11
-268.875
 21
241.949
  0
LINE
  8
0
 10
-268.875
 20
241.949
 11
-268.709
 21
241.843
  0
LINE
  8
0
 10
-268.709
 20
241.843
 11
-268.554
 21
241.724
  0
LINE
  8
0
 10
-268.554
 20
241.724
 11
-268.409
 21
241.591
  0
LINE
  8
0
 10
-268.409
 20
241.591
 11
-268.276
 21
241.446
  0
LINE
  8
0
 10
-268.276
 20
241.446
 11
-268.157
 21
241.291
  0
LINE
  8
0
 10
-268.157
 20
241.291
 11
-268.051
 21
241.125
  0
LINE
  8
0
 10
-268.051
 20
241.125
 11
-267.961
 21
240.951
  0
LINE
  8
0
 10
-267.961
 20
240.951
 11
-267.886
 21
240.77
  0
LINE
  8
0
 10
-267.886
 20
240.77
 11
-267.827
 21
240.582
  0
LINE
  8
0
 10
-267.827
 20
240.582
 11
-267.784
 21
240.391
  0
LINE
  8
0
 10
-267.784
 20
240.391
 11
-267.759
 21
240.196
  0
LINE
  8
0
 10
-267.759
 20
240.196
 11
-267.75
 21
240
  0
LINE
  8
0
 10
-267.75
 20
240
 11
-267.759
 21
239.804
  0
LINE
  8
0
 10
-267.759
 20
239.804
 11
-267.784
 21
239.609
  0
LINE
  8
0
 10
-267.784
 20
239.609
 11
-267.827
 21
239.418
  0
LINE
  8
0
 10
-267.827
 20
239.418
 11
-267.886
 21
239.23
  0
LINE
  8
0
 10
-267.886
 20
239.23
 11
-267.961
 21
239.049
  0
LINE
  8
0
 10
-267.961
 20
239.049
 11
-268.051
 21
238.875
  0
LINE
  8
0
 10
-268.051
 20
238.875
 11
-268.157
 21
238.709
  0
LINE
  8
0
 10
-268.157
 20
238.709
 11
-268.276
 21
238.554
  0
LINE
  8
0
 10
-268.276
 20
238.554
 11
-268.409
 21
238.409
  0
LINE
  8
0
 10
-268.409
 20
238.409
 11
-268.554
 21
238.276
  0
LINE
  8
0
 10
-268.554
 20
238.276
 11
-268.709
 21
238.157
  0
LINE
  8
0
 10
-268.709
 20
238.157
 11
-268.875
 21
238.051
  0
LINE
  8
0
 10
-268.875
 20
238.051
 11
-269.049
 21
237.961
  0
LINE
  8
0
 10
-269.049
 20
237.961
 11
-269.23
 21
237.886
  0
LINE
  8
0
 10
-269.23
 20
237.886
 11
-269.418
 21
237.827
  0
LINE
  8
0
 10
-269.418
 20
237.827
 11
-269.609
 21
237.784
  0
LINE
  8
0
 10
-269.609
 20
237.784
 11
-269.804
 21
237.759
  0
LINE
  8
0
 10
-269.804
 20
237.759
 11
-270
 21
237.75
  0
LINE
  8
0
 10
-270
 20
237.75
 11
-270.196
 21
237.759
  0
LINE
  8
0
 10
205.852
 20
218.306
 11
205.705
 21
218.326
  0
LINE
  8
0
 10
205.705
 20
218.326
 11
205.56
 21
218.358
  0
LINE
  8
0
 10
205.56
 20
218.358
 11
205.419
 21
218.403
  0
LINE
  8
0
 10
205.419
 20
218.403
 11
205.282
 21
218.459
  0
LINE
  8
0
 10
205.282
 20
218.459
 11
205.15
 21
218.528
  0
LINE
  8
0
 10
205.15
 20
218.528
 11
205.025
 21
218.607
  0
LINE
  8
0
 10
205.025
 20
218.607
 11
204.907
 21
218.698
  0
LINE
  8
0
 10
204.907
 20
218.698
 11
204.798
 21
218.798
  0
LINE
  8
0
 10
204.798
 20
218.798
 11
204.698
 21
218.907
  0
LINE
  8
0
 10
204.698
 20
218.907
 11
204.607
 21
219.025
  0
LINE
  8
0
 10
204.607
 20
219.025
 11
204.528
 21
219.15
  0
LINE
  8
0
 10
204.528
 20
219.15
 11
204.459
 21
219.282
  0
LINE
  8
0
 10
204.459
 20
219.282
 11
204.403
 21
219.419
  0
LINE
  8
0
 10
204.403
 20
219.419
 11
204.358
 21
219.56
  0
LINE
  8
0
 10
204.358
 20
219.56
 11
204.326
 21
219.705
  0
LINE
  8
0
 10
204.326
 20
219.705
 11
204.306
 21
219.852
  0
LINE
  8
0
 10
204.306
 20
219.852
 11
204.3
 21
220
  0
LINE
  8
0
 10
204.3
 20
220
 11
204.306
 21
220.148
  0
LINE
  8
0
 10
204.306
 20
220.148
 11
204.326
 21
220.295
  0
LINE
  8
0
 10
204.326
 20
220.295
 11
204.358
 21
220.44
  0
LINE
  8
0
 10
204.358
 20
220.44
 11
204.403
 21
220.581
  0
LINE
  8
0
 10
204.403
 20
220.581
 11
204.459
 21
220.718
  0
LINE
  8
0
 10
204.459
 20
220.718
 11
204.528
 21
220.85
  0
LINE
  8
0
 10
204.528
 20
220.85
 11
204.607
 21
220.975
  0
LINE
  8
0
 10
204.607
 20
220.975
 11
204.698
 21
221.093
  0
LINE
  8
0
 10
204.698
 20
221.093
 11
204.798
 21
221.202
  0
LINE
  8
0
 10
204.798
 20
221.202
 11
204.907
 21
221.302
  0
LINE
  8
0
 10
204.907
 20
221.302
 11
205.025
 21
221.393
  0
LINE
  8
0
 10
205.025
 20
221.393
 11
205.15
 21
221.472
  0
LINE
  8
0
 10
205.15
 20
221.472
 11
205.282
 21
221.541
  0
LINE
  8
0
 10
205.282
 20
221.541
 11
205.419
 21
221.597
  0
LINE
  8
0
 10
205.419
 20
221.597
 11
205.56
 21
221.642
  0
LINE
  8
0
 10
205.56
 20
221.642
 11
205.705
 21
221.674
  0
LINE
  8
0
 10
205.705
 20
221.674
 11
205.852
 21
221.694
  0
LINE
  8
0
 10
205.852
 20
221.694
 11
206
 21
221.7
  0
LINE
  8
0
 10
206
 20
221.7
 11
206.148
 21
221.694
  0
LINE
  8
0
 10
206.148
 20
221.694
 11
206.295
 21
221.674
  0
LINE
  8
0
 10
206.295
 20
221.674
 11
206.44
 21
221.642
  0
LINE
  8
0
 10
206.44
 20
221.642
 11
206.581
 21
221.597
  0
LINE
  8
0
 10
206.581
 20
221.597
 11
206.718
 21
221.541
  0
LINE
  8
0
 10
206.718
 20
221.541
 11
206.85
 21
221.472
  0
LINE
  8
0
 10
206.85
 20
221.472
 11
206.975
 21
221.393
  0
LINE
  8
0
 10
206.975
 20
221.393
 11
207.093
 21
221.302
  0
LINE
  8
0
 10
207.093
 20
221.302
 11
207.202
 21
221.202
  0
LINE
  8
0
 10
207.202
 20
221.202
 11
207.302
 21
221.093
  0
LINE
  8
0
 10
207.302
 20
221.093
 11
207.393
 21
220.975
  0
LINE
  8
0
 10
207.393
 20
220.975
 11
207.472
 21
220.85
  0
LINE
  8
0
 10
207.472
 20
220.85
 11
207.541
 21
220.718
  0
LINE
  8
0
 10
207.541
 20
220.718
 11
207.597
 21
220.581
  0
LINE
  8
0
 10
207.597
 20
220.581
 11
207.642
 21
220.44
  0
LINE
  8
0
 10
207.642
 20
220.44
 11
207.674
 21
220.295
  0
LINE
  8
0
 10
207.674
 20
220.295
 11
207.694
 21
220.148
  0
LINE
  8
0
 10
207.694
 20
220.148
 11
207.7
 21
220
  0
LINE
  8
0
 10
207.7
 20
220
 11
207.694
 21
219.852
  0
LINE
  8
0
 10
207.694
 20
219.852
 11
207.674
 21
219.705
  0
LINE
  8
0
 10
207.674
 20
219.705
 11
207.642
 21
219.56
  0
LINE
  8
0
 10
207.642
 20
219.56
 11
207.597
 21
219.419
  0
LINE
  8
0
 10
207.597
 20
219.419
 11
207.541
 21
219.282
  0
LINE
  8
0
 10
207.541
 20
219.282
 11
207.472
 21
219.15
  0
LINE
  8
0
 10
207.472
 20
219.15
 11
207.393
 21
219.025
  0
LINE
  8
0
 10
207.393
 20
219.025
 11
207.302
 21
218.907
  0
LINE
  8
0
 10
207.302
 20
218.907
 11
207.202
 21
218.798
  0
LINE
  8
0
 10
207.202
 20
218.798
 11
207.093
 21
218.698
  0
LINE
  8
0
 10
207.093
 20
218.698
 11
206.975
 21
218.607
  0
LINE
  8
0
 10
206.975
 20
218.607
 11
206.85
 21
218.528
  0
LINE
  8
0
 10
206.85
 20
218.528
 11
206.718
 21
218.459
  0
LINE
  8
0
 10
206.718
 20
218.459
 11
206.581
 21
218.403
  0
LINE
  8
0
 10
206.581
 20
218.403
 11
206.44
 21
218.358
  0
LINE
  8
0
 10
206.44
 20
218.358
 11
206.295
 21
218.326
  0
LINE
  8
0
 10
206.295
 20
218.326
 11
206.148
 21
218.306
  0
LINE
  8
0
 10
206.148
 20
218.306
 11
206
 21
218.3
  0
LINE
  8
0
 10
206
 20
218.3
 11
205.852
 21
218.306
  0
LINE
  8
0
 10
143.852
 20
218.306
 11
143.705
 21
218.326
  0
LINE
  8
0
 10
143.705
 20
218.326
 11
143.56
 21
218.358
  0
LINE
  8
0
 10
143.56
 20
218.358
 11
143.419
 21
218.403
  0
LINE
  8
0
 10
143.419
 20
218.403
 11
143.282
 21
218.459
  0
LINE
  8
0
 10
143.282
 20
218.459
 11
143.15
 21
218.528
  0
LINE
  8
0
 10
143.15
 20
218.528
 11
143.025
 21
218.607
  0
LINE
  8
0
 10
143.025
 20
218.607
 11
142.907
 21
218.698
  0
LINE
  8
0
 10
142.907
 20
218.698
 11
142.798
 21
218.798
  0
LINE
  8
0
 10
142.798
 20
218.798
 11
142.698
 21
218.907
  0
LINE
  8
0
 10
142.698
 20
218.907
 11
142.607
 21
219.025
  0
LINE
  8
0
 10
142.607
 20
219.025
 11
142.528
 21
219.15
  0
LINE
  8
0
 10
142.528
 20
219.15
 11
142.459
 21
219.282
  0
LINE
  8
0
 10
142.459
 20
219.282
 11
142.403
 21
219.419
  0
LINE
  8
0
 10
142.403
 20
219.419
 11
142.358
 21
219.56
  0
LINE
  8
0
 10
142.358
 20
219.56
 11
142.326
 21
219.705
  0
LINE
  8
0
 10
142.326
 20
219.705
 11
142.306
 21
219.852
  0
LINE
  8
0
 10
142.306
 20
219.852
 11
142.3
 21
220
  0
LINE
  8
0
 10
142.3
 20
220
 11
142.306
 21
220.148
  0
LINE
  8
0
 10
142.306
 20
220.148
 11
142.326
 21
220.295
  0
LINE
  8
0
 10
142.326
 20
220.295
 11
142.358
 21
220.44
  0
LINE
  8
0
 10
142.358
 20
220.44
 11
142.403
 21
220.581
  0
LINE
  8
0
 10
142.403
 20
220.581
 11
142.459
 21
220.718
  0
LINE
  8
0
 10
142.459
 20
220.718
 11
142.528
 21
220.85
  0
LINE
  8
0
 10
142.528
 20
220.85
 11
142.607
 21
220.975
  0
LINE
  8
0
 10
142.607
 20
220.975
 11
142.698
 21
221.093
  0
LINE
  8
0
 10
142.698
 20
221.093
 11
142.798
 21
221.202
  0
LINE
  8
0
 10
142.798
 20
221.202
 11
142.907
 21
221.302
  0
LINE
  8
0
 10
142.907
 20
221.302
 11
143.025
 21
221.393
  0
LINE
  8
0
 10
143.025
 20
221.393
 11
143.15
 21
221.472
  0
LINE
  8
0
 10
143.15
 20
221.472
 11
143.282
 21
221.541
  0
LINE
  8
0
 10
143.282
 20
221.541
 11
143.419
 21
221.597
  0
LINE
  8
0
 10
143.419
 20
221.597
 11
143.56
 21
221.642
  0
LINE
  8
0
 10
143.56
 20
221.642
 11
143.705
 21
221.674
  0
LINE
  8
0
 10
143.705
 20
221.674
 11
143.852
 21
221.694
  0
LINE
  8
0
 10
143.852
 20
221.694
 11
144
 21
221.7
  0
LINE
  8
0
 10
144
 20
221.7
 11
144.148
 21
221.694
  0
LINE
  8
0
 10
144.148
 20
221.694
 11
144.295
 21
221.674
  0
LINE
  8
0
 10
144.295
 20
221.674
 11
144.44
 21
221.642
  0
LINE
  8
0
 10
144.44
 20
221.642
 11
144.581
 21
221.597
  0
LINE
  8
0
 10
144.581
 20
221.597
 11
144.718
 21
221.541
  0
LINE
  8
0
 10
144.718
 20
221.541
 11
144.85
 21
221.472
  0
LINE
  8
0
 10
144.85
 20
221.472
 11
144.975
 21
221.393
  0
LINE
  8
0
 10
144.975
 20
221.393
 11
145.093
 21
221.302
  0
LINE
  8
0
 10
145.093
 20
221.302
 11
145.202
 21
221.202
  0
LINE
  8
0
 10
145.202
 20
221.202
 11
145.302
 21
221.093
  0
LINE
  8
0
 10
145.302
 20
221.093
 11
145.393
 21
220.975
  0
LINE
  8
0
 10
145.393
 20
220.975
 11
145.472
 21
220.85
  0
LINE
  8
0
 10
145.472
 20
220.85
 11
145.541
 21
220.718
  0
LINE
  8
0
 10
145.541
 20
220.718
 11
145.597
 21
220.581
  0
LINE
  8
0
 10
145.597
 20
220.581
 11
145.642
 21
220.44
  0
LINE
  8
0
 10
145.642
 20
220.44
 11
145.674
 21
220.295
  0
LINE
  8
0
 10
145.674
 20
220.295
 11
145.694
 21
220.148
  0
LINE
  8
0
 10
145.694
 20
220.148
 11
145.7
 21
220
  0
LINE
  8
0
 10
145.7
 20
220
 11
145.694
 21
219.852
  0
LINE
  8
0
 10
145.694
 20
219.852
 11
145.674
 21
219.705
  0
LINE
  8
0
 10
145.674
 20
219.705
 11
145.642
 21
219.56
  0
LINE
  8
0
 10
145.642
 20
219.56
 11
145.597
 21
219.419
  0
LINE
  8
0
 10
145.597
 20
219.419
 11
145.541
 21
219.282
  0
LINE
  8
0
 10
145.541
 20
219.282
 11
145.472
 21
219.15
  0
LINE
  8
0
 10
145.472
 20
219.15
 11
145.393
 21
219.025
  0
LINE
  8
0
 10
145.393
 20
219.025
 11
145.302
 21
218.907
  0
LINE
  8
0
 10
145.302
 20
218.907
 11
145.202
 21
218.798
  0
LINE
  8
0
 10
145.202
 20
218.798
 11
145.093
 21
218.698
  0
LINE
  8
0
 10
145.093
 20
218.698
 11
144.975
 21
218.607
  0
LINE
  8
0
 10
144.975
 20
218.607
 11
144.85
 21
218.528
  0
LINE
  8
0
 10
144.85
 20
218.528
 11
144.718
 21
218.459
  0
LINE
  8
0
 10
144.718
 20
218.459
 11
144.581
 21
218.403
  0
LINE
  8
0
 10
144.581
 20
218.403
 11
144.44
 21
218.358
  0
LINE
  8
0
 10
144.44
 20
218.358
 11
144.295
 21
218.326
  0
LINE
  8
0
 10
144.295
 20
218.326
 11
144.148
 21
218.306
  0
LINE
  8
0
 10
144.148
 20
218.306
 11
144
 21
218.3
  0
LINE
  8
0
 10
144
 20
218.3
 11
143.852
 21
218.306
  0
LINE
  8
0
 10
493.852
 20
218.306
 11
493.705
 21
218.326
  0
LINE
  8
0
 10
493.705
 20
218.326
 11
493.56
 21
218.358
  0
LINE
  8
0
 10
493.56
 20
218.358
 11
493.419
 21
218.403
  0
LINE
  8
0
 10
493.419
 20
218.403
 11
493.282
 21
218.459
  0
LINE
  8
0
 10
493.282
 20
218.459
 11
493.15
 21
218.528
  0
LINE
  8
0
 10
493.15
 20
218.528
 11
493.025
 21
218.607
  0
LINE
  8
0
 10
493.025
 20
218.607
 11
492.907
 21
218.698
  0
LINE
  8
0
 10
492.907
 20
218.698
 11
492.798
 21
218.798
  0
LINE
  8
0
 10
492.798
 20
218.798
 11
492.698
 21
218.907
  0
LINE
  8
0
 10
492.698
 20
218.907
 11
492.607
 21
219.025
  0
LINE
  8
0
 10
492.607
 20
219.025
 11
492.528
 21
219.15
  0
LINE
  8
0
 10
492.528
 20
219.15
 11
492.459
 21
219.282
  0
LINE
  8
0
 10
492.459
 20
219.282
 11
492.403
 21
219.419
  0
LINE
  8
0
 10
492.403
 20
219.419
 11
492.358
 21
219.56
  0
LINE
  8
0
 10
492.358
 20
219.56
 11
492.326
 21
219.705
  0
LINE
  8
0
 10
492.326
 20
219.705
 11
492.306
 21
219.852
  0
LINE
  8
0
 10
492.306
 20
219.852
 11
492.3
 21
220
  0
LINE
  8
0
 10
492.3
 20
220
 11
492.306
 21
220.148
  0
LINE
  8
0
 10
492.306
 20
220.148
 11
492.326
 21
220.295
  0
LINE
  8
0
 10
492.326
 20
220.295
 11
492.358
 21
220.44
  0
LINE
  8
0
 10
492.358
 20
220.44
 11
492.403
 21
220.581
  0
LINE
  8
0
 10
492.403
 20
220.581
 11
492.459
 21
220.718
  0
LINE
  8
0
 10
492.459
 20
220.718
 11
492.528
 21
220.85
  0
LINE
  8
0
 10
492.528
 20
220.85
 11
492.607
 21
220.975
  0
LINE
  8
0
 10
492.607
 20
220.975
 11
492.698
 21
221.093
  0
LINE
  8
0
 10
492.698
 20
221.093
 11
492.798
 21
221.202
  0
LINE
  8
0
 10
492.798
 20
221.202
 11
492.907
 21
221.302
  0
LINE
  8
0
 10
492.907
 20
221.302
 11
493.025
 21
221.393
  0
LINE
  8
0
 10
493.025
 20
221.393
 11
493.15
 21
221.472
  0
LINE
  8
0
 10
493.15
 20
221.472
 11
493.282
 21
221.541
  0
LINE
  8
0
 10
493.282
 20
221.541
 11
493.419
 21
221.597
  0
LINE
  8
0
 10
493.419
 20
221.597
 11
493.56
 21
221.642
  0
LINE
  8
0
 10
493.56
 20
221.642
 11
493.705
 21
221.674
  0
LINE
  8
0
 10
493.705
 20
221.674
 11
493.852
 21
221.694
  0
LINE
  8
0
 10
493.852
 20
221.694
 11
494
 21
221.7
  0
LINE
  8
0
 10
494
 20
221.7
 11
494.148
 21
221.694
  0
LINE
  8
0
 10
494.148
 20
221.694
 11
494.295
 21
221.674
  0
LINE
  8
0
 10
494.295
 20
221.674
 11
494.44
 21
221.642
  0
LINE
  8
0
 10
494.44
 20
221.642
 11
494.581
 21
221.597
  0
LINE
  8
0
 10
494.581
 20
221.597
 11
494.718
 21
221.541
  0
LINE
  8
0
 10
494.718
 20
221.541
 11
494.85
 21
221.472
  0
LINE
  8
0
 10
494.85
 20
221.472
 11
494.975
 21
221.393
  0
LINE
  8
0
 10
494.975
 20
221.393
 11
495.093
 21
221.302
  0
LINE
  8
0
 10
495.093
 20
221.302
 11
495.202
 21
221.202
  0
LINE
  8
0
 10
495.202
 20
221.202
 11
495.302
 21
221.093
  0
LINE
  8
0
 10
495.302
 20
221.093
 11
495.393
 21
220.975
  0
LINE
  8
0
 10
495.393
 20
220.975
 11
495.472
 21
220.85
  0
LINE
  8
0
 10
495.472
 20
220.85
 11
495.541
 21
220.718
  0
LINE
  8
0
 10
495.541
 20
220.718
 11
495.597
 21
220.581
  0
LINE
  8
0
 10
495.597
 20
220.581
 11
495.642
 21
220.44
  0
LINE
  8
0
 10
495.642
 20
220.44
 11
495.674
 21
220.295
  0
LINE
  8
0
 10
495.674
 20
220.295
 11
495.694
 21
220.148
  0
LINE
  8
0
 10
495.694
 20
220.148
 11
495.7
 21
220
  0
LINE
  8
0
 10
495.7
 20
220
 11
495.694
 21
219.852
  0
LINE
  8
0
 10
495.694
 20
219.852
 11
495.674
 21
219.705
  0
LINE
  8
0
 10
495.674
 20
219.705
 11
495.642
 21
219.56
  0
LINE
  8
0
 10
495.642
 20
219.56
 11
495.597
 21
219.419
  0
LINE
  8
0
 10
495.597
 20
219.419
 11
495.541
 21
219.282
  0
LINE
  8
0
 10
495.541
 20
219.282
 11
495.472
 21
219.15
  0
LINE
  8
0
 10
495.472
 20
219.15
 11
495.393
 21
219.025
  0
LINE
  8
0
 10
495.393
 20
219.025
 11
495.302
 21
218.907
  0
LINE
  8
0
 10
495.302
 20
218.907
 11
495.202
 21
218.798
  0
LINE
  8
0
 10
495.202
 20
218.798
 11
495.093
 21
218.698
  0
LINE
  8
0
 10
495.093
 20
218.698
 11
494.975
 21
218.607
  0
LINE
  8
0
 10
494.975
 20
218.607
 11
494.85
 21
218.528
  0
LINE
  8
0
 10
494.85
 20
218.528
 11
494.718
 21
218.459
  0
LINE
  8
0
 10
494.718
 20
218.459
 11
494.581
 21
218.403
  0
LINE
  8
0
 10
494.581
 20
218.403
 11
494.44
 21
218.358
  0
LINE
  8
0
 10
494.44
 20
218.358
 11
494.295
 21
218.326
  0
LINE
  8
0
 10
494.295
 20
218.326
 11
494.148
 21
218.306
  0
LINE
  8
0
 10
494.148
 20
218.306
 11
494
 21
218.3
  0
LINE
  8
0
 10
494
 20
218.3
 11
493.852
 21
218.306
  0
LINE
  8
0
 10
-144.148
 20
218.306
 11
-144.295
 21
218.326
  0
LINE
  8
0
 10
-144.295
 20
218.326
 11
-144.44
 21
218.358
  0
LINE
  8
0
 10
-144.44
 20
218.358
 11
-144.581
 21
218.403
  0
LINE
  8
0
 10
-144.581
 20
218.403
 11
-144.718
 21
218.459
  0
LINE
  8
0
 10
-144.718
 20
218.459
 11
-144.85
 21
218.528
  0
LINE
  8
0
 10
-144.85
 20
218.528
 11
-144.975
 21
218.607
  0
LINE
  8
0
 10
-144.975
 20
218.607
 11
-145.093
 21
218.698
  0
LINE
  8
0
 10
-145.093
 20
218.698
 11
-145.202
 21
218.798
  0
LINE
  8
0
 10
-145.202
 20
218.798
 11
-145.302
 21
218.907
  0
LINE
  8
0
 10
-145.302
 20
218.907
 11
-145.393
 21
219.025
  0
LINE
  8
0
 10
-145.393
 20
219.025
 11
-145.472
 21
219.15
  0
LINE
  8
0
 10
-145.472
 20
219.15
 11
-145.541
 21
219.282
  0
LINE
  8
0
 10
-145.541
 20
219.282
 11
-145.597
 21
219.419
  0
LINE
  8
0
 10
-145.597
 20
219.419
 11
-145.642
 21
219.56
  0
LINE
  8
0
 10
-145.642
 20
219.56
 11
-145.674
 21
219.705
  0
LINE
  8
0
 10
-145.674
 20
219.705
 11
-145.694
 21
219.852
  0
LINE
  8
0
 10
-145.694
 20
219.852
 11
-145.7
 21
220
  0
LINE
  8
0
 10
-145.7
 20
220
 11
-145.694
 21
220.148
  0
LINE
  8
0
 10
-145.694
 20
220.148
 11
-145.674
 21
220.295
  0
LINE
  8
0
 10
-145.674
 20
220.295
 11
-145.642
 21
220.44
  0
LINE
  8
0
 10
-145.642
 20
220.44
 11
-145.597
 21
220.581
  0
LINE
  8
0
 10
-145.597
 20
220.581
 11
-145.541
 21
220.718
  0
LINE
  8
0
 10
-145.541
 20
220.718
 11
-145.472
 21
220.85
  0
LINE
  8
0
 10
-145.472
 20
220.85
 11
-145.393
 21
220.975
  0
LINE
  8
0
 10
-145.393
 20
220.975
 11
-145.302
 21
221.093
  0
LINE
  8
0
 10
-145.302
 20
221.093
 11
-145.202
 21
221.202
  0
LINE
  8
0
 10
-145.202
 20
221.202
 11
-145.093
 21
221.302
  0
LINE
  8
0
 10
-145.093
 20
221.302
 11
-144.975
 21
221.393
  0
LINE
  8
0
 10
-144.975
 20
221.393
 11
-144.85
 21
221.472
  0
LINE
  8
0
 10
-144.85
 20
221.472
 11
-144.718
 21
221.541
  0
LINE
  8
0
 10
-144.718
 20
221.541
 11
-144.581
 21
221.597
  0
LINE
  8
0
 10
-144.581
 20
221.597
 11
-144.44
 21
221.642
  0
LINE
  8
0
 10
-144.44
 20
221.642
 11
-144.295
 21
221.674
  0
LINE
  8
0
 10
-144.295
 20
221.674
 11
-144.148
 21
221.694
  0
LINE
  8
0
 10
-144.148
 20
221.694
 11
-144
 21
221.7
  0
LINE
  8
0
 10
-144
 20
221.7
 11
-143.852
 21
221.694
  0
LINE
  8
0
 10
-143.852
 20
221.694
 11
-143.705
 21
221.674
  0
LINE
  8
0
 10
-143.705
 20
221.674
 11
-143.56
 21
221.642
  0
LINE
  8
0
 10
-143.56
 20
221.642
 11
-143.419
 21
221.597
  0
LINE
  8
0
 10
-143.419
 20
221.597
 11
-143.282
 21
221.541
  0
LINE
  8
0
 10
-143.282
 20
221.541
 11
-143.15
 21
221.472
  0
LINE
  8
0
 10
-143.15
 20
221.472
 11
-143.025
 21
221.393
  0
LINE
  8
0
 10
-143.025
 20
221.393
 11
-142.907
 21
221.302
  0
LINE
  8
0
 10
-142.907
 20
221.302
 11
-142.798
 21
221.202
  0
LINE
  8
0
 10
-142.798
 20
221.202
 11
-142.698
 21
221.093
  0
LINE
  8
0
 10
-142.698
 20
221.093
 11
-142.607
 21
220.975
  0
LINE
  8
0
 10
-142.607
 20
220.975
 11
-142.528
 21
220.85
  0
LINE
  8
0
 10
-142.528
 20
220.85
 11
-142.459
 21
220.718
  0
LINE
  8
0
 10
-142.459
 20
220.718
 11
-142.403
 21
220.581
  0
LINE
  8
0
 10
-142.403
 20
220.581
 11
-142.358
 21
220.44
  0
LINE
  8
0
 10
-142.358
 20
220.44
 11
-142.326
 21
220.295
  0
LINE
  8
0
 10
-142.326
 20
220.295
 11
-142.306
 21
220.148
  0
LINE
  8
0
 10
-142.306
 20
220.148
 11
-142.3
 21
220
  0
LINE
  8
0
 10
-142.3
 20
220
 11
-142.306
 21
219.852
  0
LINE
  8
0
 10
-142.306
 20
219.852
 11
-142.326
 21
219.705
  0
LINE
  8
0
 10
-142.326
 20
219.705
 11
-142.358
 21
219.56
  0
LINE
  8
0
 10
-142.358
 20
219.56
 11
-142.403
 21
219.419
  0
LINE
  8
0
 10
-142.403
 20
219.419
 11
-142.459
 21
219.282
  0
LINE
  8
0
 10
-142.459
 20
219.282
 11
-142.528
 21
219.15
  0
LINE
  8
0
 10
-142.528
 20
219.15
 11
-142.607
 21
219.025
  0
LINE
  8
0
 10
-142.607
 20
219.025
 11
-142.698
 21
218.907
  0
LINE
  8
0
 10
-142.698
 20
218.907
 11
-142.798
 21
218.798
  0
LINE
  8
0
 10
-142.798
 20
218.798
 11
-142.907
 21
218.698
  0
LINE
  8
0
 10
-142.907
 20
218.698
 11
-143.025
 21
218.607
  0
LINE
  8
0
 10
-143.025
 20
218.607
 11
-143.15
 21
218.528
  0
LINE
  8
0
 10
-143.15
 20
218.528
 11
-143.282
 21
218.459
  0
LINE
  8
0
 10
-143.282
 20
218.459
 11
-143.419
 21
218.403
  0
LINE
  8
0
 10
-143.419
 20
218.403
 11
-143.56
 21
218.358
  0
LINE
  8
0
 10
-143.56
 20
218.358
 11
-143.705
 21
218.326
  0
LINE
  8
0
 10
-143.705
 20
218.326
 11
-143.852
 21
218.306
  0
LINE
  8
0
 10
-143.852
 20
218.306
 11
-144
 21
218.3
  0
LINE
  8
0
 10
-144
 20
218.3
 11
-144.148
 21
218.306
  0
LINE
  8
0
 10
174.852
 20
212.306
 11
174.705
 21
212.326
  0
LINE
  8
0
 10
174.705
 20
212.326
 11
174.56
 21
212.358
  0
LINE
  8
0
 10
174.56
 20
212.358
 11
174.419
 21
212.403
  0
LINE
  8
0
 10
174.419
 20
212.403
 11
174.282
 21
212.459
  0
LINE
  8
0
 10
174.282
 20
212.459
 11
174.15
 21
212.528
  0
LINE
  8
0
 10
174.15
 20
212.528
 11
174.025
 21
212.607
  0
LINE
  8
0
 10
174.025
 20
212.607
 11
173.907
 21
212.698
  0
LINE
  8
0
 10
173.907
 20
212.698
 11
173.798
 21
212.798
  0
LINE
  8
0
 10
173.798
 20
212.798
 11
173.698
 21
212.907
  0
LINE
  8
0
 10
173.698
 20
212.907
 11
173.607
 21
213.025
  0
LINE
  8
0
 10
173.607
 20
213.025
 11
173.528
 21
213.15
  0
LINE
  8
0
 10
173.528
 20
213.15
 11
173.459
 21
213.282
  0
LINE
  8
0
 10
173.459
 20
213.282
 11
173.403
 21
213.419
  0
LINE
  8
0
 10
173.403
 20
213.419
 11
173.358
 21
213.56
  0
LINE
  8
0
 10
173.358
 20
213.56
 11
173.326
 21
213.705
  0
LINE
  8
0
 10
173.326
 20
213.705
 11
173.306
 21
213.852
  0
LINE
  8
0
 10
173.306
 20
213.852
 11
173.3
 21
214
  0
LINE
  8
0
 10
173.3
 20
214
 11
173.306
 21
214.148
  0
LINE
  8
0
 10
173.306
 20
214.148
 11
173.326
 21
214.295
  0
LINE
  8
0
 10
173.326
 20
214.295
 11
173.358
 21
214.44
  0
LINE
  8
0
 10
173.358
 20
214.44
 11
173.403
 21
214.581
  0
LINE
  8
0
 10
173.403
 20
214.581
 11
173.459
 21
214.718
  0
LINE
  8
0
 10
173.459
 20
214.718
 11
173.528
 21
214.85
  0
LINE
  8
0
 10
173.528
 20
214.85
 11
173.607
 21
214.975
  0
LINE
  8
0
 10
173.607
 20
214.975
 11
173.698
 21
215.093
  0
LINE
  8
0
 10
173.698
 20
215.093
 11
173.798
 21
215.202
  0
LINE
  8
0
 10
173.798
 20
215.202
 11
173.907
 21
215.302
  0
LINE
  8
0
 10
173.907
 20
215.302
 11
174.025
 21
215.393
  0
LINE
  8
0
 10
174.025
 20
215.393
 11
174.15
 21
215.472
  0
LINE
  8
0
 10
174.15
 20
215.472
 11
174.282
 21
215.541
  0
LINE
  8
0
 10
174.282
 20
215.541
 11
174.419
 21
215.597
  0
LINE
  8
0
 10
174.419
 20
215.597
 11
174.56
 21
215.642
  0
LINE
  8
0
 10
174.56
 20
215.642
 11
174.705
 21
215.674
  0
LINE
  8
0
 10
174.705
 20
215.674
 11
174.852
 21
215.694
  0
LINE
  8
0
 10
174.852
 20
215.694
 11
175
 21
215.7
  0
LINE
  8
0
 10
175
 20
215.7
 11
175.148
 21
215.694
  0
LINE
  8
0
 10
175.148
 20
215.694
 11
175.295
 21
215.674
  0
LINE
  8
0
 10
175.295
 20
215.674
 11
175.44
 21
215.642
  0
LINE
  8
0
 10
175.44
 20
215.642
 11
175.581
 21
215.597
  0
LINE
  8
0
 10
175.581
 20
215.597
 11
175.718
 21
215.541
  0
LINE
  8
0
 10
175.718
 20
215.541
 11
175.85
 21
215.472
  0
LINE
  8
0
 10
175.85
 20
215.472
 11
175.975
 21
215.393
  0
LINE
  8
0
 10
175.975
 20
215.393
 11
176.093
 21
215.302
  0
LINE
  8
0
 10
176.093
 20
215.302
 11
176.202
 21
215.202
  0
LINE
  8
0
 10
176.202
 20
215.202
 11
176.302
 21
215.093
  0
LINE
  8
0
 10
176.302
 20
215.093
 11
176.393
 21
214.975
  0
LINE
  8
0
 10
176.393
 20
214.975
 11
176.472
 21
214.85
  0
LINE
  8
0
 10
176.472
 20
214.85
 11
176.541
 21
214.718
  0
LINE
  8
0
 10
176.541
 20
214.718
 11
176.597
 21
214.581
  0
LINE
  8
0
 10
176.597
 20
214.581
 11
176.642
 21
214.44
  0
LINE
  8
0
 10
176.642
 20
214.44
 11
176.674
 21
214.295
  0
LINE
  8
0
 10
176.674
 20
214.295
 11
176.694
 21
214.148
  0
LINE
  8
0
 10
176.694
 20
214.148
 11
176.7
 21
214
  0
LINE
  8
0
 10
176.7
 20
214
 11
176.694
 21
213.852
  0
LINE
  8
0
 10
176.694
 20
213.852
 11
176.674
 21
213.705
  0
LINE
  8
0
 10
176.674
 20
213.705
 11
176.642
 21
213.56
  0
LINE
  8
0
 10
176.642
 20
213.56
 11
176.597
 21
213.419
  0
LINE
  8
0
 10
176.597
 20
213.419
 11
176.541
 21
213.282
  0
LINE
  8
0
 10
176.541
 20
213.282
 11
176.472
 21
213.15
  0
LINE
  8
0
 10
176.472
 20
213.15
 11
176.393
 21
213.025
  0
LINE
  8
0
 10
176.393
 20
213.025
 11
176.302
 21
212.907
  0
LINE
  8
0
 10
176.302
 20
212.907
 11
176.202
 21
212.798
  0
LINE
  8
0
 10
176.202
 20
212.798
 11
176.093
 21
212.698
  0
LINE
  8
0
 10
176.093
 20
212.698
 11
175.975
 21
212.607
  0
LINE
  8
0
 10
175.975
 20
212.607
 11
175.85
 21
212.528
  0
LINE
  8
0
 10
175.85
 20
212.528
 11
175.718
 21
212.459
  0
LINE
  8
0
 10
175.718
 20
212.459
 11
175.581
 21
212.403
  0
LINE
  8
0
 10
175.581
 20
212.403
 11
175.44
 21
212.358
  0
LINE
  8
0
 10
175.44
 20
212.358
 11
175.295
 21
212.326
  0
LINE
  8
0
 10
175.295
 20
212.326
 11
175.148
 21
212.306
  0
LINE
  8
0
 10
175.148
 20
212.306
 11
175
 21
212.3
  0
LINE
  8
0
 10
175
 20
212.3
 11
174.852
 21
212.306
  0
LINE
  8
0
 10
-85.1133
 20
199.705
 11
-85.2258
 21
199.72
  0
LINE
  8
0
 10
-85.2258
 20
199.72
 11
-85.3365
 21
199.744
  0
LINE
  8
0
 10
-85.3365
 20
199.744
 11
-85.4446
 21
199.778
  0
LINE
  8
0
 10
-85.4446
 20
199.778
 11
-85.5494
 21
199.822
  0
LINE
  8
0
 10
-85.5494
 20
199.822
 11
-85.65
 21
199.874
  0
LINE
  8
0
 10
-85.65
 20
199.874
 11
-85.7457
 21
199.935
  0
LINE
  8
0
 10
-85.7457
 20
199.935
 11
-85.8356
 21
200.004
  0
LINE
  8
0
 10
-85.8356
 20
200.004
 11
-85.9193
 21
200.081
  0
LINE
  8
0
 10
-85.9193
 20
200.081
 11
-85.9959
 21
200.164
  0
LINE
  8
0
 10
-85.9959
 20
200.164
 11
-86.0649
 21
200.254
  0
LINE
  8
0
 10
-86.0649
 20
200.254
 11
-86.1258
 21
200.35
  0
LINE
  8
0
 10
-86.1258
 20
200.35
 11
-86.1782
 21
200.451
  0
LINE
  8
0
 10
-86.1782
 20
200.451
 11
-86.2216
 21
200.555
  0
LINE
  8
0
 10
-86.2216
 20
200.555
 11
-86.2557
 21
200.664
  0
LINE
  8
0
 10
-86.2557
 20
200.664
 11
-86.2803
 21
200.774
  0
LINE
  8
0
 10
-86.2803
 20
200.774
 11
-86.2951
 21
200.887
  0
LINE
  8
0
 10
-86.2951
 20
200.887
 11
-86.3
 21
201
  0
LINE
  8
0
 10
-86.3
 20
201
 11
-86.2951
 21
201.113
  0
LINE
  8
0
 10
-86.2951
 20
201.113
 11
-86.2803
 21
201.226
  0
LINE
  8
0
 10
-86.2803
 20
201.226
 11
-86.2557
 21
201.336
  0
LINE
  8
0
 10
-86.2557
 20
201.336
 11
-86.2216
 21
201.445
  0
LINE
  8
0
 10
-86.2216
 20
201.445
 11
-86.1782
 21
201.549
  0
LINE
  8
0
 10
-86.1782
 20
201.549
 11
-86.1258
 21
201.65
  0
LINE
  8
0
 10
-86.1258
 20
201.65
 11
-86.0649
 21
201.746
  0
LINE
  8
0
 10
-86.0649
 20
201.746
 11
-85.9959
 21
201.836
  0
LINE
  8
0
 10
-85.9959
 20
201.836
 11
-85.9193
 21
201.919
  0
LINE
  8
0
 10
-85.9193
 20
201.919
 11
-85.8356
 21
201.996
  0
LINE
  8
0
 10
-85.8356
 20
201.996
 11
-85.7457
 21
202.065
  0
LINE
  8
0
 10
-85.7457
 20
202.065
 11
-85.65
 21
202.126
  0
LINE
  8
0
 10
-85.65
 20
202.126
 11
-85.5494
 21
202.178
  0
LINE
  8
0
 10
-85.5494
 20
202.178
 11
-85.4446
 21
202.222
  0
LINE
  8
0
 10
-85.4446
 20
202.222
 11
-85.3365
 21
202.256
  0
LINE
  8
0
 10
-85.3365
 20
202.256
 11
-85.2258
 21
202.28
  0
LINE
  8
0
 10
-85.2258
 20
202.28
 11
-85.1133
 21
202.295
  0
LINE
  8
0
 10
-85.1133
 20
202.295
 11
-85
 21
202.3
  0
LINE
  8
0
 10
-85
 20
202.3
 11
-84.8867
 21
202.295
  0
LINE
  8
0
 10
-84.8867
 20
202.295
 11
-84.7743
 21
202.28
  0
LINE
  8
0
 10
-84.7743
 20
202.28
 11
-84.6635
 21
202.256
  0
LINE
  8
0
 10
-84.6635
 20
202.256
 11
-84.5554
 21
202.222
  0
LINE
  8
0
 10
-84.5554
 20
202.222
 11
-84.4506
 21
202.178
  0
LINE
  8
0
 10
-84.4506
 20
202.178
 11
-84.35
 21
202.126
  0
LINE
  8
0
 10
-84.35
 20
202.126
 11
-84.2544
 21
202.065
  0
LINE
  8
0
 10
-84.2544
 20
202.065
 11
-84.1644
 21
201.996
  0
LINE
  8
0
 10
-84.1644
 20
201.996
 11
-84.0808
 21
201.919
  0
LINE
  8
0
 10
-84.0808
 20
201.919
 11
-84.0042
 21
201.836
  0
LINE
  8
0
 10
-84.0042
 20
201.836
 11
-83.9351
 21
201.746
  0
LINE
  8
0
 10
-83.9351
 20
201.746
 11
-83.8742
 21
201.65
  0
LINE
  8
0
 10
-83.8742
 20
201.65
 11
-83.8218
 21
201.549
  0
LINE
  8
0
 10
-83.8218
 20
201.549
 11
-83.7784
 21
201.445
  0
LINE
  8
0
 10
-83.7784
 20
201.445
 11
-83.7443
 21
201.336
  0
LINE
  8
0
 10
-83.7443
 20
201.336
 11
-83.7198
 21
201.226
  0
LINE
  8
0
 10
-83.7198
 20
201.226
 11
-83.705
 21
201.113
  0
LINE
  8
0
 10
-83.705
 20
201.113
 11
-83.7
 21
201
  0
LINE
  8
0
 10
-83.7
 20
201
 11
-83.705
 21
200.887
  0
LINE
  8
0
 10
-83.705
 20
200.887
 11
-83.7198
 21
200.774
  0
LINE
  8
0
 10
-83.7198
 20
200.774
 11
-83.7443
 21
200.664
  0
LINE
  8
0
 10
-83.7443
 20
200.664
 11
-83.7784
 21
200.555
  0
LINE
  8
0
 10
-83.7784
 20
200.555
 11
-83.8218
 21
200.451
  0
LINE
  8
0
 10
-83.8218
 20
200.451
 11
-83.8742
 21
200.35
  0
LINE
  8
0
 10
-83.8742
 20
200.35
 11
-83.9351
 21
200.254
  0
LINE
  8
0
 10
-83.9351
 20
200.254
 11
-84.0042
 21
200.164
  0
LINE
  8
0
 10
-84.0042
 20
200.164
 11
-84.0808
 21
200.081
  0
LINE
  8
0
 10
-84.0808
 20
200.081
 11
-84.1644
 21
200.004
  0
LINE
  8
0
 10
-84.1644
 20
200.004
 11
-84.2544
 21
199.935
  0
LINE
  8
0
 10
-84.2544
 20
199.935
 11
-84.35
 21
199.874
  0
LINE
  8
0
 10
-84.35
 20
199.874
 11
-84.4506
 21
199.822
  0
LINE
  8
0
 10
-84.4506
 20
199.822
 11
-84.5554
 21
199.778
  0
LINE
  8
0
 10
-84.5554
 20
199.778
 11
-84.6635
 21
199.744
  0
LINE
  8
0
 10
-84.6635
 20
199.744
 11
-84.7743
 21
199.72
  0
LINE
  8
0
 10
-84.7743
 20
199.72
 11
-84.8867
 21
199.705
  0
LINE
  8
0
 10
-84.8867
 20
199.705
 11
-85
 21
199.7
  0
LINE
  8
0
 10
-85
 20
199.7
 11
-85.1133
 21
199.705
  0
LINE
  8
0
 10
-245.113
 20
199.705
 11
-245.226
 21
199.72
  0
LINE
  8
0
 10
-245.226
 20
199.72
 11
-245.336
 21
199.744
  0
LINE
  8
0
 10
-245.336
 20
199.744
 11
-245.445
 21
199.778
  0
LINE
  8
0
 10
-245.445
 20
199.778
 11
-245.549
 21
199.822
  0
LINE
  8
0
 10
-245.549
 20
199.822
 11
-245.65
 21
199.874
  0
LINE
  8
0
 10
-245.65
 20
199.874
 11
-245.746
 21
199.935
  0
LINE
  8
0
 10
-245.746
 20
199.935
 11
-245.836
 21
200.004
  0
LINE
  8
0
 10
-245.836
 20
200.004
 11
-245.919
 21
200.081
  0
LINE
  8
0
 10
-245.919
 20
200.081
 11
-245.996
 21
200.164
  0
LINE
  8
0
 10
-245.996
 20
200.164
 11
-246.065
 21
200.254
  0
LINE
  8
0
 10
-246.065
 20
200.254
 11
-246.126
 21
200.35
  0
LINE
  8
0
 10
-246.126
 20
200.35
 11
-246.178
 21
200.451
  0
LINE
  8
0
 10
-246.178
 20
200.451
 11
-246.222
 21
200.555
  0
LINE
  8
0
 10
-246.222
 20
200.555
 11
-246.256
 21
200.664
  0
LINE
  8
0
 10
-246.256
 20
200.664
 11
-246.28
 21
200.774
  0
LINE
  8
0
 10
-246.28
 20
200.774
 11
-246.295
 21
200.887
  0
LINE
  8
0
 10
-246.295
 20
200.887
 11
-246.3
 21
201
  0
LINE
  8
0
 10
-246.3
 20
201
 11
-246.295
 21
201.113
  0
LINE
  8
0
 10
-246.295
 20
201.113
 11
-246.28
 21
201.226
  0
LINE
  8
0
 10
-246.28
 20
201.226
 11
-246.256
 21
201.336
  0
LINE
  8
0
 10
-246.256
 20
201.336
 11
-246.222
 21
201.445
  0
LINE
  8
0
 10
-246.222
 20
201.445
 11
-246.178
 21
201.549
  0
LINE
  8
0
 10
-246.178
 20
201.549
 11
-246.126
 21
201.65
  0
LINE
  8
0
 10
-246.126
 20
201.65
 11
-246.065
 21
201.746
  0
LINE
  8
0
 10
-246.065
 20
201.746
 11
-245.996
 21
201.836
  0
LINE
  8
0
 10
-245.996
 20
201.836
 11
-245.919
 21
201.919
  0
LINE
  8
0
 10
-245.919
 20
201.919
 11
-245.836
 21
201.996
  0
LINE
  8
0
 10
-245.836
 20
201.996
 11
-245.746
 21
202.065
  0
LINE
  8
0
 10
-245.746
 20
202.065
 11
-245.65
 21
202.126
  0
LINE
  8
0
 10
-245.65
 20
202.126
 11
-245.549
 21
202.178
  0
LINE
  8
0
 10
-245.549
 20
202.178
 11
-245.445
 21
202.222
  0
LINE
  8
0
 10
-245.445
 20
202.222
 11
-245.336
 21
202.256
  0
LINE
  8
0
 10
-245.336
 20
202.256
 11
-245.226
 21
202.28
  0
LINE
  8
0
 10
-245.226
 20
202.28
 11
-245.113
 21
202.295
  0
LINE
  8
0
 10
-245.113
 20
202.295
 11
-245
 21
202.3
  0
LINE
  8
0
 10
-245
 20
202.3
 11
-244.887
 21
202.295
  0
LINE
  8
0
 10
-244.887
 20
202.295
 11
-244.774
 21
202.28
  0
LINE
  8
0
 10
-244.774
 20
202.28
 11
-244.664
 21
202.256
  0
LINE
  8
0
 10
-244.664
 20
202.256
 11
-244.555
 21
202.222
  0
LINE
  8
0
 10
-244.555
 20
202.222
 11
-244.451
 21
202.178
  0
LINE
  8
0
 10
-244.451
 20
202.178
 11
-244.35
 21
202.126
  0
LINE
  8
0
 10
-244.35
 20
202.126
 11
-244.254
 21
202.065
  0
LINE
  8
0
 10
-244.254
 20
202.065
 11
-244.164
 21
201.996
  0
LINE
  8
0
 10
-244.164
 20
201.996
 11
-244.081
 21
201.919
  0
LINE
  8
0
 10
-244.081
 20
201.919
 11
-244.004
 21
201.836
  0
LINE
  8
0
 10
-244.004
 20
201.836
 11
-243.935
 21
201.746
  0
LINE
  8
0
 10
-243.935
 20
201.746
 11
-243.874
 21
201.65
  0
LINE
  8
0
 10
-243.874
 20
201.65
 11
-243.822
 21
201.549
  0
LINE
  8
0
 10
-243.822
 20
201.549
 11
-243.778
 21
201.445
  0
LINE
  8
0
 10
-243.778
 20
201.445
 11
-243.744
 21
201.336
  0
LINE
  8
0
 10
-243.744
 20
201.336
 11
-243.72
 21
201.226
  0
LINE
  8
0
 10
-243.72
 20
201.226
 11
-243.705
 21
201.113
  0
LINE
  8
0
 10
-243.705
 20
201.113
 11
-243.7
 21
201
  0
LINE
  8
0
 10
-243.7
 20
201
 11
-243.705
 21
200.887
  0
LINE
  8
0
 10
-243.705
 20
200.887
 11
-243.72
 21
200.774
  0
LINE
  8
0
 10
-243.72
 20
200.774
 11
-243.744
 21
200.664
  0
LINE
  8
0
 10
-243.744
 20
200.664
 11
-243.778
 21
200.555
  0
LINE
  8
0
 10
-243.778
 20
200.555
 11
-243.822
 21
200.451
  0
LINE
  8
0
 10
-243.822
 20
200.451
 11
-243.874
 21
200.35
  0
LINE
  8
0
 10
-243.874
 20
200.35
 11
-243.935
 21
200.254
  0
LINE
  8
0
 10
-243.935
 20
200.254
 11
-244.004
 21
200.164
  0
LINE
  8
0
 10
-244.004
 20
200.164
 11
-244.081
 21
200.081
  0
LINE
  8
0
 10
-244.081
 20
200.081
 11
-244.164
 21
200.004
  0
LINE
  8
0
 10
-244.164
 20
200.004
 11
-244.254
 21
199.935
  0
LINE
  8
0
 10
-244.254
 20
199.935
 11
-244.35
 21
199.874
  0
LINE
  8
0
 10
-244.35
 20
199.874
 11
-244.451
 21
199.822
  0
LINE
  8
0
 10
-244.451
 20
199.822
 11
-244.555
 21
199.778
  0
LINE
  8
0
 10
-244.555
 20
199.778
 11
-244.664
 21
199.744
  0
LINE
  8
0
 10
-244.664
 20
199.744
 11
-244.774
 21
199.72
  0
LINE
  8
0
 10
-244.774
 20
199.72
 11
-244.887
 21
199.705
  0
LINE
  8
0
 10
-244.887
 20
199.705
 11
-245
 21
199.7
  0
LINE
  8
0
 10
-245
 20
199.7
 11
-245.113
 21
199.705
  0
LINE
  8
0
 10
-244
 20
122
 11
-244
 21
200
  0
LINE
  8
0
 10
-244
 20
200
 11
-86
 21
200
  0
LINE
  8
0
 10
-86
 20
200
 11
-86
 21
122
  0
LINE
  8
0
 10
-86
 20
122
 11
-244
 21
122
  0
LINE
  8
0
 10
332.514
 20
120.152
 11
329.054
 21
120.608
  0
LINE
  8
0
 10
329.054
 20
120.608
 11
325.647
 21
121.363
  0
LINE
  8
0
 10
325.647
 20
121.363
 11
322.319
 21
122.412
  0
LINE
  8
0
 10
322.319
 20
122.412
 11
319.095
 21
123.748
  0
LINE
  8
0
 10
319.095
 20
123.748
 11
316
 21
125.359
  0
LINE
  8
0
 10
316
 20
125.359
 11
313.057
 21
127.234
  0
LINE
  8
0
 10
313.057
 20
127.234
 11
310.288
 21
129.358
  0
LINE
  8
0
 10
310.288
 20
129.358
 11
307.716
 21
131.716
  0
LINE
  8
0
 10
307.716
 20
131.716
 11
305.358
 21
134.288
  0
LINE
  8
0
 10
305.358
 20
134.288
 11
303.234
 21
137.057
  0
LINE
  8
0
 10
303.234
 20
137.057
 11
301.359
 21
140
  0
LINE
  8
0
 10
301.359
 20
140
 11
299.748
 21
143.095
  0
LINE
  8
0
 10
299.748
 20
143.095
 11
298.412
 21
146.319
  0
LINE
  8
0
 10
298.412
 20
146.319
 11
297.363
 21
149.647
  0
LINE
  8
0
 10
297.363
 20
149.647
 11
296.608
 21
153.054
  0
LINE
  8
0
 10
296.608
 20
153.054
 11
296.152
 21
156.514
  0
LINE
  8
0
 10
296.152
 20
156.514
 11
296
 21
160
  0
LINE
  8
0
 10
296
 20
160
 11
296.152
 21
163.486
  0
LINE
  8
0
 10
296.152
 20
163.486
 11
296.608
 21
166.946
  0
LINE
  8
0
 10
296.608
 20
166.946
 11
297.363
 21
170.353
  0
LINE
  8
0
 10
297.363
 20
170.353
 11
298.412
 21
173.681
  0
LINE
  8
0
 10
298.412
 20
173.681
 11
299.748
 21
176.905
  0
LINE
  8
0
 10
299.748
 20
176.905
 11
301.359
 21
180
  0
LINE
  8
0
 10
301.359
 20
180
 11
303.234
 21
182.943
  0
LINE
  8
0
 10
303.234
 20
182.943
 11
305.358
 21
185.712
  0
LINE
  8
0
 10
305.358
 20
185.712
 11
307.716
 21
188.284
  0
LINE
  8
0
 10
307.716
 20
188.284
 11
310.288
 21
190.642
  0
LINE
  8
0
 10
310.288
 20
190.642
 11
313.057
 21
192.766
  0
LINE
  8
0
 10
313.057
 20
192.766
 11
316
 21
194.641
  0
LINE
  8
0
 10
316
 20
194.641
 11
319.095
 21
196.252
  0
LINE
  8
0
 10
319.095
 20
196.252
 11
322.319
 21
197.588
  0
LINE
  8
0
 10
322.319
 20
197.588
 11
325.647
 21
198.637
  0
LINE
  8
0
 10
325.647
 20
198.637
 11
329.054
 21
199.392
  0
LINE
  8
0
 10
329.054
 20
199.392
 11
332.514
 21
199.848
  0
LINE
  8
0
 10
332.514
 20
199.848
 11
336
 21
200
  0
LINE
  8
0
 10
336
 20
200
 11
339.486
 21
199.848
  0
LINE
  8
0
 10
339.486
 20
199.848
 11
342.946
 21
199.392
  0
LINE
  8
0
 10
342.946
 20
199.392
 11
346.353
 21
198.637
  0
LINE
  8
0
 10
346.353
 20
198.637
 11
349.681
 21
197.588
  0
LINE
  8
0
 10
349.681
 20
197.588
 11
352.905
 21
196.252
  0
LINE
  8
0
 10
352.905
 20
196.252
 11
356
 21
194.641
  0
LINE
  8
0
 10
356
 20
194.641
 11
358.943
 21
192.766
  0
LINE
  8
0
 10
358.943
 20
192.766
 11
361.712
 21
190.642
  0
LINE
  8
0
 10
361.712
 20
190.642
 11
364.284
 21
188.284
  0
LINE
  8
0
 10
364.284
 20
188.284
 11
366.642
 21
185.712
  0
LINE
  8
0
 10
366.642
 20
185.712
 11
368.766
 21
182.943
  0
LINE
  8
0
 10
368.766
 20
182.943
 11
370.641
 21
180
  0
LINE
  8
0
 10
370.641
 20
180
 11
372.252
 21
176.905
  0
LINE
  8
0
 10
372.252
 20
176.905
 11
373.588
 21
173.681
  0
LINE
  8
0
 10
373.588
 20
173.681
 11
374.637
 21
170.353
  0
LINE
  8
0
 10
374.637
 20
170.353
 11
375.392
 21
166.946
  0
LINE
  8
0
 10
375.392
 20
166.946
 11
375.848
 21
163.486
  0
LINE
  8
0
 10
375.848
 20
163.486
 11
376
 21
160
  0
LINE
  8
0
 10
376
 20
160
 11
375.848
 21
156.514
  0
LINE
  8
0
 10
375.848
 20
156.514
 11
375.392
 21
153.054
  0
LINE
  8
0
 10
375.392
 20
153.054
 11
374.637
 21
149.647
  0
LINE
  8
0
 10
374.637
 20
149.647
 11
373.588
 21
146.319
  0
LINE
  8
0
 10
373.588
 20
146.319
 11
372.252
 21
143.095
  0
LINE
  8
0
 10
372.252
 20
143.095
 11
370.641
 21
140
  0
LINE
  8
0
 10
370.641
 20
140
 11
368.766
 21
137.057
  0
LINE
  8
0
 10
368.766
 20
137.057
 11
366.642
 21
134.288
  0
LINE
  8
0
 10
366.642
 20
134.288
 11
364.284
 21
131.716
  0
LINE
  8
0
 10
364.284
 20
131.716
 11
361.712
 21
129.358
  0
LINE
  8
0
 10
361.712
 20
129.358
 11
358.943
 21
127.234
  0
LINE
  8
0
 10
358.943
 20
127.234
 11
356
 21
125.359
  0
LINE
  8
0
 10
356
 20
125.359
 11
352.905
 21
123.748
  0
LINE
  8
0
 10
352.905
 20
123.748
 11
349.681
 21
122.412
  0
LINE
  8
0
 10
349.681
 20
122.412
 11
346.353
 21
121.363
  0
LINE
  8
0
 10
346.353
 20
121.363
 11
342.946
 21
120.608
  0
LINE
  8
0
 10
342.946
 20
120.608
 11
339.486
 21
120.152
  0
LINE
  8
0
 10
339.486
 20
120.152
 11
336
 21
120
  0
LINE
  8
0
 10
336
 20
120
 11
332.514
 21
120.152
  0
LINE
  8
0
 10
156.514
 20
120.152
 11
153.054
 21
120.608
  0
LINE
  8
0
 10
153.054
 20
120.608
 11
149.647
 21
121.363
  0
LINE
  8
0
 10
149.647
 20
121.363
 11
146.319
 21
122.412
  0
LINE
  8
0
 10
146.319
 20
122.412
 11
143.095
 21
123.748
  0
LINE
  8
0
 10
143.095
 20
123.748
 11
140
 21
125.359
  0
LINE
  8
0
 10
140
 20
125.359
 11
137.057
 21
127.234
  0
LINE
  8
0
 10
137.057
 20
127.234
 11
134.288
 21
129.358
  0
LINE
  8
0
 10
134.288
 20
129.358
 11
131.716
 21
131.716
  0
LINE
  8
0
 10
131.716
 20
131.716
 11
129.358
 21
134.288
  0
LINE
  8
0
 10
129.358
 20
134.288
 11
127.234
 21
137.057
  0
LINE
  8
0
 10
127.234
 20
137.057
 11
125.359
 21
140
  0
LINE
  8
0
 10
125.359
 20
140
 11
123.748
 21
143.095
  0
LINE
  8
0
 10
123.748
 20
143.095
 11
122.412
 21
146.319
  0
LINE
  8
0
 10
122.412
 20
146.319
 11
121.363
 21
149.647
  0
LINE
  8
0
 10
121.363
 20
149.647
 11
120.608
 21
153.054
  0
LINE
  8
0
 10
120.608
 20
153.054
 11
120.152
 21
156.514
  0
LINE
  8
0
 10
120.152
 20
156.514
 11
120
 21
160
  0
LINE
  8
0
 10
120
 20
160
 11
120.152
 21
163.486
  0
LINE
  8
0
 10
120.152
 20
163.486
 11
120.608
 21
166.946
  0
LINE
  8
0
 10
120.608
 20
166.946
 11
121.363
 21
170.353
  0
LINE
  8
0
 10
121.363
 20
170.353
 11
122.412
 21
173.681
  0
LINE
  8
0
 10
122.412
 20
173.681
 11
123.748
 21
176.905
  0
LINE
  8
0
 10
123.748
 20
176.905
 11
125.359
 21
180
  0
LINE
  8
0
 10
125.359
 20
180
 11
127.234
 21
182.943
  0
LINE
  8
0
 10
127.234
 20
182.943
 11
129.358
 21
185.712
  0
LINE
  8
0
 10
129.358
 20
185.712
 11
131.716
 21
188.284
  0
LINE
  8
0
 10
131.716
 20
188.284
 11
134.288
 21
190.642
  0
LINE
  8
0
 10
134.288
 20
190.642
 11
137.057
 21
192.766
  0
LINE
  8
0
 10
137.057
 20
192.766
 11
140
 21
194.641
  0
LINE
  8
0
 10
140
 20
194.641
 11
143.095
 21
196.252
  0
LINE
  8
0
 10
143.095
 20
196.252
 11
146.319
 21
197.588
  0
LINE
  8
0
 10
146.319
 20
197.588
 11
149.647
 21
198.637
  0
LINE
  8
0
 10
149.647
 20
198.637
 11
153.054
 21
199.392
  0
LINE
  8
0
 10
153.054
 20
199.392
 11
156.514
 21
199.848
  0
LINE
  8
0
 10
156.514
 20
199.848
 11
160
 21
200
  0
LINE
  8
0
 10
160
 20
200
 11
163.486
 21
199.848
  0
LINE
  8
0
 10
163.486
 20
199.848
 11
166.946
 21
199.392
  0
LINE
  8
0
 10
166.946
 20
199.392
 11
170.353
 21
198.637
  0
LINE
  8
0
 10
170.353
 20
198.637
 11
173.681
 21
197.588
  0
LINE
  8
0
 10
173.681
 20
197.588
 11
176.905
 21
196.252
  0
LINE
  8
0
 10
176.905
 20
196.252
 11
180
 21
194.641
  0
LINE
  8
0
 10
180
 20
194.641
 11
182.943
 21
192.766
  0
LINE
  8
0
 10
182.943
 20
192.766
 11
185.712
 21
190.642
  0
LINE
  8
0
 10
185.712
 20
190.642
 11
188.284
 21
188.284
  0
LINE
  8
0
 10
188.284
 20
188.284
 11
190.642
 21
185.712
  0
LINE
  8
0
 10
190.642
 20
185.712
 11
192.766
 21
182.943
  0
LINE
  8
0
 10
192.766
 20
182.943
 11
194.641
 21
180
  0
LINE
  8
0
 10
194.641
 20
180
 11
196.252
 21
176.905
  0
LINE
  8
0
 10
196.252
 20
176.905
 11
197.588
 21
173.681
  0
LINE
  8
0
 10
197.588
 20
173.681
 11
198.637
 21
170.353
  0
LINE
  8
0
 10
198.637
 20
170.353
 11
199.392
 21
166.946
  0
LINE
  8
0
 10
199.392
 20
166.946
 11
199.848
 21
163.486
  0
LINE
  8
0
 10
199.848
 20
163.486
 11
200
 21
160
  0
LINE
  8
0
 10
200
 20
160
 11
199.848
 21
156.514
  0
LINE
  8
0
 10
199.848
 20
156.514
 11
199.392
 21
153.054
  0
LINE
  8
0
 10
199.392
 20
153.054
 11
198.637
 21
149.647
  0
LINE
  8
0
 10
198.637
 20
149.647
 11
197.588
 21
146.319
  0
LINE
  8
0
 10
197.588
 20
146.319
 11
196.252
 21
143.095
  0
LINE
  8
0
 10
196.252
 20
143.095
 11
194.641
 21
140
  0
LINE
  8
0
 10
194.641
 20
140
 11
192.766
 21
137.057
  0
LINE
  8
0
 10
192.766
 20
137.057
 11
190.642
 21
134.288
  0
LINE
  8
0
 10
190.642
 20
134.288
 11
188.284
 21
131.716
  0
LINE
  8
0
 10
188.284
 20
131.716
 11
185.712
 21
129.358
  0
LINE
  8
0
 10
185.712
 20
129.358
 11
182.943
 21
127.234
  0
LINE
  8
0
 10
182.943
 20
127.234
 11
180
 21
125.359
  0
LINE
  8
0
 10
180
 20
125.359
 11
176.905
 21
123.748
  0
LINE
  8
0
 10
176.905
 20
123.748
 11
173.681
 21
122.412
  0
LINE
  8
0
 10
173.681
 20
122.412
 11
170.353
 21
121.363
  0
LINE
  8
0
 10
170.353
 20
121.363
 11
166.946
 21
120.608
  0
LINE
  8
0
 10
166.946
 20
120.608
 11
163.486
 21
120.152
  0
LINE
  8
0
 10
163.486
 20
120.152
 11
160
 21
120
  0
LINE
  8
0
 10
160
 20
120
 11
156.514
 21
120.152
  0
LINE
  8
0
 10
244.514
 20
120.152
 11
241.054
 21
120.608
  0
LINE
  8
0
 10
241.054
 20
120.608
 11
237.647
 21
121.363
  0
LINE
  8
0
 10
237.647
 20
121.363
 11
234.319
 21
122.412
  0
LINE
  8
0
 10
234.319
 20
122.412
 11
231.095
 21
123.748
  0
LINE
  8
0
 10
231.095
 20
123.748
 11
228
 21
125.359
  0
LINE
  8
0
 10
228
 20
125.359
 11
225.057
 21
127.234
  0
LINE
  8
0
 10
225.057
 20
127.234
 11
222.288
 21
129.358
  0
LINE
  8
0
 10
222.288
 20
129.358
 11
219.716
 21
131.716
  0
LINE
  8
0
 10
219.716
 20
131.716
 11
217.358
 21
134.288
  0
LINE
  8
0
 10
217.358
 20
134.288
 11
215.234
 21
137.057
  0
LINE
  8
0
 10
215.234
 20
137.057
 11
213.359
 21
140
  0
LINE
  8
0
 10
213.359
 20
140
 11
211.748
 21
143.095
  0
LINE
  8
0
 10
211.748
 20
143.095
 11
210.412
 21
146.319
  0
LINE
  8
0
 10
210.412
 20
146.319
 11
209.363
 21
149.647
  0
LINE
  8
0
 10
209.363
 20
149.647
 11
208.608
 21
153.054
  0
LINE
  8
0
 10
208.608
 20
153.054
 11
208.152
 21
156.514
  0
LINE
  8
0
 10
208.152
 20
156.514
 11
208
 21
160
  0
LINE
  8
0
 10
208
 20
160
 11
208.152
 21
163.486
  0
LINE
  8
0
 10
208.152
 20
163.486
 11
208.608
 21
166.946
  0
LINE
  8
0
 10
208.608
 20
166.946
 11
209.363
 21
170.353
  0
LINE
  8
0
 10
209.363
 20
170.353
 11
210.412
 21
173.681
  0
LINE
  8
0
 10
210.412
 20
173.681
 11
211.748
 21
176.905
  0
LINE
  8
0
 10
211.748
 20
176.905
 11
213.359
 21
180
  0
LINE
  8
0
 10
213.359
 20
180
 11
215.234
 21
182.943
  0
LINE
  8
0
 10
215.234
 20
182.943
 11
217.358
 21
185.712
  0
LINE
  8
0
 10
217.358
 20
185.712
 11
219.716
 21
188.284
  0
LINE
  8
0
 10
219.716
 20
188.284
 11
222.288
 21
190.642
  0
LINE
  8
0
 10
222.288
 20
190.642
 11
225.057
 21
192.766
  0
LINE
  8
0
 10
225.057
 20
192.766
 11
228
 21
194.641
  0
LINE
  8
0
 10
228
 20
194.641
 11
231.095
 21
196.252
  0
LINE
  8
0
 10
231.095
 20
196.252
 11
234.319
 21
197.588
  0
LINE
  8
0
 10
234.319
 20
197.588
 11
237.647
 21
198.637
  0
LINE
  8
0
 10
237.647
 20
198.637
 11
241.054
 21
199.392
  0
LINE
  8
0
 10
241.054
 20
199.392
 11
244.514
 21
199.848
  0
LINE
  8
0
 10
244.514
 20
199.848
 11
248
 21
200
  0
LINE
  8
0
 10
248
 20
200
 11
251.486
 21
199.848
  0
LINE
  8
0
 10
251.486
 20
199.848
 11
254.946
 21
199.392
  0
LINE
  8
0
 10
254.946
 20
199.392
 11
258.353
 21
198.637
  0
LINE
  8
0
 10
258.353
 20
198.637
 11
261.681
 21
197.588
  0
LINE
  8
0
 10
261.681
 20
197.588
 11
264.905
 21
196.252
  0
LINE
  8
0
 10
264.905
 20
196.252
 11
268
 21
194.641
  0
LINE
  8
0
 10
268
 20
194.641
 11
270.943
 21
192.766
  0
LINE
  8
0
 10
270.943
 20
192.766
 11
273.712
 21
190.642
  0
LINE
  8
0
 10
273.712
 20
190.642
 11
276.284
 21
188.284
  0
LINE
  8
0
 10
276.284
 20
188.284
 11
278.642
 21
185.712
  0
LINE
  8
0
 10
278.642
 20
185.712
 11
280.766
 21
182.943
  0
LINE
  8
0
 10
280.766
 20
182.943
 11
282.641
 21
180
  0
LINE
  8
0
 10
282.641
 20
180
 11
284.252
 21
176.905
  0
LINE
  8
0
 10
284.252
 20
176.905
 11
285.588
 21
173.681
  0
LINE
  8
0
 10
285.588
 20
173.681
 11
286.637
 21
170.353
  0
LINE
  8
0
 10
286.637
 20
170.353
 11
287.392
 21
166.946
  0
LINE
  8
0
 10
287.392
 20
166.946
 11
287.848
 21
163.486
  0
LINE
  8
0
 10
287.848
 20
163.486
 11
288
 21
160
  0
LINE
  8
0
 10
288
 20
160
 11
287.848
 21
156.514
  0
LINE
  8
0
 10
287.848
 20
156.514
 11
287.392
 21
153.054
  0
LINE
  8
0
 10
287.392
 20
153.054
 11
286.637
 21
149.647
  0
LINE
  8
0
 10
286.637
 20
149.647
 11
285.588
 21
146.319
  0
LINE
  8
0
 10
285.588
 20
146.319
 11
284.252
 21
143.095
  0
LINE
  8
0
 10
284.252
 20
143.095
 11
282.641
 21
140
  0
LINE
  8
0
 10
282.641
 20
140
 11
280.766
 21
137.057
  0
LINE
  8
0
 10
280.766
 20
137.057
 11
278.642
 21
134.288
  0
LINE
  8
0
 10
278.642
 20
134.288
 11
276.284
 21
131.716
  0
LINE
  8
0
 10
276.284
 20
131.716
 11
273.712
 21
129.358
  0
LINE
  8
0
 10
273.712
 20
129.358
 11
270.943
 21
127.234
  0
LINE
  8
0
 10
270.943
 20
127.234
 11
268
 21
125.359
  0
LINE
  8
0
 10
268
 20
125.359
 11
264.905
 21
123.748
  0
LINE
  8
0
 10
264.905
 20
123.748
 11
261.681
 21
122.412
  0
LINE
  8
0
 10
261.681
 20
122.412
 11
258.353
 21
121.363
  0
LINE
  8
0
 10
258.353
 20
121.363
 11
254.946
 21
120.608
  0
LINE
  8
0
 10
254.946
 20
120.608
 11
251.486
 21
120.152
  0
LINE
  8
0
 10
251.486
 20
120.152
 11
248
 21
120
  0
LINE
  8
0
 10
248
 20
120
 11
244.514
 21
120.152
  0
LINE
  8
0
 10
123.887
 20
194.705
 11
123.774
 21
194.72
  0
LINE
  8
0
 10
123.774
 20
194.72
 11
123.664
 21
194.744
  0
LINE
  8
0
 10
123.664
 20
194.744
 11
123.555
 21
194.778
  0
LINE
  8
0
 10
123.555
 20
194.778
 11
123.451
 21
194.822
  0
LINE
  8
0
 10
123.451
 20
194.822
 11
123.35
 21
194.874
  0
LINE
  8
0
 10
123.35
 20
194.874
 11
123.254
 21
194.935
  0
LINE
  8
0
 10
123.254
 20
194.935
 11
123.164
 21
195.004
  0
LINE
  8
0
 10
123.164
 20
195.004
 11
123.081
 21
195.081
  0
LINE
  8
0
 10
123.081
 20
195.081
 11
123.004
 21
195.164
  0
LINE
  8
0
 10
123.004
 20
195.164
 11
122.935
 21
195.254
  0
LINE
  8
0
 10
122.935
 20
195.254
 11
122.874
 21
195.35
  0
LINE
  8
0
 10
122.874
 20
195.35
 11
122.822
 21
195.451
  0
LINE
  8
0
 10
122.822
 20
195.451
 11
122.778
 21
195.555
  0
LINE
  8
0
 10
122.778
 20
195.555
 11
122.744
 21
195.664
  0
LINE
  8
0
 10
122.744
 20
195.664
 11
122.72
 21
195.774
  0
LINE
  8
0
 10
122.72
 20
195.774
 11
122.705
 21
195.887
  0
LINE
  8
0
 10
122.705
 20
195.887
 11
122.7
 21
196
  0
LINE
  8
0
 10
122.7
 20
196
 11
122.705
 21
196.113
  0
LINE
  8
0
 10
122.705
 20
196.113
 11
122.72
 21
196.226
  0
LINE
  8
0
 10
122.72
 20
196.226
 11
122.744
 21
196.336
  0
LINE
  8
0
 10
122.744
 20
196.336
 11
122.778
 21
196.445
  0
LINE
  8
0
 10
122.778
 20
196.445
 11
122.822
 21
196.549
  0
LINE
  8
0
 10
122.822
 20
196.549
 11
122.874
 21
196.65
  0
LINE
  8
0
 10
122.874
 20
196.65
 11
122.935
 21
196.746
  0
LINE
  8
0
 10
122.935
 20
196.746
 11
123.004
 21
196.836
  0
LINE
  8
0
 10
123.004
 20
196.836
 11
123.081
 21
196.919
  0
LINE
  8
0
 10
123.081
 20
196.919
 11
123.164
 21
196.996
  0
LINE
  8
0
 10
123.164
 20
196.996
 11
123.254
 21
197.065
  0
LINE
  8
0
 10
123.254
 20
197.065
 11
123.35
 21
197.126
  0
LINE
  8
0
 10
123.35
 20
197.126
 11
123.451
 21
197.178
  0
LINE
  8
0
 10
123.451
 20
197.178
 11
123.555
 21
197.222
  0
LINE
  8
0
 10
123.555
 20
197.222
 11
123.664
 21
197.256
  0
LINE
  8
0
 10
123.664
 20
197.256
 11
123.774
 21
197.28
  0
LINE
  8
0
 10
123.774
 20
197.28
 11
123.887
 21
197.295
  0
LINE
  8
0
 10
123.887
 20
197.295
 11
124
 21
197.3
  0
LINE
  8
0
 10
124
 20
197.3
 11
124.113
 21
197.295
  0
LINE
  8
0
 10
124.113
 20
197.295
 11
124.226
 21
197.28
  0
LINE
  8
0
 10
124.226
 20
197.28
 11
124.336
 21
197.256
  0
LINE
  8
0
 10
124.336
 20
197.256
 11
124.445
 21
197.222
  0
LINE
  8
0
 10
124.445
 20
197.222
 11
124.549
 21
197.178
  0
LINE
  8
0
 10
124.549
 20
197.178
 11
124.65
 21
197.126
  0
LINE
  8
0
 10
124.65
 20
197.126
 11
124.746
 21
197.065
  0
LINE
  8
0
 10
124.746
 20
197.065
 11
124.836
 21
196.996
  0
LINE
  8
0
 10
124.836
 20
196.996
 11
124.919
 21
196.919
  0
LINE
  8
0
 10
124.919
 20
196.919
 11
124.996
 21
196.836
  0
LINE
  8
0
 10
124.996
 20
196.836
 11
125.065
 21
196.746
  0
LINE
  8
0
 10
125.065
 20
196.746
 11
125.126
 21
196.65
  0
LINE
  8
0
 10
125.126
 20
196.65
 11
125.178
 21
196.549
  0
LINE
  8
0
 10
125.178
 20
196.549
 11
125.222
 21
196.445
  0
LINE
  8
0
 10
125.222
 20
196.445
 11
125.256
 21
196.336
  0
LINE
  8
0
 10
125.256
 20
196.336
 11
125.28
 21
196.226
  0
LINE
  8
0
 10
125.28
 20
196.226
 11
125.295
 21
196.113
  0
LINE
  8
0
 10
125.295
 20
196.113
 11
125.3
 21
196
  0
LINE
  8
0
 10
125.3
 20
196
 11
125.295
 21
195.887
  0
LINE
  8
0
 10
125.295
 20
195.887
 11
125.28
 21
195.774
  0
LINE
  8
0
 10
125.28
 20
195.774
 11
125.256
 21
195.664
  0
LINE
  8
0
 10
125.256
 20
195.664
 11
125.222
 21
195.555
  0
LINE
  8
0
 10
125.222
 20
195.555
 11
125.178
 21
195.451
  0
LINE
  8
0
 10
125.178
 20
195.451
 11
125.126
 21
195.35
  0
LINE
  8
0
 10
125.126
 20
195.35
 11
125.065
 21
195.254
  0
LINE
  8
0
 10
125.065
 20
195.254
 11
124.996
 21
195.164
  0
LINE
  8
0
 10
124.996
 20
195.164
 11
124.919
 21
195.081
  0
LINE
  8
0
 10
124.919
 20
195.081
 11
124.836
 21
195.004
  0
LINE
  8
0
 10
124.836
 20
195.004
 11
124.746
 21
194.935
  0
LINE
  8
0
 10
124.746
 20
194.935
 11
124.65
 21
194.874
  0
LINE
  8
0
 10
124.65
 20
194.874
 11
124.549
 21
194.822
  0
LINE
  8
0
 10
124.549
 20
194.822
 11
124.445
 21
194.778
  0
LINE
  8
0
 10
124.445
 20
194.778
 11
124.336
 21
194.744
  0
LINE
  8
0
 10
124.336
 20
194.744
 11
124.226
 21
194.72
  0
LINE
  8
0
 10
124.226
 20
194.72
 11
124.113
 21
194.705
  0
LINE
  8
0
 10
124.113
 20
194.705
 11
124
 21
194.7
  0
LINE
  8
0
 10
124
 20
194.7
 11
123.887
 21
194.705
  0
LINE
  8
0
 10
371.887
 20
194.705
 11
371.774
 21
194.72
  0
LINE
  8
0
 10
371.774
 20
194.72
 11
371.664
 21
194.744
  0
LINE
  8
0
 10
371.664
 20
194.744
 11
371.555
 21
194.778
  0
LINE
  8
0
 10
371.555
 20
194.778
 11
371.451
 21
194.822
  0
LINE
  8
0
 10
371.451
 20
194.822
 11
371.35
 21
194.874
  0
LINE
  8
0
 10
371.35
 20
194.874
 11
371.254
 21
194.935
  0
LINE
  8
0
 10
371.254
 20
194.935
 11
371.164
 21
195.004
  0
LINE
  8
0
 10
371.164
 20
195.004
 11
371.081
 21
195.081
  0
LINE
  8
0
 10
371.081
 20
195.081
 11
371.004
 21
195.164
  0
LINE
  8
0
 10
371.004
 20
195.164
 11
370.935
 21
195.254
  0
LINE
  8
0
 10
370.935
 20
195.254
 11
370.874
 21
195.35
  0
LINE
  8
0
 10
370.874
 20
195.35
 11
370.822
 21
195.451
  0
LINE
  8
0
 10
370.822
 20
195.451
 11
370.778
 21
195.555
  0
LINE
  8
0
 10
370.778
 20
195.555
 11
370.744
 21
195.664
  0
LINE
  8
0
 10
370.744
 20
195.664
 11
370.72
 21
195.774
  0
LINE
  8
0
 10
370.72
 20
195.774
 11
370.705
 21
195.887
  0
LINE
  8
0
 10
370.705
 20
195.887
 11
370.7
 21
196
  0
LINE
  8
0
 10
370.7
 20
196
 11
370.705
 21
196.113
  0
LINE
  8
0
 10
370.705
 20
196.113
 11
370.72
 21
196.226
  0
LINE
  8
0
 10
370.72
 20
196.226
 11
370.744
 21
196.336
  0
LINE
  8
0
 10
370.744
 20
196.336
 11
370.778
 21
196.445
  0
LINE
  8
0
 10
370.778
 20
196.445
 11
370.822
 21
196.549
  0
LINE
  8
0
 10
370.822
 20
196.549
 11
370.874
 21
196.65
  0
LINE
  8
0
 10
370.874
 20
196.65
 11
370.935
 21
196.746
  0
LINE
  8
0
 10
370.935
 20
196.746
 11
371.004
 21
196.836
  0
LINE
  8
0
 10
371.004
 20
196.836
 11
371.081
 21
196.919
  0
LINE
  8
0
 10
371.081
 20
196.919
 11
371.164
 21
196.996
  0
LINE
  8
0
 10
371.164
 20
196.996
 11
371.254
 21
197.065
  0
LINE
  8
0
 10
371.254
 20
197.065
 11
371.35
 21
197.126
  0
LINE
  8
0
 10
371.35
 20
197.126
 11
371.451
 21
197.178
  0
LINE
  8
0
 10
371.451
 20
197.178
 11
371.555
 21
197.222
  0
LINE
  8
0
 10
371.555
 20
197.222
 11
371.664
 21
197.256
  0
LINE
  8
0
 10
371.664
 20
197.256
 11
371.774
 21
197.28
  0
LINE
  8
0
 10
371.774
 20
197.28
 11
371.887
 21
197.295
  0
LINE
  8
0
 10
371.887
 20
197.295
 11
372
 21
197.3
  0
LINE
  8
0
 10
372
 20
197.3
 11
372.113
 21
197.295
  0
LINE
  8
0
 10
372.113
 20
197.295
 11
372.226
 21
197.28
  0
LINE
  8
0
 10
372.226
 20
197.28
 11
372.336
 21
197.256
  0
LINE
  8
0
 10
372.336
 20
197.256
 11
372.445
 21
197.222
  0
LINE
  8
0
 10
372.445
 20
197.222
 11
372.549
 21
197.178
  0
LINE
  8
0
 10
372.549
 20
197.178
 11
372.65
 21
197.126
  0
LINE
  8
0
 10
372.65
 20
197.126
 11
372.746
 21
197.065
  0
LINE
  8
0
 10
372.746
 20
197.065
 11
372.836
 21
196.996
  0
LINE
  8
0
 10
372.836
 20
196.996
 11
372.919
 21
196.919
  0
LINE
  8
0
 10
372.919
 20
196.919
 11
372.996
 21
196.836
  0
LINE
  8
0
 10
372.996
 20
196.836
 11
373.065
 21
196.746
  0
LINE
  8
0
 10
373.065
 20
196.746
 11
373.126
 21
196.65
  0
LINE
  8
0
 10
373.126
 20
196.65
 11
373.178
 21
196.549
  0
LINE
  8
0
 10
373.178
 20
196.549
 11
373.222
 21
196.445
  0
LINE
  8
0
 10
373.222
 20
196.445
 11
373.256
 21
196.336
  0
LINE
  8
0
 10
373.256
 20
196.336
 11
373.28
 21
196.226
  0
LINE
  8
0
 10
373.28
 20
196.226
 11
373.295
 21
196.113
  0
LINE
  8
0
 10
373.295
 20
196.113
 11
373.3
 21
196
  0
LINE
  8
0
 10
373.3
 20
196
 11
373.295
 21
195.887
  0
LINE
  8
0
 10
373.295
 20
195.887
 11
373.28
 21
195.774
  0
LINE
  8
0
 10
373.28
 20
195.774
 11
373.256
 21
195.664
  0
LINE
  8
0
 10
373.256
 20
195.664
 11
373.222
 21
195.555
  0
LINE
  8
0
 10
373.222
 20
195.555
 11
373.178
 21
195.451
  0
LINE
  8
0
 10
373.178
 20
195.451
 11
373.126
 21
195.35
  0
LINE
  8
0
 10
373.126
 20
195.35
 11
373.065
 21
195.254
  0
LINE
  8
0
 10
373.065
 20
195.254
 11
372.996
 21
195.164
  0
LINE
  8
0
 10
372.996
 20
195.164
 11
372.919
 21
195.081
  0
LINE
  8
0
 10
372.919
 20
195.081
 11
372.836
 21
195.004
  0
LINE
  8
0
 10
372.836
 20
195.004
 11
372.746
 21
194.935
  0
LINE
  8
0
 10
372.746
 20
194.935
 11
372.65
 21
194.874
  0
LINE
  8
0
 10
372.65
 20
194.874
 11
372.549
 21
194.822
  0
LINE
  8
0
 10
372.549
 20
194.822
 11
372.445
 21
194.778
  0
LINE
  8
0
 10
372.445
 20
194.778
 11
372.336
 21
194.744
  0
LINE
  8
0
 10
372.336
 20
194.744
 11
372.226
 21
194.72
  0
LINE
  8
0
 10
372.226
 20
194.72
 11
372.113
 21
194.705
  0
LINE
  8
0
 10
372.113
 20
194.705
 11
372
 21
194.7
  0
LINE
  8
0
 10
372
 20
194.7
 11
371.887
 21
194.705
  0
LINE
  8
0
 10
299.887
 20
194.705
 11
299.774
 21
194.72
  0
LINE
  8
0
 10
299.774
 20
194.72
 11
299.664
 21
194.744
  0
LINE
  8
0
 10
299.664
 20
194.744
 11
299.555
 21
194.778
  0
LINE
  8
0
 10
299.555
 20
194.778
 11
299.451
 21
194.822
  0
LINE
  8
0
 10
299.451
 20
194.822
 11
299.35
 21
194.874
  0
LINE
  8
0
 10
299.35
 20
194.874
 11
299.254
 21
194.935
  0
LINE
  8
0
 10
299.254
 20
194.935
 11
299.164
 21
195.004
  0
LINE
  8
0
 10
299.164
 20
195.004
 11
299.081
 21
195.081
  0
LINE
  8
0
 10
299.081
 20
195.081
 11
299.004
 21
195.164
  0
LINE
  8
0
 10
299.004
 20
195.164
 11
298.935
 21
195.254
  0
LINE
  8
0
 10
298.935
 20
195.254
 11
298.874
 21
195.35
  0
LINE
  8
0
 10
298.874
 20
195.35
 11
298.822
 21
195.451
  0
LINE
  8
0
 10
298.822
 20
195.451
 11
298.778
 21
195.555
  0
LINE
  8
0
 10
298.778
 20
195.555
 11
298.744
 21
195.664
  0
LINE
  8
0
 10
298.744
 20
195.664
 11
298.72
 21
195.774
  0
LINE
  8
0
 10
298.72
 20
195.774
 11
298.705
 21
195.887
  0
LINE
  8
0
 10
298.705
 20
195.887
 11
298.7
 21
196
  0
LINE
  8
0
 10
298.7
 20
196
 11
298.705
 21
196.113
  0
LINE
  8
0
 10
298.705
 20
196.113
 11
298.72
 21
196.226
  0
LINE
  8
0
 10
298.72
 20
196.226
 11
298.744
 21
196.336
  0
LINE
  8
0
 10
298.744
 20
196.336
 11
298.778
 21
196.445
  0
LINE
  8
0
 10
298.778
 20
196.445
 11
298.822
 21
196.549
  0
LINE
  8
0
 10
298.822
 20
196.549
 11
298.874
 21
196.65
  0
LINE
  8
0
 10
298.874
 20
196.65
 11
298.935
 21
196.746
  0
LINE
  8
0
 10
298.935
 20
196.746
 11
299.004
 21
196.836
  0
LINE
  8
0
 10
299.004
 20
196.836
 11
299.081
 21
196.919
  0
LINE
  8
0
 10
299.081
 20
196.919
 11
299.164
 21
196.996
  0
LINE
  8
0
 10
299.164
 20
196.996
 11
299.254
 21
197.065
  0
LINE
  8
0
 10
299.254
 20
197.065
 11
299.35
 21
197.126
  0
LINE
  8
0
 10
299.35
 20
197.126
 11
299.451
 21
197.178
  0
LINE
  8
0
 10
299.451
 20
197.178
 11
299.555
 21
197.222
  0
LINE
  8
0
 10
299.555
 20
197.222
 11
299.664
 21
197.256
  0
LINE
  8
0
 10
299.664
 20
197.256
 11
299.774
 21
197.28
  0
LINE
  8
0
 10
299.774
 20
197.28
 11
299.887
 21
197.295
  0
LINE
  8
0
 10
299.887
 20
197.295
 11
300
 21
197.3
  0
LINE
  8
0
 10
300
 20
197.3
 11
300.113
 21
197.295
  0
LINE
  8
0
 10
300.113
 20
197.295
 11
300.226
 21
197.28
  0
LINE
  8
0
 10
300.226
 20
197.28
 11
300.336
 21
197.256
  0
LINE
  8
0
 10
300.336
 20
197.256
 11
300.445
 21
197.222
  0
LINE
  8
0
 10
300.445
 20
197.222
 11
300.549
 21
197.178
  0
LINE
  8
0
 10
300.549
 20
197.178
 11
300.65
 21
197.126
  0
LINE
  8
0
 10
300.65
 20
197.126
 11
300.746
 21
197.065
  0
LINE
  8
0
 10
300.746
 20
197.065
 11
300.836
 21
196.996
  0
LINE
  8
0
 10
300.836
 20
196.996
 11
300.919
 21
196.919
  0
LINE
  8
0
 10
300.919
 20
196.919
 11
300.996
 21
196.836
  0
LINE
  8
0
 10
300.996
 20
196.836
 11
301.065
 21
196.746
  0
LINE
  8
0
 10
301.065
 20
196.746
 11
301.126
 21
196.65
  0
LINE
  8
0
 10
301.126
 20
196.65
 11
301.178
 21
196.549
  0
LINE
  8
0
 10
301.178
 20
196.549
 11
301.222
 21
196.445
  0
LINE
  8
0
 10
301.222
 20
196.445
 11
301.256
 21
196.336
  0
LINE
  8
0
 10
301.256
 20
196.336
 11
301.28
 21
196.226
  0
LINE
  8
0
 10
301.28
 20
196.226
 11
301.295
 21
196.113
  0
LINE
  8
0
 10
301.295
 20
196.113
 11
301.3
 21
196
  0
LINE
  8
0
 10
301.3
 20
196
 11
301.295
 21
195.887
  0
LINE
  8
0
 10
301.295
 20
195.887
 11
301.28
 21
195.774
  0
LINE
  8
0
 10
301.28
 20
195.774
 11
301.256
 21
195.664
  0
LINE
  8
0
 10
301.256
 20
195.664
 11
301.222
 21
195.555
  0
LINE
  8
0
 10
301.222
 20
195.555
 11
301.178
 21
195.451
  0
LINE
  8
0
 10
301.178
 20
195.451
 11
301.126
 21
195.35
  0
LINE
  8
0
 10
301.126
 20
195.35
 11
301.065
 21
195.254
  0
LINE
  8
0
 10
301.065
 20
195.254
 11
300.996
 21
195.164
  0
LINE
  8
0
 10
300.996
 20
195.164
 11
300.919
 21
195.081
  0
LINE
  8
0
 10
300.919
 20
195.081
 11
300.836
 21
195.004
  0
LINE
  8
0
 10
300.836
 20
195.004
 11
300.746
 21
194.935
  0
LINE
  8
0
 10
300.746
 20
194.935
 11
300.65
 21
194.874
  0
LINE
  8
0
 10
300.65
 20
194.874
 11
300.549
 21
194.822
  0
LINE
  8
0
 10
300.549
 20
194.822
 11
300.445
 21
194.778
  0
LINE
  8
0
 10
300.445
 20
194.778
 11
300.336
 21
194.744
  0
LINE
  8
0
 10
300.336
 20
194.744
 11
300.226
 21
194.72
  0
LINE
  8
0
 10
300.226
 20
194.72
 11
300.113
 21
194.705
  0
LINE
  8
0
 10
300.113
 20
194.705
 11
300
 21
194.7
  0
LINE
  8
0
 10
300
 20
194.7
 11
299.887
 21
194.705
  0
LINE
  8
0
 10
283.887
 20
194.705
 11
283.774
 21
194.72
  0
LINE
  8
0
 10
283.774
 20
194.72
 11
283.664
 21
194.744
  0
LINE
  8
0
 10
283.664
 20
194.744
 11
283.555
 21
194.778
  0
LINE
  8
0
 10
283.555
 20
194.778
 11
283.451
 21
194.822
  0
LINE
  8
0
 10
283.451
 20
194.822
 11
283.35
 21
194.874
  0
LINE
  8
0
 10
283.35
 20
194.874
 11
283.254
 21
194.935
  0
LINE
  8
0
 10
283.254
 20
194.935
 11
283.164
 21
195.004
  0
LINE
  8
0
 10
283.164
 20
195.004
 11
283.081
 21
195.081
  0
LINE
  8
0
 10
283.081
 20
195.081
 11
283.004
 21
195.164
  0
LINE
  8
0
 10
283.004
 20
195.164
 11
282.935
 21
195.254
  0
LINE
  8
0
 10
282.935
 20
195.254
 11
282.874
 21
195.35
  0
LINE
  8
0
 10
282.874
 20
195.35
 11
282.822
 21
195.451
  0
LINE
  8
0
 10
282.822
 20
195.451
 11
282.778
 21
195.555
  0
LINE
  8
0
 10
282.778
 20
195.555
 11
282.744
 21
195.664
  0
LINE
  8
0
 10
282.744
 20
195.664
 11
282.72
 21
195.774
  0
LINE
  8
0
 10
282.72
 20
195.774
 11
282.705
 21
195.887
  0
LINE
  8
0
 10
282.705
 20
195.887
 11
282.7
 21
196
  0
LINE
  8
0
 10
282.7
 20
196
 11
282.705
 21
196.113
  0
LINE
  8
0
 10
282.705
 20
196.113
 11
282.72
 21
196.226
  0
LINE
  8
0
 10
282.72
 20
196.226
 11
282.744
 21
196.336
  0
LINE
  8
0
 10
282.744
 20
196.336
 11
282.778
 21
196.445
  0
LINE
  8
0
 10
282.778
 20
196.445
 11
282.822
 21
196.549
  0
LINE
  8
0
 10
282.822
 20
196.549
 11
282.874
 21
196.65
  0
LINE
  8
0
 10
282.874
 20
196.65
 11
282.935
 21
196.746
  0
LINE
  8
0
 10
282.935
 20
196.746
 11
283.004
 21
196.836
  0
LINE
  8
0
 10
283.004
 20
196.836
 11
283.081
 21
196.919
  0
LINE
  8
0
 10
283.081
 20
196.919
 11
283.164
 21
196.996
  0
LINE
  8
0
 10
283.164
 20
196.996
 11
283.254
 21
197.065
  0
LINE
  8
0
 10
283.254
 20
197.065
 11
283.35
 21
197.126
  0
LINE
  8
0
 10
283.35
 20
197.126
 11
283.451
 21
197.178
  0
LINE
  8
0
 10
283.451
 20
197.178
 11
283.555
 21
197.222
  0
LINE
  8
0
 10
283.555
 20
197.222
 11
283.664
 21
197.256
  0
LINE
  8
0
 10
283.664
 20
197.256
 11
283.774
 21
197.28
  0
LINE
  8
0
 10
283.774
 20
197.28
 11
283.887
 21
197.295
  0
LINE
  8
0
 10
283.887
 20
197.295
 11
284
 21
197.3
  0
LINE
  8
0
 10
284
 20
197.3
 11
284.113
 21
197.295
  0
LINE
  8
0
 10
284.113
 20
197.295
 11
284.226
 21
197.28
  0
LINE
  8
0
 10
284.226
 20
197.28
 11
284.336
 21
197.256
  0
LINE
  8
0
 10
284.336
 20
197.256
 11
284.445
 21
197.222
  0
LINE
  8
0
 10
284.445
 20
197.222
 11
284.549
 21
197.178
  0
LINE
  8
0
 10
284.549
 20
197.178
 11
284.65
 21
197.126
  0
LINE
  8
0
 10
284.65
 20
197.126
 11
284.746
 21
197.065
  0
LINE
  8
0
 10
284.746
 20
197.065
 11
284.836
 21
196.996
  0
LINE
  8
0
 10
284.836
 20
196.996
 11
284.919
 21
196.919
  0
LINE
  8
0
 10
284.919
 20
196.919
 11
284.996
 21
196.836
  0
LINE
  8
0
 10
284.996
 20
196.836
 11
285.065
 21
196.746
  0
LINE
  8
0
 10
285.065
 20
196.746
 11
285.126
 21
196.65
  0
LINE
  8
0
 10
285.126
 20
196.65
 11
285.178
 21
196.549
  0
LINE
  8
0
 10
285.178
 20
196.549
 11
285.222
 21
196.445
  0
LINE
  8
0
 10
285.222
 20
196.445
 11
285.256
 21
196.336
  0
LINE
  8
0
 10
285.256
 20
196.336
 11
285.28
 21
196.226
  0
LINE
  8
0
 10
285.28
 20
196.226
 11
285.295
 21
196.113
  0
LINE
  8
0
 10
285.295
 20
196.113
 11
285.3
 21
196
  0
LINE
  8
0
 10
285.3
 20
196
 11
285.295
 21
195.887
  0
LINE
  8
0
 10
285.295
 20
195.887
 11
285.28
 21
195.774
  0
LINE
  8
0
 10
285.28
 20
195.774
 11
285.256
 21
195.664
  0
LINE
  8
0
 10
285.256
 20
195.664
 11
285.222
 21
195.555
  0
LINE
  8
0
 10
285.222
 20
195.555
 11
285.178
 21
195.451
  0
LINE
  8
0
 10
285.178
 20
195.451
 11
285.126
 21
195.35
  0
LINE
  8
0
 10
285.126
 20
195.35
 11
285.065
 21
195.254
  0
LINE
  8
0
 10
285.065
 20
195.254
 11
284.996
 21
195.164
  0
LINE
  8
0
 10
284.996
 20
195.164
 11
284.919
 21
195.081
  0
LINE
  8
0
 10
284.919
 20
195.081
 11
284.836
 21
195.004
  0
LINE
  8
0
 10
284.836
 20
195.004
 11
284.746
 21
194.935
  0
LINE
  8
0
 10
284.746
 20
194.935
 11
284.65
 21
194.874
  0
LINE
  8
0
 10
284.65
 20
194.874
 11
284.549
 21
194.822
  0
LINE
  8
0
 10
284.549
 20
194.822
 11
284.445
 21
194.778
  0
LINE
  8
0
 10
284.445
 20
194.778
 11
284.336
 21
194.744
  0
LINE
  8
0
 10
284.336
 20
194.744
 11
284.226
 21
194.72
  0
LINE
  8
0
 10
284.226
 20
194.72
 11
284.113
 21
194.705
  0
LINE
  8
0
 10
284.113
 20
194.705
 11
284
 21
194.7
  0
LINE
  8
0
 10
284
 20
194.7
 11
283.887
 21
194.705
  0
LINE
  8
0
 10
211.887
 20
194.705
 11
211.774
 21
194.72
  0
LINE
  8
0
 10
211.774
 20
194.72
 11
211.664
 21
194.744
  0
LINE
  8
0
 10
211.664
 20
194.744
 11
211.555
 21
194.778
  0
LINE
  8
0
 10
211.555
 20
194.778
 11
211.451
 21
194.822
  0
LINE
  8
0
 10
211.451
 20
194.822
 11
211.35
 21
194.874
  0
LINE
  8
0
 10
211.35
 20
194.874
 11
211.254
 21
194.935
  0
LINE
  8
0
 10
211.254
 20
194.935
 11
211.164
 21
195.004
  0
LINE
  8
0
 10
211.164
 20
195.004
 11
211.081
 21
195.081
  0
LINE
  8
0
 10
211.081
 20
195.081
 11
211.004
 21
195.164
  0
LINE
  8
0
 10
211.004
 20
195.164
 11
210.935
 21
195.254
  0
LINE
  8
0
 10
210.935
 20
195.254
 11
210.874
 21
195.35
  0
LINE
  8
0
 10
210.874
 20
195.35
 11
210.822
 21
195.451
  0
LINE
  8
0
 10
210.822
 20
195.451
 11
210.778
 21
195.555
  0
LINE
  8
0
 10
210.778
 20
195.555
 11
210.744
 21
195.664
  0
LINE
  8
0
 10
210.744
 20
195.664
 11
210.72
 21
195.774
  0
LINE
  8
0
 10
210.72
 20
195.774
 11
210.705
 21
195.887
  0
LINE
  8
0
 10
210.705
 20
195.887
 11
210.7
 21
196
  0
LINE
  8
0
 10
210.7
 20
196
 11
210.705
 21
196.113
  0
LINE
  8
0
 10
210.705
 20
196.113
 11
210.72
 21
196.226
  0
LINE
  8
0
 10
210.72
 20
196.226
 11
210.744
 21
196.336
  0
LINE
  8
0
 10
210.744
 20
196.336
 11
210.778
 21
196.445
  0
LINE
  8
0
 10
210.778
 20
196.445
 11
210.822
 21
196.549
  0
LINE
  8
0
 10
210.822
 20
196.549
 11
210.874
 21
196.65
  0
LINE
  8
0
 10
210.874
 20
196.65
 11
210.935
 21
196.746
  0
LINE
  8
0
 10
210.935
 20
196.746
 11
211.004
 21
196.836
  0
LINE
  8
0
 10
211.004
 20
196.836
 11
211.081
 21
196.919
  0
LINE
  8
0
 10
211.081
 20
196.919
 11
211.164
 21
196.996
  0
LINE
  8
0
 10
211.164
 20
196.996
 11
211.254
 21
197.065
  0
LINE
  8
0
 10
211.254
 20
197.065
 11
211.35
 21
197.126
  0
LINE
  8
0
 10
211.35
 20
197.126
 11
211.451
 21
197.178
  0
LINE
  8
0
 10
211.451
 20
197.178
 11
211.555
 21
197.222
  0
LINE
  8
0
 10
211.555
 20
197.222
 11
211.664
 21
197.256
  0
LINE
  8
0
 10
211.664
 20
197.256
 11
211.774
 21
197.28
  0
LINE
  8
0
 10
211.774
 20
197.28
 11
211.887
 21
197.295
  0
LINE
  8
0
 10
211.887
 20
197.295
 11
212
 21
197.3
  0
LINE
  8
0
 10
212
 20
197.3
 11
212.113
 21
197.295
  0
LINE
  8
0
 10
212.113
 20
197.295
 11
212.226
 21
197.28
  0
LINE
  8
0
 10
212.226
 20
197.28
 11
212.336
 21
197.256
  0
LINE
  8
0
 10
212.336
 20
197.256
 11
212.445
 21
197.222
  0
LINE
  8
0
 10
212.445
 20
197.222
 11
212.549
 21
197.178
  0
LINE
  8
0
 10
212.549
 20
197.178
 11
212.65
 21
197.126
  0
LINE
  8
0
 10
212.65
 20
197.126
 11
212.746
 21
197.065
  0
LINE
  8
0
 10
212.746
 20
197.065
 11
212.836
 21
196.996
  0
LINE
  8
0
 10
212.836
 20
196.996
 11
212.919
 21
196.919
  0
LINE
  8
0
 10
212.919
 20
196.919
 11
212.996
 21
196.836
  0
LINE
  8
0
 10
212.996
 20
196.836
 11
213.065
 21
196.746
  0
LINE
  8
0
 10
213.065
 20
196.746
 11
213.126
 21
196.65
  0
LINE
  8
0
 10
213.126
 20
196.65
 11
213.178
 21
196.549
  0
LINE
  8
0
 10
213.178
 20
196.549
 11
213.222
 21
196.445
  0
LINE
  8
0
 10
213.222
 20
196.445
 11
213.256
 21
196.336
  0
LINE
  8
0
 10
213.256
 20
196.336
 11
213.28
 21
196.226
  0
LINE
  8
0
 10
213.28
 20
196.226
 11
213.295
 21
196.113
  0
LINE
  8
0
 10
213.295
 20
196.113
 11
213.3
 21
196
  0
LINE
  8
0
 10
213.3
 20
196
 11
213.295
 21
195.887
  0
LINE
  8
0
 10
213.295
 20
195.887
 11
213.28
 21
195.774
  0
LINE
  8
0
 10
213.28
 20
195.774
 11
213.256
 21
195.664
  0
LINE
  8
0
 10
213.256
 20
195.664
 11
213.222
 21
195.555
  0
LINE
  8
0
 10
213.222
 20
195.555
 11
213.178
 21
195.451
  0
LINE
  8
0
 10
213.178
 20
195.451
 11
213.126
 21
195.35
  0
LINE
  8
0
 10
213.126
 20
195.35
 11
213.065
 21
195.254
  0
LINE
  8
0
 10
213.065
 20
195.254
 11
212.996
 21
195.164
  0
LINE
  8
0
 10
212.996
 20
195.164
 11
212.919
 21
195.081
  0
LINE
  8
0
 10
212.919
 20
195.081
 11
212.836
 21
195.004
  0
LINE
  8
0
 10
212.836
 20
195.004
 11
212.746
 21
194.935
  0
LINE
  8
0
 10
212.746
 20
194.935
 11
212.65
 21
194.874
  0
LINE
  8
0
 10
212.65
 20
194.874
 11
212.549
 21
194.822
  0
LINE
  8
0
 10
212.549
 20
194.822
 11
212.445
 21
194.778
  0
LINE
  8
0
 10
212.445
 20
194.778
 11
212.336
 21
194.744
  0
LINE
  8
0
 10
212.336
 20
194.744
 11
212.226
 21
194.72
  0
LINE
  8
0
 10
212.226
 20
194.72
 11
212.113
 21
194.705
  0
LINE
  8
0
 10
212.113
 20
194.705
 11
212
 21
194.7
  0
LINE
  8
0
 10
212
 20
194.7
 11
211.887
 21
194.705
  0
LINE
  8
0
 10
195.887
 20
194.705
 11
195.774
 21
194.72
  0
LINE
  8
0
 10
195.774
 20
194.72
 11
195.664
 21
194.744
  0
LINE
  8
0
 10
195.664
 20
194.744
 11
195.555
 21
194.778
  0
LINE
  8
0
 10
195.555
 20
194.778
 11
195.451
 21
194.822
  0
LINE
  8
0
 10
195.451
 20
194.822
 11
195.35
 21
194.874
  0
LINE
  8
0
 10
195.35
 20
194.874
 11
195.254
 21
194.935
  0
LINE
  8
0
 10
195.254
 20
194.935
 11
195.164
 21
195.004
  0
LINE
  8
0
 10
195.164
 20
195.004
 11
195.081
 21
195.081
  0
LINE
  8
0
 10
195.081
 20
195.081
 11
195.004
 21
195.164
  0
LINE
  8
0
 10
195.004
 20
195.164
 11
194.935
 21
195.254
  0
LINE
  8
0
 10
194.935
 20
195.254
 11
194.874
 21
195.35
  0
LINE
  8
0
 10
194.874
 20
195.35
 11
194.822
 21
195.451
  0
LINE
  8
0
 10
194.822
 20
195.451
 11
194.778
 21
195.555
  0
LINE
  8
0
 10
194.778
 20
195.555
 11
194.744
 21
195.664
  0
LINE
  8
0
 10
194.744
 20
195.664
 11
194.72
 21
195.774
  0
LINE
  8
0
 10
194.72
 20
195.774
 11
194.705
 21
195.887
  0
LINE
  8
0
 10
194.705
 20
195.887
 11
194.7
 21
196
  0
LINE
  8
0
 10
194.7
 20
196
 11
194.705
 21
196.113
  0
LINE
  8
0
 10
194.705
 20
196.113
 11
194.72
 21
196.226
  0
LINE
  8
0
 10
194.72
 20
196.226
 11
194.744
 21
196.336
  0
LINE
  8
0
 10
194.744
 20
196.336
 11
194.778
 21
196.445
  0
LINE
  8
0
 10
194.778
 20
196.445
 11
194.822
 21
196.549
  0
LINE
  8
0
 10
194.822
 20
196.549
 11
194.874
 21
196.65
  0
LINE
  8
0
 10
194.874
 20
196.65
 11
194.935
 21
196.746
  0
LINE
  8
0
 10
194.935
 20
196.746
 11
195.004
 21
196.836
  0
LINE
  8
0
 10
195.004
 20
196.836
 11
195.081
 21
196.919
  0
LINE
  8
0
 10
195.081
 20
196.919
 11
195.164
 21
196.996
  0
LINE
  8
0
 10
195.164
 20
196.996
 11
195.254
 21
197.065
  0
LINE
  8
0
 10
195.254
 20
197.065
 11
195.35
 21
197.126
  0
LINE
  8
0
 10
195.35
 20
197.126
 11
195.451
 21
197.178
  0
LINE
  8
0
 10
195.451
 20
197.178
 11
195.555
 21
197.222
  0
LINE
  8
0
 10
195.555
 20
197.222
 11
195.664
 21
197.256
  0
LINE
  8
0
 10
195.664
 20
197.256
 11
195.774
 21
197.28
  0
LINE
  8
0
 10
195.774
 20
197.28
 11
195.887
 21
197.295
  0
LINE
  8
0
 10
195.887
 20
197.295
 11
196
 21
197.3
  0
LINE
  8
0
 10
196
 20
197.3
 11
196.113
 21
197.295
  0
LINE
  8
0
 10
196.113
 20
197.295
 11
196.226
 21
197.28
  0
LINE
  8
0
 10
196.226
 20
197.28
 11
196.336
 21
197.256
  0
LINE
  8
0
 10
196.336
 20
197.256
 11
196.445
 21
197.222
  0
LINE
  8
0
 10
196.445
 20
197.222
 11
196.549
 21
197.178
  0
LINE
  8
0
 10
196.549
 20
197.178
 11
196.65
 21
197.126
  0
LINE
  8
0
 10
196.65
 20
197.126
 11
196.746
 21
197.065
  0
LINE
  8
0
 10
196.746
 20
197.065
 11
196.836
 21
196.996
  0
LINE
  8
0
 10
196.836
 20
196.996
 11
196.919
 21
196.919
  0
LINE
  8
0
 10
196.919
 20
196.919
 11
196.996
 21
196.836
  0
LINE
  8
0
 10
196.996
 20
196.836
 11
197.065
 21
196.746
  0
LINE
  8
0
 10
197.065
 20
196.746
 11
197.126
 21
196.65
  0
LINE
  8
0
 10
197.126
 20
196.65
 11
197.178
 21
196.549
  0
LINE
  8
0
 10
197.178
 20
196.549
 11
197.222
 21
196.445
  0
LINE
  8
0
 10
197.222
 20
196.445
 11
197.256
 21
196.336
  0
LINE
  8
0
 10
197.256
 20
196.336
 11
197.28
 21
196.226
  0
LINE
  8
0
 10
197.28
 20
196.226
 11
197.295
 21
196.113
  0
LINE
  8
0
 10
197.295
 20
196.113
 11
197.3
 21
196
  0
LINE
  8
0
 10
197.3
 20
196
 11
197.295
 21
195.887
  0
LINE
  8
0
 10
197.295
 20
195.887
 11
197.28
 21
195.774
  0
LINE
  8
0
 10
197.28
 20
195.774
 11
197.256
 21
195.664
  0
LINE
  8
0
 10
197.256
 20
195.664
 11
197.222
 21
195.555
  0
LINE
  8
0
 10
197.222
 20
195.555
 11
197.178
 21
195.451
  0
LINE
  8
0
 10
197.178
 20
195.451
 11
197.126
 21
195.35
  0
LINE
  8
0
 10
197.126
 20
195.35
 11
197.065
 21
195.254
  0
LINE
  8
0
 10
197.065
 20
195.254
 11
196.996
 21
195.164
  0
LINE
  8
0
 10
196.996
 20
195.164
 11
196.919
 21
195.081
  0
LINE
  8
0
 10
196.919
 20
195.081
 11
196.836
 21
195.004
  0
LINE
  8
0
 10
196.836
 20
195.004
 11
196.746
 21
194.935
  0
LINE
  8
0
 10
196.746
 20
194.935
 11
196.65
 21
194.874
  0
LINE
  8
0
 10
196.65
 20
194.874
 11
196.549
 21
194.822
  0
LINE
  8
0
 10
196.549
 20
194.822
 11
196.445
 21
194.778
  0
LINE
  8
0
 10
196.445
 20
194.778
 11
196.336
 21
194.744
  0
LINE
  8
0
 10
196.336
 20
194.744
 11
196.226
 21
194.72
  0
LINE
  8
0
 10
196.226
 20
194.72
 11
196.113
 21
194.705
  0
LINE
  8
0
 10
196.113
 20
194.705
 11
196
 21
194.7
  0
LINE
  8
0
 10
196
 20
194.7
 11
195.887
 21
194.705
  0
LINE
  8
0
 10
-18.8633
 20
191.181
 11
-18.9757
 21
191.196
  0
LINE
  8
0
 10
-18.9757
 20
191.196
 11
-19.0865
 21
191.22
  0
LINE
  8
0
 10
-19.0865
 20
191.22
 11
-19.1946
 21
191.254
  0
LINE
  8
0
 10
-19.1946
 20
191.254
 11
-19.2994
 21
191.298
  0
LINE
  8
0
 10
-19.2994
 20
191.298
 11
-19.4
 21
191.35
  0
LINE
  8
0
 10
-19.4
 20
191.35
 11
-19.4956
 21
191.411
  0
LINE
  8
0
 10
-19.4956
 20
191.411
 11
-19.5856
 21
191.48
  0
LINE
  8
0
 10
-19.5856
 20
191.48
 11
-19.6692
 21
191.557
  0
LINE
  8
0
 10
-19.6692
 20
191.557
 11
-19.7458
 21
191.64
  0
LINE
  8
0
 10
-19.7458
 20
191.64
 11
-19.8149
 21
191.73
  0
LINE
  8
0
 10
-19.8149
 20
191.73
 11
-19.8758
 21
191.826
  0
LINE
  8
0
 10
-19.8758
 20
191.826
 11
-19.9282
 21
191.927
  0
LINE
  8
0
 10
-19.9282
 20
191.927
 11
-19.9716
 21
192.031
  0
LINE
  8
0
 10
-19.9716
 20
192.031
 11
-20.0057
 21
192.139
  0
LINE
  8
0
 10
-20.0057
 20
192.139
 11
-20.0302
 21
192.25
  0
LINE
  8
0
 10
-20.0302
 20
192.25
 11
-20.045
 21
192.363
  0
LINE
  8
0
 10
-20.045
 20
192.363
 11
-20.05
 21
192.476
  0
LINE
  8
0
 10
-20.05
 20
192.476
 11
-20.045
 21
192.589
  0
LINE
  8
0
 10
-20.045
 20
192.589
 11
-20.0302
 21
192.702
  0
LINE
  8
0
 10
-20.0302
 20
192.702
 11
-20.0057
 21
192.812
  0
LINE
  8
0
 10
-20.0057
 20
192.812
 11
-19.9716
 21
192.921
  0
LINE
  8
0
 10
-19.9716
 20
192.921
 11
-19.9282
 21
193.025
  0
LINE
  8
0
 10
-19.9282
 20
193.025
 11
-19.8758
 21
193.126
  0
LINE
  8
0
 10
-19.8758
 20
193.126
 11
-19.8149
 21
193.222
  0
LINE
  8
0
 10
-19.8149
 20
193.222
 11
-19.7458
 21
193.312
  0
LINE
  8
0
 10
-19.7458
 20
193.312
 11
-19.6692
 21
193.395
  0
LINE
  8
0
 10
-19.6692
 20
193.395
 11
-19.5856
 21
193.472
  0
LINE
  8
0
 10
-19.5856
 20
193.472
 11
-19.4956
 21
193.541
  0
LINE
  8
0
 10
-19.4956
 20
193.541
 11
-19.4
 21
193.602
  0
LINE
  8
0
 10
-19.4
 20
193.602
 11
-19.2994
 21
193.654
  0
LINE
  8
0
 10
-19.2994
 20
193.654
 11
-19.1946
 21
193.698
  0
LINE
  8
0
 10
-19.1946
 20
193.698
 11
-19.0865
 21
193.732
  0
LINE
  8
0
 10
-19.0865
 20
193.732
 11
-18.9757
 21
193.756
  0
LINE
  8
0
 10
-18.9757
 20
193.756
 11
-18.8633
 21
193.771
  0
LINE
  8
0
 10
-18.8633
 20
193.771
 11
-18.75
 21
193.776
  0
LINE
  8
0
 10
-18.75
 20
193.776
 11
-18.6367
 21
193.771
  0
LINE
  8
0
 10
-18.6367
 20
193.771
 11
-18.5242
 21
193.756
  0
LINE
  8
0
 10
-18.5242
 20
193.756
 11
-18.4135
 21
193.732
  0
LINE
  8
0
 10
-18.4135
 20
193.732
 11
-18.3054
 21
193.698
  0
LINE
  8
0
 10
-18.3054
 20
193.698
 11
-18.2006
 21
193.654
  0
LINE
  8
0
 10
-18.2006
 20
193.654
 11
-18.1
 21
193.602
  0
LINE
  8
0
 10
-18.1
 20
193.602
 11
-18.0043
 21
193.541
  0
LINE
  8
0
 10
-18.0043
 20
193.541
 11
-17.9144
 21
193.472
  0
LINE
  8
0
 10
-17.9144
 20
193.472
 11
-17.8307
 21
193.395
  0
LINE
  8
0
 10
-17.8307
 20
193.395
 11
-17.7541
 21
193.312
  0
LINE
  8
0
 10
-17.7541
 20
193.312
 11
-17.6851
 21
193.222
  0
LINE
  8
0
 10
-17.6851
 20
193.222
 11
-17.6242
 21
193.126
  0
LINE
  8
0
 10
-17.6242
 20
193.126
 11
-17.5718
 21
193.025
  0
LINE
  8
0
 10
-17.5718
 20
193.025
 11
-17.5284
 21
192.921
  0
LINE
  8
0
 10
-17.5284
 20
192.921
 11
-17.4943
 21
192.812
  0
LINE
  8
0
 10
-17.4943
 20
192.812
 11
-17.4697
 21
192.702
  0
LINE
  8
0
 10
-17.4697
 20
192.702
 11
-17.4549
 21
192.589
  0
LINE
  8
0
 10
-17.4549
 20
192.589
 11
-17.45
 21
192.476
  0
LINE
  8
0
 10
-17.45
 20
192.476
 11
-17.4549
 21
192.363
  0
LINE
  8
0
 10
-17.4549
 20
192.363
 11
-17.4697
 21
192.25
  0
LINE
  8
0
 10
-17.4697
 20
192.25
 11
-17.4943
 21
192.139
  0
LINE
  8
0
 10
-17.4943
 20
192.139
 11
-17.5284
 21
192.031
  0
LINE
  8
0
 10
-17.5284
 20
192.031
 11
-17.5718
 21
191.927
  0
LINE
  8
0
 10
-17.5718
 20
191.927
 11
-17.6242
 21
191.826
  0
LINE
  8
0
 10
-17.6242
 20
191.826
 11
-17.6851
 21
191.73
  0
LINE
  8
0
 10
-17.6851
 20
191.73
 11
-17.7541
 21
191.64
  0
LINE
  8
0
 10
-17.7541
 20
191.64
 11
-17.8307
 21
191.557
  0
LINE
  8
0
 10
-17.8307
 20
191.557
 11
-17.9144
 21
191.48
  0
LINE
  8
0
 10
-17.9144
 20
191.48
 11
-18.0043
 21
191.411
  0
LINE
  8
0
 10
-18.0043
 20
191.411
 11
-18.1
 21
191.35
  0
LINE
  8
0
 10
-18.1
 20
191.35
 11
-18.2006
 21
191.298
  0
LINE
  8
0
 10
-18.2006
 20
191.298
 11
-18.3054
 21
191.254
  0
LINE
  8
0
 10
-18.3054
 20
191.254
 11
-18.4135
 21
191.22
  0
LINE
  8
0
 10
-18.4135
 20
191.22
 11
-18.5242
 21
191.196
  0
LINE
  8
0
 10
-18.5242
 20
191.196
 11
-18.6367
 21
191.181
  0
LINE
  8
0
 10
-18.6367
 20
191.181
 11
-18.75
 21
191.176
  0
LINE
  8
0
 10
-18.75
 20
191.176
 11
-18.8633
 21
191.181
  0
LINE
  8
0
 10
-2.61467
 20
130.114
 11
-5.20944
 21
130.456
  0
LINE
  8
0
 10
-5.20944
 20
130.456
 11
-7.76456
 21
131.022
  0
LINE
  8
0
 10
-7.76456
 20
131.022
 11
-10.2606
 21
131.809
  0
LINE
  8
0
 10
-10.2606
 20
131.809
 11
-12.6785
 21
132.811
  0
LINE
  8
0
 10
-12.6785
 20
132.811
 11
-15
 21
134.019
  0
LINE
  8
0
 10
-15
 20
134.019
 11
-17.2073
 21
135.425
  0
LINE
  8
0
 10
-17.2073
 20
135.425
 11
-19.2836
 21
137.019
  0
LINE
  8
0
 10
-19.2836
 20
137.019
 11
-21.2132
 21
138.787
  0
LINE
  8
0
 10
-21.2132
 20
138.787
 11
-22.9813
 21
140.716
  0
LINE
  8
0
 10
-22.9813
 20
140.716
 11
-24.5746
 21
142.793
  0
LINE
  8
0
 10
-24.5746
 20
142.793
 11
-25.9808
 21
145
  0
LINE
  8
0
 10
-25.9808
 20
145
 11
-27.1892
 21
147.321
  0
LINE
  8
0
 10
-27.1892
 20
147.321
 11
-28.1908
 21
149.739
  0
LINE
  8
0
 10
-28.1908
 20
149.739
 11
-28.9778
 21
152.235
  0
LINE
  8
0
 10
-28.9778
 20
152.235
 11
-29.5442
 21
154.791
  0
LINE
  8
0
 10
-29.5442
 20
154.791
 11
-29.8858
 21
157.385
  0
LINE
  8
0
 10
-29.8858
 20
157.385
 11
-30
 21
160
  0
LINE
  8
0
 10
-30
 20
160
 11
-29.8858
 21
162.615
  0
LINE
  8
0
 10
-29.8858
 20
162.615
 11
-29.5442
 21
165.209
  0
LINE
  8
0
 10
-29.5442
 20
165.209
 11
-28.9778
 21
167.765
  0
LINE
  8
0
 10
-28.9778
 20
167.765
 11
-28.1908
 21
170.261
  0
LINE
  8
0
 10
-28.1908
 20
170.261
 11
-27.1892
 21
172.679
  0
LINE
  8
0
 10
-27.1892
 20
172.679
 11
-25.9808
 21
175
  0
LINE
  8
0
 10
-25.9808
 20
175
 11
-24.5746
 21
177.207
  0
LINE
  8
0
 10
-24.5746
 20
177.207
 11
-22.9813
 21
179.284
  0
LINE
  8
0
 10
-22.9813
 20
179.284
 11
-21.2132
 21
181.213
  0
LINE
  8
0
 10
-21.2132
 20
181.213
 11
-19.2836
 21
182.981
  0
LINE
  8
0
 10
-19.2836
 20
182.981
 11
-17.2073
 21
184.575
  0
LINE
  8
0
 10
-17.2073
 20
184.575
 11
-15
 21
185.981
  0
LINE
  8
0
 10
-15
 20
185.981
 11
-12.6785
 21
187.189
  0
LINE
  8
0
 10
-12.6785
 20
187.189
 11
-10.2606
 21
188.191
  0
LINE
  8
0
 10
-10.2606
 20
188.191
 11
-7.76456
 21
188.978
  0
LINE
  8
0
 10
-7.76456
 20
188.978
 11
-5.20944
 21
189.544
  0
LINE
  8
0
 10
-5.20944
 20
189.544
 11
-2.61467
 21
189.886
  0
LINE
  8
0
 10
-2.61467
 20
189.886
 11
0
 21
190
  0
LINE
  8
0
 10
0
 20
190
 11
2.61467
 21
189.886
  0
LINE
  8
0
 10
2.61467
 20
189.886
 11
5.20944
 21
189.544
  0
LINE
  8
0
 10
5.20944
 20
189.544
 11
7.76456
 21
188.978
  0
LINE
  8
0
 10
7.76456
 20
188.978
 11
10.2606
 21
188.191
  0
LINE
  8
0
 10
10.2606
 20
188.191
 11
12.6785
 21
187.189
  0
LINE
  8
0
 10
12.6785
 20
187.189
 11
15
 21
185.981
  0
LINE
  8
0
 10
15
 20
185.981
 11
17.2073
 21
184.575
  0
LINE
  8
0
 10
17.2073
 20
184.575
 11
19.2836
 21
182.981
  0
LINE
  8
0
 10
19.2836
 20
182.981
 11
21.2132
 21
181.213
  0
LINE
  8
0
 10
21.2132
 20
181.213
 11
22.9813
 21
179.284
  0
LINE
  8
0
 10
22.9813
 20
179.284
 11
24.5746
 21
177.207
  0
LINE
  8
0
 10
24.5746
 20
177.207
 11
25.9808
 21
175
  0
LINE
  8
0
 10
25.9808
 20
175
 11
27.1892
 21
172.679
  0
LINE
  8
0
 10
27.1892
 20
172.679
 11
28.1908
 21
170.261
  0
LINE
  8
0
 10
28.1908
 20
170.261
 11
28.9778
 21
167.765
  0
LINE
  8
0
 10
28.9778
 20
167.765
 11
29.5442
 21
165.209
  0
LINE
  8
0
 10
29.5442
 20
165.209
 11
29.8858
 21
162.615
  0
LINE
  8
0
 10
29.8858
 20
162.615
 11
30
 21
160
  0
LINE
  8
0
 10
30
 20
160
 11
29.8858
 21
157.385
  0
LINE
  8
0
 10
29.8858
 20
157.385
 11
29.5442
 21
154.791
  0
LINE
  8
0
 10
29.5442
 20
154.791
 11
28.9778
 21
152.235
  0
LINE
  8
0
 10
28.9778
 20
152.235
 11
28.1908
 21
149.739
  0
LINE
  8
0
 10
28.1908
 20
149.739
 11
27.1892
 21
147.321
  0
LINE
  8
0
 10
27.1892
 20
147.321
 11
25.9808
 21
145
  0
LINE
  8
0
 10
25.9808
 20
145
 11
24.5746
 21
142.793
  0
LINE
  8
0
 10
24.5746
 20
142.793
 11
22.9813
 21
140.716
  0
LINE
  8
0
 10
22.9813
 20
140.716
 11
21.2132
 21
138.787
  0
LINE
  8
0
 10
21.2132
 20
138.787
 11
19.2836
 21
137.019
  0
LINE
  8
0
 10
19.2836
 20
137.019
 11
17.2073
 21
135.425
  0
LINE
  8
0
 10
17.2073
 20
135.425
 11
15
 21
134.019
  0
LINE
  8
0
 10
15
 20
134.019
 11
12.6785
 21
132.811
  0
LINE
  8
0
 10
12.6785
 20
132.811
 11
10.2606
 21
131.809
  0
LINE
  8
0
 10
10.2606
 20
131.809
 11
7.76456
 21
131.022
  0
LINE
  8
0
 10
7.76456
 20
131.022
 11
5.20944
 21
130.456
  0
LINE
  8
0
 10
5.20944
 20
130.456
 11
2.61467
 21
130.114
  0
LINE
  8
0
 10
2.61467
 20
130.114
 11
0
 21
130
  0
LINE
  8
0
 10
0
 20
130
 11
-2.61467
 21
130.114
  0
LINE
  8
0
 10
37.3867
 20
158.705
 11
37.2742
 21
158.72
  0
LINE
  8
0
 10
37.2742
 20
158.72
 11
37.1635
 21
158.744
  0
LINE
  8
0
 10
37.1635
 20
158.744
 11
37.0554
 21
158.778
  0
LINE
  8
0
 10
37.0554
 20
158.778
 11
36.9506
 21
158.822
  0
LINE
  8
0
 10
36.9506
 20
158.822
 11
36.85
 21
158.874
  0
LINE
  8
0
 10
36.85
 20
158.874
 11
36.7543
 21
158.935
  0
LINE
  8
0
 10
36.7543
 20
158.935
 11
36.6644
 21
159.004
  0
LINE
  8
0
 10
36.6644
 20
159.004
 11
36.5807
 21
159.081
  0
LINE
  8
0
 10
36.5807
 20
159.081
 11
36.5041
 21
159.164
  0
LINE
  8
0
 10
36.5041
 20
159.164
 11
36.4351
 21
159.254
  0
LINE
  8
0
 10
36.4351
 20
159.254
 11
36.3742
 21
159.35
  0
LINE
  8
0
 10
36.3742
 20
159.35
 11
36.3218
 21
159.451
  0
LINE
  8
0
 10
36.3218
 20
159.451
 11
36.2784
 21
159.555
  0
LINE
  8
0
 10
36.2784
 20
159.555
 11
36.2443
 21
159.664
  0
LINE
  8
0
 10
36.2443
 20
159.664
 11
36.2197
 21
159.774
  0
LINE
  8
0
 10
36.2197
 20
159.774
 11
36.2049
 21
159.887
  0
LINE
  8
0
 10
36.2049
 20
159.887
 11
36.2
 21
160
  0
LINE
  8
0
 10
36.2
 20
160
 11
36.2049
 21
160.113
  0
LINE
  8
0
 10
36.2049
 20
160.113
 11
36.2197
 21
160.226
  0
LINE
  8
0
 10
36.2197
 20
160.226
 11
36.2443
 21
160.336
  0
LINE
  8
0
 10
36.2443
 20
160.336
 11
36.2784
 21
160.445
  0
LINE
  8
0
 10
36.2784
 20
160.445
 11
36.3218
 21
160.549
  0
LINE
  8
0
 10
36.3218
 20
160.549
 11
36.3742
 21
160.65
  0
LINE
  8
0
 10
36.3742
 20
160.65
 11
36.4351
 21
160.746
  0
LINE
  8
0
 10
36.4351
 20
160.746
 11
36.5041
 21
160.836
  0
LINE
  8
0
 10
36.5041
 20
160.836
 11
36.5807
 21
160.919
  0
LINE
  8
0
 10
36.5807
 20
160.919
 11
36.6644
 21
160.996
  0
LINE
  8
0
 10
36.6644
 20
160.996
 11
36.7543
 21
161.065
  0
LINE
  8
0
 10
36.7543
 20
161.065
 11
36.85
 21
161.126
  0
LINE
  8
0
 10
36.85
 20
161.126
 11
36.9506
 21
161.178
  0
LINE
  8
0
 10
36.9506
 20
161.178
 11
37.0554
 21
161.222
  0
LINE
  8
0
 10
37.0554
 20
161.222
 11
37.1635
 21
161.256
  0
LINE
  8
0
 10
37.1635
 20
161.256
 11
37.2742
 21
161.28
  0
LINE
  8
0
 10
37.2742
 20
161.28
 11
37.3867
 21
161.295
  0
LINE
  8
0
 10
37.3867
 20
161.295
 11
37.5
 21
161.3
  0
LINE
  8
0
 10
37.5
 20
161.3
 11
37.6133
 21
161.295
  0
LINE
  8
0
 10
37.6133
 20
161.295
 11
37.7257
 21
161.28
  0
LINE
  8
0
 10
37.7257
 20
161.28
 11
37.8365
 21
161.256
  0
LINE
  8
0
 10
37.8365
 20
161.256
 11
37.9446
 21
161.222
  0
LINE
  8
0
 10
37.9446
 20
161.222
 11
38.0494
 21
161.178
  0
LINE
  8
0
 10
38.0494
 20
161.178
 11
38.15
 21
161.126
  0
LINE
  8
0
 10
38.15
 20
161.126
 11
38.2456
 21
161.065
  0
LINE
  8
0
 10
38.2456
 20
161.065
 11
38.3356
 21
160.996
  0
LINE
  8
0
 10
38.3356
 20
160.996
 11
38.4192
 21
160.919
  0
LINE
  8
0
 10
38.4192
 20
160.919
 11
38.4958
 21
160.836
  0
LINE
  8
0
 10
38.4958
 20
160.836
 11
38.5649
 21
160.746
  0
LINE
  8
0
 10
38.5649
 20
160.746
 11
38.6258
 21
160.65
  0
LINE
  8
0
 10
38.6258
 20
160.65
 11
38.6782
 21
160.549
  0
LINE
  8
0
 10
38.6782
 20
160.549
 11
38.7216
 21
160.445
  0
LINE
  8
0
 10
38.7216
 20
160.445
 11
38.7557
 21
160.336
  0
LINE
  8
0
 10
38.7557
 20
160.336
 11
38.7802
 21
160.226
  0
LINE
  8
0
 10
38.7802
 20
160.226
 11
38.795
 21
160.113
  0
LINE
  8
0
 10
38.795
 20
160.113
 11
38.8
 21
160
  0
LINE
  8
0
 10
38.8
 20
160
 11
38.795
 21
159.887
  0
LINE
  8
0
 10
38.795
 20
159.887
 11
38.7802
 21
159.774
  0
LINE
  8
0
 10
38.7802
 20
159.774
 11
38.7557
 21
159.664
  0
LINE
  8
0
 10
38.7557
 20
159.664
 11
38.7216
 21
159.555
  0
LINE
  8
0
 10
38.7216
 20
159.555
 11
38.6782
 21
159.451
  0
LINE
  8
0
 10
38.6782
 20
159.451
 11
38.6258
 21
159.35
  0
LINE
  8
0
 10
38.6258
 20
159.35
 11
38.5649
 21
159.254
  0
LINE
  8
0
 10
38.5649
 20
159.254
 11
38.4958
 21
159.164
  0
LINE
  8
0
 10
38.4958
 20
159.164
 11
38.4192
 21
159.081
  0
LINE
  8
0
 10
38.4192
 20
159.081
 11
38.3356
 21
159.004
  0
LINE
  8
0
 10
38.3356
 20
159.004
 11
38.2456
 21
158.935
  0
LINE
  8
0
 10
38.2456
 20
158.935
 11
38.15
 21
158.874
  0
LINE
  8
0
 10
38.15
 20
158.874
 11
38.0494
 21
158.822
  0
LINE
  8
0
 10
38.0494
 20
158.822
 11
37.9446
 21
158.778
  0
LINE
  8
0
 10
37.9446
 20
158.778
 11
37.8365
 21
158.744
  0
LINE
  8
0
 10
37.8365
 20
158.744
 11
37.7257
 21
158.72
  0
LINE
  8
0
 10
37.7257
 20
158.72
 11
37.6133
 21
158.705
  0
LINE
  8
0
 10
37.6133
 20
158.705
 11
37.5
 21
158.7
  0
LINE
  8
0
 10
37.5
 20
158.7
 11
37.3867
 21
158.705
  0
LINE
  8
0
 10
-18.8633
 20
126.229
 11
-18.9757
 21
126.244
  0
LINE
  8
0
 10
-18.9757
 20
126.244
 11
-19.0865
 21
126.268
  0
LINE
  8
0
 10
-19.0865
 20
126.268
 11
-19.1946
 21
126.302
  0
LINE
  8
0
 10
-19.1946
 20
126.302
 11
-19.2994
 21
126.346
  0
LINE
  8
0
 10
-19.2994
 20
126.346
 11
-19.4
 21
126.398
  0
LINE
  8
0
 10
-19.4
 20
126.398
 11
-19.4956
 21
126.459
  0
LINE
  8
0
 10
-19.4956
 20
126.459
 11
-19.5856
 21
126.528
  0
LINE
  8
0
 10
-19.5856
 20
126.528
 11
-19.6692
 21
126.605
  0
LINE
  8
0
 10
-19.6692
 20
126.605
 11
-19.7458
 21
126.688
  0
LINE
  8
0
 10
-19.7458
 20
126.688
 11
-19.8149
 21
126.778
  0
LINE
  8
0
 10
-19.8149
 20
126.778
 11
-19.8758
 21
126.874
  0
LINE
  8
0
 10
-19.8758
 20
126.874
 11
-19.9282
 21
126.975
  0
LINE
  8
0
 10
-19.9282
 20
126.975
 11
-19.9716
 21
127.079
  0
LINE
  8
0
 10
-19.9716
 20
127.079
 11
-20.0057
 21
127.188
  0
LINE
  8
0
 10
-20.0057
 20
127.188
 11
-20.0302
 21
127.298
  0
LINE
  8
0
 10
-20.0302
 20
127.298
 11
-20.045
 21
127.411
  0
LINE
  8
0
 10
-20.045
 20
127.411
 11
-20.05
 21
127.524
  0
LINE
  8
0
 10
-20.05
 20
127.524
 11
-20.045
 21
127.637
  0
LINE
  8
0
 10
-20.045
 20
127.637
 11
-20.0302
 21
127.75
  0
LINE
  8
0
 10
-20.0302
 20
127.75
 11
-20.0057
 21
127.861
  0
LINE
  8
0
 10
-20.0057
 20
127.861
 11
-19.9716
 21
127.969
  0
LINE
  8
0
 10
-19.9716
 20
127.969
 11
-19.9282
 21
128.073
  0
LINE
  8
0
 10
-19.9282
 20
128.073
 11
-19.8758
 21
128.174
  0
LINE
  8
0
 10
-19.8758
 20
128.174
 11
-19.8149
 21
128.27
  0
LINE
  8
0
 10
-19.8149
 20
128.27
 11
-19.7458
 21
128.36
  0
LINE
  8
0
 10
-19.7458
 20
128.36
 11
-19.6692
 21
128.443
  0
LINE
  8
0
 10
-19.6692
 20
128.443
 11
-19.5856
 21
128.52
  0
LINE
  8
0
 10
-19.5856
 20
128.52
 11
-19.4956
 21
128.589
  0
LINE
  8
0
 10
-19.4956
 20
128.589
 11
-19.4
 21
128.65
  0
LINE
  8
0
 10
-19.4
 20
128.65
 11
-19.2994
 21
128.702
  0
LINE
  8
0
 10
-19.2994
 20
128.702
 11
-19.1946
 21
128.746
  0
LINE
  8
0
 10
-19.1946
 20
128.746
 11
-19.0865
 21
128.78
  0
LINE
  8
0
 10
-19.0865
 20
128.78
 11
-18.9757
 21
128.804
  0
LINE
  8
0
 10
-18.9757
 20
128.804
 11
-18.8633
 21
128.819
  0
LINE
  8
0
 10
-18.8633
 20
128.819
 11
-18.75
 21
128.824
  0
LINE
  8
0
 10
-18.75
 20
128.824
 11
-18.6367
 21
128.819
  0
LINE
  8
0
 10
-18.6367
 20
128.819
 11
-18.5242
 21
128.804
  0
LINE
  8
0
 10
-18.5242
 20
128.804
 11
-18.4135
 21
128.78
  0
LINE
  8
0
 10
-18.4135
 20
128.78
 11
-18.3054
 21
128.746
  0
LINE
  8
0
 10
-18.3054
 20
128.746
 11
-18.2006
 21
128.702
  0
LINE
  8
0
 10
-18.2006
 20
128.702
 11
-18.1
 21
128.65
  0
LINE
  8
0
 10
-18.1
 20
128.65
 11
-18.0043
 21
128.589
  0
LINE
  8
0
 10
-18.0043
 20
128.589
 11
-17.9144
 21
128.52
  0
LINE
  8
0
 10
-17.9144
 20
128.52
 11
-17.8307
 21
128.443
  0
LINE
  8
0
 10
-17.8307
 20
128.443
 11
-17.7541
 21
128.36
  0
LINE
  8
0
 10
-17.7541
 20
128.36
 11
-17.6851
 21
128.27
  0
LINE
  8
0
 10
-17.6851
 20
128.27
 11
-17.6242
 21
128.174
  0
LINE
  8
0
 10
-17.6242
 20
128.174
 11
-17.5718
 21
128.073
  0
LINE
  8
0
 10
-17.5718
 20
128.073
 11
-17.5284
 21
127.969
  0
LINE
  8
0
 10
-17.5284
 20
127.969
 11
-17.4943
 21
127.861
  0
LINE
  8
0
 10
-17.4943
 20
127.861
 11
-17.4697
 21
127.75
  0
LINE
  8
0
 10
-17.4697
 20
127.75
 11
-17.4549
 21
127.637
  0
LINE
  8
0
 10
-17.4549
 20
127.637
 11
-17.45
 21
127.524
  0
LINE
  8
0
 10
-17.45
 20
127.524
 11
-17.4549
 21
127.411
  0
LINE
  8
0
 10
-17.4549
 20
127.411
 11
-17.4697
 21
127.298
  0
LINE
  8
0
 10
-17.4697
 20
127.298
 11
-17.4943
 21
127.188
  0
LINE
  8
0
 10
-17.4943
 20
127.188
 11
-17.5284
 21
127.079
  0
LINE
  8
0
 10
-17.5284
 20
127.079
 11
-17.5718
 21
126.975
  0
LINE
  8
0
 10
-17.5718
 20
126.975
 11
-17.6242
 21
126.874
  0
LINE
  8
0
 10
-17.6242
 20
126.874
 11
-17.6851
 21
126.778
  0
LINE
  8
0
 10
-17.6851
 20
126.778
 11
-17.7541
 21
126.688
  0
LINE
  8
0
 10
-17.7541
 20
126.688
 11
-17.8307
 21
126.605
  0
LINE
  8
0
 10
-17.8307
 20
126.605
 11
-17.9144
 21
126.528
  0
LINE
  8
0
 10
-17.9144
 20
126.528
 11
-18.0043
 21
126.459
  0
LINE
  8
0
 10
-18.0043
 20
126.459
 11
-18.1
 21
126.398
  0
LINE
  8
0
 10
-18.1
 20
126.398
 11
-18.2006
 21
126.346
  0
LINE
  8
0
 10
-18.2006
 20
126.346
 11
-18.3054
 21
126.302
  0
LINE
  8
0
 10
-18.3054
 20
126.302
 11
-18.4135
 21
126.268
  0
LINE
  8
0
 10
-18.4135
 20
126.268
 11
-18.5242
 21
126.244
  0
LINE
  8
0
 10
-18.5242
 20
126.244
 11
-18.6367
 21
126.229
  0
LINE
  8
0
 10
-18.6367
 20
126.229
 11
-18.75
 21
126.224
  0
LINE
  8
0
 10
-18.75
 20
126.224
 11
-18.8633
 21
126.229
  0
LINE
  8
0
 10
371.887
 20
122.705
 11
371.774
 21
122.72
  0
LINE
  8
0
 10
371.774
 20
122.72
 11
371.664
 21
122.744
  0
LINE
  8
0
 10
371.664
 20
122.744
 11
371.555
 21
122.778
  0
LINE
  8
0
 10
371.555
 20
122.778
 11
371.451
 21
122.822
  0
LINE
  8
0
 10
371.451
 20
122.822
 11
371.35
 21
122.874
  0
LINE
  8
0
 10
371.35
 20
122.874
 11
371.254
 21
122.935
  0
LINE
  8
0
 10
371.254
 20
122.935
 11
371.164
 21
123.004
  0
LINE
  8
0
 10
371.164
 20
123.004
 11
371.081
 21
123.081
  0
LINE
  8
0
 10
371.081
 20
123.081
 11
371.004
 21
123.164
  0
LINE
  8
0
 10
371.004
 20
123.164
 11
370.935
 21
123.254
  0
LINE
  8
0
 10
370.935
 20
123.254
 11
370.874
 21
123.35
  0
LINE
  8
0
 10
370.874
 20
123.35
 11
370.822
 21
123.451
  0
LINE
  8
0
 10
370.822
 20
123.451
 11
370.778
 21
123.555
  0
LINE
  8
0
 10
370.778
 20
123.555
 11
370.744
 21
123.664
  0
LINE
  8
0
 10
370.744
 20
123.664
 11
370.72
 21
123.774
  0
LINE
  8
0
 10
370.72
 20
123.774
 11
370.705
 21
123.887
  0
LINE
  8
0
 10
370.705
 20
123.887
 11
370.7
 21
124
  0
LINE
  8
0
 10
370.7
 20
124
 11
370.705
 21
124.113
  0
LINE
  8
0
 10
370.705
 20
124.113
 11
370.72
 21
124.226
  0
LINE
  8
0
 10
370.72
 20
124.226
 11
370.744
 21
124.336
  0
LINE
  8
0
 10
370.744
 20
124.336
 11
370.778
 21
124.445
  0
LINE
  8
0
 10
370.778
 20
124.445
 11
370.822
 21
124.549
  0
LINE
  8
0
 10
370.822
 20
124.549
 11
370.874
 21
124.65
  0
LINE
  8
0
 10
370.874
 20
124.65
 11
370.935
 21
124.746
  0
LINE
  8
0
 10
370.935
 20
124.746
 11
371.004
 21
124.836
  0
LINE
  8
0
 10
371.004
 20
124.836
 11
371.081
 21
124.919
  0
LINE
  8
0
 10
371.081
 20
124.919
 11
371.164
 21
124.996
  0
LINE
  8
0
 10
371.164
 20
124.996
 11
371.254
 21
125.065
  0
LINE
  8
0
 10
371.254
 20
125.065
 11
371.35
 21
125.126
  0
LINE
  8
0
 10
371.35
 20
125.126
 11
371.451
 21
125.178
  0
LINE
  8
0
 10
371.451
 20
125.178
 11
371.555
 21
125.222
  0
LINE
  8
0
 10
371.555
 20
125.222
 11
371.664
 21
125.256
  0
LINE
  8
0
 10
371.664
 20
125.256
 11
371.774
 21
125.28
  0
LINE
  8
0
 10
371.774
 20
125.28
 11
371.887
 21
125.295
  0
LINE
  8
0
 10
371.887
 20
125.295
 11
372
 21
125.3
  0
LINE
  8
0
 10
372
 20
125.3
 11
372.113
 21
125.295
  0
LINE
  8
0
 10
372.113
 20
125.295
 11
372.226
 21
125.28
  0
LINE
  8
0
 10
372.226
 20
125.28
 11
372.336
 21
125.256
  0
LINE
  8
0
 10
372.336
 20
125.256
 11
372.445
 21
125.222
  0
LINE
  8
0
 10
372.445
 20
125.222
 11
372.549
 21
125.178
  0
LINE
  8
0
 10
372.549
 20
125.178
 11
372.65
 21
125.126
  0
LINE
  8
0
 10
372.65
 20
125.126
 11
372.746
 21
125.065
  0
LINE
  8
0
 10
372.746
 20
125.065
 11
372.836
 21
124.996
  0
LINE
  8
0
 10
372.836
 20
124.996
 11
372.919
 21
124.919
  0
LINE
  8
0
 10
372.919
 20
124.919
 11
372.996
 21
124.836
  0
LINE
  8
0
 10
372.996
 20
124.836
 11
373.065
 21
124.746
  0
LINE
  8
0
 10
373.065
 20
124.746
 11
373.126
 21
124.65
  0
LINE
  8
0
 10
373.126
 20
124.65
 11
373.178
 21
124.549
  0
LINE
  8
0
 10
373.178
 20
124.549
 11
373.222
 21
124.445
  0
LINE
  8
0
 10
373.222
 20
124.445
 11
373.256
 21
124.336
  0
LINE
  8
0
 10
373.256
 20
124.336
 11
373.28
 21
124.226
  0
LINE
  8
0
 10
373.28
 20
124.226
 11
373.295
 21
124.113
  0
LINE
  8
0
 10
373.295
 20
124.113
 11
373.3
 21
124
  0
LINE
  8
0
 10
373.3
 20
124
 11
373.295
 21
123.887
  0
LINE
  8
0
 10
373.295
 20
123.887
 11
373.28
 21
123.774
  0
LINE
  8
0
 10
373.28
 20
123.774
 11
373.256
 21
123.664
  0
LINE
  8
0
 10
373.256
 20
123.664
 11
373.222
 21
123.555
  0
LINE
  8
0
 10
373.222
 20
123.555
 11
373.178
 21
123.451
  0
LINE
  8
0
 10
373.178
 20
123.451
 11
373.126
 21
123.35
  0
LINE
  8
0
 10
373.126
 20
123.35
 11
373.065
 21
123.254
  0
LINE
  8
0
 10
373.065
 20
123.254
 11
372.996
 21
123.164
  0
LINE
  8
0
 10
372.996
 20
123.164
 11
372.919
 21
123.081
  0
LINE
  8
0
 10
372.919
 20
123.081
 11
372.836
 21
123.004
  0
LINE
  8
0
 10
372.836
 20
123.004
 11
372.746
 21
122.935
  0
LINE
  8
0
 10
372.746
 20
122.935
 11
372.65
 21
122.874
  0
LINE
  8
0
 10
372.65
 20
122.874
 11
372.549
 21
122.822
  0
LINE
  8
0
 10
372.549
 20
122.822
 11
372.445
 21
122.778
  0
LINE
  8
0
 10
372.445
 20
122.778
 11
372.336
 21
122.744
  0
LINE
  8
0
 10
372.336
 20
122.744
 11
372.226
 21
122.72
  0
LINE
  8
0
 10
372.226
 20
122.72
 11
372.113
 21
122.705
  0
LINE
  8
0
 10
372.113
 20
122.705
 11
372
 21
122.7
  0
LINE
  8
0
 10
372
 20
122.7
 11
371.887
 21
122.705
  0
LINE
  8
0
 10
195.887
 20
122.705
 11
195.774
 21
122.72
  0
LINE
  8
0
 10
195.774
 20
122.72
 11
195.664
 21
122.744
  0
LINE
  8
0
 10
195.664
 20
122.744
 11
195.555
 21
122.778
  0
LINE
  8
0
 10
195.555
 20
122.778
 11
195.451
 21
122.822
  0
LINE
  8
0
 10
195.451
 20
122.822
 11
195.35
 21
122.874
  0
LINE
  8
0
 10
195.35
 20
122.874
 11
195.254
 21
122.935
  0
LINE
  8
0
 10
195.254
 20
122.935
 11
195.164
 21
123.004
  0
LINE
  8
0
 10
195.164
 20
123.004
 11
195.081
 21
123.081
  0
LINE
  8
0
 10
195.081
 20
123.081
 11
195.004
 21
123.164
  0
LINE
  8
0
 10
195.004
 20
123.164
 11
194.935
 21
123.254
  0
LINE
  8
0
 10
194.935
 20
123.254
 11
194.874
 21
123.35
  0
LINE
  8
0
 10
194.874
 20
123.35
 11
194.822
 21
123.451
  0
LINE
  8
0
 10
194.822
 20
123.451
 11
194.778
 21
123.555
  0
LINE
  8
0
 10
194.778
 20
123.555
 11
194.744
 21
123.664
  0
LINE
  8
0
 10
194.744
 20
123.664
 11
194.72
 21
123.774
  0
LINE
  8
0
 10
194.72
 20
123.774
 11
194.705
 21
123.887
  0
LINE
  8
0
 10
194.705
 20
123.887
 11
194.7
 21
124
  0
LINE
  8
0
 10
194.7
 20
124
 11
194.705
 21
124.113
  0
LINE
  8
0
 10
194.705
 20
124.113
 11
194.72
 21
124.226
  0
LINE
  8
0
 10
194.72
 20
124.226
 11
194.744
 21
124.336
  0
LINE
  8
0
 10
194.744
 20
124.336
 11
194.778
 21
124.445
  0
LINE
  8
0
 10
194.778
 20
124.445
 11
194.822
 21
124.549
  0
LINE
  8
0
 10
194.822
 20
124.549
 11
194.874
 21
124.65
  0
LINE
  8
0
 10
194.874
 20
124.65
 11
194.935
 21
124.746
  0
LINE
  8
0
 10
194.935
 20
124.746
 11
195.004
 21
124.836
  0
LINE
  8
0
 10
195.004
 20
124.836
 11
195.081
 21
124.919
  0
LINE
  8
0
 10
195.081
 20
124.919
 11
195.164
 21
124.996
  0
LINE
  8
0
 10
195.164
 20
124.996
 11
195.254
 21
125.065
  0
LINE
  8
0
 10
195.254
 20
125.065
 11
195.35
 21
125.126
  0
LINE
  8
0
 10
195.35
 20
125.126
 11
195.451
 21
125.178
  0
LINE
  8
0
 10
195.451
 20
125.178
 11
195.555
 21
125.222
  0
LINE
  8
0
 10
195.555
 20
125.222
 11
195.664
 21
125.256
  0
LINE
  8
0
 10
195.664
 20
125.256
 11
195.774
 21
125.28
  0
LINE
  8
0
 10
195.774
 20
125.28
 11
195.887
 21
125.295
  0
LINE
  8
0
 10
195.887
 20
125.295
 11
196
 21
125.3
  0
LINE
  8
0
 10
196
 20
125.3
 11
196.113
 21
125.295
  0
LINE
  8
0
 10
196.113
 20
125.295
 11
196.226
 21
125.28
  0
LINE
  8
0
 10
196.226
 20
125.28
 11
196.336
 21
125.256
  0
LINE
  8
0
 10
196.336
 20
125.256
 11
196.445
 21
125.222
  0
LINE
  8
0
 10
196.445
 20
125.222
 11
196.549
 21
125.178
  0
LINE
  8
0
 10
196.549
 20
125.178
 11
196.65
 21
125.126
  0
LINE
  8
0
 10
196.65
 20
125.126
 11
196.746
 21
125.065
  0
LINE
  8
0
 10
196.746
 20
125.065
 11
196.836
 21
124.996
  0
LINE
  8
0
 10
196.836
 20
124.996
 11
196.919
 21
124.919
  0
LINE
  8
0
 10
196.919
 20
124.919
 11
196.996
 21
124.836
  0
LINE
  8
0
 10
196.996
 20
124.836
 11
197.065
 21
124.746
  0
LINE
  8
0
 10
197.065
 20
124.746
 11
197.126
 21
124.65
  0
LINE
  8
0
 10
197.126
 20
124.65
 11
197.178
 21
124.549
  0
LINE
  8
0
 10
197.178
 20
124.549
 11
197.222
 21
124.445
  0
LINE
  8
0
 10
197.222
 20
124.445
 11
197.256
 21
124.336
  0
LINE
  8
0
 10
197.256
 20
124.336
 11
197.28
 21
124.226
  0
LINE
  8
0
 10
197.28
 20
124.226
 11
197.295
 21
124.113
  0
LINE
  8
0
 10
197.295
 20
124.113
 11
197.3
 21
124
  0
LINE
  8
0
 10
197.3
 20
124
 11
197.295
 21
123.887
  0
LINE
  8
0
 10
197.295
 20
123.887
 11
197.28
 21
123.774
  0
LINE
  8
0
 10
197.28
 20
123.774
 11
197.256
 21
123.664
  0
LINE
  8
0
 10
197.256
 20
123.664
 11
197.222
 21
123.555
  0
LINE
  8
0
 10
197.222
 20
123.555
 11
197.178
 21
123.451
  0
LINE
  8
0
 10
197.178
 20
123.451
 11
197.126
 21
123.35
  0
LINE
  8
0
 10
197.126
 20
123.35
 11
197.065
 21
123.254
  0
LINE
  8
0
 10
197.065
 20
123.254
 11
196.996
 21
123.164
  0
LINE
  8
0
 10
196.996
 20
123.164
 11
196.919
 21
123.081
  0
LINE
  8
0
 10
196.919
 20
123.081
 11
196.836
 21
123.004
  0
LINE
  8
0
 10
196.836
 20
123.004
 11
196.746
 21
122.935
  0
LINE
  8
0
 10
196.746
 20
122.935
 11
196.65
 21
122.874
  0
LINE
  8
0
 10
196.65
 20
122.874
 11
196.549
 21
122.822
  0
LINE
  8
0
 10
196.549
 20
122.822
 11
196.445
 21
122.778
  0
LINE
  8
0
 10
196.445
 20
122.778
 11
196.336
 21
122.744
  0
LINE
  8
0
 10
196.336
 20
122.744
 11
196.226
 21
122.72
  0
LINE
  8
0
 10
196.226
 20
122.72
 11
196.113
 21
122.705
  0
LINE
  8
0
 10
196.113
 20
122.705
 11
196
 21
122.7
  0
LINE
  8
0
 10
196
 20
122.7
 11
195.887
 21
122.705
  0
LINE
  8
0
 10
123.887
 20
122.705
 11
123.774
 21
122.72
  0
LINE
  8
0
 10
123.774
 20
122.72
 11
123.664
 21
122.744
  0
LINE
  8
0
 10
123.664
 20
122.744
 11
123.555
 21
122.778
  0
LINE
  8
0
 10
123.555
 20
122.778
 11
123.451
 21
122.822
  0
LINE
  8
0
 10
123.451
 20
122.822
 11
123.35
 21
122.874
  0
LINE
  8
0
 10
123.35
 20
122.874
 11
123.254
 21
122.935
  0
LINE
  8
0
 10
123.254
 20
122.935
 11
123.164
 21
123.004
  0
LINE
  8
0
 10
123.164
 20
123.004
 11
123.081
 21
123.081
  0
LINE
  8
0
 10
123.081
 20
123.081
 11
123.004
 21
123.164
  0
LINE
  8
0
 10
123.004
 20
123.164
 11
122.935
 21
123.254
  0
LINE
  8
0
 10
122.935
 20
123.254
 11
122.874
 21
123.35
  0
LINE
  8
0
 10
122.874
 20
123.35
 11
122.822
 21
123.451
  0
LINE
  8
0
 10
122.822
 20
123.451
 11
122.778
 21
123.555
  0
LINE
  8
0
 10
122.778
 20
123.555
 11
122.744
 21
123.664
  0
LINE
  8
0
 10
122.744
 20
123.664
 11
122.72
 21
123.774
  0
LINE
  8
0
 10
122.72
 20
123.774
 11
122.705
 21
123.887
  0
LINE
  8
0
 10
122.705
 20
123.887
 11
122.7
 21
124
  0
LINE
  8
0
 10
122.7
 20
124
 11
122.705
 21
124.113
  0
LINE
  8
0
 10
122.705
 20
124.113
 11
122.72
 21
124.226
  0
LINE
  8
0
 10
122.72
 20
124.226
 11
122.744
 21
124.336
  0
LINE
  8
0
 10
122.744
 20
124.336
 11
122.778
 21
124.445
  0
LINE
  8
0
 10
122.778
 20
124.445
 11
122.822
 21
124.549
  0
LINE
  8
0
 10
122.822
 20
124.549
 11
122.874
 21
124.65
  0
LINE
  8
0
 10
122.874
 20
124.65
 11
122.935
 21
124.746
  0
LINE
  8
0
 10
122.935
 20
124.746
 11
123.004
 21
124.836
  0
LINE
  8
0
 10
123.004
 20
124.836
 11
123.081
 21
124.919
  0
LINE
  8
0
 10
123.081
 20
124.919
 11
123.164
 21
124.996
  0
LINE
  8
0
 10
123.164
 20
124.996
 11
123.254
 21
125.065
  0
LINE
  8
0
 10
123.254
 20
125.065
 11
123.35
 21
125.126
  0
LINE
  8
0
 10
123.35
 20
125.126
 11
123.451
 21
125.178
  0
LINE
  8
0
 10
123.451
 20
125.178
 11
123.555
 21
125.222
  0
LINE
  8
0
 10
123.555
 20
125.222
 11
123.664
 21
125.256
  0
LINE
  8
0
 10
123.664
 20
125.256
 11
123.774
 21
125.28
  0
LINE
  8
0
 10
123.774
 20
125.28
 11
123.887
 21
125.295
  0
LINE
  8
0
 10
123.887
 20
125.295
 11
124
 21
125.3
  0
LINE
  8
0
 10
124
 20
125.3
 11
124.113
 21
125.295
  0
LINE
  8
0
 10
124.113
 20
125.295
 11
124.226
 21
125.28
  0
LINE
  8
0
 10
124.226
 20
125.28
 11
124.336
 21
125.256
  0
LINE
  8
0
 10
124.336
 20
125.256
 11
124.445
 21
125.222
  0
LINE
  8
0
 10
124.445
 20
125.222
 11
124.549
 21
125.178
  0
LINE
  8
0
 10
124.549
 20
125.178
 11
124.65
 21
125.126
  0
LINE
  8
0
 10
124.65
 20
125.126
 11
124.746
 21
125.065
  0
LINE
  8
0
 10
124.746
 20
125.065
 11
124.836
 21
124.996
  0
LINE
  8
0
 10
124.836
 20
124.996
 11
124.919
 21
124.919
  0
LINE
  8
0
 10
124.919
 20
124.919
 11
124.996
 21
124.836
  0
LINE
  8
0
 10
124.996
 20
124.836
 11
125.065
 21
124.746
  0
LINE
  8
0
 10
125.065
 20
124.746
 11
125.126
 21
124.65
  0
LINE
  8
0
 10
125.126
 20
124.65
 11
125.178
 21
124.549
  0
LINE
  8
0
 10
125.178
 20
124.549
 11
125.222
 21
124.445
  0
LINE
  8
0
 10
125.222
 20
124.445
 11
125.256
 21
124.336
  0
LINE
  8
0
 10
125.256
 20
124.336
 11
125.28
 21
124.226
  0
LINE
  8
0
 10
125.28
 20
124.226
 11
125.295
 21
124.113
  0
LINE
  8
0
 10
125.295
 20
124.113
 11
125.3
 21
124
  0
LINE
  8
0
 10
125.3
 20
124
 11
125.295
 21
123.887
  0
LINE
  8
0
 10
125.295
 20
123.887
 11
125.28
 21
123.774
  0
LINE
  8
0
 10
125.28
 20
123.774
 11
125.256
 21
123.664
  0
LINE
  8
0
 10
125.256
 20
123.664
 11
125.222
 21
123.555
  0
LINE
  8
0
 10
125.222
 20
123.555
 11
125.178
 21
123.451
  0
LINE
  8
0
 10
125.178
 20
123.451
 11
125.126
 21
123.35
  0
LINE
  8
0
 10
125.126
 20
123.35
 11
125.065
 21
123.254
  0
LINE
  8
0
 10
125.065
 20
123.254
 11
124.996
 21
123.164
  0
LINE
  8
0
 10
124.996
 20
123.164
 11
124.919
 21
123.081
  0
LINE
  8
0
 10
124.919
 20
123.081
 11
124.836
 21
123.004
  0
LINE
  8
0
 10
124.836
 20
123.004
 11
124.746
 21
122.935
  0
LINE
  8
0
 10
124.746
 20
122.935
 11
124.65
 21
122.874
  0
LINE
  8
0
 10
124.65
 20
122.874
 11
124.549
 21
122.822
  0
LINE
  8
0
 10
124.549
 20
122.822
 11
124.445
 21
122.778
  0
LINE
  8
0
 10
124.445
 20
122.778
 11
124.336
 21
122.744
  0
LINE
  8
0
 10
124.336
 20
122.744
 11
124.226
 21
122.72
  0
LINE
  8
0
 10
124.226
 20
122.72
 11
124.113
 21
122.705
  0
LINE
  8
0
 10
124.113
 20
122.705
 11
124
 21
122.7
  0
LINE
  8
0
 10
124
 20
122.7
 11
123.887
 21
122.705
  0
LINE
  8
0
 10
211.887
 20
122.705
 11
211.774
 21
122.72
  0
LINE
  8
0
 10
211.774
 20
122.72
 11
211.664
 21
122.744
  0
LINE
  8
0
 10
211.664
 20
122.744
 11
211.555
 21
122.778
  0
LINE
  8
0
 10
211.555
 20
122.778
 11
211.451
 21
122.822
  0
LINE
  8
0
 10
211.451
 20
122.822
 11
211.35
 21
122.874
  0
LINE
  8
0
 10
211.35
 20
122.874
 11
211.254
 21
122.935
  0
LINE
  8
0
 10
211.254
 20
122.935
 11
211.164
 21
123.004
  0
LINE
  8
0
 10
211.164
 20
123.004
 11
211.081
 21
123.081
  0
LINE
  8
0
 10
211.081
 20
123.081
 11
211.004
 21
123.164
  0
LINE
  8
0
 10
211.004
 20
123.164
 11
210.935
 21
123.254
  0
LINE
  8
0
 10
210.935
 20
123.254
 11
210.874
 21
123.35
  0
LINE
  8
0
 10
210.874
 20
123.35
 11
210.822
 21
123.451
  0
LINE
  8
0
 10
210.822
 20
123.451
 11
210.778
 21
123.555
  0
LINE
  8
0
 10
210.778
 20
123.555
 11
210.744
 21
123.664
  0
LINE
  8
0
 10
210.744
 20
123.664
 11
210.72
 21
123.774
  0
LINE
  8
0
 10
210.72
 20
123.774
 11
210.705
 21
123.887
  0
LINE
  8
0
 10
210.705
 20
123.887
 11
210.7
 21
124
  0
LINE
  8
0
 10
210.7
 20
124
 11
210.705
 21
124.113
  0
LINE
  8
0
 10
210.705
 20
124.113
 11
210.72
 21
124.226
  0
LINE
  8
0
 10
210.72
 20
124.226
 11
210.744
 21
124.336
  0
LINE
  8
0
 10
210.744
 20
124.336
 11
210.778
 21
124.445
  0
LINE
  8
0
 10
210.778
 20
124.445
 11
210.822
 21
124.549
  0
LINE
  8
0
 10
210.822
 20
124.549
 11
210.874
 21
124.65
  0
LINE
  8
0
 10
210.874
 20
124.65
 11
210.935
 21
124.746
  0
LINE
  8
0
 10
210.935
 20
124.746
 11
211.004
 21
124.836
  0
LINE
  8
0
 10
211.004
 20
124.836
 11
211.081
 21
124.919
  0
LINE
  8
0
 10
211.081
 20
124.919
 11
211.164
 21
124.996
  0
LINE
  8
0
 10
211.164
 20
124.996
 11
211.254
 21
125.065
  0
LINE
  8
0
 10
211.254
 20
125.065
 11
211.35
 21
125.126
  0
LINE
  8
0
 10
211.35
 20
125.126
 11
211.451
 21
125.178
  0
LINE
  8
0
 10
211.451
 20
125.178
 11
211.555
 21
125.222
  0
LINE
  8
0
 10
211.555
 20
125.222
 11
211.664
 21
125.256
  0
LINE
  8
0
 10
211.664
 20
125.256
 11
211.774
 21
125.28
  0
LINE
  8
0
 10
211.774
 20
125.28
 11
211.887
 21
125.295
  0
LINE
  8
0
 10
211.887
 20
125.295
 11
212
 21
125.3
  0
LINE
  8
0
 10
212
 20
125.3
 11
212.113
 21
125.295
  0
LINE
  8
0
 10
212.113
 20
125.295
 11
212.226
 21
125.28
  0
LINE
  8
0
 10
212.226
 20
125.28
 11
212.336
 21
125.256
  0
LINE
  8
0
 10
212.336
 20
125.256
 11
212.445
 21
125.222
  0
LINE
  8
0
 10
212.445
 20
125.222
 11
212.549
 21
125.178
  0
LINE
  8
0
 10
212.549
 20
125.178
 11
212.65
 21
125.126
  0
LINE
  8
0
 10
212.65
 20
125.126
 11
212.746
 21
125.065
  0
LINE
  8
0
 10
212.746
 20
125.065
 11
212.836
 21
124.996
  0
LINE
  8
0
 10
212.836
 20
124.996
 11
212.919
 21
124.919
  0
LINE
  8
0
 10
212.919
 20
124.919
 11
212.996
 21
124.836
  0
LINE
  8
0
 10
212.996
 20
124.836
 11
213.065
 21
124.746
  0
LINE
  8
0
 10
213.065
 20
124.746
 11
213.126
 21
124.65
  0
LINE
  8
0
 10
213.126
 20
124.65
 11
213.178
 21
124.549
  0
LINE
  8
0
 10
213.178
 20
124.549
 11
213.222
 21
124.445
  0
LINE
  8
0
 10
213.222
 20
124.445
 11
213.256
 21
124.336
  0
LINE
  8
0
 10
213.256
 20
124.336
 11
213.28
 21
124.226
  0
LINE
  8
0
 10
213.28
 20
124.226
 11
213.295
 21
124.113
  0
LINE
  8
0
 10
213.295
 20
124.113
 11
213.3
 21
124
  0
LINE
  8
0
 10
213.3
 20
124
 11
213.295
 21
123.887
  0
LINE
  8
0
 10
213.295
 20
123.887
 11
213.28
 21
123.774
  0
LINE
  8
0
 10
213.28
 20
123.774
 11
213.256
 21
123.664
  0
LINE
  8
0
 10
213.256
 20
123.664
 11
213.222
 21
123.555
  0
LINE
  8
0
 10
213.222
 20
123.555
 11
213.178
 21
123.451
  0
LINE
  8
0
 10
213.178
 20
123.451
 11
213.126
 21
123.35
  0
LINE
  8
0
 10
213.126
 20
123.35
 11
213.065
 21
123.254
  0
LINE
  8
0
 10
213.065
 20
123.254
 11
212.996
 21
123.164
  0
LINE
  8
0
 10
212.996
 20
123.164
 11
212.919
 21
123.081
  0
LINE
  8
0
 10
212.919
 20
123.081
 11
212.836
 21
123.004
  0
LINE
  8
0
 10
212.836
 20
123.004
 11
212.746
 21
122.935
  0
LINE
  8
0
 10
212.746
 20
122.935
 11
212.65
 21
122.874
  0
LINE
  8
0
 10
212.65
 20
122.874
 11
212.549
 21
122.822
  0
LINE
  8
0
 10
212.549
 20
122.822
 11
212.445
 21
122.778
  0
LINE
  8
0
 10
212.445
 20
122.778
 11
212.336
 21
122.744
  0
LINE
  8
0
 10
212.336
 20
122.744
 11
212.226
 21
122.72
  0
LINE
  8
0
 10
212.226
 20
122.72
 11
212.113
 21
122.705
  0
LINE
  8
0
 10
212.113
 20
122.705
 11
212
 21
122.7
  0
LINE
  8
0
 10
212
 20
122.7
 11
211.887
 21
122.705
  0
LINE
  8
0
 10
283.887
 20
122.705
 11
283.774
 21
122.72
  0
LINE
  8
0
 10
283.774
 20
122.72
 11
283.664
 21
122.744
  0
LINE
  8
0
 10
283.664
 20
122.744
 11
283.555
 21
122.778
  0
LINE
  8
0
 10
283.555
 20
122.778
 11
283.451
 21
122.822
  0
LINE
  8
0
 10
283.451
 20
122.822
 11
283.35
 21
122.874
  0
LINE
  8
0
 10
283.35
 20
122.874
 11
283.254
 21
122.935
  0
LINE
  8
0
 10
283.254
 20
122.935
 11
283.164
 21
123.004
  0
LINE
  8
0
 10
283.164
 20
123.004
 11
283.081
 21
123.081
  0
LINE
  8
0
 10
283.081
 20
123.081
 11
283.004
 21
123.164
  0
LINE
  8
0
 10
283.004
 20
123.164
 11
282.935
 21
123.254
  0
LINE
  8
0
 10
282.935
 20
123.254
 11
282.874
 21
123.35
  0
LINE
  8
0
 10
282.874
 20
123.35
 11
282.822
 21
123.451
  0
LINE
  8
0
 10
282.822
 20
123.451
 11
282.778
 21
123.555
  0
LINE
  8
0
 10
282.778
 20
123.555
 11
282.744
 21
123.664
  0
LINE
  8
0
 10
282.744
 20
123.664
 11
282.72
 21
123.774
  0
LINE
  8
0
 10
282.72
 20
123.774
 11
282.705
 21
123.887
  0
LINE
  8
0
 10
282.705
 20
123.887
 11
282.7
 21
124
  0
LINE
  8
0
 10
282.7
 20
124
 11
282.705
 21
124.113
  0
LINE
  8
0
 10
282.705
 20
124.113
 11
282.72
 21
124.226
  0
LINE
  8
0
 10
282.72
 20
124.226
 11
282.744
 21
124.336
  0
LINE
  8
0
 10
282.744
 20
124.336
 11
282.778
 21
124.445
  0
LINE
  8
0
 10
282.778
 20
124.445
 11
282.822
 21
124.549
  0
LINE
  8
0
 10
282.822
 20
124.549
 11
282.874
 21
124.65
  0
LINE
  8
0
 10
282.874
 20
124.65
 11
282.935
 21
124.746
  0
LINE
  8
0
 10
282.935
 20
124.746
 11
283.004
 21
124.836
  0
LINE
  8
0
 10
283.004
 20
124.836
 11
283.081
 21
124.919
  0
LINE
  8
0
 10
283.081
 20
124.919
 11
283.164
 21
124.996
  0
LINE
  8
0
 10
283.164
 20
124.996
 11
283.254
 21
125.065
  0
LINE
  8
0
 10
283.254
 20
125.065
 11
283.35
 21
125.126
  0
LINE
  8
0
 10
283.35
 20
125.126
 11
283.451
 21
125.178
  0
LINE
  8
0
 10
283.451
 20
125.178
 11
283.555
 21
125.222
  0
LINE
  8
0
 10
283.555
 20
125.222
 11
283.664
 21
125.256
  0
LINE
  8
0
 10
283.664
 20
125.256
 11
283.774
 21
125.28
  0
LINE
  8
0
 10
283.774
 20
125.28
 11
283.887
 21
125.295
  0
LINE
  8
0
 10
283.887
 20
125.295
 11
284
 21
125.3
  0
LINE
  8
0
 10
284
 20
125.3
 11
284.113
 21
125.295
  0
LINE
  8
0
 10
284.113
 20
125.295
 11
284.226
 21
125.28
  0
LINE
  8
0
 10
284.226
 20
125.28
 11
284.336
 21
125.256
  0
LINE
  8
0
 10
284.336
 20
125.256
 11
284.445
 21
125.222
  0
LINE
  8
0
 10
284.445
 20
125.222
 11
284.549
 21
125.178
  0
LINE
  8
0
 10
284.549
 20
125.178
 11
284.65
 21
125.126
  0
LINE
  8
0
 10
284.65
 20
125.126
 11
284.746
 21
125.065
  0
LINE
  8
0
 10
284.746
 20
125.065
 11
284.836
 21
124.996
  0
LINE
  8
0
 10
284.836
 20
124.996
 11
284.919
 21
124.919
  0
LINE
  8
0
 10
284.919
 20
124.919
 11
284.996
 21
124.836
  0
LINE
  8
0
 10
284.996
 20
124.836
 11
285.065
 21
124.746
  0
LINE
  8
0
 10
285.065
 20
124.746
 11
285.126
 21
124.65
  0
LINE
  8
0
 10
285.126
 20
124.65
 11
285.178
 21
124.549
  0
LINE
  8
0
 10
285.178
 20
124.549
 11
285.222
 21
124.445
  0
LINE
  8
0
 10
285.222
 20
124.445
 11
285.256
 21
124.336
  0
LINE
  8
0
 10
285.256
 20
124.336
 11
285.28
 21
124.226
  0
LINE
  8
0
 10
285.28
 20
124.226
 11
285.295
 21
124.113
  0
LINE
  8
0
 10
285.295
 20
124.113
 11
285.3
 21
124
  0
LINE
  8
0
 10
285.3
 20
124
 11
285.295
 21
123.887
  0
LINE
  8
0
 10
285.295
 20
123.887
 11
285.28
 21
123.774
  0
LINE
  8
0
 10
285.28
 20
123.774
 11
285.256
 21
123.664
  0
LINE
  8
0
 10
285.256
 20
123.664
 11
285.222
 21
123.555
  0
LINE
  8
0
 10
285.222
 20
123.555
 11
285.178
 21
123.451
  0
LINE
  8
0
 10
285.178
 20
123.451
 11
285.126
 21
123.35
  0
LINE
  8
0
 10
285.126
 20
123.35
 11
285.065
 21
123.254
  0
LINE
  8
0
 10
285.065
 20
123.254
 11
284.996
 21
123.164
  0
LINE
  8
0
 10
284.996
 20
123.164
 11
284.919
 21
123.081
  0
LINE
  8
0
 10
284.919
 20
123.081
 11
284.836
 21
123.004
  0
LINE
  8
0
 10
284.836
 20
123.004
 11
284.746
 21
122.935
  0
LINE
  8
0
 10
284.746
 20
122.935
 11
284.65
 21
122.874
  0
LINE
  8
0
 10
284.65
 20
122.874
 11
284.549
 21
122.822
  0
LINE
  8
0
 10
284.549
 20
122.822
 11
284.445
 21
122.778
  0
LINE
  8
0
 10
284.445
 20
122.778
 11
284.336
 21
122.744
  0
LINE
  8
0
 10
284.336
 20
122.744
 11
284.226
 21
122.72
  0
LINE
  8
0
 10
284.226
 20
122.72
 11
284.113
 21
122.705
  0
LINE
  8
0
 10
284.113
 20
122.705
 11
284
 21
122.7
  0
LINE
  8
0
 10
284
 20
122.7
 11
283.887
 21
122.705
  0
LINE
  8
0
 10
299.887
 20
122.705
 11
299.774
 21
122.72
  0
LINE
  8
0
 10
299.774
 20
122.72
 11
299.664
 21
122.744
  0
LINE
  8
0
 10
299.664
 20
122.744
 11
299.555
 21
122.778
  0
LINE
  8
0
 10
299.555
 20
122.778
 11
299.451
 21
122.822
  0
LINE
  8
0
 10
299.451
 20
122.822
 11
299.35
 21
122.874
  0
LINE
  8
0
 10
299.35
 20
122.874
 11
299.254
 21
122.935
  0
LINE
  8
0
 10
299.254
 20
122.935
 11
299.164
 21
123.004
  0
LINE
  8
0
 10
299.164
 20
123.004
 11
299.081
 21
123.081
  0
LINE
  8
0
 10
299.081
 20
123.081
 11
299.004
 21
123.164
  0
LINE
  8
0
 10
299.004
 20
123.164
 11
298.935
 21
123.254
  0
LINE
  8
0
 10
298.935
 20
123.254
 11
298.874
 21
123.35
  0
LINE
  8
0
 10
298.874
 20
123.35
 11
298.822
 21
123.451
  0
LINE
  8
0
 10
298.822
 20
123.451
 11
298.778
 21
123.555
  0
LINE
  8
0
 10
298.778
 20
123.555
 11
298.744
 21
123.664
  0
LINE
  8
0
 10
298.744
 20
123.664
 11
298.72
 21
123.774
  0
LINE
  8
0
 10
298.72
 20
123.774
 11
298.705
 21
123.887
  0
LINE
  8
0
 10
298.705
 20
123.887
 11
298.7
 21
124
  0
LINE
  8
0
 10
298.7
 20
124
 11
298.705
 21
124.113
  0
LINE
  8
0
 10
298.705
 20
124.113
 11
298.72
 21
124.226
  0
LINE
  8
0
 10
298.72
 20
124.226
 11
298.744
 21
124.336
  0
LINE
  8
0
 10
298.744
 20
124.336
 11
298.778
 21
124.445
  0
LINE
  8
0
 10
298.778
 20
124.445
 11
298.822
 21
124.549
  0
LINE
  8
0
 10
298.822
 20
124.549
 11
298.874
 21
124.65
  0
LINE
  8
0
 10
298.874
 20
124.65
 11
298.935
 21
124.746
  0
LINE
  8
0
 10
298.935
 20
124.746
 11
299.004
 21
124.836
  0
LINE
  8
0
 10
299.004
 20
124.836
 11
299.081
 21
124.919
  0
LINE
  8
0
 10
299.081
 20
124.919
 11
299.164
 21
124.996
  0
LINE
  8
0
 10
299.164
 20
124.996
 11
299.254
 21
125.065
  0
LINE
  8
0
 10
299.254
 20
125.065
 11
299.35
 21
125.126
  0
LINE
  8
0
 10
299.35
 20
125.126
 11
299.451
 21
125.178
  0
LINE
  8
0
 10
299.451
 20
125.178
 11
299.555
 21
125.222
  0
LINE
  8
0
 10
299.555
 20
125.222
 11
299.664
 21
125.256
  0
LINE
  8
0
 10
299.664
 20
125.256
 11
299.774
 21
125.28
  0
LINE
  8
0
 10
299.774
 20
125.28
 11
299.887
 21
125.295
  0
LINE
  8
0
 10
299.887
 20
125.295
 11
300
 21
125.3
  0
LINE
  8
0
 10
300
 20
125.3
 11
300.113
 21
125.295
  0
LINE
  8
0
 10
300.113
 20
125.295
 11
300.226
 21
125.28
  0
LINE
  8
0
 10
300.226
 20
125.28
 11
300.336
 21
125.256
  0
LINE
  8
0
 10
300.336
 20
125.256
 11
300.445
 21
125.222
  0
LINE
  8
0
 10
300.445
 20
125.222
 11
300.549
 21
125.178
  0
LINE
  8
0
 10
300.549
 20
125.178
 11
300.65
 21
125.126
  0
LINE
  8
0
 10
300.65
 20
125.126
 11
300.746
 21
125.065
  0
LINE
  8
0
 10
300.746
 20
125.065
 11
300.836
 21
124.996
  0
LINE
  8
0
 10
300.836
 20
124.996
 11
300.919
 21
124.919
  0
LINE
  8
0
 10
300.919
 20
124.919
 11
300.996
 21
124.836
  0
LINE
  8
0
 10
300.996
 20
124.836
 11
301.065
 21
124.746
  0
LINE
  8
0
 10
301.065
 20
124.746
 11
301.126
 21
124.65
  0
LINE
  8
0
 10
301.126
 20
124.65
 11
301.178
 21
124.549
  0
LINE
  8
0
 10
301.178
 20
124.549
 11
301.222
 21
124.445
  0
LINE
  8
0
 10
301.222
 20
124.445
 11
301.256
 21
124.336
  0
LINE
  8
0
 10
301.256
 20
124.336
 11
301.28
 21
124.226
  0
LINE
  8
0
 10
301.28
 20
124.226
 11
301.295
 21
124.113
  0
LINE
  8
0
 10
301.295
 20
124.113
 11
301.3
 21
124
  0
LINE
  8
0
 10
301.3
 20
124
 11
301.295
 21
123.887
  0
LINE
  8
0
 10
301.295
 20
123.887
 11
301.28
 21
123.774
  0
LINE
  8
0
 10
301.28
 20
123.774
 11
301.256
 21
123.664
  0
LINE
  8
0
 10
301.256
 20
123.664
 11
301.222
 21
123.555
  0
LINE
  8
0
 10
301.222
 20
123.555
 11
301.178
 21
123.451
  0
LINE
  8
0
 10
301.178
 20
123.451
 11
301.126
 21
123.35
  0
LINE
  8
0
 10
301.126
 20
123.35
 11
301.065
 21
123.254
  0
LINE
  8
0
 10
301.065
 20
123.254
 11
300.996
 21
123.164
  0
LINE
  8
0
 10
300.996
 20
123.164
 11
300.919
 21
123.081
  0
LINE
  8
0
 10
300.919
 20
123.081
 11
300.836
 21
123.004
  0
LINE
  8
0
 10
300.836
 20
123.004
 11
300.746
 21
122.935
  0
LINE
  8
0
 10
300.746
 20
122.935
 11
300.65
 21
122.874
  0
LINE
  8
0
 10
300.65
 20
122.874
 11
300.549
 21
122.822
  0
LINE
  8
0
 10
300.549
 20
122.822
 11
300.445
 21
122.778
  0
LINE
  8
0
 10
300.445
 20
122.778
 11
300.336
 21
122.744
  0
LINE
  8
0
 10
300.336
 20
122.744
 11
300.226
 21
122.72
  0
LINE
  8
0
 10
300.226
 20
122.72
 11
300.113
 21
122.705
  0
LINE
  8
0
 10
300.113
 20
122.705
 11
300
 21
122.7
  0
LINE
  8
0
 10
300
 20
122.7
 11
299.887
 21
122.705
  0
LINE
  8
0
 10
-85.1133
 20
119.705
 11
-85.2258
 21
119.72
  0
LINE
  8
0
 10
-85.2258
 20
119.72
 11
-85.3365
 21
119.744
  0
LINE
  8
0
 10
-85.3365
 20
119.744
 11
-85.4446
 21
119.778
  0
LINE
  8
0
 10
-85.4446
 20
119.778
 11
-85.5494
 21
119.822
  0
LINE
  8
0
 10
-85.5494
 20
119.822
 11
-85.65
 21
119.874
  0
LINE
  8
0
 10
-85.65
 20
119.874
 11
-85.7457
 21
119.935
  0
LINE
  8
0
 10
-85.7457
 20
119.935
 11
-85.8356
 21
120.004
  0
LINE
  8
0
 10
-85.8356
 20
120.004
 11
-85.9193
 21
120.081
  0
LINE
  8
0
 10
-85.9193
 20
120.081
 11
-85.9959
 21
120.164
  0
LINE
  8
0
 10
-85.9959
 20
120.164
 11
-86.0649
 21
120.254
  0
LINE
  8
0
 10
-86.0649
 20
120.254
 11
-86.1258
 21
120.35
  0
LINE
  8
0
 10
-86.1258
 20
120.35
 11
-86.1782
 21
120.451
  0
LINE
  8
0
 10
-86.1782
 20
120.451
 11
-86.2216
 21
120.555
  0
LINE
  8
0
 10
-86.2216
 20
120.555
 11
-86.2557
 21
120.664
  0
LINE
  8
0
 10
-86.2557
 20
120.664
 11
-86.2803
 21
120.774
  0
LINE
  8
0
 10
-86.2803
 20
120.774
 11
-86.2951
 21
120.887
  0
LINE
  8
0
 10
-86.2951
 20
120.887
 11
-86.3
 21
121
  0
LINE
  8
0
 10
-86.3
 20
121
 11
-86.2951
 21
121.113
  0
LINE
  8
0
 10
-86.2951
 20
121.113
 11
-86.2803
 21
121.226
  0
LINE
  8
0
 10
-86.2803
 20
121.226
 11
-86.2557
 21
121.336
  0
LINE
  8
0
 10
-86.2557
 20
121.336
 11
-86.2216
 21
121.445
  0
LINE
  8
0
 10
-86.2216
 20
121.445
 11
-86.1782
 21
121.549
  0
LINE
  8
0
 10
-86.1782
 20
121.549
 11
-86.1258
 21
121.65
  0
LINE
  8
0
 10
-86.1258
 20
121.65
 11
-86.0649
 21
121.746
  0
LINE
  8
0
 10
-86.0649
 20
121.746
 11
-85.9959
 21
121.836
  0
LINE
  8
0
 10
-85.9959
 20
121.836
 11
-85.9193
 21
121.919
  0
LINE
  8
0
 10
-85.9193
 20
121.919
 11
-85.8356
 21
121.996
  0
LINE
  8
0
 10
-85.8356
 20
121.996
 11
-85.7457
 21
122.065
  0
LINE
  8
0
 10
-85.7457
 20
122.065
 11
-85.65
 21
122.126
  0
LINE
  8
0
 10
-85.65
 20
122.126
 11
-85.5494
 21
122.178
  0
LINE
  8
0
 10
-85.5494
 20
122.178
 11
-85.4446
 21
122.222
  0
LINE
  8
0
 10
-85.4446
 20
122.222
 11
-85.3365
 21
122.256
  0
LINE
  8
0
 10
-85.3365
 20
122.256
 11
-85.2258
 21
122.28
  0
LINE
  8
0
 10
-85.2258
 20
122.28
 11
-85.1133
 21
122.295
  0
LINE
  8
0
 10
-85.1133
 20
122.295
 11
-85
 21
122.3
  0
LINE
  8
0
 10
-85
 20
122.3
 11
-84.8867
 21
122.295
  0
LINE
  8
0
 10
-84.8867
 20
122.295
 11
-84.7743
 21
122.28
  0
LINE
  8
0
 10
-84.7743
 20
122.28
 11
-84.6635
 21
122.256
  0
LINE
  8
0
 10
-84.6635
 20
122.256
 11
-84.5554
 21
122.222
  0
LINE
  8
0
 10
-84.5554
 20
122.222
 11
-84.4506
 21
122.178
  0
LINE
  8
0
 10
-84.4506
 20
122.178
 11
-84.35
 21
122.126
  0
LINE
  8
0
 10
-84.35
 20
122.126
 11
-84.2544
 21
122.065
  0
LINE
  8
0
 10
-84.2544
 20
122.065
 11
-84.1644
 21
121.996
  0
LINE
  8
0
 10
-84.1644
 20
121.996
 11
-84.0808
 21
121.919
  0
LINE
  8
0
 10
-84.0808
 20
121.919
 11
-84.0042
 21
121.836
  0
LINE
  8
0
 10
-84.0042
 20
121.836
 11
-83.9351
 21
121.746
  0
LINE
  8
0
 10
-83.9351
 20
121.746
 11
-83.8742
 21
121.65
  0
LINE
  8
0
 10
-83.8742
 20
121.65
 11
-83.8218
 21
121.549
  0
LINE
  8
0
 10
-83.8218
 20
121.549
 11
-83.7784
 21
121.445
  0
LINE
  8
0
 10
-83.7784
 20
121.445
 11
-83.7443
 21
121.336
  0
LINE
  8
0
 10
-83.7443
 20
121.336
 11
-83.7198
 21
121.226
  0
LINE
  8
0
 10
-83.7198
 20
121.226
 11
-83.705
 21
121.113
  0
LINE
  8
0
 10
-83.705
 20
121.113
 11
-83.7
 21
121
  0
LINE
  8
0
 10
-83.7
 20
121
 11
-83.705
 21
120.887
  0
LINE
  8
0
 10
-83.705
 20
120.887
 11
-83.7198
 21
120.774
  0
LINE
  8
0
 10
-83.7198
 20
120.774
 11
-83.7443
 21
120.664
  0
LINE
  8
0
 10
-83.7443
 20
120.664
 11
-83.7784
 21
120.555
  0
LINE
  8
0
 10
-83.7784
 20
120.555
 11
-83.8218
 21
120.451
  0
LINE
  8
0
 10
-83.8218
 20
120.451
 11
-83.8742
 21
120.35
  0
LINE
  8
0
 10
-83.8742
 20
120.35
 11
-83.9351
 21
120.254
  0
LINE
  8
0
 10
-83.9351
 20
120.254
 11
-84.0042
 21
120.164
  0
LINE
  8
0
 10
-84.0042
 20
120.164
 11
-84.0808
 21
120.081
  0
LINE
  8
0
 10
-84.0808
 20
120.081
 11
-84.1644
 21
120.004
  0
LINE
  8
0
 10
-84.1644
 20
120.004
 11
-84.2544
 21
119.935
  0
LINE
  8
0
 10
-84.2544
 20
119.935
 11
-84.35
 21
119.874
  0
LINE
  8
0
 10
-84.35
 20
119.874
 11
-84.4506
 21
119.822
  0
LINE
  8
0
 10
-84.4506
 20
119.822
 11
-84.5554
 21
119.778
  0
LINE
  8
0
 10
-84.5554
 20
119.778
 11
-84.6635
 21
119.744
  0
LINE
  8
0
 10
-84.6635
 20
119.744
 11
-84.7743
 21
119.72
  0
LINE
  8
0
 10
-84.7743
 20
119.72
 11
-84.8867
 21
119.705
  0
LINE
  8
0
 10
-84.8867
 20
119.705
 11
-85
 21
119.7
  0
LINE
  8
0
 10
-85
 20
119.7
 11
-85.1133
 21
119.705
  0
LINE
  8
0
 10
-245.113
 20
119.705
 11
-245.226
 21
119.72
  0
LINE
  8
0
 10
-245.226
 20
119.72
 11
-245.336
 21
119.744
  0
LINE
  8
0
 10
-245.336
 20
119.744
 11
-245.445
 21
119.778
  0
LINE
  8
0
 10
-245.445
 20
119.778
 11
-245.549
 21
119.822
  0
LINE
  8
0
 10
-245.549
 20
119.822
 11
-245.65
 21
119.874
  0
LINE
  8
0
 10
-245.65
 20
119.874
 11
-245.746
 21
119.935
  0
LINE
  8
0
 10
-245.746
 20
119.935
 11
-245.836
 21
120.004
  0
LINE
  8
0
 10
-245.836
 20
120.004
 11
-245.919
 21
120.081
  0
LINE
  8
0
 10
-245.919
 20
120.081
 11
-245.996
 21
120.164
  0
LINE
  8
0
 10
-245.996
 20
120.164
 11
-246.065
 21
120.254
  0
LINE
  8
0
 10
-246.065
 20
120.254
 11
-246.126
 21
120.35
  0
LINE
  8
0
 10
-246.126
 20
120.35
 11
-246.178
 21
120.451
  0
LINE
  8
0
 10
-246.178
 20
120.451
 11
-246.222
 21
120.555
  0
LINE
  8
0
 10
-246.222
 20
120.555
 11
-246.256
 21
120.664
  0
LINE
  8
0
 10
-246.256
 20
120.664
 11
-246.28
 21
120.774
  0
LINE
  8
0
 10
-246.28
 20
120.774
 11
-246.295
 21
120.887
  0
LINE
  8
0
 10
-246.295
 20
120.887
 11
-246.3
 21
121
  0
LINE
  8
0
 10
-246.3
 20
121
 11
-246.295
 21
121.113
  0
LINE
  8
0
 10
-246.295
 20
121.113
 11
-246.28
 21
121.226
  0
LINE
  8
0
 10
-246.28
 20
121.226
 11
-246.256
 21
121.336
  0
LINE
  8
0
 10
-246.256
 20
121.336
 11
-246.222
 21
121.445
  0
LINE
  8
0
 10
-246.222
 20
121.445
 11
-246.178
 21
121.549
  0
LINE
  8
0
 10
-246.178
 20
121.549
 11
-246.126
 21
121.65
  0
LINE
  8
0
 10
-246.126
 20
121.65
 11
-246.065
 21
121.746
  0
LINE
  8
0
 10
-246.065
 20
121.746
 11
-245.996
 21
121.836
  0
LINE
  8
0
 10
-245.996
 20
121.836
 11
-245.919
 21
121.919
  0
LINE
  8
0
 10
-245.919
 20
121.919
 11
-245.836
 21
121.996
  0
LINE
  8
0
 10
-245.836
 20
121.996
 11
-245.746
 21
122.065
  0
LINE
  8
0
 10
-245.746
 20
122.065
 11
-245.65
 21
122.126
  0
LINE
  8
0
 10
-245.65
 20
122.126
 11
-245.549
 21
122.178
  0
LINE
  8
0
 10
-245.549
 20
122.178
 11
-245.445
 21
122.222
  0
LINE
  8
0
 10
-245.445
 20
122.222
 11
-245.336
 21
122.256
  0
LINE
  8
0
 10
-245.336
 20
122.256
 11
-245.226
 21
122.28
  0
LINE
  8
0
 10
-245.226
 20
122.28
 11
-245.113
 21
122.295
  0
LINE
  8
0
 10
-245.113
 20
122.295
 11
-245
 21
122.3
  0
LINE
  8
0
 10
-245
 20
122.3
 11
-244.887
 21
122.295
  0
LINE
  8
0
 10
-244.887
 20
122.295
 11
-244.774
 21
122.28
  0
LINE
  8
0
 10
-244.774
 20
122.28
 11
-244.664
 21
122.256
  0
LINE
  8
0
 10
-244.664
 20
122.256
 11
-244.555
 21
122.222
  0
LINE
  8
0
 10
-244.555
 20
122.222
 11
-244.451
 21
122.178
  0
LINE
  8
0
 10
-244.451
 20
122.178
 11
-244.35
 21
122.126
  0
LINE
  8
0
 10
-244.35
 20
122.126
 11
-244.254
 21
122.065
  0
LINE
  8
0
 10
-244.254
 20
122.065
 11
-244.164
 21
121.996
  0
LINE
  8
0
 10
-244.164
 20
121.996
 11
-244.081
 21
121.919
  0
LINE
  8
0
 10
-244.081
 20
121.919
 11
-244.004
 21
121.836
  0
LINE
  8
0
 10
-244.004
 20
121.836
 11
-243.935
 21
121.746
  0
LINE
  8
0
 10
-243.935
 20
121.746
 11
-243.874
 21
121.65
  0
LINE
  8
0
 10
-243.874
 20
121.65
 11
-243.822
 21
121.549
  0
LINE
  8
0
 10
-243.822
 20
121.549
 11
-243.778
 21
121.445
  0
LINE
  8
0
 10
-243.778
 20
121.445
 11
-243.744
 21
121.336
  0
LINE
  8
0
 10
-243.744
 20
121.336
 11
-243.72
 21
121.226
  0
LINE
  8
0
 10
-243.72
 20
121.226
 11
-243.705
 21
121.113
  0
LINE
  8
0
 10
-243.705
 20
121.113
 11
-243.7
 21
121
  0
LINE
  8
0
 10
-243.7
 20
121
 11
-243.705
 21
120.887
  0
LINE
  8
0
 10
-243.705
 20
120.887
 11
-243.72
 21
120.774
  0
LINE
  8
0
 10
-243.72
 20
120.774
 11
-243.744
 21
120.664
  0
LINE
  8
0
 10
-243.744
 20
120.664
 11
-243.778
 21
120.555
  0
LINE
  8
0
 10
-243.778
 20
120.555
 11
-243.822
 21
120.451
  0
LINE
  8
0
 10
-243.822
 20
120.451
 11
-243.874
 21
120.35
  0
LINE
  8
0
 10
-243.874
 20
120.35
 11
-243.935
 21
120.254
  0
LINE
  8
0
 10
-243.935
 20
120.254
 11
-244.004
 21
120.164
  0
LINE
  8
0
 10
-244.004
 20
120.164
 11
-244.081
 21
120.081
  0
LINE
  8
0
 10
-244.081
 20
120.081
 11
-244.164
 21
120.004
  0
LINE
  8
0
 10
-244.164
 20
120.004
 11
-244.254
 21
119.935
  0
LINE
  8
0
 10
-244.254
 20
119.935
 11
-244.35
 21
119.874
  0
LINE
  8
0
 10
-244.35
 20
119.874
 11
-244.451
 21
119.822
  0
LINE
  8
0
 10
-244.451
 20
119.822
 11
-244.555
 21
119.778
  0
LINE
  8
0
 10
-244.555
 20
119.778
 11
-244.664
 21
119.744
  0
LINE
  8
0
 10
-244.664
 20
119.744
 11
-244.774
 21
119.72
  0
LINE
  8
0
 10
-244.774
 20
119.72
 11
-244.887
 21
119.705
  0
LINE
  8
0
 10
-244.887
 20
119.705
 11
-245
 21
119.7
  0
LINE
  8
0
 10
-245
 20
119.7
 11
-245.113
 21
119.705
  0
LINE
  8
0
 10
398.852
 20
104.306
 11
398.705
 21
104.326
  0
LINE
  8
0
 10
398.705
 20
104.326
 11
398.56
 21
104.358
  0
LINE
  8
0
 10
398.56
 20
104.358
 11
398.419
 21
104.403
  0
LINE
  8
0
 10
398.419
 20
104.403
 11
398.282
 21
104.459
  0
LINE
  8
0
 10
398.282
 20
104.459
 11
398.15
 21
104.528
  0
LINE
  8
0
 10
398.15
 20
104.528
 11
398.025
 21
104.607
  0
LINE
  8
0
 10
398.025
 20
104.607
 11
397.907
 21
104.698
  0
LINE
  8
0
 10
397.907
 20
104.698
 11
397.798
 21
104.798
  0
LINE
  8
0
 10
397.798
 20
104.798
 11
397.698
 21
104.907
  0
LINE
  8
0
 10
397.698
 20
104.907
 11
397.607
 21
105.025
  0
LINE
  8
0
 10
397.607
 20
105.025
 11
397.528
 21
105.15
  0
LINE
  8
0
 10
397.528
 20
105.15
 11
397.459
 21
105.282
  0
LINE
  8
0
 10
397.459
 20
105.282
 11
397.403
 21
105.419
  0
LINE
  8
0
 10
397.403
 20
105.419
 11
397.358
 21
105.56
  0
LINE
  8
0
 10
397.358
 20
105.56
 11
397.326
 21
105.705
  0
LINE
  8
0
 10
397.326
 20
105.705
 11
397.306
 21
105.852
  0
LINE
  8
0
 10
397.306
 20
105.852
 11
397.3
 21
106
  0
LINE
  8
0
 10
397.3
 20
106
 11
397.306
 21
106.148
  0
LINE
  8
0
 10
397.306
 20
106.148
 11
397.326
 21
106.295
  0
LINE
  8
0
 10
397.326
 20
106.295
 11
397.358
 21
106.44
  0
LINE
  8
0
 10
397.358
 20
106.44
 11
397.403
 21
106.581
  0
LINE
  8
0
 10
397.403
 20
106.581
 11
397.459
 21
106.718
  0
LINE
  8
0
 10
397.459
 20
106.718
 11
397.528
 21
106.85
  0
LINE
  8
0
 10
397.528
 20
106.85
 11
397.607
 21
106.975
  0
LINE
  8
0
 10
397.607
 20
106.975
 11
397.698
 21
107.093
  0
LINE
  8
0
 10
397.698
 20
107.093
 11
397.798
 21
107.202
  0
LINE
  8
0
 10
397.798
 20
107.202
 11
397.907
 21
107.302
  0
LINE
  8
0
 10
397.907
 20
107.302
 11
398.025
 21
107.393
  0
LINE
  8
0
 10
398.025
 20
107.393
 11
398.15
 21
107.472
  0
LINE
  8
0
 10
398.15
 20
107.472
 11
398.282
 21
107.541
  0
LINE
  8
0
 10
398.282
 20
107.541
 11
398.419
 21
107.597
  0
LINE
  8
0
 10
398.419
 20
107.597
 11
398.56
 21
107.642
  0
LINE
  8
0
 10
398.56
 20
107.642
 11
398.705
 21
107.674
  0
LINE
  8
0
 10
398.705
 20
107.674
 11
398.852
 21
107.694
  0
LINE
  8
0
 10
398.852
 20
107.694
 11
399
 21
107.7
  0
LINE
  8
0
 10
399
 20
107.7
 11
399.148
 21
107.694
  0
LINE
  8
0
 10
399.148
 20
107.694
 11
399.295
 21
107.674
  0
LINE
  8
0
 10
399.295
 20
107.674
 11
399.44
 21
107.642
  0
LINE
  8
0
 10
399.44
 20
107.642
 11
399.581
 21
107.597
  0
LINE
  8
0
 10
399.581
 20
107.597
 11
399.718
 21
107.541
  0
LINE
  8
0
 10
399.718
 20
107.541
 11
399.85
 21
107.472
  0
LINE
  8
0
 10
399.85
 20
107.472
 11
399.975
 21
107.393
  0
LINE
  8
0
 10
399.975
 20
107.393
 11
400.093
 21
107.302
  0
LINE
  8
0
 10
400.093
 20
107.302
 11
400.202
 21
107.202
  0
LINE
  8
0
 10
400.202
 20
107.202
 11
400.302
 21
107.093
  0
LINE
  8
0
 10
400.302
 20
107.093
 11
400.393
 21
106.975
  0
LINE
  8
0
 10
400.393
 20
106.975
 11
400.472
 21
106.85
  0
LINE
  8
0
 10
400.472
 20
106.85
 11
400.541
 21
106.718
  0
LINE
  8
0
 10
400.541
 20
106.718
 11
400.597
 21
106.581
  0
LINE
  8
0
 10
400.597
 20
106.581
 11
400.642
 21
106.44
  0
LINE
  8
0
 10
400.642
 20
106.44
 11
400.674
 21
106.295
  0
LINE
  8
0
 10
400.674
 20
106.295
 11
400.694
 21
106.148
  0
LINE
  8
0
 10
400.694
 20
106.148
 11
400.7
 21
106
  0
LINE
  8
0
 10
400.7
 20
106
 11
400.694
 21
105.852
  0
LINE
  8
0
 10
400.694
 20
105.852
 11
400.674
 21
105.705
  0
LINE
  8
0
 10
400.674
 20
105.705
 11
400.642
 21
105.56
  0
LINE
  8
0
 10
400.642
 20
105.56
 11
400.597
 21
105.419
  0
LINE
  8
0
 10
400.597
 20
105.419
 11
400.541
 21
105.282
  0
LINE
  8
0
 10
400.541
 20
105.282
 11
400.472
 21
105.15
  0
LINE
  8
0
 10
400.472
 20
105.15
 11
400.393
 21
105.025
  0
LINE
  8
0
 10
400.393
 20
105.025
 11
400.302
 21
104.907
  0
LINE
  8
0
 10
400.302
 20
104.907
 11
400.202
 21
104.798
  0
LINE
  8
0
 10
400.202
 20
104.798
 11
400.093
 21
104.698
  0
LINE
  8
0
 10
400.093
 20
104.698
 11
399.975
 21
104.607
  0
LINE
  8
0
 10
399.975
 20
104.607
 11
399.85
 21
104.528
  0
LINE
  8
0
 10
399.85
 20
104.528
 11
399.718
 21
104.459
  0
LINE
  8
0
 10
399.718
 20
104.459
 11
399.581
 21
104.403
  0
LINE
  8
0
 10
399.581
 20
104.403
 11
399.44
 21
104.358
  0
LINE
  8
0
 10
399.44
 20
104.358
 11
399.295
 21
104.326
  0
LINE
  8
0
 10
399.295
 20
104.326
 11
399.148
 21
104.306
  0
LINE
  8
0
 10
399.148
 20
104.306
 11
399
 21
104.3
  0
LINE
  8
0
 10
399
 20
104.3
 11
398.852
 21
104.306
  0
LINE
  8
0
 10
360.852
 20
104.306
 11
360.705
 21
104.326
  0
LINE
  8
0
 10
360.705
 20
104.326
 11
360.56
 21
104.358
  0
LINE
  8
0
 10
360.56
 20
104.358
 11
360.419
 21
104.403
  0
LINE
  8
0
 10
360.419
 20
104.403
 11
360.282
 21
104.459
  0
LINE
  8
0
 10
360.282
 20
104.459
 11
360.15
 21
104.528
  0
LINE
  8
0
 10
360.15
 20
104.528
 11
360.025
 21
104.607
  0
LINE
  8
0
 10
360.025
 20
104.607
 11
359.907
 21
104.698
  0
LINE
  8
0
 10
359.907
 20
104.698
 11
359.798
 21
104.798
  0
LINE
  8
0
 10
359.798
 20
104.798
 11
359.698
 21
104.907
  0
LINE
  8
0
 10
359.698
 20
104.907
 11
359.607
 21
105.025
  0
LINE
  8
0
 10
359.607
 20
105.025
 11
359.528
 21
105.15
  0
LINE
  8
0
 10
359.528
 20
105.15
 11
359.459
 21
105.282
  0
LINE
  8
0
 10
359.459
 20
105.282
 11
359.403
 21
105.419
  0
LINE
  8
0
 10
359.403
 20
105.419
 11
359.358
 21
105.56
  0
LINE
  8
0
 10
359.358
 20
105.56
 11
359.326
 21
105.705
  0
LINE
  8
0
 10
359.326
 20
105.705
 11
359.306
 21
105.852
  0
LINE
  8
0
 10
359.306
 20
105.852
 11
359.3
 21
106
  0
LINE
  8
0
 10
359.3
 20
106
 11
359.306
 21
106.148
  0
LINE
  8
0
 10
359.306
 20
106.148
 11
359.326
 21
106.295
  0
LINE
  8
0
 10
359.326
 20
106.295
 11
359.358
 21
106.44
  0
LINE
  8
0
 10
359.358
 20
106.44
 11
359.403
 21
106.581
  0
LINE
  8
0
 10
359.403
 20
106.581
 11
359.459
 21
106.718
  0
LINE
  8
0
 10
359.459
 20
106.718
 11
359.528
 21
106.85
  0
LINE
  8
0
 10
359.528
 20
106.85
 11
359.607
 21
106.975
  0
LINE
  8
0
 10
359.607
 20
106.975
 11
359.698
 21
107.093
  0
LINE
  8
0
 10
359.698
 20
107.093
 11
359.798
 21
107.202
  0
LINE
  8
0
 10
359.798
 20
107.202
 11
359.907
 21
107.302
  0
LINE
  8
0
 10
359.907
 20
107.302
 11
360.025
 21
107.393
  0
LINE
  8
0
 10
360.025
 20
107.393
 11
360.15
 21
107.472
  0
LINE
  8
0
 10
360.15
 20
107.472
 11
360.282
 21
107.541
  0
LINE
  8
0
 10
360.282
 20
107.541
 11
360.419
 21
107.597
  0
LINE
  8
0
 10
360.419
 20
107.597
 11
360.56
 21
107.642
  0
LINE
  8
0
 10
360.56
 20
107.642
 11
360.705
 21
107.674
  0
LINE
  8
0
 10
360.705
 20
107.674
 11
360.852
 21
107.694
  0
LINE
  8
0
 10
360.852
 20
107.694
 11
361
 21
107.7
  0
LINE
  8
0
 10
361
 20
107.7
 11
361.148
 21
107.694
  0
LINE
  8
0
 10
361.148
 20
107.694
 11
361.295
 21
107.674
  0
LINE
  8
0
 10
361.295
 20
107.674
 11
361.44
 21
107.642
  0
LINE
  8
0
 10
361.44
 20
107.642
 11
361.581
 21
107.597
  0
LINE
  8
0
 10
361.581
 20
107.597
 11
361.718
 21
107.541
  0
LINE
  8
0
 10
361.718
 20
107.541
 11
361.85
 21
107.472
  0
LINE
  8
0
 10
361.85
 20
107.472
 11
361.975
 21
107.393
  0
LINE
  8
0
 10
361.975
 20
107.393
 11
362.093
 21
107.302
  0
LINE
  8
0
 10
362.093
 20
107.302
 11
362.202
 21
107.202
  0
LINE
  8
0
 10
362.202
 20
107.202
 11
362.302
 21
107.093
  0
LINE
  8
0
 10
362.302
 20
107.093
 11
362.393
 21
106.975
  0
LINE
  8
0
 10
362.393
 20
106.975
 11
362.472
 21
106.85
  0
LINE
  8
0
 10
362.472
 20
106.85
 11
362.541
 21
106.718
  0
LINE
  8
0
 10
362.541
 20
106.718
 11
362.597
 21
106.581
  0
LINE
  8
0
 10
362.597
 20
106.581
 11
362.642
 21
106.44
  0
LINE
  8
0
 10
362.642
 20
106.44
 11
362.674
 21
106.295
  0
LINE
  8
0
 10
362.674
 20
106.295
 11
362.694
 21
106.148
  0
LINE
  8
0
 10
362.694
 20
106.148
 11
362.7
 21
106
  0
LINE
  8
0
 10
362.7
 20
106
 11
362.694
 21
105.852
  0
LINE
  8
0
 10
362.694
 20
105.852
 11
362.674
 21
105.705
  0
LINE
  8
0
 10
362.674
 20
105.705
 11
362.642
 21
105.56
  0
LINE
  8
0
 10
362.642
 20
105.56
 11
362.597
 21
105.419
  0
LINE
  8
0
 10
362.597
 20
105.419
 11
362.541
 21
105.282
  0
LINE
  8
0
 10
362.541
 20
105.282
 11
362.472
 21
105.15
  0
LINE
  8
0
 10
362.472
 20
105.15
 11
362.393
 21
105.025
  0
LINE
  8
0
 10
362.393
 20
105.025
 11
362.302
 21
104.907
  0
LINE
  8
0
 10
362.302
 20
104.907
 11
362.202
 21
104.798
  0
LINE
  8
0
 10
362.202
 20
104.798
 11
362.093
 21
104.698
  0
LINE
  8
0
 10
362.093
 20
104.698
 11
361.975
 21
104.607
  0
LINE
  8
0
 10
361.975
 20
104.607
 11
361.85
 21
104.528
  0
LINE
  8
0
 10
361.85
 20
104.528
 11
361.718
 21
104.459
  0
LINE
  8
0
 10
361.718
 20
104.459
 11
361.581
 21
104.403
  0
LINE
  8
0
 10
361.581
 20
104.403
 11
361.44
 21
104.358
  0
LINE
  8
0
 10
361.44
 20
104.358
 11
361.295
 21
104.326
  0
LINE
  8
0
 10
361.295
 20
104.326
 11
361.148
 21
104.306
  0
LINE
  8
0
 10
361.148
 20
104.306
 11
361
 21
104.3
  0
LINE
  8
0
 10
361
 20
104.3
 11
360.852
 21
104.306
  0
LINE
  8
0
 10
375.4
 20
25.2
 11
375.4
 21
94.8
  0
LINE
  8
0
 10
375.4
 20
94.8
 11
384.6
 21
94.8
  0
LINE
  8
0
 10
384.6
 20
94.8
 11
384.6
 21
25.2
  0
LINE
  8
0
 10
384.6
 20
25.2
 11
375.4
 21
25.2
  0
LINE
  8
0
 10
432.63
 20
73.7662
 11
432.262
 21
73.8146
  0
LINE
  8
0
 10
432.262
 20
73.8146
 11
431.9
 21
73.8948
  0
LINE
  8
0
 10
431.9
 20
73.8948
 11
431.546
 21
74.0063
  0
LINE
  8
0
 10
431.546
 20
74.0063
 11
431.204
 21
74.1482
  0
LINE
  8
0
 10
431.204
 20
74.1482
 11
430.875
 21
74.3194
  0
LINE
  8
0
 10
430.875
 20
74.3194
 11
430.562
 21
74.5186
  0
LINE
  8
0
 10
430.562
 20
74.5186
 11
430.268
 21
74.7443
  0
LINE
  8
0
 10
430.268
 20
74.7443
 11
429.995
 21
74.9948
  0
LINE
  8
0
 10
429.995
 20
74.9948
 11
429.744
 21
75.2681
  0
LINE
  8
0
 10
429.744
 20
75.2681
 11
429.519
 21
75.5623
  0
LINE
  8
0
 10
429.519
 20
75.5623
 11
429.319
 21
75.875
  0
LINE
  8
0
 10
429.319
 20
75.875
 11
429.148
 21
76.2039
  0
LINE
  8
0
 10
429.148
 20
76.2039
 11
429.006
 21
76.5464
  0
LINE
  8
0
 10
429.006
 20
76.5464
 11
428.895
 21
76.9
  0
LINE
  8
0
 10
428.895
 20
76.9
 11
428.815
 21
77.262
  0
LINE
  8
0
 10
428.815
 20
77.262
 11
428.766
 21
77.6296
  0
LINE
  8
0
 10
428.766
 20
77.6296
 11
428.75
 21
78
  0
LINE
  8
0
 10
428.75
 20
78
 11
428.766
 21
78.3704
  0
LINE
  8
0
 10
428.766
 20
78.3704
 11
428.815
 21
78.738
  0
LINE
  8
0
 10
428.815
 20
78.738
 11
428.895
 21
79.1
  0
LINE
  8
0
 10
428.895
 20
79.1
 11
429.006
 21
79.4536
  0
LINE
  8
0
 10
429.006
 20
79.4536
 11
429.148
 21
79.7961
  0
LINE
  8
0
 10
429.148
 20
79.7961
 11
429.319
 21
80.125
  0
LINE
  8
0
 10
429.319
 20
80.125
 11
429.519
 21
80.4377
  0
LINE
  8
0
 10
429.519
 20
80.4377
 11
429.744
 21
80.7318
  0
LINE
  8
0
 10
429.744
 20
80.7318
 11
429.995
 21
81.0052
  0
LINE
  8
0
 10
429.995
 20
81.0052
 11
430.268
 21
81.2557
  0
LINE
  8
0
 10
430.268
 20
81.2557
 11
430.562
 21
81.4814
  0
LINE
  8
0
 10
430.562
 20
81.4814
 11
430.875
 21
81.6806
  0
LINE
  8
0
 10
430.875
 20
81.6806
 11
431.204
 21
81.8518
  0
LINE
  8
0
 10
431.204
 20
81.8518
 11
431.546
 21
81.9937
  0
LINE
  8
0
 10
431.546
 20
81.9937
 11
431.9
 21
82.1052
  0
LINE
  8
0
 10
431.9
 20
82.1052
 11
432.262
 21
82.1854
  0
LINE
  8
0
 10
432.262
 20
82.1854
 11
432.63
 21
82.2338
  0
LINE
  8
0
 10
432.63
 20
82.2338
 11
433
 21
82.25
  0
LINE
  8
0
 10
433
 20
82.25
 11
433.37
 21
82.2338
  0
LINE
  8
0
 10
433.37
 20
82.2338
 11
433.738
 21
82.1854
  0
LINE
  8
0
 10
433.738
 20
82.1854
 11
434.1
 21
82.1052
  0
LINE
  8
0
 10
434.1
 20
82.1052
 11
434.454
 21
81.9937
  0
LINE
  8
0
 10
434.454
 20
81.9937
 11
434.796
 21
81.8518
  0
LINE
  8
0
 10
434.796
 20
81.8518
 11
435.125
 21
81.6806
  0
LINE
  8
0
 10
435.125
 20
81.6806
 11
435.438
 21
81.4814
  0
LINE
  8
0
 10
435.438
 20
81.4814
 11
435.732
 21
81.2557
  0
LINE
  8
0
 10
435.732
 20
81.2557
 11
436.005
 21
81.0052
  0
LINE
  8
0
 10
436.005
 20
81.0052
 11
436.256
 21
80.7318
  0
LINE
  8
0
 10
436.256
 20
80.7318
 11
436.481
 21
80.4377
  0
LINE
  8
0
 10
436.481
 20
80.4377
 11
436.681
 21
80.125
  0
LINE
  8
0
 10
436.681
 20
80.125
 11
436.852
 21
79.7961
  0
LINE
  8
0
 10
436.852
 20
79.7961
 11
436.994
 21
79.4536
  0
LINE
  8
0
 10
436.994
 20
79.4536
 11
437.105
 21
79.1
  0
LINE
  8
0
 10
437.105
 20
79.1
 11
437.185
 21
78.738
  0
LINE
  8
0
 10
437.185
 20
78.738
 11
437.234
 21
78.3704
  0
LINE
  8
0
 10
437.234
 20
78.3704
 11
437.25
 21
78
  0
LINE
  8
0
 10
437.25
 20
78
 11
437.234
 21
77.6296
  0
LINE
  8
0
 10
437.234
 20
77.6296
 11
437.185
 21
77.262
  0
LINE
  8
0
 10
437.185
 20
77.262
 11
437.105
 21
76.9
  0
LINE
  8
0
 10
437.105
 20
76.9
 11
436.994
 21
76.5464
  0
LINE
  8
0
 10
436.994
 20
76.5464
 11
436.852
 21
76.2039
  0
LINE
  8
0
 10
436.852
 20
76.2039
 11
436.681
 21
75.875
  0
LINE
  8
0
 10
436.681
 20
75.875
 11
436.481
 21
75.5623
  0
LINE
  8
0
 10
436.481
 20
75.5623
 11
436.256
 21
75.2681
  0
LINE
  8
0
 10
436.256
 20
75.2681
 11
436.005
 21
74.9948
  0
LINE
  8
0
 10
436.005
 20
74.9948
 11
435.732
 21
74.7443
  0
LINE
  8
0
 10
435.732
 20
74.7443
 11
435.438
 21
74.5186
  0
LINE
  8
0
 10
435.438
 20
74.5186
 11
435.125
 21
74.3194
  0
LINE
  8
0
 10
435.125
 20
74.3194
 11
434.796
 21
74.1482
  0
LINE
  8
0
 10
434.796
 20
74.1482
 11
434.454
 21
74.0063
  0
LINE
  8
0
 10
434.454
 20
74.0063
 11
434.1
 21
73.8948
  0
LINE
  8
0
 10
434.1
 20
73.8948
 11
433.738
 21
73.8146
  0
LINE
  8
0
 10
433.738
 20
73.8146
 11
433.37
 21
73.7662
  0
LINE
  8
0
 10
433.37
 20
73.7662
 11
433
 21
73.75
  0
LINE
  8
0
 10
433
 20
73.75
 11
432.63
 21
73.7662
  0
LINE
  8
0
 10
-245.436
 20
50.019
 11
-245.868
 21
50.076
  0
LINE
  8
0
 10
-245.868
 20
50.076
 11
-246.294
 21
50.1704
  0
LINE
  8
0
 10
-246.294
 20
50.1704
 11
-246.71
 21
50.3015
  0
LINE
  8
0
 10
-246.71
 20
50.3015
 11
-247.113
 21
50.4685
  0
LINE
  8
0
 10
-247.113
 20
50.4685
 11
-247.5
 21
50.6699
  0
LINE
  8
0
 10
-247.5
 20
50.6699
 11
-247.868
 21
50.9042
  0
LINE
  8
0
 10
-247.868
 20
50.9042
 11
-248.214
 21
51.1698
  0
LINE
  8
0
 10
-248.214
 20
51.1698
 11
-248.536
 21
51.4645
  0
LINE
  8
0
 10
-248.536
 20
51.4645
 11
-248.83
 21
51.7861
  0
LINE
  8
0
 10
-248.83
 20
51.7861
 11
-249.096
 21
52.1321
  0
LINE
  8
0
 10
-249.096
 20
52.1321
 11
-249.33
 21
52.5
  0
LINE
  8
0
 10
-249.33
 20
52.5
 11
-249.532
 21
52.8869
  0
LINE
  8
0
 10
-249.532
 20
52.8869
 11
-249.698
 21
53.2899
  0
LINE
  8
0
 10
-249.698
 20
53.2899
 11
-249.83
 21
53.7059
  0
LINE
  8
0
 10
-249.83
 20
53.7059
 11
-249.924
 21
54.1317
  0
LINE
  8
0
 10
-249.924
 20
54.1317
 11
-249.981
 21
54.5642
  0
LINE
  8
0
 10
-249.981
 20
54.5642
 11
-250
 21
55
  0
LINE
  8
0
 10
-250
 20
55
 11
-249.981
 21
55.4358
  0
LINE
  8
0
 10
-249.981
 20
55.4358
 11
-249.924
 21
55.8682
  0
LINE
  8
0
 10
-249.924
 20
55.8682
 11
-249.83
 21
56.2941
  0
LINE
  8
0
 10
-249.83
 20
56.2941
 11
-249.698
 21
56.7101
  0
LINE
  8
0
 10
-249.698
 20
56.7101
 11
-249.532
 21
57.1131
  0
LINE
  8
0
 10
-249.532
 20
57.1131
 11
-249.33
 21
57.5
  0
LINE
  8
0
 10
-249.33
 20
57.5
 11
-249.096
 21
57.8679
  0
LINE
  8
0
 10
-249.096
 20
57.8679
 11
-248.83
 21
58.2139
  0
LINE
  8
0
 10
-248.83
 20
58.2139
 11
-248.536
 21
58.5355
  0
LINE
  8
0
 10
-248.536
 20
58.5355
 11
-248.214
 21
58.8302
  0
LINE
  8
0
 10
-248.214
 20
58.8302
 11
-247.868
 21
59.0957
  0
LINE
  8
0
 10
-247.868
 20
59.0957
 11
-247.5
 21
59.3301
  0
LINE
  8
0
 10
-247.5
 20
59.3301
 11
-247.113
 21
59.5315
  0
LINE
  8
0
 10
-247.113
 20
59.5315
 11
-246.71
 21
59.6985
  0
LINE
  8
0
 10
-246.71
 20
59.6985
 11
-246.294
 21
59.8296
  0
LINE
  8
0
 10
-246.294
 20
59.8296
 11
-245.868
 21
59.924
  0
LINE
  8
0
 10
-245.868
 20
59.924
 11
-245.436
 21
59.981
  0
LINE
  8
0
 10
-245.436
 20
59.981
 11
-245
 21
60
  0
LINE
  8
0
 10
-245
 20
60
 11
-244.564
 21
59.981
  0
LINE
  8
0
 10
-244.564
 20
59.981
 11
-244.132
 21
59.924
  0
LINE
  8
0
 10
-244.132
 20
59.924
 11
-243.706
 21
59.8296
  0
LINE
  8
0
 10
-243.706
 20
59.8296
 11
-243.29
 21
59.6985
  0
LINE
  8
0
 10
-243.29
 20
59.6985
 11
-242.887
 21
59.5315
  0
LINE
  8
0
 10
-242.887
 20
59.5315
 11
-242.5
 21
59.3301
  0
LINE
  8
0
 10
-242.5
 20
59.3301
 11
-242.132
 21
59.0957
  0
LINE
  8
0
 10
-242.132
 20
59.0957
 11
-241.786
 21
58.8302
  0
LINE
  8
0
 10
-241.786
 20
58.8302
 11
-241.464
 21
58.5355
  0
LINE
  8
0
 10
-241.464
 20
58.5355
 11
-241.17
 21
58.2139
  0
LINE
  8
0
 10
-241.17
 20
58.2139
 11
-240.904
 21
57.8679
  0
LINE
  8
0
 10
-240.904
 20
57.8679
 11
-240.67
 21
57.5
  0
LINE
  8
0
 10
-240.67
 20
57.5
 11
-240.468
 21
57.1131
  0
LINE
  8
0
 10
-240.468
 20
57.1131
 11
-240.302
 21
56.7101
  0
LINE
  8
0
 10
-240.302
 20
56.7101
 11
-240.17
 21
56.2941
  0
LINE
  8
0
 10
-240.17
 20
56.2941
 11
-240.076
 21
55.8682
  0
LINE
  8
0
 10
-240.076
 20
55.8682
 11
-240.019
 21
55.4358
  0
LINE
  8
0
 10
-240.019
 20
55.4358
 11
-240
 21
55
  0
LINE
  8
0
 10
-240
 20
55
 11
-240.019
 21
54.5642
  0
LINE
  8
0
 10
-240.019
 20
54.5642
 11
-240.076
 21
54.1317
  0
LINE
  8
0
 10
-240.076
 20
54.1317
 11
-240.17
 21
53.7059
  0
LINE
  8
0
 10
-240.17
 20
53.7059
 11
-240.302
 21
53.2899
  0
LINE
  8
0
 10
-240.302
 20
53.2899
 11
-240.468
 21
52.8869
  0
LINE
  8
0
 10
-240.468
 20
52.8869
 11
-240.67
 21
52.5
  0
LINE
  8
0
 10
-240.67
 20
52.5
 11
-240.904
 21
52.1321
  0
LINE
  8
0
 10
-240.904
 20
52.1321
 11
-241.17
 21
51.7861
  0
LINE
  8
0
 10
-241.17
 20
51.7861
 11
-241.464
 21
51.4645
  0
LINE
  8
0
 10
-241.464
 20
51.4645
 11
-241.786
 21
51.1698
  0
LINE
  8
0
 10
-241.786
 20
51.1698
 11
-242.132
 21
50.9042
  0
LINE
  8
0
 10
-242.132
 20
50.9042
 11
-242.5
 21
50.6699
  0
LINE
  8
0
 10
-242.5
 20
50.6699
 11
-242.887
 21
50.4685
  0
LINE
  8
0
 10
-242.887
 20
50.4685
 11
-243.29
 21
50.3015
  0
LINE
  8
0
 10
-243.29
 20
50.3015
 11
-243.706
 21
50.1704
  0
LINE
  8
0
 10
-243.706
 20
50.1704
 11
-244.132
 21
50.076
  0
LINE
  8
0
 10
-244.132
 20
50.076
 11
-244.564
 21
50.019
  0
LINE
  8
0
 10
-244.564
 20
50.019
 11
-245
 21
50
  0
LINE
  8
0
 10
-245
 20
50
 11
-245.436
 21
50.019
  0
LINE
  8
0
 10
97.6296
 20
45.7662
 11
97.262
 21
45.8146
  0
LINE
  8
0
 10
97.262
 20
45.8146
 11
96.9
 21
45.8948
  0
LINE
  8
0
 10
96.9
 20
45.8948
 11
96.5464
 21
46.0063
  0
LINE
  8
0
 10
96.5464
 20
46.0063
 11
96.2039
 21
46.1482
  0
LINE
  8
0
 10
96.2039
 20
46.1482
 11
95.875
 21
46.3194
  0
LINE
  8
0
 10
95.875
 20
46.3194
 11
95.5623
 21
46.5186
  0
LINE
  8
0
 10
95.5623
 20
46.5186
 11
95.2681
 21
46.7443
  0
LINE
  8
0
 10
95.2681
 20
46.7443
 11
94.9948
 21
46.9948
  0
LINE
  8
0
 10
94.9948
 20
46.9948
 11
94.7443
 21
47.2681
  0
LINE
  8
0
 10
94.7443
 20
47.2681
 11
94.5186
 21
47.5623
  0
LINE
  8
0
 10
94.5186
 20
47.5623
 11
94.3194
 21
47.875
  0
LINE
  8
0
 10
94.3194
 20
47.875
 11
94.1482
 21
48.2039
  0
LINE
  8
0
 10
94.1482
 20
48.2039
 11
94.0063
 21
48.5464
  0
LINE
  8
0
 10
94.0063
 20
48.5464
 11
93.8948
 21
48.9
  0
LINE
  8
0
 10
93.8948
 20
48.9
 11
93.8146
 21
49.262
  0
LINE
  8
0
 10
93.8146
 20
49.262
 11
93.7662
 21
49.6296
  0
LINE
  8
0
 10
93.7662
 20
49.6296
 11
93.75
 21
50
  0
LINE
  8
0
 10
93.75
 20
50
 11
93.7662
 21
50.3704
  0
LINE
  8
0
 10
93.7662
 20
50.3704
 11
93.8146
 21
50.738
  0
LINE
  8
0
 10
93.8146
 20
50.738
 11
93.8948
 21
51.1
  0
LINE
  8
0
 10
93.8948
 20
51.1
 11
94.0063
 21
51.4536
  0
LINE
  8
0
 10
94.0063
 20
51.4536
 11
94.1482
 21
51.7961
  0
LINE
  8
0
 10
94.1482
 20
51.7961
 11
94.3194
 21
52.125
  0
LINE
  8
0
 10
94.3194
 20
52.125
 11
94.5186
 21
52.4377
  0
LINE
  8
0
 10
94.5186
 20
52.4377
 11
94.7443
 21
52.7318
  0
LINE
  8
0
 10
94.7443
 20
52.7318
 11
94.9948
 21
53.0052
  0
LINE
  8
0
 10
94.9948
 20
53.0052
 11
95.2681
 21
53.2557
  0
LINE
  8
0
 10
95.2681
 20
53.2557
 11
95.5623
 21
53.4814
  0
LINE
  8
0
 10
95.5623
 20
53.4814
 11
95.875
 21
53.6806
  0
LINE
  8
0
 10
95.875
 20
53.6806
 11
96.2039
 21
53.8518
  0
LINE
  8
0
 10
96.2039
 20
53.8518
 11
96.5464
 21
53.9937
  0
LINE
  8
0
 10
96.5464
 20
53.9937
 11
96.9
 21
54.1052
  0
LINE
  8
0
 10
96.9
 20
54.1052
 11
97.262
 21
54.1854
  0
LINE
  8
0
 10
97.262
 20
54.1854
 11
97.6296
 21
54.2338
  0
LINE
  8
0
 10
97.6296
 20
54.2338
 11
98
 21
54.25
  0
LINE
  8
0
 10
98
 20
54.25
 11
98.3704
 21
54.2338
  0
LINE
  8
0
 10
98.3704
 20
54.2338
 11
98.738
 21
54.1854
  0
LINE
  8
0
 10
98.738
 20
54.1854
 11
99.1
 21
54.1052
  0
LINE
  8
0
 10
99.1
 20
54.1052
 11
99.4536
 21
53.9937
  0
LINE
  8
0
 10
99.4536
 20
53.9937
 11
99.7961
 21
53.8518
  0
LINE
  8
0
 10
99.7961
 20
53.8518
 11
100.125
 21
53.6806
  0
LINE
  8
0
 10
100.125
 20
53.6806
 11
100.438
 21
53.4814
  0
LINE
  8
0
 10
100.438
 20
53.4814
 11
100.732
 21
53.2557
  0
LINE
  8
0
 10
100.732
 20
53.2557
 11
101.005
 21
53.0052
  0
LINE
  8
0
 10
101.005
 20
53.0052
 11
101.256
 21
52.7318
  0
LINE
  8
0
 10
101.256
 20
52.7318
 11
101.481
 21
52.4377
  0
LINE
  8
0
 10
101.481
 20
52.4377
 11
101.681
 21
52.125
  0
LINE
  8
0
 10
101.681
 20
52.125
 11
101.852
 21
51.7961
  0
LINE
  8
0
 10
101.852
 20
51.7961
 11
101.994
 21
51.4536
  0
LINE
  8
0
 10
101.994
 20
51.4536
 11
102.105
 21
51.1
  0
LINE
  8
0
 10
102.105
 20
51.1
 11
102.185
 21
50.738
  0
LINE
  8
0
 10
102.185
 20
50.738
 11
102.234
 21
50.3704
  0
LINE
  8
0
 10
102.234
 20
50.3704
 11
102.25
 21
50
  0
LINE
  8
0
 10
102.25
 20
50
 11
102.234
 21
49.6296
  0
LINE
  8
0
 10
102.234
 20
49.6296
 11
102.185
 21
49.262
  0
LINE
  8
0
 10
102.185
 20
49.262
 11
102.105
 21
48.9
  0
LINE
  8
0
 10
102.105
 20
48.9
 11
101.994
 21
48.5464
  0
LINE
  8
0
 10
101.994
 20
48.5464
 11
101.852
 21
48.2039
  0
LINE
  8
0
 10
101.852
 20
48.2039
 11
101.681
 21
47.875
  0
LINE
  8
0
 10
101.681
 20
47.875
 11
101.481
 21
47.5623
  0
LINE
  8
0
 10
101.481
 20
47.5623
 11
101.256
 21
47.2681
  0
LINE
  8
0
 10
101.256
 20
47.2681
 11
101.005
 21
46.9948
  0
LINE
  8
0
 10
101.005
 20
46.9948
 11
100.732
 21
46.7443
  0
LINE
  8
0
 10
100.732
 20
46.7443
 11
100.438
 21
46.5186
  0
LINE
  8
0
 10
100.438
 20
46.5186
 11
100.125
 21
46.3194
  0
LINE
  8
0
 10
100.125
 20
46.3194
 11
99.7961
 21
46.1482
  0
LINE
  8
0
 10
99.7961
 20
46.1482
 11
99.4536
 21
46.0063
  0
LINE
  8
0
 10
99.4536
 20
46.0063
 11
99.1
 21
45.8948
  0
LINE
  8
0
 10
99.1
 20
45.8948
 11
98.738
 21
45.8146
  0
LINE
  8
0
 10
98.738
 20
45.8146
 11
98.3704
 21
45.7662
  0
LINE
  8
0
 10
98.3704
 20
45.7662
 11
98
 21
45.75
  0
LINE
  8
0
 10
98
 20
45.75
 11
97.6296
 21
45.7662
  0
LINE
  8
0
 10
182.852
 20
50.3065
 11
182.705
 21
50.3258
  0
LINE
  8
0
 10
182.705
 20
50.3258
 11
182.56
 21
50.3579
  0
LINE
  8
0
 10
182.56
 20
50.3579
 11
182.419
 21
50.4025
  0
LINE
  8
0
 10
182.419
 20
50.4025
 11
182.282
 21
50.4593
  0
LINE
  8
0
 10
182.282
 20
50.4593
 11
182.15
 21
50.5278
  0
LINE
  8
0
 10
182.15
 20
50.5278
 11
182.025
 21
50.6074
  0
LINE
  8
0
 10
182.025
 20
50.6074
 11
181.907
 21
50.6977
  0
LINE
  8
0
 10
181.907
 20
50.6977
 11
181.798
 21
50.7979
  0
LINE
  8
0
 10
181.798
 20
50.7979
 11
181.698
 21
50.9073
  0
LINE
  8
0
 10
181.698
 20
50.9073
 11
181.607
 21
51.0249
  0
LINE
  8
0
 10
181.607
 20
51.0249
 11
181.528
 21
51.15
  0
LINE
  8
0
 10
181.528
 20
51.15
 11
181.459
 21
51.2815
  0
LINE
  8
0
 10
181.459
 20
51.2815
 11
181.403
 21
51.4186
  0
LINE
  8
0
 10
181.403
 20
51.4186
 11
181.358
 21
51.56
  0
LINE
  8
0
 10
181.358
 20
51.56
 11
181.326
 21
51.7048
  0
LINE
  8
0
 10
181.326
 20
51.7048
 11
181.306
 21
51.8518
  0
LINE
  8
0
 10
181.306
 20
51.8518
 11
181.3
 21
52
  0
LINE
  8
0
 10
181.3
 20
52
 11
181.306
 21
52.1482
  0
LINE
  8
0
 10
181.306
 20
52.1482
 11
181.326
 21
52.2952
  0
LINE
  8
0
 10
181.326
 20
52.2952
 11
181.358
 21
52.44
  0
LINE
  8
0
 10
181.358
 20
52.44
 11
181.403
 21
52.5814
  0
LINE
  8
0
 10
181.403
 20
52.5814
 11
181.459
 21
52.7184
  0
LINE
  8
0
 10
181.459
 20
52.7184
 11
181.528
 21
52.85
  0
LINE
  8
0
 10
181.528
 20
52.85
 11
181.607
 21
52.9751
  0
LINE
  8
0
 10
181.607
 20
52.9751
 11
181.698
 21
53.0927
  0
LINE
  8
0
 10
181.698
 20
53.0927
 11
181.798
 21
53.2021
  0
LINE
  8
0
 10
181.798
 20
53.2021
 11
181.907
 21
53.3023
  0
LINE
  8
0
 10
181.907
 20
53.3023
 11
182.025
 21
53.3925
  0
LINE
  8
0
 10
182.025
 20
53.3925
 11
182.15
 21
53.4722
  0
LINE
  8
0
 10
182.15
 20
53.4722
 11
182.282
 21
53.5407
  0
LINE
  8
0
 10
182.282
 20
53.5407
 11
182.419
 21
53.5975
  0
LINE
  8
0
 10
182.419
 20
53.5975
 11
182.56
 21
53.6421
  0
LINE
  8
0
 10
182.56
 20
53.6421
 11
182.705
 21
53.6742
  0
LINE
  8
0
 10
182.705
 20
53.6742
 11
182.852
 21
53.6935
  0
LINE
  8
0
 10
182.852
 20
53.6935
 11
183
 21
53.7
  0
LINE
  8
0
 10
183
 20
53.7
 11
183.148
 21
53.6935
  0
LINE
  8
0
 10
183.148
 20
53.6935
 11
183.295
 21
53.6742
  0
LINE
  8
0
 10
183.295
 20
53.6742
 11
183.44
 21
53.6421
  0
LINE
  8
0
 10
183.44
 20
53.6421
 11
183.581
 21
53.5975
  0
LINE
  8
0
 10
183.581
 20
53.5975
 11
183.718
 21
53.5407
  0
LINE
  8
0
 10
183.718
 20
53.5407
 11
183.85
 21
53.4722
  0
LINE
  8
0
 10
183.85
 20
53.4722
 11
183.975
 21
53.3925
  0
LINE
  8
0
 10
183.975
 20
53.3925
 11
184.093
 21
53.3023
  0
LINE
  8
0
 10
184.093
 20
53.3023
 11
184.202
 21
53.2021
  0
LINE
  8
0
 10
184.202
 20
53.2021
 11
184.302
 21
53.0927
  0
LINE
  8
0
 10
184.302
 20
53.0927
 11
184.393
 21
52.9751
  0
LINE
  8
0
 10
184.393
 20
52.9751
 11
184.472
 21
52.85
  0
LINE
  8
0
 10
184.472
 20
52.85
 11
184.541
 21
52.7184
  0
LINE
  8
0
 10
184.541
 20
52.7184
 11
184.597
 21
52.5814
  0
LINE
  8
0
 10
184.597
 20
52.5814
 11
184.642
 21
52.44
  0
LINE
  8
0
 10
184.642
 20
52.44
 11
184.674
 21
52.2952
  0
LINE
  8
0
 10
184.674
 20
52.2952
 11
184.694
 21
52.1482
  0
LINE
  8
0
 10
184.694
 20
52.1482
 11
184.7
 21
52
  0
LINE
  8
0
 10
184.7
 20
52
 11
184.694
 21
51.8518
  0
LINE
  8
0
 10
184.694
 20
51.8518
 11
184.674
 21
51.7048
  0
LINE
  8
0
 10
184.674
 20
51.7048
 11
184.642
 21
51.56
  0
LINE
  8
0
 10
184.642
 20
51.56
 11
184.597
 21
51.4186
  0
LINE
  8
0
 10
184.597
 20
51.4186
 11
184.541
 21
51.2815
  0
LINE
  8
0
 10
184.541
 20
51.2815
 11
184.472
 21
51.15
  0
LINE
  8
0
 10
184.472
 20
51.15
 11
184.393
 21
51.0249
  0
LINE
  8
0
 10
184.393
 20
51.0249
 11
184.302
 21
50.9073
  0
LINE
  8
0
 10
184.302
 20
50.9073
 11
184.202
 21
50.7979
  0
LINE
  8
0
 10
184.202
 20
50.7979
 11
184.093
 21
50.6977
  0
LINE
  8
0
 10
184.093
 20
50.6977
 11
183.975
 21
50.6074
  0
LINE
  8
0
 10
183.975
 20
50.6074
 11
183.85
 21
50.5278
  0
LINE
  8
0
 10
183.85
 20
50.5278
 11
183.718
 21
50.4593
  0
LINE
  8
0
 10
183.718
 20
50.4593
 11
183.581
 21
50.4025
  0
LINE
  8
0
 10
183.581
 20
50.4025
 11
183.44
 21
50.3579
  0
LINE
  8
0
 10
183.44
 20
50.3579
 11
183.295
 21
50.3258
  0
LINE
  8
0
 10
183.295
 20
50.3258
 11
183.148
 21
50.3065
  0
LINE
  8
0
 10
183.148
 20
50.3065
 11
183
 21
50.3
  0
LINE
  8
0
 10
183
 20
50.3
 11
182.852
 21
50.3065
  0
LINE
  8
0
 10
210.852
 20
50.3065
 11
210.705
 21
50.3258
  0
LINE
  8
0
 10
210.705
 20
50.3258
 11
210.56
 21
50.3579
  0
LINE
  8
0
 10
210.56
 20
50.3579
 11
210.419
 21
50.4025
  0
LINE
  8
0
 10
210.419
 20
50.4025
 11
210.282
 21
50.4593
  0
LINE
  8
0
 10
210.282
 20
50.4593
 11
210.15
 21
50.5278
  0
LINE
  8
0
 10
210.15
 20
50.5278
 11
210.025
 21
50.6074
  0
LINE
  8
0
 10
210.025
 20
50.6074
 11
209.907
 21
50.6977
  0
LINE
  8
0
 10
209.907
 20
50.6977
 11
209.798
 21
50.7979
  0
LINE
  8
0
 10
209.798
 20
50.7979
 11
209.698
 21
50.9073
  0
LINE
  8
0
 10
209.698
 20
50.9073
 11
209.607
 21
51.0249
  0
LINE
  8
0
 10
209.607
 20
51.0249
 11
209.528
 21
51.15
  0
LINE
  8
0
 10
209.528
 20
51.15
 11
209.459
 21
51.2815
  0
LINE
  8
0
 10
209.459
 20
51.2815
 11
209.403
 21
51.4186
  0
LINE
  8
0
 10
209.403
 20
51.4186
 11
209.358
 21
51.56
  0
LINE
  8
0
 10
209.358
 20
51.56
 11
209.326
 21
51.7048
  0
LINE
  8
0
 10
209.326
 20
51.7048
 11
209.306
 21
51.8518
  0
LINE
  8
0
 10
209.306
 20
51.8518
 11
209.3
 21
52
  0
LINE
  8
0
 10
209.3
 20
52
 11
209.306
 21
52.1482
  0
LINE
  8
0
 10
209.306
 20
52.1482
 11
209.326
 21
52.2952
  0
LINE
  8
0
 10
209.326
 20
52.2952
 11
209.358
 21
52.44
  0
LINE
  8
0
 10
209.358
 20
52.44
 11
209.403
 21
52.5814
  0
LINE
  8
0
 10
209.403
 20
52.5814
 11
209.459
 21
52.7184
  0
LINE
  8
0
 10
209.459
 20
52.7184
 11
209.528
 21
52.85
  0
LINE
  8
0
 10
209.528
 20
52.85
 11
209.607
 21
52.9751
  0
LINE
  8
0
 10
209.607
 20
52.9751
 11
209.698
 21
53.0927
  0
LINE
  8
0
 10
209.698
 20
53.0927
 11
209.798
 21
53.2021
  0
LINE
  8
0
 10
209.798
 20
53.2021
 11
209.907
 21
53.3023
  0
LINE
  8
0
 10
209.907
 20
53.3023
 11
210.025
 21
53.3925
  0
LINE
  8
0
 10
210.025
 20
53.3925
 11
210.15
 21
53.4722
  0
LINE
  8
0
 10
210.15
 20
53.4722
 11
210.282
 21
53.5407
  0
LINE
  8
0
 10
210.282
 20
53.5407
 11
210.419
 21
53.5975
  0
LINE
  8
0
 10
210.419
 20
53.5975
 11
210.56
 21
53.6421
  0
LINE
  8
0
 10
210.56
 20
53.6421
 11
210.705
 21
53.6742
  0
LINE
  8
0
 10
210.705
 20
53.6742
 11
210.852
 21
53.6935
  0
LINE
  8
0
 10
210.852
 20
53.6935
 11
211
 21
53.7
  0
LINE
  8
0
 10
211
 20
53.7
 11
211.148
 21
53.6935
  0
LINE
  8
0
 10
211.148
 20
53.6935
 11
211.295
 21
53.6742
  0
LINE
  8
0
 10
211.295
 20
53.6742
 11
211.44
 21
53.6421
  0
LINE
  8
0
 10
211.44
 20
53.6421
 11
211.581
 21
53.5975
  0
LINE
  8
0
 10
211.581
 20
53.5975
 11
211.718
 21
53.5407
  0
LINE
  8
0
 10
211.718
 20
53.5407
 11
211.85
 21
53.4722
  0
LINE
  8
0
 10
211.85
 20
53.4722
 11
211.975
 21
53.3925
  0
LINE
  8
0
 10
211.975
 20
53.3925
 11
212.093
 21
53.3023
  0
LINE
  8
0
 10
212.093
 20
53.3023
 11
212.202
 21
53.2021
  0
LINE
  8
0
 10
212.202
 20
53.2021
 11
212.302
 21
53.0927
  0
LINE
  8
0
 10
212.302
 20
53.0927
 11
212.393
 21
52.9751
  0
LINE
  8
0
 10
212.393
 20
52.9751
 11
212.472
 21
52.85
  0
LINE
  8
0
 10
212.472
 20
52.85
 11
212.541
 21
52.7184
  0
LINE
  8
0
 10
212.541
 20
52.7184
 11
212.597
 21
52.5814
  0
LINE
  8
0
 10
212.597
 20
52.5814
 11
212.642
 21
52.44
  0
LINE
  8
0
 10
212.642
 20
52.44
 11
212.674
 21
52.2952
  0
LINE
  8
0
 10
212.674
 20
52.2952
 11
212.694
 21
52.1482
  0
LINE
  8
0
 10
212.694
 20
52.1482
 11
212.7
 21
52
  0
LINE
  8
0
 10
212.7
 20
52
 11
212.694
 21
51.8518
  0
LINE
  8
0
 10
212.694
 20
51.8518
 11
212.674
 21
51.7048
  0
LINE
  8
0
 10
212.674
 20
51.7048
 11
212.642
 21
51.56
  0
LINE
  8
0
 10
212.642
 20
51.56
 11
212.597
 21
51.4186
  0
LINE
  8
0
 10
212.597
 20
51.4186
 11
212.541
 21
51.2815
  0
LINE
  8
0
 10
212.541
 20
51.2815
 11
212.472
 21
51.15
  0
LINE
  8
0
 10
212.472
 20
51.15
 11
212.393
 21
51.0249
  0
LINE
  8
0
 10
212.393
 20
51.0249
 11
212.302
 21
50.9073
  0
LINE
  8
0
 10
212.302
 20
50.9073
 11
212.202
 21
50.7979
  0
LINE
  8
0
 10
212.202
 20
50.7979
 11
212.093
 21
50.6977
  0
LINE
  8
0
 10
212.093
 20
50.6977
 11
211.975
 21
50.6074
  0
LINE
  8
0
 10
211.975
 20
50.6074
 11
211.85
 21
50.5278
  0
LINE
  8
0
 10
211.85
 20
50.5278
 11
211.718
 21
50.4593
  0
LINE
  8
0
 10
211.718
 20
50.4593
 11
211.581
 21
50.4025
  0
LINE
  8
0
 10
211.581
 20
50.4025
 11
211.44
 21
50.3579
  0
LINE
  8
0
 10
211.44
 20
50.3579
 11
211.295
 21
50.3258
  0
LINE
  8
0
 10
211.295
 20
50.3258
 11
211.148
 21
50.3065
  0
LINE
  8
0
 10
211.148
 20
50.3065
 11
211
 21
50.3
  0
LINE
  8
0
 10
211
 20
50.3
 11
210.852
 21
50.3065
  0
LINE
  8
0
 10
251.852
 20
50.3065
 11
251.705
 21
50.3258
  0
LINE
  8
0
 10
251.705
 20
50.3258
 11
251.56
 21
50.3579
  0
LINE
  8
0
 10
251.56
 20
50.3579
 11
251.419
 21
50.4025
  0
LINE
  8
0
 10
251.419
 20
50.4025
 11
251.282
 21
50.4593
  0
LINE
  8
0
 10
251.282
 20
50.4593
 11
251.15
 21
50.5278
  0
LINE
  8
0
 10
251.15
 20
50.5278
 11
251.025
 21
50.6074
  0
LINE
  8
0
 10
251.025
 20
50.6074
 11
250.907
 21
50.6977
  0
LINE
  8
0
 10
250.907
 20
50.6977
 11
250.798
 21
50.7979
  0
LINE
  8
0
 10
250.798
 20
50.7979
 11
250.698
 21
50.9073
  0
LINE
  8
0
 10
250.698
 20
50.9073
 11
250.607
 21
51.0249
  0
LINE
  8
0
 10
250.607
 20
51.0249
 11
250.528
 21
51.15
  0
LINE
  8
0
 10
250.528
 20
51.15
 11
250.459
 21
51.2815
  0
LINE
  8
0
 10
250.459
 20
51.2815
 11
250.403
 21
51.4186
  0
LINE
  8
0
 10
250.403
 20
51.4186
 11
250.358
 21
51.56
  0
LINE
  8
0
 10
250.358
 20
51.56
 11
250.326
 21
51.7048
  0
LINE
  8
0
 10
250.326
 20
51.7048
 11
250.306
 21
51.8518
  0
LINE
  8
0
 10
250.306
 20
51.8518
 11
250.3
 21
52
  0
LINE
  8
0
 10
250.3
 20
52
 11
250.306
 21
52.1482
  0
LINE
  8
0
 10
250.306
 20
52.1482
 11
250.326
 21
52.2952
  0
LINE
  8
0
 10
250.326
 20
52.2952
 11
250.358
 21
52.44
  0
LINE
  8
0
 10
250.358
 20
52.44
 11
250.403
 21
52.5814
  0
LINE
  8
0
 10
250.403
 20
52.5814
 11
250.459
 21
52.7184
  0
LINE
  8
0
 10
250.459
 20
52.7184
 11
250.528
 21
52.85
  0
LINE
  8
0
 10
250.528
 20
52.85
 11
250.607
 21
52.9751
  0
LINE
  8
0
 10
250.607
 20
52.9751
 11
250.698
 21
53.0927
  0
LINE
  8
0
 10
250.698
 20
53.0927
 11
250.798
 21
53.2021
  0
LINE
  8
0
 10
250.798
 20
53.2021
 11
250.907
 21
53.3023
  0
LINE
  8
0
 10
250.907
 20
53.3023
 11
251.025
 21
53.3925
  0
LINE
  8
0
 10
251.025
 20
53.3925
 11
251.15
 21
53.4722
  0
LINE
  8
0
 10
251.15
 20
53.4722
 11
251.282
 21
53.5407
  0
LINE
  8
0
 10
251.282
 20
53.5407
 11
251.419
 21
53.5975
  0
LINE
  8
0
 10
251.419
 20
53.5975
 11
251.56
 21
53.6421
  0
LINE
  8
0
 10
251.56
 20
53.6421
 11
251.705
 21
53.6742
  0
LINE
  8
0
 10
251.705
 20
53.6742
 11
251.852
 21
53.6935
  0
LINE
  8
0
 10
251.852
 20
53.6935
 11
252
 21
53.7
  0
LINE
  8
0
 10
252
 20
53.7
 11
252.148
 21
53.6935
  0
LINE
  8
0
 10
252.148
 20
53.6935
 11
252.295
 21
53.6742
  0
LINE
  8
0
 10
252.295
 20
53.6742
 11
252.44
 21
53.6421
  0
LINE
  8
0
 10
252.44
 20
53.6421
 11
252.581
 21
53.5975
  0
LINE
  8
0
 10
252.581
 20
53.5975
 11
252.718
 21
53.5407
  0
LINE
  8
0
 10
252.718
 20
53.5407
 11
252.85
 21
53.4722
  0
LINE
  8
0
 10
252.85
 20
53.4722
 11
252.975
 21
53.3925
  0
LINE
  8
0
 10
252.975
 20
53.3925
 11
253.093
 21
53.3023
  0
LINE
  8
0
 10
253.093
 20
53.3023
 11
253.202
 21
53.2021
  0
LINE
  8
0
 10
253.202
 20
53.2021
 11
253.302
 21
53.0927
  0
LINE
  8
0
 10
253.302
 20
53.0927
 11
253.393
 21
52.9751
  0
LINE
  8
0
 10
253.393
 20
52.9751
 11
253.472
 21
52.85
  0
LINE
  8
0
 10
253.472
 20
52.85
 11
253.541
 21
52.7184
  0
LINE
  8
0
 10
253.541
 20
52.7184
 11
253.597
 21
52.5814
  0
LINE
  8
0
 10
253.597
 20
52.5814
 11
253.642
 21
52.44
  0
LINE
  8
0
 10
253.642
 20
52.44
 11
253.674
 21
52.2952
  0
LINE
  8
0
 10
253.674
 20
52.2952
 11
253.694
 21
52.1482
  0
LINE
  8
0
 10
253.694
 20
52.1482
 11
253.7
 21
52
  0
LINE
  8
0
 10
253.7
 20
52
 11
253.694
 21
51.8518
  0
LINE
  8
0
 10
253.694
 20
51.8518
 11
253.674
 21
51.7048
  0
LINE
  8
0
 10
253.674
 20
51.7048
 11
253.642
 21
51.56
  0
LINE
  8
0
 10
253.642
 20
51.56
 11
253.597
 21
51.4186
  0
LINE
  8
0
 10
253.597
 20
51.4186
 11
253.541
 21
51.2815
  0
LINE
  8
0
 10
253.541
 20
51.2815
 11
253.472
 21
51.15
  0
LINE
  8
0
 10
253.472
 20
51.15
 11
253.393
 21
51.0249
  0
LINE
  8
0
 10
253.393
 20
51.0249
 11
253.302
 21
50.9073
  0
LINE
  8
0
 10
253.302
 20
50.9073
 11
253.202
 21
50.7979
  0
LINE
  8
0
 10
253.202
 20
50.7979
 11
253.093
 21
50.6977
  0
LINE
  8
0
 10
253.093
 20
50.6977
 11
252.975
 21
50.6074
  0
LINE
  8
0
 10
252.975
 20
50.6074
 11
252.85
 21
50.5278
  0
LINE
  8
0
 10
252.85
 20
50.5278
 11
252.718
 21
50.4593
  0
LINE
  8
0
 10
252.718
 20
50.4593
 11
252.581
 21
50.4025
  0
LINE
  8
0
 10
252.581
 20
50.4025
 11
252.44
 21
50.3579
  0
LINE
  8
0
 10
252.44
 20
50.3579
 11
252.295
 21
50.3258
  0
LINE
  8
0
 10
252.295
 20
50.3258
 11
252.148
 21
50.3065
  0
LINE
  8
0
 10
252.148
 20
50.3065
 11
252
 21
50.3
  0
LINE
  8
0
 10
252
 20
50.3
 11
251.852
 21
50.3065
  0
LINE
  8
0
 10
279.852
 20
50.3065
 11
279.705
 21
50.3258
  0
LINE
  8
0
 10
279.705
 20
50.3258
 11
279.56
 21
50.3579
  0
LINE
  8
0
 10
279.56
 20
50.3579
 11
279.419
 21
50.4025
  0
LINE
  8
0
 10
279.419
 20
50.4025
 11
279.282
 21
50.4593
  0
LINE
  8
0
 10
279.282
 20
50.4593
 11
279.15
 21
50.5278
  0
LINE
  8
0
 10
279.15
 20
50.5278
 11
279.025
 21
50.6074
  0
LINE
  8
0
 10
279.025
 20
50.6074
 11
278.907
 21
50.6977
  0
LINE
  8
0
 10
278.907
 20
50.6977
 11
278.798
 21
50.7979
  0
LINE
  8
0
 10
278.798
 20
50.7979
 11
278.698
 21
50.9073
  0
LINE
  8
0
 10
278.698
 20
50.9073
 11
278.607
 21
51.0249
  0
LINE
  8
0
 10
278.607
 20
51.0249
 11
278.528
 21
51.15
  0
LINE
  8
0
 10
278.528
 20
51.15
 11
278.459
 21
51.2815
  0
LINE
  8
0
 10
278.459
 20
51.2815
 11
278.403
 21
51.4186
  0
LINE
  8
0
 10
278.403
 20
51.4186
 11
278.358
 21
51.56
  0
LINE
  8
0
 10
278.358
 20
51.56
 11
278.326
 21
51.7048
  0
LINE
  8
0
 10
278.326
 20
51.7048
 11
278.306
 21
51.8518
  0
LINE
  8
0
 10
278.306
 20
51.8518
 11
278.3
 21
52
  0
LINE
  8
0
 10
278.3
 20
52
 11
278.306
 21
52.1482
  0
LINE
  8
0
 10
278.306
 20
52.1482
 11
278.326
 21
52.2952
  0
LINE
  8
0
 10
278.326
 20
52.2952
 11
278.358
 21
52.44
  0
LINE
  8
0
 10
278.358
 20
52.44
 11
278.403
 21
52.5814
  0
LINE
  8
0
 10
278.403
 20
52.5814
 11
278.459
 21
52.7184
  0
LINE
  8
0
 10
278.459
 20
52.7184
 11
278.528
 21
52.85
  0
LINE
  8
0
 10
278.528
 20
52.85
 11
278.607
 21
52.9751
  0
LINE
  8
0
 10
278.607
 20
52.9751
 11
278.698
 21
53.0927
  0
LINE
  8
0
 10
278.698
 20
53.0927
 11
278.798
 21
53.2021
  0
LINE
  8
0
 10
278.798
 20
53.2021
 11
278.907
 21
53.3023
  0
LINE
  8
0
 10
278.907
 20
53.3023
 11
279.025
 21
53.3925
  0
LINE
  8
0
 10
279.025
 20
53.3925
 11
279.15
 21
53.4722
  0
LINE
  8
0
 10
279.15
 20
53.4722
 11
279.282
 21
53.5407
  0
LINE
  8
0
 10
279.282
 20
53.5407
 11
279.419
 21
53.5975
  0
LINE
  8
0
 10
279.419
 20
53.5975
 11
279.56
 21
53.6421
  0
LINE
  8
0
 10
279.56
 20
53.6421
 11
279.705
 21
53.6742
  0
LINE
  8
0
 10
279.705
 20
53.6742
 11
279.852
 21
53.6935
  0
LINE
  8
0
 10
279.852
 20
53.6935
 11
280
 21
53.7
  0
LINE
  8
0
 10
280
 20
53.7
 11
280.148
 21
53.6935
  0
LINE
  8
0
 10
280.148
 20
53.6935
 11
280.295
 21
53.6742
  0
LINE
  8
0
 10
280.295
 20
53.6742
 11
280.44
 21
53.6421
  0
LINE
  8
0
 10
280.44
 20
53.6421
 11
280.581
 21
53.5975
  0
LINE
  8
0
 10
280.581
 20
53.5975
 11
280.718
 21
53.5407
  0
LINE
  8
0
 10
280.718
 20
53.5407
 11
280.85
 21
53.4722
  0
LINE
  8
0
 10
280.85
 20
53.4722
 11
280.975
 21
53.3925
  0
LINE
  8
0
 10
280.975
 20
53.3925
 11
281.093
 21
53.3023
  0
LINE
  8
0
 10
281.093
 20
53.3023
 11
281.202
 21
53.2021
  0
LINE
  8
0
 10
281.202
 20
53.2021
 11
281.302
 21
53.0927
  0
LINE
  8
0
 10
281.302
 20
53.0927
 11
281.393
 21
52.9751
  0
LINE
  8
0
 10
281.393
 20
52.9751
 11
281.472
 21
52.85
  0
LINE
  8
0
 10
281.472
 20
52.85
 11
281.541
 21
52.7184
  0
LINE
  8
0
 10
281.541
 20
52.7184
 11
281.597
 21
52.5814
  0
LINE
  8
0
 10
281.597
 20
52.5814
 11
281.642
 21
52.44
  0
LINE
  8
0
 10
281.642
 20
52.44
 11
281.674
 21
52.2952
  0
LINE
  8
0
 10
281.674
 20
52.2952
 11
281.694
 21
52.1482
  0
LINE
  8
0
 10
281.694
 20
52.1482
 11
281.7
 21
52
  0
LINE
  8
0
 10
281.7
 20
52
 11
281.694
 21
51.8518
  0
LINE
  8
0
 10
281.694
 20
51.8518
 11
281.674
 21
51.7048
  0
LINE
  8
0
 10
281.674
 20
51.7048
 11
281.642
 21
51.56
  0
LINE
  8
0
 10
281.642
 20
51.56
 11
281.597
 21
51.4186
  0
LINE
  8
0
 10
281.597
 20
51.4186
 11
281.541
 21
51.2815
  0
LINE
  8
0
 10
281.541
 20
51.2815
 11
281.472
 21
51.15
  0
LINE
  8
0
 10
281.472
 20
51.15
 11
281.393
 21
51.0249
  0
LINE
  8
0
 10
281.393
 20
51.0249
 11
281.302
 21
50.9073
  0
LINE
  8
0
 10
281.302
 20
50.9073
 11
281.202
 21
50.7979
  0
LINE
  8
0
 10
281.202
 20
50.7979
 11
281.093
 21
50.6977
  0
LINE
  8
0
 10
281.093
 20
50.6977
 11
280.975
 21
50.6074
  0
LINE
  8
0
 10
280.975
 20
50.6074
 11
280.85
 21
50.5278
  0
LINE
  8
0
 10
280.85
 20
50.5278
 11
280.718
 21
50.4593
  0
LINE
  8
0
 10
280.718
 20
50.4593
 11
280.581
 21
50.4025
  0
LINE
  8
0
 10
280.581
 20
50.4025
 11
280.44
 21
50.3579
  0
LINE
  8
0
 10
280.44
 20
50.3579
 11
280.295
 21
50.3258
  0
LINE
  8
0
 10
280.295
 20
50.3258
 11
280.148
 21
50.3065
  0
LINE
  8
0
 10
280.148
 20
50.3065
 11
280
 21
50.3
  0
LINE
  8
0
 10
280
 20
50.3
 11
279.852
 21
50.3065
  0
LINE
  8
0
 10
196.39
 20
31.0266
 11
195.784
 21
31.1064
  0
LINE
  8
0
 10
195.784
 20
31.1064
 11
195.188
 21
31.2385
  0
LINE
  8
0
 10
195.188
 20
31.2385
 11
194.606
 21
31.4222
  0
LINE
  8
0
 10
194.606
 20
31.4222
 11
194.042
 21
31.6559
  0
LINE
  8
0
 10
194.042
 20
31.6559
 11
193.5
 21
31.9378
  0
LINE
  8
0
 10
193.5
 20
31.9378
 11
192.985
 21
32.2659
  0
LINE
  8
0
 10
192.985
 20
32.2659
 11
192.5
 21
32.6377
  0
LINE
  8
0
 10
192.5
 20
32.6377
 11
192.05
 21
33.0503
  0
LINE
  8
0
 10
192.05
 20
33.0503
 11
191.638
 21
33.5005
  0
LINE
  8
0
 10
191.638
 20
33.5005
 11
191.266
 21
33.985
  0
LINE
  8
0
 10
191.266
 20
33.985
 11
190.938
 21
34.5
  0
LINE
  8
0
 10
190.938
 20
34.5
 11
190.656
 21
35.0417
  0
LINE
  8
0
 10
190.656
 20
35.0417
 11
190.422
 21
35.6059
  0
LINE
  8
0
 10
190.422
 20
35.6059
 11
190.239
 21
36.1883
  0
LINE
  8
0
 10
190.239
 20
36.1883
 11
190.106
 21
36.7845
  0
LINE
  8
0
 10
190.106
 20
36.7845
 11
190.027
 21
37.3899
  0
LINE
  8
0
 10
190.027
 20
37.3899
 11
190
 21
38
  0
LINE
  8
0
 10
190
 20
38
 11
190.027
 21
38.6101
  0
LINE
  8
0
 10
190.027
 20
38.6101
 11
190.106
 21
39.2155
  0
LINE
  8
0
 10
190.106
 20
39.2155
 11
190.239
 21
39.8117
  0
LINE
  8
0
 10
190.239
 20
39.8117
 11
190.422
 21
40.3941
  0
LINE
  8
0
 10
190.422
 20
40.3941
 11
190.656
 21
40.9583
  0
LINE
  8
0
 10
190.656
 20
40.9583
 11
190.938
 21
41.5
  0
LINE
  8
0
 10
190.938
 20
41.5
 11
191.266
 21
42.015
  0
LINE
  8
0
 10
191.266
 20
42.015
 11
191.638
 21
42.4995
  0
LINE
  8
0
 10
191.638
 20
42.4995
 11
192.05
 21
42.9497
  0
LINE
  8
0
 10
192.05
 20
42.9497
 11
192.5
 21
43.3623
  0
LINE
  8
0
 10
192.5
 20
43.3623
 11
192.985
 21
43.7341
  0
LINE
  8
0
 10
192.985
 20
43.7341
 11
193.5
 21
44.0622
  0
LINE
  8
0
 10
193.5
 20
44.0622
 11
194.042
 21
44.3441
  0
LINE
  8
0
 10
194.042
 20
44.3441
 11
194.606
 21
44.5778
  0
LINE
  8
0
 10
194.606
 20
44.5778
 11
195.188
 21
44.7615
  0
LINE
  8
0
 10
195.188
 20
44.7615
 11
195.784
 21
44.8936
  0
LINE
  8
0
 10
195.784
 20
44.8936
 11
196.39
 21
44.9734
  0
LINE
  8
0
 10
196.39
 20
44.9734
 11
197
 21
45
  0
LINE
  8
0
 10
197
 20
45
 11
197.61
 21
44.9734
  0
LINE
  8
0
 10
197.61
 20
44.9734
 11
198.216
 21
44.8936
  0
LINE
  8
0
 10
198.216
 20
44.8936
 11
198.812
 21
44.7615
  0
LINE
  8
0
 10
198.812
 20
44.7615
 11
199.394
 21
44.5778
  0
LINE
  8
0
 10
199.394
 20
44.5778
 11
199.958
 21
44.3441
  0
LINE
  8
0
 10
199.958
 20
44.3441
 11
200.5
 21
44.0622
  0
LINE
  8
0
 10
200.5
 20
44.0622
 11
201.015
 21
43.7341
  0
LINE
  8
0
 10
201.015
 20
43.7341
 11
201.5
 21
43.3623
  0
LINE
  8
0
 10
201.5
 20
43.3623
 11
201.95
 21
42.9497
  0
LINE
  8
0
 10
201.95
 20
42.9497
 11
202.362
 21
42.4995
  0
LINE
  8
0
 10
202.362
 20
42.4995
 11
202.734
 21
42.015
  0
LINE
  8
0
 10
202.734
 20
42.015
 11
203.062
 21
41.5
  0
LINE
  8
0
 10
203.062
 20
41.5
 11
203.344
 21
40.9583
  0
LINE
  8
0
 10
203.344
 20
40.9583
 11
203.578
 21
40.3941
  0
LINE
  8
0
 10
203.578
 20
40.3941
 11
203.761
 21
39.8117
  0
LINE
  8
0
 10
203.761
 20
39.8117
 11
203.894
 21
39.2155
  0
LINE
  8
0
 10
203.894
 20
39.2155
 11
203.973
 21
38.6101
  0
LINE
  8
0
 10
203.973
 20
38.6101
 11
204
 21
38
  0
LINE
  8
0
 10
204
 20
38
 11
203.973
 21
37.3899
  0
LINE
  8
0
 10
203.973
 20
37.3899
 11
203.894
 21
36.7845
  0
LINE
  8
0
 10
203.894
 20
36.7845
 11
203.761
 21
36.1883
  0
LINE
  8
0
 10
203.761
 20
36.1883
 11
203.578
 21
35.6059
  0
LINE
  8
0
 10
203.578
 20
35.6059
 11
203.344
 21
35.0417
  0
LINE
  8
0
 10
203.344
 20
35.0417
 11
203.062
 21
34.5
  0
LINE
  8
0
 10
203.062
 20
34.5
 11
202.734
 21
33.985
  0
LINE
  8
0
 10
202.734
 20
33.985
 11
202.362
 21
33.5005
  0
LINE
  8
0
 10
202.362
 20
33.5005
 11
201.95
 21
33.0503
  0
LINE
  8
0
 10
201.95
 20
33.0503
 11
201.5
 21
32.6377
  0
LINE
  8
0
 10
201.5
 20
32.6377
 11
201.015
 21
32.2659
  0
LINE
  8
0
 10
201.015
 20
32.2659
 11
200.5
 21
31.9378
  0
LINE
  8
0
 10
200.5
 20
31.9378
 11
199.958
 21
31.6559
  0
LINE
  8
0
 10
199.958
 20
31.6559
 11
199.394
 21
31.4222
  0
LINE
  8
0
 10
199.394
 20
31.4222
 11
198.812
 21
31.2385
  0
LINE
  8
0
 10
198.812
 20
31.2385
 11
198.216
 21
31.1064
  0
LINE
  8
0
 10
198.216
 20
31.1064
 11
197.61
 21
31.0266
  0
LINE
  8
0
 10
197.61
 20
31.0266
 11
197
 21
31
  0
LINE
  8
0
 10
197
 20
31
 11
196.39
 21
31.0266
  0
LINE
  8
0
 10
265.39
 20
31.0266
 11
264.784
 21
31.1064
  0
LINE
  8
0
 10
264.784
 20
31.1064
 11
264.188
 21
31.2385
  0
LINE
  8
0
 10
264.188
 20
31.2385
 11
263.606
 21
31.4222
  0
LINE
  8
0
 10
263.606
 20
31.4222
 11
263.042
 21
31.6559
  0
LINE
  8
0
 10
263.042
 20
31.6559
 11
262.5
 21
31.9378
  0
LINE
  8
0
 10
262.5
 20
31.9378
 11
261.985
 21
32.2659
  0
LINE
  8
0
 10
261.985
 20
32.2659
 11
261.5
 21
32.6377
  0
LINE
  8
0
 10
261.5
 20
32.6377
 11
261.05
 21
33.0503
  0
LINE
  8
0
 10
261.05
 20
33.0503
 11
260.638
 21
33.5005
  0
LINE
  8
0
 10
260.638
 20
33.5005
 11
260.266
 21
33.985
  0
LINE
  8
0
 10
260.266
 20
33.985
 11
259.938
 21
34.5
  0
LINE
  8
0
 10
259.938
 20
34.5
 11
259.656
 21
35.0417
  0
LINE
  8
0
 10
259.656
 20
35.0417
 11
259.422
 21
35.6059
  0
LINE
  8
0
 10
259.422
 20
35.6059
 11
259.239
 21
36.1883
  0
LINE
  8
0
 10
259.239
 20
36.1883
 11
259.106
 21
36.7845
  0
LINE
  8
0
 10
259.106
 20
36.7845
 11
259.027
 21
37.3899
  0
LINE
  8
0
 10
259.027
 20
37.3899
 11
259
 21
38
  0
LINE
  8
0
 10
259
 20
38
 11
259.027
 21
38.6101
  0
LINE
  8
0
 10
259.027
 20
38.6101
 11
259.106
 21
39.2155
  0
LINE
  8
0
 10
259.106
 20
39.2155
 11
259.239
 21
39.8117
  0
LINE
  8
0
 10
259.239
 20
39.8117
 11
259.422
 21
40.3941
  0
LINE
  8
0
 10
259.422
 20
40.3941
 11
259.656
 21
40.9583
  0
LINE
  8
0
 10
259.656
 20
40.9583
 11
259.938
 21
41.5
  0
LINE
  8
0
 10
259.938
 20
41.5
 11
260.266
 21
42.015
  0
LINE
  8
0
 10
260.266
 20
42.015
 11
260.638
 21
42.4995
  0
LINE
  8
0
 10
260.638
 20
42.4995
 11
261.05
 21
42.9497
  0
LINE
  8
0
 10
261.05
 20
42.9497
 11
261.5
 21
43.3623
  0
LINE
  8
0
 10
261.5
 20
43.3623
 11
261.985
 21
43.7341
  0
LINE
  8
0
 10
261.985
 20
43.7341
 11
262.5
 21
44.0622
  0
LINE
  8
0
 10
262.5
 20
44.0622
 11
263.042
 21
44.3441
  0
LINE
  8
0
 10
263.042
 20
44.3441
 11
263.606
 21
44.5778
  0
LINE
  8
0
 10
263.606
 20
44.5778
 11
264.188
 21
44.7615
  0
LINE
  8
0
 10
264.188
 20
44.7615
 11
264.784
 21
44.8936
  0
LINE
  8
0
 10
264.784
 20
44.8936
 11
265.39
 21
44.9734
  0
LINE
  8
0
 10
265.39
 20
44.9734
 11
266
 21
45
  0
LINE
  8
0
 10
266
 20
45
 11
266.61
 21
44.9734
  0
LINE
  8
0
 10
266.61
 20
44.9734
 11
267.216
 21
44.8936
  0
LINE
  8
0
 10
267.216
 20
44.8936
 11
267.812
 21
44.7615
  0
LINE
  8
0
 10
267.812
 20
44.7615
 11
268.394
 21
44.5778
  0
LINE
  8
0
 10
268.394
 20
44.5778
 11
268.958
 21
44.3441
  0
LINE
  8
0
 10
268.958
 20
44.3441
 11
269.5
 21
44.0622
  0
LINE
  8
0
 10
269.5
 20
44.0622
 11
270.015
 21
43.7341
  0
LINE
  8
0
 10
270.015
 20
43.7341
 11
270.5
 21
43.3623
  0
LINE
  8
0
 10
270.5
 20
43.3623
 11
270.95
 21
42.9497
  0
LINE
  8
0
 10
270.95
 20
42.9497
 11
271.362
 21
42.4995
  0
LINE
  8
0
 10
271.362
 20
42.4995
 11
271.734
 21
42.015
  0
LINE
  8
0
 10
271.734
 20
42.015
 11
272.062
 21
41.5
  0
LINE
  8
0
 10
272.062
 20
41.5
 11
272.344
 21
40.9583
  0
LINE
  8
0
 10
272.344
 20
40.9583
 11
272.578
 21
40.3941
  0
LINE
  8
0
 10
272.578
 20
40.3941
 11
272.761
 21
39.8117
  0
LINE
  8
0
 10
272.761
 20
39.8117
 11
272.894
 21
39.2155
  0
LINE
  8
0
 10
272.894
 20
39.2155
 11
272.973
 21
38.6101
  0
LINE
  8
0
 10
272.973
 20
38.6101
 11
273
 21
38
  0
LINE
  8
0
 10
273
 20
38
 11
272.973
 21
37.3899
  0
LINE
  8
0
 10
272.973
 20
37.3899
 11
272.894
 21
36.7845
  0
LINE
  8
0
 10
272.894
 20
36.7845
 11
272.761
 21
36.1883
  0
LINE
  8
0
 10
272.761
 20
36.1883
 11
272.578
 21
35.6059
  0
LINE
  8
0
 10
272.578
 20
35.6059
 11
272.344
 21
35.0417
  0
LINE
  8
0
 10
272.344
 20
35.0417
 11
272.062
 21
34.5
  0
LINE
  8
0
 10
272.062
 20
34.5
 11
271.734
 21
33.985
  0
LINE
  8
0
 10
271.734
 20
33.985
 11
271.362
 21
33.5005
  0
LINE
  8
0
 10
271.362
 20
33.5005
 11
270.95
 21
33.0503
  0
LINE
  8
0
 10
270.95
 20
33.0503
 11
270.5
 21
32.6377
  0
LINE
  8
0
 10
270.5
 20
32.6377
 11
270.015
 21
32.2659
  0
LINE
  8
0
 10
270.015
 20
32.2659
 11
269.5
 21
31.9378
  0
LINE
  8
0
 10
269.5
 20
31.9378
 11
268.958
 21
31.6559
  0
LINE
  8
0
 10
268.958
 20
31.6559
 11
268.394
 21
31.4222
  0
LINE
  8
0
 10
268.394
 20
31.4222
 11
267.812
 21
31.2385
  0
LINE
  8
0
 10
267.812
 20
31.2385
 11
267.216
 21
31.1064
  0
LINE
  8
0
 10
267.216
 20
31.1064
 11
266.61
 21
31.0266
  0
LINE
  8
0
 10
266.61
 20
31.0266
 11
266
 21
31
  0
LINE
  8
0
 10
266
 20
31
 11
265.39
 21
31.0266
  0
LINE
  8
0
 10
-131.148
 20
37.3065
 11
-131.295
 21
37.3258
  0
LINE
  8
0
 10
-131.295
 20
37.3258
 11
-131.44
 21
37.3579
  0
LINE
  8
0
 10
-131.44
 20
37.3579
 11
-131.581
 21
37.4025
  0
LINE
  8
0
 10
-131.581
 20
37.4025
 11
-131.718
 21
37.4593
  0
LINE
  8
0
 10
-131.718
 20
37.4593
 11
-131.85
 21
37.5278
  0
LINE
  8
0
 10
-131.85
 20
37.5278
 11
-131.975
 21
37.6074
  0
LINE
  8
0
 10
-131.975
 20
37.6074
 11
-132.093
 21
37.6977
  0
LINE
  8
0
 10
-132.093
 20
37.6977
 11
-132.202
 21
37.7979
  0
LINE
  8
0
 10
-132.202
 20
37.7979
 11
-132.302
 21
37.9073
  0
LINE
  8
0
 10
-132.302
 20
37.9073
 11
-132.393
 21
38.0249
  0
LINE
  8
0
 10
-132.393
 20
38.0249
 11
-132.472
 21
38.15
  0
LINE
  8
0
 10
-132.472
 20
38.15
 11
-132.541
 21
38.2815
  0
LINE
  8
0
 10
-132.541
 20
38.2815
 11
-132.597
 21
38.4186
  0
LINE
  8
0
 10
-132.597
 20
38.4186
 11
-132.642
 21
38.56
  0
LINE
  8
0
 10
-132.642
 20
38.56
 11
-132.674
 21
38.7048
  0
LINE
  8
0
 10
-132.674
 20
38.7048
 11
-132.694
 21
38.8518
  0
LINE
  8
0
 10
-132.694
 20
38.8518
 11
-132.7
 21
39
  0
LINE
  8
0
 10
-132.7
 20
39
 11
-132.694
 21
39.1482
  0
LINE
  8
0
 10
-132.694
 20
39.1482
 11
-132.674
 21
39.2952
  0
LINE
  8
0
 10
-132.674
 20
39.2952
 11
-132.642
 21
39.44
  0
LINE
  8
0
 10
-132.642
 20
39.44
 11
-132.597
 21
39.5814
  0
LINE
  8
0
 10
-132.597
 20
39.5814
 11
-132.541
 21
39.7184
  0
LINE
  8
0
 10
-132.541
 20
39.7184
 11
-132.472
 21
39.85
  0
LINE
  8
0
 10
-132.472
 20
39.85
 11
-132.393
 21
39.9751
  0
LINE
  8
0
 10
-132.393
 20
39.9751
 11
-132.302
 21
40.0927
  0
LINE
  8
0
 10
-132.302
 20
40.0927
 11
-132.202
 21
40.2021
  0
LINE
  8
0
 10
-132.202
 20
40.2021
 11
-132.093
 21
40.3023
  0
LINE
  8
0
 10
-132.093
 20
40.3023
 11
-131.975
 21
40.3925
  0
LINE
  8
0
 10
-131.975
 20
40.3925
 11
-131.85
 21
40.4722
  0
LINE
  8
0
 10
-131.85
 20
40.4722
 11
-131.718
 21
40.5407
  0
LINE
  8
0
 10
-131.718
 20
40.5407
 11
-131.581
 21
40.5975
  0
LINE
  8
0
 10
-131.581
 20
40.5975
 11
-131.44
 21
40.6421
  0
LINE
  8
0
 10
-131.44
 20
40.6421
 11
-131.295
 21
40.6742
  0
LINE
  8
0
 10
-131.295
 20
40.6742
 11
-131.148
 21
40.6935
  0
LINE
  8
0
 10
-131.148
 20
40.6935
 11
-131
 21
40.7
  0
LINE
  8
0
 10
-131
 20
40.7
 11
-130.852
 21
40.6935
  0
LINE
  8
0
 10
-130.852
 20
40.6935
 11
-130.705
 21
40.6742
  0
LINE
  8
0
 10
-130.705
 20
40.6742
 11
-130.56
 21
40.6421
  0
LINE
  8
0
 10
-130.56
 20
40.6421
 11
-130.419
 21
40.5975
  0
LINE
  8
0
 10
-130.419
 20
40.5975
 11
-130.282
 21
40.5407
  0
LINE
  8
0
 10
-130.282
 20
40.5407
 11
-130.15
 21
40.4722
  0
LINE
  8
0
 10
-130.15
 20
40.4722
 11
-130.025
 21
40.3925
  0
LINE
  8
0
 10
-130.025
 20
40.3925
 11
-129.907
 21
40.3023
  0
LINE
  8
0
 10
-129.907
 20
40.3023
 11
-129.798
 21
40.2021
  0
LINE
  8
0
 10
-129.798
 20
40.2021
 11
-129.698
 21
40.0927
  0
LINE
  8
0
 10
-129.698
 20
40.0927
 11
-129.607
 21
39.9751
  0
LINE
  8
0
 10
-129.607
 20
39.9751
 11
-129.528
 21
39.85
  0
LINE
  8
0
 10
-129.528
 20
39.85
 11
-129.459
 21
39.7184
  0
LINE
  8
0
 10
-129.459
 20
39.7184
 11
-129.403
 21
39.5814
  0
LINE
  8
0
 10
-129.403
 20
39.5814
 11
-129.358
 21
39.44
  0
LINE
  8
0
 10
-129.358
 20
39.44
 11
-129.326
 21
39.2952
  0
LINE
  8
0
 10
-129.326
 20
39.2952
 11
-129.306
 21
39.1482
  0
LINE
  8
0
 10
-129.306
 20
39.1482
 11
-129.3
 21
39
  0
LINE
  8
0
 10
-129.3
 20
39
 11
-129.306
 21
38.8518
  0
LINE
  8
0
 10
-129.306
 20
38.8518
 11
-129.326
 21
38.7048
  0
LINE
  8
0
 10
-129.326
 20
38.7048
 11
-129.358
 21
38.56
  0
LINE
  8
0
 10
-129.358
 20
38.56
 11
-129.403
 21
38.4186
  0
LINE
  8
0
 10
-129.403
 20
38.4186
 11
-129.459
 21
38.2815
  0
LINE
  8
0
 10
-129.459
 20
38.2815
 11
-129.528
 21
38.15
  0
LINE
  8
0
 10
-129.528
 20
38.15
 11
-129.607
 21
38.0249
  0
LINE
  8
0
 10
-129.607
 20
38.0249
 11
-129.698
 21
37.9073
  0
LINE
  8
0
 10
-129.698
 20
37.9073
 11
-129.798
 21
37.7979
  0
LINE
  8
0
 10
-129.798
 20
37.7979
 11
-129.907
 21
37.6977
  0
LINE
  8
0
 10
-129.907
 20
37.6977
 11
-130.025
 21
37.6074
  0
LINE
  8
0
 10
-130.025
 20
37.6074
 11
-130.15
 21
37.5278
  0
LINE
  8
0
 10
-130.15
 20
37.5278
 11
-130.282
 21
37.4593
  0
LINE
  8
0
 10
-130.282
 20
37.4593
 11
-130.419
 21
37.4025
  0
LINE
  8
0
 10
-130.419
 20
37.4025
 11
-130.56
 21
37.3579
  0
LINE
  8
0
 10
-130.56
 20
37.3579
 11
-130.705
 21
37.3258
  0
LINE
  8
0
 10
-130.705
 20
37.3258
 11
-130.852
 21
37.3065
  0
LINE
  8
0
 10
-130.852
 20
37.3065
 11
-131
 21
37.3
  0
LINE
  8
0
 10
-131
 20
37.3
 11
-131.148
 21
37.3065
  0
LINE
  8
0
 10
-103.148
 20
37.3065
 11
-103.295
 21
37.3258
  0
LINE
  8
0
 10
-103.295
 20
37.3258
 11
-103.44
 21
37.3579
  0
LINE
  8
0
 10
-103.44
 20
37.3579
 11
-103.581
 21
37.4025
  0
LINE
  8
0
 10
-103.581
 20
37.4025
 11
-103.718
 21
37.4593
  0
LINE
  8
0
 10
-103.718
 20
37.4593
 11
-103.85
 21
37.5278
  0
LINE
  8
0
 10
-103.85
 20
37.5278
 11
-103.975
 21
37.6074
  0
LINE
  8
0
 10
-103.975
 20
37.6074
 11
-104.093
 21
37.6977
  0
LINE
  8
0
 10
-104.093
 20
37.6977
 11
-104.202
 21
37.7979
  0
LINE
  8
0
 10
-104.202
 20
37.7979
 11
-104.302
 21
37.9073
  0
LINE
  8
0
 10
-104.302
 20
37.9073
 11
-104.393
 21
38.0249
  0
LINE
  8
0
 10
-104.393
 20
38.0249
 11
-104.472
 21
38.15
  0
LINE
  8
0
 10
-104.472
 20
38.15
 11
-104.541
 21
38.2815
  0
LINE
  8
0
 10
-104.541
 20
38.2815
 11
-104.597
 21
38.4186
  0
LINE
  8
0
 10
-104.597
 20
38.4186
 11
-104.642
 21
38.56
  0
LINE
  8
0
 10
-104.642
 20
38.56
 11
-104.674
 21
38.7048
  0
LINE
  8
0
 10
-104.674
 20
38.7048
 11
-104.694
 21
38.8518
  0
LINE
  8
0
 10
-104.694
 20
38.8518
 11
-104.7
 21
39
  0
LINE
  8
0
 10
-104.7
 20
39
 11
-104.694
 21
39.1482
  0
LINE
  8
0
 10
-104.694
 20
39.1482
 11
-104.674
 21
39.2952
  0
LINE
  8
0
 10
-104.674
 20
39.2952
 11
-104.642
 21
39.44
  0
LINE
  8
0
 10
-104.642
 20
39.44
 11
-104.597
 21
39.5814
  0
LINE
  8
0
 10
-104.597
 20
39.5814
 11
-104.541
 21
39.7184
  0
LINE
  8
0
 10
-104.541
 20
39.7184
 11
-104.472
 21
39.85
  0
LINE
  8
0
 10
-104.472
 20
39.85
 11
-104.393
 21
39.9751
  0
LINE
  8
0
 10
-104.393
 20
39.9751
 11
-104.302
 21
40.0927
  0
LINE
  8
0
 10
-104.302
 20
40.0927
 11
-104.202
 21
40.2021
  0
LINE
  8
0
 10
-104.202
 20
40.2021
 11
-104.093
 21
40.3023
  0
LINE
  8
0
 10
-104.093
 20
40.3023
 11
-103.975
 21
40.3925
  0
LINE
  8
0
 10
-103.975
 20
40.3925
 11
-103.85
 21
40.4722
  0
LINE
  8
0
 10
-103.85
 20
40.4722
 11
-103.718
 21
40.5407
  0
LINE
  8
0
 10
-103.718
 20
40.5407
 11
-103.581
 21
40.5975
  0
LINE
  8
0
 10
-103.581
 20
40.5975
 11
-103.44
 21
40.6421
  0
LINE
  8
0
 10
-103.44
 20
40.6421
 11
-103.295
 21
40.6742
  0
LINE
  8
0
 10
-103.295
 20
40.6742
 11
-103.148
 21
40.6935
  0
LINE
  8
0
 10
-103.148
 20
40.6935
 11
-103
 21
40.7
  0
LINE
  8
0
 10
-103
 20
40.7
 11
-102.852
 21
40.6935
  0
LINE
  8
0
 10
-102.852
 20
40.6935
 11
-102.705
 21
40.6742
  0
LINE
  8
0
 10
-102.705
 20
40.6742
 11
-102.56
 21
40.6421
  0
LINE
  8
0
 10
-102.56
 20
40.6421
 11
-102.419
 21
40.5975
  0
LINE
  8
0
 10
-102.419
 20
40.5975
 11
-102.282
 21
40.5407
  0
LINE
  8
0
 10
-102.282
 20
40.5407
 11
-102.15
 21
40.4722
  0
LINE
  8
0
 10
-102.15
 20
40.4722
 11
-102.025
 21
40.3925
  0
LINE
  8
0
 10
-102.025
 20
40.3925
 11
-101.907
 21
40.3023
  0
LINE
  8
0
 10
-101.907
 20
40.3023
 11
-101.798
 21
40.2021
  0
LINE
  8
0
 10
-101.798
 20
40.2021
 11
-101.698
 21
40.0927
  0
LINE
  8
0
 10
-101.698
 20
40.0927
 11
-101.607
 21
39.9751
  0
LINE
  8
0
 10
-101.607
 20
39.9751
 11
-101.528
 21
39.85
  0
LINE
  8
0
 10
-101.528
 20
39.85
 11
-101.459
 21
39.7184
  0
LINE
  8
0
 10
-101.459
 20
39.7184
 11
-101.403
 21
39.5814
  0
LINE
  8
0
 10
-101.403
 20
39.5814
 11
-101.358
 21
39.44
  0
LINE
  8
0
 10
-101.358
 20
39.44
 11
-101.326
 21
39.2952
  0
LINE
  8
0
 10
-101.326
 20
39.2952
 11
-101.306
 21
39.1482
  0
LINE
  8
0
 10
-101.306
 20
39.1482
 11
-101.3
 21
39
  0
LINE
  8
0
 10
-101.3
 20
39
 11
-101.306
 21
38.8518
  0
LINE
  8
0
 10
-101.306
 20
38.8518
 11
-101.326
 21
38.7048
  0
LINE
  8
0
 10
-101.326
 20
38.7048
 11
-101.358
 21
38.56
  0
LINE
  8
0
 10
-101.358
 20
38.56
 11
-101.403
 21
38.4186
  0
LINE
  8
0
 10
-101.403
 20
38.4186
 11
-101.459
 21
38.2815
  0
LINE
  8
0
 10
-101.459
 20
38.2815
 11
-101.528
 21
38.15
  0
LINE
  8
0
 10
-101.528
 20
38.15
 11
-101.607
 21
38.0249
  0
LINE
  8
0
 10
-101.607
 20
38.0249
 11
-101.698
 21
37.9073
  0
LINE
  8
0
 10
-101.698
 20
37.9073
 11
-101.798
 21
37.7979
  0
LINE
  8
0
 10
-101.798
 20
37.7979
 11
-101.907
 21
37.6977
  0
LINE
  8
0
 10
-101.907
 20
37.6977
 11
-102.025
 21
37.6074
  0
LINE
  8
0
 10
-102.025
 20
37.6074
 11
-102.15
 21
37.5278
  0
LINE
  8
0
 10
-102.15
 20
37.5278
 11
-102.282
 21
37.4593
  0
LINE
  8
0
 10
-102.282
 20
37.4593
 11
-102.419
 21
37.4025
  0
LINE
  8
0
 10
-102.419
 20
37.4025
 11
-102.56
 21
37.3579
  0
LINE
  8
0
 10
-102.56
 20
37.3579
 11
-102.705
 21
37.3258
  0
LINE
  8
0
 10
-102.705
 20
37.3258
 11
-102.852
 21
37.3065
  0
LINE
  8
0
 10
-102.852
 20
37.3065
 11
-103
 21
37.3
  0
LINE
  8
0
 10
-103
 20
37.3
 11
-103.148
 21
37.3065
  0
LINE
  8
0
 10
432.63
 20
29.7662
 11
432.262
 21
29.8146
  0
LINE
  8
0
 10
432.262
 20
29.8146
 11
431.9
 21
29.8948
  0
LINE
  8
0
 10
431.9
 20
29.8948
 11
431.546
 21
30.0063
  0
LINE
  8
0
 10
431.546
 20
30.0063
 11
431.204
 21
30.1482
  0
LINE
  8
0
 10
431.204
 20
30.1482
 11
430.875
 21
30.3194
  0
LINE
  8
0
 10
430.875
 20
30.3194
 11
430.562
 21
30.5186
  0
LINE
  8
0
 10
430.562
 20
30.5186
 11
430.268
 21
30.7443
  0
LINE
  8
0
 10
430.268
 20
30.7443
 11
429.995
 21
30.9948
  0
LINE
  8
0
 10
429.995
 20
30.9948
 11
429.744
 21
31.2681
  0
LINE
  8
0
 10
429.744
 20
31.2681
 11
429.519
 21
31.5623
  0
LINE
  8
0
 10
429.519
 20
31.5623
 11
429.319
 21
31.875
  0
LINE
  8
0
 10
429.319
 20
31.875
 11
429.148
 21
32.2039
  0
LINE
  8
0
 10
429.148
 20
32.2039
 11
429.006
 21
32.5464
  0
LINE
  8
0
 10
429.006
 20
32.5464
 11
428.895
 21
32.9
  0
LINE
  8
0
 10
428.895
 20
32.9
 11
428.815
 21
33.262
  0
LINE
  8
0
 10
428.815
 20
33.262
 11
428.766
 21
33.6296
  0
LINE
  8
0
 10
428.766
 20
33.6296
 11
428.75
 21
34
  0
LINE
  8
0
 10
428.75
 20
34
 11
428.766
 21
34.3704
  0
LINE
  8
0
 10
428.766
 20
34.3704
 11
428.815
 21
34.738
  0
LINE
  8
0
 10
428.815
 20
34.738
 11
428.895
 21
35.1
  0
LINE
  8
0
 10
428.895
 20
35.1
 11
429.006
 21
35.4536
  0
LINE
  8
0
 10
429.006
 20
35.4536
 11
429.148
 21
35.7961
  0
LINE
  8
0
 10
429.148
 20
35.7961
 11
429.319
 21
36.125
  0
LINE
  8
0
 10
429.319
 20
36.125
 11
429.519
 21
36.4377
  0
LINE
  8
0
 10
429.519
 20
36.4377
 11
429.744
 21
36.7318
  0
LINE
  8
0
 10
429.744
 20
36.7318
 11
429.995
 21
37.0052
  0
LINE
  8
0
 10
429.995
 20
37.0052
 11
430.268
 21
37.2557
  0
LINE
  8
0
 10
430.268
 20
37.2557
 11
430.562
 21
37.4814
  0
LINE
  8
0
 10
430.562
 20
37.4814
 11
430.875
 21
37.6806
  0
LINE
  8
0
 10
430.875
 20
37.6806
 11
431.204
 21
37.8518
  0
LINE
  8
0
 10
431.204
 20
37.8518
 11
431.546
 21
37.9937
  0
LINE
  8
0
 10
431.546
 20
37.9937
 11
431.9
 21
38.1052
  0
LINE
  8
0
 10
431.9
 20
38.1052
 11
432.262
 21
38.1854
  0
LINE
  8
0
 10
432.262
 20
38.1854
 11
432.63
 21
38.2338
  0
LINE
  8
0
 10
432.63
 20
38.2338
 11
433
 21
38.25
  0
LINE
  8
0
 10
433
 20
38.25
 11
433.37
 21
38.2338
  0
LINE
  8
0
 10
433.37
 20
38.2338
 11
433.738
 21
38.1854
  0
LINE
  8
0
 10
433.738
 20
38.1854
 11
434.1
 21
38.1052
  0
LINE
  8
0
 10
434.1
 20
38.1052
 11
434.454
 21
37.9937
  0
LINE
  8
0
 10
434.454
 20
37.9937
 11
434.796
 21
37.8518
  0
LINE
  8
0
 10
434.796
 20
37.8518
 11
435.125
 21
37.6806
  0
LINE
  8
0
 10
435.125
 20
37.6806
 11
435.438
 21
37.4814
  0
LINE
  8
0
 10
435.438
 20
37.4814
 11
435.732
 21
37.2557
  0
LINE
  8
0
 10
435.732
 20
37.2557
 11
436.005
 21
37.0052
  0
LINE
  8
0
 10
436.005
 20
37.0052
 11
436.256
 21
36.7318
  0
LINE
  8
0
 10
436.256
 20
36.7318
 11
436.481
 21
36.4377
  0
LINE
  8
0
 10
436.481
 20
36.4377
 11
436.681
 21
36.125
  0
LINE
  8
0
 10
436.681
 20
36.125
 11
436.852
 21
35.7961
  0
LINE
  8
0
 10
436.852
 20
35.7961
 11
436.994
 21
35.4536
  0
LINE
  8
0
 10
436.994
 20
35.4536
 11
437.105
 21
35.1
  0
LINE
  8
0
 10
437.105
 20
35.1
 11
437.185
 21
34.738
  0
LINE
  8
0
 10
437.185
 20
34.738
 11
437.234
 21
34.3704
  0
LINE
  8
0
 10
437.234
 20
34.3704
 11
437.25
 21
34
  0
LINE
  8
0
 10
437.25
 20
34
 11
437.234
 21
33.6296
  0
LINE
  8
0
 10
437.234
 20
33.6296
 11
437.185
 21
33.262
  0
LINE
  8
0
 10
437.185
 20
33.262
 11
437.105
 21
32.9
  0
LINE
  8
0
 10
437.105
 20
32.9
 11
436.994
 21
32.5464
  0
LINE
  8
0
 10
436.994
 20
32.5464
 11
436.852
 21
32.2039
  0
LINE
  8
0
 10
436.852
 20
32.2039
 11
436.681
 21
31.875
  0
LINE
  8
0
 10
436.681
 20
31.875
 11
436.481
 21
31.5623
  0
LINE
  8
0
 10
436.481
 20
31.5623
 11
436.256
 21
31.2681
  0
LINE
  8
0
 10
436.256
 20
31.2681
 11
436.005
 21
30.9948
  0
LINE
  8
0
 10
436.005
 20
30.9948
 11
435.732
 21
30.7443
  0
LINE
  8
0
 10
435.732
 20
30.7443
 11
435.438
 21
30.5186
  0
LINE
  8
0
 10
435.438
 20
30.5186
 11
435.125
 21
30.3194
  0
LINE
  8
0
 10
435.125
 20
30.3194
 11
434.796
 21
30.1482
  0
LINE
  8
0
 10
434.796
 20
30.1482
 11
434.454
 21
30.0063
  0
LINE
  8
0
 10
434.454
 20
30.0063
 11
434.1
 21
29.8948
  0
LINE
  8
0
 10
434.1
 20
29.8948
 11
433.738
 21
29.8146
  0
LINE
  8
0
 10
433.738
 20
29.8146
 11
433.37
 21
29.7662
  0
LINE
  8
0
 10
433.37
 20
29.7662
 11
433
 21
29.75
  0
LINE
  8
0
 10
433
 20
29.75
 11
432.63
 21
29.7662
  0
LINE
  8
0
 10
-117.697
 20
17.0305
 11
-118.389
 21
17.1216
  0
LINE
  8
0
 10
-118.389
 20
17.1216
 11
-119.071
 21
17.2726
  0
LINE
  8
0
 10
-119.071
 20
17.2726
 11
-119.736
 21
17.4825
  0
LINE
  8
0
 10
-119.736
 20
17.4825
 11
-120.381
 21
17.7495
  0
LINE
  8
0
 10
-120.381
 20
17.7495
 11
-121
 21
18.0718
  0
LINE
  8
0
 10
-121
 20
18.0718
 11
-121.589
 21
18.4468
  0
LINE
  8
0
 10
-121.589
 20
18.4468
 11
-122.142
 21
18.8717
  0
LINE
  8
0
 10
-122.142
 20
18.8717
 11
-122.657
 21
19.3432
  0
LINE
  8
0
 10
-122.657
 20
19.3432
 11
-123.128
 21
19.8577
  0
LINE
  8
0
 10
-123.128
 20
19.8577
 11
-123.553
 21
20.4114
  0
LINE
  8
0
 10
-123.553
 20
20.4114
 11
-123.928
 21
21
  0
LINE
  8
0
 10
-123.928
 20
21
 11
-124.25
 21
21.6191
  0
LINE
  8
0
 10
-124.25
 20
21.6191
 11
-124.518
 21
22.2638
  0
LINE
  8
0
 10
-124.518
 20
22.2638
 11
-124.727
 21
22.9295
  0
LINE
  8
0
 10
-124.727
 20
22.9295
 11
-124.878
 21
23.6108
  0
LINE
  8
0
 10
-124.878
 20
23.6108
 11
-124.97
 21
24.3028
  0
LINE
  8
0
 10
-124.97
 20
24.3028
 11
-125
 21
25
  0
LINE
  8
0
 10
-125
 20
25
 11
-124.97
 21
25.6972
  0
LINE
  8
0
 10
-124.97
 20
25.6972
 11
-124.878
 21
26.3892
  0
LINE
  8
0
 10
-124.878
 20
26.3892
 11
-124.727
 21
27.0705
  0
LINE
  8
0
 10
-124.727
 20
27.0705
 11
-124.518
 21
27.7362
  0
LINE
  8
0
 10
-124.518
 20
27.7362
 11
-124.25
 21
28.3809
  0
LINE
  8
0
 10
-124.25
 20
28.3809
 11
-123.928
 21
29
  0
LINE
  8
0
 10
-123.928
 20
29
 11
-123.553
 21
29.5886
  0
LINE
  8
0
 10
-123.553
 20
29.5886
 11
-123.128
 21
30.1423
  0
LINE
  8
0
 10
-123.128
 20
30.1423
 11
-122.657
 21
30.6568
  0
LINE
  8
0
 10
-122.657
 20
30.6568
 11
-122.142
 21
31.1283
  0
LINE
  8
0
 10
-122.142
 20
31.1283
 11
-121.589
 21
31.5532
  0
LINE
  8
0
 10
-121.589
 20
31.5532
 11
-121
 21
31.9282
  0
LINE
  8
0
 10
-121
 20
31.9282
 11
-120.381
 21
32.2505
  0
LINE
  8
0
 10
-120.381
 20
32.2505
 11
-119.736
 21
32.5175
  0
LINE
  8
0
 10
-119.736
 20
32.5175
 11
-119.071
 21
32.7274
  0
LINE
  8
0
 10
-119.071
 20
32.7274
 11
-118.389
 21
32.8784
  0
LINE
  8
0
 10
-118.389
 20
32.8784
 11
-117.697
 21
32.9695
  0
LINE
  8
0
 10
-117.697
 20
32.9695
 11
-117
 21
33
  0
LINE
  8
0
 10
-117
 20
33
 11
-116.303
 21
32.9695
  0
LINE
  8
0
 10
-116.303
 20
32.9695
 11
-115.611
 21
32.8784
  0
LINE
  8
0
 10
-115.611
 20
32.8784
 11
-114.929
 21
32.7274
  0
LINE
  8
0
 10
-114.929
 20
32.7274
 11
-114.264
 21
32.5175
  0
LINE
  8
0
 10
-114.264
 20
32.5175
 11
-113.619
 21
32.2505
  0
LINE
  8
0
 10
-113.619
 20
32.2505
 11
-113
 21
31.9282
  0
LINE
  8
0
 10
-113
 20
31.9282
 11
-112.411
 21
31.5532
  0
LINE
  8
0
 10
-112.411
 20
31.5532
 11
-111.858
 21
31.1283
  0
LINE
  8
0
 10
-111.858
 20
31.1283
 11
-111.343
 21
30.6568
  0
LINE
  8
0
 10
-111.343
 20
30.6568
 11
-110.872
 21
30.1423
  0
LINE
  8
0
 10
-110.872
 20
30.1423
 11
-110.447
 21
29.5886
  0
LINE
  8
0
 10
-110.447
 20
29.5886
 11
-110.072
 21
29
  0
LINE
  8
0
 10
-110.072
 20
29
 11
-109.75
 21
28.3809
  0
LINE
  8
0
 10
-109.75
 20
28.3809
 11
-109.482
 21
27.7362
  0
LINE
  8
0
 10
-109.482
 20
27.7362
 11
-109.273
 21
27.0705
  0
LINE
  8
0
 10
-109.273
 20
27.0705
 11
-109.122
 21
26.3892
  0
LINE
  8
0
 10
-109.122
 20
26.3892
 11
-109.03
 21
25.6972
  0
LINE
  8
0
 10
-109.03
 20
25.6972
 11
-109
 21
25
  0
LINE
  8
0
 10
-109
 20
25
 11
-109.03
 21
24.3028
  0
LINE
  8
0
 10
-109.03
 20
24.3028
 11
-109.122
 21
23.6108
  0
LINE
  8
0
 10
-109.122
 20
23.6108
 11
-109.273
 21
22.9295
  0
LINE
  8
0
 10
-109.273
 20
22.9295
 11
-109.482
 21
22.2638
  0
LINE
  8
0
 10
-109.482
 20
22.2638
 11
-109.75
 21
21.6191
  0
LINE
  8
0
 10
-109.75
 20
21.6191
 11
-110.072
 21
21
  0
LINE
  8
0
 10
-110.072
 20
21
 11
-110.447
 21
20.4114
  0
LINE
  8
0
 10
-110.447
 20
20.4114
 11
-110.872
 21
19.8577
  0
LINE
  8
0
 10
-110.872
 20
19.8577
 11
-111.343
 21
19.3432
  0
LINE
  8
0
 10
-111.343
 20
19.3432
 11
-111.858
 21
18.8717
  0
LINE
  8
0
 10
-111.858
 20
18.8717
 11
-112.411
 21
18.4468
  0
LINE
  8
0
 10
-112.411
 20
18.4468
 11
-113
 21
18.0718
  0
LINE
  8
0
 10
-113
 20
18.0718
 11
-113.619
 21
17.7495
  0
LINE
  8
0
 10
-113.619
 20
17.7495
 11
-114.264
 21
17.4825
  0
LINE
  8
0
 10
-114.264
 20
17.4825
 11
-114.929
 21
17.2726
  0
LINE
  8
0
 10
-114.929
 20
17.2726
 11
-115.611
 21
17.1216
  0
LINE
  8
0
 10
-115.611
 20
17.1216
 11
-116.303
 21
17.0305
  0
LINE
  8
0
 10
-116.303
 20
17.0305
 11
-117
 21
17
  0
LINE
  8
0
 10
-117
 20
17
 11
-117.697
 21
17.0305
  0
LINE
  8
0
 10
182.852
 20
22.3065
 11
182.705
 21
22.3258
  0
LINE
  8
0
 10
182.705
 20
22.3258
 11
182.56
 21
22.3579
  0
LINE
  8
0
 10
182.56
 20
22.3579
 11
182.419
 21
22.4025
  0
LINE
  8
0
 10
182.419
 20
22.4025
 11
182.282
 21
22.4593
  0
LINE
  8
0
 10
182.282
 20
22.4593
 11
182.15
 21
22.5278
  0
LINE
  8
0
 10
182.15
 20
22.5278
 11
182.025
 21
22.6075
  0
LINE
  8
0
 10
182.025
 20
22.6075
 11
181.907
 21
22.6977
  0
LINE
  8
0
 10
181.907
 20
22.6977
 11
181.798
 21
22.7979
  0
LINE
  8
0
 10
181.798
 20
22.7979
 11
181.698
 21
22.9073
  0
LINE
  8
0
 10
181.698
 20
22.9073
 11
181.607
 21
23.0249
  0
LINE
  8
0
 10
181.607
 20
23.0249
 11
181.528
 21
23.15
  0
LINE
  8
0
 10
181.528
 20
23.15
 11
181.459
 21
23.2816
  0
LINE
  8
0
 10
181.459
 20
23.2816
 11
181.403
 21
23.4186
  0
LINE
  8
0
 10
181.403
 20
23.4186
 11
181.358
 21
23.56
  0
LINE
  8
0
 10
181.358
 20
23.56
 11
181.326
 21
23.7048
  0
LINE
  8
0
 10
181.326
 20
23.7048
 11
181.306
 21
23.8518
  0
LINE
  8
0
 10
181.306
 20
23.8518
 11
181.3
 21
24
  0
LINE
  8
0
 10
181.3
 20
24
 11
181.306
 21
24.1482
  0
LINE
  8
0
 10
181.306
 20
24.1482
 11
181.326
 21
24.2952
  0
LINE
  8
0
 10
181.326
 20
24.2952
 11
181.358
 21
24.44
  0
LINE
  8
0
 10
181.358
 20
24.44
 11
181.403
 21
24.5814
  0
LINE
  8
0
 10
181.403
 20
24.5814
 11
181.459
 21
24.7185
  0
LINE
  8
0
 10
181.459
 20
24.7185
 11
181.528
 21
24.85
  0
LINE
  8
0
 10
181.528
 20
24.85
 11
181.607
 21
24.9751
  0
LINE
  8
0
 10
181.607
 20
24.9751
 11
181.698
 21
25.0927
  0
LINE
  8
0
 10
181.698
 20
25.0927
 11
181.798
 21
25.2021
  0
LINE
  8
0
 10
181.798
 20
25.2021
 11
181.907
 21
25.3023
  0
LINE
  8
0
 10
181.907
 20
25.3023
 11
182.025
 21
25.3926
  0
LINE
  8
0
 10
182.025
 20
25.3926
 11
182.15
 21
25.4722
  0
LINE
  8
0
 10
182.15
 20
25.4722
 11
182.282
 21
25.5407
  0
LINE
  8
0
 10
182.282
 20
25.5407
 11
182.419
 21
25.5975
  0
LINE
  8
0
 10
182.419
 20
25.5975
 11
182.56
 21
25.6421
  0
LINE
  8
0
 10
182.56
 20
25.6421
 11
182.705
 21
25.6742
  0
LINE
  8
0
 10
182.705
 20
25.6742
 11
182.852
 21
25.6935
  0
LINE
  8
0
 10
182.852
 20
25.6935
 11
183
 21
25.7
  0
LINE
  8
0
 10
183
 20
25.7
 11
183.148
 21
25.6935
  0
LINE
  8
0
 10
183.148
 20
25.6935
 11
183.295
 21
25.6742
  0
LINE
  8
0
 10
183.295
 20
25.6742
 11
183.44
 21
25.6421
  0
LINE
  8
0
 10
183.44
 20
25.6421
 11
183.581
 21
25.5975
  0
LINE
  8
0
 10
183.581
 20
25.5975
 11
183.718
 21
25.5407
  0
LINE
  8
0
 10
183.718
 20
25.5407
 11
183.85
 21
25.4722
  0
LINE
  8
0
 10
183.85
 20
25.4722
 11
183.975
 21
25.3926
  0
LINE
  8
0
 10
183.975
 20
25.3926
 11
184.093
 21
25.3023
  0
LINE
  8
0
 10
184.093
 20
25.3023
 11
184.202
 21
25.2021
  0
LINE
  8
0
 10
184.202
 20
25.2021
 11
184.302
 21
25.0927
  0
LINE
  8
0
 10
184.302
 20
25.0927
 11
184.393
 21
24.9751
  0
LINE
  8
0
 10
184.393
 20
24.9751
 11
184.472
 21
24.85
  0
LINE
  8
0
 10
184.472
 20
24.85
 11
184.541
 21
24.7185
  0
LINE
  8
0
 10
184.541
 20
24.7185
 11
184.597
 21
24.5814
  0
LINE
  8
0
 10
184.597
 20
24.5814
 11
184.642
 21
24.44
  0
LINE
  8
0
 10
184.642
 20
24.44
 11
184.674
 21
24.2952
  0
LINE
  8
0
 10
184.674
 20
24.2952
 11
184.694
 21
24.1482
  0
LINE
  8
0
 10
184.694
 20
24.1482
 11
184.7
 21
24
  0
LINE
  8
0
 10
184.7
 20
24
 11
184.694
 21
23.8518
  0
LINE
  8
0
 10
184.694
 20
23.8518
 11
184.674
 21
23.7048
  0
LINE
  8
0
 10
184.674
 20
23.7048
 11
184.642
 21
23.56
  0
LINE
  8
0
 10
184.642
 20
23.56
 11
184.597
 21
23.4186
  0
LINE
  8
0
 10
184.597
 20
23.4186
 11
184.541
 21
23.2816
  0
LINE
  8
0
 10
184.541
 20
23.2816
 11
184.472
 21
23.15
  0
LINE
  8
0
 10
184.472
 20
23.15
 11
184.393
 21
23.0249
  0
LINE
  8
0
 10
184.393
 20
23.0249
 11
184.302
 21
22.9073
  0
LINE
  8
0
 10
184.302
 20
22.9073
 11
184.202
 21
22.7979
  0
LINE
  8
0
 10
184.202
 20
22.7979
 11
184.093
 21
22.6977
  0
LINE
  8
0
 10
184.093
 20
22.6977
 11
183.975
 21
22.6075
  0
LINE
  8
0
 10
183.975
 20
22.6075
 11
183.85
 21
22.5278
  0
LINE
  8
0
 10
183.85
 20
22.5278
 11
183.718
 21
22.4593
  0
LINE
  8
0
 10
183.718
 20
22.4593
 11
183.581
 21
22.4025
  0
LINE
  8
0
 10
183.581
 20
22.4025
 11
183.44
 21
22.3579
  0
LINE
  8
0
 10
183.44
 20
22.3579
 11
183.295
 21
22.3258
  0
LINE
  8
0
 10
183.295
 20
22.3258
 11
183.148
 21
22.3065
  0
LINE
  8
0
 10
183.148
 20
22.3065
 11
183
 21
22.3
  0
LINE
  8
0
 10
183
 20
22.3
 11
182.852
 21
22.3065
  0
LINE
  8
0
 10
210.852
 20
22.3065
 11
210.705
 21
22.3258
  0
LINE
  8
0
 10
210.705
 20
22.3258
 11
210.56
 21
22.3579
  0
LINE
  8
0
 10
210.56
 20
22.3579
 11
210.419
 21
22.4025
  0
LINE
  8
0
 10
210.419
 20
22.4025
 11
210.282
 21
22.4593
  0
LINE
  8
0
 10
210.282
 20
22.4593
 11
210.15
 21
22.5278
  0
LINE
  8
0
 10
210.15
 20
22.5278
 11
210.025
 21
22.6075
  0
LINE
  8
0
 10
210.025
 20
22.6075
 11
209.907
 21
22.6977
  0
LINE
  8
0
 10
209.907
 20
22.6977
 11
209.798
 21
22.7979
  0
LINE
  8
0
 10
209.798
 20
22.7979
 11
209.698
 21
22.9073
  0
LINE
  8
0
 10
209.698
 20
22.9073
 11
209.607
 21
23.0249
  0
LINE
  8
0
 10
209.607
 20
23.0249
 11
209.528
 21
23.15
  0
LINE
  8
0
 10
209.528
 20
23.15
 11
209.459
 21
23.2816
  0
LINE
  8
0
 10
209.459
 20
23.2816
 11
209.403
 21
23.4186
  0
LINE
  8
0
 10
209.403
 20
23.4186
 11
209.358
 21
23.56
  0
LINE
  8
0
 10
209.358
 20
23.56
 11
209.326
 21
23.7048
  0
LINE
  8
0
 10
209.326
 20
23.7048
 11
209.306
 21
23.8518
  0
LINE
  8
0
 10
209.306
 20
23.8518
 11
209.3
 21
24
  0
LINE
  8
0
 10
209.3
 20
24
 11
209.306
 21
24.1482
  0
LINE
  8
0
 10
209.306
 20
24.1482
 11
209.326
 21
24.2952
  0
LINE
  8
0
 10
209.326
 20
24.2952
 11
209.358
 21
24.44
  0
LINE
  8
0
 10
209.358
 20
24.44
 11
209.403
 21
24.5814
  0
LINE
  8
0
 10
209.403
 20
24.5814
 11
209.459
 21
24.7185
  0
LINE
  8
0
 10
209.459
 20
24.7185
 11
209.528
 21
24.85
  0
LINE
  8
0
 10
209.528
 20
24.85
 11
209.607
 21
24.9751
  0
LINE
  8
0
 10
209.607
 20
24.9751
 11
209.698
 21
25.0927
  0
LINE
  8
0
 10
209.698
 20
25.0927
 11
209.798
 21
25.2021
  0
LINE
  8
0
 10
209.798
 20
25.2021
 11
209.907
 21
25.3023
  0
LINE
  8
0
 10
209.907
 20
25.3023
 11
210.025
 21
25.3926
  0
LINE
  8
0
 10
210.025
 20
25.3926
 11
210.15
 21
25.4722
  0
LINE
  8
0
 10
210.15
 20
25.4722
 11
210.282
 21
25.5407
  0
LINE
  8
0
 10
210.282
 20
25.5407
 11
210.419
 21
25.5975
  0
LINE
  8
0
 10
210.419
 20
25.5975
 11
210.56
 21
25.6421
  0
LINE
  8
0
 10
210.56
 20
25.6421
 11
210.705
 21
25.6742
  0
LINE
  8
0
 10
210.705
 20
25.6742
 11
210.852
 21
25.6935
  0
LINE
  8
0
 10
210.852
 20
25.6935
 11
211
 21
25.7
  0
LINE
  8
0
 10
211
 20
25.7
 11
211.148
 21
25.6935
  0
LINE
  8
0
 10
211.148
 20
25.6935
 11
211.295
 21
25.6742
  0
LINE
  8
0
 10
211.295
 20
25.6742
 11
211.44
 21
25.6421
  0
LINE
  8
0
 10
211.44
 20
25.6421
 11
211.581
 21
25.5975
  0
LINE
  8
0
 10
211.581
 20
25.5975
 11
211.718
 21
25.5407
  0
LINE
  8
0
 10
211.718
 20
25.5407
 11
211.85
 21
25.4722
  0
LINE
  8
0
 10
211.85
 20
25.4722
 11
211.975
 21
25.3926
  0
LINE
  8
0
 10
211.975
 20
25.3926
 11
212.093
 21
25.3023
  0
LINE
  8
0
 10
212.093
 20
25.3023
 11
212.202
 21
25.2021
  0
LINE
  8
0
 10
212.202
 20
25.2021
 11
212.302
 21
25.0927
  0
LINE
  8
0
 10
212.302
 20
25.0927
 11
212.393
 21
24.9751
  0
LINE
  8
0
 10
212.393
 20
24.9751
 11
212.472
 21
24.85
  0
LINE
  8
0
 10
212.472
 20
24.85
 11
212.541
 21
24.7185
  0
LINE
  8
0
 10
212.541
 20
24.7185
 11
212.597
 21
24.5814
  0
LINE
  8
0
 10
212.597
 20
24.5814
 11
212.642
 21
24.44
  0
LINE
  8
0
 10
212.642
 20
24.44
 11
212.674
 21
24.2952
  0
LINE
  8
0
 10
212.674
 20
24.2952
 11
212.694
 21
24.1482
  0
LINE
  8
0
 10
212.694
 20
24.1482
 11
212.7
 21
24
  0
LINE
  8
0
 10
212.7
 20
24
 11
212.694
 21
23.8518
  0
LINE
  8
0
 10
212.694
 20
23.8518
 11
212.674
 21
23.7048
  0
LINE
  8
0
 10
212.674
 20
23.7048
 11
212.642
 21
23.56
  0
LINE
  8
0
 10
212.642
 20
23.56
 11
212.597
 21
23.4186
  0
LINE
  8
0
 10
212.597
 20
23.4186
 11
212.541
 21
23.2816
  0
LINE
  8
0
 10
212.541
 20
23.2816
 11
212.472
 21
23.15
  0
LINE
  8
0
 10
212.472
 20
23.15
 11
212.393
 21
23.0249
  0
LINE
  8
0
 10
212.393
 20
23.0249
 11
212.302
 21
22.9073
  0
LINE
  8
0
 10
212.302
 20
22.9073
 11
212.202
 21
22.7979
  0
LINE
  8
0
 10
212.202
 20
22.7979
 11
212.093
 21
22.6977
  0
LINE
  8
0
 10
212.093
 20
22.6977
 11
211.975
 21
22.6075
  0
LINE
  8
0
 10
211.975
 20
22.6075
 11
211.85
 21
22.5278
  0
LINE
  8
0
 10
211.85
 20
22.5278
 11
211.718
 21
22.4593
  0
LINE
  8
0
 10
211.718
 20
22.4593
 11
211.581
 21
22.4025
  0
LINE
  8
0
 10
211.581
 20
22.4025
 11
211.44
 21
22.3579
  0
LINE
  8
0
 10
211.44
 20
22.3579
 11
211.295
 21
22.3258
  0
LINE
  8
0
 10
211.295
 20
22.3258
 11
211.148
 21
22.3065
  0
LINE
  8
0
 10
211.148
 20
22.3065
 11
211
 21
22.3
  0
LINE
  8
0
 10
211
 20
22.3
 11
210.852
 21
22.3065
  0
LINE
  8
0
 10
279.852
 20
22.3065
 11
279.705
 21
22.3258
  0
LINE
  8
0
 10
279.705
 20
22.3258
 11
279.56
 21
22.3579
  0
LINE
  8
0
 10
279.56
 20
22.3579
 11
279.419
 21
22.4025
  0
LINE
  8
0
 10
279.419
 20
22.4025
 11
279.282
 21
22.4593
  0
LINE
  8
0
 10
279.282
 20
22.4593
 11
279.15
 21
22.5278
  0
LINE
  8
0
 10
279.15
 20
22.5278
 11
279.025
 21
22.6075
  0
LINE
  8
0
 10
279.025
 20
22.6075
 11
278.907
 21
22.6977
  0
LINE
  8
0
 10
278.907
 20
22.6977
 11
278.798
 21
22.7979
  0
LINE
  8
0
 10
278.798
 20
22.7979
 11
278.698
 21
22.9073
  0
LINE
  8
0
 10
278.698
 20
22.9073
 11
278.607
 21
23.0249
  0
LINE
  8
0
 10
278.607
 20
23.0249
 11
278.528
 21
23.15
  0
LINE
  8
0
 10
278.528
 20
23.15
 11
278.459
 21
23.2816
  0
LINE
  8
0
 10
278.459
 20
23.2816
 11
278.403
 21
23.4186
  0
LINE
  8
0
 10
278.403
 20
23.4186
 11
278.358
 21
23.56
  0
LINE
  8
0
 10
278.358
 20
23.56
 11
278.326
 21
23.7048
  0
LINE
  8
0
 10
278.326
 20
23.7048
 11
278.306
 21
23.8518
  0
LINE
  8
0
 10
278.306
 20
23.8518
 11
278.3
 21
24
  0
LINE
  8
0
 10
278.3
 20
24
 11
278.306
 21
24.1482
  0
LINE
  8
0
 10
278.306
 20
24.1482
 11
278.326
 21
24.2952
  0
LINE
  8
0
 10
278.326
 20
24.2952
 11
278.358
 21
24.44
  0
LINE
  8
0
 10
278.358
 20
24.44
 11
278.403
 21
24.5814
  0
LINE
  8
0
 10
278.403
 20
24.5814
 11
278.459
 21
24.7185
  0
LINE
  8
0
 10
278.459
 20
24.7185
 11
278.528
 21
24.85
  0
LINE
  8
0
 10
278.528
 20
24.85
 11
278.607
 21
24.9751
  0
LINE
  8
0
 10
278.607
 20
24.9751
 11
278.698
 21
25.0927
  0
LINE
  8
0
 10
278.698
 20
25.0927
 11
278.798
 21
25.2021
  0
LINE
  8
0
 10
278.798
 20
25.2021
 11
278.907
 21
25.3023
  0
LINE
  8
0
 10
278.907
 20
25.3023
 11
279.025
 21
25.3926
  0
LINE
  8
0
 10
279.025
 20
25.3926
 11
279.15
 21
25.4722
  0
LINE
  8
0
 10
279.15
 20
25.4722
 11
279.282
 21
25.5407
  0
LINE
  8
0
 10
279.282
 20
25.5407
 11
279.419
 21
25.5975
  0
LINE
  8
0
 10
279.419
 20
25.5975
 11
279.56
 21
25.6421
  0
LINE
  8
0
 10
279.56
 20
25.6421
 11
279.705
 21
25.6742
  0
LINE
  8
0
 10
279.705
 20
25.6742
 11
279.852
 21
25.6935
  0
LINE
  8
0
 10
279.852
 20
25.6935
 11
280
 21
25.7
  0
LINE
  8
0
 10
280
 20
25.7
 11
280.148
 21
25.6935
  0
LINE
  8
0
 10
280.148
 20
25.6935
 11
280.295
 21
25.6742
  0
LINE
  8
0
 10
280.295
 20
25.6742
 11
280.44
 21
25.6421
  0
LINE
  8
0
 10
280.44
 20
25.6421
 11
280.581
 21
25.5975
  0
LINE
  8
0
 10
280.581
 20
25.5975
 11
280.718
 21
25.5407
  0
LINE
  8
0
 10
280.718
 20
25.5407
 11
280.85
 21
25.4722
  0
LINE
  8
0
 10
280.85
 20
25.4722
 11
280.975
 21
25.3926
  0
LINE
  8
0
 10
280.975
 20
25.3926
 11
281.093
 21
25.3023
  0
LINE
  8
0
 10
281.093
 20
25.3023
 11
281.202
 21
25.2021
  0
LINE
  8
0
 10
281.202
 20
25.2021
 11
281.302
 21
25.0927
  0
LINE
  8
0
 10
281.302
 20
25.0927
 11
281.393
 21
24.9751
  0
LINE
  8
0
 10
281.393
 20
24.9751
 11
281.472
 21
24.85
  0
LINE
  8
0
 10
281.472
 20
24.85
 11
281.541
 21
24.7185
  0
LINE
  8
0
 10
281.541
 20
24.7185
 11
281.597
 21
24.5814
  0
LINE
  8
0
 10
281.597
 20
24.5814
 11
281.642
 21
24.44
  0
LINE
  8
0
 10
281.642
 20
24.44
 11
281.674
 21
24.2952
  0
LINE
  8
0
 10
281.674
 20
24.2952
 11
281.694
 21
24.1482
  0
LINE
  8
0
 10
281.694
 20
24.1482
 11
281.7
 21
24
  0
LINE
  8
0
 10
281.7
 20
24
 11
281.694
 21
23.8518
  0
LINE
  8
0
 10
281.694
 20
23.8518
 11
281.674
 21
23.7048
  0
LINE
  8
0
 10
281.674
 20
23.7048
 11
281.642
 21
23.56
  0
LINE
  8
0
 10
281.642
 20
23.56
 11
281.597
 21
23.4186
  0
LINE
  8
0
 10
281.597
 20
23.4186
 11
281.541
 21
23.2816
  0
LINE
  8
0
 10
281.541
 20
23.2816
 11
281.472
 21
23.15
  0
LINE
  8
0
 10
281.472
 20
23.15
 11
281.393
 21
23.0249
  0
LINE
  8
0
 10
281.393
 20
23.0249
 11
281.302
 21
22.9073
  0
LINE
  8
0
 10
281.302
 20
22.9073
 11
281.202
 21
22.7979
  0
LINE
  8
0
 10
281.202
 20
22.7979
 11
281.093
 21
22.6977
  0
LINE
  8
0
 10
281.093
 20
22.6977
 11
280.975
 21
22.6075
  0
LINE
  8
0
 10
280.975
 20
22.6075
 11
280.85
 21
22.5278
  0
LINE
  8
0
 10
280.85
 20
22.5278
 11
280.718
 21
22.4593
  0
LINE
  8
0
 10
280.718
 20
22.4593
 11
280.581
 21
22.4025
  0
LINE
  8
0
 10
280.581
 20
22.4025
 11
280.44
 21
22.3579
  0
LINE
  8
0
 10
280.44
 20
22.3579
 11
280.295
 21
22.3258
  0
LINE
  8
0
 10
280.295
 20
22.3258
 11
280.148
 21
22.3065
  0
LINE
  8
0
 10
280.148
 20
22.3065
 11
280
 21
22.3
  0
LINE
  8
0
 10
280
 20
22.3
 11
279.852
 21
22.3065
  0
LINE
  8
0
 10
251.852
 20
22.3065
 11
251.705
 21
22.3258
  0
LINE
  8
0
 10
251.705
 20
22.3258
 11
251.56
 21
22.3579
  0
LINE
  8
0
 10
251.56
 20
22.3579
 11
251.419
 21
22.4025
  0
LINE
  8
0
 10
251.419
 20
22.4025
 11
251.282
 21
22.4593
  0
LINE
  8
0
 10
251.282
 20
22.4593
 11
251.15
 21
22.5278
  0
LINE
  8
0
 10
251.15
 20
22.5278
 11
251.025
 21
22.6075
  0
LINE
  8
0
 10
251.025
 20
22.6075
 11
250.907
 21
22.6977
  0
LINE
  8
0
 10
250.907
 20
22.6977
 11
250.798
 21
22.7979
  0
LINE
  8
0
 10
250.798
 20
22.7979
 11
250.698
 21
22.9073
  0
LINE
  8
0
 10
250.698
 20
22.9073
 11
250.607
 21
23.0249
  0
LINE
  8
0
 10
250.607
 20
23.0249
 11
250.528
 21
23.15
  0
LINE
  8
0
 10
250.528
 20
23.15
 11
250.459
 21
23.2816
  0
LINE
  8
0
 10
250.459
 20
23.2816
 11
250.403
 21
23.4186
  0
LINE
  8
0
 10
250.403
 20
23.4186
 11
250.358
 21
23.56
  0
LINE
  8
0
 10
250.358
 20
23.56
 11
250.326
 21
23.7048
  0
LINE
  8
0
 10
250.326
 20
23.7048
 11
250.306
 21
23.8518
  0
LINE
  8
0
 10
250.306
 20
23.8518
 11
250.3
 21
24
  0
LINE
  8
0
 10
250.3
 20
24
 11
250.306
 21
24.1482
  0
LINE
  8
0
 10
250.306
 20
24.1482
 11
250.326
 21
24.2952
  0
LINE
  8
0
 10
250.326
 20
24.2952
 11
250.358
 21
24.44
  0
LINE
  8
0
 10
250.358
 20
24.44
 11
250.403
 21
24.5814
  0
LINE
  8
0
 10
250.403
 20
24.5814
 11
250.459
 21
24.7185
  0
LINE
  8
0
 10
250.459
 20
24.7185
 11
250.528
 21
24.85
  0
LINE
  8
0
 10
250.528
 20
24.85
 11
250.607
 21
24.9751
  0
LINE
  8
0
 10
250.607
 20
24.9751
 11
250.698
 21
25.0927
  0
LINE
  8
0
 10
250.698
 20
25.0927
 11
250.798
 21
25.2021
  0
LINE
  8
0
 10
250.798
 20
25.2021
 11
250.907
 21
25.3023
  0
LINE
  8
0
 10
250.907
 20
25.3023
 11
251.025
 21
25.3926
  0
LINE
  8
0
 10
251.025
 20
25.3926
 11
251.15
 21
25.4722
  0
LINE
  8
0
 10
251.15
 20
25.4722
 11
251.282
 21
25.5407
  0
LINE
  8
0
 10
251.282
 20
25.5407
 11
251.419
 21
25.5975
  0
LINE
  8
0
 10
251.419
 20
25.5975
 11
251.56
 21
25.6421
  0
LINE
  8
0
 10
251.56
 20
25.6421
 11
251.705
 21
25.6742
  0
LINE
  8
0
 10
251.705
 20
25.6742
 11
251.852
 21
25.6935
  0
LINE
  8
0
 10
251.852
 20
25.6935
 11
252
 21
25.7
  0
LINE
  8
0
 10
252
 20
25.7
 11
252.148
 21
25.6935
  0
LINE
  8
0
 10
252.148
 20
25.6935
 11
252.295
 21
25.6742
  0
LINE
  8
0
 10
252.295
 20
25.6742
 11
252.44
 21
25.6421
  0
LINE
  8
0
 10
252.44
 20
25.6421
 11
252.581
 21
25.5975
  0
LINE
  8
0
 10
252.581
 20
25.5975
 11
252.718
 21
25.5407
  0
LINE
  8
0
 10
252.718
 20
25.5407
 11
252.85
 21
25.4722
  0
LINE
  8
0
 10
252.85
 20
25.4722
 11
252.975
 21
25.3926
  0
LINE
  8
0
 10
252.975
 20
25.3926
 11
253.093
 21
25.3023
  0
LINE
  8
0
 10
253.093
 20
25.3023
 11
253.202
 21
25.2021
  0
LINE
  8
0
 10
253.202
 20
25.2021
 11
253.302
 21
25.0927
  0
LINE
  8
0
 10
253.302
 20
25.0927
 11
253.393
 21
24.9751
  0
LINE
  8
0
 10
253.393
 20
24.9751
 11
253.472
 21
24.85
  0
LINE
  8
0
 10
253.472
 20
24.85
 11
253.541
 21
24.7185
  0
LINE
  8
0
 10
253.541
 20
24.7185
 11
253.597
 21
24.5814
  0
LINE
  8
0
 10
253.597
 20
24.5814
 11
253.642
 21
24.44
  0
LINE
  8
0
 10
253.642
 20
24.44
 11
253.674
 21
24.2952
  0
LINE
  8
0
 10
253.674
 20
24.2952
 11
253.694
 21
24.1482
  0
LINE
  8
0
 10
253.694
 20
24.1482
 11
253.7
 21
24
  0
LINE
  8
0
 10
253.7
 20
24
 11
253.694
 21
23.8518
  0
LINE
  8
0
 10
253.694
 20
23.8518
 11
253.674
 21
23.7048
  0
LINE
  8
0
 10
253.674
 20
23.7048
 11
253.642
 21
23.56
  0
LINE
  8
0
 10
253.642
 20
23.56
 11
253.597
 21
23.4186
  0
LINE
  8
0
 10
253.597
 20
23.4186
 11
253.541
 21
23.2816
  0
LINE
  8
0
 10
253.541
 20
23.2816
 11
253.472
 21
23.15
  0
LINE
  8
0
 10
253.472
 20
23.15
 11
253.393
 21
23.0249
  0
LINE
  8
0
 10
253.393
 20
23.0249
 11
253.302
 21
22.9073
  0
LINE
  8
0
 10
253.302
 20
22.9073
 11
253.202
 21
22.7979
  0
LINE
  8
0
 10
253.202
 20
22.7979
 11
253.093
 21
22.6977
  0
LINE
  8
0
 10
253.093
 20
22.6977
 11
252.975
 21
22.6075
  0
LINE
  8
0
 10
252.975
 20
22.6075
 11
252.85
 21
22.5278
  0
LINE
  8
0
 10
252.85
 20
22.5278
 11
252.718
 21
22.4593
  0
LINE
  8
0
 10
252.718
 20
22.4593
 11
252.581
 21
22.4025
  0
LINE
  8
0
 10
252.581
 20
22.4025
 11
252.44
 21
22.3579
  0
LINE
  8
0
 10
252.44
 20
22.3579
 11
252.295
 21
22.3258
  0
LINE
  8
0
 10
252.295
 20
22.3258
 11
252.148
 21
22.3065
  0
LINE
  8
0
 10
252.148
 20
22.3065
 11
252
 21
22.3
  0
LINE
  8
0
 10
252
 20
22.3
 11
251.852
 21
22.3065
  0
LINE
  8
0
 10
360.852
 20
12.3065
 11
360.705
 21
12.3258
  0
LINE
  8
0
 10
360.705
 20
12.3258
 11
360.56
 21
12.3579
  0
LINE
  8
0
 10
360.56
 20
12.3579
 11
360.419
 21
12.4025
  0
LINE
  8
0
 10
360.419
 20
12.4025
 11
360.282
 21
12.4593
  0
LINE
  8
0
 10
360.282
 20
12.4593
 11
360.15
 21
12.5278
  0
LINE
  8
0
 10
360.15
 20
12.5278
 11
360.025
 21
12.6075
  0
LINE
  8
0
 10
360.025
 20
12.6075
 11
359.907
 21
12.6977
  0
LINE
  8
0
 10
359.907
 20
12.6977
 11
359.798
 21
12.7979
  0
LINE
  8
0
 10
359.798
 20
12.7979
 11
359.698
 21
12.9073
  0
LINE
  8
0
 10
359.698
 20
12.9073
 11
359.607
 21
13.0249
  0
LINE
  8
0
 10
359.607
 20
13.0249
 11
359.528
 21
13.15
  0
LINE
  8
0
 10
359.528
 20
13.15
 11
359.459
 21
13.2816
  0
LINE
  8
0
 10
359.459
 20
13.2816
 11
359.403
 21
13.4186
  0
LINE
  8
0
 10
359.403
 20
13.4186
 11
359.358
 21
13.56
  0
LINE
  8
0
 10
359.358
 20
13.56
 11
359.326
 21
13.7048
  0
LINE
  8
0
 10
359.326
 20
13.7048
 11
359.306
 21
13.8518
  0
LINE
  8
0
 10
359.306
 20
13.8518
 11
359.3
 21
14
  0
LINE
  8
0
 10
359.3
 20
14
 11
359.306
 21
14.1482
  0
LINE
  8
0
 10
359.306
 20
14.1482
 11
359.326
 21
14.2952
  0
LINE
  8
0
 10
359.326
 20
14.2952
 11
359.358
 21
14.44
  0
LINE
  8
0
 10
359.358
 20
14.44
 11
359.403
 21
14.5814
  0
LINE
  8
0
 10
359.403
 20
14.5814
 11
359.459
 21
14.7185
  0
LINE
  8
0
 10
359.459
 20
14.7185
 11
359.528
 21
14.85
  0
LINE
  8
0
 10
359.528
 20
14.85
 11
359.607
 21
14.9751
  0
LINE
  8
0
 10
359.607
 20
14.9751
 11
359.698
 21
15.0927
  0
LINE
  8
0
 10
359.698
 20
15.0927
 11
359.798
 21
15.2021
  0
LINE
  8
0
 10
359.798
 20
15.2021
 11
359.907
 21
15.3023
  0
LINE
  8
0
 10
359.907
 20
15.3023
 11
360.025
 21
15.3926
  0
LINE
  8
0
 10
360.025
 20
15.3926
 11
360.15
 21
15.4722
  0
LINE
  8
0
 10
360.15
 20
15.4722
 11
360.282
 21
15.5407
  0
LINE
  8
0
 10
360.282
 20
15.5407
 11
360.419
 21
15.5975
  0
LINE
  8
0
 10
360.419
 20
15.5975
 11
360.56
 21
15.6421
  0
LINE
  8
0
 10
360.56
 20
15.6421
 11
360.705
 21
15.6742
  0
LINE
  8
0
 10
360.705
 20
15.6742
 11
360.852
 21
15.6935
  0
LINE
  8
0
 10
360.852
 20
15.6935
 11
361
 21
15.7
  0
LINE
  8
0
 10
361
 20
15.7
 11
361.148
 21
15.6935
  0
LINE
  8
0
 10
361.148
 20
15.6935
 11
361.295
 21
15.6742
  0
LINE
  8
0
 10
361.295
 20
15.6742
 11
361.44
 21
15.6421
  0
LINE
  8
0
 10
361.44
 20
15.6421
 11
361.581
 21
15.5975
  0
LINE
  8
0
 10
361.581
 20
15.5975
 11
361.718
 21
15.5407
  0
LINE
  8
0
 10
361.718
 20
15.5407
 11
361.85
 21
15.4722
  0
LINE
  8
0
 10
361.85
 20
15.4722
 11
361.975
 21
15.3926
  0
LINE
  8
0
 10
361.975
 20
15.3926
 11
362.093
 21
15.3023
  0
LINE
  8
0
 10
362.093
 20
15.3023
 11
362.202
 21
15.2021
  0
LINE
  8
0
 10
362.202
 20
15.2021
 11
362.302
 21
15.0927
  0
LINE
  8
0
 10
362.302
 20
15.0927
 11
362.393
 21
14.9751
  0
LINE
  8
0
 10
362.393
 20
14.9751
 11
362.472
 21
14.85
  0
LINE
  8
0
 10
362.472
 20
14.85
 11
362.541
 21
14.7185
  0
LINE
  8
0
 10
362.541
 20
14.7185
 11
362.597
 21
14.5814
  0
LINE
  8
0
 10
362.597
 20
14.5814
 11
362.642
 21
14.44
  0
LINE
  8
0
 10
362.642
 20
14.44
 11
362.674
 21
14.2952
  0
LINE
  8
0
 10
362.674
 20
14.2952
 11
362.694
 21
14.1482
  0
LINE
  8
0
 10
362.694
 20
14.1482
 11
362.7
 21
14
  0
LINE
  8
0
 10
362.7
 20
14
 11
362.694
 21
13.8518
  0
LINE
  8
0
 10
362.694
 20
13.8518
 11
362.674
 21
13.7048
  0
LINE
  8
0
 10
362.674
 20
13.7048
 11
362.642
 21
13.56
  0
LINE
  8
0
 10
362.642
 20
13.56
 11
362.597
 21
13.4186
  0
LINE
  8
0
 10
362.597
 20
13.4186
 11
362.541
 21
13.2816
  0
LINE
  8
0
 10
362.541
 20
13.2816
 11
362.472
 21
13.15
  0
LINE
  8
0
 10
362.472
 20
13.15
 11
362.393
 21
13.0249
  0
LINE
  8
0
 10
362.393
 20
13.0249
 11
362.302
 21
12.9073
  0
LINE
  8
0
 10
362.302
 20
12.9073
 11
362.202
 21
12.7979
  0
LINE
  8
0
 10
362.202
 20
12.7979
 11
362.093
 21
12.6977
  0
LINE
  8
0
 10
362.093
 20
12.6977
 11
361.975
 21
12.6075
  0
LINE
  8
0
 10
361.975
 20
12.6075
 11
361.85
 21
12.5278
  0
LINE
  8
0
 10
361.85
 20
12.5278
 11
361.718
 21
12.4593
  0
LINE
  8
0
 10
361.718
 20
12.4593
 11
361.581
 21
12.4025
  0
LINE
  8
0
 10
361.581
 20
12.4025
 11
361.44
 21
12.3579
  0
LINE
  8
0
 10
361.44
 20
12.3579
 11
361.295
 21
12.3258
  0
LINE
  8
0
 10
361.295
 20
12.3258
 11
361.148
 21
12.3065
  0
LINE
  8
0
 10
361.148
 20
12.3065
 11
361
 21
12.3
  0
LINE
  8
0
 10
361
 20
12.3
 11
360.852
 21
12.3065
  0
LINE
  8
0
 10
398.852
 20
12.3065
 11
398.705
 21
12.3258
  0
LINE
  8
0
 10
398.705
 20
12.3258
 11
398.56
 21
12.3579
  0
LINE
  8
0
 10
398.56
 20
12.3579
 11
398.419
 21
12.4025
  0
LINE
  8
0
 10
398.419
 20
12.4025
 11
398.282
 21
12.4593
  0
LINE
  8
0
 10
398.282
 20
12.4593
 11
398.15
 21
12.5278
  0
LINE
  8
0
 10
398.15
 20
12.5278
 11
398.025
 21
12.6075
  0
LINE
  8
0
 10
398.025
 20
12.6075
 11
397.907
 21
12.6977
  0
LINE
  8
0
 10
397.907
 20
12.6977
 11
397.798
 21
12.7979
  0
LINE
  8
0
 10
397.798
 20
12.7979
 11
397.698
 21
12.9073
  0
LINE
  8
0
 10
397.698
 20
12.9073
 11
397.607
 21
13.0249
  0
LINE
  8
0
 10
397.607
 20
13.0249
 11
397.528
 21
13.15
  0
LINE
  8
0
 10
397.528
 20
13.15
 11
397.459
 21
13.2816
  0
LINE
  8
0
 10
397.459
 20
13.2816
 11
397.403
 21
13.4186
  0
LINE
  8
0
 10
397.403
 20
13.4186
 11
397.358
 21
13.56
  0
LINE
  8
0
 10
397.358
 20
13.56
 11
397.326
 21
13.7048
  0
LINE
  8
0
 10
397.326
 20
13.7048
 11
397.306
 21
13.8518
  0
LINE
  8
0
 10
397.306
 20
13.8518
 11
397.3
 21
14
  0
LINE
  8
0
 10
397.3
 20
14
 11
397.306
 21
14.1482
  0
LINE
  8
0
 10
397.306
 20
14.1482
 11
397.326
 21
14.2952
  0
LINE
  8
0
 10
397.326
 20
14.2952
 11
397.358
 21
14.44
  0
LINE
  8
0
 10
397.358
 20
14.44
 11
397.403
 21
14.5814
  0
LINE
  8
0
 10
397.403
 20
14.5814
 11
397.459
 21
14.7185
  0
LINE
  8
0
 10
397.459
 20
14.7185
 11
397.528
 21
14.85
  0
LINE
  8
0
 10
397.528
 20
14.85
 11
397.607
 21
14.9751
  0
LINE
  8
0
 10
397.607
 20
14.9751
 11
397.698
 21
15.0927
  0
LINE
  8
0
 10
397.698
 20
15.0927
 11
397.798
 21
15.2021
  0
LINE
  8
0
 10
397.798
 20
15.2021
 11
397.907
 21
15.3023
  0
LINE
  8
0
 10
397.907
 20
15.3023
 11
398.025
 21
15.3926
  0
LINE
  8
0
 10
398.025
 20
15.3926
 11
398.15
 21
15.4722
  0
LINE
  8
0
 10
398.15
 20
15.4722
 11
398.282
 21
15.5407
  0
LINE
  8
0
 10
398.282
 20
15.5407
 11
398.419
 21
15.5975
  0
LINE
  8
0
 10
398.419
 20
15.5975
 11
398.56
 21
15.6421
  0
LINE
  8
0
 10
398.56
 20
15.6421
 11
398.705
 21
15.6742
  0
LINE
  8
0
 10
398.705
 20
15.6742
 11
398.852
 21
15.6935
  0
LINE
  8
0
 10
398.852
 20
15.6935
 11
399
 21
15.7
  0
LINE
  8
0
 10
399
 20
15.7
 11
399.148
 21
15.6935
  0
LINE
  8
0
 10
399.148
 20
15.6935
 11
399.295
 21
15.6742
  0
LINE
  8
0
 10
399.295
 20
15.6742
 11
399.44
 21
15.6421
  0
LINE
  8
0
 10
399.44
 20
15.6421
 11
399.581
 21
15.5975
  0
LINE
  8
0
 10
399.581
 20
15.5975
 11
399.718
 21
15.5407
  0
LINE
  8
0
 10
399.718
 20
15.5407
 11
399.85
 21
15.4722
  0
LINE
  8
0
 10
399.85
 20
15.4722
 11
399.975
 21
15.3926
  0
LINE
  8
0
 10
399.975
 20
15.3926
 11
400.093
 21
15.3023
  0
LINE
  8
0
 10
400.093
 20
15.3023
 11
400.202
 21
15.2021
  0
LINE
  8
0
 10
400.202
 20
15.2021
 11
400.302
 21
15.0927
  0
LINE
  8
0
 10
400.302
 20
15.0927
 11
400.393
 21
14.9751
  0
LINE
  8
0
 10
400.393
 20
14.9751
 11
400.472
 21
14.85
  0
LINE
  8
0
 10
400.472
 20
14.85
 11
400.541
 21
14.7185
  0
LINE
  8
0
 10
400.541
 20
14.7185
 11
400.597
 21
14.5814
  0
LINE
  8
0
 10
400.597
 20
14.5814
 11
400.642
 21
14.44
  0
LINE
  8
0
 10
400.642
 20
14.44
 11
400.674
 21
14.2952
  0
LINE
  8
0
 10
400.674
 20
14.2952
 11
400.694
 21
14.1482
  0
LINE
  8
0
 10
400.694
 20
14.1482
 11
400.7
 21
14
  0
LINE
  8
0
 10
400.7
 20
14
 11
400.694
 21
13.8518
  0
LINE
  8
0
 10
400.694
 20
13.8518
 11
400.674
 21
13.7048
  0
LINE
  8
0
 10
400.674
 20
13.7048
 11
400.642
 21
13.56
  0
LINE
  8
0
 10
400.642
 20
13.56
 11
400.597
 21
13.4186
  0
LINE
  8
0
 10
400.597
 20
13.4186
 11
400.541
 21
13.2816
  0
LINE
  8
0
 10
400.541
 20
13.2816
 11
400.472
 21
13.15
  0
LINE
  8
0
 10
400.472
 20
13.15
 11
400.393
 21
13.0249
  0
LINE
  8
0
 10
400.393
 20
13.0249
 11
400.302
 21
12.9073
  0
LINE
  8
0
 10
400.302
 20
12.9073
 11
400.202
 21
12.7979
  0
LINE
  8
0
 10
400.202
 20
12.7979
 11
400.093
 21
12.6977
  0
LINE
  8
0
 10
400.093
 20
12.6977
 11
399.975
 21
12.6075
  0
LINE
  8
0
 10
399.975
 20
12.6075
 11
399.85
 21
12.5278
  0
LINE
  8
0
 10
399.85
 20
12.5278
 11
399.718
 21
12.4593
  0
LINE
  8
0
 10
399.718
 20
12.4593
 11
399.581
 21
12.4025
  0
LINE
  8
0
 10
399.581
 20
12.4025
 11
399.44
 21
12.3579
  0
LINE
  8
0
 10
399.44
 20
12.3579
 11
399.295
 21
12.3258
  0
LINE
  8
0
 10
399.295
 20
12.3258
 11
399.148
 21
12.3065
  0
LINE
  8
0
 10
399.148
 20
12.3065
 11
399
 21
12.3
  0
LINE
  8
0
 10
399
 20
12.3
 11
398.852
 21
12.3065
  0
LINE
  8
0
 10
-131.148
 20
9.30647
 11
-131.295
 21
9.32584
  0
LINE
  8
0
 10
-131.295
 20
9.32584
 11
-131.44
 21
9.35794
  0
LINE
  8
0
 10
-131.44
 20
9.35794
 11
-131.581
 21
9.40253
  0
LINE
  8
0
 10
-131.581
 20
9.40253
 11
-131.718
 21
9.45929
  0
LINE
  8
0
 10
-131.718
 20
9.45929
 11
-131.85
 21
9.52777
  0
LINE
  8
0
 10
-131.85
 20
9.52777
 11
-131.975
 21
9.60745
  0
LINE
  8
0
 10
-131.975
 20
9.60745
 11
-132.093
 21
9.69774
  0
LINE
  8
0
 10
-132.093
 20
9.69774
 11
-132.202
 21
9.79793
  0
LINE
  8
0
 10
-132.202
 20
9.79793
 11
-132.302
 21
9.90727
  0
LINE
  8
0
 10
-132.302
 20
9.90727
 11
-132.393
 21
10.0249
  0
LINE
  8
0
 10
-132.393
 20
10.0249
 11
-132.472
 21
10.15
  0
LINE
  8
0
 10
-132.472
 20
10.15
 11
-132.541
 21
10.2816
  0
LINE
  8
0
 10
-132.541
 20
10.2816
 11
-132.597
 21
10.4186
  0
LINE
  8
0
 10
-132.597
 20
10.4186
 11
-132.642
 21
10.56
  0
LINE
  8
0
 10
-132.642
 20
10.56
 11
-132.674
 21
10.7048
  0
LINE
  8
0
 10
-132.674
 20
10.7048
 11
-132.694
 21
10.8518
  0
LINE
  8
0
 10
-132.694
 20
10.8518
 11
-132.7
 21
11
  0
LINE
  8
0
 10
-132.7
 20
11
 11
-132.694
 21
11.1482
  0
LINE
  8
0
 10
-132.694
 20
11.1482
 11
-132.674
 21
11.2952
  0
LINE
  8
0
 10
-132.674
 20
11.2952
 11
-132.642
 21
11.44
  0
LINE
  8
0
 10
-132.642
 20
11.44
 11
-132.597
 21
11.5814
  0
LINE
  8
0
 10
-132.597
 20
11.5814
 11
-132.541
 21
11.7185
  0
LINE
  8
0
 10
-132.541
 20
11.7185
 11
-132.472
 21
11.85
  0
LINE
  8
0
 10
-132.472
 20
11.85
 11
-132.393
 21
11.9751
  0
LINE
  8
0
 10
-132.393
 20
11.9751
 11
-132.302
 21
12.0927
  0
LINE
  8
0
 10
-132.302
 20
12.0927
 11
-132.202
 21
12.2021
  0
LINE
  8
0
 10
-132.202
 20
12.2021
 11
-132.093
 21
12.3023
  0
LINE
  8
0
 10
-132.093
 20
12.3023
 11
-131.975
 21
12.3926
  0
LINE
  8
0
 10
-131.975
 20
12.3926
 11
-131.85
 21
12.4722
  0
LINE
  8
0
 10
-131.85
 20
12.4722
 11
-131.718
 21
12.5407
  0
LINE
  8
0
 10
-131.718
 20
12.5407
 11
-131.581
 21
12.5975
  0
LINE
  8
0
 10
-131.581
 20
12.5975
 11
-131.44
 21
12.6421
  0
LINE
  8
0
 10
-131.44
 20
12.6421
 11
-131.295
 21
12.6742
  0
LINE
  8
0
 10
-131.295
 20
12.6742
 11
-131.148
 21
12.6935
  0
LINE
  8
0
 10
-131.148
 20
12.6935
 11
-131
 21
12.7
  0
LINE
  8
0
 10
-131
 20
12.7
 11
-130.852
 21
12.6935
  0
LINE
  8
0
 10
-130.852
 20
12.6935
 11
-130.705
 21
12.6742
  0
LINE
  8
0
 10
-130.705
 20
12.6742
 11
-130.56
 21
12.6421
  0
LINE
  8
0
 10
-130.56
 20
12.6421
 11
-130.419
 21
12.5975
  0
LINE
  8
0
 10
-130.419
 20
12.5975
 11
-130.282
 21
12.5407
  0
LINE
  8
0
 10
-130.282
 20
12.5407
 11
-130.15
 21
12.4722
  0
LINE
  8
0
 10
-130.15
 20
12.4722
 11
-130.025
 21
12.3926
  0
LINE
  8
0
 10
-130.025
 20
12.3926
 11
-129.907
 21
12.3023
  0
LINE
  8
0
 10
-129.907
 20
12.3023
 11
-129.798
 21
12.2021
  0
LINE
  8
0
 10
-129.798
 20
12.2021
 11
-129.698
 21
12.0927
  0
LINE
  8
0
 10
-129.698
 20
12.0927
 11
-129.607
 21
11.9751
  0
LINE
  8
0
 10
-129.607
 20
11.9751
 11
-129.528
 21
11.85
  0
LINE
  8
0
 10
-129.528
 20
11.85
 11
-129.459
 21
11.7185
  0
LINE
  8
0
 10
-129.459
 20
11.7185
 11
-129.403
 21
11.5814
  0
LINE
  8
0
 10
-129.403
 20
11.5814
 11
-129.358
 21
11.44
  0
LINE
  8
0
 10
-129.358
 20
11.44
 11
-129.326
 21
11.2952
  0
LINE
  8
0
 10
-129.326
 20
11.2952
 11
-129.306
 21
11.1482
  0
LINE
  8
0
 10
-129.306
 20
11.1482
 11
-129.3
 21
11
  0
LINE
  8
0
 10
-129.3
 20
11
 11
-129.306
 21
10.8518
  0
LINE
  8
0
 10
-129.306
 20
10.8518
 11
-129.326
 21
10.7048
  0
LINE
  8
0
 10
-129.326
 20
10.7048
 11
-129.358
 21
10.56
  0
LINE
  8
0
 10
-129.358
 20
10.56
 11
-129.403
 21
10.4186
  0
LINE
  8
0
 10
-129.403
 20
10.4186
 11
-129.459
 21
10.2816
  0
LINE
  8
0
 10
-129.459
 20
10.2816
 11
-129.528
 21
10.15
  0
LINE
  8
0
 10
-129.528
 20
10.15
 11
-129.607
 21
10.0249
  0
LINE
  8
0
 10
-129.607
 20
10.0249
 11
-129.698
 21
9.90727
  0
LINE
  8
0
 10
-129.698
 20
9.90727
 11
-129.798
 21
9.79793
  0
LINE
  8
0
 10
-129.798
 20
9.79793
 11
-129.907
 21
9.69774
  0
LINE
  8
0
 10
-129.907
 20
9.69774
 11
-130.025
 21
9.60745
  0
LINE
  8
0
 10
-130.025
 20
9.60745
 11
-130.15
 21
9.52777
  0
LINE
  8
0
 10
-130.15
 20
9.52777
 11
-130.282
 21
9.45929
  0
LINE
  8
0
 10
-130.282
 20
9.45929
 11
-130.419
 21
9.40253
  0
LINE
  8
0
 10
-130.419
 20
9.40253
 11
-130.56
 21
9.35794
  0
LINE
  8
0
 10
-130.56
 20
9.35794
 11
-130.705
 21
9.32584
  0
LINE
  8
0
 10
-130.705
 20
9.32584
 11
-130.852
 21
9.30647
  0
LINE
  8
0
 10
-130.852
 20
9.30647
 11
-131
 21
9.3
  0
LINE
  8
0
 10
-131
 20
9.3
 11
-131.148
 21
9.30647
  0
LINE
  8
0
 10
-103.148
 20
9.30647
 11
-103.295
 21
9.32584
  0
LINE
  8
0
 10
-103.295
 20
9.32584
 11
-103.44
 21
9.35794
  0
LINE
  8
0
 10
-103.44
 20
9.35794
 11
-103.581
 21
9.40253
  0
LINE
  8
0
 10
-103.581
 20
9.40253
 11
-103.718
 21
9.45929
  0
LINE
  8
0
 10
-103.718
 20
9.45929
 11
-103.85
 21
9.52777
  0
LINE
  8
0
 10
-103.85
 20
9.52777
 11
-103.975
 21
9.60745
  0
LINE
  8
0
 10
-103.975
 20
9.60745
 11
-104.093
 21
9.69774
  0
LINE
  8
0
 10
-104.093
 20
9.69774
 11
-104.202
 21
9.79793
  0
LINE
  8
0
 10
-104.202
 20
9.79793
 11
-104.302
 21
9.90727
  0
LINE
  8
0
 10
-104.302
 20
9.90727
 11
-104.393
 21
10.0249
  0
LINE
  8
0
 10
-104.393
 20
10.0249
 11
-104.472
 21
10.15
  0
LINE
  8
0
 10
-104.472
 20
10.15
 11
-104.541
 21
10.2816
  0
LINE
  8
0
 10
-104.541
 20
10.2816
 11
-104.597
 21
10.4186
  0
LINE
  8
0
 10
-104.597
 20
10.4186
 11
-104.642
 21
10.56
  0
LINE
  8
0
 10
-104.642
 20
10.56
 11
-104.674
 21
10.7048
  0
LINE
  8
0
 10
-104.674
 20
10.7048
 11
-104.694
 21
10.8518
  0
LINE
  8
0
 10
-104.694
 20
10.8518
 11
-104.7
 21
11
  0
LINE
  8
0
 10
-104.7
 20
11
 11
-104.694
 21
11.1482
  0
LINE
  8
0
 10
-104.694
 20
11.1482
 11
-104.674
 21
11.2952
  0
LINE
  8
0
 10
-104.674
 20
11.2952
 11
-104.642
 21
11.44
  0
LINE
  8
0
 10
-104.642
 20
11.44
 11
-104.597
 21
11.5814
  0
LINE
  8
0
 10
-104.597
 20
11.5814
 11
-104.541
 21
11.7185
  0
LINE
  8
0
 10
-104.541
 20
11.7185
 11
-104.472
 21
11.85
  0
LINE
  8
0
 10
-104.472
 20
11.85
 11
-104.393
 21
11.9751
  0
LINE
  8
0
 10
-104.393
 20
11.9751
 11
-104.302
 21
12.0927
  0
LINE
  8
0
 10
-104.302
 20
12.0927
 11
-104.202
 21
12.2021
  0
LINE
  8
0
 10
-104.202
 20
12.2021
 11
-104.093
 21
12.3023
  0
LINE
  8
0
 10
-104.093
 20
12.3023
 11
-103.975
 21
12.3926
  0
LINE
  8
0
 10
-103.975
 20
12.3926
 11
-103.85
 21
12.4722
  0
LINE
  8
0
 10
-103.85
 20
12.4722
 11
-103.718
 21
12.5407
  0
LINE
  8
0
 10
-103.718
 20
12.5407
 11
-103.581
 21
12.5975
  0
LINE
  8
0
 10
-103.581
 20
12.5975
 11
-103.44
 21
12.6421
  0
LINE
  8
0
 10
-103.44
 20
12.6421
 11
-103.295
 21
12.6742
  0
LINE
  8
0
 10
-103.295
 20
12.6742
 11
-103.148
 21
12.6935
  0
LINE
  8
0
 10
-103.148
 20
12.6935
 11
-103
 21
12.7
  0
LINE
  8
0
 10
-103
 20
12.7
 11
-102.852
 21
12.6935
  0
LINE
  8
0
 10
-102.852
 20
12.6935
 11
-102.705
 21
12.6742
  0
LINE
  8
0
 10
-102.705
 20
12.6742
 11
-102.56
 21
12.6421
  0
LINE
  8
0
 10
-102.56
 20
12.6421
 11
-102.419
 21
12.5975
  0
LINE
  8
0
 10
-102.419
 20
12.5975
 11
-102.282
 21
12.5407
  0
LINE
  8
0
 10
-102.282
 20
12.5407
 11
-102.15
 21
12.4722
  0
LINE
  8
0
 10
-102.15
 20
12.4722
 11
-102.025
 21
12.3926
  0
LINE
  8
0
 10
-102.025
 20
12.3926
 11
-101.907
 21
12.3023
  0
LINE
  8
0
 10
-101.907
 20
12.3023
 11
-101.798
 21
12.2021
  0
LINE
  8
0
 10
-101.798
 20
12.2021
 11
-101.698
 21
12.0927
  0
LINE
  8
0
 10
-101.698
 20
12.0927
 11
-101.607
 21
11.9751
  0
LINE
  8
0
 10
-101.607
 20
11.9751
 11
-101.528
 21
11.85
  0
LINE
  8
0
 10
-101.528
 20
11.85
 11
-101.459
 21
11.7185
  0
LINE
  8
0
 10
-101.459
 20
11.7185
 11
-101.403
 21
11.5814
  0
LINE
  8
0
 10
-101.403
 20
11.5814
 11
-101.358
 21
11.44
  0
LINE
  8
0
 10
-101.358
 20
11.44
 11
-101.326
 21
11.2952
  0
LINE
  8
0
 10
-101.326
 20
11.2952
 11
-101.306
 21
11.1482
  0
LINE
  8
0
 10
-101.306
 20
11.1482
 11
-101.3
 21
11
  0
LINE
  8
0
 10
-101.3
 20
11
 11
-101.306
 21
10.8518
  0
LINE
  8
0
 10
-101.306
 20
10.8518
 11
-101.326
 21
10.7048
  0
LINE
  8
0
 10
-101.326
 20
10.7048
 11
-101.358
 21
10.56
  0
LINE
  8
0
 10
-101.358
 20
10.56
 11
-101.403
 21
10.4186
  0
LINE
  8
0
 10
-101.403
 20
10.4186
 11
-101.459
 21
10.2816
  0
LINE
  8
0
 10
-101.459
 20
10.2816
 11
-101.528
 21
10.15
  0
LINE
  8
0
 10
-101.528
 20
10.15
 11
-101.607
 21
10.0249
  0
LINE
  8
0
 10
-101.607
 20
10.0249
 11
-101.698
 21
9.90727
  0
LINE
  8
0
 10
-101.698
 20
9.90727
 11
-101.798
 21
9.79793
  0
LINE
  8
0
 10
-101.798
 20
9.79793
 11
-101.907
 21
9.69774
  0
LINE
  8
0
 10
-101.907
 20
9.69774
 11
-102.025
 21
9.60745
  0
LINE
  8
0
 10
-102.025
 20
9.60745
 11
-102.15
 21
9.52777
  0
LINE
  8
0
 10
-102.15
 20
9.52777
 11
-102.282
 21
9.45929
  0
LINE
  8
0
 10
-102.282
 20
9.45929
 11
-102.419
 21
9.40253
  0
LINE
  8
0
 10
-102.419
 20
9.40253
 11
-102.56
 21
9.35794
  0
LINE
  8
0
 10
-102.56
 20
9.35794
 11
-102.705
 21
9.32584
  0
LINE
  8
0
 10
-102.705
 20
9.32584
 11
-102.852
 21
9.30647
  0
LINE
  8
0
 10
-102.852
 20
9.30647
 11
-103
 21
9.3
  0
LINE
  8
0
 10
-103
 20
9.3
 11
-103.148
 21
9.30647
  0
LINE
  8
0
 10
-270.196
 20
5.75856
 11
-270.391
 21
5.78418
  0
LINE
  8
0
 10
-270.391
 20
5.78418
 11
-270.582
 21
5.82666
  0
LINE
  8
0
 10
-270.582
 20
5.82666
 11
-270.77
 21
5.88568
  0
LINE
  8
0
 10
-270.77
 20
5.88568
 11
-270.951
 21
5.9608
  0
LINE
  8
0
 10
-270.951
 20
5.9608
 11
-271.125
 21
6.05144
  0
LINE
  8
0
 10
-271.125
 20
6.05144
 11
-271.291
 21
6.15691
  0
LINE
  8
0
 10
-271.291
 20
6.15691
 11
-271.446
 21
6.2764
  0
LINE
  8
0
 10
-271.446
 20
6.2764
 11
-271.591
 21
6.409
  0
LINE
  8
0
 10
-271.591
 20
6.409
 11
-271.724
 21
6.55373
  0
LINE
  8
0
 10
-271.724
 20
6.55373
 11
-271.843
 21
6.70944
  0
LINE
  8
0
 10
-271.843
 20
6.70944
 11
-271.949
 21
6.875
  0
LINE
  8
0
 10
-271.949
 20
6.875
 11
-272.039
 21
7.0491
  0
LINE
  8
0
 10
-272.039
 20
7.0491
 11
-272.114
 21
7.23045
  0
LINE
  8
0
 10
-272.114
 20
7.23045
 11
-272.173
 21
7.41765
  0
LINE
  8
0
 10
-272.173
 20
7.41765
 11
-272.216
 21
7.60928
  0
LINE
  8
0
 10
-272.216
 20
7.60928
 11
-272.241
 21
7.80389
  0
LINE
  8
0
 10
-272.241
 20
7.80389
 11
-272.25
 21
8
  0
LINE
  8
0
 10
-272.25
 20
8
 11
-272.241
 21
8.19609
  0
LINE
  8
0
 10
-272.241
 20
8.19609
 11
-272.216
 21
8.3907
  0
LINE
  8
0
 10
-272.216
 20
8.3907
 11
-272.173
 21
8.58234
  0
LINE
  8
0
 10
-272.173
 20
8.58234
 11
-272.114
 21
8.76953
  0
LINE
  8
0
 10
-272.114
 20
8.76953
 11
-272.039
 21
8.95088
  0
LINE
  8
0
 10
-272.039
 20
8.95088
 11
-271.949
 21
9.125
  0
LINE
  8
0
 10
-271.949
 20
9.125
 11
-271.843
 21
9.29054
  0
LINE
  8
0
 10
-271.843
 20
9.29054
 11
-271.724
 21
9.44626
  0
LINE
  8
0
 10
-271.724
 20
9.44626
 11
-271.591
 21
9.59099
  0
LINE
  8
0
 10
-271.591
 20
9.59099
 11
-271.446
 21
9.72359
  0
LINE
  8
0
 10
-271.446
 20
9.72359
 11
-271.291
 21
9.84308
  0
LINE
  8
0
 10
-271.291
 20
9.84308
 11
-271.125
 21
9.94855
  0
LINE
  8
0
 10
-271.125
 20
9.94855
 11
-270.951
 21
10.0392
  0
LINE
  8
0
 10
-270.951
 20
10.0392
 11
-270.77
 21
10.1143
  0
LINE
  8
0
 10
-270.77
 20
10.1143
 11
-270.582
 21
10.1733
  0
LINE
  8
0
 10
-270.582
 20
10.1733
 11
-270.391
 21
10.2158
  0
LINE
  8
0
 10
-270.391
 20
10.2158
 11
-270.196
 21
10.2414
  0
LINE
  8
0
 10
-270.196
 20
10.2414
 11
-270
 21
10.25
  0
LINE
  8
0
 10
-270
 20
10.25
 11
-269.804
 21
10.2414
  0
LINE
  8
0
 10
-269.804
 20
10.2414
 11
-269.609
 21
10.2158
  0
LINE
  8
0
 10
-269.609
 20
10.2158
 11
-269.418
 21
10.1733
  0
LINE
  8
0
 10
-269.418
 20
10.1733
 11
-269.23
 21
10.1143
  0
LINE
  8
0
 10
-269.23
 20
10.1143
 11
-269.049
 21
10.0392
  0
LINE
  8
0
 10
-269.049
 20
10.0392
 11
-268.875
 21
9.94855
  0
LINE
  8
0
 10
-268.875
 20
9.94855
 11
-268.709
 21
9.84308
  0
LINE
  8
0
 10
-268.709
 20
9.84308
 11
-268.554
 21
9.72359
  0
LINE
  8
0
 10
-268.554
 20
9.72359
 11
-268.409
 21
9.59099
  0
LINE
  8
0
 10
-268.409
 20
9.59099
 11
-268.276
 21
9.44626
  0
LINE
  8
0
 10
-268.276
 20
9.44626
 11
-268.157
 21
9.29054
  0
LINE
  8
0
 10
-268.157
 20
9.29054
 11
-268.051
 21
9.125
  0
LINE
  8
0
 10
-268.051
 20
9.125
 11
-267.961
 21
8.95088
  0
LINE
  8
0
 10
-267.961
 20
8.95088
 11
-267.886
 21
8.76953
  0
LINE
  8
0
 10
-267.886
 20
8.76953
 11
-267.827
 21
8.58234
  0
LINE
  8
0
 10
-267.827
 20
8.58234
 11
-267.784
 21
8.3907
  0
LINE
  8
0
 10
-267.784
 20
8.3907
 11
-267.759
 21
8.19609
  0
LINE
  8
0
 10
-267.759
 20
8.19609
 11
-267.75
 21
8
  0
LINE
  8
0
 10
-267.75
 20
8
 11
-267.759
 21
7.80389
  0
LINE
  8
0
 10
-267.759
 20
7.80389
 11
-267.784
 21
7.60928
  0
LINE
  8
0
 10
-267.784
 20
7.60928
 11
-267.827
 21
7.41765
  0
LINE
  8
0
 10
-267.827
 20
7.41765
 11
-267.886
 21
7.23045
  0
LINE
  8
0
 10
-267.886
 20
7.23045
 11
-267.961
 21
7.0491
  0
LINE
  8
0
 10
-267.961
 20
7.0491
 11
-268.051
 21
6.875
  0
LINE
  8
0
 10
-268.051
 20
6.875
 11
-268.157
 21
6.70944
  0
LINE
  8
0
 10
-268.157
 20
6.70944
 11
-268.276
 21
6.55373
  0
LINE
  8
0
 10
-268.276
 20
6.55373
 11
-268.409
 21
6.409
  0
LINE
  8
0
 10
-268.409
 20
6.409
 11
-268.554
 21
6.2764
  0
LINE
  8
0
 10
-268.554
 20
6.2764
 11
-268.709
 21
6.15691
  0
LINE
  8
0
 10
-268.709
 20
6.15691
 11
-268.875
 21
6.05144
  0
LINE
  8
0
 10
-268.875
 20
6.05144
 11
-269.049
 21
5.9608
  0
LINE
  8
0
 10
-269.049
 20
5.9608
 11
-269.23
 21
5.88568
  0
LINE
  8
0
 10
-269.23
 20
5.88568
 11
-269.418
 21
5.82666
  0
LINE
  8
0
 10
-269.418
 20
5.82666
 11
-269.609
 21
5.78418
  0
LINE
  8
0
 10
-269.609
 20
5.78418
 11
-269.804
 21
5.75856
  0
LINE
  8
0
 10
-269.804
 20
5.75856
 11
-270
 21
5.75
  0
LINE
  8
0
 10
-270
 20
5.75
 11
-270.196
 21
5.75856
  0
LINE
  8
0
 10
-0.196091
 20
5.75856
 11
-0.390701
 21
5.78418
  0
LINE
  8
0
 10
-0.390701
 20
5.78418
 11
-0.582336
 21
5.82666
  0
LINE
  8
0
 10
-0.582336
 20
5.82666
 11
-0.769531
 21
5.88568
  0
LINE
  8
0
 10
-0.769531
 20
5.88568
 11
-0.950882
 21
5.9608
  0
LINE
  8
0
 10
-0.950882
 20
5.9608
 11
-1.125
 21
6.05144
  0
LINE
  8
0
 10
-1.125
 20
6.05144
 11
-1.29054
 21
6.15691
  0
LINE
  8
0
 10
-1.29054
 20
6.15691
 11
-1.44626
 21
6.2764
  0
LINE
  8
0
 10
-1.44626
 20
6.2764
 11
-1.59099
 21
6.409
  0
LINE
  8
0
 10
-1.59099
 20
6.409
 11
-1.72359
 21
6.55373
  0
LINE
  8
0
 10
-1.72359
 20
6.55373
 11
-1.84308
 21
6.70944
  0
LINE
  8
0
 10
-1.84308
 20
6.70944
 11
-1.94855
 21
6.875
  0
LINE
  8
0
 10
-1.94855
 20
6.875
 11
-2.03918
 21
7.0491
  0
LINE
  8
0
 10
-2.03918
 20
7.0491
 11
-2.1143
 21
7.23045
  0
LINE
  8
0
 10
-2.1143
 20
7.23045
 11
-2.17332
 21
7.41765
  0
LINE
  8
0
 10
-2.17332
 20
7.41765
 11
-2.21581
 21
7.60928
  0
LINE
  8
0
 10
-2.21581
 20
7.60928
 11
-2.24142
 21
7.80389
  0
LINE
  8
0
 10
-2.24142
 20
7.80389
 11
-2.25
 21
8
  0
LINE
  8
0
 10
-2.25
 20
8
 11
-2.24142
 21
8.19609
  0
LINE
  8
0
 10
-2.24142
 20
8.19609
 11
-2.21581
 21
8.3907
  0
LINE
  8
0
 10
-2.21581
 20
8.3907
 11
-2.17332
 21
8.58234
  0
LINE
  8
0
 10
-2.17332
 20
8.58234
 11
-2.1143
 21
8.76953
  0
LINE
  8
0
 10
-2.1143
 20
8.76953
 11
-2.03918
 21
8.95088
  0
LINE
  8
0
 10
-2.03918
 20
8.95088
 11
-1.94855
 21
9.125
  0
LINE
  8
0
 10
-1.94855
 20
9.125
 11
-1.84308
 21
9.29054
  0
LINE
  8
0
 10
-1.84308
 20
9.29054
 11
-1.72359
 21
9.44626
  0
LINE
  8
0
 10
-1.72359
 20
9.44626
 11
-1.59099
 21
9.59099
  0
LINE
  8
0
 10
-1.59099
 20
9.59099
 11
-1.44626
 21
9.72359
  0
LINE
  8
0
 10
-1.44626
 20
9.72359
 11
-1.29054
 21
9.84308
  0
LINE
  8
0
 10
-1.29054
 20
9.84308
 11
-1.125
 21
9.94855
  0
LINE
  8
0
 10
-1.125
 20
9.94855
 11
-0.950882
 21
10.0392
  0
LINE
  8
0
 10
-0.950882
 20
10.0392
 11
-0.769531
 21
10.1143
  0
LINE
  8
0
 10
-0.769531
 20
10.1143
 11
-0.582336
 21
10.1733
  0
LINE
  8
0
 10
-0.582336
 20
10.1733
 11
-0.390701
 21
10.2158
  0
LINE
  8
0
 10
-0.390701
 20
10.2158
 11
-0.196091
 21
10.2414
  0
LINE
  8
0
 10
-0.196091
 20
10.2414
 11
0
 21
10.25
  0
LINE
  8
0
 10
0
 20
10.25
 11
0.196091
 21
10.2414
  0
LINE
  8
0
 10
0.196091
 20
10.2414
 11
0.390701
 21
10.2158
  0
LINE
  8
0
 10
0.390701
 20
10.2158
 11
0.582336
 21
10.1733
  0
LINE
  8
0
 10
0.582336
 20
10.1733
 11
0.769531
 21
10.1143
  0
LINE
  8
0
 10
0.769531
 20
10.1143
 11
0.950882
 21
10.0392
  0
LINE
  8
0
 10
0.950882
 20
10.0392
 11
1.125
 21
9.94855
  0
LINE
  8
0
 10
1.125
 20
9.94855
 11
1.29054
 21
9.84308
  0
LINE
  8
0
 10
1.29054
 20
9.84308
 11
1.44626
 21
9.72359
  0
LINE
  8
0
 10
1.44626
 20
9.72359
 11
1.59099
 21
9.59099
  0
LINE
  8
0
 10
1.59099
 20
9.59099
 11
1.72359
 21
9.44626
  0
LINE
  8
0
 10
1.72359
 20
9.44626
 11
1.84308
 21
9.29054
  0
LINE
  8
0
 10
1.84308
 20
9.29054
 11
1.94855
 21
9.125
  0
LINE
  8
0
 10
1.94855
 20
9.125
 11
2.03918
 21
8.95088
  0
LINE
  8
0
 10
2.03918
 20
8.95088
 11
2.1143
 21
8.76953
  0
LINE
  8
0
 10
2.1143
 20
8.76953
 11
2.17332
 21
8.58234
  0
LINE
  8
0
 10
2.17332
 20
8.58234
 11
2.21581
 21
8.3907
  0
LINE
  8
0
 10
2.21581
 20
8.3907
 11
2.24142
 21
8.19609
  0
LINE
  8
0
 10
2.24142
 20
8.19609
 11
2.25
 21
8
  0
LINE
  8
0
 10
2.25
 20
8
 11
2.24142
 21
7.80389
  0
LINE
  8
0
 10
2.24142
 20
7.80389
 11
2.21581
 21
7.60928
  0
LINE
  8
0
 10
2.21581
 20
7.60928
 11
2.17332
 21
7.41765
  0
LINE
  8
0
 10
2.17332
 20
7.41765
 11
2.1143
 21
7.23045
  0
LINE
  8
0
 10
2.1143
 20
7.23045
 11
2.03918
 21
7.0491
  0
LINE
  8
0
 10
2.03918
 20
7.0491
 11
1.94855
 21
6.875
  0
LINE
  8
0
 10
1.94855
 20
6.875
 11
1.84308
 21
6.70944
  0
LINE
  8
0
 10
1.84308
 20
6.70944
 11
1.72359
 21
6.55373
  0
LINE
  8
0
 10
1.72359
 20
6.55373
 11
1.59099
 21
6.409
  0
LINE
  8
0
 10
1.59099
 20
6.409
 11
1.44626
 21
6.2764
  0
LINE
  8
0
 10
1.44626
 20
6.2764
 11
1.29054
 21
6.15691
  0
LINE
  8
0
 10
1.29054
 20
6.15691
 11
1.125
 21
6.05144
  0
LINE
  8
0
 10
1.125
 20
6.05144
 11
0.950882
 21
5.9608
  0
LINE
  8
0
 10
0.950882
 20
5.9608
 11
0.769531
 21
5.88568
  0
LINE
  8
0
 10
0.769531
 20
5.88568
 11
0.582336
 21
5.82666
  0
LINE
  8
0
 10
0.582336
 20
5.82666
 11
0.390701
 21
5.78418
  0
LINE
  8
0
 10
0.390701
 20
5.78418
 11
0.196091
 21
5.75856
  0
LINE
  8
0
 10
0.196091
 20
5.75856
 11
0
 21
5.75
  0
LINE
  8
0
 10
0
 20
5.75
 11
-0.196091
 21
5.75856
  0
LINE
  8
0
 10
294.804
 20
5.75856
 11
294.609
 21
5.78418
  0
LINE
  8
0
 10
294.609
 20
5.78418
 11
294.418
 21
5.82666
  0
LINE
  8
0
 10
294.418
 20
5.82666
 11
294.23
 21
5.88568
  0
LINE
  8
0
 10
294.23
 20
5.88568
 11
294.049
 21
5.9608
  0
LINE
  8
0
 10
294.049
 20
5.9608
 11
293.875
 21
6.05144
  0
LINE
  8
0
 10
293.875
 20
6.05144
 11
293.709
 21
6.15691
  0
LINE
  8
0
 10
293.709
 20
6.15691
 11
293.554
 21
6.2764
  0
LINE
  8
0
 10
293.554
 20
6.2764
 11
293.409
 21
6.409
  0
LINE
  8
0
 10
293.409
 20
6.409
 11
293.276
 21
6.55373
  0
LINE
  8
0
 10
293.276
 20
6.55373
 11
293.157
 21
6.70944
  0
LINE
  8
0
 10
293.157
 20
6.70944
 11
293.051
 21
6.875
  0
LINE
  8
0
 10
293.051
 20
6.875
 11
292.961
 21
7.0491
  0
LINE
  8
0
 10
292.961
 20
7.0491
 11
292.886
 21
7.23045
  0
LINE
  8
0
 10
292.886
 20
7.23045
 11
292.827
 21
7.41765
  0
LINE
  8
0
 10
292.827
 20
7.41765
 11
292.784
 21
7.60928
  0
LINE
  8
0
 10
292.784
 20
7.60928
 11
292.759
 21
7.80389
  0
LINE
  8
0
 10
292.759
 20
7.80389
 11
292.75
 21
8
  0
LINE
  8
0
 10
292.75
 20
8
 11
292.759
 21
8.19609
  0
LINE
  8
0
 10
292.759
 20
8.19609
 11
292.784
 21
8.3907
  0
LINE
  8
0
 10
292.784
 20
8.3907
 11
292.827
 21
8.58234
  0
LINE
  8
0
 10
292.827
 20
8.58234
 11
292.886
 21
8.76953
  0
LINE
  8
0
 10
292.886
 20
8.76953
 11
292.961
 21
8.95088
  0
LINE
  8
0
 10
292.961
 20
8.95088
 11
293.051
 21
9.125
  0
LINE
  8
0
 10
293.051
 20
9.125
 11
293.157
 21
9.29054
  0
LINE
  8
0
 10
293.157
 20
9.29054
 11
293.276
 21
9.44626
  0
LINE
  8
0
 10
293.276
 20
9.44626
 11
293.409
 21
9.59099
  0
LINE
  8
0
 10
293.409
 20
9.59099
 11
293.554
 21
9.72359
  0
LINE
  8
0
 10
293.554
 20
9.72359
 11
293.709
 21
9.84308
  0
LINE
  8
0
 10
293.709
 20
9.84308
 11
293.875
 21
9.94855
  0
LINE
  8
0
 10
293.875
 20
9.94855
 11
294.049
 21
10.0392
  0
LINE
  8
0
 10
294.049
 20
10.0392
 11
294.23
 21
10.1143
  0
LINE
  8
0
 10
294.23
 20
10.1143
 11
294.418
 21
10.1733
  0
LINE
  8
0
 10
294.418
 20
10.1733
 11
294.609
 21
10.2158
  0
LINE
  8
0
 10
294.609
 20
10.2158
 11
294.804
 21
10.2414
  0
LINE
  8
0
 10
294.804
 20
10.2414
 11
295
 21
10.25
  0
LINE
  8
0
 10
295
 20
10.25
 11
295.196
 21
10.2414
  0
LINE
  8
0
 10
295.196
 20
10.2414
 11
295.391
 21
10.2158
  0
LINE
  8
0
 10
295.391
 20
10.2158
 11
295.582
 21
10.1733
  0
LINE
  8
0
 10
295.582
 20
10.1733
 11
295.77
 21
10.1143
  0
LINE
  8
0
 10
295.77
 20
10.1143
 11
295.951
 21
10.0392
  0
LINE
  8
0
 10
295.951
 20
10.0392
 11
296.125
 21
9.94855
  0
LINE
  8
0
 10
296.125
 20
9.94855
 11
296.291
 21
9.84308
  0
LINE
  8
0
 10
296.291
 20
9.84308
 11
296.446
 21
9.72359
  0
LINE
  8
0
 10
296.446
 20
9.72359
 11
296.591
 21
9.59099
  0
LINE
  8
0
 10
296.591
 20
9.59099
 11
296.724
 21
9.44626
  0
LINE
  8
0
 10
296.724
 20
9.44626
 11
296.843
 21
9.29054
  0
LINE
  8
0
 10
296.843
 20
9.29054
 11
296.949
 21
9.125
  0
LINE
  8
0
 10
296.949
 20
9.125
 11
297.039
 21
8.95088
  0
LINE
  8
0
 10
297.039
 20
8.95088
 11
297.114
 21
8.76953
  0
LINE
  8
0
 10
297.114
 20
8.76953
 11
297.173
 21
8.58234
  0
LINE
  8
0
 10
297.173
 20
8.58234
 11
297.216
 21
8.3907
  0
LINE
  8
0
 10
297.216
 20
8.3907
 11
297.241
 21
8.19609
  0
LINE
  8
0
 10
297.241
 20
8.19609
 11
297.25
 21
8
  0
LINE
  8
0
 10
297.25
 20
8
 11
297.241
 21
7.80389
  0
LINE
  8
0
 10
297.241
 20
7.80389
 11
297.216
 21
7.60928
  0
LINE
  8
0
 10
297.216
 20
7.60928
 11
297.173
 21
7.41765
  0
LINE
  8
0
 10
297.173
 20
7.41765
 11
297.114
 21
7.23045
  0
LINE
  8
0
 10
297.114
 20
7.23045
 11
297.039
 21
7.0491
  0
LINE
  8
0
 10
297.039
 20
7.0491
 11
296.949
 21
6.875
  0
LINE
  8
0
 10
296.949
 20
6.875
 11
296.843
 21
6.70944
  0
LINE
  8
0
 10
296.843
 20
6.70944
 11
296.724
 21
6.55373
  0
LINE
  8
0
 10
296.724
 20
6.55373
 11
296.591
 21
6.409
  0
LINE
  8
0
 10
296.591
 20
6.409
 11
296.446
 21
6.2764
  0
LINE
  8
0
 10
296.446
 20
6.2764
 11
296.291
 21
6.15691
  0
LINE
  8
0
 10
296.291
 20
6.15691
 11
296.125
 21
6.05144
  0
LINE
  8
0
 10
296.125
 20
6.05144
 11
295.951
 21
5.9608
  0
LINE
  8
0
 10
295.951
 20
5.9608
 11
295.77
 21
5.88568
  0
LINE
  8
0
 10
295.77
 20
5.88568
 11
295.582
 21
5.82666
  0
LINE
  8
0
 10
295.582
 20
5.82666
 11
295.391
 21
5.78418
  0
LINE
  8
0
 10
295.391
 20
5.78418
 11
295.196
 21
5.75856
  0
LINE
  8
0
 10
295.196
 20
5.75856
 11
295
 21
5.75
  0
LINE
  8
0
 10
295
 20
5.75
 11
294.804
 21
5.75856
  0
LINE
  8
0
 10
519.804
 20
5.75856
 11
519.609
 21
5.78418
  0
LINE
  8
0
 10
519.609
 20
5.78418
 11
519.418
 21
5.82666
  0
LINE
  8
0
 10
519.418
 20
5.82666
 11
519.23
 21
5.88568
  0
LINE
  8
0
 10
519.23
 20
5.88568
 11
519.049
 21
5.9608
  0
LINE
  8
0
 10
519.049
 20
5.9608
 11
518.875
 21
6.05144
  0
LINE
  8
0
 10
518.875
 20
6.05144
 11
518.709
 21
6.15691
  0
LINE
  8
0
 10
518.709
 20
6.15691
 11
518.554
 21
6.2764
  0
LINE
  8
0
 10
518.554
 20
6.2764
 11
518.409
 21
6.409
  0
LINE
  8
0
 10
518.409
 20
6.409
 11
518.276
 21
6.55373
  0
LINE
  8
0
 10
518.276
 20
6.55373
 11
518.157
 21
6.70944
  0
LINE
  8
0
 10
518.157
 20
6.70944
 11
518.051
 21
6.875
  0
LINE
  8
0
 10
518.051
 20
6.875
 11
517.961
 21
7.0491
  0
LINE
  8
0
 10
517.961
 20
7.0491
 11
517.886
 21
7.23045
  0
LINE
  8
0
 10
517.886
 20
7.23045
 11
517.827
 21
7.41765
  0
LINE
  8
0
 10
517.827
 20
7.41765
 11
517.784
 21
7.60928
  0
LINE
  8
0
 10
517.784
 20
7.60928
 11
517.759
 21
7.80389
  0
LINE
  8
0
 10
517.759
 20
7.80389
 11
517.75
 21
8
  0
LINE
  8
0
 10
517.75
 20
8
 11
517.759
 21
8.19609
  0
LINE
  8
0
 10
517.759
 20
8.19609
 11
517.784
 21
8.3907
  0
LINE
  8
0
 10
517.784
 20
8.3907
 11
517.827
 21
8.58234
  0
LINE
  8
0
 10
517.827
 20
8.58234
 11
517.886
 21
8.76953
  0
LINE
  8
0
 10
517.886
 20
8.76953
 11
517.961
 21
8.95088
  0
LINE
  8
0
 10
517.961
 20
8.95088
 11
518.051
 21
9.125
  0
LINE
  8
0
 10
518.051
 20
9.125
 11
518.157
 21
9.29054
  0
LINE
  8
0
 10
518.157
 20
9.29054
 11
518.276
 21
9.44626
  0
LINE
  8
0
 10
518.276
 20
9.44626
 11
518.409
 21
9.59099
  0
LINE
  8
0
 10
518.409
 20
9.59099
 11
518.554
 21
9.72359
  0
LINE
  8
0
 10
518.554
 20
9.72359
 11
518.709
 21
9.84308
  0
LINE
  8
0
 10
518.709
 20
9.84308
 11
518.875
 21
9.94855
  0
LINE
  8
0
 10
518.875
 20
9.94855
 11
519.049
 21
10.0392
  0
LINE
  8
0
 10
519.049
 20
10.0392
 11
519.23
 21
10.1143
  0
LINE
  8
0
 10
519.23
 20
10.1143
 11
519.418
 21
10.1733
  0
LINE
  8
0
 10
519.418
 20
10.1733
 11
519.609
 21
10.2158
  0
LINE
  8
0
 10
519.609
 20
10.2158
 11
519.804
 21
10.2414
  0
LINE
  8
0
 10
519.804
 20
10.2414
 11
520
 21
10.25
  0
LINE
  8
0
 10
520
 20
10.25
 11
520.196
 21
10.2414
  0
LINE
  8
0
 10
520.196
 20
10.2414
 11
520.391
 21
10.2158
  0
LINE
  8
0
 10
520.391
 20
10.2158
 11
520.582
 21
10.1733
  0
LINE
  8
0
 10
520.582
 20
10.1733
 11
520.77
 21
10.1143
  0
LINE
  8
0
 10
520.77
 20
10.1143
 11
520.951
 21
10.0392
  0
LINE
  8
0
 10
520.951
 20
10.0392
 11
521.125
 21
9.94855
  0
LINE
  8
0
 10
521.125
 20
9.94855
 11
521.291
 21
9.84308
  0
LINE
  8
0
 10
521.291
 20
9.84308
 11
521.446
 21
9.72359
  0
LINE
  8
0
 10
521.446
 20
9.72359
 11
521.591
 21
9.59099
  0
LINE
  8
0
 10
521.591
 20
9.59099
 11
521.724
 21
9.44626
  0
LINE
  8
0
 10
521.724
 20
9.44626
 11
521.843
 21
9.29054
  0
LINE
  8
0
 10
521.843
 20
9.29054
 11
521.949
 21
9.125
  0
LINE
  8
0
 10
521.949
 20
9.125
 11
522.039
 21
8.95088
  0
LINE
  8
0
 10
522.039
 20
8.95088
 11
522.114
 21
8.76953
  0
LINE
  8
0
 10
522.114
 20
8.76953
 11
522.173
 21
8.58234
  0
LINE
  8
0
 10
522.173
 20
8.58234
 11
522.216
 21
8.3907
  0
LINE
  8
0
 10
522.216
 20
8.3907
 11
522.241
 21
8.19609
  0
LINE
  8
0
 10
522.241
 20
8.19609
 11
522.25
 21
8
  0
LINE
  8
0
 10
522.25
 20
8
 11
522.241
 21
7.80389
  0
LINE
  8
0
 10
522.241
 20
7.80389
 11
522.216
 21
7.60928
  0
LINE
  8
0
 10
522.216
 20
7.60928
 11
522.173
 21
7.41765
  0
LINE
  8
0
 10
522.173
 20
7.41765
 11
522.114
 21
7.23045
  0
LINE
  8
0
 10
522.114
 20
7.23045
 11
522.039
 21
7.0491
  0
LINE
  8
0
 10
522.039
 20
7.0491
 11
521.949
 21
6.875
  0
LINE
  8
0
 10
521.949
 20
6.875
 11
521.843
 21
6.70944
  0
LINE
  8
0
 10
521.843
 20
6.70944
 11
521.724
 21
6.55373
  0
LINE
  8
0
 10
521.724
 20
6.55373
 11
521.591
 21
6.409
  0
LINE
  8
0
 10
521.591
 20
6.409
 11
521.446
 21
6.2764
  0
LINE
  8
0
 10
521.446
 20
6.2764
 11
521.291
 21
6.15691
  0
LINE
  8
0
 10
521.291
 20
6.15691
 11
521.125
 21
6.05144
  0
LINE
  8
0
 10
521.125
 20
6.05144
 11
520.951
 21
5.9608
  0
LINE
  8
0
 10
520.951
 20
5.9608
 11
520.77
 21
5.88568
  0
LINE
  8
0
 10
520.77
 20
5.88568
 11
520.582
 21
5.82666
  0
LINE
  8
0
 10
520.582
 20
5.82666
 11
520.391
 21
5.78418
  0
LINE
  8
0
 10
520.391
 20
5.78418
 11
520.196
 21
5.75856
  0
LINE
  8
0
 10
520.196
 20
5.75856
 11
520
 21
5.75
  0
LINE
  8
0
 10
520
 20
5.75
 11
519.804
 21
5.75856
  0
ENDSEC
  0
SECTION
  2
OBJECTS
  0
DICTIONARY
  0
ENDSEC
  0
EOF
