solid OpenSCAD_Model
  facet normal 0 0 -1
    outer loop
      vertex 0 -6.25 -7.62939e-07
      vertex 1.28056 -7.00897 -7.62939e-07
      vertex 1.22873 -8.36749 -7.62939e-07
    endloop
  endfacet
  facet normal 0 0 -1
    outer loop
      vertex 4.56436 -9.17165 -7.62939e-07
      vertex 5.66069 -8.53868 -7.62939e-07
      vertex 5.64798 -8.85156 -7.62939e-07
    endloop
  endfacet
  facet normal -0 0 -1
    outer loop
      vertex 5.66069 -8.53868 -7.62939e-07
      vertex 4.56436 -9.17165 -7.62939e-07
      vertex 5.65675 -8.23328 -7.62939e-07
    endloop
  endfacet
  facet normal 0 0 -1
    outer loop
      vertex 4.30185 -9.01553 -7.62939e-07
      vertex 5.65675 -8.23328 -7.62939e-07
      vertex 4.56436 -9.17165 -7.62939e-07
    endloop
  endfacet
  facet normal 0 0 -1
    outer loop
      vertex 4.05502 -8.84908 -7.62939e-07
      vertex 5.63602 -7.93629 -7.62939e-07
      vertex 4.30185 -9.01553 -7.62939e-07
    endloop
  endfacet
  facet normal -0 0 -1
    outer loop
      vertex 5.63602 -7.93629 -7.62939e-07
      vertex 4.05502 -8.84908 -7.62939e-07
      vertex 5.59819 -7.64879 -7.62939e-07
    endloop
  endfacet
  facet normal 0 0 -1
    outer loop
      vertex 3.82495 -8.67258 -7.62939e-07
      vertex 5.59819 -7.64879 -7.62939e-07
      vertex 4.05502 -8.84908 -7.62939e-07
    endloop
  endfacet
  facet normal 0 0 -1
    outer loop
      vertex 3.61302 -8.48615 -7.62939e-07
      vertex 5.54269 -7.37204 -7.62939e-07
      vertex 3.82495 -8.67258 -7.62939e-07
    endloop
  endfacet
  facet normal 0 0 -1
    outer loop
      vertex 4.56436 -9.17165 -7.62939e-07
      vertex 5.64798 -8.85156 -7.62939e-07
      vertex 4.84167 -9.31708 -7.62939e-07
    endloop
  endfacet
  facet normal -0 0 -1
    outer loop
      vertex 5.65675 -8.23328 -7.62939e-07
      vertex 4.30185 -9.01553 -7.62939e-07
      vertex 5.63602 -7.93629 -7.62939e-07
    endloop
  endfacet
  facet normal -0 0 -1
    outer loop
      vertex 5.59819 -7.64879 -7.62939e-07
      vertex 3.82495 -8.67258 -7.62939e-07
      vertex 5.54269 -7.37204 -7.62939e-07
    endloop
  endfacet
  facet normal -0 0 -1
    outer loop
      vertex 5.54269 -7.37204 -7.62939e-07
      vertex 3.61302 -8.48615 -7.62939e-07
      vertex 5.46841 -7.10774 -7.62939e-07
    endloop
  endfacet
  facet normal 0 0 -1
    outer loop
      vertex 8.53868 -5.66069 -7.62939e-07
      vertex 9.17165 -4.56436 -7.62939e-07
      vertex 9.31708 -4.84167 -7.62939e-07
    endloop
  endfacet
  facet normal 0 0 -1
    outer loop
      vertex 8.53868 -5.66069 -7.62939e-07
      vertex 9.31708 -4.84167 -7.62939e-07
      vertex 8.85156 -5.64798 -7.62939e-07
    endloop
  endfacet
  facet normal -0 0 -1
    outer loop
      vertex 9.17165 -4.56436 -7.62939e-07
      vertex 8.53868 -5.66069 -7.62939e-07
      vertex 9.01553 -4.30185 -7.62939e-07
    endloop
  endfacet
  facet normal 0 0 -1
    outer loop
      vertex 8.23328 -5.65675 -7.62939e-07
      vertex 9.01553 -4.30185 -7.62939e-07
      vertex 8.53868 -5.66069 -7.62939e-07
    endloop
  endfacet
  facet normal -0 0 -1
    outer loop
      vertex 9.01553 -4.30185 -7.62939e-07
      vertex 8.23328 -5.65675 -7.62939e-07
      vertex 8.84908 -4.05502 -7.62939e-07
    endloop
  endfacet
  facet normal 0 0 -1
    outer loop
      vertex 7.93629 -5.63602 -7.62939e-07
      vertex 8.84908 -4.05502 -7.62939e-07
      vertex 8.23328 -5.65675 -7.62939e-07
    endloop
  endfacet
  facet normal -0 0 -1
    outer loop
      vertex 8.84908 -4.05502 -7.62939e-07
      vertex 7.93629 -5.63602 -7.62939e-07
      vertex 8.67258 -3.82495 -7.62939e-07
    endloop
  endfacet
  facet normal 0 0 -1
    outer loop
      vertex 7.64879 -5.59819 -7.62939e-07
      vertex 8.67258 -3.82495 -7.62939e-07
      vertex 7.93629 -5.63602 -7.62939e-07
    endloop
  endfacet
  facet normal -0 0 -1
    outer loop
      vertex 8.67258 -3.82495 -7.62939e-07
      vertex 7.64879 -5.59819 -7.62939e-07
      vertex 8.48615 -3.61302 -7.62939e-07
    endloop
  endfacet
  facet normal 0 0 -1
    outer loop
      vertex 7.37204 -5.54269 -7.62939e-07
      vertex 8.48615 -3.61302 -7.62939e-07
      vertex 7.64879 -5.59819 -7.62939e-07
    endloop
  endfacet
  facet normal -0 0 -1
    outer loop
      vertex 8.48615 -3.61302 -7.62939e-07
      vertex 7.37204 -5.54269 -7.62939e-07
      vertex 8.28966 -3.42126 -7.62939e-07
    endloop
  endfacet
  facet normal 0 0 -1
    outer loop
      vertex 7.10774 -5.46841 -7.62939e-07
      vertex 8.28966 -3.42126 -7.62939e-07
      vertex 7.37204 -5.54269 -7.62939e-07
    endloop
  endfacet
  facet normal -0 0 -1
    outer loop
      vertex 8.28966 -3.42126 -7.62939e-07
      vertex 7.10774 -5.46841 -7.62939e-07
      vertex 8.08238 -3.25331 -7.62939e-07
    endloop
  endfacet
  facet normal 0 0 -1
    outer loop
      vertex 6.85864 -5.37288 -7.62939e-07
      vertex 8.08238 -3.25331 -7.62939e-07
      vertex 7.10774 -5.46841 -7.62939e-07
    endloop
  endfacet
  facet normal -0 0 -1
    outer loop
      vertex 8.08238 -3.25331 -7.62939e-07
      vertex 6.85864 -5.37288 -7.62939e-07
      vertex 7.86082 -3.11963 -7.62939e-07
    endloop
  endfacet
  facet normal 0 0 -1
    outer loop
      vertex 6.6321 -5.24785 -7.62939e-07
      vertex 7.86082 -3.11963 -7.62939e-07
      vertex 6.85864 -5.37288 -7.62939e-07
    endloop
  endfacet
  facet normal 0 0 -1
    outer loop
      vertex 5.41266 -3.125 -7.62939e-07
      vertex 7.86082 -3.11963 -7.62939e-07
      vertex 6.6321 -5.24785 -7.62939e-07
    endloop
  endfacet
  facet normal -0 0 -1
    outer loop
      vertex 6.71022 -2.39548 -7.62939e-07
      vertex 5.41266 -3.125 -7.62939e-07
      vertex 6.70609 -2.394 -7.62939e-07
    endloop
  endfacet
  facet normal -0 0 -1
    outer loop
      vertex 7.86082 -3.11963 -7.62939e-07
      vertex 5.41266 -3.125 -7.62939e-07
      vertex 6.71022 -2.39548 -7.62939e-07
    endloop
  endfacet
  facet normal 0 0 -1
    outer loop
      vertex 10.2251 -0.632965 -7.62939e-07
      vertex 10.4897 0.465515 -7.62939e-07
      vertex 10.4897 -0.465515 -7.62939e-07
    endloop
  endfacet
  facet normal 0 0 -1
    outer loop
      vertex 10.2251 -0.632965 -7.62939e-07
      vertex 10.2251 0.632965 -7.62939e-07
      vertex 10.4897 0.465515 -7.62939e-07
    endloop
  endfacet
  facet normal 0 0 -1
    outer loop
      vertex 9.95862 -0.782257 -7.62939e-07
      vertex 10.2251 0.632965 -7.62939e-07
      vertex 10.2251 -0.632965 -7.62939e-07
    endloop
  endfacet
  facet normal 0 0 -1
    outer loop
      vertex 9.95862 -0.782257 -7.62939e-07
      vertex 9.95862 0.782257 -7.62939e-07
      vertex 10.2251 0.632965 -7.62939e-07
    endloop
  endfacet
  facet normal 0 0 -1
    outer loop
      vertex 9.69106 -0.912781 -7.62939e-07
      vertex 9.95862 0.782257 -7.62939e-07
      vertex 9.95862 -0.782257 -7.62939e-07
    endloop
  endfacet
  facet normal 0 0 -1
    outer loop
      vertex 9.69106 -0.912781 -7.62939e-07
      vertex 9.69106 0.912781 -7.62939e-07
      vertex 9.95862 0.782257 -7.62939e-07
    endloop
  endfacet
  facet normal 0 0 -1
    outer loop
      vertex 9.42316 -1.02379 -7.62939e-07
      vertex 9.69106 0.912781 -7.62939e-07
      vertex 9.69106 -0.912781 -7.62939e-07
    endloop
  endfacet
  facet normal 0 0 -1
    outer loop
      vertex 9.42316 -1.02379 -7.62939e-07
      vertex 9.42316 1.02379 -7.62939e-07
      vertex 9.69106 0.912781 -7.62939e-07
    endloop
  endfacet
  facet normal 0 0 -1
    outer loop
      vertex 9.15573 -1.11411 -7.62939e-07
      vertex 9.42316 1.02379 -7.62939e-07
      vertex 9.42316 -1.02379 -7.62939e-07
    endloop
  endfacet
  facet normal 0 0 -1
    outer loop
      vertex 9.15573 -1.11411 -7.62939e-07
      vertex 9.15573 1.11411 -7.62939e-07
      vertex 9.42316 1.02379 -7.62939e-07
    endloop
  endfacet
  facet normal 0 0 -1
    outer loop
      vertex 8.88969 -1.18192 -7.62939e-07
      vertex 9.15573 1.11411 -7.62939e-07
      vertex 9.15573 -1.11411 -7.62939e-07
    endloop
  endfacet
  facet normal 0 0 -1
    outer loop
      vertex 8.88969 -1.18192 -7.62939e-07
      vertex 8.88969 1.18192 -7.62939e-07
      vertex 9.15573 1.11411 -7.62939e-07
    endloop
  endfacet
  facet normal 0 0 -1
    outer loop
      vertex 8.62621 -1.22374 -7.62939e-07
      vertex 8.88969 1.18192 -7.62939e-07
      vertex 8.88969 -1.18192 -7.62939e-07
    endloop
  endfacet
  facet normal 0 0 -1
    outer loop
      vertex 8.62621 -1.22374 -7.62939e-07
      vertex 8.62621 1.22374 -7.62939e-07
      vertex 8.88969 1.18192 -7.62939e-07
    endloop
  endfacet
  facet normal 0 0 -1
    outer loop
      vertex 8.36749 -1.22873 -7.62939e-07
      vertex 8.62621 1.22374 -7.62939e-07
      vertex 8.62621 -1.22374 -7.62939e-07
    endloop
  endfacet
  facet normal 0 0 -1
    outer loop
      vertex 8.36749 -1.22873 -7.62939e-07
      vertex 8.36749 1.22873 -7.62939e-07
      vertex 8.62621 1.22374 -7.62939e-07
    endloop
  endfacet
  facet normal 0 0 -1
    outer loop
      vertex 7.00897 -1.28056 -7.62939e-07
      vertex 8.36749 1.22873 -7.62939e-07
      vertex 8.36749 -1.22873 -7.62939e-07
    endloop
  endfacet
  facet normal 0 0 -1
    outer loop
      vertex 7.00897 -1.28056 -7.62939e-07
      vertex 7.00897 1.28056 -7.62939e-07
      vertex 8.36749 1.22873 -7.62939e-07
    endloop
  endfacet
  facet normal 0 0 -1
    outer loop
      vertex 7.00464 -1.27977 -7.62939e-07
      vertex 7.00897 1.28056 -7.62939e-07
      vertex 7.00897 -1.28056 -7.62939e-07
    endloop
  endfacet
  facet normal 0 0 -1
    outer loop
      vertex 7.00464 -1.27977 -7.62939e-07
      vertex 7.00464 1.27977 -7.62939e-07
      vertex 7.00897 1.28056 -7.62939e-07
    endloop
  endfacet
  facet normal 0 0 -1
    outer loop
      vertex 6.70609 -2.394 -7.62939e-07
      vertex 7.00464 -1.27977 -7.62939e-07
      vertex 6.89188 -1.84666 -7.62939e-07
    endloop
  endfacet
  facet normal -0 0 -1
    outer loop
      vertex 7.00464 -1.27977 -7.62939e-07
      vertex 6.70609 -2.394 -7.62939e-07
      vertex 7.00464 1.27977 -7.62939e-07
    endloop
  endfacet
  facet normal 0 0 -1
    outer loop
      vertex 6.70609 2.394 -7.62939e-07
      vertex 7.00464 1.27977 -7.62939e-07
      vertex 6.70609 -2.394 -7.62939e-07
    endloop
  endfacet
  facet normal 0 0 -1
    outer loop
      vertex 7.00464 1.27977 -7.62939e-07
      vertex 6.70609 2.394 -7.62939e-07
      vertex 6.89188 1.84666 -7.62939e-07
    endloop
  endfacet
  facet normal 0 0 -1
    outer loop
      vertex 8.53868 5.66069 -7.62939e-07
      vertex 9.17165 4.56436 -7.62939e-07
      vertex 9.01553 4.30185 -7.62939e-07
    endloop
  endfacet
  facet normal 0 0 -1
    outer loop
      vertex 9.17165 4.56436 -7.62939e-07
      vertex 8.53868 5.66069 -7.62939e-07
      vertex 9.31708 4.84167 -7.62939e-07
    endloop
  endfacet
  facet normal 0 0 -1
    outer loop
      vertex 8.23328 5.65675 -7.62939e-07
      vertex 9.01553 4.30185 -7.62939e-07
      vertex 8.84908 4.05502 -7.62939e-07
    endloop
  endfacet
  facet normal 0 0 -1
    outer loop
      vertex 7.93629 5.63602 -7.62939e-07
      vertex 8.84908 4.05502 -7.62939e-07
      vertex 8.67258 3.82495 -7.62939e-07
    endloop
  endfacet
  facet normal 0 0 -1
    outer loop
      vertex 9.31708 4.84167 -7.62939e-07
      vertex 8.53868 5.66069 -7.62939e-07
      vertex 8.85156 5.64798 -7.62939e-07
    endloop
  endfacet
  facet normal 0 0 -1
    outer loop
      vertex 7.64879 5.59819 -7.62939e-07
      vertex 8.67258 3.82495 -7.62939e-07
      vertex 8.48615 3.61302 -7.62939e-07
    endloop
  endfacet
  facet normal 0 0 -1
    outer loop
      vertex 7.37204 5.54269 -7.62939e-07
      vertex 8.48615 3.61302 -7.62939e-07
      vertex 8.28966 3.42126 -7.62939e-07
    endloop
  endfacet
  facet normal 0 0 -1
    outer loop
      vertex 9.01553 4.30185 -7.62939e-07
      vertex 8.23328 5.65675 -7.62939e-07
      vertex 8.53868 5.66069 -7.62939e-07
    endloop
  endfacet
  facet normal 0 0 -1
    outer loop
      vertex 7.10774 5.46841 -7.62939e-07
      vertex 8.28966 3.42126 -7.62939e-07
      vertex 8.08238 3.25331 -7.62939e-07
    endloop
  endfacet
  facet normal 0 0 -1
    outer loop
      vertex 8.84908 4.05502 -7.62939e-07
      vertex 7.93629 5.63602 -7.62939e-07
      vertex 8.23328 5.65675 -7.62939e-07
    endloop
  endfacet
  facet normal 0 0 -1
    outer loop
      vertex 6.85864 5.37288 -7.62939e-07
      vertex 8.08238 3.25331 -7.62939e-07
      vertex 7.86082 3.11963 -7.62939e-07
    endloop
  endfacet
  facet normal 0 0 -1
    outer loop
      vertex 8.67258 3.82495 -7.62939e-07
      vertex 7.64879 5.59819 -7.62939e-07
      vertex 7.93629 5.63602 -7.62939e-07
    endloop
  endfacet
  facet normal 0 0 -1
    outer loop
      vertex 8.48615 3.61302 -7.62939e-07
      vertex 7.37204 5.54269 -7.62939e-07
      vertex 7.64879 5.59819 -7.62939e-07
    endloop
  endfacet
  facet normal 0 0 -1
    outer loop
      vertex 8.28966 3.42126 -7.62939e-07
      vertex 7.10774 5.46841 -7.62939e-07
      vertex 7.37204 5.54269 -7.62939e-07
    endloop
  endfacet
  facet normal 0 0 -1
    outer loop
      vertex 8.08238 3.25331 -7.62939e-07
      vertex 6.85864 5.37288 -7.62939e-07
      vertex 7.10774 5.46841 -7.62939e-07
    endloop
  endfacet
  facet normal 0 0 -1
    outer loop
      vertex 5.41266 3.125 -7.62939e-07
      vertex 7.86082 3.11963 -7.62939e-07
      vertex 6.71022 2.39548 -7.62939e-07
    endloop
  endfacet
  facet normal 0 0 -1
    outer loop
      vertex 5.41266 3.125 -7.62939e-07
      vertex 6.71022 2.39548 -7.62939e-07
      vertex 6.70609 2.394 -7.62939e-07
    endloop
  endfacet
  facet normal 0 0 -1
    outer loop
      vertex 7.86082 3.11963 -7.62939e-07
      vertex 6.6321 5.24785 -7.62939e-07
      vertex 6.85864 5.37288 -7.62939e-07
    endloop
  endfacet
  facet normal 0 -0 -1
    outer loop
      vertex 6.25 0 -7.62939e-07
      vertex 6.70609 -2.394 -7.62939e-07
      vertex 6.22621 -0.544708 -7.62939e-07
    endloop
  endfacet
  facet normal 0 0 -1
    outer loop
      vertex 6.22621 0.544708 -7.62939e-07
      vertex 6.70609 2.394 -7.62939e-07
      vertex 6.25 0 -7.62939e-07
    endloop
  endfacet
  facet normal 0 0 -1
    outer loop
      vertex 6.70609 -2.394 -7.62939e-07
      vertex 6.25 0 -7.62939e-07
      vertex 6.70609 2.394 -7.62939e-07
    endloop
  endfacet
  facet normal 0 0 -1
    outer loop
      vertex 6.70609 -2.394 -7.62939e-07
      vertex 6.15504 -1.0853 -7.62939e-07
      vertex 6.22621 -0.544708 -7.62939e-07
    endloop
  endfacet
  facet normal 0 0 -1
    outer loop
      vertex 6.70609 -2.394 -7.62939e-07
      vertex 6.03703 -1.61761 -7.62939e-07
      vertex 6.15504 -1.0853 -7.62939e-07
    endloop
  endfacet
  facet normal 0 0 -1
    outer loop
      vertex 6.70609 -2.394 -7.62939e-07
      vertex 5.87308 -2.13762 -7.62939e-07
      vertex 6.03703 -1.61761 -7.62939e-07
    endloop
  endfacet
  facet normal -0 0 -1
    outer loop
      vertex 6.70609 -2.394 -7.62939e-07
      vertex 5.66441 -2.64136 -7.62939e-07
      vertex 5.87308 -2.13762 -7.62939e-07
    endloop
  endfacet
  facet normal 0 0 -1
    outer loop
      vertex 5.41266 -3.125 -7.62939e-07
      vertex 6.6321 -5.24785 -7.62939e-07
      vertex 5.42966 -4.61348 -7.62939e-07
    endloop
  endfacet
  facet normal 0 0 -1
    outer loop
      vertex 5.41266 -3.125 -7.62939e-07
      vertex 5.42966 -4.61348 -7.62939e-07
      vertex 5.4263 -4.61063 -7.62939e-07
    endloop
  endfacet
  facet normal 0 0 -1
    outer loop
      vertex 6.70609 -2.394 -7.62939e-07
      vertex 5.41266 -3.125 -7.62939e-07
      vertex 5.66441 -2.64136 -7.62939e-07
    endloop
  endfacet
  facet normal 0 0 -1
    outer loop
      vertex 5.4263 -4.61063 -7.62939e-07
      vertex 5.11969 -3.58484 -7.62939e-07
      vertex 5.41266 -3.125 -7.62939e-07
    endloop
  endfacet
  facet normal 0 0 -1
    outer loop
      vertex 4.4194 -4.4194 -7.62939e-07
      vertex 5.4263 -4.61063 -7.62939e-07
      vertex 5.0452 -5.0452 -7.62939e-07
    endloop
  endfacet
  facet normal 0 0 -1
    outer loop
      vertex 5.4263 -4.61063 -7.62939e-07
      vertex 4.78777 -4.01741 -7.62939e-07
      vertex 5.11969 -3.58484 -7.62939e-07
    endloop
  endfacet
  facet normal 0 0 -1
    outer loop
      vertex 4.4194 -4.4194 -7.62939e-07
      vertex 5.0452 -5.0452 -7.62939e-07
      vertex 4.61063 -5.4263 -7.62939e-07
    endloop
  endfacet
  facet normal 0 0 -1
    outer loop
      vertex 5.4263 -4.61063 -7.62939e-07
      vertex 4.4194 -4.4194 -7.62939e-07
      vertex 4.78777 -4.01741 -7.62939e-07
    endloop
  endfacet
  facet normal 0 0 -1
    outer loop
      vertex 3.42126 -8.28966 -7.62939e-07
      vertex 5.46841 -7.10774 -7.62939e-07
      vertex 3.61302 -8.48615 -7.62939e-07
    endloop
  endfacet
  facet normal -0 0 -1
    outer loop
      vertex 5.46841 -7.10774 -7.62939e-07
      vertex 3.42126 -8.28966 -7.62939e-07
      vertex 5.37288 -6.85864 -7.62939e-07
    endloop
  endfacet
  facet normal 0 0 -1
    outer loop
      vertex 3.25331 -8.08238 -7.62939e-07
      vertex 5.37288 -6.85864 -7.62939e-07
      vertex 3.42126 -8.28966 -7.62939e-07
    endloop
  endfacet
  facet normal 0 0 -1
    outer loop
      vertex 4.61063 -5.4263 -7.62939e-07
      vertex 4.01741 -4.78777 -7.62939e-07
      vertex 4.4194 -4.4194 -7.62939e-07
    endloop
  endfacet
  facet normal -0 0 -1
    outer loop
      vertex 5.37288 -6.85864 -7.62939e-07
      vertex 3.25331 -8.08238 -7.62939e-07
      vertex 5.24785 -6.6321 -7.62939e-07
    endloop
  endfacet
  facet normal 0 0 -1
    outer loop
      vertex 3.11963 -7.86082 -7.62939e-07
      vertex 5.24785 -6.6321 -7.62939e-07
      vertex 3.25331 -8.08238 -7.62939e-07
    endloop
  endfacet
  facet normal 0 0 -1
    outer loop
      vertex 4.61063 -5.4263 -7.62939e-07
      vertex 3.58484 -5.11969 -7.62939e-07
      vertex 4.01741 -4.78777 -7.62939e-07
    endloop
  endfacet
  facet normal 0 -0 -1
    outer loop
      vertex 3.125 -5.41266 -7.62939e-07
      vertex 5.24785 -6.6321 -7.62939e-07
      vertex 3.11963 -7.86082 -7.62939e-07
    endloop
  endfacet
  facet normal 0 0 -1
    outer loop
      vertex 5.24785 -6.6321 -7.62939e-07
      vertex 3.125 -5.41266 -7.62939e-07
      vertex 4.61348 -5.42966 -7.62939e-07
    endloop
  endfacet
  facet normal 0 0 -1
    outer loop
      vertex 4.61348 -5.42966 -7.62939e-07
      vertex 3.125 -5.41266 -7.62939e-07
      vertex 4.61063 -5.4263 -7.62939e-07
    endloop
  endfacet
  facet normal 0 0 -1
    outer loop
      vertex 4.61063 -5.4263 -7.62939e-07
      vertex 3.125 -5.41266 -7.62939e-07
      vertex 3.58484 -5.11969 -7.62939e-07
    endloop
  endfacet
  facet normal 0 0 -1
    outer loop
      vertex 2.39548 -6.71022 -7.62939e-07
      vertex 3.125 -5.41266 -7.62939e-07
      vertex 3.11963 -7.86082 -7.62939e-07
    endloop
  endfacet
  facet normal 0 0 -1
    outer loop
      vertex 3.125 -5.41266 -7.62939e-07
      vertex 2.39548 -6.71022 -7.62939e-07
      vertex 2.64136 -5.66441 -7.62939e-07
    endloop
  endfacet
  facet normal 0 0 -1
    outer loop
      vertex 2.394 -6.70609 -7.62939e-07
      vertex 2.64136 -5.66441 -7.62939e-07
      vertex 2.39548 -6.71022 -7.62939e-07
    endloop
  endfacet
  facet normal 0 0 -1
    outer loop
      vertex 2.394 -6.70609 -7.62939e-07
      vertex 2.13762 -5.87308 -7.62939e-07
      vertex 2.64136 -5.66441 -7.62939e-07
    endloop
  endfacet
  facet normal 0 0 -1
    outer loop
      vertex 1.61761 -6.03703 -7.62939e-07
      vertex 2.394 -6.70609 -7.62939e-07
      vertex 1.84666 -6.89188 -7.62939e-07
    endloop
  endfacet
  facet normal 0 0 -1
    outer loop
      vertex 2.394 -6.70609 -7.62939e-07
      vertex 1.61761 -6.03703 -7.62939e-07
      vertex 2.13762 -5.87308 -7.62939e-07
    endloop
  endfacet
  facet normal 0 0 -1
    outer loop
      vertex 1.27977 -7.00464 -7.62939e-07
      vertex 1.61761 -6.03703 -7.62939e-07
      vertex 1.84666 -6.89188 -7.62939e-07
    endloop
  endfacet
  facet normal 0 0 -1
    outer loop
      vertex -1.22374 -8.62621 -7.62939e-07
      vertex 1.22374 -8.62621 -7.62939e-07
      vertex 1.18192 -8.88969 -7.62939e-07
    endloop
  endfacet
  facet normal 0 0 -1
    outer loop
      vertex 1.22374 -8.62621 -7.62939e-07
      vertex -1.22374 -8.62621 -7.62939e-07
      vertex 1.22873 -8.36749 -7.62939e-07
    endloop
  endfacet
  facet normal 0 0 -1
    outer loop
      vertex -1.18192 -8.88969 -7.62939e-07
      vertex 1.18192 -8.88969 -7.62939e-07
      vertex 1.11411 -9.15573 -7.62939e-07
    endloop
  endfacet
  facet normal 0 0 -1
    outer loop
      vertex 1.27977 -7.00464 -7.62939e-07
      vertex 1.0853 -6.15504 -7.62939e-07
      vertex 1.61761 -6.03703 -7.62939e-07
    endloop
  endfacet
  facet normal 0 -0 -1
    outer loop
      vertex 0 -6.25 -7.62939e-07
      vertex 1.22873 -8.36749 -7.62939e-07
      vertex -1.22873 -8.36749 -7.62939e-07
    endloop
  endfacet
  facet normal 0 0 -1
    outer loop
      vertex -1.11411 -9.15573 -7.62939e-07
      vertex 1.11411 -9.15573 -7.62939e-07
      vertex 1.02379 -9.42316 -7.62939e-07
    endloop
  endfacet
  facet normal 0 0 -1
    outer loop
      vertex -1.02379 -9.42316 -7.62939e-07
      vertex 1.02379 -9.42316 -7.62939e-07
      vertex 0.912781 -9.69106 -7.62939e-07
    endloop
  endfacet
  facet normal 0 0 -1
    outer loop
      vertex -0.912781 -9.69106 -7.62939e-07
      vertex 0.912781 -9.69106 -7.62939e-07
      vertex 0.782257 -9.95862 -7.62939e-07
    endloop
  endfacet
  facet normal 0 0 -1
    outer loop
      vertex -0.782257 -9.95862 -7.62939e-07
      vertex 0.782257 -9.95862 -7.62939e-07
      vertex 0.632965 -10.2251 -7.62939e-07
    endloop
  endfacet
  facet normal 0 0 -1
    outer loop
      vertex 1.27977 -7.00464 -7.62939e-07
      vertex 0.544708 -6.22621 -7.62939e-07
      vertex 1.0853 -6.15504 -7.62939e-07
    endloop
  endfacet
  facet normal 0 0 -1
    outer loop
      vertex -0.632965 -10.2251 -7.62939e-07
      vertex 0.632965 -10.2251 -7.62939e-07
      vertex 0.465515 -10.4897 -7.62939e-07
    endloop
  endfacet
  facet normal 0 0 -1
    outer loop
      vertex 1.28056 -7.00897 -7.62939e-07
      vertex 0 -6.25 -7.62939e-07
      vertex 1.27977 -7.00464 -7.62939e-07
    endloop
  endfacet
  facet normal 0 0 -1
    outer loop
      vertex -0.632965 -10.2251 -7.62939e-07
      vertex 0.465515 -10.4897 -7.62939e-07
      vertex -0.465515 -10.4897 -7.62939e-07
    endloop
  endfacet
  facet normal 0 0 -1
    outer loop
      vertex 0.632965 -10.2251 -7.62939e-07
      vertex -0.632965 -10.2251 -7.62939e-07
      vertex -0.782257 -9.95862 -7.62939e-07
    endloop
  endfacet
  facet normal 0 0 -1
    outer loop
      vertex 0.782257 -9.95862 -7.62939e-07
      vertex -0.782257 -9.95862 -7.62939e-07
      vertex -0.912781 -9.69106 -7.62939e-07
    endloop
  endfacet
  facet normal 0 0 -1
    outer loop
      vertex 0.912781 -9.69106 -7.62939e-07
      vertex -0.912781 -9.69106 -7.62939e-07
      vertex -1.02379 -9.42316 -7.62939e-07
    endloop
  endfacet
  facet normal 0 0 -1
    outer loop
      vertex 1.02379 -9.42316 -7.62939e-07
      vertex -1.02379 -9.42316 -7.62939e-07
      vertex -1.11411 -9.15573 -7.62939e-07
    endloop
  endfacet
  facet normal 0 0 -1
    outer loop
      vertex 1.11411 -9.15573 -7.62939e-07
      vertex -1.11411 -9.15573 -7.62939e-07
      vertex -1.18192 -8.88969 -7.62939e-07
    endloop
  endfacet
  facet normal 0 0 -1
    outer loop
      vertex -1.28056 -7.00897 -7.62939e-07
      vertex 0 -6.25 -7.62939e-07
      vertex -1.22873 -8.36749 -7.62939e-07
    endloop
  endfacet
  facet normal 0 0 -1
    outer loop
      vertex 1.27977 -7.00464 -7.62939e-07
      vertex 0 -6.25 -7.62939e-07
      vertex 0.544708 -6.22621 -7.62939e-07
    endloop
  endfacet
  facet normal 0 0 -1
    outer loop
      vertex 1.18192 -8.88969 -7.62939e-07
      vertex -1.18192 -8.88969 -7.62939e-07
      vertex -1.22374 -8.62621 -7.62939e-07
    endloop
  endfacet
  facet normal -0 0 -1
    outer loop
      vertex 1.22873 -8.36749 -7.62939e-07
      vertex -1.22374 -8.62621 -7.62939e-07
      vertex -1.22873 -8.36749 -7.62939e-07
    endloop
  endfacet
  facet normal -0 0 -1
    outer loop
      vertex 0 -6.25 -7.62939e-07
      vertex -1.28056 -7.00897 -7.62939e-07
      vertex -0.544708 -6.22621 -7.62939e-07
    endloop
  endfacet
  facet normal -0 0 -1
    outer loop
      vertex -0.544708 -6.22621 -7.62939e-07
      vertex -1.27977 -7.00464 -7.62939e-07
      vertex -1.0853 -6.15504 -7.62939e-07
    endloop
  endfacet
  facet normal 0 0 -1
    outer loop
      vertex -1.27977 -7.00464 -7.62939e-07
      vertex -1.61761 -6.03703 -7.62939e-07
      vertex -1.0853 -6.15504 -7.62939e-07
    endloop
  endfacet
  facet normal 0 0 -1
    outer loop
      vertex -1.84666 -6.89188 -7.62939e-07
      vertex -1.61761 -6.03703 -7.62939e-07
      vertex -1.27977 -7.00464 -7.62939e-07
    endloop
  endfacet
  facet normal 0 0 -1
    outer loop
      vertex -2.394 -6.70609 -7.62939e-07
      vertex -1.61761 -6.03703 -7.62939e-07
      vertex -1.84666 -6.89188 -7.62939e-07
    endloop
  endfacet
  facet normal -0 0 -1
    outer loop
      vertex -1.61761 -6.03703 -7.62939e-07
      vertex -2.394 -6.70609 -7.62939e-07
      vertex -2.13762 -5.87308 -7.62939e-07
    endloop
  endfacet
  facet normal 0 0 -1
    outer loop
      vertex -2.64136 -5.66441 -7.62939e-07
      vertex -2.394 -6.70609 -7.62939e-07
      vertex -2.39548 -6.71022 -7.62939e-07
    endloop
  endfacet
  facet normal 0 0 -1
    outer loop
      vertex -2.394 -6.70609 -7.62939e-07
      vertex -2.64136 -5.66441 -7.62939e-07
      vertex -2.13762 -5.87308 -7.62939e-07
    endloop
  endfacet
  facet normal 0 0 -1
    outer loop
      vertex -3.125 -5.41266 -7.62939e-07
      vertex -2.39548 -6.71022 -7.62939e-07
      vertex -3.11963 -7.86082 -7.62939e-07
    endloop
  endfacet
  facet normal 0 0 -1
    outer loop
      vertex -2.39548 -6.71022 -7.62939e-07
      vertex -3.125 -5.41266 -7.62939e-07
      vertex -2.64136 -5.66441 -7.62939e-07
    endloop
  endfacet
  facet normal 0 0 -1
    outer loop
      vertex -5.24785 -6.6321 -7.62939e-07
      vertex -3.11963 -7.86082 -7.62939e-07
      vertex -3.25331 -8.08238 -7.62939e-07
    endloop
  endfacet
  facet normal 0 0 -1
    outer loop
      vertex -5.37288 -6.85864 -7.62939e-07
      vertex -3.25331 -8.08238 -7.62939e-07
      vertex -3.42126 -8.28966 -7.62939e-07
    endloop
  endfacet
  facet normal 0 0 -1
    outer loop
      vertex -3.11963 -7.86082 -7.62939e-07
      vertex -5.24785 -6.6321 -7.62939e-07
      vertex -3.125 -5.41266 -7.62939e-07
    endloop
  endfacet
  facet normal 0 0 -1
    outer loop
      vertex -5.46841 -7.10774 -7.62939e-07
      vertex -3.42126 -8.28966 -7.62939e-07
      vertex -3.61302 -8.48615 -7.62939e-07
    endloop
  endfacet
  facet normal 0 0 -1
    outer loop
      vertex -5.54269 -7.37204 -7.62939e-07
      vertex -3.61302 -8.48615 -7.62939e-07
      vertex -3.82495 -8.67258 -7.62939e-07
    endloop
  endfacet
  facet normal 0 -0 -1
    outer loop
      vertex -4.61348 -5.42966 -7.62939e-07
      vertex -3.125 -5.41266 -7.62939e-07
      vertex -5.24785 -6.6321 -7.62939e-07
    endloop
  endfacet
  facet normal 0 0 -1
    outer loop
      vertex -5.59819 -7.64879 -7.62939e-07
      vertex -3.82495 -8.67258 -7.62939e-07
      vertex -4.05502 -8.84908 -7.62939e-07
    endloop
  endfacet
  facet normal 0 0 -1
    outer loop
      vertex -5.63602 -7.93629 -7.62939e-07
      vertex -4.05502 -8.84908 -7.62939e-07
      vertex -4.30185 -9.01553 -7.62939e-07
    endloop
  endfacet
  facet normal -0 0 -1
    outer loop
      vertex -3.58484 -5.11969 -7.62939e-07
      vertex -4.61063 -5.4263 -7.62939e-07
      vertex -4.01741 -4.78777 -7.62939e-07
    endloop
  endfacet
  facet normal 0 0 -1
    outer loop
      vertex -5.65675 -8.23328 -7.62939e-07
      vertex -4.30185 -9.01553 -7.62939e-07
      vertex -4.56436 -9.17165 -7.62939e-07
    endloop
  endfacet
  facet normal -0 0 -1
    outer loop
      vertex -4.01741 -4.78777 -7.62939e-07
      vertex -4.61063 -5.4263 -7.62939e-07
      vertex -4.4194 -4.4194 -7.62939e-07
    endloop
  endfacet
  facet normal 0 0 -1
    outer loop
      vertex -5.0452 -5.0452 -7.62939e-07
      vertex -4.4194 -4.4194 -7.62939e-07
      vertex -4.61063 -5.4263 -7.62939e-07
    endloop
  endfacet
  facet normal 0 0 -1
    outer loop
      vertex -5.4263 -4.61063 -7.62939e-07
      vertex -4.4194 -4.4194 -7.62939e-07
      vertex -5.0452 -5.0452 -7.62939e-07
    endloop
  endfacet
  facet normal -0 0 -1
    outer loop
      vertex -4.4194 -4.4194 -7.62939e-07
      vertex -5.4263 -4.61063 -7.62939e-07
      vertex -4.78777 -4.01741 -7.62939e-07
    endloop
  endfacet
  facet normal -0 0 -1
    outer loop
      vertex -4.78777 -4.01741 -7.62939e-07
      vertex -5.4263 -4.61063 -7.62939e-07
      vertex -5.11969 -3.58484 -7.62939e-07
    endloop
  endfacet
  facet normal -0 0 -1
    outer loop
      vertex -5.11969 -3.58484 -7.62939e-07
      vertex -5.4263 -4.61063 -7.62939e-07
      vertex -5.41266 -3.125 -7.62939e-07
    endloop
  endfacet
  facet normal 0 0 -1
    outer loop
      vertex -5.42966 -4.61348 -7.62939e-07
      vertex -5.41266 -3.125 -7.62939e-07
      vertex -5.4263 -4.61063 -7.62939e-07
    endloop
  endfacet
  facet normal 0 0 -1
    outer loop
      vertex -6.6321 -5.24785 -7.62939e-07
      vertex -5.41266 -3.125 -7.62939e-07
      vertex -5.42966 -4.61348 -7.62939e-07
    endloop
  endfacet
  facet normal 0 0 -1
    outer loop
      vertex -5.41266 -3.125 -7.62939e-07
      vertex -6.70609 -2.394 -7.62939e-07
      vertex -5.66441 -2.64136 -7.62939e-07
    endloop
  endfacet
  facet normal 0 0 -1
    outer loop
      vertex -5.66441 -2.64136 -7.62939e-07
      vertex -6.70609 -2.394 -7.62939e-07
      vertex -5.87308 -2.13762 -7.62939e-07
    endloop
  endfacet
  facet normal -0 0 -1
    outer loop
      vertex -5.87308 -2.13762 -7.62939e-07
      vertex -6.70609 -2.394 -7.62939e-07
      vertex -6.03703 -1.61761 -7.62939e-07
    endloop
  endfacet
  facet normal 0 0 -1
    outer loop
      vertex -7.00464 -1.27977 -7.62939e-07
      vertex -6.03703 -1.61761 -7.62939e-07
      vertex -6.89188 -1.84666 -7.62939e-07
    endloop
  endfacet
  facet normal 0 0 -1
    outer loop
      vertex -6.89188 -1.84666 -7.62939e-07
      vertex -6.03703 -1.61761 -7.62939e-07
      vertex -6.70609 -2.394 -7.62939e-07
    endloop
  endfacet
  facet normal 0 0 -1
    outer loop
      vertex -7.86082 -3.11963 -7.62939e-07
      vertex -5.41266 -3.125 -7.62939e-07
      vertex -6.6321 -5.24785 -7.62939e-07
    endloop
  endfacet
  facet normal 0 0 -1
    outer loop
      vertex 6.15504 1.0853 -7.62939e-07
      vertex 6.70609 2.394 -7.62939e-07
      vertex 6.22621 0.544708 -7.62939e-07
    endloop
  endfacet
  facet normal 0 0 -1
    outer loop
      vertex 6.03703 1.61761 -7.62939e-07
      vertex 6.70609 2.394 -7.62939e-07
      vertex 6.15504 1.0853 -7.62939e-07
    endloop
  endfacet
  facet normal 0 0 -1
    outer loop
      vertex 5.87308 2.13762 -7.62939e-07
      vertex 6.70609 2.394 -7.62939e-07
      vertex 6.03703 1.61761 -7.62939e-07
    endloop
  endfacet
  facet normal 0 0 -1
    outer loop
      vertex 5.66441 2.64136 -7.62939e-07
      vertex 6.70609 2.394 -7.62939e-07
      vertex 5.87308 2.13762 -7.62939e-07
    endloop
  endfacet
  facet normal 0 0 -1
    outer loop
      vertex 5.41266 3.125 -7.62939e-07
      vertex 6.70609 2.394 -7.62939e-07
      vertex 5.66441 2.64136 -7.62939e-07
    endloop
  endfacet
  facet normal 0 0 -1
    outer loop
      vertex 7.86082 3.11963 -7.62939e-07
      vertex 5.41266 3.125 -7.62939e-07
      vertex 6.6321 5.24785 -7.62939e-07
    endloop
  endfacet
  facet normal 0 0 -1
    outer loop
      vertex 6.6321 5.24785 -7.62939e-07
      vertex 5.41266 3.125 -7.62939e-07
      vertex 5.42966 4.61348 -7.62939e-07
    endloop
  endfacet
  facet normal 0 0 -1
    outer loop
      vertex 5.42966 4.61348 -7.62939e-07
      vertex 5.41266 3.125 -7.62939e-07
      vertex 5.4263 4.61063 -7.62939e-07
    endloop
  endfacet
  facet normal 0 0 -1
    outer loop
      vertex 5.11969 3.58484 -7.62939e-07
      vertex 5.4263 4.61063 -7.62939e-07
      vertex 5.41266 3.125 -7.62939e-07
    endloop
  endfacet
  facet normal 0 0 -1
    outer loop
      vertex 4.78777 4.01741 -7.62939e-07
      vertex 5.4263 4.61063 -7.62939e-07
      vertex 5.11969 3.58484 -7.62939e-07
    endloop
  endfacet
  facet normal 0 0 -1
    outer loop
      vertex 4.4194 4.4194 -7.62939e-07
      vertex 5.4263 4.61063 -7.62939e-07
      vertex 4.78777 4.01741 -7.62939e-07
    endloop
  endfacet
  facet normal -0 0 -1
    outer loop
      vertex 5.4263 4.61063 -7.62939e-07
      vertex 4.4194 4.4194 -7.62939e-07
      vertex 5.0452 5.0452 -7.62939e-07
    endloop
  endfacet
  facet normal -0 0 -1
    outer loop
      vertex 5.0452 5.0452 -7.62939e-07
      vertex 4.4194 4.4194 -7.62939e-07
      vertex 4.61063 5.4263 -7.62939e-07
    endloop
  endfacet
  facet normal 0 0 -1
    outer loop
      vertex 4.01741 4.78777 -7.62939e-07
      vertex 4.61063 5.4263 -7.62939e-07
      vertex 4.4194 4.4194 -7.62939e-07
    endloop
  endfacet
  facet normal 0 0 -1
    outer loop
      vertex 3.58484 5.11969 -7.62939e-07
      vertex 4.61063 5.4263 -7.62939e-07
      vertex 4.01741 4.78777 -7.62939e-07
    endloop
  endfacet
  facet normal 0 0 -1
    outer loop
      vertex 4.61063 5.4263 -7.62939e-07
      vertex 4.30185 9.01553 -7.62939e-07
      vertex 4.56436 9.17165 -7.62939e-07
    endloop
  endfacet
  facet normal 0 0 -1
    outer loop
      vertex 4.61063 5.4263 -7.62939e-07
      vertex 4.05502 8.84908 -7.62939e-07
      vertex 4.30185 9.01553 -7.62939e-07
    endloop
  endfacet
  facet normal 0 0 -1
    outer loop
      vertex 4.61063 5.4263 -7.62939e-07
      vertex 3.82495 8.67258 -7.62939e-07
      vertex 4.05502 8.84908 -7.62939e-07
    endloop
  endfacet
  facet normal 0 0 -1
    outer loop
      vertex 4.61063 5.4263 -7.62939e-07
      vertex 3.61302 8.48615 -7.62939e-07
      vertex 3.82495 8.67258 -7.62939e-07
    endloop
  endfacet
  facet normal 0 0 -1
    outer loop
      vertex 3.38031 5.25 -7.62939e-07
      vertex 4.61063 5.4263 -7.62939e-07
      vertex 3.58484 5.11969 -7.62939e-07
    endloop
  endfacet
  facet normal 0 0 -1
    outer loop
      vertex 4.61063 5.4263 -7.62939e-07
      vertex 3.42126 8.28966 -7.62939e-07
      vertex 3.61302 8.48615 -7.62939e-07
    endloop
  endfacet
  facet normal -0 0 -1
    outer loop
      vertex 4.61063 5.4263 -7.62939e-07
      vertex 3.38031 5.25 -7.62939e-07
      vertex 3.11963 7.86082 -7.62939e-07
    endloop
  endfacet
  facet normal 0 -0 -1
    outer loop
      vertex 3.25331 8.08238 -7.62939e-07
      vertex 4.61063 5.4263 -7.62939e-07
      vertex 3.11963 7.86082 -7.62939e-07
    endloop
  endfacet
  facet normal 0 0 -1
    outer loop
      vertex 4.61063 5.4263 -7.62939e-07
      vertex 3.25331 8.08238 -7.62939e-07
      vertex 3.42126 8.28966 -7.62939e-07
    endloop
  endfacet
  facet normal 0 0 -1
    outer loop
      vertex 3.38031 5.25 -7.62939e-07
      vertex 2.39548 6.71022 -7.62939e-07
      vertex 3.11963 7.86082 -7.62939e-07
    endloop
  endfacet
  facet normal 0 0 -1
    outer loop
      vertex 3.38031 5.25 -7.62939e-07
      vertex 2.394 6.70609 -7.62939e-07
      vertex 2.39548 6.71022 -7.62939e-07
    endloop
  endfacet
  facet normal 0 0 -1
    outer loop
      vertex 3.38031 5.25 -7.62939e-07
      vertex 1.84666 6.89188 -7.62939e-07
      vertex 2.394 6.70609 -7.62939e-07
    endloop
  endfacet
  facet normal 0 0 -1
    outer loop
      vertex 3.38031 5.25 -7.62939e-07
      vertex 1.27977 7.00464 -7.62939e-07
      vertex 1.84666 6.89188 -7.62939e-07
    endloop
  endfacet
  facet normal 0 0 -1
    outer loop
      vertex -1.22374 8.62621 -7.62939e-07
      vertex 1.22374 8.62621 -7.62939e-07
      vertex 1.22873 8.36749 -7.62939e-07
    endloop
  endfacet
  facet normal 0 0 -1
    outer loop
      vertex 1.28056 7.00897 -7.62939e-07
      vertex -1.22873 8.36749 -7.62939e-07
      vertex 1.22873 8.36749 -7.62939e-07
    endloop
  endfacet
  facet normal 0 -0 -1
    outer loop
      vertex -1.22374 8.62621 -7.62939e-07
      vertex 1.22873 8.36749 -7.62939e-07
      vertex -1.22873 8.36749 -7.62939e-07
    endloop
  endfacet
  facet normal 0 0 -1
    outer loop
      vertex 1.22374 8.62621 -7.62939e-07
      vertex -1.22374 8.62621 -7.62939e-07
      vertex 1.18192 8.88969 -7.62939e-07
    endloop
  endfacet
  facet normal 0 -0 -1
    outer loop
      vertex -1.18192 8.88969 -7.62939e-07
      vertex 1.18192 8.88969 -7.62939e-07
      vertex -1.22374 8.62621 -7.62939e-07
    endloop
  endfacet
  facet normal 0 0 -1
    outer loop
      vertex 1.18192 8.88969 -7.62939e-07
      vertex -1.18192 8.88969 -7.62939e-07
      vertex 1.11411 9.15573 -7.62939e-07
    endloop
  endfacet
  facet normal 0 -0 -1
    outer loop
      vertex -1.11411 9.15573 -7.62939e-07
      vertex 1.11411 9.15573 -7.62939e-07
      vertex -1.18192 8.88969 -7.62939e-07
    endloop
  endfacet
  facet normal 0 0 -1
    outer loop
      vertex 1.02379 9.42316 -7.62939e-07
      vertex -1.02379 9.42316 -7.62939e-07
      vertex 0.912781 9.69106 -7.62939e-07
    endloop
  endfacet
  facet normal 0 0 -1
    outer loop
      vertex 0.912781 9.69106 -7.62939e-07
      vertex -0.912781 9.69106 -7.62939e-07
      vertex 0.782257 9.95862 -7.62939e-07
    endloop
  endfacet
  facet normal -0 0 -1
    outer loop
      vertex 0.465515 10.4897 -7.62939e-07
      vertex -0.632965 10.2251 -7.62939e-07
      vertex -0.465515 10.4897 -7.62939e-07
    endloop
  endfacet
  facet normal 0 0 -1
    outer loop
      vertex 0.632965 10.2251 -7.62939e-07
      vertex -0.632965 10.2251 -7.62939e-07
      vertex 0.465515 10.4897 -7.62939e-07
    endloop
  endfacet
  facet normal 0 -0 -1
    outer loop
      vertex -0.632965 10.2251 -7.62939e-07
      vertex 0.632965 10.2251 -7.62939e-07
      vertex -0.782257 9.95862 -7.62939e-07
    endloop
  endfacet
  facet normal 0 0 -1
    outer loop
      vertex 0.782257 9.95862 -7.62939e-07
      vertex -0.782257 9.95862 -7.62939e-07
      vertex 0.632965 10.2251 -7.62939e-07
    endloop
  endfacet
  facet normal 0 -0 -1
    outer loop
      vertex -0.782257 9.95862 -7.62939e-07
      vertex 0.782257 9.95862 -7.62939e-07
      vertex -0.912781 9.69106 -7.62939e-07
    endloop
  endfacet
  facet normal 0 -0 -1
    outer loop
      vertex -0.912781 9.69106 -7.62939e-07
      vertex 0.912781 9.69106 -7.62939e-07
      vertex -1.02379 9.42316 -7.62939e-07
    endloop
  endfacet
  facet normal 0 0 -1
    outer loop
      vertex -1.27977 7.00464 -7.62939e-07
      vertex 1.27977 7.00464 -7.62939e-07
      vertex 3.38031 5.25 -7.62939e-07
    endloop
  endfacet
  facet normal 0 0 -1
    outer loop
      vertex 1.11411 9.15573 -7.62939e-07
      vertex -1.11411 9.15573 -7.62939e-07
      vertex 1.02379 9.42316 -7.62939e-07
    endloop
  endfacet
  facet normal 0 -0 -1
    outer loop
      vertex -1.02379 9.42316 -7.62939e-07
      vertex 1.02379 9.42316 -7.62939e-07
      vertex -1.11411 9.15573 -7.62939e-07
    endloop
  endfacet
  facet normal 0 0 -1
    outer loop
      vertex 1.27977 7.00464 -7.62939e-07
      vertex -1.27977 7.00464 -7.62939e-07
      vertex -1.28056 7.00897 -7.62939e-07
    endloop
  endfacet
  facet normal 0 0 -1
    outer loop
      vertex -3.38031 5.25 -7.62939e-07
      vertex -1.27977 7.00464 -7.62939e-07
      vertex 3.38031 5.25 -7.62939e-07
    endloop
  endfacet
  facet normal 0 0 -1
    outer loop
      vertex -1.27977 7.00464 -7.62939e-07
      vertex -3.38031 5.25 -7.62939e-07
      vertex -1.84666 6.89188 -7.62939e-07
    endloop
  endfacet
  facet normal 0 0 -1
    outer loop
      vertex -3.38031 5.25 -7.62939e-07
      vertex -2.39548 6.71022 -7.62939e-07
      vertex -2.394 6.70609 -7.62939e-07
    endloop
  endfacet
  facet normal 0 0 -1
    outer loop
      vertex -1.84666 6.89188 -7.62939e-07
      vertex -3.38031 5.25 -7.62939e-07
      vertex -2.394 6.70609 -7.62939e-07
    endloop
  endfacet
  facet normal -0 0 -1
    outer loop
      vertex -2.39548 6.71022 -7.62939e-07
      vertex -3.38031 5.25 -7.62939e-07
      vertex -3.11963 7.86082 -7.62939e-07
    endloop
  endfacet
  facet normal 0 0 -1
    outer loop
      vertex -5.24785 6.6321 -7.62939e-07
      vertex -3.11963 7.86082 -7.62939e-07
      vertex -3.38031 5.25 -7.62939e-07
    endloop
  endfacet
  facet normal -0 0 -1
    outer loop
      vertex -3.11963 7.86082 -7.62939e-07
      vertex -5.24785 6.6321 -7.62939e-07
      vertex -3.25331 8.08238 -7.62939e-07
    endloop
  endfacet
  facet normal 0 0 -1
    outer loop
      vertex -4.61063 5.4263 -7.62939e-07
      vertex -3.38031 5.25 -7.62939e-07
      vertex -3.58484 5.11969 -7.62939e-07
    endloop
  endfacet
  facet normal 0 0 -1
    outer loop
      vertex -5.37288 6.85864 -7.62939e-07
      vertex -3.25331 8.08238 -7.62939e-07
      vertex -5.24785 6.6321 -7.62939e-07
    endloop
  endfacet
  facet normal -0 0 -1
    outer loop
      vertex -3.25331 8.08238 -7.62939e-07
      vertex -5.37288 6.85864 -7.62939e-07
      vertex -3.42126 8.28966 -7.62939e-07
    endloop
  endfacet
  facet normal 0 0 -1
    outer loop
      vertex -4.61063 5.4263 -7.62939e-07
      vertex -3.58484 5.11969 -7.62939e-07
      vertex -4.01741 4.78777 -7.62939e-07
    endloop
  endfacet
  facet normal 0 0 -1
    outer loop
      vertex -3.38031 5.25 -7.62939e-07
      vertex -4.61063 5.4263 -7.62939e-07
      vertex -4.61348 5.42966 -7.62939e-07
    endloop
  endfacet
  facet normal 0 0 -1
    outer loop
      vertex -3.38031 5.25 -7.62939e-07
      vertex -4.61348 5.42966 -7.62939e-07
      vertex -5.24785 6.6321 -7.62939e-07
    endloop
  endfacet
  facet normal 0 0 -1
    outer loop
      vertex -4.61063 5.4263 -7.62939e-07
      vertex -4.01741 4.78777 -7.62939e-07
      vertex -4.4194 4.4194 -7.62939e-07
    endloop
  endfacet
  facet normal 0 0 -1
    outer loop
      vertex -5.46841 7.10774 -7.62939e-07
      vertex -3.42126 8.28966 -7.62939e-07
      vertex -5.37288 6.85864 -7.62939e-07
    endloop
  endfacet
  facet normal -0 0 -1
    outer loop
      vertex -3.42126 8.28966 -7.62939e-07
      vertex -5.46841 7.10774 -7.62939e-07
      vertex -3.61302 8.48615 -7.62939e-07
    endloop
  endfacet
  facet normal 0 0 -1
    outer loop
      vertex -5.4263 4.61063 -7.62939e-07
      vertex -4.4194 4.4194 -7.62939e-07
      vertex -4.78777 4.01741 -7.62939e-07
    endloop
  endfacet
  facet normal 0 0 -1
    outer loop
      vertex -4.4194 4.4194 -7.62939e-07
      vertex -5.0452 5.0452 -7.62939e-07
      vertex -4.61063 5.4263 -7.62939e-07
    endloop
  endfacet
  facet normal 0 0 -1
    outer loop
      vertex -5.4263 4.61063 -7.62939e-07
      vertex -4.78777 4.01741 -7.62939e-07
      vertex -5.11969 3.58484 -7.62939e-07
    endloop
  endfacet
  facet normal 0 0 -1
    outer loop
      vertex -5.4263 4.61063 -7.62939e-07
      vertex -5.11969 3.58484 -7.62939e-07
      vertex -5.41266 3.125 -7.62939e-07
    endloop
  endfacet
  facet normal 0 0 -1
    outer loop
      vertex -4.4194 4.4194 -7.62939e-07
      vertex -5.4263 4.61063 -7.62939e-07
      vertex -5.0452 5.0452 -7.62939e-07
    endloop
  endfacet
  facet normal 0 0 -1
    outer loop
      vertex -5.41266 3.125 -7.62939e-07
      vertex -5.42966 4.61348 -7.62939e-07
      vertex -5.4263 4.61063 -7.62939e-07
    endloop
  endfacet
  facet normal 0 0 -1
    outer loop
      vertex -6.71022 2.39548 -7.62939e-07
      vertex -5.41266 3.125 -7.62939e-07
      vertex -5.66441 2.64136 -7.62939e-07
    endloop
  endfacet
  facet normal 0 0 -1
    outer loop
      vertex -6.70609 2.394 -7.62939e-07
      vertex -5.66441 2.64136 -7.62939e-07
      vertex -5.87308 2.13762 -7.62939e-07
    endloop
  endfacet
  facet normal 0 0 -1
    outer loop
      vertex -6.70609 2.394 -7.62939e-07
      vertex -5.87308 2.13762 -7.62939e-07
      vertex -6.03703 1.61761 -7.62939e-07
    endloop
  endfacet
  facet normal 0 0 -1
    outer loop
      vertex -7.00464 1.27977 -7.62939e-07
      vertex -6.03703 1.61761 -7.62939e-07
      vertex -6.15504 1.0853 -7.62939e-07
    endloop
  endfacet
  facet normal 0 0 -1
    outer loop
      vertex -6.03703 -1.61761 -7.62939e-07
      vertex -7.00464 -1.27977 -7.62939e-07
      vertex -6.15504 -1.0853 -7.62939e-07
    endloop
  endfacet
  facet normal 0 0 -1
    outer loop
      vertex -6.71022 2.39548 -7.62939e-07
      vertex -5.66441 2.64136 -7.62939e-07
      vertex -6.70609 2.394 -7.62939e-07
    endloop
  endfacet
  facet normal 0 0 -1
    outer loop
      vertex -7.00464 1.27977 -7.62939e-07
      vertex -6.15504 1.0853 -7.62939e-07
      vertex -6.22621 0.544708 -7.62939e-07
    endloop
  endfacet
  facet normal -0 0 -1
    outer loop
      vertex -6.15504 -1.0853 -7.62939e-07
      vertex -7.00464 -1.27977 -7.62939e-07
      vertex -6.22621 -0.544708 -7.62939e-07
    endloop
  endfacet
  facet normal -0 0 -1
    outer loop
      vertex -6.22621 -0.544708 -7.62939e-07
      vertex -7.00464 -1.27977 -7.62939e-07
      vertex -6.25 0 -7.62939e-07
    endloop
  endfacet
  facet normal 0 0 -1
    outer loop
      vertex -5.41266 -3.125 -7.62939e-07
      vertex -6.71022 -2.39548 -7.62939e-07
      vertex -6.70609 -2.394 -7.62939e-07
    endloop
  endfacet
  facet normal 0 0 -1
    outer loop
      vertex -7.86082 -3.11963 -7.62939e-07
      vertex -6.6321 -5.24785 -7.62939e-07
      vertex -6.85864 -5.37288 -7.62939e-07
    endloop
  endfacet
  facet normal 0 0 -1
    outer loop
      vertex -8.08238 -3.25331 -7.62939e-07
      vertex -6.85864 -5.37288 -7.62939e-07
      vertex -7.10774 -5.46841 -7.62939e-07
    endloop
  endfacet
  facet normal 0 0 -1
    outer loop
      vertex -8.28966 -3.42126 -7.62939e-07
      vertex -7.10774 -5.46841 -7.62939e-07
      vertex -7.37204 -5.54269 -7.62939e-07
    endloop
  endfacet
  facet normal 0 0 -1
    outer loop
      vertex -8.48615 -3.61302 -7.62939e-07
      vertex -7.37204 -5.54269 -7.62939e-07
      vertex -7.64879 -5.59819 -7.62939e-07
    endloop
  endfacet
  facet normal 0 0 -1
    outer loop
      vertex -5.41266 -3.125 -7.62939e-07
      vertex -7.86082 -3.11963 -7.62939e-07
      vertex -6.71022 -2.39548 -7.62939e-07
    endloop
  endfacet
  facet normal 0 0 -1
    outer loop
      vertex -8.67258 -3.82495 -7.62939e-07
      vertex -7.64879 -5.59819 -7.62939e-07
      vertex -7.93629 -5.63602 -7.62939e-07
    endloop
  endfacet
  facet normal 0 0 -1
    outer loop
      vertex -6.85864 -5.37288 -7.62939e-07
      vertex -8.08238 -3.25331 -7.62939e-07
      vertex -7.86082 -3.11963 -7.62939e-07
    endloop
  endfacet
  facet normal 0 0 -1
    outer loop
      vertex -8.84908 -4.05502 -7.62939e-07
      vertex -7.93629 -5.63602 -7.62939e-07
      vertex -8.23328 -5.65675 -7.62939e-07
    endloop
  endfacet
  facet normal 0 0 -1
    outer loop
      vertex -7.10774 -5.46841 -7.62939e-07
      vertex -8.28966 -3.42126 -7.62939e-07
      vertex -8.08238 -3.25331 -7.62939e-07
    endloop
  endfacet
  facet normal 0 0 -1
    outer loop
      vertex -7.37204 -5.54269 -7.62939e-07
      vertex -8.48615 -3.61302 -7.62939e-07
      vertex -8.28966 -3.42126 -7.62939e-07
    endloop
  endfacet
  facet normal 0 0 -1
    outer loop
      vertex -9.01553 -4.30185 -7.62939e-07
      vertex -8.23328 -5.65675 -7.62939e-07
      vertex -8.53868 -5.66069 -7.62939e-07
    endloop
  endfacet
  facet normal 0 0 -1
    outer loop
      vertex -7.64879 -5.59819 -7.62939e-07
      vertex -8.67258 -3.82495 -7.62939e-07
      vertex -8.48615 -3.61302 -7.62939e-07
    endloop
  endfacet
  facet normal 0 0 -1
    outer loop
      vertex -7.93629 -5.63602 -7.62939e-07
      vertex -8.84908 -4.05502 -7.62939e-07
      vertex -8.67258 -3.82495 -7.62939e-07
    endloop
  endfacet
  facet normal 0 0 -1
    outer loop
      vertex -9.17165 -4.56436 -7.62939e-07
      vertex -8.53868 -5.66069 -7.62939e-07
      vertex -8.85156 -5.64798 -7.62939e-07
    endloop
  endfacet
  facet normal 0 0 -1
    outer loop
      vertex -8.23328 -5.65675 -7.62939e-07
      vertex -9.01553 -4.30185 -7.62939e-07
      vertex -8.84908 -4.05502 -7.62939e-07
    endloop
  endfacet
  facet normal 0 0 -1
    outer loop
      vertex -8.53868 -5.66069 -7.62939e-07
      vertex -9.17165 -4.56436 -7.62939e-07
      vertex -9.01553 -4.30185 -7.62939e-07
    endloop
  endfacet
  facet normal 0 -0 -1
    outer loop
      vertex -9.17165 -4.56436 -7.62939e-07
      vertex -8.85156 -5.64798 -7.62939e-07
      vertex -9.31708 -4.84167 -7.62939e-07
    endloop
  endfacet
  facet normal 0 0 -1
    outer loop
      vertex 4.56436 9.17165 -7.62939e-07
      vertex 5.66069 8.53868 -7.62939e-07
      vertex 5.65675 8.23328 -7.62939e-07
    endloop
  endfacet
  facet normal 0 0 -1
    outer loop
      vertex 4.56436 9.17165 -7.62939e-07
      vertex 5.65675 8.23328 -7.62939e-07
      vertex 5.63602 7.93629 -7.62939e-07
    endloop
  endfacet
  facet normal 0 0 -1
    outer loop
      vertex 4.56436 9.17165 -7.62939e-07
      vertex 5.63602 7.93629 -7.62939e-07
      vertex 5.59819 7.64879 -7.62939e-07
    endloop
  endfacet
  facet normal 0 0 -1
    outer loop
      vertex 4.56436 9.17165 -7.62939e-07
      vertex 5.59819 7.64879 -7.62939e-07
      vertex 5.54269 7.37204 -7.62939e-07
    endloop
  endfacet
  facet normal 0 0 -1
    outer loop
      vertex 4.56436 9.17165 -7.62939e-07
      vertex 5.54269 7.37204 -7.62939e-07
      vertex 5.46841 7.10774 -7.62939e-07
    endloop
  endfacet
  facet normal 0 0 -1
    outer loop
      vertex 4.56436 9.17165 -7.62939e-07
      vertex 5.46841 7.10774 -7.62939e-07
      vertex 5.37288 6.85864 -7.62939e-07
    endloop
  endfacet
  facet normal 0 0 -1
    outer loop
      vertex 4.56436 9.17165 -7.62939e-07
      vertex 5.37288 6.85864 -7.62939e-07
      vertex 5.24785 6.6321 -7.62939e-07
    endloop
  endfacet
  facet normal 0 0 -1
    outer loop
      vertex 5.66069 8.53868 -7.62939e-07
      vertex 4.56436 9.17165 -7.62939e-07
      vertex 5.64798 8.85156 -7.62939e-07
    endloop
  endfacet
  facet normal 0 0 -1
    outer loop
      vertex 4.56436 9.17165 -7.62939e-07
      vertex 5.24785 6.6321 -7.62939e-07
      vertex 4.61348 5.42966 -7.62939e-07
    endloop
  endfacet
  facet normal 0 0 -1
    outer loop
      vertex 4.56436 9.17165 -7.62939e-07
      vertex 4.61348 5.42966 -7.62939e-07
      vertex 4.61063 5.4263 -7.62939e-07
    endloop
  endfacet
  facet normal 0 0 -1
    outer loop
      vertex 5.64798 8.85156 -7.62939e-07
      vertex 4.56436 9.17165 -7.62939e-07
      vertex 4.84167 9.31708 -7.62939e-07
    endloop
  endfacet
  facet normal 0 0 -1
    outer loop
      vertex -7.00897 -1.28056 -7.62939e-07
      vertex -6.25 0 -7.62939e-07
      vertex -7.00464 -1.27977 -7.62939e-07
    endloop
  endfacet
  facet normal 0 0 -1
    outer loop
      vertex -8.36749 -1.22873 -7.62939e-07
      vertex -6.25 0 -7.62939e-07
      vertex -7.00897 -1.28056 -7.62939e-07
    endloop
  endfacet
  facet normal -0 0 -1
    outer loop
      vertex -6.03703 1.61761 -7.62939e-07
      vertex -7.00464 1.27977 -7.62939e-07
      vertex -6.89188 1.84666 -7.62939e-07
    endloop
  endfacet
  facet normal 0 0 -1
    outer loop
      vertex -6.03703 1.61761 -7.62939e-07
      vertex -6.89188 1.84666 -7.62939e-07
      vertex -6.70609 2.394 -7.62939e-07
    endloop
  endfacet
  facet normal 0 0 -1
    outer loop
      vertex -6.25 0 -7.62939e-07
      vertex -7.00897 1.28056 -7.62939e-07
      vertex -6.22621 0.544708 -7.62939e-07
    endloop
  endfacet
  facet normal 0 0 -1
    outer loop
      vertex -6.22621 0.544708 -7.62939e-07
      vertex -7.00897 1.28056 -7.62939e-07
      vertex -7.00464 1.27977 -7.62939e-07
    endloop
  endfacet
  facet normal 0 0 -1
    outer loop
      vertex -8.36749 1.22873 -7.62939e-07
      vertex -6.25 0 -7.62939e-07
      vertex -8.36749 -1.22873 -7.62939e-07
    endloop
  endfacet
  facet normal 0 0 -1
    outer loop
      vertex -6.25 0 -7.62939e-07
      vertex -8.36749 1.22873 -7.62939e-07
      vertex -7.00897 1.28056 -7.62939e-07
    endloop
  endfacet
  facet normal 0 0 -1
    outer loop
      vertex -8.62621 -1.22374 -7.62939e-07
      vertex -8.36749 1.22873 -7.62939e-07
      vertex -8.36749 -1.22873 -7.62939e-07
    endloop
  endfacet
  facet normal 0 0 -1
    outer loop
      vertex -8.62621 -1.22374 -7.62939e-07
      vertex -8.62621 1.22374 -7.62939e-07
      vertex -8.36749 1.22873 -7.62939e-07
    endloop
  endfacet
  facet normal 0 0 -1
    outer loop
      vertex -8.88969 -1.18192 -7.62939e-07
      vertex -8.62621 1.22374 -7.62939e-07
      vertex -8.62621 -1.22374 -7.62939e-07
    endloop
  endfacet
  facet normal 0 0 -1
    outer loop
      vertex -8.88969 -1.18192 -7.62939e-07
      vertex -8.88969 1.18192 -7.62939e-07
      vertex -8.62621 1.22374 -7.62939e-07
    endloop
  endfacet
  facet normal 0 0 -1
    outer loop
      vertex -9.15573 -1.11411 -7.62939e-07
      vertex -8.88969 1.18192 -7.62939e-07
      vertex -8.88969 -1.18192 -7.62939e-07
    endloop
  endfacet
  facet normal 0 0 -1
    outer loop
      vertex -9.15573 -1.11411 -7.62939e-07
      vertex -9.15573 1.11411 -7.62939e-07
      vertex -8.88969 1.18192 -7.62939e-07
    endloop
  endfacet
  facet normal 0 0 -1
    outer loop
      vertex -9.42316 -1.02379 -7.62939e-07
      vertex -9.15573 1.11411 -7.62939e-07
      vertex -9.15573 -1.11411 -7.62939e-07
    endloop
  endfacet
  facet normal 0 0 -1
    outer loop
      vertex -9.42316 -1.02379 -7.62939e-07
      vertex -9.42316 1.02379 -7.62939e-07
      vertex -9.15573 1.11411 -7.62939e-07
    endloop
  endfacet
  facet normal 0 0 -1
    outer loop
      vertex -9.69106 -0.912781 -7.62939e-07
      vertex -9.42316 1.02379 -7.62939e-07
      vertex -9.42316 -1.02379 -7.62939e-07
    endloop
  endfacet
  facet normal 0 0 -1
    outer loop
      vertex -9.69106 -0.912781 -7.62939e-07
      vertex -9.69106 0.912781 -7.62939e-07
      vertex -9.42316 1.02379 -7.62939e-07
    endloop
  endfacet
  facet normal 0 0 -1
    outer loop
      vertex -9.95862 -0.782257 -7.62939e-07
      vertex -9.69106 0.912781 -7.62939e-07
      vertex -9.69106 -0.912781 -7.62939e-07
    endloop
  endfacet
  facet normal 0 0 -1
    outer loop
      vertex -9.95862 -0.782257 -7.62939e-07
      vertex -9.95862 0.782257 -7.62939e-07
      vertex -9.69106 0.912781 -7.62939e-07
    endloop
  endfacet
  facet normal 0 0 -1
    outer loop
      vertex -10.2251 -0.632965 -7.62939e-07
      vertex -9.95862 0.782257 -7.62939e-07
      vertex -9.95862 -0.782257 -7.62939e-07
    endloop
  endfacet
  facet normal 0 0 -1
    outer loop
      vertex -10.2251 -0.632965 -7.62939e-07
      vertex -10.2251 0.632965 -7.62939e-07
      vertex -9.95862 0.782257 -7.62939e-07
    endloop
  endfacet
  facet normal 0 0 -1
    outer loop
      vertex -10.4897 -0.465515 -7.62939e-07
      vertex -10.2251 0.632965 -7.62939e-07
      vertex -10.2251 -0.632965 -7.62939e-07
    endloop
  endfacet
  facet normal 0 0 -1
    outer loop
      vertex -10.2251 0.632965 -7.62939e-07
      vertex -10.4897 -0.465515 -7.62939e-07
      vertex -10.4897 0.465515 -7.62939e-07
    endloop
  endfacet
  facet normal 0 0 -1
    outer loop
      vertex -7.86082 3.11963 -7.62939e-07
      vertex -5.41266 3.125 -7.62939e-07
      vertex -6.71022 2.39548 -7.62939e-07
    endloop
  endfacet
  facet normal 0 0 -1
    outer loop
      vertex -5.41266 3.125 -7.62939e-07
      vertex -6.6321 5.24785 -7.62939e-07
      vertex -5.42966 4.61348 -7.62939e-07
    endloop
  endfacet
  facet normal -0 0 -1
    outer loop
      vertex -5.41266 3.125 -7.62939e-07
      vertex -7.86082 3.11963 -7.62939e-07
      vertex -6.6321 5.24785 -7.62939e-07
    endloop
  endfacet
  facet normal -0 0 -1
    outer loop
      vertex -6.6321 5.24785 -7.62939e-07
      vertex -7.86082 3.11963 -7.62939e-07
      vertex -6.85864 5.37288 -7.62939e-07
    endloop
  endfacet
  facet normal 0 0 -1
    outer loop
      vertex -8.08238 3.25331 -7.62939e-07
      vertex -6.85864 5.37288 -7.62939e-07
      vertex -7.86082 3.11963 -7.62939e-07
    endloop
  endfacet
  facet normal -0 0 -1
    outer loop
      vertex -6.85864 5.37288 -7.62939e-07
      vertex -8.08238 3.25331 -7.62939e-07
      vertex -7.10774 5.46841 -7.62939e-07
    endloop
  endfacet
  facet normal 0 0 -1
    outer loop
      vertex -8.28966 3.42126 -7.62939e-07
      vertex -7.10774 5.46841 -7.62939e-07
      vertex -8.08238 3.25331 -7.62939e-07
    endloop
  endfacet
  facet normal -0 0 -1
    outer loop
      vertex -7.10774 5.46841 -7.62939e-07
      vertex -8.28966 3.42126 -7.62939e-07
      vertex -7.37204 5.54269 -7.62939e-07
    endloop
  endfacet
  facet normal 0 0 -1
    outer loop
      vertex -8.48615 3.61302 -7.62939e-07
      vertex -7.37204 5.54269 -7.62939e-07
      vertex -8.28966 3.42126 -7.62939e-07
    endloop
  endfacet
  facet normal -0 0 -1
    outer loop
      vertex -7.37204 5.54269 -7.62939e-07
      vertex -8.48615 3.61302 -7.62939e-07
      vertex -7.64879 5.59819 -7.62939e-07
    endloop
  endfacet
  facet normal 0 0 -1
    outer loop
      vertex -8.67258 3.82495 -7.62939e-07
      vertex -7.64879 5.59819 -7.62939e-07
      vertex -8.48615 3.61302 -7.62939e-07
    endloop
  endfacet
  facet normal -0 0 -1
    outer loop
      vertex -7.64879 5.59819 -7.62939e-07
      vertex -8.67258 3.82495 -7.62939e-07
      vertex -7.93629 5.63602 -7.62939e-07
    endloop
  endfacet
  facet normal 0 0 -1
    outer loop
      vertex -8.84908 4.05502 -7.62939e-07
      vertex -7.93629 5.63602 -7.62939e-07
      vertex -8.67258 3.82495 -7.62939e-07
    endloop
  endfacet
  facet normal -0 0 -1
    outer loop
      vertex -7.93629 5.63602 -7.62939e-07
      vertex -8.84908 4.05502 -7.62939e-07
      vertex -8.23328 5.65675 -7.62939e-07
    endloop
  endfacet
  facet normal 0 0 -1
    outer loop
      vertex -9.01553 4.30185 -7.62939e-07
      vertex -8.23328 5.65675 -7.62939e-07
      vertex -8.84908 4.05502 -7.62939e-07
    endloop
  endfacet
  facet normal -0 0 -1
    outer loop
      vertex -8.23328 5.65675 -7.62939e-07
      vertex -9.01553 4.30185 -7.62939e-07
      vertex -8.53868 5.66069 -7.62939e-07
    endloop
  endfacet
  facet normal 0 0 -1
    outer loop
      vertex -9.17165 4.56436 -7.62939e-07
      vertex -8.53868 5.66069 -7.62939e-07
      vertex -9.01553 4.30185 -7.62939e-07
    endloop
  endfacet
  facet normal 0 0 -1
    outer loop
      vertex -8.53868 5.66069 -7.62939e-07
      vertex -9.17165 4.56436 -7.62939e-07
      vertex -8.85156 5.64798 -7.62939e-07
    endloop
  endfacet
  facet normal 0 0 -1
    outer loop
      vertex -8.85156 5.64798 -7.62939e-07
      vertex -9.17165 4.56436 -7.62939e-07
      vertex -9.31708 4.84167 -7.62939e-07
    endloop
  endfacet
  facet normal 0 0 -1
    outer loop
      vertex -3.58484 -5.11969 -7.62939e-07
      vertex -4.61348 -5.42966 -7.62939e-07
      vertex -4.61063 -5.4263 -7.62939e-07
    endloop
  endfacet
  facet normal 0 0 -1
    outer loop
      vertex -5.66069 -8.53868 -7.62939e-07
      vertex -4.56436 -9.17165 -7.62939e-07
      vertex -4.84167 -9.31708 -7.62939e-07
    endloop
  endfacet
  facet normal -0 0 -1
    outer loop
      vertex -3.125 -5.41266 -7.62939e-07
      vertex -4.61348 -5.42966 -7.62939e-07
      vertex -3.58484 -5.11969 -7.62939e-07
    endloop
  endfacet
  facet normal 0 0 -1
    outer loop
      vertex -3.42126 -8.28966 -7.62939e-07
      vertex -5.46841 -7.10774 -7.62939e-07
      vertex -5.37288 -6.85864 -7.62939e-07
    endloop
  endfacet
  facet normal 0 0 -1
    outer loop
      vertex -3.25331 -8.08238 -7.62939e-07
      vertex -5.37288 -6.85864 -7.62939e-07
      vertex -5.24785 -6.6321 -7.62939e-07
    endloop
  endfacet
  facet normal 0 0 -1
    outer loop
      vertex -3.61302 -8.48615 -7.62939e-07
      vertex -5.54269 -7.37204 -7.62939e-07
      vertex -5.46841 -7.10774 -7.62939e-07
    endloop
  endfacet
  facet normal 0 0 -1
    outer loop
      vertex -3.82495 -8.67258 -7.62939e-07
      vertex -5.59819 -7.64879 -7.62939e-07
      vertex -5.54269 -7.37204 -7.62939e-07
    endloop
  endfacet
  facet normal 0 0 -1
    outer loop
      vertex -4.05502 -8.84908 -7.62939e-07
      vertex -5.63602 -7.93629 -7.62939e-07
      vertex -5.59819 -7.64879 -7.62939e-07
    endloop
  endfacet
  facet normal 0 0 -1
    outer loop
      vertex -5.66069 -8.53868 -7.62939e-07
      vertex -4.84167 -9.31708 -7.62939e-07
      vertex -5.64798 -8.85156 -7.62939e-07
    endloop
  endfacet
  facet normal 0 0 -1
    outer loop
      vertex -4.30185 -9.01553 -7.62939e-07
      vertex -5.65675 -8.23328 -7.62939e-07
      vertex -5.63602 -7.93629 -7.62939e-07
    endloop
  endfacet
  facet normal 0 0 -1
    outer loop
      vertex -4.56436 -9.17165 -7.62939e-07
      vertex -5.66069 -8.53868 -7.62939e-07
      vertex -5.65675 -8.23328 -7.62939e-07
    endloop
  endfacet
  facet normal 0 0 -1
    outer loop
      vertex -0.544708 -6.22621 -7.62939e-07
      vertex -1.28056 -7.00897 -7.62939e-07
      vertex -1.27977 -7.00464 -7.62939e-07
    endloop
  endfacet
  facet normal 0 0 -1
    outer loop
      vertex -1.22873 8.36749 -7.62939e-07
      vertex 1.28056 7.00897 -7.62939e-07
      vertex 1.27977 7.00464 -7.62939e-07
    endloop
  endfacet
  facet normal 0 0 -1
    outer loop
      vertex 1.27977 7.00464 -7.62939e-07
      vertex -1.28056 7.00897 -7.62939e-07
      vertex -1.22873 8.36749 -7.62939e-07
    endloop
  endfacet
  facet normal 0 0 -1
    outer loop
      vertex -5.54269 7.37204 -7.62939e-07
      vertex -3.61302 8.48615 -7.62939e-07
      vertex -5.46841 7.10774 -7.62939e-07
    endloop
  endfacet
  facet normal -0 0 -1
    outer loop
      vertex -3.61302 8.48615 -7.62939e-07
      vertex -5.54269 7.37204 -7.62939e-07
      vertex -3.82495 8.67258 -7.62939e-07
    endloop
  endfacet
  facet normal 0 0 -1
    outer loop
      vertex -5.59819 7.64879 -7.62939e-07
      vertex -3.82495 8.67258 -7.62939e-07
      vertex -5.54269 7.37204 -7.62939e-07
    endloop
  endfacet
  facet normal -0 0 -1
    outer loop
      vertex -3.82495 8.67258 -7.62939e-07
      vertex -5.59819 7.64879 -7.62939e-07
      vertex -4.05502 8.84908 -7.62939e-07
    endloop
  endfacet
  facet normal 0 0 -1
    outer loop
      vertex -5.63602 7.93629 -7.62939e-07
      vertex -4.05502 8.84908 -7.62939e-07
      vertex -5.59819 7.64879 -7.62939e-07
    endloop
  endfacet
  facet normal -0 0 -1
    outer loop
      vertex -4.05502 8.84908 -7.62939e-07
      vertex -5.63602 7.93629 -7.62939e-07
      vertex -4.30185 9.01553 -7.62939e-07
    endloop
  endfacet
  facet normal 0 0 -1
    outer loop
      vertex -5.65675 8.23328 -7.62939e-07
      vertex -4.30185 9.01553 -7.62939e-07
      vertex -5.63602 7.93629 -7.62939e-07
    endloop
  endfacet
  facet normal -0 0 -1
    outer loop
      vertex -4.30185 9.01553 -7.62939e-07
      vertex -5.65675 8.23328 -7.62939e-07
      vertex -4.56436 9.17165 -7.62939e-07
    endloop
  endfacet
  facet normal 0 0 -1
    outer loop
      vertex -5.66069 8.53868 -7.62939e-07
      vertex -4.56436 9.17165 -7.62939e-07
      vertex -5.65675 8.23328 -7.62939e-07
    endloop
  endfacet
  facet normal -0 0 -1
    outer loop
      vertex -4.56436 9.17165 -7.62939e-07
      vertex -5.66069 8.53868 -7.62939e-07
      vertex -4.84167 9.31708 -7.62939e-07
    endloop
  endfacet
  facet normal 0 0 -1
    outer loop
      vertex -4.84167 9.31708 -7.62939e-07
      vertex -5.66069 8.53868 -7.62939e-07
      vertex -5.64798 8.85156 -7.62939e-07
    endloop
  endfacet
  facet normal 0 0 1
    outer loop
      vertex -3.38031 5.25 6
      vertex -4.61348 5.42966 6
      vertex -4.61063 5.4263 6
    endloop
  endfacet
  facet normal 0 0 1
    outer loop
      vertex -5.66069 8.53868 6
      vertex -4.56436 9.17165 6
      vertex -4.84167 9.31708 6
    endloop
  endfacet
  facet normal 0 0 1
    outer loop
      vertex -4.30185 9.01553 6
      vertex -5.24785 6.6321 6
      vertex -4.61348 5.42966 6
    endloop
  endfacet
  facet normal 0 0 1
    outer loop
      vertex -4.30185 9.01553 6
      vertex -5.46841 7.10774 6
      vertex -5.37288 6.85864 6
    endloop
  endfacet
  facet normal 0 0 1
    outer loop
      vertex -4.30185 9.01553 6
      vertex -5.37288 6.85864 6
      vertex -5.24785 6.6321 6
    endloop
  endfacet
  facet normal 0 0 1
    outer loop
      vertex -4.30185 9.01553 6
      vertex -5.54269 7.37204 6
      vertex -5.46841 7.10774 6
    endloop
  endfacet
  facet normal 0 0 1
    outer loop
      vertex -4.30185 9.01553 6
      vertex -5.59819 7.64879 6
      vertex -5.54269 7.37204 6
    endloop
  endfacet
  facet normal 0 0 1
    outer loop
      vertex -4.30185 9.01553 6
      vertex -5.63602 7.93629 6
      vertex -5.59819 7.64879 6
    endloop
  endfacet
  facet normal 0 0 1
    outer loop
      vertex -5.66069 8.53868 6
      vertex -4.84167 9.31708 6
      vertex -5.64798 8.85156 6
    endloop
  endfacet
  facet normal 0 0 1
    outer loop
      vertex -4.30185 9.01553 6
      vertex -5.65675 8.23328 6
      vertex -5.63602 7.93629 6
    endloop
  endfacet
  facet normal 0 0 1
    outer loop
      vertex -4.56436 9.17165 6
      vertex -5.66069 8.53868 6
      vertex -5.65675 8.23328 6
    endloop
  endfacet
  facet normal -0 0 1
    outer loop
      vertex -2.394 6.70609 6
      vertex -2 5.65459 6
      vertex -2 6.83983 6
    endloop
  endfacet
  facet normal 0 0 1
    outer loop
      vertex -2 5.65459 6
      vertex -2.394 6.70609 6
      vertex -2.05212 5.63815 6
    endloop
  endfacet
  facet normal 0 0 1
    outer loop
      vertex -3.38031 5.25 6
      vertex -2.394 6.70609 6
      vertex -2.39548 6.71022 6
    endloop
  endfacet
  facet normal 0 0 1
    outer loop
      vertex -2.394 6.70609 6
      vertex -2.53571 5.43785 6
      vertex -2.05212 5.63815 6
    endloop
  endfacet
  facet normal 0 0 1
    outer loop
      vertex -2.394 6.70609 6
      vertex -2.89656 5.25 6
      vertex -2.53571 5.43785 6
    endloop
  endfacet
  facet normal 0 0 1
    outer loop
      vertex -3.38031 5.25 6
      vertex -2.39548 6.71022 6
      vertex -3.11963 7.86082 6
    endloop
  endfacet
  facet normal 0 0 1
    outer loop
      vertex -4.61348 5.42966 6
      vertex -3.11963 7.86082 6
      vertex -3.25331 8.08238 6
    endloop
  endfacet
  facet normal 0 0 1
    outer loop
      vertex -2.394 6.70609 6
      vertex -3.38031 5.25 6
      vertex -2.89656 5.25 6
    endloop
  endfacet
  facet normal 0 0 1
    outer loop
      vertex -4.61348 5.42966 6
      vertex -3.25331 8.08238 6
      vertex -3.42126 8.28966 6
    endloop
  endfacet
  facet normal -0 0 1
    outer loop
      vertex -4.61348 5.42966 6
      vertex -3.38031 5.25 6
      vertex -3.11963 7.86082 6
    endloop
  endfacet
  facet normal 0 0 1
    outer loop
      vertex -4.61348 5.42966 6
      vertex -3.42126 8.28966 6
      vertex -3.61302 8.48615 6
    endloop
  endfacet
  facet normal 0 0 1
    outer loop
      vertex -4.61348 5.42966 6
      vertex -3.61302 8.48615 6
      vertex -3.82495 8.67258 6
    endloop
  endfacet
  facet normal 0 0 1
    outer loop
      vertex -3.38031 5.25 6
      vertex -4.61063 5.4263 6
      vertex -3.58484 5.11969 6
    endloop
  endfacet
  facet normal 0 0 1
    outer loop
      vertex -4.61348 5.42966 6
      vertex -3.82495 8.67258 6
      vertex -4.05502 8.84908 6
    endloop
  endfacet
  facet normal 0 0 1
    outer loop
      vertex -4.61348 5.42966 6
      vertex -4.05502 8.84908 6
      vertex -4.30185 9.01553 6
    endloop
  endfacet
  facet normal 0 0 1
    outer loop
      vertex -3.58484 5.11969 6
      vertex -4.61063 5.4263 6
      vertex -4.01741 4.78777 6
    endloop
  endfacet
  facet normal 0 0 1
    outer loop
      vertex -5.65675 8.23328 6
      vertex -4.30185 9.01553 6
      vertex -4.56436 9.17165 6
    endloop
  endfacet
  facet normal 0 0 1
    outer loop
      vertex -4.01741 4.78777 6
      vertex -4.61063 5.4263 6
      vertex -4.4194 4.4194 6
    endloop
  endfacet
  facet normal -0 0 1
    outer loop
      vertex -5.0452 5.0452 6
      vertex -4.4194 4.4194 6
      vertex -4.61063 5.4263 6
    endloop
  endfacet
  facet normal -0 0 1
    outer loop
      vertex -5.4263 4.61063 6
      vertex -4.4194 4.4194 6
      vertex -5.0452 5.0452 6
    endloop
  endfacet
  facet normal 0 0 1
    outer loop
      vertex -4.4194 4.4194 6
      vertex -5.4263 4.61063 6
      vertex -4.78777 4.01741 6
    endloop
  endfacet
  facet normal 0 0 1
    outer loop
      vertex -4.78777 4.01741 6
      vertex -5.4263 4.61063 6
      vertex -5.11969 3.58484 6
    endloop
  endfacet
  facet normal 0 0 1
    outer loop
      vertex -5.11969 3.58484 6
      vertex -5.4263 4.61063 6
      vertex -5.41266 3.125 6
    endloop
  endfacet
  facet normal 0 0 1
    outer loop
      vertex -5.42966 4.61348 6
      vertex -5.41266 3.125 6
      vertex -5.4263 4.61063 6
    endloop
  endfacet
  facet normal 0 0 1
    outer loop
      vertex -6.6321 5.24785 6
      vertex -5.41266 3.125 6
      vertex -5.42966 4.61348 6
    endloop
  endfacet
  facet normal 0 0 1
    outer loop
      vertex -5.41266 3.125 6
      vertex -6.70609 2.394 6
      vertex -5.66441 2.64136 6
    endloop
  endfacet
  facet normal 0 0 1
    outer loop
      vertex -5.66441 2.64136 6
      vertex -6.70609 2.394 6
      vertex -5.87308 2.13762 6
    endloop
  endfacet
  facet normal 0 0 1
    outer loop
      vertex -5.87308 2.13762 6
      vertex -6.70609 2.394 6
      vertex -6.03703 1.61761 6
    endloop
  endfacet
  facet normal 0 0 1
    outer loop
      vertex -7.00464 1.27977 6
      vertex -6.03703 1.61761 6
      vertex -6.89188 1.84666 6
    endloop
  endfacet
  facet normal -0 0 1
    outer loop
      vertex -6.89188 1.84666 6
      vertex -6.03703 1.61761 6
      vertex -6.70609 2.394 6
    endloop
  endfacet
  facet normal 0 0 1
    outer loop
      vertex -7.86082 3.11963 6
      vertex -5.41266 3.125 6
      vertex -6.6321 5.24785 6
    endloop
  endfacet
  facet normal 0 0 1
    outer loop
      vertex 4.56436 9.17165 6
      vertex 5.66069 8.53868 6
      vertex 5.64798 8.85156 6
    endloop
  endfacet
  facet normal 0 0 1
    outer loop
      vertex 5.66069 8.53868 6
      vertex 4.56436 9.17165 6
      vertex 5.65675 8.23328 6
    endloop
  endfacet
  facet normal -0 0 1
    outer loop
      vertex 4.30185 9.01553 6
      vertex 5.65675 8.23328 6
      vertex 4.56436 9.17165 6
    endloop
  endfacet
  facet normal -0 0 1
    outer loop
      vertex 4.05502 8.84908 6
      vertex 5.63602 7.93629 6
      vertex 4.30185 9.01553 6
    endloop
  endfacet
  facet normal 0 0 1
    outer loop
      vertex 5.63602 7.93629 6
      vertex 4.05502 8.84908 6
      vertex 5.59819 7.64879 6
    endloop
  endfacet
  facet normal -0 0 1
    outer loop
      vertex 3.82495 8.67258 6
      vertex 5.59819 7.64879 6
      vertex 4.05502 8.84908 6
    endloop
  endfacet
  facet normal -0 0 1
    outer loop
      vertex 3.61302 8.48615 6
      vertex 5.54269 7.37204 6
      vertex 3.82495 8.67258 6
    endloop
  endfacet
  facet normal -0 0 1
    outer loop
      vertex 4.56436 9.17165 6
      vertex 5.64798 8.85156 6
      vertex 4.84167 9.31708 6
    endloop
  endfacet
  facet normal 0 0 1
    outer loop
      vertex 5.65675 8.23328 6
      vertex 4.30185 9.01553 6
      vertex 5.63602 7.93629 6
    endloop
  endfacet
  facet normal 0 0 1
    outer loop
      vertex 5.59819 7.64879 6
      vertex 3.82495 8.67258 6
      vertex 5.54269 7.37204 6
    endloop
  endfacet
  facet normal 0 0 1
    outer loop
      vertex 5.54269 7.37204 6
      vertex 3.61302 8.48615 6
      vertex 5.46841 7.10774 6
    endloop
  endfacet
  facet normal 0 0 1
    outer loop
      vertex 8.53868 5.66069 6
      vertex 9.17165 4.56436 6
      vertex 9.31708 4.84167 6
    endloop
  endfacet
  facet normal 0 0 1
    outer loop
      vertex 8.53868 5.66069 6
      vertex 9.31708 4.84167 6
      vertex 8.85156 5.64798 6
    endloop
  endfacet
  facet normal 0 0 1
    outer loop
      vertex 9.17165 4.56436 6
      vertex 8.53868 5.66069 6
      vertex 9.01553 4.30185 6
    endloop
  endfacet
  facet normal -0 0 1
    outer loop
      vertex 8.23328 5.65675 6
      vertex 9.01553 4.30185 6
      vertex 8.53868 5.66069 6
    endloop
  endfacet
  facet normal 0 0 1
    outer loop
      vertex 9.01553 4.30185 6
      vertex 8.23328 5.65675 6
      vertex 8.84908 4.05502 6
    endloop
  endfacet
  facet normal -0 0 1
    outer loop
      vertex 7.93629 5.63602 6
      vertex 8.84908 4.05502 6
      vertex 8.23328 5.65675 6
    endloop
  endfacet
  facet normal 0 0 1
    outer loop
      vertex 8.84908 4.05502 6
      vertex 7.93629 5.63602 6
      vertex 8.67258 3.82495 6
    endloop
  endfacet
  facet normal -0 0 1
    outer loop
      vertex 7.64879 5.59819 6
      vertex 8.67258 3.82495 6
      vertex 7.93629 5.63602 6
    endloop
  endfacet
  facet normal 0 0 1
    outer loop
      vertex 8.67258 3.82495 6
      vertex 7.64879 5.59819 6
      vertex 8.48615 3.61302 6
    endloop
  endfacet
  facet normal -0 0 1
    outer loop
      vertex 7.37204 5.54269 6
      vertex 8.48615 3.61302 6
      vertex 7.64879 5.59819 6
    endloop
  endfacet
  facet normal 0 0 1
    outer loop
      vertex 8.48615 3.61302 6
      vertex 7.37204 5.54269 6
      vertex 8.28966 3.42126 6
    endloop
  endfacet
  facet normal -0 0 1
    outer loop
      vertex 7.10774 5.46841 6
      vertex 8.28966 3.42126 6
      vertex 7.37204 5.54269 6
    endloop
  endfacet
  facet normal 0 0 1
    outer loop
      vertex 8.28966 3.42126 6
      vertex 7.10774 5.46841 6
      vertex 8.08238 3.25331 6
    endloop
  endfacet
  facet normal -0 0 1
    outer loop
      vertex 6.85864 5.37288 6
      vertex 8.08238 3.25331 6
      vertex 7.10774 5.46841 6
    endloop
  endfacet
  facet normal 0 0 1
    outer loop
      vertex 8.08238 3.25331 6
      vertex 6.85864 5.37288 6
      vertex 7.86082 3.11963 6
    endloop
  endfacet
  facet normal -0 0 1
    outer loop
      vertex 6.6321 5.24785 6
      vertex 7.86082 3.11963 6
      vertex 6.85864 5.37288 6
    endloop
  endfacet
  facet normal -0 0 1
    outer loop
      vertex 5.41266 3.125 6
      vertex 7.86082 3.11963 6
      vertex 6.6321 5.24785 6
    endloop
  endfacet
  facet normal 0 0 1
    outer loop
      vertex 6.71022 2.39548 6
      vertex 5.41266 3.125 6
      vertex 6.70609 2.394 6
    endloop
  endfacet
  facet normal 0 0 1
    outer loop
      vertex 7.86082 3.11963 6
      vertex 5.41266 3.125 6
      vertex 6.71022 2.39548 6
    endloop
  endfacet
  facet normal 0 0 1
    outer loop
      vertex 10.2251 0.632965 6
      vertex 10.4897 -0.465515 6
      vertex 10.4897 0.465515 6
    endloop
  endfacet
  facet normal 0 0 1
    outer loop
      vertex 10.2251 0.632965 6
      vertex 10.2251 -0.632965 6
      vertex 10.4897 -0.465515 6
    endloop
  endfacet
  facet normal 0 0 1
    outer loop
      vertex 9.95862 0.782257 6
      vertex 10.2251 -0.632965 6
      vertex 10.2251 0.632965 6
    endloop
  endfacet
  facet normal 0 0 1
    outer loop
      vertex 9.95862 0.782257 6
      vertex 9.95862 -0.782257 6
      vertex 10.2251 -0.632965 6
    endloop
  endfacet
  facet normal 0 0 1
    outer loop
      vertex 9.69106 0.912781 6
      vertex 9.95862 -0.782257 6
      vertex 9.95862 0.782257 6
    endloop
  endfacet
  facet normal 0 0 1
    outer loop
      vertex 9.69106 0.912781 6
      vertex 9.69106 -0.912781 6
      vertex 9.95862 -0.782257 6
    endloop
  endfacet
  facet normal 0 0 1
    outer loop
      vertex 9.42316 1.02379 6
      vertex 9.69106 -0.912781 6
      vertex 9.69106 0.912781 6
    endloop
  endfacet
  facet normal 0 0 1
    outer loop
      vertex 9.42316 1.02379 6
      vertex 9.42316 -1.02379 6
      vertex 9.69106 -0.912781 6
    endloop
  endfacet
  facet normal 0 0 1
    outer loop
      vertex 9.15573 1.11411 6
      vertex 9.42316 -1.02379 6
      vertex 9.42316 1.02379 6
    endloop
  endfacet
  facet normal 0 0 1
    outer loop
      vertex 9.15573 1.11411 6
      vertex 9.15573 -1.11411 6
      vertex 9.42316 -1.02379 6
    endloop
  endfacet
  facet normal 0 0 1
    outer loop
      vertex 8.88969 1.18192 6
      vertex 9.15573 -1.11411 6
      vertex 9.15573 1.11411 6
    endloop
  endfacet
  facet normal 0 0 1
    outer loop
      vertex 8.88969 1.18192 6
      vertex 8.88969 -1.18192 6
      vertex 9.15573 -1.11411 6
    endloop
  endfacet
  facet normal 0 0 1
    outer loop
      vertex 8.62621 1.22374 6
      vertex 8.88969 -1.18192 6
      vertex 8.88969 1.18192 6
    endloop
  endfacet
  facet normal 0 0 1
    outer loop
      vertex 8.62621 1.22374 6
      vertex 8.62621 -1.22374 6
      vertex 8.88969 -1.18192 6
    endloop
  endfacet
  facet normal 0 0 1
    outer loop
      vertex 8.36749 1.22873 6
      vertex 8.62621 -1.22374 6
      vertex 8.62621 1.22374 6
    endloop
  endfacet
  facet normal 0 0 1
    outer loop
      vertex 8.36749 1.22873 6
      vertex 8.36749 -1.22873 6
      vertex 8.62621 -1.22374 6
    endloop
  endfacet
  facet normal 0 0 1
    outer loop
      vertex 7.00897 1.28056 6
      vertex 8.36749 -1.22873 6
      vertex 8.36749 1.22873 6
    endloop
  endfacet
  facet normal 0 0 1
    outer loop
      vertex 7.00897 1.28056 6
      vertex 7.00897 -1.28056 6
      vertex 8.36749 -1.22873 6
    endloop
  endfacet
  facet normal -0 0 1
    outer loop
      vertex 7.00464 1.27977 6
      vertex 7.00897 -1.28056 6
      vertex 7.00897 1.28056 6
    endloop
  endfacet
  facet normal 0 0 1
    outer loop
      vertex 7.00464 1.27977 6
      vertex 7.00464 -1.27977 6
      vertex 7.00897 -1.28056 6
    endloop
  endfacet
  facet normal 0 0 1
    outer loop
      vertex 6.70609 2.394 6
      vertex 7.00464 1.27977 6
      vertex 6.89188 1.84666 6
    endloop
  endfacet
  facet normal 0 0 1
    outer loop
      vertex 7.00464 1.27977 6
      vertex 6.70609 2.394 6
      vertex 7.00464 -1.27977 6
    endloop
  endfacet
  facet normal 0 0 1
    outer loop
      vertex 6.70609 -2.394 6
      vertex 7.00464 -1.27977 6
      vertex 6.70609 2.394 6
    endloop
  endfacet
  facet normal 0 0 1
    outer loop
      vertex 7.00464 -1.27977 6
      vertex 6.70609 -2.394 6
      vertex 6.89188 -1.84666 6
    endloop
  endfacet
  facet normal 0 0 1
    outer loop
      vertex 8.53868 -5.66069 6
      vertex 9.17165 -4.56436 6
      vertex 9.01553 -4.30185 6
    endloop
  endfacet
  facet normal 0 0 1
    outer loop
      vertex 9.17165 -4.56436 6
      vertex 8.53868 -5.66069 6
      vertex 9.31708 -4.84167 6
    endloop
  endfacet
  facet normal 0 0 1
    outer loop
      vertex 8.23328 -5.65675 6
      vertex 9.01553 -4.30185 6
      vertex 8.84908 -4.05502 6
    endloop
  endfacet
  facet normal 0 0 1
    outer loop
      vertex 7.93629 -5.63602 6
      vertex 8.84908 -4.05502 6
      vertex 8.67258 -3.82495 6
    endloop
  endfacet
  facet normal 0 0 1
    outer loop
      vertex 9.31708 -4.84167 6
      vertex 8.53868 -5.66069 6
      vertex 8.85156 -5.64798 6
    endloop
  endfacet
  facet normal 0 0 1
    outer loop
      vertex 7.64879 -5.59819 6
      vertex 8.67258 -3.82495 6
      vertex 8.48615 -3.61302 6
    endloop
  endfacet
  facet normal 0 0 1
    outer loop
      vertex 7.37204 -5.54269 6
      vertex 8.48615 -3.61302 6
      vertex 8.28966 -3.42126 6
    endloop
  endfacet
  facet normal 0 0 1
    outer loop
      vertex 9.01553 -4.30185 6
      vertex 8.23328 -5.65675 6
      vertex 8.53868 -5.66069 6
    endloop
  endfacet
  facet normal 0 0 1
    outer loop
      vertex 7.10774 -5.46841 6
      vertex 8.28966 -3.42126 6
      vertex 8.08238 -3.25331 6
    endloop
  endfacet
  facet normal 0 0 1
    outer loop
      vertex 8.84908 -4.05502 6
      vertex 7.93629 -5.63602 6
      vertex 8.23328 -5.65675 6
    endloop
  endfacet
  facet normal 0 0 1
    outer loop
      vertex 6.85864 -5.37288 6
      vertex 8.08238 -3.25331 6
      vertex 7.86082 -3.11963 6
    endloop
  endfacet
  facet normal 0 0 1
    outer loop
      vertex 8.67258 -3.82495 6
      vertex 7.64879 -5.59819 6
      vertex 7.93629 -5.63602 6
    endloop
  endfacet
  facet normal 0 0 1
    outer loop
      vertex 8.48615 -3.61302 6
      vertex 7.37204 -5.54269 6
      vertex 7.64879 -5.59819 6
    endloop
  endfacet
  facet normal 0 0 1
    outer loop
      vertex 8.28966 -3.42126 6
      vertex 7.10774 -5.46841 6
      vertex 7.37204 -5.54269 6
    endloop
  endfacet
  facet normal 0 0 1
    outer loop
      vertex 8.08238 -3.25331 6
      vertex 6.85864 -5.37288 6
      vertex 7.10774 -5.46841 6
    endloop
  endfacet
  facet normal 0 0 1
    outer loop
      vertex 5.41266 -3.125 6
      vertex 7.86082 -3.11963 6
      vertex 6.71022 -2.39548 6
    endloop
  endfacet
  facet normal 0 0 1
    outer loop
      vertex 5.41266 -3.125 6
      vertex 6.71022 -2.39548 6
      vertex 6.70609 -2.394 6
    endloop
  endfacet
  facet normal 0 0 1
    outer loop
      vertex 7.86082 -3.11963 6
      vertex 6.6321 -5.24785 6
      vertex 6.85864 -5.37288 6
    endloop
  endfacet
  facet normal 0 -0 1
    outer loop
      vertex 6.25 0 6
      vertex 6.70609 2.394 6
      vertex 6.22621 0.544708 6
    endloop
  endfacet
  facet normal -0 0 1
    outer loop
      vertex 6.22621 -0.544708 6
      vertex 6.70609 -2.394 6
      vertex 6.25 0 6
    endloop
  endfacet
  facet normal 0 0 1
    outer loop
      vertex 6.70609 2.394 6
      vertex 6.25 0 6
      vertex 6.70609 -2.394 6
    endloop
  endfacet
  facet normal 0 0 1
    outer loop
      vertex 6.70609 2.394 6
      vertex 6.15504 1.0853 6
      vertex 6.22621 0.544708 6
    endloop
  endfacet
  facet normal 0 0 1
    outer loop
      vertex 6.70609 2.394 6
      vertex 6.03703 1.61761 6
      vertex 6.15504 1.0853 6
    endloop
  endfacet
  facet normal 0 0 1
    outer loop
      vertex 6.70609 2.394 6
      vertex 5.87308 2.13762 6
      vertex 6.03703 1.61761 6
    endloop
  endfacet
  facet normal 0 0 1
    outer loop
      vertex 6.70609 2.394 6
      vertex 5.66441 2.64136 6
      vertex 5.87308 2.13762 6
    endloop
  endfacet
  facet normal 0 0 1
    outer loop
      vertex 5.41266 3.125 6
      vertex 6.6321 5.24785 6
      vertex 5.42966 4.61348 6
    endloop
  endfacet
  facet normal 0 0 1
    outer loop
      vertex 5.41266 3.125 6
      vertex 5.42966 4.61348 6
      vertex 5.4263 4.61063 6
    endloop
  endfacet
  facet normal 0 0 1
    outer loop
      vertex 6.70609 2.394 6
      vertex 5.41266 3.125 6
      vertex 5.66441 2.64136 6
    endloop
  endfacet
  facet normal 0 0 1
    outer loop
      vertex 5.4263 4.61063 6
      vertex 5.11969 3.58484 6
      vertex 5.41266 3.125 6
    endloop
  endfacet
  facet normal 0 0 1
    outer loop
      vertex 4.4194 4.4194 6
      vertex 5.4263 4.61063 6
      vertex 5.0452 5.0452 6
    endloop
  endfacet
  facet normal 0 0 1
    outer loop
      vertex 5.4263 4.61063 6
      vertex 4.78777 4.01741 6
      vertex 5.11969 3.58484 6
    endloop
  endfacet
  facet normal 0 0 1
    outer loop
      vertex 4.4194 4.4194 6
      vertex 5.0452 5.0452 6
      vertex 4.61063 5.4263 6
    endloop
  endfacet
  facet normal 0 0 1
    outer loop
      vertex 5.4263 4.61063 6
      vertex 4.4194 4.4194 6
      vertex 4.78777 4.01741 6
    endloop
  endfacet
  facet normal -0 0 1
    outer loop
      vertex 3.42126 8.28966 6
      vertex 5.46841 7.10774 6
      vertex 3.61302 8.48615 6
    endloop
  endfacet
  facet normal 0 0 1
    outer loop
      vertex 5.46841 7.10774 6
      vertex 3.42126 8.28966 6
      vertex 5.37288 6.85864 6
    endloop
  endfacet
  facet normal -0 0 1
    outer loop
      vertex 3.25331 8.08238 6
      vertex 5.37288 6.85864 6
      vertex 3.42126 8.28966 6
    endloop
  endfacet
  facet normal 0 0 1
    outer loop
      vertex 4.61063 5.4263 6
      vertex 4.01741 4.78777 6
      vertex 4.4194 4.4194 6
    endloop
  endfacet
  facet normal 0 0 1
    outer loop
      vertex 5.37288 6.85864 6
      vertex 3.25331 8.08238 6
      vertex 5.24785 6.6321 6
    endloop
  endfacet
  facet normal -0 0 1
    outer loop
      vertex 3.11963 7.86082 6
      vertex 5.24785 6.6321 6
      vertex 3.25331 8.08238 6
    endloop
  endfacet
  facet normal 0 0 1
    outer loop
      vertex 4.61063 5.4263 6
      vertex 3.58484 5.11969 6
      vertex 4.01741 4.78777 6
    endloop
  endfacet
  facet normal 0 0 1
    outer loop
      vertex 5.24785 6.6321 6
      vertex 3.11963 7.86082 6
      vertex 4.61348 5.42966 6
    endloop
  endfacet
  facet normal 0 0 1
    outer loop
      vertex 4.61348 5.42966 6
      vertex 3.38031 5.25 6
      vertex 4.61063 5.4263 6
    endloop
  endfacet
  facet normal 0 -0 1
    outer loop
      vertex 3.38031 5.25 6
      vertex 4.61348 5.42966 6
      vertex 3.11963 7.86082 6
    endloop
  endfacet
  facet normal 0 0 1
    outer loop
      vertex 4.61063 5.4263 6
      vertex 3.38031 5.25 6
      vertex 3.58484 5.11969 6
    endloop
  endfacet
  facet normal -0 0 1
    outer loop
      vertex 2.39548 6.71022 6
      vertex 3.38031 5.25 6
      vertex 3.11963 7.86082 6
    endloop
  endfacet
  facet normal -0 0 1
    outer loop
      vertex 2.394 6.70609 6
      vertex 3.38031 5.25 6
      vertex 2.39548 6.71022 6
    endloop
  endfacet
  facet normal 0 0 1
    outer loop
      vertex 3.38031 5.25 6
      vertex 2.394 6.70609 6
      vertex 2.89656 5.25 6
    endloop
  endfacet
  facet normal 0 0 1
    outer loop
      vertex 2.89656 5.25 6
      vertex 2.394 6.70609 6
      vertex 2.53571 5.43785 6
    endloop
  endfacet
  facet normal 0 0 1
    outer loop
      vertex 2.394 6.70609 6
      vertex 2.05212 5.63815 6
      vertex 2.53571 5.43785 6
    endloop
  endfacet
  facet normal 0 0 1
    outer loop
      vertex 2 5.65459 6
      vertex 2.394 6.70609 6
      vertex 2 6.83983 6
    endloop
  endfacet
  facet normal 0 0 1
    outer loop
      vertex 2.394 6.70609 6
      vertex 2 5.65459 6
      vertex 2.05212 5.63815 6
    endloop
  endfacet
  facet normal -0 0 1
    outer loop
      vertex 6.15504 -1.0853 6
      vertex 6.70609 -2.394 6
      vertex 6.22621 -0.544708 6
    endloop
  endfacet
  facet normal -0 0 1
    outer loop
      vertex 6.03703 -1.61761 6
      vertex 6.70609 -2.394 6
      vertex 6.15504 -1.0853 6
    endloop
  endfacet
  facet normal -0 0 1
    outer loop
      vertex 5.87308 -2.13762 6
      vertex 6.70609 -2.394 6
      vertex 6.03703 -1.61761 6
    endloop
  endfacet
  facet normal 0 0 1
    outer loop
      vertex 5.66441 -2.64136 6
      vertex 6.70609 -2.394 6
      vertex 5.87308 -2.13762 6
    endloop
  endfacet
  facet normal 0 0 1
    outer loop
      vertex 5.41266 -3.125 6
      vertex 6.70609 -2.394 6
      vertex 5.66441 -2.64136 6
    endloop
  endfacet
  facet normal 0 0 1
    outer loop
      vertex 7.86082 -3.11963 6
      vertex 5.41266 -3.125 6
      vertex 6.6321 -5.24785 6
    endloop
  endfacet
  facet normal 0 0 1
    outer loop
      vertex 6.6321 -5.24785 6
      vertex 5.41266 -3.125 6
      vertex 5.42966 -4.61348 6
    endloop
  endfacet
  facet normal 0 0 1
    outer loop
      vertex 5.42966 -4.61348 6
      vertex 5.41266 -3.125 6
      vertex 5.4263 -4.61063 6
    endloop
  endfacet
  facet normal -0 0 1
    outer loop
      vertex 5.11969 -3.58484 6
      vertex 5.4263 -4.61063 6
      vertex 5.41266 -3.125 6
    endloop
  endfacet
  facet normal -0 0 1
    outer loop
      vertex 4.78777 -4.01741 6
      vertex 5.4263 -4.61063 6
      vertex 5.11969 -3.58484 6
    endloop
  endfacet
  facet normal -0 0 1
    outer loop
      vertex 4.4194 -4.4194 6
      vertex 5.4263 -4.61063 6
      vertex 4.78777 -4.01741 6
    endloop
  endfacet
  facet normal 0 0 1
    outer loop
      vertex 5.4263 -4.61063 6
      vertex 4.4194 -4.4194 6
      vertex 5.0452 -5.0452 6
    endloop
  endfacet
  facet normal 0 0 1
    outer loop
      vertex 5.0452 -5.0452 6
      vertex 4.4194 -4.4194 6
      vertex 4.61063 -5.4263 6
    endloop
  endfacet
  facet normal -0 0 1
    outer loop
      vertex 4.01741 -4.78777 6
      vertex 4.61063 -5.4263 6
      vertex 4.4194 -4.4194 6
    endloop
  endfacet
  facet normal -0 0 1
    outer loop
      vertex 3.58484 -5.11969 6
      vertex 4.61063 -5.4263 6
      vertex 4.01741 -4.78777 6
    endloop
  endfacet
  facet normal 0 0 1
    outer loop
      vertex 4.61063 -5.4263 6
      vertex 4.30185 -9.01553 6
      vertex 4.56436 -9.17165 6
    endloop
  endfacet
  facet normal 0 0 1
    outer loop
      vertex 4.61063 -5.4263 6
      vertex 4.05502 -8.84908 6
      vertex 4.30185 -9.01553 6
    endloop
  endfacet
  facet normal 0 0 1
    outer loop
      vertex 4.61063 -5.4263 6
      vertex 3.82495 -8.67258 6
      vertex 4.05502 -8.84908 6
    endloop
  endfacet
  facet normal 0 0 1
    outer loop
      vertex 4.61063 -5.4263 6
      vertex 3.61302 -8.48615 6
      vertex 3.82495 -8.67258 6
    endloop
  endfacet
  facet normal -0 0 1
    outer loop
      vertex 3.125 -5.41266 6
      vertex 4.61063 -5.4263 6
      vertex 3.58484 -5.11969 6
    endloop
  endfacet
  facet normal 0 0 1
    outer loop
      vertex 4.61063 -5.4263 6
      vertex 3.42126 -8.28966 6
      vertex 3.61302 -8.48615 6
    endloop
  endfacet
  facet normal 0 -0 1
    outer loop
      vertex 3.25331 -8.08238 6
      vertex 4.61063 -5.4263 6
      vertex 3.11963 -7.86082 6
    endloop
  endfacet
  facet normal 0 0 1
    outer loop
      vertex 4.61063 -5.4263 6
      vertex 3.125 -5.41266 6
      vertex 3.11963 -7.86082 6
    endloop
  endfacet
  facet normal 0 0 1
    outer loop
      vertex 4.61063 -5.4263 6
      vertex 3.25331 -8.08238 6
      vertex 3.42126 -8.28966 6
    endloop
  endfacet
  facet normal 0 0 1
    outer loop
      vertex 2.39548 -6.71022 6
      vertex 3.125 -5.41266 6
      vertex 2.64136 -5.66441 6
    endloop
  endfacet
  facet normal 0 0 1
    outer loop
      vertex 3.125 -5.41266 6
      vertex 2.39548 -6.71022 6
      vertex 3.11963 -7.86082 6
    endloop
  endfacet
  facet normal 0 0 1
    outer loop
      vertex 2.64136 -5.66441 6
      vertex 2.394 -6.70609 6
      vertex 2.39548 -6.71022 6
    endloop
  endfacet
  facet normal -0 0 1
    outer loop
      vertex 2.13762 -5.87308 6
      vertex 2.394 -6.70609 6
      vertex 2.64136 -5.66441 6
    endloop
  endfacet
  facet normal -0 0 1
    outer loop
      vertex 1.61761 -6.03703 6
      vertex 2.394 -6.70609 6
      vertex 2.13762 -5.87308 6
    endloop
  endfacet
  facet normal 0 0 1
    outer loop
      vertex 2.394 -6.70609 6
      vertex 1.61761 -6.03703 6
      vertex 1.84666 -6.89188 6
    endloop
  endfacet
  facet normal 0 0 1
    outer loop
      vertex 1.61761 -6.03703 6
      vertex 1.27977 -7.00464 6
      vertex 1.84666 -6.89188 6
    endloop
  endfacet
  facet normal 0 0 1
    outer loop
      vertex -1.22374 -8.62621 6
      vertex 1.22374 -8.62621 6
      vertex 1.22873 -8.36749 6
    endloop
  endfacet
  facet normal 0 0 1
    outer loop
      vertex 1.28056 -7.00897 6
      vertex 0 -6.25 6
      vertex 1.22873 -8.36749 6
    endloop
  endfacet
  facet normal 0 -0 1
    outer loop
      vertex -1.22374 -8.62621 6
      vertex 1.22873 -8.36749 6
      vertex -1.22873 -8.36749 6
    endloop
  endfacet
  facet normal -0 0 1
    outer loop
      vertex 1.0853 -6.15504 6
      vertex 1.27977 -7.00464 6
      vertex 1.61761 -6.03703 6
    endloop
  endfacet
  facet normal -0 0 1
    outer loop
      vertex 0.544708 -6.22621 6
      vertex 1.27977 -7.00464 6
      vertex 1.0853 -6.15504 6
    endloop
  endfacet
  facet normal -0 0 1
    outer loop
      vertex 0 -6.25 6
      vertex 1.27977 -7.00464 6
      vertex 0.544708 -6.22621 6
    endloop
  endfacet
  facet normal 0 0 1
    outer loop
      vertex 1.22873 -8.36749 6
      vertex 0 -6.25 6
      vertex -1.22873 -8.36749 6
    endloop
  endfacet
  facet normal 0 -0 1
    outer loop
      vertex -1.18192 -8.88969 6
      vertex 1.18192 -8.88969 6
      vertex -1.22374 -8.62621 6
    endloop
  endfacet
  facet normal 0 0 1
    outer loop
      vertex 1.18192 -8.88969 6
      vertex -1.18192 -8.88969 6
      vertex 1.11411 -9.15573 6
    endloop
  endfacet
  facet normal 0 -0 1
    outer loop
      vertex -1.11411 -9.15573 6
      vertex 1.11411 -9.15573 6
      vertex -1.18192 -8.88969 6
    endloop
  endfacet
  facet normal 0 0 1
    outer loop
      vertex 1.11411 -9.15573 6
      vertex -1.11411 -9.15573 6
      vertex 1.02379 -9.42316 6
    endloop
  endfacet
  facet normal 0 0 1
    outer loop
      vertex 1.22374 -8.62621 6
      vertex -1.22374 -8.62621 6
      vertex 1.18192 -8.88969 6
    endloop
  endfacet
  facet normal 0 -0 1
    outer loop
      vertex -1.02379 -9.42316 6
      vertex 1.02379 -9.42316 6
      vertex -1.11411 -9.15573 6
    endloop
  endfacet
  facet normal 0 0 1
    outer loop
      vertex -1.28056 -7.00897 6
      vertex 0 -6.25 6
      vertex -0.544708 -6.22621 6
    endloop
  endfacet
  facet normal 0 0 1
    outer loop
      vertex 0.465515 -10.4897 6
      vertex -0.632965 -10.2251 6
      vertex -0.465515 -10.4897 6
    endloop
  endfacet
  facet normal 0 0 1
    outer loop
      vertex 0.632965 -10.2251 6
      vertex -0.632965 -10.2251 6
      vertex 0.465515 -10.4897 6
    endloop
  endfacet
  facet normal 0 -0 1
    outer loop
      vertex -0.632965 -10.2251 6
      vertex 0.632965 -10.2251 6
      vertex -0.782257 -9.95862 6
    endloop
  endfacet
  facet normal 0 0 1
    outer loop
      vertex 0.782257 -9.95862 6
      vertex -0.782257 -9.95862 6
      vertex 0.632965 -10.2251 6
    endloop
  endfacet
  facet normal 0 0 1
    outer loop
      vertex -1.27977 -7.00464 6
      vertex -0.544708 -6.22621 6
      vertex -1.0853 -6.15504 6
    endloop
  endfacet
  facet normal 0 -0 1
    outer loop
      vertex -0.912781 -9.69106 6
      vertex 0.912781 -9.69106 6
      vertex -1.02379 -9.42316 6
    endloop
  endfacet
  facet normal 0 -0 1
    outer loop
      vertex -0.782257 -9.95862 6
      vertex 0.782257 -9.95862 6
      vertex -0.912781 -9.69106 6
    endloop
  endfacet
  facet normal 0 0 1
    outer loop
      vertex 0.912781 -9.69106 6
      vertex -0.912781 -9.69106 6
      vertex 0.782257 -9.95862 6
    endloop
  endfacet
  facet normal 0 0 1
    outer loop
      vertex 1.02379 -9.42316 6
      vertex -1.02379 -9.42316 6
      vertex 0.912781 -9.69106 6
    endloop
  endfacet
  facet normal 0 0 1
    outer loop
      vertex -1.28056 -7.00897 6
      vertex -0.544708 -6.22621 6
      vertex -1.27977 -7.00464 6
    endloop
  endfacet
  facet normal 0 0 1
    outer loop
      vertex -1.61761 -6.03703 6
      vertex -1.27977 -7.00464 6
      vertex -1.0853 -6.15504 6
    endloop
  endfacet
  facet normal 0 0 1
    outer loop
      vertex -1.61761 -6.03703 6
      vertex -1.84666 -6.89188 6
      vertex -1.27977 -7.00464 6
    endloop
  endfacet
  facet normal 0 0 1
    outer loop
      vertex -2.394 -6.70609 6
      vertex -1.61761 -6.03703 6
      vertex -2.13762 -5.87308 6
    endloop
  endfacet
  facet normal 0 0 1
    outer loop
      vertex -1.61761 -6.03703 6
      vertex -2.394 -6.70609 6
      vertex -1.84666 -6.89188 6
    endloop
  endfacet
  facet normal 0 0 1
    outer loop
      vertex -2.64136 -5.66441 6
      vertex -2.394 -6.70609 6
      vertex -2.13762 -5.87308 6
    endloop
  endfacet
  facet normal 0 0 1
    outer loop
      vertex -2.394 -6.70609 6
      vertex -2.64136 -5.66441 6
      vertex -2.39548 -6.71022 6
    endloop
  endfacet
  facet normal 0 0 1
    outer loop
      vertex -3.125 -5.41266 6
      vertex -2.39548 -6.71022 6
      vertex -2.64136 -5.66441 6
    endloop
  endfacet
  facet normal 0 0 1
    outer loop
      vertex -2.39548 -6.71022 6
      vertex -3.125 -5.41266 6
      vertex -3.11963 -7.86082 6
    endloop
  endfacet
  facet normal -0 0 1
    outer loop
      vertex -5.24785 -6.6321 6
      vertex -3.11963 -7.86082 6
      vertex -3.125 -5.41266 6
    endloop
  endfacet
  facet normal 0 0 1
    outer loop
      vertex -3.11963 -7.86082 6
      vertex -5.24785 -6.6321 6
      vertex -3.25331 -8.08238 6
    endloop
  endfacet
  facet normal 0 0 1
    outer loop
      vertex -4.61348 -5.42966 6
      vertex -3.125 -5.41266 6
      vertex -3.58484 -5.11969 6
    endloop
  endfacet
  facet normal -0 0 1
    outer loop
      vertex -5.37288 -6.85864 6
      vertex -3.25331 -8.08238 6
      vertex -5.24785 -6.6321 6
    endloop
  endfacet
  facet normal 0 0 1
    outer loop
      vertex -3.25331 -8.08238 6
      vertex -5.37288 -6.85864 6
      vertex -3.42126 -8.28966 6
    endloop
  endfacet
  facet normal 0 0 1
    outer loop
      vertex -4.61063 -5.4263 6
      vertex -3.58484 -5.11969 6
      vertex -4.01741 -4.78777 6
    endloop
  endfacet
  facet normal 0 0 1
    outer loop
      vertex -4.61348 -5.42966 6
      vertex -3.58484 -5.11969 6
      vertex -4.61063 -5.4263 6
    endloop
  endfacet
  facet normal 0 0 1
    outer loop
      vertex -3.125 -5.41266 6
      vertex -4.61348 -5.42966 6
      vertex -5.24785 -6.6321 6
    endloop
  endfacet
  facet normal 0 0 1
    outer loop
      vertex -4.61063 -5.4263 6
      vertex -4.01741 -4.78777 6
      vertex -4.4194 -4.4194 6
    endloop
  endfacet
  facet normal -0 0 1
    outer loop
      vertex -5.46841 -7.10774 6
      vertex -3.42126 -8.28966 6
      vertex -5.37288 -6.85864 6
    endloop
  endfacet
  facet normal 0 0 1
    outer loop
      vertex -3.42126 -8.28966 6
      vertex -5.46841 -7.10774 6
      vertex -3.61302 -8.48615 6
    endloop
  endfacet
  facet normal 0 0 1
    outer loop
      vertex -5.4263 -4.61063 6
      vertex -4.4194 -4.4194 6
      vertex -4.78777 -4.01741 6
    endloop
  endfacet
  facet normal 0 0 1
    outer loop
      vertex -4.4194 -4.4194 6
      vertex -5.0452 -5.0452 6
      vertex -4.61063 -5.4263 6
    endloop
  endfacet
  facet normal 0 0 1
    outer loop
      vertex -5.4263 -4.61063 6
      vertex -4.78777 -4.01741 6
      vertex -5.11969 -3.58484 6
    endloop
  endfacet
  facet normal 0 0 1
    outer loop
      vertex -5.4263 -4.61063 6
      vertex -5.11969 -3.58484 6
      vertex -5.41266 -3.125 6
    endloop
  endfacet
  facet normal 0 0 1
    outer loop
      vertex -4.4194 -4.4194 6
      vertex -5.4263 -4.61063 6
      vertex -5.0452 -5.0452 6
    endloop
  endfacet
  facet normal 0 0 1
    outer loop
      vertex -5.41266 -3.125 6
      vertex -5.42966 -4.61348 6
      vertex -5.4263 -4.61063 6
    endloop
  endfacet
  facet normal 0 0 1
    outer loop
      vertex -6.71022 -2.39548 6
      vertex -5.41266 -3.125 6
      vertex -5.66441 -2.64136 6
    endloop
  endfacet
  facet normal -0 0 1
    outer loop
      vertex -6.70609 -2.394 6
      vertex -5.66441 -2.64136 6
      vertex -5.87308 -2.13762 6
    endloop
  endfacet
  facet normal 0 0 1
    outer loop
      vertex -6.70609 -2.394 6
      vertex -5.87308 -2.13762 6
      vertex -6.03703 -1.61761 6
    endloop
  endfacet
  facet normal -0 0 1
    outer loop
      vertex -7.00464 -1.27977 6
      vertex -6.03703 -1.61761 6
      vertex -6.15504 -1.0853 6
    endloop
  endfacet
  facet normal 0 0 1
    outer loop
      vertex -6.03703 1.61761 6
      vertex -7.00464 1.27977 6
      vertex -6.15504 1.0853 6
    endloop
  endfacet
  facet normal -0 0 1
    outer loop
      vertex -6.71022 -2.39548 6
      vertex -5.66441 -2.64136 6
      vertex -6.70609 -2.394 6
    endloop
  endfacet
  facet normal 0 0 1
    outer loop
      vertex -7.00464 -1.27977 6
      vertex -6.15504 -1.0853 6
      vertex -6.22621 -0.544708 6
    endloop
  endfacet
  facet normal 0 0 1
    outer loop
      vertex -6.15504 1.0853 6
      vertex -7.00464 1.27977 6
      vertex -6.22621 0.544708 6
    endloop
  endfacet
  facet normal 0 0 1
    outer loop
      vertex -6.22621 0.544708 6
      vertex -7.00464 1.27977 6
      vertex -6.25 0 6
    endloop
  endfacet
  facet normal 0 0 1
    outer loop
      vertex -5.41266 3.125 6
      vertex -6.71022 2.39548 6
      vertex -6.70609 2.394 6
    endloop
  endfacet
  facet normal 0 0 1
    outer loop
      vertex -7.86082 3.11963 6
      vertex -6.6321 5.24785 6
      vertex -6.85864 5.37288 6
    endloop
  endfacet
  facet normal 0 0 1
    outer loop
      vertex -8.08238 3.25331 6
      vertex -6.85864 5.37288 6
      vertex -7.10774 5.46841 6
    endloop
  endfacet
  facet normal 0 0 1
    outer loop
      vertex -8.28966 3.42126 6
      vertex -7.10774 5.46841 6
      vertex -7.37204 5.54269 6
    endloop
  endfacet
  facet normal 0 0 1
    outer loop
      vertex -8.48615 3.61302 6
      vertex -7.37204 5.54269 6
      vertex -7.64879 5.59819 6
    endloop
  endfacet
  facet normal 0 0 1
    outer loop
      vertex -5.41266 3.125 6
      vertex -7.86082 3.11963 6
      vertex -6.71022 2.39548 6
    endloop
  endfacet
  facet normal 0 0 1
    outer loop
      vertex -8.67258 3.82495 6
      vertex -7.64879 5.59819 6
      vertex -7.93629 5.63602 6
    endloop
  endfacet
  facet normal 0 0 1
    outer loop
      vertex -6.85864 5.37288 6
      vertex -8.08238 3.25331 6
      vertex -7.86082 3.11963 6
    endloop
  endfacet
  facet normal 0 0 1
    outer loop
      vertex -8.84908 4.05502 6
      vertex -7.93629 5.63602 6
      vertex -8.23328 5.65675 6
    endloop
  endfacet
  facet normal 0 0 1
    outer loop
      vertex -7.10774 5.46841 6
      vertex -8.28966 3.42126 6
      vertex -8.08238 3.25331 6
    endloop
  endfacet
  facet normal 0 0 1
    outer loop
      vertex -7.37204 5.54269 6
      vertex -8.48615 3.61302 6
      vertex -8.28966 3.42126 6
    endloop
  endfacet
  facet normal 0 0 1
    outer loop
      vertex -9.01553 4.30185 6
      vertex -8.23328 5.65675 6
      vertex -8.53868 5.66069 6
    endloop
  endfacet
  facet normal 0 0 1
    outer loop
      vertex -7.64879 5.59819 6
      vertex -8.67258 3.82495 6
      vertex -8.48615 3.61302 6
    endloop
  endfacet
  facet normal 0 0 1
    outer loop
      vertex -7.93629 5.63602 6
      vertex -8.84908 4.05502 6
      vertex -8.67258 3.82495 6
    endloop
  endfacet
  facet normal 0 0 1
    outer loop
      vertex -9.17165 4.56436 6
      vertex -8.53868 5.66069 6
      vertex -8.85156 5.64798 6
    endloop
  endfacet
  facet normal 0 0 1
    outer loop
      vertex -8.23328 5.65675 6
      vertex -9.01553 4.30185 6
      vertex -8.84908 4.05502 6
    endloop
  endfacet
  facet normal 0 0 1
    outer loop
      vertex -8.53868 5.66069 6
      vertex -9.17165 4.56436 6
      vertex -9.01553 4.30185 6
    endloop
  endfacet
  facet normal 0 -0 1
    outer loop
      vertex -9.17165 4.56436 6
      vertex -8.85156 5.64798 6
      vertex -9.31708 4.84167 6
    endloop
  endfacet
  facet normal 0 0 1
    outer loop
      vertex 4.56436 -9.17165 6
      vertex 5.66069 -8.53868 6
      vertex 5.65675 -8.23328 6
    endloop
  endfacet
  facet normal 0 0 1
    outer loop
      vertex 4.56436 -9.17165 6
      vertex 5.65675 -8.23328 6
      vertex 5.63602 -7.93629 6
    endloop
  endfacet
  facet normal 0 0 1
    outer loop
      vertex 4.56436 -9.17165 6
      vertex 5.63602 -7.93629 6
      vertex 5.59819 -7.64879 6
    endloop
  endfacet
  facet normal 0 0 1
    outer loop
      vertex 4.56436 -9.17165 6
      vertex 5.59819 -7.64879 6
      vertex 5.54269 -7.37204 6
    endloop
  endfacet
  facet normal 0 0 1
    outer loop
      vertex 4.56436 -9.17165 6
      vertex 5.54269 -7.37204 6
      vertex 5.46841 -7.10774 6
    endloop
  endfacet
  facet normal 0 0 1
    outer loop
      vertex 4.56436 -9.17165 6
      vertex 5.46841 -7.10774 6
      vertex 5.37288 -6.85864 6
    endloop
  endfacet
  facet normal 0 0 1
    outer loop
      vertex 4.56436 -9.17165 6
      vertex 5.37288 -6.85864 6
      vertex 5.24785 -6.6321 6
    endloop
  endfacet
  facet normal 0 0 1
    outer loop
      vertex 5.66069 -8.53868 6
      vertex 4.56436 -9.17165 6
      vertex 5.64798 -8.85156 6
    endloop
  endfacet
  facet normal 0 0 1
    outer loop
      vertex 4.56436 -9.17165 6
      vertex 5.24785 -6.6321 6
      vertex 4.61348 -5.42966 6
    endloop
  endfacet
  facet normal 0 0 1
    outer loop
      vertex 4.56436 -9.17165 6
      vertex 4.61348 -5.42966 6
      vertex 4.61063 -5.4263 6
    endloop
  endfacet
  facet normal 0 0 1
    outer loop
      vertex 5.64798 -8.85156 6
      vertex 4.56436 -9.17165 6
      vertex 4.84167 -9.31708 6
    endloop
  endfacet
  facet normal 0 0 1
    outer loop
      vertex 0 -6.25 6
      vertex 1.28056 -7.00897 6
      vertex 1.27977 -7.00464 6
    endloop
  endfacet
  facet normal 0 0 1
    outer loop
      vertex 0 -6.25 6
      vertex -1.28056 -7.00897 6
      vertex -1.22873 -8.36749 6
    endloop
  endfacet
  facet normal -0 0 1
    outer loop
      vertex -5.54269 -7.37204 6
      vertex -3.61302 -8.48615 6
      vertex -5.46841 -7.10774 6
    endloop
  endfacet
  facet normal 0 0 1
    outer loop
      vertex -3.61302 -8.48615 6
      vertex -5.54269 -7.37204 6
      vertex -3.82495 -8.67258 6
    endloop
  endfacet
  facet normal -0 0 1
    outer loop
      vertex -5.59819 -7.64879 6
      vertex -3.82495 -8.67258 6
      vertex -5.54269 -7.37204 6
    endloop
  endfacet
  facet normal 0 0 1
    outer loop
      vertex -3.82495 -8.67258 6
      vertex -5.59819 -7.64879 6
      vertex -4.05502 -8.84908 6
    endloop
  endfacet
  facet normal -0 0 1
    outer loop
      vertex -5.63602 -7.93629 6
      vertex -4.05502 -8.84908 6
      vertex -5.59819 -7.64879 6
    endloop
  endfacet
  facet normal 0 0 1
    outer loop
      vertex -4.05502 -8.84908 6
      vertex -5.63602 -7.93629 6
      vertex -4.30185 -9.01553 6
    endloop
  endfacet
  facet normal -0 0 1
    outer loop
      vertex -5.65675 -8.23328 6
      vertex -4.30185 -9.01553 6
      vertex -5.63602 -7.93629 6
    endloop
  endfacet
  facet normal 0 0 1
    outer loop
      vertex -4.30185 -9.01553 6
      vertex -5.65675 -8.23328 6
      vertex -4.56436 -9.17165 6
    endloop
  endfacet
  facet normal -0 0 1
    outer loop
      vertex -5.66069 -8.53868 6
      vertex -4.56436 -9.17165 6
      vertex -5.65675 -8.23328 6
    endloop
  endfacet
  facet normal 0 0 1
    outer loop
      vertex -4.56436 -9.17165 6
      vertex -5.66069 -8.53868 6
      vertex -4.84167 -9.31708 6
    endloop
  endfacet
  facet normal 0 0 1
    outer loop
      vertex -4.84167 -9.31708 6
      vertex -5.66069 -8.53868 6
      vertex -5.64798 -8.85156 6
    endloop
  endfacet
  facet normal 0 0 1
    outer loop
      vertex -7.00897 1.28056 6
      vertex -6.25 0 6
      vertex -7.00464 1.27977 6
    endloop
  endfacet
  facet normal -0 0 1
    outer loop
      vertex -8.36749 1.22873 6
      vertex -6.25 0 6
      vertex -7.00897 1.28056 6
    endloop
  endfacet
  facet normal 0 0 1
    outer loop
      vertex -6.03703 -1.61761 6
      vertex -7.00464 -1.27977 6
      vertex -6.89188 -1.84666 6
    endloop
  endfacet
  facet normal 0 0 1
    outer loop
      vertex -6.03703 -1.61761 6
      vertex -6.89188 -1.84666 6
      vertex -6.70609 -2.394 6
    endloop
  endfacet
  facet normal 0 0 1
    outer loop
      vertex -6.25 0 6
      vertex -7.00897 -1.28056 6
      vertex -6.22621 -0.544708 6
    endloop
  endfacet
  facet normal 0 0 1
    outer loop
      vertex -6.22621 -0.544708 6
      vertex -7.00897 -1.28056 6
      vertex -7.00464 -1.27977 6
    endloop
  endfacet
  facet normal 0 0 1
    outer loop
      vertex -8.36749 -1.22873 6
      vertex -6.25 0 6
      vertex -8.36749 1.22873 6
    endloop
  endfacet
  facet normal 0 0 1
    outer loop
      vertex -6.25 0 6
      vertex -8.36749 -1.22873 6
      vertex -7.00897 -1.28056 6
    endloop
  endfacet
  facet normal -0 0 1
    outer loop
      vertex -8.62621 1.22374 6
      vertex -8.36749 -1.22873 6
      vertex -8.36749 1.22873 6
    endloop
  endfacet
  facet normal 0 0 1
    outer loop
      vertex -8.62621 1.22374 6
      vertex -8.62621 -1.22374 6
      vertex -8.36749 -1.22873 6
    endloop
  endfacet
  facet normal -0 0 1
    outer loop
      vertex -8.88969 1.18192 6
      vertex -8.62621 -1.22374 6
      vertex -8.62621 1.22374 6
    endloop
  endfacet
  facet normal 0 0 1
    outer loop
      vertex -8.88969 1.18192 6
      vertex -8.88969 -1.18192 6
      vertex -8.62621 -1.22374 6
    endloop
  endfacet
  facet normal -0 0 1
    outer loop
      vertex -9.15573 1.11411 6
      vertex -8.88969 -1.18192 6
      vertex -8.88969 1.18192 6
    endloop
  endfacet
  facet normal 0 0 1
    outer loop
      vertex -9.15573 1.11411 6
      vertex -9.15573 -1.11411 6
      vertex -8.88969 -1.18192 6
    endloop
  endfacet
  facet normal -0 0 1
    outer loop
      vertex -9.42316 1.02379 6
      vertex -9.15573 -1.11411 6
      vertex -9.15573 1.11411 6
    endloop
  endfacet
  facet normal 0 0 1
    outer loop
      vertex -9.42316 1.02379 6
      vertex -9.42316 -1.02379 6
      vertex -9.15573 -1.11411 6
    endloop
  endfacet
  facet normal -0 0 1
    outer loop
      vertex -9.69106 0.912781 6
      vertex -9.42316 -1.02379 6
      vertex -9.42316 1.02379 6
    endloop
  endfacet
  facet normal 0 0 1
    outer loop
      vertex -9.69106 0.912781 6
      vertex -9.69106 -0.912781 6
      vertex -9.42316 -1.02379 6
    endloop
  endfacet
  facet normal -0 0 1
    outer loop
      vertex -9.95862 0.782257 6
      vertex -9.69106 -0.912781 6
      vertex -9.69106 0.912781 6
    endloop
  endfacet
  facet normal 0 0 1
    outer loop
      vertex -9.95862 0.782257 6
      vertex -9.95862 -0.782257 6
      vertex -9.69106 -0.912781 6
    endloop
  endfacet
  facet normal -0 0 1
    outer loop
      vertex -10.2251 0.632965 6
      vertex -9.95862 -0.782257 6
      vertex -9.95862 0.782257 6
    endloop
  endfacet
  facet normal 0 0 1
    outer loop
      vertex -10.2251 0.632965 6
      vertex -10.2251 -0.632965 6
      vertex -9.95862 -0.782257 6
    endloop
  endfacet
  facet normal -0 0 1
    outer loop
      vertex -10.4897 0.465515 6
      vertex -10.2251 -0.632965 6
      vertex -10.2251 0.632965 6
    endloop
  endfacet
  facet normal 0 0 1
    outer loop
      vertex -10.2251 -0.632965 6
      vertex -10.4897 0.465515 6
      vertex -10.4897 -0.465515 6
    endloop
  endfacet
  facet normal -0 0 1
    outer loop
      vertex -7.86082 -3.11963 6
      vertex -5.41266 -3.125 6
      vertex -6.71022 -2.39548 6
    endloop
  endfacet
  facet normal 0 0 1
    outer loop
      vertex -5.41266 -3.125 6
      vertex -6.6321 -5.24785 6
      vertex -5.42966 -4.61348 6
    endloop
  endfacet
  facet normal 0 0 1
    outer loop
      vertex -5.41266 -3.125 6
      vertex -7.86082 -3.11963 6
      vertex -6.6321 -5.24785 6
    endloop
  endfacet
  facet normal 0 0 1
    outer loop
      vertex -6.6321 -5.24785 6
      vertex -7.86082 -3.11963 6
      vertex -6.85864 -5.37288 6
    endloop
  endfacet
  facet normal -0 0 1
    outer loop
      vertex -8.08238 -3.25331 6
      vertex -6.85864 -5.37288 6
      vertex -7.86082 -3.11963 6
    endloop
  endfacet
  facet normal 0 0 1
    outer loop
      vertex -6.85864 -5.37288 6
      vertex -8.08238 -3.25331 6
      vertex -7.10774 -5.46841 6
    endloop
  endfacet
  facet normal -0 0 1
    outer loop
      vertex -8.28966 -3.42126 6
      vertex -7.10774 -5.46841 6
      vertex -8.08238 -3.25331 6
    endloop
  endfacet
  facet normal 0 0 1
    outer loop
      vertex -7.10774 -5.46841 6
      vertex -8.28966 -3.42126 6
      vertex -7.37204 -5.54269 6
    endloop
  endfacet
  facet normal -0 0 1
    outer loop
      vertex -8.48615 -3.61302 6
      vertex -7.37204 -5.54269 6
      vertex -8.28966 -3.42126 6
    endloop
  endfacet
  facet normal 0 0 1
    outer loop
      vertex -7.37204 -5.54269 6
      vertex -8.48615 -3.61302 6
      vertex -7.64879 -5.59819 6
    endloop
  endfacet
  facet normal -0 0 1
    outer loop
      vertex -8.67258 -3.82495 6
      vertex -7.64879 -5.59819 6
      vertex -8.48615 -3.61302 6
    endloop
  endfacet
  facet normal 0 0 1
    outer loop
      vertex -7.64879 -5.59819 6
      vertex -8.67258 -3.82495 6
      vertex -7.93629 -5.63602 6
    endloop
  endfacet
  facet normal -0 0 1
    outer loop
      vertex -8.84908 -4.05502 6
      vertex -7.93629 -5.63602 6
      vertex -8.67258 -3.82495 6
    endloop
  endfacet
  facet normal 0 0 1
    outer loop
      vertex -7.93629 -5.63602 6
      vertex -8.84908 -4.05502 6
      vertex -8.23328 -5.65675 6
    endloop
  endfacet
  facet normal -0 0 1
    outer loop
      vertex -9.01553 -4.30185 6
      vertex -8.23328 -5.65675 6
      vertex -8.84908 -4.05502 6
    endloop
  endfacet
  facet normal 0 0 1
    outer loop
      vertex -8.23328 -5.65675 6
      vertex -9.01553 -4.30185 6
      vertex -8.53868 -5.66069 6
    endloop
  endfacet
  facet normal -0 0 1
    outer loop
      vertex -9.17165 -4.56436 6
      vertex -8.53868 -5.66069 6
      vertex -9.01553 -4.30185 6
    endloop
  endfacet
  facet normal 0 0 1
    outer loop
      vertex -8.53868 -5.66069 6
      vertex -9.17165 -4.56436 6
      vertex -8.85156 -5.64798 6
    endloop
  endfacet
  facet normal 0 0 1
    outer loop
      vertex -8.85156 -5.64798 6
      vertex -9.17165 -4.56436 6
      vertex -9.31708 -4.84167 6
    endloop
  endfacet
  facet normal 0.872418 -0.488761 0
    outer loop
      vertex 0.632965 -10.2251 6
      vertex 0.782257 -9.95862 -7.62939e-07
      vertex 0.782257 -9.95862 6
    endloop
  endfacet
  facet normal 0.872418 -0.488761 0
    outer loop
      vertex 0.782257 -9.95862 -7.62939e-07
      vertex 0.632965 -10.2251 6
      vertex 0.632965 -10.2251 -7.62939e-07
    endloop
  endfacet
  facet normal 0.898759 -0.438442 0
    outer loop
      vertex 0.782257 -9.95862 6
      vertex 0.912781 -9.69106 -7.62939e-07
      vertex 0.912781 -9.69106 6
    endloop
  endfacet
  facet normal 0.898759 -0.438442 0
    outer loop
      vertex 0.912781 -9.69106 -7.62939e-07
      vertex 0.782257 -9.95862 6
      vertex 0.782257 -9.95862 -7.62939e-07
    endloop
  endfacet
  facet normal 0.923829 -0.382805 0
    outer loop
      vertex 0.912781 -9.69106 6
      vertex 1.02379 -9.42316 -7.62939e-07
      vertex 1.02379 -9.42316 6
    endloop
  endfacet
  facet normal 0.923829 -0.382805 0
    outer loop
      vertex 1.02379 -9.42316 -7.62939e-07
      vertex 0.912781 -9.69106 6
      vertex 0.912781 -9.69106 -7.62939e-07
    endloop
  endfacet
  facet normal 0.947425 -0.319977 0
    outer loop
      vertex 1.02379 -9.42316 6
      vertex 1.11411 -9.15573 -7.62939e-07
      vertex 1.11411 -9.15573 6
    endloop
  endfacet
  facet normal 0.947425 -0.319977 0
    outer loop
      vertex 1.11411 -9.15573 -7.62939e-07
      vertex 1.02379 -9.42316 6
      vertex 1.02379 -9.42316 -7.62939e-07
    endloop
  endfacet
  facet normal 0.969018 -0.24699 0
    outer loop
      vertex 1.11411 -9.15573 6
      vertex 1.18192 -8.88969 -7.62939e-07
      vertex 1.18192 -8.88969 6
    endloop
  endfacet
  facet normal 0.969018 -0.24699 0
    outer loop
      vertex 1.18192 -8.88969 -7.62939e-07
      vertex 1.11411 -9.15573 6
      vertex 1.11411 -9.15573 -7.62939e-07
    endloop
  endfacet
  facet normal 0.987637 -0.156759 0
    outer loop
      vertex 1.18192 -8.88969 6
      vertex 1.22374 -8.62621 -7.62939e-07
      vertex 1.22374 -8.62621 6
    endloop
  endfacet
  facet normal 0.987637 -0.156759 0
    outer loop
      vertex 1.22374 -8.62621 -7.62939e-07
      vertex 1.18192 -8.88969 6
      vertex 1.18192 -8.88969 -7.62939e-07
    endloop
  endfacet
  facet normal 0.999814 -0.0192837 0
    outer loop
      vertex 1.22374 -8.62621 6
      vertex 1.22873 -8.36749 -7.62939e-07
      vertex 1.22873 -8.36749 6
    endloop
  endfacet
  facet normal 0.999814 -0.0192837 0
    outer loop
      vertex 1.22873 -8.36749 -7.62939e-07
      vertex 1.22374 -8.62621 6
      vertex 1.22374 -8.62621 -7.62939e-07
    endloop
  endfacet
  facet normal 0.999273 -0.0381241 0
    outer loop
      vertex 1.22873 -8.36749 6
      vertex 1.28056 -7.00897 -7.62939e-07
      vertex 1.28056 -7.00897 6
    endloop
  endfacet
  facet normal 0.999273 -0.0381241 0
    outer loop
      vertex 1.28056 -7.00897 -7.62939e-07
      vertex 1.22873 -8.36749 6
      vertex 1.22873 -8.36749 -7.62939e-07
    endloop
  endfacet
  facet normal 0.983761 0.179485 0
    outer loop
      vertex 1.28056 -7.00897 6
      vertex 1.27977 -7.00464 -7.62939e-07
      vertex 1.27977 -7.00464 6
    endloop
  endfacet
  facet normal 0.983761 0.179485 0
    outer loop
      vertex 1.27977 -7.00464 -7.62939e-07
      vertex 1.28056 -7.00897 6
      vertex 1.28056 -7.00897 -7.62939e-07
    endloop
  endfacet
  facet normal 0.195088 -0.980786 0
    outer loop
      vertex 1.27977 -7.00464 -7.62939e-07
      vertex 1.84666 -6.89188 6
      vertex 1.27977 -7.00464 6
    endloop
  endfacet
  facet normal 0.195088 -0.980786 0
    outer loop
      vertex 1.84666 -6.89188 6
      vertex 1.27977 -7.00464 -7.62939e-07
      vertex 1.84666 -6.89188 -7.62939e-07
    endloop
  endfacet
  facet normal 0.321429 -0.946934 0
    outer loop
      vertex 1.84666 -6.89188 -7.62939e-07
      vertex 2.394 -6.70609 6
      vertex 1.84666 -6.89188 6
    endloop
  endfacet
  facet normal 0.321429 -0.946934 0
    outer loop
      vertex 2.394 -6.70609 6
      vertex 1.84666 -6.89188 -7.62939e-07
      vertex 2.394 -6.70609 -7.62939e-07
    endloop
  endfacet
  facet normal -0.94138 -0.337347 0
    outer loop
      vertex 2.39548 -6.71022 -7.62939e-07
      vertex 2.394 -6.70609 6
      vertex 2.394 -6.70609 -7.62939e-07
    endloop
  endfacet
  facet normal -0.94138 -0.337347 0
    outer loop
      vertex 2.394 -6.70609 6
      vertex 2.39548 -6.71022 -7.62939e-07
      vertex 2.39548 -6.71022 6
    endloop
  endfacet
  facet normal -0.846333 -0.532654 0
    outer loop
      vertex 3.11963 -7.86082 -7.62939e-07
      vertex 2.39548 -6.71022 6
      vertex 2.39548 -6.71022 -7.62939e-07
    endloop
  endfacet
  facet normal -0.846333 -0.532654 0
    outer loop
      vertex 2.39548 -6.71022 6
      vertex 3.11963 -7.86082 -7.62939e-07
      vertex 3.11963 -7.86082 6
    endloop
  endfacet
  facet normal -0.856222 -0.516608 0
    outer loop
      vertex 3.25331 -8.08238 -7.62939e-07
      vertex 3.11963 -7.86082 6
      vertex 3.11963 -7.86082 -7.62939e-07
    endloop
  endfacet
  facet normal -0.856222 -0.516608 0
    outer loop
      vertex 3.11963 -7.86082 6
      vertex 3.25331 -8.08238 -7.62939e-07
      vertex 3.25331 -8.08238 6
    endloop
  endfacet
  facet normal -0.776966 -0.629542 0
    outer loop
      vertex 3.42126 -8.28966 -7.62939e-07
      vertex 3.25331 -8.08238 6
      vertex 3.25331 -8.08238 -7.62939e-07
    endloop
  endfacet
  facet normal -0.776966 -0.629542 0
    outer loop
      vertex 3.25331 -8.08238 6
      vertex 3.42126 -8.28966 -7.62939e-07
      vertex 3.42126 -8.28966 6
    endloop
  endfacet
  facet normal -0.715668 -0.69844 0
    outer loop
      vertex 3.61302 -8.48615 -7.62939e-07
      vertex 3.42126 -8.28966 6
      vertex 3.42126 -8.28966 -7.62939e-07
    endloop
  endfacet
  facet normal -0.715668 -0.69844 0
    outer loop
      vertex 3.42126 -8.28966 6
      vertex 3.61302 -8.48615 -7.62939e-07
      vertex 3.61302 -8.48615 6
    endloop
  endfacet
  facet normal -0.660491 -0.750834 0
    outer loop
      vertex 3.61302 -8.48615 -7.62939e-07
      vertex 3.82495 -8.67258 6
      vertex 3.61302 -8.48615 6
    endloop
  endfacet
  facet normal -0.660491 -0.750834 -0
    outer loop
      vertex 3.82495 -8.67258 6
      vertex 3.61302 -8.48615 -7.62939e-07
      vertex 3.82495 -8.67258 -7.62939e-07
    endloop
  endfacet
  facet normal -0.608677 -0.793418 0
    outer loop
      vertex 3.82495 -8.67258 -7.62939e-07
      vertex 4.05502 -8.84908 6
      vertex 3.82495 -8.67258 6
    endloop
  endfacet
  facet normal -0.608677 -0.793418 -0
    outer loop
      vertex 4.05502 -8.84908 6
      vertex 3.82495 -8.67258 -7.62939e-07
      vertex 4.05502 -8.84908 -7.62939e-07
    endloop
  endfacet
  facet normal -0.559103 -0.829098 0
    outer loop
      vertex 4.05502 -8.84908 -7.62939e-07
      vertex 4.30185 -9.01553 6
      vertex 4.05502 -8.84908 6
    endloop
  endfacet
  facet normal -0.559103 -0.829098 -0
    outer loop
      vertex 4.30185 -9.01553 6
      vertex 4.05502 -8.84908 -7.62939e-07
      vertex 4.30185 -9.01553 -7.62939e-07
    endloop
  endfacet
  facet normal -0.511155 -0.859488 0
    outer loop
      vertex 4.30185 -9.01553 -7.62939e-07
      vertex 4.56436 -9.17165 6
      vertex 4.30185 -9.01553 6
    endloop
  endfacet
  facet normal -0.511155 -0.859488 -0
    outer loop
      vertex 4.56436 -9.17165 6
      vertex 4.30185 -9.01553 -7.62939e-07
      vertex 4.56436 -9.17165 -7.62939e-07
    endloop
  endfacet
  facet normal -0.464439 -0.885605 0
    outer loop
      vertex 4.56436 -9.17165 -7.62939e-07
      vertex 4.84167 -9.31708 6
      vertex 4.56436 -9.17165 6
    endloop
  endfacet
  facet normal -0.464439 -0.885605 -0
    outer loop
      vertex 4.84167 -9.31708 6
      vertex 4.56436 -9.17165 -7.62939e-07
      vertex 4.84167 -9.31708 -7.62939e-07
    endloop
  endfacet
  facet normal 0.499997 -0.866027 0
    outer loop
      vertex 4.84167 -9.31708 -7.62939e-07
      vertex 5.64798 -8.85156 6
      vertex 4.84167 -9.31708 6
    endloop
  endfacet
  facet normal 0.499997 -0.866027 0
    outer loop
      vertex 5.64798 -8.85156 6
      vertex 4.84167 -9.31708 -7.62939e-07
      vertex 5.64798 -8.85156 -7.62939e-07
    endloop
  endfacet
  facet normal 0.999176 -0.0405891 0
    outer loop
      vertex 5.64798 -8.85156 6
      vertex 5.66069 -8.53868 -7.62939e-07
      vertex 5.66069 -8.53868 6
    endloop
  endfacet
  facet normal 0.999176 -0.0405891 0
    outer loop
      vertex 5.66069 -8.53868 -7.62939e-07
      vertex 5.64798 -8.85156 6
      vertex 5.64798 -8.85156 -7.62939e-07
    endloop
  endfacet
  facet normal 0.999917 0.0129 0
    outer loop
      vertex 5.66069 -8.53868 6
      vertex 5.65675 -8.23328 -7.62939e-07
      vertex 5.65675 -8.23328 6
    endloop
  endfacet
  facet normal 0.999917 0.0129 0
    outer loop
      vertex 5.65675 -8.23328 -7.62939e-07
      vertex 5.66069 -8.53868 6
      vertex 5.66069 -8.53868 -7.62939e-07
    endloop
  endfacet
  facet normal 0.997573 0.0696309 0
    outer loop
      vertex 5.65675 -8.23328 6
      vertex 5.63602 -7.93629 -7.62939e-07
      vertex 5.63602 -7.93629 6
    endloop
  endfacet
  facet normal 0.997573 0.0696309 0
    outer loop
      vertex 5.63602 -7.93629 -7.62939e-07
      vertex 5.65675 -8.23328 6
      vertex 5.65675 -8.23328 -7.62939e-07
    endloop
  endfacet
  facet normal 0.991454 0.130458 0
    outer loop
      vertex 5.63602 -7.93629 6
      vertex 5.59819 -7.64879 -7.62939e-07
      vertex 5.59819 -7.64879 6
    endloop
  endfacet
  facet normal 0.991454 0.130458 0
    outer loop
      vertex 5.59819 -7.64879 -7.62939e-07
      vertex 5.63602 -7.93629 6
      vertex 5.63602 -7.93629 -7.62939e-07
    endloop
  endfacet
  facet normal 0.980478 0.196627 0
    outer loop
      vertex 5.59819 -7.64879 6
      vertex 5.54269 -7.37204 -7.62939e-07
      vertex 5.54269 -7.37204 6
    endloop
  endfacet
  facet normal 0.980478 0.196627 0
    outer loop
      vertex 5.54269 -7.37204 -7.62939e-07
      vertex 5.59819 -7.64879 6
      vertex 5.59819 -7.64879 -7.62939e-07
    endloop
  endfacet
  facet normal 0.962703 0.270562 0
    outer loop
      vertex 5.54269 -7.37204 6
      vertex 5.46841 -7.10774 -7.62939e-07
      vertex 5.46841 -7.10774 6
    endloop
  endfacet
  facet normal 0.962703 0.270562 0
    outer loop
      vertex 5.46841 -7.10774 -7.62939e-07
      vertex 5.54269 -7.37204 6
      vertex 5.54269 -7.37204 -7.62939e-07
    endloop
  endfacet
  facet normal 0.933694 0.358072 0
    outer loop
      vertex 5.46841 -7.10774 6
      vertex 5.37288 -6.85864 -7.62939e-07
      vertex 5.37288 -6.85864 6
    endloop
  endfacet
  facet normal 0.933694 0.358072 0
    outer loop
      vertex 5.37288 -6.85864 -7.62939e-07
      vertex 5.46841 -7.10774 6
      vertex 5.46841 -7.10774 -7.62939e-07
    endloop
  endfacet
  facet normal 0.875508 0.483203 0
    outer loop
      vertex 5.37288 -6.85864 6
      vertex 5.24785 -6.6321 -7.62939e-07
      vertex 5.24785 -6.6321 6
    endloop
  endfacet
  facet normal 0.875508 0.483203 0
    outer loop
      vertex 5.24785 -6.6321 -7.62939e-07
      vertex 5.37288 -6.85864 6
      vertex 5.37288 -6.85864 -7.62939e-07
    endloop
  endfacet
  facet normal 0.884461 0.466614 0
    outer loop
      vertex 5.24785 -6.6321 6
      vertex 4.61348 -5.42966 -7.62939e-07
      vertex 4.61348 -5.42966 6
    endloop
  endfacet
  facet normal 0.884461 0.466614 0
    outer loop
      vertex 4.61348 -5.42966 -7.62939e-07
      vertex 5.24785 -6.6321 6
      vertex 5.24785 -6.6321 -7.62939e-07
    endloop
  endfacet
  facet normal 0.762611 0.646857 0
    outer loop
      vertex 4.61348 -5.42966 6
      vertex 4.61063 -5.4263 -7.62939e-07
      vertex 4.61063 -5.4263 6
    endloop
  endfacet
  facet normal 0.762611 0.646857 0
    outer loop
      vertex 4.61063 -5.4263 -7.62939e-07
      vertex 4.61348 -5.42966 6
      vertex 4.61348 -5.42966 -7.62939e-07
    endloop
  endfacet
  facet normal 0.659338 -0.751846 0
    outer loop
      vertex 4.61063 -5.4263 -7.62939e-07
      vertex 5.0452 -5.0452 6
      vertex 4.61063 -5.4263 6
    endloop
  endfacet
  facet normal 0.659338 -0.751846 0
    outer loop
      vertex 5.0452 -5.0452 6
      vertex 4.61063 -5.4263 -7.62939e-07
      vertex 5.0452 -5.0452 -7.62939e-07
    endloop
  endfacet
  facet normal 0.751846 -0.659338 0
    outer loop
      vertex 5.0452 -5.0452 6
      vertex 5.4263 -4.61063 -7.62939e-07
      vertex 5.4263 -4.61063 6
    endloop
  endfacet
  facet normal 0.751846 -0.659338 0
    outer loop
      vertex 5.4263 -4.61063 -7.62939e-07
      vertex 5.0452 -5.0452 6
      vertex 5.0452 -5.0452 -7.62939e-07
    endloop
  endfacet
  facet normal -0.646857 -0.762611 0
    outer loop
      vertex 5.4263 -4.61063 -7.62939e-07
      vertex 5.42966 -4.61348 6
      vertex 5.4263 -4.61063 6
    endloop
  endfacet
  facet normal -0.646857 -0.762611 -0
    outer loop
      vertex 5.42966 -4.61348 6
      vertex 5.4263 -4.61063 -7.62939e-07
      vertex 5.42966 -4.61348 -7.62939e-07
    endloop
  endfacet
  facet normal -0.466614 -0.884461 0
    outer loop
      vertex 5.42966 -4.61348 -7.62939e-07
      vertex 6.6321 -5.24785 6
      vertex 5.42966 -4.61348 6
    endloop
  endfacet
  facet normal -0.466614 -0.884461 -0
    outer loop
      vertex 6.6321 -5.24785 6
      vertex 5.42966 -4.61348 -7.62939e-07
      vertex 6.6321 -5.24785 -7.62939e-07
    endloop
  endfacet
  facet normal -0.483203 -0.875508 0
    outer loop
      vertex 6.6321 -5.24785 -7.62939e-07
      vertex 6.85864 -5.37288 6
      vertex 6.6321 -5.24785 6
    endloop
  endfacet
  facet normal -0.483203 -0.875508 -0
    outer loop
      vertex 6.85864 -5.37288 6
      vertex 6.6321 -5.24785 -7.62939e-07
      vertex 6.85864 -5.37288 -7.62939e-07
    endloop
  endfacet
  facet normal -0.358072 -0.933694 0
    outer loop
      vertex 6.85864 -5.37288 -7.62939e-07
      vertex 7.10774 -5.46841 6
      vertex 6.85864 -5.37288 6
    endloop
  endfacet
  facet normal -0.358072 -0.933694 -0
    outer loop
      vertex 7.10774 -5.46841 6
      vertex 6.85864 -5.37288 -7.62939e-07
      vertex 7.10774 -5.46841 -7.62939e-07
    endloop
  endfacet
  facet normal -0.270562 -0.962703 0
    outer loop
      vertex 7.10774 -5.46841 -7.62939e-07
      vertex 7.37204 -5.54269 6
      vertex 7.10774 -5.46841 6
    endloop
  endfacet
  facet normal -0.270562 -0.962703 -0
    outer loop
      vertex 7.37204 -5.54269 6
      vertex 7.10774 -5.46841 -7.62939e-07
      vertex 7.37204 -5.54269 -7.62939e-07
    endloop
  endfacet
  facet normal -0.196627 -0.980478 0
    outer loop
      vertex 7.37204 -5.54269 -7.62939e-07
      vertex 7.64879 -5.59819 6
      vertex 7.37204 -5.54269 6
    endloop
  endfacet
  facet normal -0.196627 -0.980478 -0
    outer loop
      vertex 7.64879 -5.59819 6
      vertex 7.37204 -5.54269 -7.62939e-07
      vertex 7.64879 -5.59819 -7.62939e-07
    endloop
  endfacet
  facet normal -0.130458 -0.991454 0
    outer loop
      vertex 7.64879 -5.59819 -7.62939e-07
      vertex 7.93629 -5.63602 6
      vertex 7.64879 -5.59819 6
    endloop
  endfacet
  facet normal -0.130458 -0.991454 -0
    outer loop
      vertex 7.93629 -5.63602 6
      vertex 7.64879 -5.59819 -7.62939e-07
      vertex 7.93629 -5.63602 -7.62939e-07
    endloop
  endfacet
  facet normal -0.0696309 -0.997573 0
    outer loop
      vertex 7.93629 -5.63602 -7.62939e-07
      vertex 8.23328 -5.65675 6
      vertex 7.93629 -5.63602 6
    endloop
  endfacet
  facet normal -0.0696309 -0.997573 -0
    outer loop
      vertex 8.23328 -5.65675 6
      vertex 7.93629 -5.63602 -7.62939e-07
      vertex 8.23328 -5.65675 -7.62939e-07
    endloop
  endfacet
  facet normal -0.0129 -0.999917 0
    outer loop
      vertex 8.23328 -5.65675 -7.62939e-07
      vertex 8.53868 -5.66069 6
      vertex 8.23328 -5.65675 6
    endloop
  endfacet
  facet normal -0.0129 -0.999917 -0
    outer loop
      vertex 8.53868 -5.66069 6
      vertex 8.23328 -5.65675 -7.62939e-07
      vertex 8.53868 -5.66069 -7.62939e-07
    endloop
  endfacet
  facet normal 0.0405891 -0.999176 0
    outer loop
      vertex 8.53868 -5.66069 -7.62939e-07
      vertex 8.85156 -5.64798 6
      vertex 8.53868 -5.66069 6
    endloop
  endfacet
  facet normal 0.0405891 -0.999176 0
    outer loop
      vertex 8.85156 -5.64798 6
      vertex 8.53868 -5.66069 -7.62939e-07
      vertex 8.85156 -5.64798 -7.62939e-07
    endloop
  endfacet
  facet normal 0.866027 -0.499997 0
    outer loop
      vertex 8.85156 -5.64798 6
      vertex 9.31708 -4.84167 -7.62939e-07
      vertex 9.31708 -4.84167 6
    endloop
  endfacet
  facet normal 0.866027 -0.499997 0
    outer loop
      vertex 9.31708 -4.84167 -7.62939e-07
      vertex 8.85156 -5.64798 6
      vertex 8.85156 -5.64798 -7.62939e-07
    endloop
  endfacet
  facet normal 0.885605 0.464439 0
    outer loop
      vertex 9.31708 -4.84167 6
      vertex 9.17165 -4.56436 -7.62939e-07
      vertex 9.17165 -4.56436 6
    endloop
  endfacet
  facet normal 0.885605 0.464439 0
    outer loop
      vertex 9.17165 -4.56436 -7.62939e-07
      vertex 9.31708 -4.84167 6
      vertex 9.31708 -4.84167 -7.62939e-07
    endloop
  endfacet
  facet normal 0.859488 0.511155 0
    outer loop
      vertex 9.17165 -4.56436 6
      vertex 9.01553 -4.30185 -7.62939e-07
      vertex 9.01553 -4.30185 6
    endloop
  endfacet
  facet normal 0.859488 0.511155 0
    outer loop
      vertex 9.01553 -4.30185 -7.62939e-07
      vertex 9.17165 -4.56436 6
      vertex 9.17165 -4.56436 -7.62939e-07
    endloop
  endfacet
  facet normal 0.829098 0.559103 0
    outer loop
      vertex 9.01553 -4.30185 6
      vertex 8.84908 -4.05502 -7.62939e-07
      vertex 8.84908 -4.05502 6
    endloop
  endfacet
  facet normal 0.829098 0.559103 0
    outer loop
      vertex 8.84908 -4.05502 -7.62939e-07
      vertex 9.01553 -4.30185 6
      vertex 9.01553 -4.30185 -7.62939e-07
    endloop
  endfacet
  facet normal 0.793418 0.608677 0
    outer loop
      vertex 8.84908 -4.05502 6
      vertex 8.67258 -3.82495 -7.62939e-07
      vertex 8.67258 -3.82495 6
    endloop
  endfacet
  facet normal 0.793418 0.608677 0
    outer loop
      vertex 8.67258 -3.82495 -7.62939e-07
      vertex 8.84908 -4.05502 6
      vertex 8.84908 -4.05502 -7.62939e-07
    endloop
  endfacet
  facet normal 0.750834 0.660491 0
    outer loop
      vertex 8.67258 -3.82495 6
      vertex 8.48615 -3.61302 -7.62939e-07
      vertex 8.48615 -3.61302 6
    endloop
  endfacet
  facet normal 0.750834 0.660491 0
    outer loop
      vertex 8.48615 -3.61302 -7.62939e-07
      vertex 8.67258 -3.82495 6
      vertex 8.67258 -3.82495 -7.62939e-07
    endloop
  endfacet
  facet normal 0.69844 0.715668 -0
    outer loop
      vertex 8.48615 -3.61302 -7.62939e-07
      vertex 8.28966 -3.42126 6
      vertex 8.48615 -3.61302 6
    endloop
  endfacet
  facet normal 0.69844 0.715668 0
    outer loop
      vertex 8.28966 -3.42126 6
      vertex 8.48615 -3.61302 -7.62939e-07
      vertex 8.28966 -3.42126 -7.62939e-07
    endloop
  endfacet
  facet normal 0.629542 0.776966 -0
    outer loop
      vertex 8.28966 -3.42126 -7.62939e-07
      vertex 8.08238 -3.25331 6
      vertex 8.28966 -3.42126 6
    endloop
  endfacet
  facet normal 0.629542 0.776966 0
    outer loop
      vertex 8.08238 -3.25331 6
      vertex 8.28966 -3.42126 -7.62939e-07
      vertex 8.08238 -3.25331 -7.62939e-07
    endloop
  endfacet
  facet normal 0.516608 0.856222 -0
    outer loop
      vertex 8.08238 -3.25331 -7.62939e-07
      vertex 7.86082 -3.11963 6
      vertex 8.08238 -3.25331 6
    endloop
  endfacet
  facet normal 0.516608 0.856222 0
    outer loop
      vertex 7.86082 -3.11963 6
      vertex 8.08238 -3.25331 -7.62939e-07
      vertex 7.86082 -3.11963 -7.62939e-07
    endloop
  endfacet
  facet normal 0.532654 0.846333 -0
    outer loop
      vertex 7.86082 -3.11963 -7.62939e-07
      vertex 6.71022 -2.39548 6
      vertex 7.86082 -3.11963 6
    endloop
  endfacet
  facet normal 0.532654 0.846333 0
    outer loop
      vertex 6.71022 -2.39548 6
      vertex 7.86082 -3.11963 -7.62939e-07
      vertex 6.71022 -2.39548 -7.62939e-07
    endloop
  endfacet
  facet normal 0.337347 0.94138 -0
    outer loop
      vertex 6.71022 -2.39548 -7.62939e-07
      vertex 6.70609 -2.394 6
      vertex 6.71022 -2.39548 6
    endloop
  endfacet
  facet normal 0.337347 0.94138 0
    outer loop
      vertex 6.70609 -2.394 6
      vertex 6.71022 -2.39548 -7.62939e-07
      vertex 6.70609 -2.394 -7.62939e-07
    endloop
  endfacet
  facet normal 0.946934 -0.321429 0
    outer loop
      vertex 6.70609 -2.394 6
      vertex 6.89188 -1.84666 -7.62939e-07
      vertex 6.89188 -1.84666 6
    endloop
  endfacet
  facet normal 0.946934 -0.321429 0
    outer loop
      vertex 6.89188 -1.84666 -7.62939e-07
      vertex 6.70609 -2.394 6
      vertex 6.70609 -2.394 -7.62939e-07
    endloop
  endfacet
  facet normal 0.980786 -0.195088 0
    outer loop
      vertex 6.89188 -1.84666 6
      vertex 7.00464 -1.27977 -7.62939e-07
      vertex 7.00464 -1.27977 6
    endloop
  endfacet
  facet normal 0.980786 -0.195088 0
    outer loop
      vertex 7.00464 -1.27977 -7.62939e-07
      vertex 6.89188 -1.84666 6
      vertex 6.89188 -1.84666 -7.62939e-07
    endloop
  endfacet
  facet normal -0.179485 -0.983761 0
    outer loop
      vertex 7.00464 -1.27977 -7.62939e-07
      vertex 7.00897 -1.28056 6
      vertex 7.00464 -1.27977 6
    endloop
  endfacet
  facet normal -0.179485 -0.983761 -0
    outer loop
      vertex 7.00897 -1.28056 6
      vertex 7.00464 -1.27977 -7.62939e-07
      vertex 7.00897 -1.28056 -7.62939e-07
    endloop
  endfacet
  facet normal 0.0381241 -0.999273 0
    outer loop
      vertex 7.00897 -1.28056 -7.62939e-07
      vertex 8.36749 -1.22873 6
      vertex 7.00897 -1.28056 6
    endloop
  endfacet
  facet normal 0.0381241 -0.999273 0
    outer loop
      vertex 8.36749 -1.22873 6
      vertex 7.00897 -1.28056 -7.62939e-07
      vertex 8.36749 -1.22873 -7.62939e-07
    endloop
  endfacet
  facet normal 0.0192837 -0.999814 0
    outer loop
      vertex 8.36749 -1.22873 -7.62939e-07
      vertex 8.62621 -1.22374 6
      vertex 8.36749 -1.22873 6
    endloop
  endfacet
  facet normal 0.0192837 -0.999814 0
    outer loop
      vertex 8.62621 -1.22374 6
      vertex 8.36749 -1.22873 -7.62939e-07
      vertex 8.62621 -1.22374 -7.62939e-07
    endloop
  endfacet
  facet normal 0.156759 -0.987637 0
    outer loop
      vertex 8.62621 -1.22374 -7.62939e-07
      vertex 8.88969 -1.18192 6
      vertex 8.62621 -1.22374 6
    endloop
  endfacet
  facet normal 0.156759 -0.987637 0
    outer loop
      vertex 8.88969 -1.18192 6
      vertex 8.62621 -1.22374 -7.62939e-07
      vertex 8.88969 -1.18192 -7.62939e-07
    endloop
  endfacet
  facet normal 0.24699 -0.969018 0
    outer loop
      vertex 8.88969 -1.18192 -7.62939e-07
      vertex 9.15573 -1.11411 6
      vertex 8.88969 -1.18192 6
    endloop
  endfacet
  facet normal 0.24699 -0.969018 0
    outer loop
      vertex 9.15573 -1.11411 6
      vertex 8.88969 -1.18192 -7.62939e-07
      vertex 9.15573 -1.11411 -7.62939e-07
    endloop
  endfacet
  facet normal 0.319977 -0.947425 0
    outer loop
      vertex 9.15573 -1.11411 -7.62939e-07
      vertex 9.42316 -1.02379 6
      vertex 9.15573 -1.11411 6
    endloop
  endfacet
  facet normal 0.319977 -0.947425 0
    outer loop
      vertex 9.42316 -1.02379 6
      vertex 9.15573 -1.11411 -7.62939e-07
      vertex 9.42316 -1.02379 -7.62939e-07
    endloop
  endfacet
  facet normal 0.382805 -0.923829 0
    outer loop
      vertex 9.42316 -1.02379 -7.62939e-07
      vertex 9.69106 -0.912781 6
      vertex 9.42316 -1.02379 6
    endloop
  endfacet
  facet normal 0.382805 -0.923829 0
    outer loop
      vertex 9.69106 -0.912781 6
      vertex 9.42316 -1.02379 -7.62939e-07
      vertex 9.69106 -0.912781 -7.62939e-07
    endloop
  endfacet
  facet normal 0.438442 -0.898759 0
    outer loop
      vertex 9.69106 -0.912781 -7.62939e-07
      vertex 9.95862 -0.782257 6
      vertex 9.69106 -0.912781 6
    endloop
  endfacet
  facet normal 0.438442 -0.898759 0
    outer loop
      vertex 9.95862 -0.782257 6
      vertex 9.69106 -0.912781 -7.62939e-07
      vertex 9.95862 -0.782257 -7.62939e-07
    endloop
  endfacet
  facet normal 0.488761 -0.872418 0
    outer loop
      vertex 9.95862 -0.782257 -7.62939e-07
      vertex 10.2251 -0.632965 6
      vertex 9.95862 -0.782257 6
    endloop
  endfacet
  facet normal 0.488761 -0.872418 0
    outer loop
      vertex 10.2251 -0.632965 6
      vertex 9.95862 -0.782257 -7.62939e-07
      vertex 10.2251 -0.632965 -7.62939e-07
    endloop
  endfacet
  facet normal 0.534756 -0.845007 0
    outer loop
      vertex 10.2251 -0.632965 -7.62939e-07
      vertex 10.4897 -0.465515 6
      vertex 10.2251 -0.632965 6
    endloop
  endfacet
  facet normal 0.534756 -0.845007 0
    outer loop
      vertex 10.4897 -0.465515 6
      vertex 10.2251 -0.632965 -7.62939e-07
      vertex 10.4897 -0.465515 -7.62939e-07
    endloop
  endfacet
  facet normal 1 -0 0
    outer loop
      vertex 10.4897 -0.465515 6
      vertex 10.4897 0.465515 -7.62939e-07
      vertex 10.4897 0.465515 6
    endloop
  endfacet
  facet normal 1 0 0
    outer loop
      vertex 10.4897 0.465515 -7.62939e-07
      vertex 10.4897 -0.465515 6
      vertex 10.4897 -0.465515 -7.62939e-07
    endloop
  endfacet
  facet normal 0.534756 0.845007 -0
    outer loop
      vertex 10.4897 0.465515 -7.62939e-07
      vertex 10.2251 0.632965 6
      vertex 10.4897 0.465515 6
    endloop
  endfacet
  facet normal 0.534756 0.845007 0
    outer loop
      vertex 10.2251 0.632965 6
      vertex 10.4897 0.465515 -7.62939e-07
      vertex 10.2251 0.632965 -7.62939e-07
    endloop
  endfacet
  facet normal 0.488761 0.872418 -0
    outer loop
      vertex 10.2251 0.632965 -7.62939e-07
      vertex 9.95862 0.782257 6
      vertex 10.2251 0.632965 6
    endloop
  endfacet
  facet normal 0.488761 0.872418 0
    outer loop
      vertex 9.95862 0.782257 6
      vertex 10.2251 0.632965 -7.62939e-07
      vertex 9.95862 0.782257 -7.62939e-07
    endloop
  endfacet
  facet normal 0.438442 0.898759 -0
    outer loop
      vertex 9.95862 0.782257 -7.62939e-07
      vertex 9.69106 0.912781 6
      vertex 9.95862 0.782257 6
    endloop
  endfacet
  facet normal 0.438442 0.898759 0
    outer loop
      vertex 9.69106 0.912781 6
      vertex 9.95862 0.782257 -7.62939e-07
      vertex 9.69106 0.912781 -7.62939e-07
    endloop
  endfacet
  facet normal 0.382805 0.923829 -0
    outer loop
      vertex 9.69106 0.912781 -7.62939e-07
      vertex 9.42316 1.02379 6
      vertex 9.69106 0.912781 6
    endloop
  endfacet
  facet normal 0.382805 0.923829 0
    outer loop
      vertex 9.42316 1.02379 6
      vertex 9.69106 0.912781 -7.62939e-07
      vertex 9.42316 1.02379 -7.62939e-07
    endloop
  endfacet
  facet normal 0.319977 0.947425 -0
    outer loop
      vertex 9.42316 1.02379 -7.62939e-07
      vertex 9.15573 1.11411 6
      vertex 9.42316 1.02379 6
    endloop
  endfacet
  facet normal 0.319977 0.947425 0
    outer loop
      vertex 9.15573 1.11411 6
      vertex 9.42316 1.02379 -7.62939e-07
      vertex 9.15573 1.11411 -7.62939e-07
    endloop
  endfacet
  facet normal 0.24699 0.969018 -0
    outer loop
      vertex 9.15573 1.11411 -7.62939e-07
      vertex 8.88969 1.18192 6
      vertex 9.15573 1.11411 6
    endloop
  endfacet
  facet normal 0.24699 0.969018 0
    outer loop
      vertex 8.88969 1.18192 6
      vertex 9.15573 1.11411 -7.62939e-07
      vertex 8.88969 1.18192 -7.62939e-07
    endloop
  endfacet
  facet normal 0.156759 0.987637 -0
    outer loop
      vertex 8.88969 1.18192 -7.62939e-07
      vertex 8.62621 1.22374 6
      vertex 8.88969 1.18192 6
    endloop
  endfacet
  facet normal 0.156759 0.987637 0
    outer loop
      vertex 8.62621 1.22374 6
      vertex 8.88969 1.18192 -7.62939e-07
      vertex 8.62621 1.22374 -7.62939e-07
    endloop
  endfacet
  facet normal 0.0192837 0.999814 -0
    outer loop
      vertex 8.62621 1.22374 -7.62939e-07
      vertex 8.36749 1.22873 6
      vertex 8.62621 1.22374 6
    endloop
  endfacet
  facet normal 0.0192837 0.999814 0
    outer loop
      vertex 8.36749 1.22873 6
      vertex 8.62621 1.22374 -7.62939e-07
      vertex 8.36749 1.22873 -7.62939e-07
    endloop
  endfacet
  facet normal 0.0381241 0.999273 -0
    outer loop
      vertex 8.36749 1.22873 -7.62939e-07
      vertex 7.00897 1.28056 6
      vertex 8.36749 1.22873 6
    endloop
  endfacet
  facet normal 0.0381241 0.999273 0
    outer loop
      vertex 7.00897 1.28056 6
      vertex 8.36749 1.22873 -7.62939e-07
      vertex 7.00897 1.28056 -7.62939e-07
    endloop
  endfacet
  facet normal -0.179485 0.983761 0
    outer loop
      vertex 7.00897 1.28056 -7.62939e-07
      vertex 7.00464 1.27977 6
      vertex 7.00897 1.28056 6
    endloop
  endfacet
  facet normal -0.179485 0.983761 0
    outer loop
      vertex 7.00464 1.27977 6
      vertex 7.00897 1.28056 -7.62939e-07
      vertex 7.00464 1.27977 -7.62939e-07
    endloop
  endfacet
  facet normal 0.980786 0.195088 0
    outer loop
      vertex 7.00464 1.27977 6
      vertex 6.89188 1.84666 -7.62939e-07
      vertex 6.89188 1.84666 6
    endloop
  endfacet
  facet normal 0.980786 0.195088 0
    outer loop
      vertex 6.89188 1.84666 -7.62939e-07
      vertex 7.00464 1.27977 6
      vertex 7.00464 1.27977 -7.62939e-07
    endloop
  endfacet
  facet normal 0.946934 0.321429 0
    outer loop
      vertex 6.89188 1.84666 6
      vertex 6.70609 2.394 -7.62939e-07
      vertex 6.70609 2.394 6
    endloop
  endfacet
  facet normal 0.946934 0.321429 0
    outer loop
      vertex 6.70609 2.394 -7.62939e-07
      vertex 6.89188 1.84666 6
      vertex 6.89188 1.84666 -7.62939e-07
    endloop
  endfacet
  facet normal 0.337347 -0.94138 0
    outer loop
      vertex 6.70609 2.394 -7.62939e-07
      vertex 6.71022 2.39548 6
      vertex 6.70609 2.394 6
    endloop
  endfacet
  facet normal 0.337347 -0.94138 0
    outer loop
      vertex 6.71022 2.39548 6
      vertex 6.70609 2.394 -7.62939e-07
      vertex 6.71022 2.39548 -7.62939e-07
    endloop
  endfacet
  facet normal 0.532654 -0.846333 0
    outer loop
      vertex 6.71022 2.39548 -7.62939e-07
      vertex 7.86082 3.11963 6
      vertex 6.71022 2.39548 6
    endloop
  endfacet
  facet normal 0.532654 -0.846333 0
    outer loop
      vertex 7.86082 3.11963 6
      vertex 6.71022 2.39548 -7.62939e-07
      vertex 7.86082 3.11963 -7.62939e-07
    endloop
  endfacet
  facet normal 0.516608 -0.856222 0
    outer loop
      vertex 7.86082 3.11963 -7.62939e-07
      vertex 8.08238 3.25331 6
      vertex 7.86082 3.11963 6
    endloop
  endfacet
  facet normal 0.516608 -0.856222 0
    outer loop
      vertex 8.08238 3.25331 6
      vertex 7.86082 3.11963 -7.62939e-07
      vertex 8.08238 3.25331 -7.62939e-07
    endloop
  endfacet
  facet normal 0.629542 -0.776966 0
    outer loop
      vertex 8.08238 3.25331 -7.62939e-07
      vertex 8.28966 3.42126 6
      vertex 8.08238 3.25331 6
    endloop
  endfacet
  facet normal 0.629542 -0.776966 0
    outer loop
      vertex 8.28966 3.42126 6
      vertex 8.08238 3.25331 -7.62939e-07
      vertex 8.28966 3.42126 -7.62939e-07
    endloop
  endfacet
  facet normal 0.69844 -0.715668 0
    outer loop
      vertex 8.28966 3.42126 -7.62939e-07
      vertex 8.48615 3.61302 6
      vertex 8.28966 3.42126 6
    endloop
  endfacet
  facet normal 0.69844 -0.715668 0
    outer loop
      vertex 8.48615 3.61302 6
      vertex 8.28966 3.42126 -7.62939e-07
      vertex 8.48615 3.61302 -7.62939e-07
    endloop
  endfacet
  facet normal 0.750834 -0.660491 0
    outer loop
      vertex 8.48615 3.61302 6
      vertex 8.67258 3.82495 -7.62939e-07
      vertex 8.67258 3.82495 6
    endloop
  endfacet
  facet normal 0.750834 -0.660491 0
    outer loop
      vertex 8.67258 3.82495 -7.62939e-07
      vertex 8.48615 3.61302 6
      vertex 8.48615 3.61302 -7.62939e-07
    endloop
  endfacet
  facet normal 0.793418 -0.608677 0
    outer loop
      vertex 8.67258 3.82495 6
      vertex 8.84908 4.05502 -7.62939e-07
      vertex 8.84908 4.05502 6
    endloop
  endfacet
  facet normal 0.793418 -0.608677 0
    outer loop
      vertex 8.84908 4.05502 -7.62939e-07
      vertex 8.67258 3.82495 6
      vertex 8.67258 3.82495 -7.62939e-07
    endloop
  endfacet
  facet normal 0.829098 -0.559103 0
    outer loop
      vertex 8.84908 4.05502 6
      vertex 9.01553 4.30185 -7.62939e-07
      vertex 9.01553 4.30185 6
    endloop
  endfacet
  facet normal 0.829098 -0.559103 0
    outer loop
      vertex 9.01553 4.30185 -7.62939e-07
      vertex 8.84908 4.05502 6
      vertex 8.84908 4.05502 -7.62939e-07
    endloop
  endfacet
  facet normal 0.859488 -0.511155 0
    outer loop
      vertex 9.01553 4.30185 6
      vertex 9.17165 4.56436 -7.62939e-07
      vertex 9.17165 4.56436 6
    endloop
  endfacet
  facet normal 0.859488 -0.511155 0
    outer loop
      vertex 9.17165 4.56436 -7.62939e-07
      vertex 9.01553 4.30185 6
      vertex 9.01553 4.30185 -7.62939e-07
    endloop
  endfacet
  facet normal 0.885605 -0.464439 0
    outer loop
      vertex 9.17165 4.56436 6
      vertex 9.31708 4.84167 -7.62939e-07
      vertex 9.31708 4.84167 6
    endloop
  endfacet
  facet normal 0.885605 -0.464439 0
    outer loop
      vertex 9.31708 4.84167 -7.62939e-07
      vertex 9.17165 4.56436 6
      vertex 9.17165 4.56436 -7.62939e-07
    endloop
  endfacet
  facet normal 0.866027 0.499997 0
    outer loop
      vertex 9.31708 4.84167 6
      vertex 8.85156 5.64798 -7.62939e-07
      vertex 8.85156 5.64798 6
    endloop
  endfacet
  facet normal 0.866027 0.499997 0
    outer loop
      vertex 8.85156 5.64798 -7.62939e-07
      vertex 9.31708 4.84167 6
      vertex 9.31708 4.84167 -7.62939e-07
    endloop
  endfacet
  facet normal 0.0405891 0.999176 -0
    outer loop
      vertex 8.85156 5.64798 -7.62939e-07
      vertex 8.53868 5.66069 6
      vertex 8.85156 5.64798 6
    endloop
  endfacet
  facet normal 0.0405891 0.999176 0
    outer loop
      vertex 8.53868 5.66069 6
      vertex 8.85156 5.64798 -7.62939e-07
      vertex 8.53868 5.66069 -7.62939e-07
    endloop
  endfacet
  facet normal -0.0129 0.999917 0
    outer loop
      vertex 8.53868 5.66069 -7.62939e-07
      vertex 8.23328 5.65675 6
      vertex 8.53868 5.66069 6
    endloop
  endfacet
  facet normal -0.0129 0.999917 0
    outer loop
      vertex 8.23328 5.65675 6
      vertex 8.53868 5.66069 -7.62939e-07
      vertex 8.23328 5.65675 -7.62939e-07
    endloop
  endfacet
  facet normal -0.0696309 0.997573 0
    outer loop
      vertex 8.23328 5.65675 -7.62939e-07
      vertex 7.93629 5.63602 6
      vertex 8.23328 5.65675 6
    endloop
  endfacet
  facet normal -0.0696309 0.997573 0
    outer loop
      vertex 7.93629 5.63602 6
      vertex 8.23328 5.65675 -7.62939e-07
      vertex 7.93629 5.63602 -7.62939e-07
    endloop
  endfacet
  facet normal -0.130458 0.991454 0
    outer loop
      vertex 7.93629 5.63602 -7.62939e-07
      vertex 7.64879 5.59819 6
      vertex 7.93629 5.63602 6
    endloop
  endfacet
  facet normal -0.130458 0.991454 0
    outer loop
      vertex 7.64879 5.59819 6
      vertex 7.93629 5.63602 -7.62939e-07
      vertex 7.64879 5.59819 -7.62939e-07
    endloop
  endfacet
  facet normal -0.196627 0.980478 0
    outer loop
      vertex 7.64879 5.59819 -7.62939e-07
      vertex 7.37204 5.54269 6
      vertex 7.64879 5.59819 6
    endloop
  endfacet
  facet normal -0.196627 0.980478 0
    outer loop
      vertex 7.37204 5.54269 6
      vertex 7.64879 5.59819 -7.62939e-07
      vertex 7.37204 5.54269 -7.62939e-07
    endloop
  endfacet
  facet normal -0.270562 0.962703 0
    outer loop
      vertex 7.37204 5.54269 -7.62939e-07
      vertex 7.10774 5.46841 6
      vertex 7.37204 5.54269 6
    endloop
  endfacet
  facet normal -0.270562 0.962703 0
    outer loop
      vertex 7.10774 5.46841 6
      vertex 7.37204 5.54269 -7.62939e-07
      vertex 7.10774 5.46841 -7.62939e-07
    endloop
  endfacet
  facet normal -0.358072 0.933694 0
    outer loop
      vertex 7.10774 5.46841 -7.62939e-07
      vertex 6.85864 5.37288 6
      vertex 7.10774 5.46841 6
    endloop
  endfacet
  facet normal -0.358072 0.933694 0
    outer loop
      vertex 6.85864 5.37288 6
      vertex 7.10774 5.46841 -7.62939e-07
      vertex 6.85864 5.37288 -7.62939e-07
    endloop
  endfacet
  facet normal -0.483203 0.875508 0
    outer loop
      vertex 6.85864 5.37288 -7.62939e-07
      vertex 6.6321 5.24785 6
      vertex 6.85864 5.37288 6
    endloop
  endfacet
  facet normal -0.483203 0.875508 0
    outer loop
      vertex 6.6321 5.24785 6
      vertex 6.85864 5.37288 -7.62939e-07
      vertex 6.6321 5.24785 -7.62939e-07
    endloop
  endfacet
  facet normal -0.466614 0.884461 0
    outer loop
      vertex 6.6321 5.24785 -7.62939e-07
      vertex 5.42966 4.61348 6
      vertex 6.6321 5.24785 6
    endloop
  endfacet
  facet normal -0.466614 0.884461 0
    outer loop
      vertex 5.42966 4.61348 6
      vertex 6.6321 5.24785 -7.62939e-07
      vertex 5.42966 4.61348 -7.62939e-07
    endloop
  endfacet
  facet normal -0.646857 0.762611 0
    outer loop
      vertex 5.42966 4.61348 -7.62939e-07
      vertex 5.4263 4.61063 6
      vertex 5.42966 4.61348 6
    endloop
  endfacet
  facet normal -0.646857 0.762611 0
    outer loop
      vertex 5.4263 4.61063 6
      vertex 5.42966 4.61348 -7.62939e-07
      vertex 5.4263 4.61063 -7.62939e-07
    endloop
  endfacet
  facet normal 0.751846 0.659338 0
    outer loop
      vertex 5.4263 4.61063 6
      vertex 5.0452 5.0452 -7.62939e-07
      vertex 5.0452 5.0452 6
    endloop
  endfacet
  facet normal 0.751846 0.659338 0
    outer loop
      vertex 5.0452 5.0452 -7.62939e-07
      vertex 5.4263 4.61063 6
      vertex 5.4263 4.61063 -7.62939e-07
    endloop
  endfacet
  facet normal 0.659338 0.751846 -0
    outer loop
      vertex 5.0452 5.0452 -7.62939e-07
      vertex 4.61063 5.4263 6
      vertex 5.0452 5.0452 6
    endloop
  endfacet
  facet normal 0.659338 0.751846 0
    outer loop
      vertex 4.61063 5.4263 6
      vertex 5.0452 5.0452 -7.62939e-07
      vertex 4.61063 5.4263 -7.62939e-07
    endloop
  endfacet
  facet normal 0.762611 -0.646857 0
    outer loop
      vertex 4.61063 5.4263 6
      vertex 4.61348 5.42966 -7.62939e-07
      vertex 4.61348 5.42966 6
    endloop
  endfacet
  facet normal 0.762611 -0.646857 0
    outer loop
      vertex 4.61348 5.42966 -7.62939e-07
      vertex 4.61063 5.4263 6
      vertex 4.61063 5.4263 -7.62939e-07
    endloop
  endfacet
  facet normal 0.884461 -0.466614 0
    outer loop
      vertex 4.61348 5.42966 6
      vertex 5.24785 6.6321 -7.62939e-07
      vertex 5.24785 6.6321 6
    endloop
  endfacet
  facet normal 0.884461 -0.466614 0
    outer loop
      vertex 5.24785 6.6321 -7.62939e-07
      vertex 4.61348 5.42966 6
      vertex 4.61348 5.42966 -7.62939e-07
    endloop
  endfacet
  facet normal 0.875508 -0.483203 0
    outer loop
      vertex 5.24785 6.6321 6
      vertex 5.37288 6.85864 -7.62939e-07
      vertex 5.37288 6.85864 6
    endloop
  endfacet
  facet normal 0.875508 -0.483203 0
    outer loop
      vertex 5.37288 6.85864 -7.62939e-07
      vertex 5.24785 6.6321 6
      vertex 5.24785 6.6321 -7.62939e-07
    endloop
  endfacet
  facet normal 0.933694 -0.358072 0
    outer loop
      vertex 5.37288 6.85864 6
      vertex 5.46841 7.10774 -7.62939e-07
      vertex 5.46841 7.10774 6
    endloop
  endfacet
  facet normal 0.933694 -0.358072 0
    outer loop
      vertex 5.46841 7.10774 -7.62939e-07
      vertex 5.37288 6.85864 6
      vertex 5.37288 6.85864 -7.62939e-07
    endloop
  endfacet
  facet normal 0.962703 -0.270562 0
    outer loop
      vertex 5.46841 7.10774 6
      vertex 5.54269 7.37204 -7.62939e-07
      vertex 5.54269 7.37204 6
    endloop
  endfacet
  facet normal 0.962703 -0.270562 0
    outer loop
      vertex 5.54269 7.37204 -7.62939e-07
      vertex 5.46841 7.10774 6
      vertex 5.46841 7.10774 -7.62939e-07
    endloop
  endfacet
  facet normal 0.980478 -0.196627 0
    outer loop
      vertex 5.54269 7.37204 6
      vertex 5.59819 7.64879 -7.62939e-07
      vertex 5.59819 7.64879 6
    endloop
  endfacet
  facet normal 0.980478 -0.196627 0
    outer loop
      vertex 5.59819 7.64879 -7.62939e-07
      vertex 5.54269 7.37204 6
      vertex 5.54269 7.37204 -7.62939e-07
    endloop
  endfacet
  facet normal 0.991454 -0.130458 0
    outer loop
      vertex 5.59819 7.64879 6
      vertex 5.63602 7.93629 -7.62939e-07
      vertex 5.63602 7.93629 6
    endloop
  endfacet
  facet normal 0.991454 -0.130458 0
    outer loop
      vertex 5.63602 7.93629 -7.62939e-07
      vertex 5.59819 7.64879 6
      vertex 5.59819 7.64879 -7.62939e-07
    endloop
  endfacet
  facet normal 0.997573 -0.0696309 0
    outer loop
      vertex 5.63602 7.93629 6
      vertex 5.65675 8.23328 -7.62939e-07
      vertex 5.65675 8.23328 6
    endloop
  endfacet
  facet normal 0.997573 -0.0696309 0
    outer loop
      vertex 5.65675 8.23328 -7.62939e-07
      vertex 5.63602 7.93629 6
      vertex 5.63602 7.93629 -7.62939e-07
    endloop
  endfacet
  facet normal 0.999917 -0.0129 0
    outer loop
      vertex 5.65675 8.23328 6
      vertex 5.66069 8.53868 -7.62939e-07
      vertex 5.66069 8.53868 6
    endloop
  endfacet
  facet normal 0.999917 -0.0129 0
    outer loop
      vertex 5.66069 8.53868 -7.62939e-07
      vertex 5.65675 8.23328 6
      vertex 5.65675 8.23328 -7.62939e-07
    endloop
  endfacet
  facet normal 0.999176 0.0405891 0
    outer loop
      vertex 5.66069 8.53868 6
      vertex 5.64798 8.85156 -7.62939e-07
      vertex 5.64798 8.85156 6
    endloop
  endfacet
  facet normal 0.999176 0.0405891 0
    outer loop
      vertex 5.64798 8.85156 -7.62939e-07
      vertex 5.66069 8.53868 6
      vertex 5.66069 8.53868 -7.62939e-07
    endloop
  endfacet
  facet normal 0.499997 0.866027 -0
    outer loop
      vertex 5.64798 8.85156 -7.62939e-07
      vertex 4.84167 9.31708 6
      vertex 5.64798 8.85156 6
    endloop
  endfacet
  facet normal 0.499997 0.866027 0
    outer loop
      vertex 4.84167 9.31708 6
      vertex 5.64798 8.85156 -7.62939e-07
      vertex 4.84167 9.31708 -7.62939e-07
    endloop
  endfacet
  facet normal -0.464439 0.885605 0
    outer loop
      vertex 4.84167 9.31708 -7.62939e-07
      vertex 4.56436 9.17165 6
      vertex 4.84167 9.31708 6
    endloop
  endfacet
  facet normal -0.464439 0.885605 0
    outer loop
      vertex 4.56436 9.17165 6
      vertex 4.84167 9.31708 -7.62939e-07
      vertex 4.56436 9.17165 -7.62939e-07
    endloop
  endfacet
  facet normal -0.511155 0.859488 0
    outer loop
      vertex 4.56436 9.17165 -7.62939e-07
      vertex 4.30185 9.01553 6
      vertex 4.56436 9.17165 6
    endloop
  endfacet
  facet normal -0.511155 0.859488 0
    outer loop
      vertex 4.30185 9.01553 6
      vertex 4.56436 9.17165 -7.62939e-07
      vertex 4.30185 9.01553 -7.62939e-07
    endloop
  endfacet
  facet normal -0.559103 0.829098 0
    outer loop
      vertex 4.30185 9.01553 -7.62939e-07
      vertex 4.05502 8.84908 6
      vertex 4.30185 9.01553 6
    endloop
  endfacet
  facet normal -0.559103 0.829098 0
    outer loop
      vertex 4.05502 8.84908 6
      vertex 4.30185 9.01553 -7.62939e-07
      vertex 4.05502 8.84908 -7.62939e-07
    endloop
  endfacet
  facet normal -0.608677 0.793418 0
    outer loop
      vertex 4.05502 8.84908 -7.62939e-07
      vertex 3.82495 8.67258 6
      vertex 4.05502 8.84908 6
    endloop
  endfacet
  facet normal -0.608677 0.793418 0
    outer loop
      vertex 3.82495 8.67258 6
      vertex 4.05502 8.84908 -7.62939e-07
      vertex 3.82495 8.67258 -7.62939e-07
    endloop
  endfacet
  facet normal -0.660491 0.750834 0
    outer loop
      vertex 3.82495 8.67258 -7.62939e-07
      vertex 3.61302 8.48615 6
      vertex 3.82495 8.67258 6
    endloop
  endfacet
  facet normal -0.660491 0.750834 0
    outer loop
      vertex 3.61302 8.48615 6
      vertex 3.82495 8.67258 -7.62939e-07
      vertex 3.61302 8.48615 -7.62939e-07
    endloop
  endfacet
  facet normal -0.715668 0.69844 0
    outer loop
      vertex 3.42126 8.28966 -7.62939e-07
      vertex 3.61302 8.48615 6
      vertex 3.61302 8.48615 -7.62939e-07
    endloop
  endfacet
  facet normal -0.715668 0.69844 0
    outer loop
      vertex 3.61302 8.48615 6
      vertex 3.42126 8.28966 -7.62939e-07
      vertex 3.42126 8.28966 6
    endloop
  endfacet
  facet normal -0.776966 0.629542 0
    outer loop
      vertex 3.25331 8.08238 -7.62939e-07
      vertex 3.42126 8.28966 6
      vertex 3.42126 8.28966 -7.62939e-07
    endloop
  endfacet
  facet normal -0.776966 0.629542 0
    outer loop
      vertex 3.42126 8.28966 6
      vertex 3.25331 8.08238 -7.62939e-07
      vertex 3.25331 8.08238 6
    endloop
  endfacet
  facet normal -0.856222 0.516608 0
    outer loop
      vertex 3.11963 7.86082 -7.62939e-07
      vertex 3.25331 8.08238 6
      vertex 3.25331 8.08238 -7.62939e-07
    endloop
  endfacet
  facet normal -0.856222 0.516608 0
    outer loop
      vertex 3.25331 8.08238 6
      vertex 3.11963 7.86082 -7.62939e-07
      vertex 3.11963 7.86082 6
    endloop
  endfacet
  facet normal -0.846333 0.532654 0
    outer loop
      vertex 2.39548 6.71022 -7.62939e-07
      vertex 3.11963 7.86082 6
      vertex 3.11963 7.86082 -7.62939e-07
    endloop
  endfacet
  facet normal -0.846333 0.532654 0
    outer loop
      vertex 3.11963 7.86082 6
      vertex 2.39548 6.71022 -7.62939e-07
      vertex 2.39548 6.71022 6
    endloop
  endfacet
  facet normal -0.94138 0.337347 0
    outer loop
      vertex 2.394 6.70609 -7.62939e-07
      vertex 2.39548 6.71022 6
      vertex 2.39548 6.71022 -7.62939e-07
    endloop
  endfacet
  facet normal -0.94138 0.337347 0
    outer loop
      vertex 2.39548 6.71022 6
      vertex 2.394 6.70609 -7.62939e-07
      vertex 2.394 6.70609 6
    endloop
  endfacet
  facet normal 0.321429 0.946934 0
    outer loop
      vertex 2.394 6.70609 6
      vertex 2 6.83983 5.99
      vertex 2 6.83983 6
    endloop
  endfacet
  facet normal 0.321429 0.946934 -0
    outer loop
      vertex 2.394 6.70609 -7.62939e-07
      vertex 2 6.83983 5.99
      vertex 2.394 6.70609 6
    endloop
  endfacet
  facet normal 0.321429 0.946934 2.42613e-09
    outer loop
      vertex 1.84666 6.89188 -7.62939e-07
      vertex 2 6.83983 5.99
      vertex 2.394 6.70609 -7.62939e-07
    endloop
  endfacet
  facet normal 0.321429 0.946934 0
    outer loop
      vertex 2 6.83983 5.99
      vertex 1.84666 6.89188 -7.62939e-07
      vertex 1.84666 6.89188 5.99
    endloop
  endfacet
  facet normal 0.195088 0.980786 -0
    outer loop
      vertex 1.84666 6.89188 -7.62939e-07
      vertex 1.27977 7.00464 5.99
      vertex 1.84666 6.89188 5.99
    endloop
  endfacet
  facet normal 0.195088 0.980786 0
    outer loop
      vertex 1.27977 7.00464 5.99
      vertex 1.84666 6.89188 -7.62939e-07
      vertex 1.27977 7.00464 -7.62939e-07
    endloop
  endfacet
  facet normal 0.983761 -0.179485 0
    outer loop
      vertex 1.27977 7.00464 5.99
      vertex 1.28056 7.00897 -7.62939e-07
      vertex 1.28056 7.00897 5.99
    endloop
  endfacet
  facet normal 0.983761 -0.179485 0
    outer loop
      vertex 1.28056 7.00897 -7.62939e-07
      vertex 1.27977 7.00464 5.99
      vertex 1.27977 7.00464 -7.62939e-07
    endloop
  endfacet
  facet normal 0.999273 0.0381241 0
    outer loop
      vertex 1.28056 7.00897 5.99
      vertex 1.22873 8.36749 -7.62939e-07
      vertex 1.22873 8.36749 5.99
    endloop
  endfacet
  facet normal 0.999273 0.0381241 0
    outer loop
      vertex 1.22873 8.36749 -7.62939e-07
      vertex 1.28056 7.00897 5.99
      vertex 1.28056 7.00897 -7.62939e-07
    endloop
  endfacet
  facet normal 0.999814 0.0192837 0
    outer loop
      vertex 1.22873 8.36749 5.99
      vertex 1.22374 8.62621 -7.62939e-07
      vertex 1.22374 8.62621 5.99
    endloop
  endfacet
  facet normal 0.999814 0.0192837 0
    outer loop
      vertex 1.22374 8.62621 -7.62939e-07
      vertex 1.22873 8.36749 5.99
      vertex 1.22873 8.36749 -7.62939e-07
    endloop
  endfacet
  facet normal 0.987637 0.156759 0
    outer loop
      vertex 1.22374 8.62621 5.99
      vertex 1.18192 8.88969 -7.62939e-07
      vertex 1.18192 8.88969 5.99
    endloop
  endfacet
  facet normal 0.987637 0.156759 0
    outer loop
      vertex 1.18192 8.88969 -7.62939e-07
      vertex 1.22374 8.62621 5.99
      vertex 1.22374 8.62621 -7.62939e-07
    endloop
  endfacet
  facet normal 0.969018 0.24699 0
    outer loop
      vertex 1.18192 8.88969 5.99
      vertex 1.11411 9.15573 -7.62939e-07
      vertex 1.11411 9.15573 5.99
    endloop
  endfacet
  facet normal 0.969018 0.24699 0
    outer loop
      vertex 1.11411 9.15573 -7.62939e-07
      vertex 1.18192 8.88969 5.99
      vertex 1.18192 8.88969 -7.62939e-07
    endloop
  endfacet
  facet normal 0.947425 0.319977 0
    outer loop
      vertex 1.11411 9.15573 5.99
      vertex 1.02379 9.42316 -7.62939e-07
      vertex 1.02379 9.42316 5.99
    endloop
  endfacet
  facet normal 0.947425 0.319977 0
    outer loop
      vertex 1.02379 9.42316 -7.62939e-07
      vertex 1.11411 9.15573 5.99
      vertex 1.11411 9.15573 -7.62939e-07
    endloop
  endfacet
  facet normal 0.923829 0.382805 0
    outer loop
      vertex 1.02379 9.42316 5.99
      vertex 0.912781 9.69106 -7.62939e-07
      vertex 0.912781 9.69106 5.99
    endloop
  endfacet
  facet normal 0.923829 0.382805 0
    outer loop
      vertex 0.912781 9.69106 -7.62939e-07
      vertex 1.02379 9.42316 5.99
      vertex 1.02379 9.42316 -7.62939e-07
    endloop
  endfacet
  facet normal 0.898759 0.438442 0
    outer loop
      vertex 0.912781 9.69106 5.99
      vertex 0.782257 9.95862 -7.62939e-07
      vertex 0.782257 9.95862 5.99
    endloop
  endfacet
  facet normal 0.898759 0.438442 0
    outer loop
      vertex 0.782257 9.95862 -7.62939e-07
      vertex 0.912781 9.69106 5.99
      vertex 0.912781 9.69106 -7.62939e-07
    endloop
  endfacet
  facet normal 0.872418 0.488761 0
    outer loop
      vertex 0.782257 9.95862 5.99
      vertex 0.632965 10.2251 -7.62939e-07
      vertex 0.632965 10.2251 5.99
    endloop
  endfacet
  facet normal 0.872418 0.488761 0
    outer loop
      vertex 0.632965 10.2251 -7.62939e-07
      vertex 0.782257 9.95862 5.99
      vertex 0.782257 9.95862 -7.62939e-07
    endloop
  endfacet
  facet normal 0.845007 0.534756 0
    outer loop
      vertex 0.632965 10.2251 5.99
      vertex 0.465515 10.4897 -7.62939e-07
      vertex 0.465515 10.4897 5.99
    endloop
  endfacet
  facet normal 0.845007 0.534756 0
    outer loop
      vertex 0.465515 10.4897 -7.62939e-07
      vertex 0.632965 10.2251 5.99
      vertex 0.632965 10.2251 -7.62939e-07
    endloop
  endfacet
  facet normal 0 1 -0
    outer loop
      vertex 0.465515 10.4897 -7.62939e-07
      vertex -0.465515 10.4897 5.99
      vertex 0.465515 10.4897 5.99
    endloop
  endfacet
  facet normal 0 1 0
    outer loop
      vertex -0.465515 10.4897 5.99
      vertex 0.465515 10.4897 -7.62939e-07
      vertex -0.465515 10.4897 -7.62939e-07
    endloop
  endfacet
  facet normal -0.845007 0.534756 0
    outer loop
      vertex -0.632965 10.2251 -7.62939e-07
      vertex -0.465515 10.4897 5.99
      vertex -0.465515 10.4897 -7.62939e-07
    endloop
  endfacet
  facet normal -0.845007 0.534756 0
    outer loop
      vertex -0.465515 10.4897 5.99
      vertex -0.632965 10.2251 -7.62939e-07
      vertex -0.632965 10.2251 5.99
    endloop
  endfacet
  facet normal -0.872418 0.488761 0
    outer loop
      vertex -0.782257 9.95862 -7.62939e-07
      vertex -0.632965 10.2251 5.99
      vertex -0.632965 10.2251 -7.62939e-07
    endloop
  endfacet
  facet normal -0.872418 0.488761 0
    outer loop
      vertex -0.632965 10.2251 5.99
      vertex -0.782257 9.95862 -7.62939e-07
      vertex -0.782257 9.95862 5.99
    endloop
  endfacet
  facet normal -0.898759 0.438442 0
    outer loop
      vertex -0.912781 9.69106 -7.62939e-07
      vertex -0.782257 9.95862 5.99
      vertex -0.782257 9.95862 -7.62939e-07
    endloop
  endfacet
  facet normal -0.898759 0.438442 0
    outer loop
      vertex -0.782257 9.95862 5.99
      vertex -0.912781 9.69106 -7.62939e-07
      vertex -0.912781 9.69106 5.99
    endloop
  endfacet
  facet normal -0.923829 0.382805 0
    outer loop
      vertex -1.02379 9.42316 -7.62939e-07
      vertex -0.912781 9.69106 5.99
      vertex -0.912781 9.69106 -7.62939e-07
    endloop
  endfacet
  facet normal -0.923829 0.382805 0
    outer loop
      vertex -0.912781 9.69106 5.99
      vertex -1.02379 9.42316 -7.62939e-07
      vertex -1.02379 9.42316 5.99
    endloop
  endfacet
  facet normal -0.947425 0.319977 0
    outer loop
      vertex -1.11411 9.15573 -7.62939e-07
      vertex -1.02379 9.42316 5.99
      vertex -1.02379 9.42316 -7.62939e-07
    endloop
  endfacet
  facet normal -0.947425 0.319977 0
    outer loop
      vertex -1.02379 9.42316 5.99
      vertex -1.11411 9.15573 -7.62939e-07
      vertex -1.11411 9.15573 5.99
    endloop
  endfacet
  facet normal -0.969018 0.24699 0
    outer loop
      vertex -1.18192 8.88969 -7.62939e-07
      vertex -1.11411 9.15573 5.99
      vertex -1.11411 9.15573 -7.62939e-07
    endloop
  endfacet
  facet normal -0.969018 0.24699 0
    outer loop
      vertex -1.11411 9.15573 5.99
      vertex -1.18192 8.88969 -7.62939e-07
      vertex -1.18192 8.88969 5.99
    endloop
  endfacet
  facet normal -0.987637 0.156759 0
    outer loop
      vertex -1.22374 8.62621 -7.62939e-07
      vertex -1.18192 8.88969 5.99
      vertex -1.18192 8.88969 -7.62939e-07
    endloop
  endfacet
  facet normal -0.987637 0.156759 0
    outer loop
      vertex -1.18192 8.88969 5.99
      vertex -1.22374 8.62621 -7.62939e-07
      vertex -1.22374 8.62621 5.99
    endloop
  endfacet
  facet normal -0.999814 0.0192837 0
    outer loop
      vertex -1.22873 8.36749 -7.62939e-07
      vertex -1.22374 8.62621 5.99
      vertex -1.22374 8.62621 -7.62939e-07
    endloop
  endfacet
  facet normal -0.999814 0.0192837 0
    outer loop
      vertex -1.22374 8.62621 5.99
      vertex -1.22873 8.36749 -7.62939e-07
      vertex -1.22873 8.36749 5.99
    endloop
  endfacet
  facet normal -0.999273 0.0381241 0
    outer loop
      vertex -1.28056 7.00897 -7.62939e-07
      vertex -1.22873 8.36749 5.99
      vertex -1.22873 8.36749 -7.62939e-07
    endloop
  endfacet
  facet normal -0.999273 0.0381241 0
    outer loop
      vertex -1.22873 8.36749 5.99
      vertex -1.28056 7.00897 -7.62939e-07
      vertex -1.28056 7.00897 5.99
    endloop
  endfacet
  facet normal -0.983761 -0.179485 0
    outer loop
      vertex -1.27977 7.00464 -7.62939e-07
      vertex -1.28056 7.00897 5.99
      vertex -1.28056 7.00897 -7.62939e-07
    endloop
  endfacet
  facet normal -0.983761 -0.179485 0
    outer loop
      vertex -1.28056 7.00897 5.99
      vertex -1.27977 7.00464 -7.62939e-07
      vertex -1.27977 7.00464 5.99
    endloop
  endfacet
  facet normal -0.195088 0.980786 0
    outer loop
      vertex -1.27977 7.00464 -7.62939e-07
      vertex -1.84666 6.89188 5.99
      vertex -1.27977 7.00464 5.99
    endloop
  endfacet
  facet normal -0.195088 0.980786 0
    outer loop
      vertex -1.84666 6.89188 5.99
      vertex -1.27977 7.00464 -7.62939e-07
      vertex -1.84666 6.89188 -7.62939e-07
    endloop
  endfacet
  facet normal -0.321429 0.946934 0
    outer loop
      vertex -1.84666 6.89188 5.99
      vertex -1.84666 6.89188 -7.62939e-07
      vertex -2 6.83983 5.99
    endloop
  endfacet
  facet normal -0.321429 0.946934 0
    outer loop
      vertex -2 6.83983 5.99
      vertex -2.394 6.70609 6
      vertex -2 6.83983 6
    endloop
  endfacet
  facet normal -0.321429 0.946934 2.42613e-09
    outer loop
      vertex -2.394 6.70609 -7.62939e-07
      vertex -2 6.83983 5.99
      vertex -1.84666 6.89188 -7.62939e-07
    endloop
  endfacet
  facet normal -0.321429 0.946934 0
    outer loop
      vertex -2 6.83983 5.99
      vertex -2.394 6.70609 -7.62939e-07
      vertex -2.394 6.70609 6
    endloop
  endfacet
  facet normal 0.94138 0.337347 0
    outer loop
      vertex -2.394 6.70609 6
      vertex -2.39548 6.71022 -7.62939e-07
      vertex -2.39548 6.71022 6
    endloop
  endfacet
  facet normal 0.94138 0.337347 0
    outer loop
      vertex -2.39548 6.71022 -7.62939e-07
      vertex -2.394 6.70609 6
      vertex -2.394 6.70609 -7.62939e-07
    endloop
  endfacet
  facet normal 0.846333 0.532654 0
    outer loop
      vertex -2.39548 6.71022 6
      vertex -3.11963 7.86082 -7.62939e-07
      vertex -3.11963 7.86082 6
    endloop
  endfacet
  facet normal 0.846333 0.532654 0
    outer loop
      vertex -3.11963 7.86082 -7.62939e-07
      vertex -2.39548 6.71022 6
      vertex -2.39548 6.71022 -7.62939e-07
    endloop
  endfacet
  facet normal 0.856222 0.516608 0
    outer loop
      vertex -3.11963 7.86082 6
      vertex -3.25331 8.08238 -7.62939e-07
      vertex -3.25331 8.08238 6
    endloop
  endfacet
  facet normal 0.856222 0.516608 0
    outer loop
      vertex -3.25331 8.08238 -7.62939e-07
      vertex -3.11963 7.86082 6
      vertex -3.11963 7.86082 -7.62939e-07
    endloop
  endfacet
  facet normal 0.776966 0.629542 0
    outer loop
      vertex -3.25331 8.08238 6
      vertex -3.42126 8.28966 -7.62939e-07
      vertex -3.42126 8.28966 6
    endloop
  endfacet
  facet normal 0.776966 0.629542 0
    outer loop
      vertex -3.42126 8.28966 -7.62939e-07
      vertex -3.25331 8.08238 6
      vertex -3.25331 8.08238 -7.62939e-07
    endloop
  endfacet
  facet normal 0.715668 0.69844 0
    outer loop
      vertex -3.42126 8.28966 6
      vertex -3.61302 8.48615 -7.62939e-07
      vertex -3.61302 8.48615 6
    endloop
  endfacet
  facet normal 0.715668 0.69844 0
    outer loop
      vertex -3.61302 8.48615 -7.62939e-07
      vertex -3.42126 8.28966 6
      vertex -3.42126 8.28966 -7.62939e-07
    endloop
  endfacet
  facet normal 0.660491 0.750834 -0
    outer loop
      vertex -3.61302 8.48615 -7.62939e-07
      vertex -3.82495 8.67258 6
      vertex -3.61302 8.48615 6
    endloop
  endfacet
  facet normal 0.660491 0.750834 0
    outer loop
      vertex -3.82495 8.67258 6
      vertex -3.61302 8.48615 -7.62939e-07
      vertex -3.82495 8.67258 -7.62939e-07
    endloop
  endfacet
  facet normal 0.608677 0.793418 -0
    outer loop
      vertex -3.82495 8.67258 -7.62939e-07
      vertex -4.05502 8.84908 6
      vertex -3.82495 8.67258 6
    endloop
  endfacet
  facet normal 0.608677 0.793418 0
    outer loop
      vertex -4.05502 8.84908 6
      vertex -3.82495 8.67258 -7.62939e-07
      vertex -4.05502 8.84908 -7.62939e-07
    endloop
  endfacet
  facet normal 0.559103 0.829098 -0
    outer loop
      vertex -4.05502 8.84908 -7.62939e-07
      vertex -4.30185 9.01553 6
      vertex -4.05502 8.84908 6
    endloop
  endfacet
  facet normal 0.559103 0.829098 0
    outer loop
      vertex -4.30185 9.01553 6
      vertex -4.05502 8.84908 -7.62939e-07
      vertex -4.30185 9.01553 -7.62939e-07
    endloop
  endfacet
  facet normal 0.511155 0.859488 -0
    outer loop
      vertex -4.30185 9.01553 -7.62939e-07
      vertex -4.56436 9.17165 6
      vertex -4.30185 9.01553 6
    endloop
  endfacet
  facet normal 0.511155 0.859488 0
    outer loop
      vertex -4.56436 9.17165 6
      vertex -4.30185 9.01553 -7.62939e-07
      vertex -4.56436 9.17165 -7.62939e-07
    endloop
  endfacet
  facet normal 0.464439 0.885605 -0
    outer loop
      vertex -4.56436 9.17165 -7.62939e-07
      vertex -4.84167 9.31708 6
      vertex -4.56436 9.17165 6
    endloop
  endfacet
  facet normal 0.464439 0.885605 0
    outer loop
      vertex -4.84167 9.31708 6
      vertex -4.56436 9.17165 -7.62939e-07
      vertex -4.84167 9.31708 -7.62939e-07
    endloop
  endfacet
  facet normal -0.499997 0.866027 0
    outer loop
      vertex -4.84167 9.31708 -7.62939e-07
      vertex -5.64798 8.85156 6
      vertex -4.84167 9.31708 6
    endloop
  endfacet
  facet normal -0.499997 0.866027 0
    outer loop
      vertex -5.64798 8.85156 6
      vertex -4.84167 9.31708 -7.62939e-07
      vertex -5.64798 8.85156 -7.62939e-07
    endloop
  endfacet
  facet normal -0.999176 0.0405891 0
    outer loop
      vertex -5.66069 8.53868 -7.62939e-07
      vertex -5.64798 8.85156 6
      vertex -5.64798 8.85156 -7.62939e-07
    endloop
  endfacet
  facet normal -0.999176 0.0405891 0
    outer loop
      vertex -5.64798 8.85156 6
      vertex -5.66069 8.53868 -7.62939e-07
      vertex -5.66069 8.53868 6
    endloop
  endfacet
  facet normal -0.999917 -0.0129 0
    outer loop
      vertex -5.65675 8.23328 -7.62939e-07
      vertex -5.66069 8.53868 6
      vertex -5.66069 8.53868 -7.62939e-07
    endloop
  endfacet
  facet normal -0.999917 -0.0129 0
    outer loop
      vertex -5.66069 8.53868 6
      vertex -5.65675 8.23328 -7.62939e-07
      vertex -5.65675 8.23328 6
    endloop
  endfacet
  facet normal -0.997573 -0.0696309 0
    outer loop
      vertex -5.63602 7.93629 -7.62939e-07
      vertex -5.65675 8.23328 6
      vertex -5.65675 8.23328 -7.62939e-07
    endloop
  endfacet
  facet normal -0.997573 -0.0696309 0
    outer loop
      vertex -5.65675 8.23328 6
      vertex -5.63602 7.93629 -7.62939e-07
      vertex -5.63602 7.93629 6
    endloop
  endfacet
  facet normal -0.991454 -0.130458 0
    outer loop
      vertex -5.59819 7.64879 -7.62939e-07
      vertex -5.63602 7.93629 6
      vertex -5.63602 7.93629 -7.62939e-07
    endloop
  endfacet
  facet normal -0.991454 -0.130458 0
    outer loop
      vertex -5.63602 7.93629 6
      vertex -5.59819 7.64879 -7.62939e-07
      vertex -5.59819 7.64879 6
    endloop
  endfacet
  facet normal -0.980478 -0.196627 0
    outer loop
      vertex -5.54269 7.37204 -7.62939e-07
      vertex -5.59819 7.64879 6
      vertex -5.59819 7.64879 -7.62939e-07
    endloop
  endfacet
  facet normal -0.980478 -0.196627 0
    outer loop
      vertex -5.59819 7.64879 6
      vertex -5.54269 7.37204 -7.62939e-07
      vertex -5.54269 7.37204 6
    endloop
  endfacet
  facet normal -0.962703 -0.270562 0
    outer loop
      vertex -5.46841 7.10774 -7.62939e-07
      vertex -5.54269 7.37204 6
      vertex -5.54269 7.37204 -7.62939e-07
    endloop
  endfacet
  facet normal -0.962703 -0.270562 0
    outer loop
      vertex -5.54269 7.37204 6
      vertex -5.46841 7.10774 -7.62939e-07
      vertex -5.46841 7.10774 6
    endloop
  endfacet
  facet normal -0.933694 -0.358072 0
    outer loop
      vertex -5.37288 6.85864 -7.62939e-07
      vertex -5.46841 7.10774 6
      vertex -5.46841 7.10774 -7.62939e-07
    endloop
  endfacet
  facet normal -0.933694 -0.358072 0
    outer loop
      vertex -5.46841 7.10774 6
      vertex -5.37288 6.85864 -7.62939e-07
      vertex -5.37288 6.85864 6
    endloop
  endfacet
  facet normal -0.875508 -0.483203 0
    outer loop
      vertex -5.24785 6.6321 -7.62939e-07
      vertex -5.37288 6.85864 6
      vertex -5.37288 6.85864 -7.62939e-07
    endloop
  endfacet
  facet normal -0.875508 -0.483203 0
    outer loop
      vertex -5.37288 6.85864 6
      vertex -5.24785 6.6321 -7.62939e-07
      vertex -5.24785 6.6321 6
    endloop
  endfacet
  facet normal -0.884461 -0.466614 0
    outer loop
      vertex -4.61348 5.42966 -7.62939e-07
      vertex -5.24785 6.6321 6
      vertex -5.24785 6.6321 -7.62939e-07
    endloop
  endfacet
  facet normal -0.884461 -0.466614 0
    outer loop
      vertex -5.24785 6.6321 6
      vertex -4.61348 5.42966 -7.62939e-07
      vertex -4.61348 5.42966 6
    endloop
  endfacet
  facet normal -0.762611 -0.646857 0
    outer loop
      vertex -4.61063 5.4263 -7.62939e-07
      vertex -4.61348 5.42966 6
      vertex -4.61348 5.42966 -7.62939e-07
    endloop
  endfacet
  facet normal -0.762611 -0.646857 0
    outer loop
      vertex -4.61348 5.42966 6
      vertex -4.61063 5.4263 -7.62939e-07
      vertex -4.61063 5.4263 6
    endloop
  endfacet
  facet normal -0.659338 0.751846 0
    outer loop
      vertex -4.61063 5.4263 -7.62939e-07
      vertex -5.0452 5.0452 6
      vertex -4.61063 5.4263 6
    endloop
  endfacet
  facet normal -0.659338 0.751846 0
    outer loop
      vertex -5.0452 5.0452 6
      vertex -4.61063 5.4263 -7.62939e-07
      vertex -5.0452 5.0452 -7.62939e-07
    endloop
  endfacet
  facet normal -0.751846 0.659338 0
    outer loop
      vertex -5.4263 4.61063 -7.62939e-07
      vertex -5.0452 5.0452 6
      vertex -5.0452 5.0452 -7.62939e-07
    endloop
  endfacet
  facet normal -0.751846 0.659338 0
    outer loop
      vertex -5.0452 5.0452 6
      vertex -5.4263 4.61063 -7.62939e-07
      vertex -5.4263 4.61063 6
    endloop
  endfacet
  facet normal 0.646857 0.762611 -0
    outer loop
      vertex -5.4263 4.61063 -7.62939e-07
      vertex -5.42966 4.61348 6
      vertex -5.4263 4.61063 6
    endloop
  endfacet
  facet normal 0.646857 0.762611 0
    outer loop
      vertex -5.42966 4.61348 6
      vertex -5.4263 4.61063 -7.62939e-07
      vertex -5.42966 4.61348 -7.62939e-07
    endloop
  endfacet
  facet normal 0.466614 0.884461 -0
    outer loop
      vertex -5.42966 4.61348 -7.62939e-07
      vertex -6.6321 5.24785 6
      vertex -5.42966 4.61348 6
    endloop
  endfacet
  facet normal 0.466614 0.884461 0
    outer loop
      vertex -6.6321 5.24785 6
      vertex -5.42966 4.61348 -7.62939e-07
      vertex -6.6321 5.24785 -7.62939e-07
    endloop
  endfacet
  facet normal 0.483203 0.875508 -0
    outer loop
      vertex -6.6321 5.24785 -7.62939e-07
      vertex -6.85864 5.37288 6
      vertex -6.6321 5.24785 6
    endloop
  endfacet
  facet normal 0.483203 0.875508 0
    outer loop
      vertex -6.85864 5.37288 6
      vertex -6.6321 5.24785 -7.62939e-07
      vertex -6.85864 5.37288 -7.62939e-07
    endloop
  endfacet
  facet normal 0.358072 0.933694 -0
    outer loop
      vertex -6.85864 5.37288 -7.62939e-07
      vertex -7.10774 5.46841 6
      vertex -6.85864 5.37288 6
    endloop
  endfacet
  facet normal 0.358072 0.933694 0
    outer loop
      vertex -7.10774 5.46841 6
      vertex -6.85864 5.37288 -7.62939e-07
      vertex -7.10774 5.46841 -7.62939e-07
    endloop
  endfacet
  facet normal 0.270562 0.962703 -0
    outer loop
      vertex -7.10774 5.46841 -7.62939e-07
      vertex -7.37204 5.54269 6
      vertex -7.10774 5.46841 6
    endloop
  endfacet
  facet normal 0.270562 0.962703 0
    outer loop
      vertex -7.37204 5.54269 6
      vertex -7.10774 5.46841 -7.62939e-07
      vertex -7.37204 5.54269 -7.62939e-07
    endloop
  endfacet
  facet normal 0.196627 0.980478 -0
    outer loop
      vertex -7.37204 5.54269 -7.62939e-07
      vertex -7.64879 5.59819 6
      vertex -7.37204 5.54269 6
    endloop
  endfacet
  facet normal 0.196627 0.980478 0
    outer loop
      vertex -7.64879 5.59819 6
      vertex -7.37204 5.54269 -7.62939e-07
      vertex -7.64879 5.59819 -7.62939e-07
    endloop
  endfacet
  facet normal 0.130458 0.991454 -0
    outer loop
      vertex -7.64879 5.59819 -7.62939e-07
      vertex -7.93629 5.63602 6
      vertex -7.64879 5.59819 6
    endloop
  endfacet
  facet normal 0.130458 0.991454 0
    outer loop
      vertex -7.93629 5.63602 6
      vertex -7.64879 5.59819 -7.62939e-07
      vertex -7.93629 5.63602 -7.62939e-07
    endloop
  endfacet
  facet normal 0.0696309 0.997573 -0
    outer loop
      vertex -7.93629 5.63602 -7.62939e-07
      vertex -8.23328 5.65675 6
      vertex -7.93629 5.63602 6
    endloop
  endfacet
  facet normal 0.0696309 0.997573 0
    outer loop
      vertex -8.23328 5.65675 6
      vertex -7.93629 5.63602 -7.62939e-07
      vertex -8.23328 5.65675 -7.62939e-07
    endloop
  endfacet
  facet normal 0.0129 0.999917 -0
    outer loop
      vertex -8.23328 5.65675 -7.62939e-07
      vertex -8.53868 5.66069 6
      vertex -8.23328 5.65675 6
    endloop
  endfacet
  facet normal 0.0129 0.999917 0
    outer loop
      vertex -8.53868 5.66069 6
      vertex -8.23328 5.65675 -7.62939e-07
      vertex -8.53868 5.66069 -7.62939e-07
    endloop
  endfacet
  facet normal -0.0405891 0.999176 0
    outer loop
      vertex -8.53868 5.66069 -7.62939e-07
      vertex -8.85156 5.64798 6
      vertex -8.53868 5.66069 6
    endloop
  endfacet
  facet normal -0.0405891 0.999176 0
    outer loop
      vertex -8.85156 5.64798 6
      vertex -8.53868 5.66069 -7.62939e-07
      vertex -8.85156 5.64798 -7.62939e-07
    endloop
  endfacet
  facet normal -0.866027 0.499997 0
    outer loop
      vertex -9.31708 4.84167 -7.62939e-07
      vertex -8.85156 5.64798 6
      vertex -8.85156 5.64798 -7.62939e-07
    endloop
  endfacet
  facet normal -0.866027 0.499997 0
    outer loop
      vertex -8.85156 5.64798 6
      vertex -9.31708 4.84167 -7.62939e-07
      vertex -9.31708 4.84167 6
    endloop
  endfacet
  facet normal -0.885605 -0.464439 0
    outer loop
      vertex -9.17165 4.56436 -7.62939e-07
      vertex -9.31708 4.84167 6
      vertex -9.31708 4.84167 -7.62939e-07
    endloop
  endfacet
  facet normal -0.885605 -0.464439 0
    outer loop
      vertex -9.31708 4.84167 6
      vertex -9.17165 4.56436 -7.62939e-07
      vertex -9.17165 4.56436 6
    endloop
  endfacet
  facet normal -0.859488 -0.511155 0
    outer loop
      vertex -9.01553 4.30185 -7.62939e-07
      vertex -9.17165 4.56436 6
      vertex -9.17165 4.56436 -7.62939e-07
    endloop
  endfacet
  facet normal -0.859488 -0.511155 0
    outer loop
      vertex -9.17165 4.56436 6
      vertex -9.01553 4.30185 -7.62939e-07
      vertex -9.01553 4.30185 6
    endloop
  endfacet
  facet normal -0.829098 -0.559103 0
    outer loop
      vertex -8.84908 4.05502 -7.62939e-07
      vertex -9.01553 4.30185 6
      vertex -9.01553 4.30185 -7.62939e-07
    endloop
  endfacet
  facet normal -0.829098 -0.559103 0
    outer loop
      vertex -9.01553 4.30185 6
      vertex -8.84908 4.05502 -7.62939e-07
      vertex -8.84908 4.05502 6
    endloop
  endfacet
  facet normal -0.793418 -0.608677 0
    outer loop
      vertex -8.67258 3.82495 -7.62939e-07
      vertex -8.84908 4.05502 6
      vertex -8.84908 4.05502 -7.62939e-07
    endloop
  endfacet
  facet normal -0.793418 -0.608677 0
    outer loop
      vertex -8.84908 4.05502 6
      vertex -8.67258 3.82495 -7.62939e-07
      vertex -8.67258 3.82495 6
    endloop
  endfacet
  facet normal -0.750834 -0.660491 0
    outer loop
      vertex -8.48615 3.61302 -7.62939e-07
      vertex -8.67258 3.82495 6
      vertex -8.67258 3.82495 -7.62939e-07
    endloop
  endfacet
  facet normal -0.750834 -0.660491 0
    outer loop
      vertex -8.67258 3.82495 6
      vertex -8.48615 3.61302 -7.62939e-07
      vertex -8.48615 3.61302 6
    endloop
  endfacet
  facet normal -0.69844 -0.715668 0
    outer loop
      vertex -8.48615 3.61302 -7.62939e-07
      vertex -8.28966 3.42126 6
      vertex -8.48615 3.61302 6
    endloop
  endfacet
  facet normal -0.69844 -0.715668 -0
    outer loop
      vertex -8.28966 3.42126 6
      vertex -8.48615 3.61302 -7.62939e-07
      vertex -8.28966 3.42126 -7.62939e-07
    endloop
  endfacet
  facet normal -0.629542 -0.776966 0
    outer loop
      vertex -8.28966 3.42126 -7.62939e-07
      vertex -8.08238 3.25331 6
      vertex -8.28966 3.42126 6
    endloop
  endfacet
  facet normal -0.629542 -0.776966 -0
    outer loop
      vertex -8.08238 3.25331 6
      vertex -8.28966 3.42126 -7.62939e-07
      vertex -8.08238 3.25331 -7.62939e-07
    endloop
  endfacet
  facet normal -0.516608 -0.856222 0
    outer loop
      vertex -8.08238 3.25331 -7.62939e-07
      vertex -7.86082 3.11963 6
      vertex -8.08238 3.25331 6
    endloop
  endfacet
  facet normal -0.516608 -0.856222 -0
    outer loop
      vertex -7.86082 3.11963 6
      vertex -8.08238 3.25331 -7.62939e-07
      vertex -7.86082 3.11963 -7.62939e-07
    endloop
  endfacet
  facet normal -0.532654 -0.846333 0
    outer loop
      vertex -7.86082 3.11963 -7.62939e-07
      vertex -6.71022 2.39548 6
      vertex -7.86082 3.11963 6
    endloop
  endfacet
  facet normal -0.532654 -0.846333 -0
    outer loop
      vertex -6.71022 2.39548 6
      vertex -7.86082 3.11963 -7.62939e-07
      vertex -6.71022 2.39548 -7.62939e-07
    endloop
  endfacet
  facet normal -0.337347 -0.94138 0
    outer loop
      vertex -6.71022 2.39548 -7.62939e-07
      vertex -6.70609 2.394 6
      vertex -6.71022 2.39548 6
    endloop
  endfacet
  facet normal -0.337347 -0.94138 -0
    outer loop
      vertex -6.70609 2.394 6
      vertex -6.71022 2.39548 -7.62939e-07
      vertex -6.70609 2.394 -7.62939e-07
    endloop
  endfacet
  facet normal -0.946934 0.321429 0
    outer loop
      vertex -6.89188 1.84666 -7.62939e-07
      vertex -6.70609 2.394 6
      vertex -6.70609 2.394 -7.62939e-07
    endloop
  endfacet
  facet normal -0.946934 0.321429 0
    outer loop
      vertex -6.70609 2.394 6
      vertex -6.89188 1.84666 -7.62939e-07
      vertex -6.89188 1.84666 6
    endloop
  endfacet
  facet normal -0.980786 0.195088 0
    outer loop
      vertex -7.00464 1.27977 -7.62939e-07
      vertex -6.89188 1.84666 6
      vertex -6.89188 1.84666 -7.62939e-07
    endloop
  endfacet
  facet normal -0.980786 0.195088 0
    outer loop
      vertex -6.89188 1.84666 6
      vertex -7.00464 1.27977 -7.62939e-07
      vertex -7.00464 1.27977 6
    endloop
  endfacet
  facet normal 0.179485 0.983761 -0
    outer loop
      vertex -7.00464 1.27977 -7.62939e-07
      vertex -7.00897 1.28056 6
      vertex -7.00464 1.27977 6
    endloop
  endfacet
  facet normal 0.179485 0.983761 0
    outer loop
      vertex -7.00897 1.28056 6
      vertex -7.00464 1.27977 -7.62939e-07
      vertex -7.00897 1.28056 -7.62939e-07
    endloop
  endfacet
  facet normal -0.0381241 0.999273 0
    outer loop
      vertex -7.00897 1.28056 -7.62939e-07
      vertex -8.36749 1.22873 6
      vertex -7.00897 1.28056 6
    endloop
  endfacet
  facet normal -0.0381241 0.999273 0
    outer loop
      vertex -8.36749 1.22873 6
      vertex -7.00897 1.28056 -7.62939e-07
      vertex -8.36749 1.22873 -7.62939e-07
    endloop
  endfacet
  facet normal -0.0192837 0.999814 0
    outer loop
      vertex -8.36749 1.22873 -7.62939e-07
      vertex -8.62621 1.22374 6
      vertex -8.36749 1.22873 6
    endloop
  endfacet
  facet normal -0.0192837 0.999814 0
    outer loop
      vertex -8.62621 1.22374 6
      vertex -8.36749 1.22873 -7.62939e-07
      vertex -8.62621 1.22374 -7.62939e-07
    endloop
  endfacet
  facet normal -0.156759 0.987637 0
    outer loop
      vertex -8.62621 1.22374 -7.62939e-07
      vertex -8.88969 1.18192 6
      vertex -8.62621 1.22374 6
    endloop
  endfacet
  facet normal -0.156759 0.987637 0
    outer loop
      vertex -8.88969 1.18192 6
      vertex -8.62621 1.22374 -7.62939e-07
      vertex -8.88969 1.18192 -7.62939e-07
    endloop
  endfacet
  facet normal -0.24699 0.969018 0
    outer loop
      vertex -8.88969 1.18192 -7.62939e-07
      vertex -9.15573 1.11411 6
      vertex -8.88969 1.18192 6
    endloop
  endfacet
  facet normal -0.24699 0.969018 0
    outer loop
      vertex -9.15573 1.11411 6
      vertex -8.88969 1.18192 -7.62939e-07
      vertex -9.15573 1.11411 -7.62939e-07
    endloop
  endfacet
  facet normal -0.319977 0.947425 0
    outer loop
      vertex -9.15573 1.11411 -7.62939e-07
      vertex -9.42316 1.02379 6
      vertex -9.15573 1.11411 6
    endloop
  endfacet
  facet normal -0.319977 0.947425 0
    outer loop
      vertex -9.42316 1.02379 6
      vertex -9.15573 1.11411 -7.62939e-07
      vertex -9.42316 1.02379 -7.62939e-07
    endloop
  endfacet
  facet normal -0.382805 0.923829 0
    outer loop
      vertex -9.42316 1.02379 -7.62939e-07
      vertex -9.69106 0.912781 6
      vertex -9.42316 1.02379 6
    endloop
  endfacet
  facet normal -0.382805 0.923829 0
    outer loop
      vertex -9.69106 0.912781 6
      vertex -9.42316 1.02379 -7.62939e-07
      vertex -9.69106 0.912781 -7.62939e-07
    endloop
  endfacet
  facet normal -0.438442 0.898759 0
    outer loop
      vertex -9.69106 0.912781 -7.62939e-07
      vertex -9.95862 0.782257 6
      vertex -9.69106 0.912781 6
    endloop
  endfacet
  facet normal -0.438442 0.898759 0
    outer loop
      vertex -9.95862 0.782257 6
      vertex -9.69106 0.912781 -7.62939e-07
      vertex -9.95862 0.782257 -7.62939e-07
    endloop
  endfacet
  facet normal -0.488761 0.872418 0
    outer loop
      vertex -9.95862 0.782257 -7.62939e-07
      vertex -10.2251 0.632965 6
      vertex -9.95862 0.782257 6
    endloop
  endfacet
  facet normal -0.488761 0.872418 0
    outer loop
      vertex -10.2251 0.632965 6
      vertex -9.95862 0.782257 -7.62939e-07
      vertex -10.2251 0.632965 -7.62939e-07
    endloop
  endfacet
  facet normal -0.534756 0.845007 0
    outer loop
      vertex -10.2251 0.632965 -7.62939e-07
      vertex -10.4897 0.465515 6
      vertex -10.2251 0.632965 6
    endloop
  endfacet
  facet normal -0.534756 0.845007 0
    outer loop
      vertex -10.4897 0.465515 6
      vertex -10.2251 0.632965 -7.62939e-07
      vertex -10.4897 0.465515 -7.62939e-07
    endloop
  endfacet
  facet normal -1 0 0
    outer loop
      vertex -10.4897 -0.465515 -7.62939e-07
      vertex -10.4897 0.465515 6
      vertex -10.4897 0.465515 -7.62939e-07
    endloop
  endfacet
  facet normal -1 -0 0
    outer loop
      vertex -10.4897 0.465515 6
      vertex -10.4897 -0.465515 -7.62939e-07
      vertex -10.4897 -0.465515 6
    endloop
  endfacet
  facet normal -0.534756 -0.845007 0
    outer loop
      vertex -10.4897 -0.465515 -7.62939e-07
      vertex -10.2251 -0.632965 6
      vertex -10.4897 -0.465515 6
    endloop
  endfacet
  facet normal -0.534756 -0.845007 -0
    outer loop
      vertex -10.2251 -0.632965 6
      vertex -10.4897 -0.465515 -7.62939e-07
      vertex -10.2251 -0.632965 -7.62939e-07
    endloop
  endfacet
  facet normal -0.488761 -0.872418 0
    outer loop
      vertex -10.2251 -0.632965 -7.62939e-07
      vertex -9.95862 -0.782257 6
      vertex -10.2251 -0.632965 6
    endloop
  endfacet
  facet normal -0.488761 -0.872418 -0
    outer loop
      vertex -9.95862 -0.782257 6
      vertex -10.2251 -0.632965 -7.62939e-07
      vertex -9.95862 -0.782257 -7.62939e-07
    endloop
  endfacet
  facet normal -0.438442 -0.898759 0
    outer loop
      vertex -9.95862 -0.782257 -7.62939e-07
      vertex -9.69106 -0.912781 6
      vertex -9.95862 -0.782257 6
    endloop
  endfacet
  facet normal -0.438442 -0.898759 -0
    outer loop
      vertex -9.69106 -0.912781 6
      vertex -9.95862 -0.782257 -7.62939e-07
      vertex -9.69106 -0.912781 -7.62939e-07
    endloop
  endfacet
  facet normal -0.382805 -0.923829 0
    outer loop
      vertex -9.69106 -0.912781 -7.62939e-07
      vertex -9.42316 -1.02379 6
      vertex -9.69106 -0.912781 6
    endloop
  endfacet
  facet normal -0.382805 -0.923829 -0
    outer loop
      vertex -9.42316 -1.02379 6
      vertex -9.69106 -0.912781 -7.62939e-07
      vertex -9.42316 -1.02379 -7.62939e-07
    endloop
  endfacet
  facet normal -0.319977 -0.947425 0
    outer loop
      vertex -9.42316 -1.02379 -7.62939e-07
      vertex -9.15573 -1.11411 6
      vertex -9.42316 -1.02379 6
    endloop
  endfacet
  facet normal -0.319977 -0.947425 -0
    outer loop
      vertex -9.15573 -1.11411 6
      vertex -9.42316 -1.02379 -7.62939e-07
      vertex -9.15573 -1.11411 -7.62939e-07
    endloop
  endfacet
  facet normal -0.24699 -0.969018 0
    outer loop
      vertex -9.15573 -1.11411 -7.62939e-07
      vertex -8.88969 -1.18192 6
      vertex -9.15573 -1.11411 6
    endloop
  endfacet
  facet normal -0.24699 -0.969018 -0
    outer loop
      vertex -8.88969 -1.18192 6
      vertex -9.15573 -1.11411 -7.62939e-07
      vertex -8.88969 -1.18192 -7.62939e-07
    endloop
  endfacet
  facet normal -0.156759 -0.987637 0
    outer loop
      vertex -8.88969 -1.18192 -7.62939e-07
      vertex -8.62621 -1.22374 6
      vertex -8.88969 -1.18192 6
    endloop
  endfacet
  facet normal -0.156759 -0.987637 -0
    outer loop
      vertex -8.62621 -1.22374 6
      vertex -8.88969 -1.18192 -7.62939e-07
      vertex -8.62621 -1.22374 -7.62939e-07
    endloop
  endfacet
  facet normal -0.0192837 -0.999814 0
    outer loop
      vertex -8.62621 -1.22374 -7.62939e-07
      vertex -8.36749 -1.22873 6
      vertex -8.62621 -1.22374 6
    endloop
  endfacet
  facet normal -0.0192837 -0.999814 -0
    outer loop
      vertex -8.36749 -1.22873 6
      vertex -8.62621 -1.22374 -7.62939e-07
      vertex -8.36749 -1.22873 -7.62939e-07
    endloop
  endfacet
  facet normal -0.0381241 -0.999273 0
    outer loop
      vertex -8.36749 -1.22873 -7.62939e-07
      vertex -7.00897 -1.28056 6
      vertex -8.36749 -1.22873 6
    endloop
  endfacet
  facet normal -0.0381241 -0.999273 -0
    outer loop
      vertex -7.00897 -1.28056 6
      vertex -8.36749 -1.22873 -7.62939e-07
      vertex -7.00897 -1.28056 -7.62939e-07
    endloop
  endfacet
  facet normal 0.179485 -0.983761 0
    outer loop
      vertex -7.00897 -1.28056 -7.62939e-07
      vertex -7.00464 -1.27977 6
      vertex -7.00897 -1.28056 6
    endloop
  endfacet
  facet normal 0.179485 -0.983761 0
    outer loop
      vertex -7.00464 -1.27977 6
      vertex -7.00897 -1.28056 -7.62939e-07
      vertex -7.00464 -1.27977 -7.62939e-07
    endloop
  endfacet
  facet normal -0.980786 -0.195088 0
    outer loop
      vertex -6.89188 -1.84666 -7.62939e-07
      vertex -7.00464 -1.27977 6
      vertex -7.00464 -1.27977 -7.62939e-07
    endloop
  endfacet
  facet normal -0.980786 -0.195088 0
    outer loop
      vertex -7.00464 -1.27977 6
      vertex -6.89188 -1.84666 -7.62939e-07
      vertex -6.89188 -1.84666 6
    endloop
  endfacet
  facet normal -0.946934 -0.321429 0
    outer loop
      vertex -6.70609 -2.394 -7.62939e-07
      vertex -6.89188 -1.84666 6
      vertex -6.89188 -1.84666 -7.62939e-07
    endloop
  endfacet
  facet normal -0.946934 -0.321429 0
    outer loop
      vertex -6.89188 -1.84666 6
      vertex -6.70609 -2.394 -7.62939e-07
      vertex -6.70609 -2.394 6
    endloop
  endfacet
  facet normal -0.337347 0.94138 0
    outer loop
      vertex -6.70609 -2.394 -7.62939e-07
      vertex -6.71022 -2.39548 6
      vertex -6.70609 -2.394 6
    endloop
  endfacet
  facet normal -0.337347 0.94138 0
    outer loop
      vertex -6.71022 -2.39548 6
      vertex -6.70609 -2.394 -7.62939e-07
      vertex -6.71022 -2.39548 -7.62939e-07
    endloop
  endfacet
  facet normal -0.532654 0.846333 0
    outer loop
      vertex -6.71022 -2.39548 -7.62939e-07
      vertex -7.86082 -3.11963 6
      vertex -6.71022 -2.39548 6
    endloop
  endfacet
  facet normal -0.532654 0.846333 0
    outer loop
      vertex -7.86082 -3.11963 6
      vertex -6.71022 -2.39548 -7.62939e-07
      vertex -7.86082 -3.11963 -7.62939e-07
    endloop
  endfacet
  facet normal -0.516608 0.856222 0
    outer loop
      vertex -7.86082 -3.11963 -7.62939e-07
      vertex -8.08238 -3.25331 6
      vertex -7.86082 -3.11963 6
    endloop
  endfacet
  facet normal -0.516608 0.856222 0
    outer loop
      vertex -8.08238 -3.25331 6
      vertex -7.86082 -3.11963 -7.62939e-07
      vertex -8.08238 -3.25331 -7.62939e-07
    endloop
  endfacet
  facet normal -0.629542 0.776966 0
    outer loop
      vertex -8.08238 -3.25331 -7.62939e-07
      vertex -8.28966 -3.42126 6
      vertex -8.08238 -3.25331 6
    endloop
  endfacet
  facet normal -0.629542 0.776966 0
    outer loop
      vertex -8.28966 -3.42126 6
      vertex -8.08238 -3.25331 -7.62939e-07
      vertex -8.28966 -3.42126 -7.62939e-07
    endloop
  endfacet
  facet normal -0.69844 0.715668 0
    outer loop
      vertex -8.28966 -3.42126 -7.62939e-07
      vertex -8.48615 -3.61302 6
      vertex -8.28966 -3.42126 6
    endloop
  endfacet
  facet normal -0.69844 0.715668 0
    outer loop
      vertex -8.48615 -3.61302 6
      vertex -8.28966 -3.42126 -7.62939e-07
      vertex -8.48615 -3.61302 -7.62939e-07
    endloop
  endfacet
  facet normal -0.750834 0.660491 0
    outer loop
      vertex -8.67258 -3.82495 -7.62939e-07
      vertex -8.48615 -3.61302 6
      vertex -8.48615 -3.61302 -7.62939e-07
    endloop
  endfacet
  facet normal -0.750834 0.660491 0
    outer loop
      vertex -8.48615 -3.61302 6
      vertex -8.67258 -3.82495 -7.62939e-07
      vertex -8.67258 -3.82495 6
    endloop
  endfacet
  facet normal -0.793418 0.608677 0
    outer loop
      vertex -8.84908 -4.05502 -7.62939e-07
      vertex -8.67258 -3.82495 6
      vertex -8.67258 -3.82495 -7.62939e-07
    endloop
  endfacet
  facet normal -0.793418 0.608677 0
    outer loop
      vertex -8.67258 -3.82495 6
      vertex -8.84908 -4.05502 -7.62939e-07
      vertex -8.84908 -4.05502 6
    endloop
  endfacet
  facet normal -0.829098 0.559103 0
    outer loop
      vertex -9.01553 -4.30185 -7.62939e-07
      vertex -8.84908 -4.05502 6
      vertex -8.84908 -4.05502 -7.62939e-07
    endloop
  endfacet
  facet normal -0.829098 0.559103 0
    outer loop
      vertex -8.84908 -4.05502 6
      vertex -9.01553 -4.30185 -7.62939e-07
      vertex -9.01553 -4.30185 6
    endloop
  endfacet
  facet normal -0.859488 0.511155 0
    outer loop
      vertex -9.17165 -4.56436 -7.62939e-07
      vertex -9.01553 -4.30185 6
      vertex -9.01553 -4.30185 -7.62939e-07
    endloop
  endfacet
  facet normal -0.859488 0.511155 0
    outer loop
      vertex -9.01553 -4.30185 6
      vertex -9.17165 -4.56436 -7.62939e-07
      vertex -9.17165 -4.56436 6
    endloop
  endfacet
  facet normal -0.885605 0.464439 0
    outer loop
      vertex -9.31708 -4.84167 -7.62939e-07
      vertex -9.17165 -4.56436 6
      vertex -9.17165 -4.56436 -7.62939e-07
    endloop
  endfacet
  facet normal -0.885605 0.464439 0
    outer loop
      vertex -9.17165 -4.56436 6
      vertex -9.31708 -4.84167 -7.62939e-07
      vertex -9.31708 -4.84167 6
    endloop
  endfacet
  facet normal -0.866027 -0.499997 0
    outer loop
      vertex -8.85156 -5.64798 -7.62939e-07
      vertex -9.31708 -4.84167 6
      vertex -9.31708 -4.84167 -7.62939e-07
    endloop
  endfacet
  facet normal -0.866027 -0.499997 0
    outer loop
      vertex -9.31708 -4.84167 6
      vertex -8.85156 -5.64798 -7.62939e-07
      vertex -8.85156 -5.64798 6
    endloop
  endfacet
  facet normal -0.0405891 -0.999176 0
    outer loop
      vertex -8.85156 -5.64798 -7.62939e-07
      vertex -8.53868 -5.66069 6
      vertex -8.85156 -5.64798 6
    endloop
  endfacet
  facet normal -0.0405891 -0.999176 -0
    outer loop
      vertex -8.53868 -5.66069 6
      vertex -8.85156 -5.64798 -7.62939e-07
      vertex -8.53868 -5.66069 -7.62939e-07
    endloop
  endfacet
  facet normal 0.0129 -0.999917 0
    outer loop
      vertex -8.53868 -5.66069 -7.62939e-07
      vertex -8.23328 -5.65675 6
      vertex -8.53868 -5.66069 6
    endloop
  endfacet
  facet normal 0.0129 -0.999917 0
    outer loop
      vertex -8.23328 -5.65675 6
      vertex -8.53868 -5.66069 -7.62939e-07
      vertex -8.23328 -5.65675 -7.62939e-07
    endloop
  endfacet
  facet normal 0.0696309 -0.997573 0
    outer loop
      vertex -8.23328 -5.65675 -7.62939e-07
      vertex -7.93629 -5.63602 6
      vertex -8.23328 -5.65675 6
    endloop
  endfacet
  facet normal 0.0696309 -0.997573 0
    outer loop
      vertex -7.93629 -5.63602 6
      vertex -8.23328 -5.65675 -7.62939e-07
      vertex -7.93629 -5.63602 -7.62939e-07
    endloop
  endfacet
  facet normal 0.130458 -0.991454 0
    outer loop
      vertex -7.93629 -5.63602 -7.62939e-07
      vertex -7.64879 -5.59819 6
      vertex -7.93629 -5.63602 6
    endloop
  endfacet
  facet normal 0.130458 -0.991454 0
    outer loop
      vertex -7.64879 -5.59819 6
      vertex -7.93629 -5.63602 -7.62939e-07
      vertex -7.64879 -5.59819 -7.62939e-07
    endloop
  endfacet
  facet normal 0.196627 -0.980478 0
    outer loop
      vertex -7.64879 -5.59819 -7.62939e-07
      vertex -7.37204 -5.54269 6
      vertex -7.64879 -5.59819 6
    endloop
  endfacet
  facet normal 0.196627 -0.980478 0
    outer loop
      vertex -7.37204 -5.54269 6
      vertex -7.64879 -5.59819 -7.62939e-07
      vertex -7.37204 -5.54269 -7.62939e-07
    endloop
  endfacet
  facet normal 0.270562 -0.962703 0
    outer loop
      vertex -7.37204 -5.54269 -7.62939e-07
      vertex -7.10774 -5.46841 6
      vertex -7.37204 -5.54269 6
    endloop
  endfacet
  facet normal 0.270562 -0.962703 0
    outer loop
      vertex -7.10774 -5.46841 6
      vertex -7.37204 -5.54269 -7.62939e-07
      vertex -7.10774 -5.46841 -7.62939e-07
    endloop
  endfacet
  facet normal 0.358072 -0.933694 0
    outer loop
      vertex -7.10774 -5.46841 -7.62939e-07
      vertex -6.85864 -5.37288 6
      vertex -7.10774 -5.46841 6
    endloop
  endfacet
  facet normal 0.358072 -0.933694 0
    outer loop
      vertex -6.85864 -5.37288 6
      vertex -7.10774 -5.46841 -7.62939e-07
      vertex -6.85864 -5.37288 -7.62939e-07
    endloop
  endfacet
  facet normal 0.483203 -0.875508 0
    outer loop
      vertex -6.85864 -5.37288 -7.62939e-07
      vertex -6.6321 -5.24785 6
      vertex -6.85864 -5.37288 6
    endloop
  endfacet
  facet normal 0.483203 -0.875508 0
    outer loop
      vertex -6.6321 -5.24785 6
      vertex -6.85864 -5.37288 -7.62939e-07
      vertex -6.6321 -5.24785 -7.62939e-07
    endloop
  endfacet
  facet normal 0.466614 -0.884461 0
    outer loop
      vertex -6.6321 -5.24785 -7.62939e-07
      vertex -5.42966 -4.61348 6
      vertex -6.6321 -5.24785 6
    endloop
  endfacet
  facet normal 0.466614 -0.884461 0
    outer loop
      vertex -5.42966 -4.61348 6
      vertex -6.6321 -5.24785 -7.62939e-07
      vertex -5.42966 -4.61348 -7.62939e-07
    endloop
  endfacet
  facet normal 0.646857 -0.762611 0
    outer loop
      vertex -5.42966 -4.61348 -7.62939e-07
      vertex -5.4263 -4.61063 6
      vertex -5.42966 -4.61348 6
    endloop
  endfacet
  facet normal 0.646857 -0.762611 0
    outer loop
      vertex -5.4263 -4.61063 6
      vertex -5.42966 -4.61348 -7.62939e-07
      vertex -5.4263 -4.61063 -7.62939e-07
    endloop
  endfacet
  facet normal -0.751846 -0.659338 0
    outer loop
      vertex -5.0452 -5.0452 -7.62939e-07
      vertex -5.4263 -4.61063 6
      vertex -5.4263 -4.61063 -7.62939e-07
    endloop
  endfacet
  facet normal -0.751846 -0.659338 0
    outer loop
      vertex -5.4263 -4.61063 6
      vertex -5.0452 -5.0452 -7.62939e-07
      vertex -5.0452 -5.0452 6
    endloop
  endfacet
  facet normal -0.659338 -0.751846 0
    outer loop
      vertex -5.0452 -5.0452 -7.62939e-07
      vertex -4.61063 -5.4263 6
      vertex -5.0452 -5.0452 6
    endloop
  endfacet
  facet normal -0.659338 -0.751846 -0
    outer loop
      vertex -4.61063 -5.4263 6
      vertex -5.0452 -5.0452 -7.62939e-07
      vertex -4.61063 -5.4263 -7.62939e-07
    endloop
  endfacet
  facet normal -0.762611 0.646857 0
    outer loop
      vertex -4.61348 -5.42966 -7.62939e-07
      vertex -4.61063 -5.4263 6
      vertex -4.61063 -5.4263 -7.62939e-07
    endloop
  endfacet
  facet normal -0.762611 0.646857 0
    outer loop
      vertex -4.61063 -5.4263 6
      vertex -4.61348 -5.42966 -7.62939e-07
      vertex -4.61348 -5.42966 6
    endloop
  endfacet
  facet normal -0.884461 0.466614 0
    outer loop
      vertex -5.24785 -6.6321 -7.62939e-07
      vertex -4.61348 -5.42966 6
      vertex -4.61348 -5.42966 -7.62939e-07
    endloop
  endfacet
  facet normal -0.884461 0.466614 0
    outer loop
      vertex -4.61348 -5.42966 6
      vertex -5.24785 -6.6321 -7.62939e-07
      vertex -5.24785 -6.6321 6
    endloop
  endfacet
  facet normal -0.875508 0.483203 0
    outer loop
      vertex -5.37288 -6.85864 -7.62939e-07
      vertex -5.24785 -6.6321 6
      vertex -5.24785 -6.6321 -7.62939e-07
    endloop
  endfacet
  facet normal -0.875508 0.483203 0
    outer loop
      vertex -5.24785 -6.6321 6
      vertex -5.37288 -6.85864 -7.62939e-07
      vertex -5.37288 -6.85864 6
    endloop
  endfacet
  facet normal -0.933694 0.358072 0
    outer loop
      vertex -5.46841 -7.10774 -7.62939e-07
      vertex -5.37288 -6.85864 6
      vertex -5.37288 -6.85864 -7.62939e-07
    endloop
  endfacet
  facet normal -0.933694 0.358072 0
    outer loop
      vertex -5.37288 -6.85864 6
      vertex -5.46841 -7.10774 -7.62939e-07
      vertex -5.46841 -7.10774 6
    endloop
  endfacet
  facet normal -0.962703 0.270562 0
    outer loop
      vertex -5.54269 -7.37204 -7.62939e-07
      vertex -5.46841 -7.10774 6
      vertex -5.46841 -7.10774 -7.62939e-07
    endloop
  endfacet
  facet normal -0.962703 0.270562 0
    outer loop
      vertex -5.46841 -7.10774 6
      vertex -5.54269 -7.37204 -7.62939e-07
      vertex -5.54269 -7.37204 6
    endloop
  endfacet
  facet normal -0.980478 0.196627 0
    outer loop
      vertex -5.59819 -7.64879 -7.62939e-07
      vertex -5.54269 -7.37204 6
      vertex -5.54269 -7.37204 -7.62939e-07
    endloop
  endfacet
  facet normal -0.980478 0.196627 0
    outer loop
      vertex -5.54269 -7.37204 6
      vertex -5.59819 -7.64879 -7.62939e-07
      vertex -5.59819 -7.64879 6
    endloop
  endfacet
  facet normal -0.991454 0.130458 0
    outer loop
      vertex -5.63602 -7.93629 -7.62939e-07
      vertex -5.59819 -7.64879 6
      vertex -5.59819 -7.64879 -7.62939e-07
    endloop
  endfacet
  facet normal -0.991454 0.130458 0
    outer loop
      vertex -5.59819 -7.64879 6
      vertex -5.63602 -7.93629 -7.62939e-07
      vertex -5.63602 -7.93629 6
    endloop
  endfacet
  facet normal -0.997573 0.0696309 0
    outer loop
      vertex -5.65675 -8.23328 -7.62939e-07
      vertex -5.63602 -7.93629 6
      vertex -5.63602 -7.93629 -7.62939e-07
    endloop
  endfacet
  facet normal -0.997573 0.0696309 0
    outer loop
      vertex -5.63602 -7.93629 6
      vertex -5.65675 -8.23328 -7.62939e-07
      vertex -5.65675 -8.23328 6
    endloop
  endfacet
  facet normal -0.999917 0.0129 0
    outer loop
      vertex -5.66069 -8.53868 -7.62939e-07
      vertex -5.65675 -8.23328 6
      vertex -5.65675 -8.23328 -7.62939e-07
    endloop
  endfacet
  facet normal -0.999917 0.0129 0
    outer loop
      vertex -5.65675 -8.23328 6
      vertex -5.66069 -8.53868 -7.62939e-07
      vertex -5.66069 -8.53868 6
    endloop
  endfacet
  facet normal -0.999176 -0.0405891 0
    outer loop
      vertex -5.64798 -8.85156 -7.62939e-07
      vertex -5.66069 -8.53868 6
      vertex -5.66069 -8.53868 -7.62939e-07
    endloop
  endfacet
  facet normal -0.999176 -0.0405891 0
    outer loop
      vertex -5.66069 -8.53868 6
      vertex -5.64798 -8.85156 -7.62939e-07
      vertex -5.64798 -8.85156 6
    endloop
  endfacet
  facet normal -0.499997 -0.866027 0
    outer loop
      vertex -5.64798 -8.85156 -7.62939e-07
      vertex -4.84167 -9.31708 6
      vertex -5.64798 -8.85156 6
    endloop
  endfacet
  facet normal -0.499997 -0.866027 -0
    outer loop
      vertex -4.84167 -9.31708 6
      vertex -5.64798 -8.85156 -7.62939e-07
      vertex -4.84167 -9.31708 -7.62939e-07
    endloop
  endfacet
  facet normal 0.464439 -0.885605 0
    outer loop
      vertex -4.84167 -9.31708 -7.62939e-07
      vertex -4.56436 -9.17165 6
      vertex -4.84167 -9.31708 6
    endloop
  endfacet
  facet normal 0.464439 -0.885605 0
    outer loop
      vertex -4.56436 -9.17165 6
      vertex -4.84167 -9.31708 -7.62939e-07
      vertex -4.56436 -9.17165 -7.62939e-07
    endloop
  endfacet
  facet normal 0.511155 -0.859488 0
    outer loop
      vertex -4.56436 -9.17165 -7.62939e-07
      vertex -4.30185 -9.01553 6
      vertex -4.56436 -9.17165 6
    endloop
  endfacet
  facet normal 0.511155 -0.859488 0
    outer loop
      vertex -4.30185 -9.01553 6
      vertex -4.56436 -9.17165 -7.62939e-07
      vertex -4.30185 -9.01553 -7.62939e-07
    endloop
  endfacet
  facet normal 0.559103 -0.829098 0
    outer loop
      vertex -4.30185 -9.01553 -7.62939e-07
      vertex -4.05502 -8.84908 6
      vertex -4.30185 -9.01553 6
    endloop
  endfacet
  facet normal 0.559103 -0.829098 0
    outer loop
      vertex -4.05502 -8.84908 6
      vertex -4.30185 -9.01553 -7.62939e-07
      vertex -4.05502 -8.84908 -7.62939e-07
    endloop
  endfacet
  facet normal 0.608677 -0.793418 0
    outer loop
      vertex -4.05502 -8.84908 -7.62939e-07
      vertex -3.82495 -8.67258 6
      vertex -4.05502 -8.84908 6
    endloop
  endfacet
  facet normal 0.608677 -0.793418 0
    outer loop
      vertex -3.82495 -8.67258 6
      vertex -4.05502 -8.84908 -7.62939e-07
      vertex -3.82495 -8.67258 -7.62939e-07
    endloop
  endfacet
  facet normal 0.660491 -0.750834 0
    outer loop
      vertex -3.82495 -8.67258 -7.62939e-07
      vertex -3.61302 -8.48615 6
      vertex -3.82495 -8.67258 6
    endloop
  endfacet
  facet normal 0.660491 -0.750834 0
    outer loop
      vertex -3.61302 -8.48615 6
      vertex -3.82495 -8.67258 -7.62939e-07
      vertex -3.61302 -8.48615 -7.62939e-07
    endloop
  endfacet
  facet normal 0.715668 -0.69844 0
    outer loop
      vertex -3.61302 -8.48615 6
      vertex -3.42126 -8.28966 -7.62939e-07
      vertex -3.42126 -8.28966 6
    endloop
  endfacet
  facet normal 0.715668 -0.69844 0
    outer loop
      vertex -3.42126 -8.28966 -7.62939e-07
      vertex -3.61302 -8.48615 6
      vertex -3.61302 -8.48615 -7.62939e-07
    endloop
  endfacet
  facet normal 0.776966 -0.629542 0
    outer loop
      vertex -3.42126 -8.28966 6
      vertex -3.25331 -8.08238 -7.62939e-07
      vertex -3.25331 -8.08238 6
    endloop
  endfacet
  facet normal 0.776966 -0.629542 0
    outer loop
      vertex -3.25331 -8.08238 -7.62939e-07
      vertex -3.42126 -8.28966 6
      vertex -3.42126 -8.28966 -7.62939e-07
    endloop
  endfacet
  facet normal 0.856222 -0.516608 0
    outer loop
      vertex -3.25331 -8.08238 6
      vertex -3.11963 -7.86082 -7.62939e-07
      vertex -3.11963 -7.86082 6
    endloop
  endfacet
  facet normal 0.856222 -0.516608 0
    outer loop
      vertex -3.11963 -7.86082 -7.62939e-07
      vertex -3.25331 -8.08238 6
      vertex -3.25331 -8.08238 -7.62939e-07
    endloop
  endfacet
  facet normal 0.846333 -0.532654 0
    outer loop
      vertex -3.11963 -7.86082 6
      vertex -2.39548 -6.71022 -7.62939e-07
      vertex -2.39548 -6.71022 6
    endloop
  endfacet
  facet normal 0.846333 -0.532654 0
    outer loop
      vertex -2.39548 -6.71022 -7.62939e-07
      vertex -3.11963 -7.86082 6
      vertex -3.11963 -7.86082 -7.62939e-07
    endloop
  endfacet
  facet normal 0.94138 -0.337347 0
    outer loop
      vertex -2.39548 -6.71022 6
      vertex -2.394 -6.70609 -7.62939e-07
      vertex -2.394 -6.70609 6
    endloop
  endfacet
  facet normal 0.94138 -0.337347 0
    outer loop
      vertex -2.394 -6.70609 -7.62939e-07
      vertex -2.39548 -6.71022 6
      vertex -2.39548 -6.71022 -7.62939e-07
    endloop
  endfacet
  facet normal -0.321429 -0.946934 0
    outer loop
      vertex -2.394 -6.70609 -7.62939e-07
      vertex -1.84666 -6.89188 6
      vertex -2.394 -6.70609 6
    endloop
  endfacet
  facet normal -0.321429 -0.946934 -0
    outer loop
      vertex -1.84666 -6.89188 6
      vertex -2.394 -6.70609 -7.62939e-07
      vertex -1.84666 -6.89188 -7.62939e-07
    endloop
  endfacet
  facet normal -0.195088 -0.980786 0
    outer loop
      vertex -1.84666 -6.89188 -7.62939e-07
      vertex -1.27977 -7.00464 6
      vertex -1.84666 -6.89188 6
    endloop
  endfacet
  facet normal -0.195088 -0.980786 -0
    outer loop
      vertex -1.27977 -7.00464 6
      vertex -1.84666 -6.89188 -7.62939e-07
      vertex -1.27977 -7.00464 -7.62939e-07
    endloop
  endfacet
  facet normal -0.983761 0.179485 0
    outer loop
      vertex -1.28056 -7.00897 -7.62939e-07
      vertex -1.27977 -7.00464 6
      vertex -1.27977 -7.00464 -7.62939e-07
    endloop
  endfacet
  facet normal -0.983761 0.179485 0
    outer loop
      vertex -1.27977 -7.00464 6
      vertex -1.28056 -7.00897 -7.62939e-07
      vertex -1.28056 -7.00897 6
    endloop
  endfacet
  facet normal -0.999273 -0.0381241 0
    outer loop
      vertex -1.22873 -8.36749 -7.62939e-07
      vertex -1.28056 -7.00897 6
      vertex -1.28056 -7.00897 -7.62939e-07
    endloop
  endfacet
  facet normal -0.999273 -0.0381241 0
    outer loop
      vertex -1.28056 -7.00897 6
      vertex -1.22873 -8.36749 -7.62939e-07
      vertex -1.22873 -8.36749 6
    endloop
  endfacet
  facet normal -0.999814 -0.0192837 0
    outer loop
      vertex -1.22374 -8.62621 -7.62939e-07
      vertex -1.22873 -8.36749 6
      vertex -1.22873 -8.36749 -7.62939e-07
    endloop
  endfacet
  facet normal -0.999814 -0.0192837 0
    outer loop
      vertex -1.22873 -8.36749 6
      vertex -1.22374 -8.62621 -7.62939e-07
      vertex -1.22374 -8.62621 6
    endloop
  endfacet
  facet normal -0.987637 -0.156759 0
    outer loop
      vertex -1.18192 -8.88969 -7.62939e-07
      vertex -1.22374 -8.62621 6
      vertex -1.22374 -8.62621 -7.62939e-07
    endloop
  endfacet
  facet normal -0.987637 -0.156759 0
    outer loop
      vertex -1.22374 -8.62621 6
      vertex -1.18192 -8.88969 -7.62939e-07
      vertex -1.18192 -8.88969 6
    endloop
  endfacet
  facet normal -0.969018 -0.24699 0
    outer loop
      vertex -1.11411 -9.15573 -7.62939e-07
      vertex -1.18192 -8.88969 6
      vertex -1.18192 -8.88969 -7.62939e-07
    endloop
  endfacet
  facet normal -0.969018 -0.24699 0
    outer loop
      vertex -1.18192 -8.88969 6
      vertex -1.11411 -9.15573 -7.62939e-07
      vertex -1.11411 -9.15573 6
    endloop
  endfacet
  facet normal -0.947425 -0.319977 0
    outer loop
      vertex -1.02379 -9.42316 -7.62939e-07
      vertex -1.11411 -9.15573 6
      vertex -1.11411 -9.15573 -7.62939e-07
    endloop
  endfacet
  facet normal -0.947425 -0.319977 0
    outer loop
      vertex -1.11411 -9.15573 6
      vertex -1.02379 -9.42316 -7.62939e-07
      vertex -1.02379 -9.42316 6
    endloop
  endfacet
  facet normal -0.923829 -0.382805 0
    outer loop
      vertex -0.912781 -9.69106 -7.62939e-07
      vertex -1.02379 -9.42316 6
      vertex -1.02379 -9.42316 -7.62939e-07
    endloop
  endfacet
  facet normal -0.923829 -0.382805 0
    outer loop
      vertex -1.02379 -9.42316 6
      vertex -0.912781 -9.69106 -7.62939e-07
      vertex -0.912781 -9.69106 6
    endloop
  endfacet
  facet normal -0.898759 -0.438442 0
    outer loop
      vertex -0.782257 -9.95862 -7.62939e-07
      vertex -0.912781 -9.69106 6
      vertex -0.912781 -9.69106 -7.62939e-07
    endloop
  endfacet
  facet normal -0.898759 -0.438442 0
    outer loop
      vertex -0.912781 -9.69106 6
      vertex -0.782257 -9.95862 -7.62939e-07
      vertex -0.782257 -9.95862 6
    endloop
  endfacet
  facet normal -0.872418 -0.488761 0
    outer loop
      vertex -0.632965 -10.2251 -7.62939e-07
      vertex -0.782257 -9.95862 6
      vertex -0.782257 -9.95862 -7.62939e-07
    endloop
  endfacet
  facet normal -0.872418 -0.488761 0
    outer loop
      vertex -0.782257 -9.95862 6
      vertex -0.632965 -10.2251 -7.62939e-07
      vertex -0.632965 -10.2251 6
    endloop
  endfacet
  facet normal -0.845007 -0.534756 0
    outer loop
      vertex -0.465515 -10.4897 -7.62939e-07
      vertex -0.632965 -10.2251 6
      vertex -0.632965 -10.2251 -7.62939e-07
    endloop
  endfacet
  facet normal -0.845007 -0.534756 0
    outer loop
      vertex -0.632965 -10.2251 6
      vertex -0.465515 -10.4897 -7.62939e-07
      vertex -0.465515 -10.4897 6
    endloop
  endfacet
  facet normal 0 -1 0
    outer loop
      vertex -0.465515 -10.4897 -7.62939e-07
      vertex 0.465515 -10.4897 6
      vertex -0.465515 -10.4897 6
    endloop
  endfacet
  facet normal 0 -1 -0
    outer loop
      vertex 0.465515 -10.4897 6
      vertex -0.465515 -10.4897 -7.62939e-07
      vertex 0.465515 -10.4897 -7.62939e-07
    endloop
  endfacet
  facet normal 0.845007 -0.534756 0
    outer loop
      vertex 0.465515 -10.4897 6
      vertex 0.632965 -10.2251 -7.62939e-07
      vertex 0.632965 -10.2251 6
    endloop
  endfacet
  facet normal 0.845007 -0.534756 0
    outer loop
      vertex 0.632965 -10.2251 -7.62939e-07
      vertex 0.465515 -10.4897 6
      vertex 0.465515 -10.4897 -7.62939e-07
    endloop
  endfacet
  facet normal 1 0 0
    outer loop
      vertex 2 16 9.69
      vertex 2 6.83983 6
      vertex 2 16 5.99
    endloop
  endfacet
  facet normal 1 -0 0
    outer loop
      vertex 2 5.65459 9.69
      vertex 2 6.83983 6
      vertex 2 16 9.69
    endloop
  endfacet
  facet normal 1 0 0
    outer loop
      vertex 2 6.83983 6
      vertex 2 5.65459 9.69
      vertex 2 5.65459 6
    endloop
  endfacet
  facet normal 1 0 0
    outer loop
      vertex 2 16 5.99
      vertex 2 6.83983 6
      vertex 2 6.83983 5.99
    endloop
  endfacet
  facet normal 0 0 1
    outer loop
      vertex -2 5.65459 9.69
      vertex 2 5.65459 9.69
      vertex 2 16 9.69
    endloop
  endfacet
  facet normal 0 0 1
    outer loop
      vertex 2 5.65459 9.69
      vertex 1.69353 0.148165 9.69
      vertex 1.7 0 9.69
    endloop
  endfacet
  facet normal 0 0 1
    outer loop
      vertex 2 5.65459 9.69
      vertex 1.67417 0.295201 9.69
      vertex 1.69353 0.148165 9.69
    endloop
  endfacet
  facet normal 0 0 1
    outer loop
      vertex 2 5.65459 9.69
      vertex 1.64207 0.439992 9.69
      vertex 1.67417 0.295201 9.69
    endloop
  endfacet
  facet normal 0 0 1
    outer loop
      vertex 2 5.65459 9.69
      vertex 1.59748 0.581433 9.69
      vertex 1.64207 0.439992 9.69
    endloop
  endfacet
  facet normal 0 0 1
    outer loop
      vertex 2 5.65459 9.69
      vertex 1.54072 0.718451 9.69
      vertex 1.59748 0.581433 9.69
    endloop
  endfacet
  facet normal 0 0 1
    outer loop
      vertex 2 5.65459 9.69
      vertex 1.47224 0.849999 9.69
      vertex 1.54072 0.718451 9.69
    endloop
  endfacet
  facet normal 0 0 1
    outer loop
      vertex 2 5.65459 9.69
      vertex 1.39256 0.97508 9.69
      vertex 1.47224 0.849999 9.69
    endloop
  endfacet
  facet normal 0 0 1
    outer loop
      vertex 2 5.65459 9.69
      vertex 1.30227 1.09274 9.69
      vertex 1.39256 0.97508 9.69
    endloop
  endfacet
  facet normal 0 0 1
    outer loop
      vertex 2 5.65459 9.69
      vertex 1.20208 1.20208 9.69
      vertex 1.30227 1.09274 9.69
    endloop
  endfacet
  facet normal 0 0 1
    outer loop
      vertex 2 5.65459 9.69
      vertex 1.09274 1.30227 9.69
      vertex 1.20208 1.20208 9.69
    endloop
  endfacet
  facet normal 0 0 1
    outer loop
      vertex 2 5.65459 9.69
      vertex 0.97508 1.39256 9.69
      vertex 1.09274 1.30227 9.69
    endloop
  endfacet
  facet normal 0 -0 1
    outer loop
      vertex 0 1.7 9.69
      vertex 2 5.65459 9.69
      vertex -2 5.65459 9.69
    endloop
  endfacet
  facet normal 0 0 1
    outer loop
      vertex 2 5.65459 9.69
      vertex 0.849999 1.47224 9.69
      vertex 0.97508 1.39256 9.69
    endloop
  endfacet
  facet normal 0 0 1
    outer loop
      vertex 2 5.65459 9.69
      vertex 0.718451 1.54072 9.69
      vertex 0.849999 1.47224 9.69
    endloop
  endfacet
  facet normal 0 0 1
    outer loop
      vertex 2 5.65459 9.69
      vertex 0.581433 1.59748 9.69
      vertex 0.718451 1.54072 9.69
    endloop
  endfacet
  facet normal 0 0 1
    outer loop
      vertex 2 5.65459 9.69
      vertex 0.439992 1.64207 9.69
      vertex 0.581433 1.59748 9.69
    endloop
  endfacet
  facet normal 0 0 1
    outer loop
      vertex 2 5.65459 9.69
      vertex 0.295201 1.67417 9.69
      vertex 0.439992 1.64207 9.69
    endloop
  endfacet
  facet normal 0 0 1
    outer loop
      vertex 2 5.65459 9.69
      vertex 0.148165 1.69353 9.69
      vertex 0.295201 1.67417 9.69
    endloop
  endfacet
  facet normal 0 0 1
    outer loop
      vertex 2 5.65459 9.69
      vertex 0 1.7 9.69
      vertex 0.148165 1.69353 9.69
    endloop
  endfacet
  facet normal 0 0 1
    outer loop
      vertex 0 1.7 9.69
      vertex -2 5.65459 9.69
      vertex -0.148165 1.69353 9.69
    endloop
  endfacet
  facet normal 0 0 1
    outer loop
      vertex -0.148165 1.69353 9.69
      vertex -2 5.65459 9.69
      vertex -0.295201 1.67417 9.69
    endloop
  endfacet
  facet normal 0 0 1
    outer loop
      vertex -0.295201 1.67417 9.69
      vertex -2 5.65459 9.69
      vertex -0.439992 1.64207 9.69
    endloop
  endfacet
  facet normal 0 0 1
    outer loop
      vertex -0.439992 1.64207 9.69
      vertex -2 5.65459 9.69
      vertex -0.581433 1.59748 9.69
    endloop
  endfacet
  facet normal -0 0 1
    outer loop
      vertex -2.05212 5.63815 9.69
      vertex -0.581433 1.59748 9.69
      vertex -2 5.65459 9.69
    endloop
  endfacet
  facet normal 0 0 1
    outer loop
      vertex -0.581433 1.59748 9.69
      vertex -2.05212 5.63815 9.69
      vertex -0.718451 1.54072 9.69
    endloop
  endfacet
  facet normal -0 0 1
    outer loop
      vertex -2.53571 5.43785 9.69
      vertex -0.718451 1.54072 9.69
      vertex -2.05212 5.63815 9.69
    endloop
  endfacet
  facet normal 0 0 1
    outer loop
      vertex -0.718451 1.54072 9.69
      vertex -2.53571 5.43785 9.69
      vertex -0.849999 1.47224 9.69
    endloop
  endfacet
  facet normal -0 0 1
    outer loop
      vertex -3 5.19615 9.69
      vertex -0.849999 1.47224 9.69
      vertex -2.53571 5.43785 9.69
    endloop
  endfacet
  facet normal 0 0 1
    outer loop
      vertex -0.849999 1.47224 9.69
      vertex -3 5.19615 9.69
      vertex -0.97508 1.39256 9.69
    endloop
  endfacet
  facet normal -0 0 1
    outer loop
      vertex -3.44146 4.91491 9.69
      vertex -0.97508 1.39256 9.69
      vertex -3 5.19615 9.69
    endloop
  endfacet
  facet normal 0 0 1
    outer loop
      vertex -0.97508 1.39256 9.69
      vertex -3.44146 4.91491 9.69
      vertex -1.09274 1.30227 9.69
    endloop
  endfacet
  facet normal -0 0 1
    outer loop
      vertex -3.85672 4.59627 9.69
      vertex -1.09274 1.30227 9.69
      vertex -3.44146 4.91491 9.69
    endloop
  endfacet
  facet normal 0 0 1
    outer loop
      vertex -1.09274 1.30227 9.69
      vertex -3.85672 4.59627 9.69
      vertex -1.20208 1.20208 9.69
    endloop
  endfacet
  facet normal -0 0 1
    outer loop
      vertex -4.59627 3.85672 9.69
      vertex -1.30227 1.09274 9.69
      vertex -4.24264 4.24264 9.69
    endloop
  endfacet
  facet normal 0 0 1
    outer loop
      vertex -1.20208 1.20208 9.69
      vertex -4.24264 4.24264 9.69
      vertex -1.30227 1.09274 9.69
    endloop
  endfacet
  facet normal -0 0 1
    outer loop
      vertex -4.24264 4.24264 9.69
      vertex -1.20208 1.20208 9.69
      vertex -3.85672 4.59627 9.69
    endloop
  endfacet
  facet normal 0 0 1
    outer loop
      vertex -2 5.65459 9.69
      vertex 2 16 9.69
      vertex -2 16 9.69
    endloop
  endfacet
  facet normal 0 0 1
    outer loop
      vertex 1.7 0 9.69
      vertex 6 0 9.69
      vertex 5.97717 0.522934 9.69
    endloop
  endfacet
  facet normal 0 0 1
    outer loop
      vertex 1.7 0 9.69
      vertex 5.97717 0.522934 9.69
      vertex 5.90885 1.04189 9.69
    endloop
  endfacet
  facet normal 0 0 1
    outer loop
      vertex 6 0 9.69
      vertex 1.7 0 9.69
      vertex 5.97717 -0.522934 9.69
    endloop
  endfacet
  facet normal 0 0 1
    outer loop
      vertex 1.7 0 9.69
      vertex 5.90885 1.04189 9.69
      vertex 5.79555 1.55291 9.69
    endloop
  endfacet
  facet normal -0 0 1
    outer loop
      vertex 1.69353 -0.148165 9.69
      vertex 5.97717 -0.522934 9.69
      vertex 1.7 0 9.69
    endloop
  endfacet
  facet normal 0 0 1
    outer loop
      vertex 1.7 0 9.69
      vertex 5.79555 1.55291 9.69
      vertex 5.63815 2.05212 9.69
    endloop
  endfacet
  facet normal 0 0 1
    outer loop
      vertex 5.97717 -0.522934 9.69
      vertex 1.69353 -0.148165 9.69
      vertex 5.90885 -1.04189 9.69
    endloop
  endfacet
  facet normal 0 0 1
    outer loop
      vertex 1.7 0 9.69
      vertex 5.63815 2.05212 9.69
      vertex 5.43785 2.53571 9.69
    endloop
  endfacet
  facet normal -0 0 1
    outer loop
      vertex 1.67417 -0.295201 9.69
      vertex 5.90885 -1.04189 9.69
      vertex 1.69353 -0.148165 9.69
    endloop
  endfacet
  facet normal 0 0 1
    outer loop
      vertex 1.7 0 9.69
      vertex 5.43785 2.53571 9.69
      vertex 5.19615 3 9.69
    endloop
  endfacet
  facet normal 0 0 1
    outer loop
      vertex 5.90885 -1.04189 9.69
      vertex 1.67417 -0.295201 9.69
      vertex 5.79555 -1.55291 9.69
    endloop
  endfacet
  facet normal 0 0 1
    outer loop
      vertex 1.7 0 9.69
      vertex 5.19615 3 9.69
      vertex 4.91491 3.44146 9.69
    endloop
  endfacet
  facet normal -0 0 1
    outer loop
      vertex 1.64207 -0.439992 9.69
      vertex 5.79555 -1.55291 9.69
      vertex 1.67417 -0.295201 9.69
    endloop
  endfacet
  facet normal 0 0 1
    outer loop
      vertex 1.7 0 9.69
      vertex 4.91491 3.44146 9.69
      vertex 4.59627 3.85672 9.69
    endloop
  endfacet
  facet normal 0 0 1
    outer loop
      vertex 5.79555 -1.55291 9.69
      vertex 1.64207 -0.439992 9.69
      vertex 5.63815 -2.05212 9.69
    endloop
  endfacet
  facet normal 0 0 1
    outer loop
      vertex 1.7 0 9.69
      vertex 4.59627 3.85672 9.69
      vertex 4.24264 4.24264 9.69
    endloop
  endfacet
  facet normal -0 0 1
    outer loop
      vertex 1.59748 -0.581433 9.69
      vertex 5.63815 -2.05212 9.69
      vertex 1.64207 -0.439992 9.69
    endloop
  endfacet
  facet normal 0 0 1
    outer loop
      vertex 1.7 0 9.69
      vertex 4.24264 4.24264 9.69
      vertex 3.85672 4.59627 9.69
    endloop
  endfacet
  facet normal 0 0 1
    outer loop
      vertex 5.63815 -2.05212 9.69
      vertex 1.59748 -0.581433 9.69
      vertex 5.43785 -2.53571 9.69
    endloop
  endfacet
  facet normal 0 0 1
    outer loop
      vertex 1.7 0 9.69
      vertex 3.85672 4.59627 9.69
      vertex 3.44146 4.91491 9.69
    endloop
  endfacet
  facet normal -0 0 1
    outer loop
      vertex 1.54072 -0.718451 9.69
      vertex 5.43785 -2.53571 9.69
      vertex 1.59748 -0.581433 9.69
    endloop
  endfacet
  facet normal 0 0 1
    outer loop
      vertex 1.7 0 9.69
      vertex 3.44146 4.91491 9.69
      vertex 3 5.19615 9.69
    endloop
  endfacet
  facet normal 0 0 1
    outer loop
      vertex 5.43785 -2.53571 9.69
      vertex 1.54072 -0.718451 9.69
      vertex 5.19615 -3 9.69
    endloop
  endfacet
  facet normal 0 0 1
    outer loop
      vertex 1.7 0 9.69
      vertex 3 5.19615 9.69
      vertex 2.53571 5.43785 9.69
    endloop
  endfacet
  facet normal -0 0 1
    outer loop
      vertex 1.47224 -0.849999 9.69
      vertex 5.19615 -3 9.69
      vertex 1.54072 -0.718451 9.69
    endloop
  endfacet
  facet normal 0 0 1
    outer loop
      vertex 1.7 0 9.69
      vertex 2.53571 5.43785 9.69
      vertex 2.05212 5.63815 9.69
    endloop
  endfacet
  facet normal 0 0 1
    outer loop
      vertex 5.19615 -3 9.69
      vertex 1.47224 -0.849999 9.69
      vertex 4.91491 -3.44146 9.69
    endloop
  endfacet
  facet normal 0 0 1
    outer loop
      vertex 1.7 0 9.69
      vertex 2.05212 5.63815 9.69
      vertex 2 5.65459 9.69
    endloop
  endfacet
  facet normal -0 0 1
    outer loop
      vertex 1.39256 -0.97508 9.69
      vertex 4.91491 -3.44146 9.69
      vertex 1.47224 -0.849999 9.69
    endloop
  endfacet
  facet normal 0 0 1
    outer loop
      vertex 4.91491 -3.44146 9.69
      vertex 1.39256 -0.97508 9.69
      vertex 4.59627 -3.85672 9.69
    endloop
  endfacet
  facet normal -0 0 1
    outer loop
      vertex 1.30227 -1.09274 9.69
      vertex 4.59627 -3.85672 9.69
      vertex 1.39256 -0.97508 9.69
    endloop
  endfacet
  facet normal 0 0 1
    outer loop
      vertex 4.59627 -3.85672 9.69
      vertex 1.30227 -1.09274 9.69
      vertex 4.24264 -4.24264 9.69
    endloop
  endfacet
  facet normal -0 0 1
    outer loop
      vertex 1.20208 -1.20208 9.69
      vertex 4.24264 -4.24264 9.69
      vertex 1.30227 -1.09274 9.69
    endloop
  endfacet
  facet normal 0 0 1
    outer loop
      vertex 4.24264 -4.24264 9.69
      vertex 1.20208 -1.20208 9.69
      vertex 3.85672 -4.59627 9.69
    endloop
  endfacet
  facet normal -0 0 1
    outer loop
      vertex 1.09274 -1.30227 9.69
      vertex 3.85672 -4.59627 9.69
      vertex 1.20208 -1.20208 9.69
    endloop
  endfacet
  facet normal 0 0 1
    outer loop
      vertex 3.85672 -4.59627 9.69
      vertex 1.09274 -1.30227 9.69
      vertex 3.44146 -4.91491 9.69
    endloop
  endfacet
  facet normal -0 0 1
    outer loop
      vertex 0.97508 -1.39256 9.69
      vertex 3.44146 -4.91491 9.69
      vertex 1.09274 -1.30227 9.69
    endloop
  endfacet
  facet normal 0 0 1
    outer loop
      vertex 3.44146 -4.91491 9.69
      vertex 0.97508 -1.39256 9.69
      vertex 3 -5.19615 9.69
    endloop
  endfacet
  facet normal -0 0 1
    outer loop
      vertex 0.849999 -1.47224 9.69
      vertex 3 -5.19615 9.69
      vertex 0.97508 -1.39256 9.69
    endloop
  endfacet
  facet normal 0 0 1
    outer loop
      vertex 3 -5.19615 9.69
      vertex 0.849999 -1.47224 9.69
      vertex 2.53571 -5.43785 9.69
    endloop
  endfacet
  facet normal -0 0 1
    outer loop
      vertex 0.718451 -1.54072 9.69
      vertex 2.53571 -5.43785 9.69
      vertex 0.849999 -1.47224 9.69
    endloop
  endfacet
  facet normal 0 0 1
    outer loop
      vertex 2.53571 -5.43785 9.69
      vertex 0.718451 -1.54072 9.69
      vertex 2.05212 -5.63815 9.69
    endloop
  endfacet
  facet normal -0 0 1
    outer loop
      vertex 0.581433 -1.59748 9.69
      vertex 2.05212 -5.63815 9.69
      vertex 0.718451 -1.54072 9.69
    endloop
  endfacet
  facet normal 0 0 1
    outer loop
      vertex 2.05212 -5.63815 9.69
      vertex 0.581433 -1.59748 9.69
      vertex 1.55291 -5.79555 9.69
    endloop
  endfacet
  facet normal -0 0 1
    outer loop
      vertex 0.439992 -1.64207 9.69
      vertex 1.55291 -5.79555 9.69
      vertex 0.581433 -1.59748 9.69
    endloop
  endfacet
  facet normal 0 0 1
    outer loop
      vertex 1.55291 -5.79555 9.69
      vertex 0.439992 -1.64207 9.69
      vertex 1.04189 -5.90885 9.69
    endloop
  endfacet
  facet normal -0 0 1
    outer loop
      vertex 0.295201 -1.67417 9.69
      vertex 1.04189 -5.90885 9.69
      vertex 0.439992 -1.64207 9.69
    endloop
  endfacet
  facet normal 0 0 1
    outer loop
      vertex 1.04189 -5.90885 9.69
      vertex 0.295201 -1.67417 9.69
      vertex 0.522934 -5.97717 9.69
    endloop
  endfacet
  facet normal -0 0 1
    outer loop
      vertex 0.148165 -1.69353 9.69
      vertex 0.522934 -5.97717 9.69
      vertex 0.295201 -1.67417 9.69
    endloop
  endfacet
  facet normal -0 0 1
    outer loop
      vertex 0 -1.7 9.69
      vertex 0.522934 -5.97717 9.69
      vertex 0.148165 -1.69353 9.69
    endloop
  endfacet
  facet normal 0 0 1
    outer loop
      vertex 0 -1.7 9.69
      vertex 0 -6 9.69
      vertex 0.522934 -5.97717 9.69
    endloop
  endfacet
  facet normal 0 0 1
    outer loop
      vertex -0.148165 -1.69353 9.69
      vertex 0 -6 9.69
      vertex 0 -1.7 9.69
    endloop
  endfacet
  facet normal 0 0 1
    outer loop
      vertex -0.522934 -5.97717 9.69
      vertex -0.148165 -1.69353 9.69
      vertex -0.295201 -1.67417 9.69
    endloop
  endfacet
  facet normal 0 0 1
    outer loop
      vertex -1.04189 -5.90885 9.69
      vertex -0.295201 -1.67417 9.69
      vertex -0.439992 -1.64207 9.69
    endloop
  endfacet
  facet normal 0 0 1
    outer loop
      vertex -0.148165 -1.69353 9.69
      vertex -0.522934 -5.97717 9.69
      vertex 0 -6 9.69
    endloop
  endfacet
  facet normal 0 0 1
    outer loop
      vertex -1.55291 -5.79555 9.69
      vertex -0.439992 -1.64207 9.69
      vertex -0.581433 -1.59748 9.69
    endloop
  endfacet
  facet normal 0 0 1
    outer loop
      vertex -2.05212 -5.63815 9.69
      vertex -0.581433 -1.59748 9.69
      vertex -0.718451 -1.54072 9.69
    endloop
  endfacet
  facet normal 0 0 1
    outer loop
      vertex -2.53571 -5.43785 9.69
      vertex -0.718451 -1.54072 9.69
      vertex -0.849999 -1.47224 9.69
    endloop
  endfacet
  facet normal 0 0 1
    outer loop
      vertex -3 -5.19615 9.69
      vertex -0.849999 -1.47224 9.69
      vertex -0.97508 -1.39256 9.69
    endloop
  endfacet
  facet normal 0 0 1
    outer loop
      vertex -0.295201 -1.67417 9.69
      vertex -1.04189 -5.90885 9.69
      vertex -0.522934 -5.97717 9.69
    endloop
  endfacet
  facet normal 0 0 1
    outer loop
      vertex -3.44146 -4.91491 9.69
      vertex -0.97508 -1.39256 9.69
      vertex -1.09274 -1.30227 9.69
    endloop
  endfacet
  facet normal 0 0 1
    outer loop
      vertex -3.85672 -4.59627 9.69
      vertex -1.09274 -1.30227 9.69
      vertex -1.20208 -1.20208 9.69
    endloop
  endfacet
  facet normal 0 0 1
    outer loop
      vertex -4.24264 -4.24264 9.69
      vertex -1.20208 -1.20208 9.69
      vertex -1.30227 -1.09274 9.69
    endloop
  endfacet
  facet normal 0 0 1
    outer loop
      vertex -4.59627 -3.85672 9.69
      vertex -1.30227 -1.09274 9.69
      vertex -1.39256 -0.97508 9.69
    endloop
  endfacet
  facet normal 0 0 1
    outer loop
      vertex -4.91491 -3.44146 9.69
      vertex -1.39256 -0.97508 9.69
      vertex -1.47224 -0.849999 9.69
    endloop
  endfacet
  facet normal 0 0 1
    outer loop
      vertex -5.19615 -3 9.69
      vertex -1.47224 -0.849999 9.69
      vertex -1.54072 -0.718451 9.69
    endloop
  endfacet
  facet normal 0 0 1
    outer loop
      vertex -0.439992 -1.64207 9.69
      vertex -1.55291 -5.79555 9.69
      vertex -1.04189 -5.90885 9.69
    endloop
  endfacet
  facet normal 0 0 1
    outer loop
      vertex -5.43785 -2.53571 9.69
      vertex -1.54072 -0.718451 9.69
      vertex -1.59748 -0.581433 9.69
    endloop
  endfacet
  facet normal 0 0 1
    outer loop
      vertex -5.63815 -2.05212 9.69
      vertex -1.59748 -0.581433 9.69
      vertex -1.64207 -0.439992 9.69
    endloop
  endfacet
  facet normal 0 0 1
    outer loop
      vertex -5.79555 -1.55291 9.69
      vertex -1.64207 -0.439992 9.69
      vertex -1.67417 -0.295201 9.69
    endloop
  endfacet
  facet normal 0 0 1
    outer loop
      vertex -5.90885 -1.04189 9.69
      vertex -1.67417 -0.295201 9.69
      vertex -1.69353 -0.148165 9.69
    endloop
  endfacet
  facet normal 0 0 1
    outer loop
      vertex -5.97717 -0.522934 9.69
      vertex -1.69353 -0.148165 9.69
      vertex -1.7 0 9.69
    endloop
  endfacet
  facet normal 0 0 1
    outer loop
      vertex -1.30227 1.09274 9.69
      vertex -4.59627 3.85672 9.69
      vertex -1.39256 0.97508 9.69
    endloop
  endfacet
  facet normal -0 0 1
    outer loop
      vertex -4.91491 3.44146 9.69
      vertex -1.39256 0.97508 9.69
      vertex -4.59627 3.85672 9.69
    endloop
  endfacet
  facet normal 0 0 1
    outer loop
      vertex -1.39256 0.97508 9.69
      vertex -4.91491 3.44146 9.69
      vertex -1.47224 0.849999 9.69
    endloop
  endfacet
  facet normal 0 0 1
    outer loop
      vertex -0.581433 -1.59748 9.69
      vertex -2.05212 -5.63815 9.69
      vertex -1.55291 -5.79555 9.69
    endloop
  endfacet
  facet normal -0 0 1
    outer loop
      vertex -5.19615 3 9.69
      vertex -1.47224 0.849999 9.69
      vertex -4.91491 3.44146 9.69
    endloop
  endfacet
  facet normal 0 0 1
    outer loop
      vertex -0.718451 -1.54072 9.69
      vertex -2.53571 -5.43785 9.69
      vertex -2.05212 -5.63815 9.69
    endloop
  endfacet
  facet normal 0 0 1
    outer loop
      vertex -1.47224 0.849999 9.69
      vertex -5.19615 3 9.69
      vertex -1.54072 0.718451 9.69
    endloop
  endfacet
  facet normal 0 0 1
    outer loop
      vertex -0.849999 -1.47224 9.69
      vertex -3 -5.19615 9.69
      vertex -2.53571 -5.43785 9.69
    endloop
  endfacet
  facet normal -0 0 1
    outer loop
      vertex -5.43785 2.53571 9.69
      vertex -1.54072 0.718451 9.69
      vertex -5.19615 3 9.69
    endloop
  endfacet
  facet normal 0 0 1
    outer loop
      vertex -0.97508 -1.39256 9.69
      vertex -3.44146 -4.91491 9.69
      vertex -3 -5.19615 9.69
    endloop
  endfacet
  facet normal 0 0 1
    outer loop
      vertex -1.54072 0.718451 9.69
      vertex -5.43785 2.53571 9.69
      vertex -1.59748 0.581433 9.69
    endloop
  endfacet
  facet normal 0 0 1
    outer loop
      vertex -1.09274 -1.30227 9.69
      vertex -3.85672 -4.59627 9.69
      vertex -3.44146 -4.91491 9.69
    endloop
  endfacet
  facet normal -0 0 1
    outer loop
      vertex -5.63815 2.05212 9.69
      vertex -1.59748 0.581433 9.69
      vertex -5.43785 2.53571 9.69
    endloop
  endfacet
  facet normal 0 0 1
    outer loop
      vertex -1.20208 -1.20208 9.69
      vertex -4.24264 -4.24264 9.69
      vertex -3.85672 -4.59627 9.69
    endloop
  endfacet
  facet normal 0 0 1
    outer loop
      vertex -1.59748 0.581433 9.69
      vertex -5.63815 2.05212 9.69
      vertex -1.64207 0.439992 9.69
    endloop
  endfacet
  facet normal 0 0 1
    outer loop
      vertex -1.30227 -1.09274 9.69
      vertex -4.59627 -3.85672 9.69
      vertex -4.24264 -4.24264 9.69
    endloop
  endfacet
  facet normal -0 0 1
    outer loop
      vertex -5.79555 1.55291 9.69
      vertex -1.64207 0.439992 9.69
      vertex -5.63815 2.05212 9.69
    endloop
  endfacet
  facet normal 0 0 1
    outer loop
      vertex -1.39256 -0.97508 9.69
      vertex -4.91491 -3.44146 9.69
      vertex -4.59627 -3.85672 9.69
    endloop
  endfacet
  facet normal 0 0 1
    outer loop
      vertex -1.64207 0.439992 9.69
      vertex -5.79555 1.55291 9.69
      vertex -1.67417 0.295201 9.69
    endloop
  endfacet
  facet normal 0 0 1
    outer loop
      vertex -1.47224 -0.849999 9.69
      vertex -5.19615 -3 9.69
      vertex -4.91491 -3.44146 9.69
    endloop
  endfacet
  facet normal -0 0 1
    outer loop
      vertex -5.90885 1.04189 9.69
      vertex -1.67417 0.295201 9.69
      vertex -5.79555 1.55291 9.69
    endloop
  endfacet
  facet normal 0 0 1
    outer loop
      vertex -1.54072 -0.718451 9.69
      vertex -5.43785 -2.53571 9.69
      vertex -5.19615 -3 9.69
    endloop
  endfacet
  facet normal 0 0 1
    outer loop
      vertex -1.67417 0.295201 9.69
      vertex -5.90885 1.04189 9.69
      vertex -1.69353 0.148165 9.69
    endloop
  endfacet
  facet normal 0 0 1
    outer loop
      vertex -1.59748 -0.581433 9.69
      vertex -5.63815 -2.05212 9.69
      vertex -5.43785 -2.53571 9.69
    endloop
  endfacet
  facet normal -0 0 1
    outer loop
      vertex -5.97717 0.522934 9.69
      vertex -1.69353 0.148165 9.69
      vertex -5.90885 1.04189 9.69
    endloop
  endfacet
  facet normal 0 0 1
    outer loop
      vertex -1.64207 -0.439992 9.69
      vertex -5.79555 -1.55291 9.69
      vertex -5.63815 -2.05212 9.69
    endloop
  endfacet
  facet normal 0 0 1
    outer loop
      vertex -1.69353 0.148165 9.69
      vertex -5.97717 0.522934 9.69
      vertex -1.7 0 9.69
    endloop
  endfacet
  facet normal 0 0 1
    outer loop
      vertex -1.67417 -0.295201 9.69
      vertex -5.90885 -1.04189 9.69
      vertex -5.79555 -1.55291 9.69
    endloop
  endfacet
  facet normal 0 0 1
    outer loop
      vertex -6 0 9.69
      vertex -1.7 0 9.69
      vertex -5.97717 0.522934 9.69
    endloop
  endfacet
  facet normal 0 0 1
    outer loop
      vertex -1.69353 -0.148165 9.69
      vertex -5.97717 -0.522934 9.69
      vertex -5.90885 -1.04189 9.69
    endloop
  endfacet
  facet normal 0 0 1
    outer loop
      vertex -1.7 0 9.69
      vertex -6 0 9.69
      vertex -5.97717 -0.522934 9.69
    endloop
  endfacet
  facet normal -0 0 -1
    outer loop
      vertex -1.27977 7.00464 5.99
      vertex -1.84666 6.89188 5.99
      vertex -1.28056 7.00897 5.99
    endloop
  endfacet
  facet normal 0 0 -1
    outer loop
      vertex 1.84666 6.89188 5.99
      vertex 1.27977 7.00464 5.99
      vertex 1.28056 7.00897 5.99
    endloop
  endfacet
  facet normal 0 0 -1
    outer loop
      vertex 1.22873 8.36749 5.99
      vertex 2 6.83983 5.99
      vertex 1.84666 6.89188 5.99
    endloop
  endfacet
  facet normal 0 0 -1
    outer loop
      vertex 1.22873 8.36749 5.99
      vertex 1.84666 6.89188 5.99
      vertex 1.28056 7.00897 5.99
    endloop
  endfacet
  facet normal 0 0 -1
    outer loop
      vertex 2 6.83983 5.99
      vertex 1.22873 8.36749 5.99
      vertex 1.22374 8.62621 5.99
    endloop
  endfacet
  facet normal 0 0 -1
    outer loop
      vertex 2 6.83983 5.99
      vertex 1.22374 8.62621 5.99
      vertex 1.18192 8.88969 5.99
    endloop
  endfacet
  facet normal 0 0 -1
    outer loop
      vertex 2 6.83983 5.99
      vertex 1.18192 8.88969 5.99
      vertex 2 16 5.99
    endloop
  endfacet
  facet normal 0 0 -1
    outer loop
      vertex 1.11411 9.15573 5.99
      vertex 2 16 5.99
      vertex 1.18192 8.88969 5.99
    endloop
  endfacet
  facet normal 0 0 -1
    outer loop
      vertex 1.02379 9.42316 5.99
      vertex 2 16 5.99
      vertex 1.11411 9.15573 5.99
    endloop
  endfacet
  facet normal 0 0 -1
    outer loop
      vertex 0.912781 9.69106 5.99
      vertex 2 16 5.99
      vertex 1.02379 9.42316 5.99
    endloop
  endfacet
  facet normal 0 0 -1
    outer loop
      vertex 0.782257 9.95862 5.99
      vertex 2 16 5.99
      vertex 0.912781 9.69106 5.99
    endloop
  endfacet
  facet normal 0 0 -1
    outer loop
      vertex 0.632965 10.2251 5.99
      vertex 2 16 5.99
      vertex 0.782257 9.95862 5.99
    endloop
  endfacet
  facet normal 0 0 -1
    outer loop
      vertex 0.465515 10.4897 5.99
      vertex 2 16 5.99
      vertex 0.632965 10.2251 5.99
    endloop
  endfacet
  facet normal 0 0 -1
    outer loop
      vertex -0.465515 10.4897 5.99
      vertex 2 16 5.99
      vertex 0.465515 10.4897 5.99
    endloop
  endfacet
  facet normal 0 0 -1
    outer loop
      vertex -2 16 5.99
      vertex -0.465515 10.4897 5.99
      vertex -0.632965 10.2251 5.99
    endloop
  endfacet
  facet normal 0 0 -1
    outer loop
      vertex -2 16 5.99
      vertex -0.632965 10.2251 5.99
      vertex -0.782257 9.95862 5.99
    endloop
  endfacet
  facet normal 0 0 -1
    outer loop
      vertex -2 16 5.99
      vertex -0.782257 9.95862 5.99
      vertex -0.912781 9.69106 5.99
    endloop
  endfacet
  facet normal 0 0 -1
    outer loop
      vertex -1.84666 6.89188 5.99
      vertex -1.22873 8.36749 5.99
      vertex -1.28056 7.00897 5.99
    endloop
  endfacet
  facet normal 0 0 -1
    outer loop
      vertex -2 6.83983 5.99
      vertex -1.22873 8.36749 5.99
      vertex -1.84666 6.89188 5.99
    endloop
  endfacet
  facet normal -0 0 -1
    outer loop
      vertex -1.22873 8.36749 5.99
      vertex -2 6.83983 5.99
      vertex -1.22374 8.62621 5.99
    endloop
  endfacet
  facet normal -0 0 -1
    outer loop
      vertex -1.22374 8.62621 5.99
      vertex -2 6.83983 5.99
      vertex -1.18192 8.88969 5.99
    endloop
  endfacet
  facet normal -0 0 -1
    outer loop
      vertex -1.18192 8.88969 5.99
      vertex -2 6.83983 5.99
      vertex -1.11411 9.15573 5.99
    endloop
  endfacet
  facet normal 0 0 -1
    outer loop
      vertex -2 16 5.99
      vertex -1.11411 9.15573 5.99
      vertex -2 6.83983 5.99
    endloop
  endfacet
  facet normal 0 0 -1
    outer loop
      vertex -0.465515 10.4897 5.99
      vertex -2 16 5.99
      vertex 2 16 5.99
    endloop
  endfacet
  facet normal 0 0 -1
    outer loop
      vertex -1.02379 9.42316 5.99
      vertex -2 16 5.99
      vertex -0.912781 9.69106 5.99
    endloop
  endfacet
  facet normal 0 0 -1
    outer loop
      vertex -1.11411 9.15573 5.99
      vertex -2 16 5.99
      vertex -1.02379 9.42316 5.99
    endloop
  endfacet
  facet normal -1 0 0
    outer loop
      vertex -2 6.83983 6
      vertex -2 16 5.99
      vertex -2 6.83983 5.99
    endloop
  endfacet
  facet normal -1 0 0
    outer loop
      vertex -2 16 5.99
      vertex -2 6.83983 6
      vertex -2 16 9.69
    endloop
  endfacet
  facet normal -1 0 0
    outer loop
      vertex -2 5.65459 9.69
      vertex -2 6.83983 6
      vertex -2 5.65459 6
    endloop
  endfacet
  facet normal -1 0 0
    outer loop
      vertex -2 6.83983 6
      vertex -2 5.65459 9.69
      vertex -2 16 9.69
    endloop
  endfacet
  facet normal 0 1 -0
    outer loop
      vertex 2 16 5.99
      vertex -2 16 9.69
      vertex 2 16 9.69
    endloop
  endfacet
  facet normal 0 1 0
    outer loop
      vertex -2 16 9.69
      vertex 2 16 5.99
      vertex -2 16 5.99
    endloop
  endfacet
  facet normal 0.382668 0.923886 -0
    outer loop
      vertex 2.53571 5.43785 6
      vertex 2.05212 5.63815 9.69
      vertex 2.53571 5.43785 9.69
    endloop
  endfacet
  facet normal 0.382668 0.923886 0
    outer loop
      vertex 2.05212 5.63815 9.69
      vertex 2.53571 5.43785 6
      vertex 2.05212 5.63815 6
    endloop
  endfacet
  facet normal 0.216457 -0.976292 0
    outer loop
      vertex 1.04189 -5.90885 6.01
      vertex 1.55291 -5.79555 9.69
      vertex 1.04189 -5.90885 9.69
    endloop
  endfacet
  facet normal 0.216457 -0.976292 0
    outer loop
      vertex 1.55291 -5.79555 9.69
      vertex 1.04189 -5.90885 6.01
      vertex 1.55291 -5.79555 6.01
    endloop
  endfacet
  facet normal -0.300816 0.953682 0
    outer loop
      vertex -2 5.65459 6
      vertex -2.05212 5.63815 9.69
      vertex -2 5.65459 9.69
    endloop
  endfacet
  facet normal -0.300816 0.953682 0
    outer loop
      vertex -2.05212 5.63815 9.69
      vertex -2 5.65459 6
      vertex -2.05212 5.63815 6
    endloop
  endfacet
  facet normal 0.793354 -0.608761 0
    outer loop
      vertex 4.59627 -3.85672 9.69
      vertex 4.91491 -3.44146 6.01
      vertex 4.91491 -3.44146 9.69
    endloop
  endfacet
  facet normal 0.793354 -0.608761 0
    outer loop
      vertex 4.91491 -3.44146 6.01
      vertex 4.59627 -3.85672 9.69
      vertex 4.59627 -3.85672 6.01
    endloop
  endfacet
  facet normal 0.461758 -0.887006 0
    outer loop
      vertex 2.53571 -5.43785 6.01
      vertex 3 -5.19615 9.69
      vertex 2.53571 -5.43785 9.69
    endloop
  endfacet
  facet normal 0.461758 -0.887006 0
    outer loop
      vertex 3 -5.19615 9.69
      vertex 2.53571 -5.43785 6.01
      vertex 3 -5.19615 6.01
    endloop
  endfacet
  facet normal -0.737278 -0.67559 0
    outer loop
      vertex -4.24264 -4.24264 6.01
      vertex -4.59627 -3.85672 9.69
      vertex -4.59627 -3.85672 6.01
    endloop
  endfacet
  facet normal -0.737278 -0.67559 0
    outer loop
      vertex -4.59627 -3.85672 9.69
      vertex -4.24264 -4.24264 6.01
      vertex -4.24264 -4.24264 9.69
    endloop
  endfacet
  facet normal 0.953717 0.300705 0
    outer loop
      vertex 5.79555 1.55291 9.69
      vertex 5.63815 2.05212 6.01
      vertex 5.63815 2.05212 9.69
    endloop
  endfacet
  facet normal 0.953717 0.300705 0
    outer loop
      vertex 5.63815 2.05212 6.01
      vertex 5.79555 1.55291 9.69
      vertex 5.79555 1.55291 6.01
    endloop
  endfacet
  facet normal -0.991445 0.130523 0
    outer loop
      vertex -5.97717 0.522934 6.01
      vertex -5.90885 1.04189 9.69
      vertex -5.90885 1.04189 6.01
    endloop
  endfacet
  facet normal -0.991445 0.130523 0
    outer loop
      vertex -5.90885 1.04189 9.69
      vertex -5.97717 0.522934 6.01
      vertex -5.97717 0.522934 9.69
    endloop
  endfacet
  facet normal 0.130523 -0.991445 0
    outer loop
      vertex 0.522934 -5.97717 6.01
      vertex 1.04189 -5.90885 9.69
      vertex 0.522934 -5.97717 9.69
    endloop
  endfacet
  facet normal 0.130523 -0.991445 0
    outer loop
      vertex 1.04189 -5.90885 9.69
      vertex 0.522934 -5.97717 6.01
      vertex 1.04189 -5.90885 6.01
    endloop
  endfacet
  facet normal 0.461766 0.887002 0
    outer loop
      vertex 2.89656 5.25 6.01
      vertex 3 5.19615 9.69
      vertex 3 5.19615 6.01
    endloop
  endfacet
  facet normal 0.461758 0.887006 2.95134e-07
    outer loop
      vertex 3 5.19615 9.69
      vertex 2.89656 5.25 6.01
      vertex 2.53571 5.43785 9.69
    endloop
  endfacet
  facet normal 0.461755 0.887007 0
    outer loop
      vertex 2.53571 5.43785 6
      vertex 2.89656 5.25 6.01
      vertex 2.89656 5.25 6
    endloop
  endfacet
  facet normal 0.461755 0.887007 0
    outer loop
      vertex 2.89656 5.25 6.01
      vertex 2.53571 5.43785 6
      vertex 2.53571 5.43785 9.69
    endloop
  endfacet
  facet normal -0.953717 0.300705 0
    outer loop
      vertex -5.79555 1.55291 6.01
      vertex -5.63815 2.05212 9.69
      vertex -5.63815 2.05212 6.01
    endloop
  endfacet
  facet normal -0.953717 0.300705 0
    outer loop
      vertex -5.63815 2.05212 9.69
      vertex -5.79555 1.55291 6.01
      vertex -5.79555 1.55291 9.69
    endloop
  endfacet
  facet normal 0.991445 0.130523 0
    outer loop
      vertex 5.97717 0.522934 9.69
      vertex 5.90885 1.04189 6.01
      vertex 5.90885 1.04189 9.69
    endloop
  endfacet
  facet normal 0.991445 0.130523 0
    outer loop
      vertex 5.90885 1.04189 6.01
      vertex 5.97717 0.522934 9.69
      vertex 5.97717 0.522934 6.01
    endloop
  endfacet
  facet normal 0.999048 0.043616 0
    outer loop
      vertex 6 0 9.69
      vertex 5.97717 0.522934 6.01
      vertex 5.97717 0.522934 9.69
    endloop
  endfacet
  facet normal 0.999048 0.043616 0
    outer loop
      vertex 5.97717 0.522934 6.01
      vertex 6 0 9.69
      vertex 6 0 6.01
    endloop
  endfacet
  facet normal -0.737278 0.67559 0
    outer loop
      vertex -4.59627 3.85672 6.01
      vertex -4.24264 4.24264 9.69
      vertex -4.24264 4.24264 6.01
    endloop
  endfacet
  facet normal -0.737278 0.67559 0
    outer loop
      vertex -4.24264 4.24264 9.69
      vertex -4.59627 3.85672 6.01
      vertex -4.59627 3.85672 9.69
    endloop
  endfacet
  facet normal 0.537298 -0.843392 0
    outer loop
      vertex 3 -5.19615 6.01
      vertex 3.44146 -4.91491 9.69
      vertex 3 -5.19615 9.69
    endloop
  endfacet
  facet normal 0.537298 -0.843392 0
    outer loop
      vertex 3.44146 -4.91491 9.69
      vertex 3 -5.19615 6.01
      vertex 3.44146 -4.91491 6.01
    endloop
  endfacet
  facet normal -0.843392 -0.537298 0
    outer loop
      vertex -4.91491 -3.44146 6.01
      vertex -5.19615 -3 9.69
      vertex -5.19615 -3 6.01
    endloop
  endfacet
  facet normal -0.843392 -0.537298 0
    outer loop
      vertex -5.19615 -3 9.69
      vertex -4.91491 -3.44146 6.01
      vertex -4.91491 -3.44146 9.69
    endloop
  endfacet
  facet normal 0.537298 0.843392 -0
    outer loop
      vertex 3.44146 4.91491 6.01
      vertex 3 5.19615 9.69
      vertex 3.44146 4.91491 9.69
    endloop
  endfacet
  facet normal 0.537298 0.843392 0
    outer loop
      vertex 3 5.19615 9.69
      vertex 3.44146 4.91491 6.01
      vertex 3 5.19615 6.01
    endloop
  endfacet
  facet normal 0.737278 -0.67559 0
    outer loop
      vertex 4.24264 -4.24264 9.69
      vertex 4.59627 -3.85672 6.01
      vertex 4.59627 -3.85672 9.69
    endloop
  endfacet
  facet normal 0.737278 -0.67559 0
    outer loop
      vertex 4.59627 -3.85672 6.01
      vertex 4.24264 -4.24264 9.69
      vertex 4.24264 -4.24264 6.01
    endloop
  endfacet
  facet normal 0.976292 -0.216457 0
    outer loop
      vertex 5.79555 -1.55291 9.69
      vertex 5.90885 -1.04189 6.01
      vertex 5.90885 -1.04189 9.69
    endloop
  endfacet
  facet normal 0.976292 -0.216457 0
    outer loop
      vertex 5.90885 -1.04189 6.01
      vertex 5.79555 -1.55291 9.69
      vertex 5.79555 -1.55291 6.01
    endloop
  endfacet
  facet normal -0.843392 0.537298 0
    outer loop
      vertex -5.19615 3 6.01
      vertex -4.91491 3.44146 9.69
      vertex -4.91491 3.44146 6.01
    endloop
  endfacet
  facet normal -0.843392 0.537298 0
    outer loop
      vertex -4.91491 3.44146 9.69
      vertex -5.19615 3 6.01
      vertex -5.19615 3 9.69
    endloop
  endfacet
  facet normal -0.793354 0.608761 0
    outer loop
      vertex -4.91491 3.44146 6.01
      vertex -4.59627 3.85672 9.69
      vertex -4.59627 3.85672 6.01
    endloop
  endfacet
  facet normal -0.793354 0.608761 0
    outer loop
      vertex -4.59627 3.85672 9.69
      vertex -4.91491 3.44146 6.01
      vertex -4.91491 3.44146 9.69
    endloop
  endfacet
  facet normal -0.999048 -0.043616 0
    outer loop
      vertex -5.97717 -0.522934 6.01
      vertex -6 0 9.69
      vertex -6 0 6.01
    endloop
  endfacet
  facet normal -0.999048 -0.043616 0
    outer loop
      vertex -6 0 9.69
      vertex -5.97717 -0.522934 6.01
      vertex -5.97717 -0.522934 9.69
    endloop
  endfacet
  facet normal 0.976292 0.216457 0
    outer loop
      vertex 5.90885 1.04189 9.69
      vertex 5.79555 1.55291 6.01
      vertex 5.79555 1.55291 9.69
    endloop
  endfacet
  facet normal 0.976292 0.216457 0
    outer loop
      vertex 5.79555 1.55291 6.01
      vertex 5.90885 1.04189 9.69
      vertex 5.90885 1.04189 6.01
    endloop
  endfacet
  facet normal 0.608761 -0.793354 0
    outer loop
      vertex 3.44146 -4.91491 6.01
      vertex 3.85672 -4.59627 9.69
      vertex 3.44146 -4.91491 9.69
    endloop
  endfacet
  facet normal 0.608761 -0.793354 0
    outer loop
      vertex 3.85672 -4.59627 9.69
      vertex 3.44146 -4.91491 6.01
      vertex 3.85672 -4.59627 6.01
    endloop
  endfacet
  facet normal 0.043616 -0.999048 0
    outer loop
      vertex 0 -6 6.01
      vertex 0.522934 -5.97717 9.69
      vertex 0 -6 9.69
    endloop
  endfacet
  facet normal 0.043616 -0.999048 0
    outer loop
      vertex 0.522934 -5.97717 9.69
      vertex 0 -6 6.01
      vertex 0.522934 -5.97717 6.01
    endloop
  endfacet
  facet normal -0.976292 0.216457 0
    outer loop
      vertex -5.90885 1.04189 6.01
      vertex -5.79555 1.55291 9.69
      vertex -5.79555 1.55291 6.01
    endloop
  endfacet
  facet normal -0.976292 0.216457 0
    outer loop
      vertex -5.79555 1.55291 9.69
      vertex -5.90885 1.04189 6.01
      vertex -5.90885 1.04189 9.69
    endloop
  endfacet
  facet normal -0.130523 -0.991445 0
    outer loop
      vertex -1.04189 -5.90885 6.01
      vertex -0.522934 -5.97717 9.69
      vertex -1.04189 -5.90885 9.69
    endloop
  endfacet
  facet normal -0.130523 -0.991445 -0
    outer loop
      vertex -0.522934 -5.97717 9.69
      vertex -1.04189 -5.90885 6.01
      vertex -0.522934 -5.97717 6.01
    endloop
  endfacet
  facet normal -0.793354 -0.608761 0
    outer loop
      vertex -4.59627 -3.85672 6.01
      vertex -4.91491 -3.44146 9.69
      vertex -4.91491 -3.44146 6.01
    endloop
  endfacet
  facet normal -0.793354 -0.608761 0
    outer loop
      vertex -4.91491 -3.44146 9.69
      vertex -4.59627 -3.85672 6.01
      vertex -4.59627 -3.85672 9.69
    endloop
  endfacet
  facet normal 0.67559 0.737278 -0
    outer loop
      vertex 4.24264 4.24264 6.01
      vertex 3.85672 4.59627 9.69
      vertex 4.24264 4.24264 9.69
    endloop
  endfacet
  facet normal 0.67559 0.737278 0
    outer loop
      vertex 3.85672 4.59627 9.69
      vertex 4.24264 4.24264 6.01
      vertex 3.85672 4.59627 6.01
    endloop
  endfacet
  facet normal 0.923886 -0.382668 0
    outer loop
      vertex 5.43785 -2.53571 9.69
      vertex 5.63815 -2.05212 6.01
      vertex 5.63815 -2.05212 9.69
    endloop
  endfacet
  facet normal 0.923886 -0.382668 0
    outer loop
      vertex 5.63815 -2.05212 6.01
      vertex 5.43785 -2.53571 9.69
      vertex 5.43785 -2.53571 6.01
    endloop
  endfacet
  facet normal -0.67559 -0.737278 0
    outer loop
      vertex -4.24264 -4.24264 6.01
      vertex -3.85672 -4.59627 9.69
      vertex -4.24264 -4.24264 9.69
    endloop
  endfacet
  facet normal -0.67559 -0.737278 -0
    outer loop
      vertex -3.85672 -4.59627 9.69
      vertex -4.24264 -4.24264 6.01
      vertex -3.85672 -4.59627 6.01
    endloop
  endfacet
  facet normal 0.793354 0.608761 0
    outer loop
      vertex 4.91491 3.44146 9.69
      vertex 4.59627 3.85672 6.01
      vertex 4.59627 3.85672 9.69
    endloop
  endfacet
  facet normal 0.793354 0.608761 0
    outer loop
      vertex 4.59627 3.85672 6.01
      vertex 4.91491 3.44146 9.69
      vertex 4.91491 3.44146 6.01
    endloop
  endfacet
  facet normal 0.887006 0.461758 0
    outer loop
      vertex 5.43785 2.53571 9.69
      vertex 5.19615 3 6.01
      vertex 5.19615 3 9.69
    endloop
  endfacet
  facet normal 0.887006 0.461758 0
    outer loop
      vertex 5.19615 3 6.01
      vertex 5.43785 2.53571 9.69
      vertex 5.43785 2.53571 6.01
    endloop
  endfacet
  facet normal 0.608761 0.793354 -0
    outer loop
      vertex 3.85672 4.59627 6.01
      vertex 3.44146 4.91491 9.69
      vertex 3.85672 4.59627 9.69
    endloop
  endfacet
  facet normal 0.608761 0.793354 0
    outer loop
      vertex 3.44146 4.91491 9.69
      vertex 3.85672 4.59627 6.01
      vertex 3.44146 4.91491 6.01
    endloop
  endfacet
  facet normal 0.999048 -0.043616 0
    outer loop
      vertex 5.97717 -0.522934 9.69
      vertex 6 0 6.01
      vertex 6 0 9.69
    endloop
  endfacet
  facet normal 0.999048 -0.043616 0
    outer loop
      vertex 6 0 6.01
      vertex 5.97717 -0.522934 9.69
      vertex 5.97717 -0.522934 6.01
    endloop
  endfacet
  facet normal 0.953717 -0.300705 0
    outer loop
      vertex 5.63815 -2.05212 9.69
      vertex 5.79555 -1.55291 6.01
      vertex 5.79555 -1.55291 9.69
    endloop
  endfacet
  facet normal 0.953717 -0.300705 0
    outer loop
      vertex 5.79555 -1.55291 6.01
      vertex 5.63815 -2.05212 9.69
      vertex 5.63815 -2.05212 6.01
    endloop
  endfacet
  facet normal -0.991445 -0.130523 0
    outer loop
      vertex -5.90885 -1.04189 6.01
      vertex -5.97717 -0.522934 9.69
      vertex -5.97717 -0.522934 6.01
    endloop
  endfacet
  facet normal -0.991445 -0.130523 0
    outer loop
      vertex -5.97717 -0.522934 9.69
      vertex -5.90885 -1.04189 6.01
      vertex -5.90885 -1.04189 9.69
    endloop
  endfacet
  facet normal -0.923886 -0.382668 0
    outer loop
      vertex -5.43785 -2.53571 6.01
      vertex -5.63815 -2.05212 9.69
      vertex -5.63815 -2.05212 6.01
    endloop
  endfacet
  facet normal -0.923886 -0.382668 0
    outer loop
      vertex -5.63815 -2.05212 9.69
      vertex -5.43785 -2.53571 6.01
      vertex -5.43785 -2.53571 9.69
    endloop
  endfacet
  facet normal -0.461758 -0.887006 0
    outer loop
      vertex -3 -5.19615 6.01
      vertex -2.53571 -5.43785 9.69
      vertex -3 -5.19615 9.69
    endloop
  endfacet
  facet normal -0.461758 -0.887006 -0
    outer loop
      vertex -2.53571 -5.43785 9.69
      vertex -3 -5.19615 6.01
      vertex -2.53571 -5.43785 6.01
    endloop
  endfacet
  facet normal 0.737278 0.67559 0
    outer loop
      vertex 4.59627 3.85672 9.69
      vertex 4.24264 4.24264 6.01
      vertex 4.24264 4.24264 9.69
    endloop
  endfacet
  facet normal 0.737278 0.67559 0
    outer loop
      vertex 4.24264 4.24264 6.01
      vertex 4.59627 3.85672 9.69
      vertex 4.59627 3.85672 6.01
    endloop
  endfacet
  facet normal 0.923886 0.382668 0
    outer loop
      vertex 5.63815 2.05212 9.69
      vertex 5.43785 2.53571 6.01
      vertex 5.43785 2.53571 9.69
    endloop
  endfacet
  facet normal 0.923886 0.382668 0
    outer loop
      vertex 5.43785 2.53571 6.01
      vertex 5.63815 2.05212 9.69
      vertex 5.63815 2.05212 6.01
    endloop
  endfacet
  facet normal 0.843392 0.537298 0
    outer loop
      vertex 5.19615 3 9.69
      vertex 4.91491 3.44146 6.01
      vertex 4.91491 3.44146 9.69
    endloop
  endfacet
  facet normal 0.843392 0.537298 0
    outer loop
      vertex 4.91491 3.44146 6.01
      vertex 5.19615 3 9.69
      vertex 5.19615 3 6.01
    endloop
  endfacet
  facet normal -0.67559 0.737278 0
    outer loop
      vertex -3.85672 4.59627 6.01
      vertex -4.24264 4.24264 9.69
      vertex -3.85672 4.59627 9.69
    endloop
  endfacet
  facet normal -0.67559 0.737278 0
    outer loop
      vertex -4.24264 4.24264 9.69
      vertex -3.85672 4.59627 6.01
      vertex -4.24264 4.24264 6.01
    endloop
  endfacet
  facet normal -0.608761 0.793354 0
    outer loop
      vertex -3.44146 4.91491 6.01
      vertex -3.85672 4.59627 9.69
      vertex -3.44146 4.91491 9.69
    endloop
  endfacet
  facet normal -0.608761 0.793354 0
    outer loop
      vertex -3.85672 4.59627 9.69
      vertex -3.44146 4.91491 6.01
      vertex -3.85672 4.59627 6.01
    endloop
  endfacet
  facet normal -0.976292 -0.216457 0
    outer loop
      vertex -5.79555 -1.55291 6.01
      vertex -5.90885 -1.04189 9.69
      vertex -5.90885 -1.04189 6.01
    endloop
  endfacet
  facet normal -0.976292 -0.216457 0
    outer loop
      vertex -5.90885 -1.04189 9.69
      vertex -5.79555 -1.55291 6.01
      vertex -5.79555 -1.55291 9.69
    endloop
  endfacet
  facet normal -0.300705 -0.953717 0
    outer loop
      vertex -2.05212 -5.63815 6.01
      vertex -1.55291 -5.79555 9.69
      vertex -2.05212 -5.63815 9.69
    endloop
  endfacet
  facet normal -0.300705 -0.953717 -0
    outer loop
      vertex -1.55291 -5.79555 9.69
      vertex -2.05212 -5.63815 6.01
      vertex -1.55291 -5.79555 6.01
    endloop
  endfacet
  facet normal -0.887006 -0.461758 0
    outer loop
      vertex -5.19615 -3 6.01
      vertex -5.43785 -2.53571 9.69
      vertex -5.43785 -2.53571 6.01
    endloop
  endfacet
  facet normal -0.887006 -0.461758 0
    outer loop
      vertex -5.43785 -2.53571 9.69
      vertex -5.19615 -3 6.01
      vertex -5.19615 -3 9.69
    endloop
  endfacet
  facet normal -0.382668 -0.923886 0
    outer loop
      vertex -2.53571 -5.43785 6.01
      vertex -2.05212 -5.63815 9.69
      vertex -2.53571 -5.43785 9.69
    endloop
  endfacet
  facet normal -0.382668 -0.923886 -0
    outer loop
      vertex -2.05212 -5.63815 9.69
      vertex -2.53571 -5.43785 6.01
      vertex -2.05212 -5.63815 6.01
    endloop
  endfacet
  facet normal -0.461758 0.887006 2.95134e-07
    outer loop
      vertex -2.53571 5.43785 9.69
      vertex -2.89656 5.25 6.01
      vertex -3 5.19615 9.69
    endloop
  endfacet
  facet normal -0.461755 0.887007 0
    outer loop
      vertex -2.53571 5.43785 6
      vertex -2.89656 5.25 6.01
      vertex -2.53571 5.43785 9.69
    endloop
  endfacet
  facet normal -0.461755 0.887007 0
    outer loop
      vertex -2.89656 5.25 6.01
      vertex -2.53571 5.43785 6
      vertex -2.89656 5.25 6
    endloop
  endfacet
  facet normal -0.461766 0.887002 0
    outer loop
      vertex -3 5.19615 9.69
      vertex -2.89656 5.25 6.01
      vertex -3 5.19615 6.01
    endloop
  endfacet
  facet normal -0.537298 0.843392 0
    outer loop
      vertex -3 5.19615 6.01
      vertex -3.44146 4.91491 9.69
      vertex -3 5.19615 9.69
    endloop
  endfacet
  facet normal -0.537298 0.843392 0
    outer loop
      vertex -3.44146 4.91491 9.69
      vertex -3 5.19615 6.01
      vertex -3.44146 4.91491 6.01
    endloop
  endfacet
  facet normal 0.887006 -0.461758 0
    outer loop
      vertex 5.19615 -3 9.69
      vertex 5.43785 -2.53571 6.01
      vertex 5.43785 -2.53571 9.69
    endloop
  endfacet
  facet normal 0.887006 -0.461758 0
    outer loop
      vertex 5.43785 -2.53571 6.01
      vertex 5.19615 -3 9.69
      vertex 5.19615 -3 6.01
    endloop
  endfacet
  facet normal -0.382668 0.923886 0
    outer loop
      vertex -2.05212 5.63815 6
      vertex -2.53571 5.43785 9.69
      vertex -2.05212 5.63815 9.69
    endloop
  endfacet
  facet normal -0.382668 0.923886 0
    outer loop
      vertex -2.53571 5.43785 9.69
      vertex -2.05212 5.63815 6
      vertex -2.53571 5.43785 6
    endloop
  endfacet
  facet normal -0.999048 0.043616 0
    outer loop
      vertex -6 0 6.01
      vertex -5.97717 0.522934 9.69
      vertex -5.97717 0.522934 6.01
    endloop
  endfacet
  facet normal -0.999048 0.043616 0
    outer loop
      vertex -5.97717 0.522934 9.69
      vertex -6 0 6.01
      vertex -6 0 9.69
    endloop
  endfacet
  facet normal 0.300705 -0.953717 0
    outer loop
      vertex 1.55291 -5.79555 6.01
      vertex 2.05212 -5.63815 9.69
      vertex 1.55291 -5.79555 9.69
    endloop
  endfacet
  facet normal 0.300705 -0.953717 0
    outer loop
      vertex 2.05212 -5.63815 9.69
      vertex 1.55291 -5.79555 6.01
      vertex 2.05212 -5.63815 6.01
    endloop
  endfacet
  facet normal 0.382668 -0.923886 0
    outer loop
      vertex 2.05212 -5.63815 6.01
      vertex 2.53571 -5.43785 9.69
      vertex 2.05212 -5.63815 9.69
    endloop
  endfacet
  facet normal 0.382668 -0.923886 0
    outer loop
      vertex 2.53571 -5.43785 9.69
      vertex 2.05212 -5.63815 6.01
      vertex 2.53571 -5.43785 6.01
    endloop
  endfacet
  facet normal -0.537298 -0.843392 0
    outer loop
      vertex -3.44146 -4.91491 6.01
      vertex -3 -5.19615 9.69
      vertex -3.44146 -4.91491 9.69
    endloop
  endfacet
  facet normal -0.537298 -0.843392 -0
    outer loop
      vertex -3 -5.19615 9.69
      vertex -3.44146 -4.91491 6.01
      vertex -3 -5.19615 6.01
    endloop
  endfacet
  facet normal -0.043616 -0.999048 0
    outer loop
      vertex -0.522934 -5.97717 6.01
      vertex 0 -6 9.69
      vertex -0.522934 -5.97717 9.69
    endloop
  endfacet
  facet normal -0.043616 -0.999048 -0
    outer loop
      vertex 0 -6 9.69
      vertex -0.522934 -5.97717 6.01
      vertex 0 -6 6.01
    endloop
  endfacet
  facet normal -0.887006 0.461758 0
    outer loop
      vertex -5.43785 2.53571 6.01
      vertex -5.19615 3 9.69
      vertex -5.19615 3 6.01
    endloop
  endfacet
  facet normal -0.887006 0.461758 0
    outer loop
      vertex -5.19615 3 9.69
      vertex -5.43785 2.53571 6.01
      vertex -5.43785 2.53571 9.69
    endloop
  endfacet
  facet normal 0.300816 0.953682 -0
    outer loop
      vertex 2.05212 5.63815 6
      vertex 2 5.65459 9.69
      vertex 2.05212 5.63815 9.69
    endloop
  endfacet
  facet normal 0.300816 0.953682 0
    outer loop
      vertex 2 5.65459 9.69
      vertex 2.05212 5.63815 6
      vertex 2 5.65459 6
    endloop
  endfacet
  facet normal -0.608761 -0.793354 0
    outer loop
      vertex -3.85672 -4.59627 6.01
      vertex -3.44146 -4.91491 9.69
      vertex -3.85672 -4.59627 9.69
    endloop
  endfacet
  facet normal -0.608761 -0.793354 -0
    outer loop
      vertex -3.44146 -4.91491 9.69
      vertex -3.85672 -4.59627 6.01
      vertex -3.44146 -4.91491 6.01
    endloop
  endfacet
  facet normal -0.216457 -0.976292 0
    outer loop
      vertex -1.55291 -5.79555 6.01
      vertex -1.04189 -5.90885 9.69
      vertex -1.55291 -5.79555 9.69
    endloop
  endfacet
  facet normal -0.216457 -0.976292 -0
    outer loop
      vertex -1.04189 -5.90885 9.69
      vertex -1.55291 -5.79555 6.01
      vertex -1.04189 -5.90885 6.01
    endloop
  endfacet
  facet normal -0.923886 0.382668 0
    outer loop
      vertex -5.63815 2.05212 6.01
      vertex -5.43785 2.53571 9.69
      vertex -5.43785 2.53571 6.01
    endloop
  endfacet
  facet normal -0.923886 0.382668 0
    outer loop
      vertex -5.43785 2.53571 9.69
      vertex -5.63815 2.05212 6.01
      vertex -5.63815 2.05212 9.69
    endloop
  endfacet
  facet normal -0.953717 -0.300705 0
    outer loop
      vertex -5.63815 -2.05212 6.01
      vertex -5.79555 -1.55291 9.69
      vertex -5.79555 -1.55291 6.01
    endloop
  endfacet
  facet normal -0.953717 -0.300705 0
    outer loop
      vertex -5.79555 -1.55291 9.69
      vertex -5.63815 -2.05212 6.01
      vertex -5.63815 -2.05212 9.69
    endloop
  endfacet
  facet normal 0.67559 -0.737278 0
    outer loop
      vertex 3.85672 -4.59627 6.01
      vertex 4.24264 -4.24264 9.69
      vertex 3.85672 -4.59627 9.69
    endloop
  endfacet
  facet normal 0.67559 -0.737278 0
    outer loop
      vertex 4.24264 -4.24264 9.69
      vertex 3.85672 -4.59627 6.01
      vertex 4.24264 -4.24264 6.01
    endloop
  endfacet
  facet normal 0.991445 -0.130523 0
    outer loop
      vertex 5.90885 -1.04189 9.69
      vertex 5.97717 -0.522934 6.01
      vertex 5.97717 -0.522934 9.69
    endloop
  endfacet
  facet normal 0.991445 -0.130523 0
    outer loop
      vertex 5.97717 -0.522934 6.01
      vertex 5.90885 -1.04189 9.69
      vertex 5.90885 -1.04189 6.01
    endloop
  endfacet
  facet normal 0.843392 -0.537298 0
    outer loop
      vertex 4.91491 -3.44146 9.69
      vertex 5.19615 -3 6.01
      vertex 5.19615 -3 9.69
    endloop
  endfacet
  facet normal 0.843392 -0.537298 0
    outer loop
      vertex 5.19615 -3 6.01
      vertex 4.91491 -3.44146 9.69
      vertex 4.91491 -3.44146 6.01
    endloop
  endfacet
  facet normal 0.953721 -0.300692 0
    outer loop
      vertex -6.03703 1.61761 6
      vertex -5.87308 2.13762 -7.62939e-07
      vertex -5.87308 2.13762 6
    endloop
  endfacet
  facet normal 0.953721 -0.300692 0
    outer loop
      vertex -5.87308 2.13762 -7.62939e-07
      vertex -6.03703 1.61761 6
      vertex -6.03703 1.61761 -7.62939e-07
    endloop
  endfacet
  facet normal -0.991445 0.130526 0
    outer loop
      vertex 6.15504 -1.0853 -7.62939e-07
      vertex 6.22621 -0.544708 6
      vertex 6.22621 -0.544708 -7.62939e-07
    endloop
  endfacet
  facet normal -0.991445 0.130526 0
    outer loop
      vertex 6.22621 -0.544708 6
      vertex 6.15504 -1.0853 -7.62939e-07
      vertex 6.15504 -1.0853 6
    endloop
  endfacet
  facet normal -0.461724 0.887024 0
    outer loop
      vertex 3.125 -5.41266 -7.62939e-07
      vertex 2.64136 -5.66441 6
      vertex 3.125 -5.41266 6
    endloop
  endfacet
  facet normal -0.461724 0.887024 0
    outer loop
      vertex 2.64136 -5.66441 6
      vertex 3.125 -5.41266 -7.62939e-07
      vertex 2.64136 -5.66441 -7.62939e-07
    endloop
  endfacet
  facet normal -0.887024 -0.461724 0
    outer loop
      vertex 5.66441 2.64136 -7.62939e-07
      vertex 5.41266 3.125 6
      vertex 5.41266 3.125 -7.62939e-07
    endloop
  endfacet
  facet normal -0.887024 -0.461724 0
    outer loop
      vertex 5.41266 3.125 6
      vertex 5.66441 2.64136 -7.62939e-07
      vertex 5.66441 2.64136 6
    endloop
  endfacet
  facet normal -0.300692 0.953721 0
    outer loop
      vertex 2.13762 -5.87308 -7.62939e-07
      vertex 1.61761 -6.03703 6
      vertex 2.13762 -5.87308 6
    endloop
  endfacet
  facet normal -0.300692 0.953721 0
    outer loop
      vertex 1.61761 -6.03703 6
      vertex 2.13762 -5.87308 -7.62939e-07
      vertex 1.61761 -6.03703 -7.62939e-07
    endloop
  endfacet
  facet normal 0.0436332 0.999048 -0
    outer loop
      vertex 0 -6.25 -7.62939e-07
      vertex -0.544708 -6.22621 6
      vertex 0 -6.25 6
    endloop
  endfacet
  facet normal 0.0436332 0.999048 0
    outer loop
      vertex -0.544708 -6.22621 6
      vertex 0 -6.25 -7.62939e-07
      vertex -0.544708 -6.22621 -7.62939e-07
    endloop
  endfacet
  facet normal 0.737265 -0.675604 0
    outer loop
      vertex -4.78777 4.01741 6
      vertex -4.4194 4.4194 -7.62939e-07
      vertex -4.4194 4.4194 6
    endloop
  endfacet
  facet normal 0.737265 -0.675604 0
    outer loop
      vertex -4.4194 4.4194 -7.62939e-07
      vertex -4.78777 4.01741 6
      vertex -4.78777 4.01741 -7.62939e-07
    endloop
  endfacet
  facet normal -0.608758 0.793356 0
    outer loop
      vertex 4.01741 -4.78777 -7.62939e-07
      vertex 3.58484 -5.11969 6
      vertex 4.01741 -4.78777 6
    endloop
  endfacet
  facet normal -0.608758 0.793356 0
    outer loop
      vertex 3.58484 -5.11969 6
      vertex 4.01741 -4.78777 -7.62939e-07
      vertex 3.58484 -5.11969 -7.62939e-07
    endloop
  endfacet
  facet normal -0.382705 0.92387 0
    outer loop
      vertex 2.64136 -5.66441 -7.62939e-07
      vertex 2.13762 -5.87308 6
      vertex 2.64136 -5.66441 6
    endloop
  endfacet
  facet normal -0.382705 0.92387 0
    outer loop
      vertex 2.13762 -5.87308 6
      vertex 2.64136 -5.66441 -7.62939e-07
      vertex 2.13762 -5.87308 -7.62939e-07
    endloop
  endfacet
  facet normal -0.976296 0.216439 0
    outer loop
      vertex 6.03703 -1.61761 -7.62939e-07
      vertex 6.15504 -1.0853 6
      vertex 6.15504 -1.0853 -7.62939e-07
    endloop
  endfacet
  facet normal -0.976296 0.216439 0
    outer loop
      vertex 6.15504 -1.0853 6
      vertex 6.03703 -1.61761 -7.62939e-07
      vertex 6.03703 -1.61761 6
    endloop
  endfacet
  facet normal 0.793356 -0.608758 0
    outer loop
      vertex -5.11969 3.58484 6
      vertex -4.78777 4.01741 -7.62939e-07
      vertex -4.78777 4.01741 6
    endloop
  endfacet
  facet normal 0.793356 -0.608758 0
    outer loop
      vertex -4.78777 4.01741 -7.62939e-07
      vertex -5.11969 3.58484 6
      vertex -5.11969 3.58484 -7.62939e-07
    endloop
  endfacet
  facet normal 0 0 -1
    outer loop
      vertex 5.97717 -0.522934 6.01
      vertex 1.69353 -0.148165 6.01
      vertex 1.7 0 6.01
    endloop
  endfacet
  facet normal 0 0 -1
    outer loop
      vertex 2.53571 -5.43785 6.01
      vertex 1.67417 -0.295201 6.01
      vertex 1.69353 -0.148165 6.01
    endloop
  endfacet
  facet normal 0 0 -1
    outer loop
      vertex 2.53571 -5.43785 6.01
      vertex 1.64207 -0.439992 6.01
      vertex 1.67417 -0.295201 6.01
    endloop
  endfacet
  facet normal 0 0 -1
    outer loop
      vertex 2.53571 -5.43785 6.01
      vertex 1.59748 -0.581433 6.01
      vertex 1.64207 -0.439992 6.01
    endloop
  endfacet
  facet normal 0 0 -1
    outer loop
      vertex 0.581433 -1.59748 6.01
      vertex 2.05212 -5.63815 6.01
      vertex 1.55291 -5.79555 6.01
    endloop
  endfacet
  facet normal 0 0 -1
    outer loop
      vertex 2.53571 -5.43785 6.01
      vertex 1.54072 -0.718451 6.01
      vertex 1.59748 -0.581433 6.01
    endloop
  endfacet
  facet normal 0 0 -1
    outer loop
      vertex 2.53571 -5.43785 6.01
      vertex 1.47224 -0.849999 6.01
      vertex 1.54072 -0.718451 6.01
    endloop
  endfacet
  facet normal 0 0 -1
    outer loop
      vertex 2.53571 -5.43785 6.01
      vertex 1.39256 -0.97508 6.01
      vertex 1.47224 -0.849999 6.01
    endloop
  endfacet
  facet normal 0 0 -1
    outer loop
      vertex 2.53571 -5.43785 6.01
      vertex 1.30227 -1.09274 6.01
      vertex 1.39256 -0.97508 6.01
    endloop
  endfacet
  facet normal 0 0 -1
    outer loop
      vertex 2.53571 -5.43785 6.01
      vertex 1.20208 -1.20208 6.01
      vertex 1.30227 -1.09274 6.01
    endloop
  endfacet
  facet normal 0 0 -1
    outer loop
      vertex 2.53571 -5.43785 6.01
      vertex 1.09274 -1.30227 6.01
      vertex 1.20208 -1.20208 6.01
    endloop
  endfacet
  facet normal 0 0 -1
    outer loop
      vertex 0.439992 -1.64207 6.01
      vertex 1.55291 -5.79555 6.01
      vertex 1.04189 -5.90885 6.01
    endloop
  endfacet
  facet normal 0 0 -1
    outer loop
      vertex 2.53571 -5.43785 6.01
      vertex 0.97508 -1.39256 6.01
      vertex 1.09274 -1.30227 6.01
    endloop
  endfacet
  facet normal 0 0 -1
    outer loop
      vertex 2.53571 -5.43785 6.01
      vertex 0.849999 -1.47224 6.01
      vertex 0.97508 -1.39256 6.01
    endloop
  endfacet
  facet normal 0 0 -1
    outer loop
      vertex 2.53571 -5.43785 6.01
      vertex 0.718451 -1.54072 6.01
      vertex 0.849999 -1.47224 6.01
    endloop
  endfacet
  facet normal 0 0 -1
    outer loop
      vertex 2.05212 -5.63815 6.01
      vertex 0.581433 -1.59748 6.01
      vertex 0.718451 -1.54072 6.01
    endloop
  endfacet
  facet normal 0 0 -1
    outer loop
      vertex 0.295201 -1.67417 6.01
      vertex 1.04189 -5.90885 6.01
      vertex 0.522934 -5.97717 6.01
    endloop
  endfacet
  facet normal 0 0 -1
    outer loop
      vertex 1.55291 -5.79555 6.01
      vertex 0.439992 -1.64207 6.01
      vertex 0.581433 -1.59748 6.01
    endloop
  endfacet
  facet normal 0 0 -1
    outer loop
      vertex 1.04189 -5.90885 6.01
      vertex 0.295201 -1.67417 6.01
      vertex 0.439992 -1.64207 6.01
    endloop
  endfacet
  facet normal 0 0 -1
    outer loop
      vertex 0.522934 -5.97717 6.01
      vertex 0.148165 -1.69353 6.01
      vertex 0.295201 -1.67417 6.01
    endloop
  endfacet
  facet normal 0 0 -1
    outer loop
      vertex 0 -6 6.01
      vertex 0.148165 -1.69353 6.01
      vertex 0.522934 -5.97717 6.01
    endloop
  endfacet
  facet normal 0 0 -1
    outer loop
      vertex 0 -6 6.01
      vertex 0 -1.7 6.01
      vertex 0.148165 -1.69353 6.01
    endloop
  endfacet
  facet normal 0 0 -1
    outer loop
      vertex 0 -6 6.01
      vertex -0.148165 -1.69353 6.01
      vertex 0 -1.7 6.01
    endloop
  endfacet
  facet normal 0 0 -1
    outer loop
      vertex -0.522934 -5.97717 6.01
      vertex -0.148165 -1.69353 6.01
      vertex 0 -6 6.01
    endloop
  endfacet
  facet normal -0 0 -1
    outer loop
      vertex -0.148165 -1.69353 6.01
      vertex -0.522934 -5.97717 6.01
      vertex -0.295201 -1.67417 6.01
    endloop
  endfacet
  facet normal 0 0 -1
    outer loop
      vertex -1.04189 -5.90885 6.01
      vertex -0.295201 -1.67417 6.01
      vertex -0.522934 -5.97717 6.01
    endloop
  endfacet
  facet normal -0 0 -1
    outer loop
      vertex -0.295201 -1.67417 6.01
      vertex -1.04189 -5.90885 6.01
      vertex -0.439992 -1.64207 6.01
    endloop
  endfacet
  facet normal 0 0 -1
    outer loop
      vertex -1.55291 -5.79555 6.01
      vertex -0.439992 -1.64207 6.01
      vertex -1.04189 -5.90885 6.01
    endloop
  endfacet
  facet normal -0 0 -1
    outer loop
      vertex -0.439992 -1.64207 6.01
      vertex -1.55291 -5.79555 6.01
      vertex -0.581433 -1.59748 6.01
    endloop
  endfacet
  facet normal 0 0 -1
    outer loop
      vertex -2.05212 -5.63815 6.01
      vertex -0.581433 -1.59748 6.01
      vertex -1.55291 -5.79555 6.01
    endloop
  endfacet
  facet normal -0 0 -1
    outer loop
      vertex -0.581433 -1.59748 6.01
      vertex -2.05212 -5.63815 6.01
      vertex -0.718451 -1.54072 6.01
    endloop
  endfacet
  facet normal 0 0 -1
    outer loop
      vertex -2.53571 -5.43785 6.01
      vertex -0.718451 -1.54072 6.01
      vertex -2.05212 -5.63815 6.01
    endloop
  endfacet
  facet normal -0 0 -1
    outer loop
      vertex -0.718451 -1.54072 6.01
      vertex -2.53571 -5.43785 6.01
      vertex -0.849999 -1.47224 6.01
    endloop
  endfacet
  facet normal 0 0 -1
    outer loop
      vertex -3 -5.19615 6.01
      vertex -0.849999 -1.47224 6.01
      vertex -2.53571 -5.43785 6.01
    endloop
  endfacet
  facet normal -0 0 -1
    outer loop
      vertex -0.849999 -1.47224 6.01
      vertex -3 -5.19615 6.01
      vertex -0.97508 -1.39256 6.01
    endloop
  endfacet
  facet normal 0 0 -1
    outer loop
      vertex -3.44146 -4.91491 6.01
      vertex -0.97508 -1.39256 6.01
      vertex -3 -5.19615 6.01
    endloop
  endfacet
  facet normal -0 0 -1
    outer loop
      vertex -0.97508 -1.39256 6.01
      vertex -3.44146 -4.91491 6.01
      vertex -1.09274 -1.30227 6.01
    endloop
  endfacet
  facet normal 0 0 -1
    outer loop
      vertex -3.85672 -4.59627 6.01
      vertex -1.09274 -1.30227 6.01
      vertex -3.44146 -4.91491 6.01
    endloop
  endfacet
  facet normal -0 0 -1
    outer loop
      vertex -1.09274 -1.30227 6.01
      vertex -3.85672 -4.59627 6.01
      vertex -1.20208 -1.20208 6.01
    endloop
  endfacet
  facet normal 0 0 -1
    outer loop
      vertex -4.24264 -4.24264 6.01
      vertex -1.20208 -1.20208 6.01
      vertex -3.85672 -4.59627 6.01
    endloop
  endfacet
  facet normal -0 0 -1
    outer loop
      vertex -1.20208 -1.20208 6.01
      vertex -4.24264 -4.24264 6.01
      vertex -1.30227 -1.09274 6.01
    endloop
  endfacet
  facet normal 0 0 -1
    outer loop
      vertex -4.59627 -3.85672 6.01
      vertex -1.30227 -1.09274 6.01
      vertex -4.24264 -4.24264 6.01
    endloop
  endfacet
  facet normal -0 0 -1
    outer loop
      vertex -1.30227 -1.09274 6.01
      vertex -4.59627 -3.85672 6.01
      vertex -1.39256 -0.97508 6.01
    endloop
  endfacet
  facet normal 0 0 -1
    outer loop
      vertex -4.91491 -3.44146 6.01
      vertex -1.39256 -0.97508 6.01
      vertex -4.59627 -3.85672 6.01
    endloop
  endfacet
  facet normal 0 0 -1
    outer loop
      vertex 1.7 0 6.01
      vertex 6 0 6.01
      vertex 5.97717 -0.522934 6.01
    endloop
  endfacet
  facet normal 0 0 -1
    outer loop
      vertex 1.69353 -0.148165 6.01
      vertex 5.97717 -0.522934 6.01
      vertex 5.90885 -1.04189 6.01
    endloop
  endfacet
  facet normal 0 0 -1
    outer loop
      vertex 6 0 6.01
      vertex 1.7 0 6.01
      vertex 5.97717 0.522934 6.01
    endloop
  endfacet
  facet normal 0 0 -1
    outer loop
      vertex 1.69353 -0.148165 6.01
      vertex 5.90885 -1.04189 6.01
      vertex 5.79555 -1.55291 6.01
    endloop
  endfacet
  facet normal 0 0 -1
    outer loop
      vertex 1.69353 0.148165 6.01
      vertex 5.97717 0.522934 6.01
      vertex 1.7 0 6.01
    endloop
  endfacet
  facet normal 0 0 -1
    outer loop
      vertex 1.69353 -0.148165 6.01
      vertex 5.79555 -1.55291 6.01
      vertex 5.63815 -2.05212 6.01
    endloop
  endfacet
  facet normal -0 0 -1
    outer loop
      vertex 5.97717 0.522934 6.01
      vertex 1.69353 0.148165 6.01
      vertex 5.90885 1.04189 6.01
    endloop
  endfacet
  facet normal 0 0 -1
    outer loop
      vertex 1.69353 -0.148165 6.01
      vertex 5.63815 -2.05212 6.01
      vertex 5.43785 -2.53571 6.01
    endloop
  endfacet
  facet normal 0 0 -1
    outer loop
      vertex 1.67417 0.295201 6.01
      vertex 5.90885 1.04189 6.01
      vertex 1.69353 0.148165 6.01
    endloop
  endfacet
  facet normal 0 0 -1
    outer loop
      vertex 1.69353 -0.148165 6.01
      vertex 5.43785 -2.53571 6.01
      vertex 5.19615 -3 6.01
    endloop
  endfacet
  facet normal -0 0 -1
    outer loop
      vertex 5.90885 1.04189 6.01
      vertex 1.67417 0.295201 6.01
      vertex 5.79555 1.55291 6.01
    endloop
  endfacet
  facet normal 0 0 -1
    outer loop
      vertex 1.69353 -0.148165 6.01
      vertex 5.19615 -3 6.01
      vertex 4.91491 -3.44146 6.01
    endloop
  endfacet
  facet normal 0 0 -1
    outer loop
      vertex 1.64207 0.439992 6.01
      vertex 5.79555 1.55291 6.01
      vertex 1.67417 0.295201 6.01
    endloop
  endfacet
  facet normal 0 0 -1
    outer loop
      vertex 1.69353 -0.148165 6.01
      vertex 4.91491 -3.44146 6.01
      vertex 4.59627 -3.85672 6.01
    endloop
  endfacet
  facet normal -0 0 -1
    outer loop
      vertex 5.79555 1.55291 6.01
      vertex 1.64207 0.439992 6.01
      vertex 5.63815 2.05212 6.01
    endloop
  endfacet
  facet normal 0 0 -1
    outer loop
      vertex 1.69353 -0.148165 6.01
      vertex 4.59627 -3.85672 6.01
      vertex 4.24264 -4.24264 6.01
    endloop
  endfacet
  facet normal 0 0 -1
    outer loop
      vertex 1.59748 0.581433 6.01
      vertex 5.63815 2.05212 6.01
      vertex 1.64207 0.439992 6.01
    endloop
  endfacet
  facet normal 0 0 -1
    outer loop
      vertex 1.69353 -0.148165 6.01
      vertex 4.24264 -4.24264 6.01
      vertex 3.85672 -4.59627 6.01
    endloop
  endfacet
  facet normal -0 0 -1
    outer loop
      vertex 5.63815 2.05212 6.01
      vertex 1.59748 0.581433 6.01
      vertex 5.43785 2.53571 6.01
    endloop
  endfacet
  facet normal 0 0 -1
    outer loop
      vertex 1.69353 -0.148165 6.01
      vertex 3.85672 -4.59627 6.01
      vertex 3.44146 -4.91491 6.01
    endloop
  endfacet
  facet normal 0 0 -1
    outer loop
      vertex 1.54072 0.718451 6.01
      vertex 5.43785 2.53571 6.01
      vertex 1.59748 0.581433 6.01
    endloop
  endfacet
  facet normal 0 0 -1
    outer loop
      vertex 1.69353 -0.148165 6.01
      vertex 3.44146 -4.91491 6.01
      vertex 3 -5.19615 6.01
    endloop
  endfacet
  facet normal -0 0 -1
    outer loop
      vertex 5.43785 2.53571 6.01
      vertex 1.54072 0.718451 6.01
      vertex 5.19615 3 6.01
    endloop
  endfacet
  facet normal 0 0 -1
    outer loop
      vertex 1.47224 0.849999 6.01
      vertex 5.19615 3 6.01
      vertex 1.54072 0.718451 6.01
    endloop
  endfacet
  facet normal 0 0 -1
    outer loop
      vertex 1.69353 -0.148165 6.01
      vertex 3 -5.19615 6.01
      vertex 2.53571 -5.43785 6.01
    endloop
  endfacet
  facet normal 0 0 -1
    outer loop
      vertex 0.718451 -1.54072 6.01
      vertex 2.53571 -5.43785 6.01
      vertex 2.05212 -5.63815 6.01
    endloop
  endfacet
  facet normal -0 0 -1
    outer loop
      vertex 5.19615 3 6.01
      vertex 1.47224 0.849999 6.01
      vertex 4.91491 3.44146 6.01
    endloop
  endfacet
  facet normal 0 0 -1
    outer loop
      vertex 1.39256 0.97508 6.01
      vertex 4.91491 3.44146 6.01
      vertex 1.47224 0.849999 6.01
    endloop
  endfacet
  facet normal -0 0 -1
    outer loop
      vertex 4.91491 3.44146 6.01
      vertex 1.39256 0.97508 6.01
      vertex 4.59627 3.85672 6.01
    endloop
  endfacet
  facet normal 0 0 -1
    outer loop
      vertex 1.30227 1.09274 6.01
      vertex 4.59627 3.85672 6.01
      vertex 1.39256 0.97508 6.01
    endloop
  endfacet
  facet normal -0 0 -1
    outer loop
      vertex 4.59627 3.85672 6.01
      vertex 1.30227 1.09274 6.01
      vertex 4.24264 4.24264 6.01
    endloop
  endfacet
  facet normal 0 0 -1
    outer loop
      vertex 1.20208 1.20208 6.01
      vertex 4.24264 4.24264 6.01
      vertex 1.30227 1.09274 6.01
    endloop
  endfacet
  facet normal -0 0 -1
    outer loop
      vertex 4.24264 4.24264 6.01
      vertex 1.20208 1.20208 6.01
      vertex 3.85672 4.59627 6.01
    endloop
  endfacet
  facet normal 0 0 -1
    outer loop
      vertex 1.09274 1.30227 6.01
      vertex 3.85672 4.59627 6.01
      vertex 1.20208 1.20208 6.01
    endloop
  endfacet
  facet normal -0 0 -1
    outer loop
      vertex 3.85672 4.59627 6.01
      vertex 1.09274 1.30227 6.01
      vertex 3.44146 4.91491 6.01
    endloop
  endfacet
  facet normal 0 0 -1
    outer loop
      vertex 0.97508 1.39256 6.01
      vertex 3.44146 4.91491 6.01
      vertex 1.09274 1.30227 6.01
    endloop
  endfacet
  facet normal -0 0 -1
    outer loop
      vertex 3.44146 4.91491 6.01
      vertex 0.97508 1.39256 6.01
      vertex 3 5.19615 6.01
    endloop
  endfacet
  facet normal 0 0 -1
    outer loop
      vertex 0.849999 1.47224 6.01
      vertex 3 5.19615 6.01
      vertex 0.97508 1.39256 6.01
    endloop
  endfacet
  facet normal -0 0 -1
    outer loop
      vertex 3 5.19615 6.01
      vertex 0.849999 1.47224 6.01
      vertex 2.89656 5.25 6.01
    endloop
  endfacet
  facet normal 0 0 -1
    outer loop
      vertex 0.718451 1.54072 6.01
      vertex 2.89656 5.25 6.01
      vertex 0.849999 1.47224 6.01
    endloop
  endfacet
  facet normal 0 0 -1
    outer loop
      vertex 0.581433 1.59748 6.01
      vertex 2.89656 5.25 6.01
      vertex 0.718451 1.54072 6.01
    endloop
  endfacet
  facet normal 0 0 -1
    outer loop
      vertex 0.439992 1.64207 6.01
      vertex 2.89656 5.25 6.01
      vertex 0.581433 1.59748 6.01
    endloop
  endfacet
  facet normal 0 0 -1
    outer loop
      vertex 0.295201 1.67417 6.01
      vertex 2.89656 5.25 6.01
      vertex 0.439992 1.64207 6.01
    endloop
  endfacet
  facet normal 0 0 -1
    outer loop
      vertex 0.148165 1.69353 6.01
      vertex 2.89656 5.25 6.01
      vertex 0.295201 1.67417 6.01
    endloop
  endfacet
  facet normal 0 0 -1
    outer loop
      vertex 0 1.7 6.01
      vertex 2.89656 5.25 6.01
      vertex 0.148165 1.69353 6.01
    endloop
  endfacet
  facet normal 0 0 -1
    outer loop
      vertex -2.89656 5.25 6.01
      vertex 0 1.7 6.01
      vertex -0.148165 1.69353 6.01
    endloop
  endfacet
  facet normal 0 0 -1
    outer loop
      vertex -2.89656 5.25 6.01
      vertex -0.148165 1.69353 6.01
      vertex -0.295201 1.67417 6.01
    endloop
  endfacet
  facet normal 0 0 -1
    outer loop
      vertex -2.89656 5.25 6.01
      vertex -0.295201 1.67417 6.01
      vertex -0.439992 1.64207 6.01
    endloop
  endfacet
  facet normal 0 0 -1
    outer loop
      vertex -2.89656 5.25 6.01
      vertex -0.439992 1.64207 6.01
      vertex -0.581433 1.59748 6.01
    endloop
  endfacet
  facet normal 0 0 -1
    outer loop
      vertex -2.89656 5.25 6.01
      vertex -0.581433 1.59748 6.01
      vertex -0.718451 1.54072 6.01
    endloop
  endfacet
  facet normal 0 0 -1
    outer loop
      vertex -2.89656 5.25 6.01
      vertex -0.718451 1.54072 6.01
      vertex -0.849999 1.47224 6.01
    endloop
  endfacet
  facet normal 0 0 -1
    outer loop
      vertex -3 5.19615 6.01
      vertex -0.849999 1.47224 6.01
      vertex -0.97508 1.39256 6.01
    endloop
  endfacet
  facet normal 0 0 -1
    outer loop
      vertex -3.44146 4.91491 6.01
      vertex -0.97508 1.39256 6.01
      vertex -1.09274 1.30227 6.01
    endloop
  endfacet
  facet normal 0 0 -1
    outer loop
      vertex -3.85672 4.59627 6.01
      vertex -1.09274 1.30227 6.01
      vertex -1.20208 1.20208 6.01
    endloop
  endfacet
  facet normal -0 0 -1
    outer loop
      vertex -1.39256 -0.97508 6.01
      vertex -4.91491 -3.44146 6.01
      vertex -1.47224 -0.849999 6.01
    endloop
  endfacet
  facet normal 0 0 -1
    outer loop
      vertex -5.19615 -3 6.01
      vertex -1.47224 -0.849999 6.01
      vertex -4.91491 -3.44146 6.01
    endloop
  endfacet
  facet normal -0 0 -1
    outer loop
      vertex -1.47224 -0.849999 6.01
      vertex -5.19615 -3 6.01
      vertex -1.54072 -0.718451 6.01
    endloop
  endfacet
  facet normal 0 0 -1
    outer loop
      vertex 0 1.7 6.01
      vertex -2.89656 5.25 6.01
      vertex 2.89656 5.25 6.01
    endloop
  endfacet
  facet normal 0 0 -1
    outer loop
      vertex -4.24264 4.24264 6.01
      vertex -1.20208 1.20208 6.01
      vertex -1.30227 1.09274 6.01
    endloop
  endfacet
  facet normal 0 0 -1
    outer loop
      vertex -4.59627 3.85672 6.01
      vertex -1.30227 1.09274 6.01
      vertex -1.39256 0.97508 6.01
    endloop
  endfacet
  facet normal 0 0 -1
    outer loop
      vertex -4.91491 3.44146 6.01
      vertex -1.39256 0.97508 6.01
      vertex -1.47224 0.849999 6.01
    endloop
  endfacet
  facet normal 0 0 -1
    outer loop
      vertex -5.19615 3 6.01
      vertex -1.47224 0.849999 6.01
      vertex -1.54072 0.718451 6.01
    endloop
  endfacet
  facet normal 0 0 -1
    outer loop
      vertex -5.43785 2.53571 6.01
      vertex -1.54072 0.718451 6.01
      vertex -1.59748 0.581433 6.01
    endloop
  endfacet
  facet normal 0 0 -1
    outer loop
      vertex -5.63815 2.05212 6.01
      vertex -1.59748 0.581433 6.01
      vertex -1.64207 0.439992 6.01
    endloop
  endfacet
  facet normal 0 0 -1
    outer loop
      vertex -5.79555 1.55291 6.01
      vertex -1.64207 0.439992 6.01
      vertex -1.67417 0.295201 6.01
    endloop
  endfacet
  facet normal 0 0 -1
    outer loop
      vertex -5.43785 -2.53571 6.01
      vertex -1.54072 -0.718451 6.01
      vertex -5.19615 -3 6.01
    endloop
  endfacet
  facet normal -0 0 -1
    outer loop
      vertex -1.54072 -0.718451 6.01
      vertex -5.43785 -2.53571 6.01
      vertex -1.59748 -0.581433 6.01
    endloop
  endfacet
  facet normal 0 0 -1
    outer loop
      vertex -5.63815 -2.05212 6.01
      vertex -1.59748 -0.581433 6.01
      vertex -5.43785 -2.53571 6.01
    endloop
  endfacet
  facet normal 0 0 -1
    outer loop
      vertex -0.97508 1.39256 6.01
      vertex -3.44146 4.91491 6.01
      vertex -3 5.19615 6.01
    endloop
  endfacet
  facet normal 0 0 -1
    outer loop
      vertex -0.849999 1.47224 6.01
      vertex -3 5.19615 6.01
      vertex -2.89656 5.25 6.01
    endloop
  endfacet
  facet normal -0 0 -1
    outer loop
      vertex -1.59748 -0.581433 6.01
      vertex -5.63815 -2.05212 6.01
      vertex -1.64207 -0.439992 6.01
    endloop
  endfacet
  facet normal 0 0 -1
    outer loop
      vertex -1.09274 1.30227 6.01
      vertex -3.85672 4.59627 6.01
      vertex -3.44146 4.91491 6.01
    endloop
  endfacet
  facet normal 0 0 -1
    outer loop
      vertex -5.79555 -1.55291 6.01
      vertex -1.64207 -0.439992 6.01
      vertex -5.63815 -2.05212 6.01
    endloop
  endfacet
  facet normal 0 0 -1
    outer loop
      vertex -1.20208 1.20208 6.01
      vertex -4.24264 4.24264 6.01
      vertex -3.85672 4.59627 6.01
    endloop
  endfacet
  facet normal -0 0 -1
    outer loop
      vertex -1.64207 -0.439992 6.01
      vertex -5.79555 -1.55291 6.01
      vertex -1.67417 -0.295201 6.01
    endloop
  endfacet
  facet normal 0 0 -1
    outer loop
      vertex -1.30227 1.09274 6.01
      vertex -4.59627 3.85672 6.01
      vertex -4.24264 4.24264 6.01
    endloop
  endfacet
  facet normal 0 0 -1
    outer loop
      vertex -5.90885 -1.04189 6.01
      vertex -1.67417 -0.295201 6.01
      vertex -5.79555 -1.55291 6.01
    endloop
  endfacet
  facet normal 0 0 -1
    outer loop
      vertex -1.39256 0.97508 6.01
      vertex -4.91491 3.44146 6.01
      vertex -4.59627 3.85672 6.01
    endloop
  endfacet
  facet normal -0 0 -1
    outer loop
      vertex -1.67417 -0.295201 6.01
      vertex -5.90885 -1.04189 6.01
      vertex -1.69353 -0.148165 6.01
    endloop
  endfacet
  facet normal 0 0 -1
    outer loop
      vertex -1.47224 0.849999 6.01
      vertex -5.19615 3 6.01
      vertex -4.91491 3.44146 6.01
    endloop
  endfacet
  facet normal 0 0 -1
    outer loop
      vertex -5.97717 -0.522934 6.01
      vertex -1.69353 -0.148165 6.01
      vertex -5.90885 -1.04189 6.01
    endloop
  endfacet
  facet normal 0 0 -1
    outer loop
      vertex -1.54072 0.718451 6.01
      vertex -5.43785 2.53571 6.01
      vertex -5.19615 3 6.01
    endloop
  endfacet
  facet normal -0 0 -1
    outer loop
      vertex -1.69353 -0.148165 6.01
      vertex -5.97717 -0.522934 6.01
      vertex -1.7 0 6.01
    endloop
  endfacet
  facet normal 0 0 -1
    outer loop
      vertex -1.59748 0.581433 6.01
      vertex -5.63815 2.05212 6.01
      vertex -5.43785 2.53571 6.01
    endloop
  endfacet
  facet normal 0 0 -1
    outer loop
      vertex -6 0 6.01
      vertex -1.7 0 6.01
      vertex -5.97717 -0.522934 6.01
    endloop
  endfacet
  facet normal 0 0 -1
    outer loop
      vertex -1.64207 0.439992 6.01
      vertex -5.79555 1.55291 6.01
      vertex -5.63815 2.05212 6.01
    endloop
  endfacet
  facet normal 0 0 -1
    outer loop
      vertex -1.7 0 6.01
      vertex -6 0 6.01
      vertex -1.69353 0.148165 6.01
    endloop
  endfacet
  facet normal 0 0 -1
    outer loop
      vertex -1.67417 0.295201 6.01
      vertex -5.90885 1.04189 6.01
      vertex -5.79555 1.55291 6.01
    endloop
  endfacet
  facet normal 0 -0 -1
    outer loop
      vertex -5.97717 0.522934 6.01
      vertex -1.69353 0.148165 6.01
      vertex -6 0 6.01
    endloop
  endfacet
  facet normal 0 0 -1
    outer loop
      vertex -1.67417 0.295201 6.01
      vertex -5.97717 0.522934 6.01
      vertex -5.90885 1.04189 6.01
    endloop
  endfacet
  facet normal 0 0 -1
    outer loop
      vertex -1.69353 0.148165 6.01
      vertex -5.97717 0.522934 6.01
      vertex -1.67417 0.295201 6.01
    endloop
  endfacet
  facet normal -0.737265 -0.675604 0
    outer loop
      vertex 4.78777 4.01741 -7.62939e-07
      vertex 4.4194 4.4194 6
      vertex 4.4194 4.4194 -7.62939e-07
    endloop
  endfacet
  facet normal -0.737265 -0.675604 0
    outer loop
      vertex 4.4194 4.4194 6
      vertex 4.78777 4.01741 -7.62939e-07
      vertex 4.78777 4.01741 6
    endloop
  endfacet
  facet normal 0.461724 0.887024 -0
    outer loop
      vertex -2.64136 -5.66441 -7.62939e-07
      vertex -3.125 -5.41266 6
      vertex -2.64136 -5.66441 6
    endloop
  endfacet
  facet normal 0.461724 0.887024 0
    outer loop
      vertex -3.125 -5.41266 6
      vertex -2.64136 -5.66441 -7.62939e-07
      vertex -3.125 -5.41266 -7.62939e-07
    endloop
  endfacet
  facet normal 0.887024 -0.461724 0
    outer loop
      vertex -5.66441 2.64136 6
      vertex -5.41266 3.125 -7.62939e-07
      vertex -5.41266 3.125 6
    endloop
  endfacet
  facet normal 0.887024 -0.461724 0
    outer loop
      vertex -5.41266 3.125 -7.62939e-07
      vertex -5.66441 2.64136 6
      vertex -5.66441 2.64136 -7.62939e-07
    endloop
  endfacet
  facet normal 0 -1 0
    outer loop
      vertex -3.38031 5.25 -7.62939e-07
      vertex -2.89656 5.25 6
      vertex -3.38031 5.25 6
    endloop
  endfacet
  facet normal 0 -1 -0
    outer loop
      vertex -2.89656 5.25 6
      vertex -3.38031 5.25 -7.62939e-07
      vertex 2.89656 5.25 6
    endloop
  endfacet
  facet normal 0 -1 0
    outer loop
      vertex 3.38031 5.25 -7.62939e-07
      vertex 2.89656 5.25 6
      vertex -3.38031 5.25 -7.62939e-07
    endloop
  endfacet
  facet normal 0 -1 0
    outer loop
      vertex 2.89656 5.25 6
      vertex 3.38031 5.25 -7.62939e-07
      vertex 3.38031 5.25 6
    endloop
  endfacet
  facet normal 0 -1 0
    outer loop
      vertex -2.89656 5.25 6
      vertex 2.89656 5.25 6.01
      vertex -2.89656 5.25 6.01
    endloop
  endfacet
  facet normal 0 -1 -0
    outer loop
      vertex 2.89656 5.25 6.01
      vertex -2.89656 5.25 6
      vertex 2.89656 5.25 6
    endloop
  endfacet
  facet normal 0.92387 -0.382705 0
    outer loop
      vertex -5.87308 2.13762 6
      vertex -5.66441 2.64136 -7.62939e-07
      vertex -5.66441 2.64136 6
    endloop
  endfacet
  facet normal 0.92387 -0.382705 0
    outer loop
      vertex -5.66441 2.64136 -7.62939e-07
      vertex -5.87308 2.13762 6
      vertex -5.87308 2.13762 -7.62939e-07
    endloop
  endfacet
  facet normal -0.130526 0.991445 0
    outer loop
      vertex 1.0853 -6.15504 -7.62939e-07
      vertex 0.544708 -6.22621 6
      vertex 1.0853 -6.15504 6
    endloop
  endfacet
  facet normal -0.130526 0.991445 0
    outer loop
      vertex 0.544708 -6.22621 6
      vertex 1.0853 -6.15504 -7.62939e-07
      vertex 0.544708 -6.22621 -7.62939e-07
    endloop
  endfacet
  facet normal 0.887024 0.461724 0
    outer loop
      vertex -5.41266 -3.125 6
      vertex -5.66441 -2.64136 -7.62939e-07
      vertex -5.66441 -2.64136 6
    endloop
  endfacet
  facet normal 0.887024 0.461724 0
    outer loop
      vertex -5.66441 -2.64136 -7.62939e-07
      vertex -5.41266 -3.125 6
      vertex -5.41266 -3.125 -7.62939e-07
    endloop
  endfacet
  facet normal 0.991445 -0.130526 0
    outer loop
      vertex -6.22621 0.544708 6
      vertex -6.15504 1.0853 -7.62939e-07
      vertex -6.15504 1.0853 6
    endloop
  endfacet
  facet normal 0.991445 -0.130526 0
    outer loop
      vertex -6.15504 1.0853 -7.62939e-07
      vertex -6.22621 0.544708 6
      vertex -6.22621 0.544708 -7.62939e-07
    endloop
  endfacet
  facet normal -0.976296 -0.216439 0
    outer loop
      vertex 6.15504 1.0853 -7.62939e-07
      vertex 6.03703 1.61761 6
      vertex 6.03703 1.61761 -7.62939e-07
    endloop
  endfacet
  facet normal -0.976296 -0.216439 0
    outer loop
      vertex 6.03703 1.61761 6
      vertex 6.15504 1.0853 -7.62939e-07
      vertex 6.15504 1.0853 6
    endloop
  endfacet
  facet normal -0.92387 -0.382705 0
    outer loop
      vertex 5.87308 2.13762 -7.62939e-07
      vertex 5.66441 2.64136 6
      vertex 5.66441 2.64136 -7.62939e-07
    endloop
  endfacet
  facet normal -0.92387 -0.382705 0
    outer loop
      vertex 5.66441 2.64136 6
      vertex 5.87308 2.13762 -7.62939e-07
      vertex 5.87308 2.13762 6
    endloop
  endfacet
  facet normal -0.608758 -0.793356 0
    outer loop
      vertex 3.58484 5.11969 -7.62939e-07
      vertex 4.01741 4.78777 6
      vertex 3.58484 5.11969 6
    endloop
  endfacet
  facet normal -0.608758 -0.793356 -0
    outer loop
      vertex 4.01741 4.78777 6
      vertex 3.58484 5.11969 -7.62939e-07
      vertex 4.01741 4.78777 -7.62939e-07
    endloop
  endfacet
  facet normal -0.737265 0.675604 0
    outer loop
      vertex 4.4194 -4.4194 -7.62939e-07
      vertex 4.78777 -4.01741 6
      vertex 4.78777 -4.01741 -7.62939e-07
    endloop
  endfacet
  facet normal -0.737265 0.675604 0
    outer loop
      vertex 4.78777 -4.01741 6
      vertex 4.4194 -4.4194 -7.62939e-07
      vertex 4.4194 -4.4194 6
    endloop
  endfacet
  facet normal -0.537325 0.843375 0
    outer loop
      vertex 3.58484 -5.11969 -7.62939e-07
      vertex 3.125 -5.41266 6
      vertex 3.58484 -5.11969 6
    endloop
  endfacet
  facet normal -0.537325 0.843375 0
    outer loop
      vertex 3.125 -5.41266 6
      vertex 3.58484 -5.11969 -7.62939e-07
      vertex 3.125 -5.41266 -7.62939e-07
    endloop
  endfacet
  facet normal -0.92387 0.382705 0
    outer loop
      vertex 5.66441 -2.64136 -7.62939e-07
      vertex 5.87308 -2.13762 6
      vertex 5.87308 -2.13762 -7.62939e-07
    endloop
  endfacet
  facet normal -0.92387 0.382705 0
    outer loop
      vertex 5.87308 -2.13762 6
      vertex 5.66441 -2.64136 -7.62939e-07
      vertex 5.66441 -2.64136 6
    endloop
  endfacet
  facet normal 0.991445 0.130526 0
    outer loop
      vertex -6.15504 -1.0853 6
      vertex -6.22621 -0.544708 -7.62939e-07
      vertex -6.22621 -0.544708 6
    endloop
  endfacet
  facet normal 0.991445 0.130526 0
    outer loop
      vertex -6.22621 -0.544708 -7.62939e-07
      vertex -6.15504 -1.0853 6
      vertex -6.15504 -1.0853 -7.62939e-07
    endloop
  endfacet
  facet normal 0.675604 -0.737265 0
    outer loop
      vertex -4.4194 4.4194 -7.62939e-07
      vertex -4.01741 4.78777 6
      vertex -4.4194 4.4194 6
    endloop
  endfacet
  facet normal 0.675604 -0.737265 0
    outer loop
      vertex -4.01741 4.78777 6
      vertex -4.4194 4.4194 -7.62939e-07
      vertex -4.01741 4.78777 -7.62939e-07
    endloop
  endfacet
  facet normal -0.999048 0.0436332 0
    outer loop
      vertex 6.22621 -0.544708 -7.62939e-07
      vertex 6.25 0 6
      vertex 6.25 0 -7.62939e-07
    endloop
  endfacet
  facet normal -0.999048 0.0436332 0
    outer loop
      vertex 6.25 0 6
      vertex 6.22621 -0.544708 -7.62939e-07
      vertex 6.22621 -0.544708 6
    endloop
  endfacet
  facet normal -0.999048 -0.0436332 0
    outer loop
      vertex 6.25 0 -7.62939e-07
      vertex 6.22621 0.544708 6
      vertex 6.22621 0.544708 -7.62939e-07
    endloop
  endfacet
  facet normal -0.999048 -0.0436332 0
    outer loop
      vertex 6.22621 0.544708 6
      vertex 6.25 0 -7.62939e-07
      vertex 6.25 0 6
    endloop
  endfacet
  facet normal -0.953721 0.300692 0
    outer loop
      vertex 5.87308 -2.13762 -7.62939e-07
      vertex 6.03703 -1.61761 6
      vertex 6.03703 -1.61761 -7.62939e-07
    endloop
  endfacet
  facet normal -0.953721 0.300692 0
    outer loop
      vertex 6.03703 -1.61761 6
      vertex 5.87308 -2.13762 -7.62939e-07
      vertex 5.87308 -2.13762 6
    endloop
  endfacet
  facet normal 0.608758 0.793356 -0
    outer loop
      vertex -3.58484 -5.11969 -7.62939e-07
      vertex -4.01741 -4.78777 6
      vertex -3.58484 -5.11969 6
    endloop
  endfacet
  facet normal 0.608758 0.793356 0
    outer loop
      vertex -4.01741 -4.78777 6
      vertex -3.58484 -5.11969 -7.62939e-07
      vertex -4.01741 -4.78777 -7.62939e-07
    endloop
  endfacet
  facet normal 0.843375 0.537325 0
    outer loop
      vertex -5.11969 -3.58484 6
      vertex -5.41266 -3.125 -7.62939e-07
      vertex -5.41266 -3.125 6
    endloop
  endfacet
  facet normal 0.843375 0.537325 0
    outer loop
      vertex -5.41266 -3.125 -7.62939e-07
      vertex -5.11969 -3.58484 6
      vertex -5.11969 -3.58484 -7.62939e-07
    endloop
  endfacet
  facet normal -0.675604 -0.737265 0
    outer loop
      vertex 4.01741 4.78777 -7.62939e-07
      vertex 4.4194 4.4194 6
      vertex 4.01741 4.78777 6
    endloop
  endfacet
  facet normal -0.675604 -0.737265 -0
    outer loop
      vertex 4.4194 4.4194 6
      vertex 4.01741 4.78777 -7.62939e-07
      vertex 4.4194 4.4194 -7.62939e-07
    endloop
  endfacet
  facet normal 0.976296 -0.216439 0
    outer loop
      vertex -6.15504 1.0853 6
      vertex -6.03703 1.61761 -7.62939e-07
      vertex -6.03703 1.61761 6
    endloop
  endfacet
  facet normal 0.976296 -0.216439 0
    outer loop
      vertex -6.03703 1.61761 -7.62939e-07
      vertex -6.15504 1.0853 6
      vertex -6.15504 1.0853 -7.62939e-07
    endloop
  endfacet
  facet normal -0.843375 0.537325 0
    outer loop
      vertex 5.11969 -3.58484 -7.62939e-07
      vertex 5.41266 -3.125 6
      vertex 5.41266 -3.125 -7.62939e-07
    endloop
  endfacet
  facet normal -0.843375 0.537325 0
    outer loop
      vertex 5.41266 -3.125 6
      vertex 5.11969 -3.58484 -7.62939e-07
      vertex 5.11969 -3.58484 6
    endloop
  endfacet
  facet normal -0.887024 0.461724 0
    outer loop
      vertex 5.41266 -3.125 -7.62939e-07
      vertex 5.66441 -2.64136 6
      vertex 5.66441 -2.64136 -7.62939e-07
    endloop
  endfacet
  facet normal -0.887024 0.461724 0
    outer loop
      vertex 5.66441 -2.64136 6
      vertex 5.41266 -3.125 -7.62939e-07
      vertex 5.41266 -3.125 6
    endloop
  endfacet
  facet normal 0.999048 0.0436332 0
    outer loop
      vertex -6.22621 -0.544708 6
      vertex -6.25 0 -7.62939e-07
      vertex -6.25 0 6
    endloop
  endfacet
  facet normal 0.999048 0.0436332 0
    outer loop
      vertex -6.25 0 -7.62939e-07
      vertex -6.22621 -0.544708 6
      vertex -6.22621 -0.544708 -7.62939e-07
    endloop
  endfacet
  facet normal 0.216439 0.976296 -0
    outer loop
      vertex -1.0853 -6.15504 -7.62939e-07
      vertex -1.61761 -6.03703 6
      vertex -1.0853 -6.15504 6
    endloop
  endfacet
  facet normal 0.216439 0.976296 0
    outer loop
      vertex -1.61761 -6.03703 6
      vertex -1.0853 -6.15504 -7.62939e-07
      vertex -1.61761 -6.03703 -7.62939e-07
    endloop
  endfacet
  facet normal -0.216439 0.976296 0
    outer loop
      vertex 1.61761 -6.03703 -7.62939e-07
      vertex 1.0853 -6.15504 6
      vertex 1.61761 -6.03703 6
    endloop
  endfacet
  facet normal -0.216439 0.976296 0
    outer loop
      vertex 1.0853 -6.15504 6
      vertex 1.61761 -6.03703 -7.62939e-07
      vertex 1.0853 -6.15504 -7.62939e-07
    endloop
  endfacet
  facet normal -0.0436332 0.999048 0
    outer loop
      vertex 0.544708 -6.22621 -7.62939e-07
      vertex 0 -6.25 6
      vertex 0.544708 -6.22621 6
    endloop
  endfacet
  facet normal -0.0436332 0.999048 0
    outer loop
      vertex 0 -6.25 6
      vertex 0.544708 -6.22621 -7.62939e-07
      vertex 0 -6.25 -7.62939e-07
    endloop
  endfacet
  facet normal 0.92387 0.382705 0
    outer loop
      vertex -5.66441 -2.64136 6
      vertex -5.87308 -2.13762 -7.62939e-07
      vertex -5.87308 -2.13762 6
    endloop
  endfacet
  facet normal 0.92387 0.382705 0
    outer loop
      vertex -5.87308 -2.13762 -7.62939e-07
      vertex -5.66441 -2.64136 6
      vertex -5.66441 -2.64136 -7.62939e-07
    endloop
  endfacet
  facet normal -0.953721 -0.300692 0
    outer loop
      vertex 6.03703 1.61761 -7.62939e-07
      vertex 5.87308 2.13762 6
      vertex 5.87308 2.13762 -7.62939e-07
    endloop
  endfacet
  facet normal -0.953721 -0.300692 0
    outer loop
      vertex 5.87308 2.13762 6
      vertex 6.03703 1.61761 -7.62939e-07
      vertex 6.03703 1.61761 6
    endloop
  endfacet
  facet normal -0.991445 -0.130526 0
    outer loop
      vertex 6.22621 0.544708 -7.62939e-07
      vertex 6.15504 1.0853 6
      vertex 6.15504 1.0853 -7.62939e-07
    endloop
  endfacet
  facet normal -0.991445 -0.130526 0
    outer loop
      vertex 6.15504 1.0853 6
      vertex 6.22621 0.544708 -7.62939e-07
      vertex 6.22621 0.544708 6
    endloop
  endfacet
  facet normal 0.300692 0.953721 -0
    outer loop
      vertex -1.61761 -6.03703 -7.62939e-07
      vertex -2.13762 -5.87308 6
      vertex -1.61761 -6.03703 6
    endloop
  endfacet
  facet normal 0.300692 0.953721 0
    outer loop
      vertex -2.13762 -5.87308 6
      vertex -1.61761 -6.03703 -7.62939e-07
      vertex -2.13762 -5.87308 -7.62939e-07
    endloop
  endfacet
  facet normal -0.793356 0.608758 0
    outer loop
      vertex 4.78777 -4.01741 -7.62939e-07
      vertex 5.11969 -3.58484 6
      vertex 5.11969 -3.58484 -7.62939e-07
    endloop
  endfacet
  facet normal -0.793356 0.608758 0
    outer loop
      vertex 5.11969 -3.58484 6
      vertex 4.78777 -4.01741 -7.62939e-07
      vertex 4.78777 -4.01741 6
    endloop
  endfacet
  facet normal 0.675604 0.737265 -0
    outer loop
      vertex -4.01741 -4.78777 -7.62939e-07
      vertex -4.4194 -4.4194 6
      vertex -4.01741 -4.78777 6
    endloop
  endfacet
  facet normal 0.675604 0.737265 0
    outer loop
      vertex -4.4194 -4.4194 6
      vertex -4.01741 -4.78777 -7.62939e-07
      vertex -4.4194 -4.4194 -7.62939e-07
    endloop
  endfacet
  facet normal -0.675604 0.737265 0
    outer loop
      vertex 4.4194 -4.4194 -7.62939e-07
      vertex 4.01741 -4.78777 6
      vertex 4.4194 -4.4194 6
    endloop
  endfacet
  facet normal -0.675604 0.737265 0
    outer loop
      vertex 4.01741 -4.78777 6
      vertex 4.4194 -4.4194 -7.62939e-07
      vertex 4.01741 -4.78777 -7.62939e-07
    endloop
  endfacet
  facet normal 0.843375 -0.537325 0
    outer loop
      vertex -5.41266 3.125 6
      vertex -5.11969 3.58484 -7.62939e-07
      vertex -5.11969 3.58484 6
    endloop
  endfacet
  facet normal 0.843375 -0.537325 0
    outer loop
      vertex -5.11969 3.58484 -7.62939e-07
      vertex -5.41266 3.125 6
      vertex -5.41266 3.125 -7.62939e-07
    endloop
  endfacet
  facet normal 0.537329 -0.843373 0
    outer loop
      vertex -3.58484 5.11969 -7.62939e-07
      vertex -3.38031 5.25 6
      vertex -3.58484 5.11969 6
    endloop
  endfacet
  facet normal 0.537329 -0.843373 0
    outer loop
      vertex -3.38031 5.25 6
      vertex -3.58484 5.11969 -7.62939e-07
      vertex -3.38031 5.25 -7.62939e-07
    endloop
  endfacet
  facet normal 0.608758 -0.793356 0
    outer loop
      vertex -4.01741 4.78777 -7.62939e-07
      vertex -3.58484 5.11969 6
      vertex -4.01741 4.78777 6
    endloop
  endfacet
  facet normal 0.608758 -0.793356 0
    outer loop
      vertex -3.58484 5.11969 6
      vertex -4.01741 4.78777 -7.62939e-07
      vertex -3.58484 5.11969 -7.62939e-07
    endloop
  endfacet
  facet normal 0.537325 0.843375 -0
    outer loop
      vertex -3.125 -5.41266 -7.62939e-07
      vertex -3.58484 -5.11969 6
      vertex -3.125 -5.41266 6
    endloop
  endfacet
  facet normal 0.537325 0.843375 0
    outer loop
      vertex -3.58484 -5.11969 6
      vertex -3.125 -5.41266 -7.62939e-07
      vertex -3.58484 -5.11969 -7.62939e-07
    endloop
  endfacet
  facet normal 0.737265 0.675604 0
    outer loop
      vertex -4.4194 -4.4194 6
      vertex -4.78777 -4.01741 -7.62939e-07
      vertex -4.78777 -4.01741 6
    endloop
  endfacet
  facet normal 0.737265 0.675604 0
    outer loop
      vertex -4.78777 -4.01741 -7.62939e-07
      vertex -4.4194 -4.4194 6
      vertex -4.4194 -4.4194 -7.62939e-07
    endloop
  endfacet
  facet normal 0.382705 0.92387 -0
    outer loop
      vertex -2.13762 -5.87308 -7.62939e-07
      vertex -2.64136 -5.66441 6
      vertex -2.13762 -5.87308 6
    endloop
  endfacet
  facet normal 0.382705 0.92387 0
    outer loop
      vertex -2.64136 -5.66441 6
      vertex -2.13762 -5.87308 -7.62939e-07
      vertex -2.64136 -5.66441 -7.62939e-07
    endloop
  endfacet
  facet normal 0.976296 0.216439 0
    outer loop
      vertex -6.03703 -1.61761 6
      vertex -6.15504 -1.0853 -7.62939e-07
      vertex -6.15504 -1.0853 6
    endloop
  endfacet
  facet normal 0.976296 0.216439 0
    outer loop
      vertex -6.15504 -1.0853 -7.62939e-07
      vertex -6.03703 -1.61761 6
      vertex -6.03703 -1.61761 -7.62939e-07
    endloop
  endfacet
  facet normal -0.537329 -0.843373 0
    outer loop
      vertex 3.38031 5.25 -7.62939e-07
      vertex 3.58484 5.11969 6
      vertex 3.38031 5.25 6
    endloop
  endfacet
  facet normal -0.537329 -0.843373 -0
    outer loop
      vertex 3.58484 5.11969 6
      vertex 3.38031 5.25 -7.62939e-07
      vertex 3.58484 5.11969 -7.62939e-07
    endloop
  endfacet
  facet normal 0.793356 0.608758 0
    outer loop
      vertex -4.78777 -4.01741 6
      vertex -5.11969 -3.58484 -7.62939e-07
      vertex -5.11969 -3.58484 6
    endloop
  endfacet
  facet normal 0.793356 0.608758 0
    outer loop
      vertex -5.11969 -3.58484 -7.62939e-07
      vertex -4.78777 -4.01741 6
      vertex -4.78777 -4.01741 -7.62939e-07
    endloop
  endfacet
  facet normal 0.130526 0.991445 -0
    outer loop
      vertex -0.544708 -6.22621 -7.62939e-07
      vertex -1.0853 -6.15504 6
      vertex -0.544708 -6.22621 6
    endloop
  endfacet
  facet normal 0.130526 0.991445 0
    outer loop
      vertex -1.0853 -6.15504 6
      vertex -0.544708 -6.22621 -7.62939e-07
      vertex -1.0853 -6.15504 -7.62939e-07
    endloop
  endfacet
  facet normal 0.953721 0.300692 0
    outer loop
      vertex -5.87308 -2.13762 6
      vertex -6.03703 -1.61761 -7.62939e-07
      vertex -6.03703 -1.61761 6
    endloop
  endfacet
  facet normal 0.953721 0.300692 0
    outer loop
      vertex -6.03703 -1.61761 -7.62939e-07
      vertex -5.87308 -2.13762 6
      vertex -5.87308 -2.13762 -7.62939e-07
    endloop
  endfacet
  facet normal -0.843375 -0.537325 0
    outer loop
      vertex 5.41266 3.125 -7.62939e-07
      vertex 5.11969 3.58484 6
      vertex 5.11969 3.58484 -7.62939e-07
    endloop
  endfacet
  facet normal -0.843375 -0.537325 0
    outer loop
      vertex 5.11969 3.58484 6
      vertex 5.41266 3.125 -7.62939e-07
      vertex 5.41266 3.125 6
    endloop
  endfacet
  facet normal -0.793356 -0.608758 0
    outer loop
      vertex 5.11969 3.58484 -7.62939e-07
      vertex 4.78777 4.01741 6
      vertex 4.78777 4.01741 -7.62939e-07
    endloop
  endfacet
  facet normal -0.793356 -0.608758 0
    outer loop
      vertex 4.78777 4.01741 6
      vertex 5.11969 3.58484 -7.62939e-07
      vertex 5.11969 3.58484 6
    endloop
  endfacet
  facet normal 0.999048 -0.0436332 0
    outer loop
      vertex -6.25 0 6
      vertex -6.22621 0.544708 -7.62939e-07
      vertex -6.22621 0.544708 6
    endloop
  endfacet
  facet normal 0.999048 -0.0436332 0
    outer loop
      vertex -6.22621 0.544708 -7.62939e-07
      vertex -6.25 0 6
      vertex -6.25 0 -7.62939e-07
    endloop
  endfacet
  facet normal -0.382714 -0.923867 0
    outer loop
      vertex 0.581433 1.59748 6.01
      vertex 0.718451 1.54072 9.69
      vertex 0.581433 1.59748 9.69
    endloop
  endfacet
  facet normal -0.382714 -0.923867 -0
    outer loop
      vertex 0.718451 1.54072 9.69
      vertex 0.581433 1.59748 6.01
      vertex 0.718451 1.54072 6.01
    endloop
  endfacet
  facet normal -0.991443 -0.130542 0
    outer loop
      vertex 1.69353 0.148165 6.01
      vertex 1.67417 0.295201 9.69
      vertex 1.67417 0.295201 6.01
    endloop
  endfacet
  facet normal -0.991443 -0.130542 0
    outer loop
      vertex 1.67417 0.295201 9.69
      vertex 1.69353 0.148165 6.01
      vertex 1.69353 0.148165 9.69
    endloop
  endfacet
  facet normal -0.999048 -0.043626 0
    outer loop
      vertex 1.7 0 6.01
      vertex 1.69353 0.148165 9.69
      vertex 1.69353 0.148165 6.01
    endloop
  endfacet
  facet normal -0.999048 -0.043626 0
    outer loop
      vertex 1.69353 0.148165 9.69
      vertex 1.7 0 6.01
      vertex 1.7 0 9.69
    endloop
  endfacet
  facet normal -0.976295 -0.216444 0
    outer loop
      vertex 1.67417 0.295201 6.01
      vertex 1.64207 0.439992 9.69
      vertex 1.64207 0.439992 6.01
    endloop
  endfacet
  facet normal -0.976295 -0.216444 0
    outer loop
      vertex 1.64207 0.439992 9.69
      vertex 1.67417 0.295201 6.01
      vertex 1.67417 0.295201 9.69
    endloop
  endfacet
  facet normal 0.793333 0.608788 0
    outer loop
      vertex -1.30227 -1.09274 9.69
      vertex -1.39256 -0.97508 6.01
      vertex -1.39256 -0.97508 9.69
    endloop
  endfacet
  facet normal 0.793333 0.608788 0
    outer loop
      vertex -1.39256 -0.97508 6.01
      vertex -1.30227 -1.09274 9.69
      vertex -1.30227 -1.09274 6.01
    endloop
  endfacet
  facet normal -0.991443 0.130542 0
    outer loop
      vertex 1.67417 -0.295201 6.01
      vertex 1.69353 -0.148165 9.69
      vertex 1.69353 -0.148165 6.01
    endloop
  endfacet
  facet normal -0.991443 0.130542 0
    outer loop
      vertex 1.69353 -0.148165 9.69
      vertex 1.67417 -0.295201 6.01
      vertex 1.67417 -0.295201 9.69
    endloop
  endfacet
  facet normal 0.043626 0.999048 -0
    outer loop
      vertex 0 -1.7 6.01
      vertex -0.148165 -1.69353 9.69
      vertex 0 -1.7 9.69
    endloop
  endfacet
  facet normal 0.043626 0.999048 0
    outer loop
      vertex -0.148165 -1.69353 9.69
      vertex 0 -1.7 6.01
      vertex -0.148165 -1.69353 6.01
    endloop
  endfacet
  facet normal -0.953729 -0.300668 0
    outer loop
      vertex 1.64207 0.439992 6.01
      vertex 1.59748 0.581433 9.69
      vertex 1.59748 0.581433 6.01
    endloop
  endfacet
  facet normal -0.953729 -0.300668 0
    outer loop
      vertex 1.59748 0.581433 9.69
      vertex 1.64207 0.439992 6.01
      vertex 1.64207 0.439992 9.69
    endloop
  endfacet
  facet normal 0.737283 0.675584 0
    outer loop
      vertex -1.20208 -1.20208 9.69
      vertex -1.30227 -1.09274 6.01
      vertex -1.30227 -1.09274 9.69
    endloop
  endfacet
  facet normal 0.737283 0.675584 0
    outer loop
      vertex -1.30227 -1.09274 6.01
      vertex -1.20208 -1.20208 9.69
      vertex -1.20208 -1.20208 6.01
    endloop
  endfacet
  facet normal 0.382714 0.923867 -0
    outer loop
      vertex -0.581433 -1.59748 6.01
      vertex -0.718451 -1.54072 9.69
      vertex -0.581433 -1.59748 9.69
    endloop
  endfacet
  facet normal 0.382714 0.923867 0
    outer loop
      vertex -0.718451 -1.54072 9.69
      vertex -0.581433 -1.59748 6.01
      vertex -0.718451 -1.54072 6.01
    endloop
  endfacet
  facet normal 0.382714 -0.923867 0
    outer loop
      vertex -0.718451 1.54072 6.01
      vertex -0.581433 1.59748 9.69
      vertex -0.718451 1.54072 9.69
    endloop
  endfacet
  facet normal 0.382714 -0.923867 0
    outer loop
      vertex -0.581433 1.59748 9.69
      vertex -0.718451 1.54072 6.01
      vertex -0.581433 1.59748 6.01
    endloop
  endfacet
  facet normal -0.843408 0.537274 0
    outer loop
      vertex 1.39256 -0.97508 6.01
      vertex 1.47224 -0.849999 9.69
      vertex 1.47224 -0.849999 6.01
    endloop
  endfacet
  facet normal -0.843408 0.537274 0
    outer loop
      vertex 1.47224 -0.849999 9.69
      vertex 1.39256 -0.97508 6.01
      vertex 1.39256 -0.97508 9.69
    endloop
  endfacet
  facet normal -0.537274 0.843408 0
    outer loop
      vertex 0.97508 -1.39256 6.01
      vertex 0.849999 -1.47224 9.69
      vertex 0.97508 -1.39256 9.69
    endloop
  endfacet
  facet normal -0.537274 0.843408 0
    outer loop
      vertex 0.849999 -1.47224 9.69
      vertex 0.97508 -1.39256 6.01
      vertex 0.849999 -1.47224 6.01
    endloop
  endfacet
  facet normal 0.130542 -0.991443 0
    outer loop
      vertex -0.295201 1.67417 6.01
      vertex -0.148165 1.69353 9.69
      vertex -0.295201 1.67417 9.69
    endloop
  endfacet
  facet normal 0.130542 -0.991443 0
    outer loop
      vertex -0.148165 1.69353 9.69
      vertex -0.295201 1.67417 6.01
      vertex -0.148165 1.69353 6.01
    endloop
  endfacet
  facet normal -0.843408 -0.537274 0
    outer loop
      vertex 1.47224 0.849999 6.01
      vertex 1.39256 0.97508 9.69
      vertex 1.39256 0.97508 6.01
    endloop
  endfacet
  facet normal -0.843408 -0.537274 0
    outer loop
      vertex 1.39256 0.97508 9.69
      vertex 1.47224 0.849999 6.01
      vertex 1.47224 0.849999 9.69
    endloop
  endfacet
  facet normal -0.130542 -0.991443 0
    outer loop
      vertex 0.148165 1.69353 6.01
      vertex 0.295201 1.67417 9.69
      vertex 0.148165 1.69353 9.69
    endloop
  endfacet
  facet normal -0.130542 -0.991443 -0
    outer loop
      vertex 0.295201 1.67417 9.69
      vertex 0.148165 1.69353 6.01
      vertex 0.295201 1.67417 6.01
    endloop
  endfacet
  facet normal 0.737283 -0.675584 0
    outer loop
      vertex -1.30227 1.09274 9.69
      vertex -1.20208 1.20208 6.01
      vertex -1.20208 1.20208 9.69
    endloop
  endfacet
  facet normal 0.737283 -0.675584 0
    outer loop
      vertex -1.20208 1.20208 6.01
      vertex -1.30227 1.09274 9.69
      vertex -1.30227 1.09274 6.01
    endloop
  endfacet
  facet normal 0.923867 0.382714 0
    outer loop
      vertex -1.54072 -0.718451 9.69
      vertex -1.59748 -0.581433 6.01
      vertex -1.59748 -0.581433 9.69
    endloop
  endfacet
  facet normal 0.923867 0.382714 0
    outer loop
      vertex -1.59748 -0.581433 6.01
      vertex -1.54072 -0.718451 9.69
      vertex -1.54072 -0.718451 6.01
    endloop
  endfacet
  facet normal -0.675584 -0.737283 0
    outer loop
      vertex 1.09274 1.30227 6.01
      vertex 1.20208 1.20208 9.69
      vertex 1.09274 1.30227 9.69
    endloop
  endfacet
  facet normal -0.675584 -0.737283 -0
    outer loop
      vertex 1.20208 1.20208 9.69
      vertex 1.09274 1.30227 6.01
      vertex 1.20208 1.20208 6.01
    endloop
  endfacet
  facet normal -0.953729 0.300668 0
    outer loop
      vertex 1.59748 -0.581433 6.01
      vertex 1.64207 -0.439992 9.69
      vertex 1.64207 -0.439992 6.01
    endloop
  endfacet
  facet normal -0.953729 0.300668 0
    outer loop
      vertex 1.64207 -0.439992 9.69
      vertex 1.59748 -0.581433 6.01
      vertex 1.59748 -0.581433 9.69
    endloop
  endfacet
  facet normal -0.537274 -0.843408 0
    outer loop
      vertex 0.849999 1.47224 6.01
      vertex 0.97508 1.39256 9.69
      vertex 0.849999 1.47224 9.69
    endloop
  endfacet
  facet normal -0.537274 -0.843408 -0
    outer loop
      vertex 0.97508 1.39256 9.69
      vertex 0.849999 1.47224 6.01
      vertex 0.97508 1.39256 6.01
    endloop
  endfacet
  facet normal -0.999048 0.043626 0
    outer loop
      vertex 1.69353 -0.148165 6.01
      vertex 1.7 0 9.69
      vertex 1.7 0 6.01
    endloop
  endfacet
  facet normal -0.999048 0.043626 0
    outer loop
      vertex 1.7 0 9.69
      vertex 1.69353 -0.148165 6.01
      vertex 1.69353 -0.148165 9.69
    endloop
  endfacet
  facet normal -0.793333 -0.608788 0
    outer loop
      vertex 1.39256 0.97508 6.01
      vertex 1.30227 1.09274 9.69
      vertex 1.30227 1.09274 6.01
    endloop
  endfacet
  facet normal -0.793333 -0.608788 0
    outer loop
      vertex 1.30227 1.09274 9.69
      vertex 1.39256 0.97508 6.01
      vertex 1.39256 0.97508 9.69
    endloop
  endfacet
  facet normal 0.843408 -0.537274 0
    outer loop
      vertex -1.47224 0.849999 9.69
      vertex -1.39256 0.97508 6.01
      vertex -1.39256 0.97508 9.69
    endloop
  endfacet
  facet normal 0.843408 -0.537274 0
    outer loop
      vertex -1.39256 0.97508 6.01
      vertex -1.47224 0.849999 9.69
      vertex -1.47224 0.849999 6.01
    endloop
  endfacet
  facet normal -0.608788 -0.793333 0
    outer loop
      vertex 0.97508 1.39256 6.01
      vertex 1.09274 1.30227 9.69
      vertex 0.97508 1.39256 9.69
    endloop
  endfacet
  facet normal -0.608788 -0.793333 -0
    outer loop
      vertex 1.09274 1.30227 9.69
      vertex 0.97508 1.39256 6.01
      vertex 1.09274 1.30227 6.01
    endloop
  endfacet
  facet normal 0.608788 -0.793333 0
    outer loop
      vertex -1.09274 1.30227 6.01
      vertex -0.97508 1.39256 9.69
      vertex -1.09274 1.30227 9.69
    endloop
  endfacet
  facet normal 0.608788 -0.793333 0
    outer loop
      vertex -0.97508 1.39256 9.69
      vertex -1.09274 1.30227 6.01
      vertex -0.97508 1.39256 6.01
    endloop
  endfacet
  facet normal -0.043626 -0.999048 0
    outer loop
      vertex 0 1.7 6.01
      vertex 0.148165 1.69353 9.69
      vertex 0 1.7 9.69
    endloop
  endfacet
  facet normal -0.043626 -0.999048 -0
    outer loop
      vertex 0.148165 1.69353 9.69
      vertex 0 1.7 6.01
      vertex 0.148165 1.69353 6.01
    endloop
  endfacet
  facet normal -0.216444 0.976295 0
    outer loop
      vertex 0.439992 -1.64207 6.01
      vertex 0.295201 -1.67417 9.69
      vertex 0.439992 -1.64207 9.69
    endloop
  endfacet
  facet normal -0.216444 0.976295 0
    outer loop
      vertex 0.295201 -1.67417 9.69
      vertex 0.439992 -1.64207 6.01
      vertex 0.295201 -1.67417 6.01
    endloop
  endfacet
  facet normal 0.991443 -0.130542 0
    outer loop
      vertex -1.69353 0.148165 9.69
      vertex -1.67417 0.295201 6.01
      vertex -1.67417 0.295201 9.69
    endloop
  endfacet
  facet normal 0.991443 -0.130542 0
    outer loop
      vertex -1.67417 0.295201 6.01
      vertex -1.69353 0.148165 9.69
      vertex -1.69353 0.148165 6.01
    endloop
  endfacet
  facet normal 0.608788 0.793333 -0
    outer loop
      vertex -0.97508 -1.39256 6.01
      vertex -1.09274 -1.30227 9.69
      vertex -0.97508 -1.39256 9.69
    endloop
  endfacet
  facet normal 0.608788 0.793333 0
    outer loop
      vertex -1.09274 -1.30227 9.69
      vertex -0.97508 -1.39256 6.01
      vertex -1.09274 -1.30227 6.01
    endloop
  endfacet
  facet normal 0.976295 -0.216444 0
    outer loop
      vertex -1.67417 0.295201 9.69
      vertex -1.64207 0.439992 6.01
      vertex -1.64207 0.439992 9.69
    endloop
  endfacet
  facet normal 0.976295 -0.216444 0
    outer loop
      vertex -1.64207 0.439992 6.01
      vertex -1.67417 0.295201 9.69
      vertex -1.67417 0.295201 6.01
    endloop
  endfacet
  facet normal -0.608788 0.793333 0
    outer loop
      vertex 1.09274 -1.30227 6.01
      vertex 0.97508 -1.39256 9.69
      vertex 1.09274 -1.30227 9.69
    endloop
  endfacet
  facet normal -0.608788 0.793333 0
    outer loop
      vertex 0.97508 -1.39256 9.69
      vertex 1.09274 -1.30227 6.01
      vertex 0.97508 -1.39256 6.01
    endloop
  endfacet
  facet normal 0.923867 -0.382714 0
    outer loop
      vertex -1.59748 0.581433 9.69
      vertex -1.54072 0.718451 6.01
      vertex -1.54072 0.718451 9.69
    endloop
  endfacet
  facet normal 0.923867 -0.382714 0
    outer loop
      vertex -1.54072 0.718451 6.01
      vertex -1.59748 0.581433 9.69
      vertex -1.59748 0.581433 6.01
    endloop
  endfacet
  facet normal 0.216444 -0.976295 0
    outer loop
      vertex -0.439992 1.64207 6.01
      vertex -0.295201 1.67417 9.69
      vertex -0.439992 1.64207 9.69
    endloop
  endfacet
  facet normal 0.216444 -0.976295 0
    outer loop
      vertex -0.295201 1.67417 9.69
      vertex -0.439992 1.64207 6.01
      vertex -0.295201 1.67417 6.01
    endloop
  endfacet
  facet normal 0.88701 0.461751 0
    outer loop
      vertex -1.47224 -0.849999 9.69
      vertex -1.54072 -0.718451 6.01
      vertex -1.54072 -0.718451 9.69
    endloop
  endfacet
  facet normal 0.88701 0.461751 0
    outer loop
      vertex -1.54072 -0.718451 6.01
      vertex -1.47224 -0.849999 9.69
      vertex -1.47224 -0.849999 6.01
    endloop
  endfacet
  facet normal 0.043626 -0.999048 0
    outer loop
      vertex -0.148165 1.69353 6.01
      vertex 0 1.7 9.69
      vertex -0.148165 1.69353 9.69
    endloop
  endfacet
  facet normal 0.043626 -0.999048 0
    outer loop
      vertex 0 1.7 9.69
      vertex -0.148165 1.69353 6.01
      vertex 0 1.7 6.01
    endloop
  endfacet
  facet normal -0.461751 -0.88701 0
    outer loop
      vertex 0.718451 1.54072 6.01
      vertex 0.849999 1.47224 9.69
      vertex 0.718451 1.54072 9.69
    endloop
  endfacet
  facet normal -0.461751 -0.88701 -0
    outer loop
      vertex 0.849999 1.47224 9.69
      vertex 0.718451 1.54072 6.01
      vertex 0.849999 1.47224 6.01
    endloop
  endfacet
  facet normal 0.953729 -0.300668 0
    outer loop
      vertex -1.64207 0.439992 9.69
      vertex -1.59748 0.581433 6.01
      vertex -1.59748 0.581433 9.69
    endloop
  endfacet
  facet normal 0.953729 -0.300668 0
    outer loop
      vertex -1.59748 0.581433 6.01
      vertex -1.64207 0.439992 9.69
      vertex -1.64207 0.439992 6.01
    endloop
  endfacet
  facet normal -0.737283 -0.675584 0
    outer loop
      vertex 1.30227 1.09274 6.01
      vertex 1.20208 1.20208 9.69
      vertex 1.20208 1.20208 6.01
    endloop
  endfacet
  facet normal -0.737283 -0.675584 0
    outer loop
      vertex 1.20208 1.20208 9.69
      vertex 1.30227 1.09274 6.01
      vertex 1.30227 1.09274 9.69
    endloop
  endfacet
  facet normal -0.793333 0.608788 0
    outer loop
      vertex 1.30227 -1.09274 6.01
      vertex 1.39256 -0.97508 9.69
      vertex 1.39256 -0.97508 6.01
    endloop
  endfacet
  facet normal -0.793333 0.608788 0
    outer loop
      vertex 1.39256 -0.97508 9.69
      vertex 1.30227 -1.09274 6.01
      vertex 1.30227 -1.09274 9.69
    endloop
  endfacet
  facet normal 0.675584 0.737283 -0
    outer loop
      vertex -1.09274 -1.30227 6.01
      vertex -1.20208 -1.20208 9.69
      vertex -1.09274 -1.30227 9.69
    endloop
  endfacet
  facet normal 0.675584 0.737283 0
    outer loop
      vertex -1.20208 -1.20208 9.69
      vertex -1.09274 -1.30227 6.01
      vertex -1.20208 -1.20208 6.01
    endloop
  endfacet
  facet normal -0.130542 0.991443 0
    outer loop
      vertex 0.295201 -1.67417 6.01
      vertex 0.148165 -1.69353 9.69
      vertex 0.295201 -1.67417 9.69
    endloop
  endfacet
  facet normal -0.130542 0.991443 0
    outer loop
      vertex 0.148165 -1.69353 9.69
      vertex 0.295201 -1.67417 6.01
      vertex 0.148165 -1.69353 6.01
    endloop
  endfacet
  facet normal 0.999048 -0.043626 0
    outer loop
      vertex -1.7 0 9.69
      vertex -1.69353 0.148165 6.01
      vertex -1.69353 0.148165 9.69
    endloop
  endfacet
  facet normal 0.999048 -0.043626 0
    outer loop
      vertex -1.69353 0.148165 6.01
      vertex -1.7 0 9.69
      vertex -1.7 0 6.01
    endloop
  endfacet
  facet normal -0.923867 -0.382714 0
    outer loop
      vertex 1.59748 0.581433 6.01
      vertex 1.54072 0.718451 9.69
      vertex 1.54072 0.718451 6.01
    endloop
  endfacet
  facet normal -0.923867 -0.382714 0
    outer loop
      vertex 1.54072 0.718451 9.69
      vertex 1.59748 0.581433 6.01
      vertex 1.59748 0.581433 9.69
    endloop
  endfacet
  facet normal 0.300668 0.953729 -0
    outer loop
      vertex -0.439992 -1.64207 6.01
      vertex -0.581433 -1.59748 9.69
      vertex -0.439992 -1.64207 9.69
    endloop
  endfacet
  facet normal 0.300668 0.953729 0
    outer loop
      vertex -0.581433 -1.59748 9.69
      vertex -0.439992 -1.64207 6.01
      vertex -0.581433 -1.59748 6.01
    endloop
  endfacet
  facet normal -0.300668 -0.953729 0
    outer loop
      vertex 0.439992 1.64207 6.01
      vertex 0.581433 1.59748 9.69
      vertex 0.439992 1.64207 9.69
    endloop
  endfacet
  facet normal -0.300668 -0.953729 -0
    outer loop
      vertex 0.581433 1.59748 9.69
      vertex 0.439992 1.64207 6.01
      vertex 0.581433 1.59748 6.01
    endloop
  endfacet
  facet normal -0.88701 -0.461751 0
    outer loop
      vertex 1.54072 0.718451 6.01
      vertex 1.47224 0.849999 9.69
      vertex 1.47224 0.849999 6.01
    endloop
  endfacet
  facet normal -0.88701 -0.461751 0
    outer loop
      vertex 1.47224 0.849999 9.69
      vertex 1.54072 0.718451 6.01
      vertex 1.54072 0.718451 9.69
    endloop
  endfacet
  facet normal 0.537274 -0.843408 0
    outer loop
      vertex -0.97508 1.39256 6.01
      vertex -0.849999 1.47224 9.69
      vertex -0.97508 1.39256 9.69
    endloop
  endfacet
  facet normal 0.537274 -0.843408 0
    outer loop
      vertex -0.849999 1.47224 9.69
      vertex -0.97508 1.39256 6.01
      vertex -0.849999 1.47224 6.01
    endloop
  endfacet
  facet normal 0.675584 -0.737283 0
    outer loop
      vertex -1.20208 1.20208 6.01
      vertex -1.09274 1.30227 9.69
      vertex -1.20208 1.20208 9.69
    endloop
  endfacet
  facet normal 0.675584 -0.737283 0
    outer loop
      vertex -1.09274 1.30227 9.69
      vertex -1.20208 1.20208 6.01
      vertex -1.09274 1.30227 6.01
    endloop
  endfacet
  facet normal 0.300668 -0.953729 0
    outer loop
      vertex -0.581433 1.59748 6.01
      vertex -0.439992 1.64207 9.69
      vertex -0.581433 1.59748 9.69
    endloop
  endfacet
  facet normal 0.300668 -0.953729 0
    outer loop
      vertex -0.439992 1.64207 9.69
      vertex -0.581433 1.59748 6.01
      vertex -0.439992 1.64207 6.01
    endloop
  endfacet
  facet normal 0.991443 0.130542 0
    outer loop
      vertex -1.67417 -0.295201 9.69
      vertex -1.69353 -0.148165 6.01
      vertex -1.69353 -0.148165 9.69
    endloop
  endfacet
  facet normal 0.991443 0.130542 0
    outer loop
      vertex -1.69353 -0.148165 6.01
      vertex -1.67417 -0.295201 9.69
      vertex -1.67417 -0.295201 6.01
    endloop
  endfacet
  facet normal -0.043626 0.999048 0
    outer loop
      vertex 0.148165 -1.69353 6.01
      vertex 0 -1.7 9.69
      vertex 0.148165 -1.69353 9.69
    endloop
  endfacet
  facet normal -0.043626 0.999048 0
    outer loop
      vertex 0 -1.7 9.69
      vertex 0.148165 -1.69353 6.01
      vertex 0 -1.7 6.01
    endloop
  endfacet
  facet normal -0.461751 0.88701 0
    outer loop
      vertex 0.849999 -1.47224 6.01
      vertex 0.718451 -1.54072 9.69
      vertex 0.849999 -1.47224 9.69
    endloop
  endfacet
  facet normal -0.461751 0.88701 0
    outer loop
      vertex 0.718451 -1.54072 9.69
      vertex 0.849999 -1.47224 6.01
      vertex 0.718451 -1.54072 6.01
    endloop
  endfacet
  facet normal 0.537274 0.843408 -0
    outer loop
      vertex -0.849999 -1.47224 6.01
      vertex -0.97508 -1.39256 9.69
      vertex -0.849999 -1.47224 9.69
    endloop
  endfacet
  facet normal 0.537274 0.843408 0
    outer loop
      vertex -0.97508 -1.39256 9.69
      vertex -0.849999 -1.47224 6.01
      vertex -0.97508 -1.39256 6.01
    endloop
  endfacet
  facet normal 0.999048 0.043626 0
    outer loop
      vertex -1.69353 -0.148165 9.69
      vertex -1.7 0 6.01
      vertex -1.7 0 9.69
    endloop
  endfacet
  facet normal 0.999048 0.043626 0
    outer loop
      vertex -1.7 0 6.01
      vertex -1.69353 -0.148165 9.69
      vertex -1.69353 -0.148165 6.01
    endloop
  endfacet
  facet normal 0.88701 -0.461751 0
    outer loop
      vertex -1.54072 0.718451 9.69
      vertex -1.47224 0.849999 6.01
      vertex -1.47224 0.849999 9.69
    endloop
  endfacet
  facet normal 0.88701 -0.461751 0
    outer loop
      vertex -1.47224 0.849999 6.01
      vertex -1.54072 0.718451 9.69
      vertex -1.54072 0.718451 6.01
    endloop
  endfacet
  facet normal 0.953729 0.300668 0
    outer loop
      vertex -1.59748 -0.581433 9.69
      vertex -1.64207 -0.439992 6.01
      vertex -1.64207 -0.439992 9.69
    endloop
  endfacet
  facet normal 0.953729 0.300668 0
    outer loop
      vertex -1.64207 -0.439992 6.01
      vertex -1.59748 -0.581433 9.69
      vertex -1.59748 -0.581433 6.01
    endloop
  endfacet
  facet normal -0.382714 0.923867 0
    outer loop
      vertex 0.718451 -1.54072 6.01
      vertex 0.581433 -1.59748 9.69
      vertex 0.718451 -1.54072 9.69
    endloop
  endfacet
  facet normal -0.382714 0.923867 0
    outer loop
      vertex 0.581433 -1.59748 9.69
      vertex 0.718451 -1.54072 6.01
      vertex 0.581433 -1.59748 6.01
    endloop
  endfacet
  facet normal 0.976295 0.216444 0
    outer loop
      vertex -1.64207 -0.439992 9.69
      vertex -1.67417 -0.295201 6.01
      vertex -1.67417 -0.295201 9.69
    endloop
  endfacet
  facet normal 0.976295 0.216444 0
    outer loop
      vertex -1.67417 -0.295201 6.01
      vertex -1.64207 -0.439992 9.69
      vertex -1.64207 -0.439992 6.01
    endloop
  endfacet
  facet normal -0.216444 -0.976295 0
    outer loop
      vertex 0.295201 1.67417 6.01
      vertex 0.439992 1.64207 9.69
      vertex 0.295201 1.67417 9.69
    endloop
  endfacet
  facet normal -0.216444 -0.976295 -0
    outer loop
      vertex 0.439992 1.64207 9.69
      vertex 0.295201 1.67417 6.01
      vertex 0.439992 1.64207 6.01
    endloop
  endfacet
  facet normal -0.300668 0.953729 0
    outer loop
      vertex 0.581433 -1.59748 6.01
      vertex 0.439992 -1.64207 9.69
      vertex 0.581433 -1.59748 9.69
    endloop
  endfacet
  facet normal -0.300668 0.953729 0
    outer loop
      vertex 0.439992 -1.64207 9.69
      vertex 0.581433 -1.59748 6.01
      vertex 0.439992 -1.64207 6.01
    endloop
  endfacet
  facet normal 0.461751 0.88701 -0
    outer loop
      vertex -0.718451 -1.54072 6.01
      vertex -0.849999 -1.47224 9.69
      vertex -0.718451 -1.54072 9.69
    endloop
  endfacet
  facet normal 0.461751 0.88701 0
    outer loop
      vertex -0.849999 -1.47224 9.69
      vertex -0.718451 -1.54072 6.01
      vertex -0.849999 -1.47224 6.01
    endloop
  endfacet
  facet normal 0.843408 0.537274 0
    outer loop
      vertex -1.39256 -0.97508 9.69
      vertex -1.47224 -0.849999 6.01
      vertex -1.47224 -0.849999 9.69
    endloop
  endfacet
  facet normal 0.843408 0.537274 0
    outer loop
      vertex -1.47224 -0.849999 6.01
      vertex -1.39256 -0.97508 9.69
      vertex -1.39256 -0.97508 6.01
    endloop
  endfacet
  facet normal -0.675584 0.737283 0
    outer loop
      vertex 1.20208 -1.20208 6.01
      vertex 1.09274 -1.30227 9.69
      vertex 1.20208 -1.20208 9.69
    endloop
  endfacet
  facet normal -0.675584 0.737283 0
    outer loop
      vertex 1.09274 -1.30227 9.69
      vertex 1.20208 -1.20208 6.01
      vertex 1.09274 -1.30227 6.01
    endloop
  endfacet
  facet normal -0.923867 0.382714 0
    outer loop
      vertex 1.54072 -0.718451 6.01
      vertex 1.59748 -0.581433 9.69
      vertex 1.59748 -0.581433 6.01
    endloop
  endfacet
  facet normal -0.923867 0.382714 0
    outer loop
      vertex 1.59748 -0.581433 9.69
      vertex 1.54072 -0.718451 6.01
      vertex 1.54072 -0.718451 9.69
    endloop
  endfacet
  facet normal 0.130542 0.991443 -0
    outer loop
      vertex -0.148165 -1.69353 6.01
      vertex -0.295201 -1.67417 9.69
      vertex -0.148165 -1.69353 9.69
    endloop
  endfacet
  facet normal 0.130542 0.991443 0
    outer loop
      vertex -0.295201 -1.67417 9.69
      vertex -0.148165 -1.69353 6.01
      vertex -0.295201 -1.67417 6.01
    endloop
  endfacet
  facet normal -0.976295 0.216444 0
    outer loop
      vertex 1.64207 -0.439992 6.01
      vertex 1.67417 -0.295201 9.69
      vertex 1.67417 -0.295201 6.01
    endloop
  endfacet
  facet normal -0.976295 0.216444 0
    outer loop
      vertex 1.67417 -0.295201 9.69
      vertex 1.64207 -0.439992 6.01
      vertex 1.64207 -0.439992 9.69
    endloop
  endfacet
  facet normal 0.461751 -0.88701 0
    outer loop
      vertex -0.849999 1.47224 6.01
      vertex -0.718451 1.54072 9.69
      vertex -0.849999 1.47224 9.69
    endloop
  endfacet
  facet normal 0.461751 -0.88701 0
    outer loop
      vertex -0.718451 1.54072 9.69
      vertex -0.849999 1.47224 6.01
      vertex -0.718451 1.54072 6.01
    endloop
  endfacet
  facet normal 0.216444 0.976295 -0
    outer loop
      vertex -0.295201 -1.67417 6.01
      vertex -0.439992 -1.64207 9.69
      vertex -0.295201 -1.67417 9.69
    endloop
  endfacet
  facet normal 0.216444 0.976295 0
    outer loop
      vertex -0.439992 -1.64207 9.69
      vertex -0.295201 -1.67417 6.01
      vertex -0.439992 -1.64207 6.01
    endloop
  endfacet
  facet normal 0.793333 -0.608788 0
    outer loop
      vertex -1.39256 0.97508 9.69
      vertex -1.30227 1.09274 6.01
      vertex -1.30227 1.09274 9.69
    endloop
  endfacet
  facet normal 0.793333 -0.608788 0
    outer loop
      vertex -1.30227 1.09274 6.01
      vertex -1.39256 0.97508 9.69
      vertex -1.39256 0.97508 6.01
    endloop
  endfacet
  facet normal -0.737283 0.675584 0
    outer loop
      vertex 1.20208 -1.20208 6.01
      vertex 1.30227 -1.09274 9.69
      vertex 1.30227 -1.09274 6.01
    endloop
  endfacet
  facet normal -0.737283 0.675584 0
    outer loop
      vertex 1.30227 -1.09274 9.69
      vertex 1.20208 -1.20208 6.01
      vertex 1.20208 -1.20208 9.69
    endloop
  endfacet
  facet normal -0.88701 0.461751 0
    outer loop
      vertex 1.47224 -0.849999 6.01
      vertex 1.54072 -0.718451 9.69
      vertex 1.54072 -0.718451 6.01
    endloop
  endfacet
  facet normal -0.88701 0.461751 0
    outer loop
      vertex 1.54072 -0.718451 9.69
      vertex 1.47224 -0.849999 6.01
      vertex 1.47224 -0.849999 9.69
    endloop
  endfacet
endsolid OpenSCAD_Model
