solid OpenSCAD_Model
  facet normal 0.25846 0.966022 0
    outer loop
      vertex 12.4698 -0.691905 1.01
      vertex 12.4698 -0.691905 1
      vertex 12.46 -0.689283 1
    endloop
  endfacet
  facet normal 0.258813 0.965927 -0
    outer loop
      vertex 12.4698 -0.691905 1.01
      vertex 12.15 -0.606217 6.99
      vertex 12.4698 -0.691905 6.99
    endloop
  endfacet
  facet normal 0.258813 0.965927 0
    outer loop
      vertex 12.15 -0.606217 6.99
      vertex 12.4698 -0.691905 1.01
      vertex 12.15 -0.606217 1.01
    endloop
  endfacet
  facet normal 0.25846 -0.966022 0
    outer loop
      vertex 12.4698 0.691905 1
      vertex 12.4698 0.691905 1.01
      vertex 12.46 0.689283 1
    endloop
  endfacet
  facet normal 0.258813 -0.965927 0
    outer loop
      vertex 12.15 0.606217 1.01
      vertex 12.4698 0.691905 6.99
      vertex 12.15 0.606217 6.99
    endloop
  endfacet
  facet normal 0.258813 -0.965927 0
    outer loop
      vertex 12.4698 0.691905 6.99
      vertex 12.15 0.606217 1.01
      vertex 12.4698 0.691905 1.01
    endloop
  endfacet
  facet normal 0.965913 -0.258866 0
    outer loop
      vertex 11.8 0 6.99
      vertex 11.8938 0.349999 1.01
      vertex 11.8938 0.349999 6.99
    endloop
  endfacet
  facet normal 0.965913 -0.258866 0
    outer loop
      vertex 11.8938 0.349999 1.01
      vertex 11.8 0 6.99
      vertex 11.8 0 1.01
    endloop
  endfacet
  facet normal 0.965913 0.258866 0
    outer loop
      vertex 11.8938 -0.349999 6.99
      vertex 11.8 0 1.01
      vertex 11.8 0 6.99
    endloop
  endfacet
  facet normal 0.965913 0.258866 0
    outer loop
      vertex 11.8 0 1.01
      vertex 11.8938 -0.349999 6.99
      vertex 11.8938 -0.349999 1.01
    endloop
  endfacet
  facet normal 0.707132 0.707082 0
    outer loop
      vertex 12.15 -0.606217 6.99
      vertex 11.8938 -0.349999 1.01
      vertex 11.8938 -0.349999 6.99
    endloop
  endfacet
  facet normal 0.707132 0.707082 0
    outer loop
      vertex 11.8938 -0.349999 1.01
      vertex 12.15 -0.606217 6.99
      vertex 12.15 -0.606217 1.01
    endloop
  endfacet
  facet normal 0.707132 -0.707082 0
    outer loop
      vertex 11.8938 0.349999 6.99
      vertex 12.15 0.606217 1.01
      vertex 12.15 0.606217 6.99
    endloop
  endfacet
  facet normal 0.707132 -0.707082 0
    outer loop
      vertex 12.15 0.606217 1.01
      vertex 11.8938 0.349999 6.99
      vertex 11.8938 0.349999 1.01
    endloop
  endfacet
  facet normal 0.999295 -0.0375333 0
    outer loop
      vertex 11.5041 2.62575 6.99
      vertex 11.5177 2.98784 1.01
      vertex 11.5177 2.98784 6.99
    endloop
  endfacet
  facet normal 0.999295 -0.0375333 0
    outer loop
      vertex 11.5177 2.98784 1.01
      vertex 11.5041 2.62575 6.99
      vertex 11.5041 2.62575 1.01
    endloop
  endfacet
  facet normal 0.466974 -0.884271 0
    outer loop
      vertex 12.0061 3.45088 1
      vertex 12.0061 3.45088 1.01
      vertex 11.9972 3.44618 1
    endloop
  endfacet
  facet normal 0.467271 -0.884114 0
    outer loop
      vertex 11.7105 3.29465 1.01
      vertex 12.0061 3.45088 6.99
      vertex 11.7105 3.29465 6.99
    endloop
  endfacet
  facet normal 0.467271 -0.884114 0
    outer loop
      vertex 12.0061 3.45088 6.99
      vertex 11.7105 3.29465 1.01
      vertex 12.0061 3.45088 1.01
    endloop
  endfacet
  facet normal 0.0379726 0.999279 0
    outer loop
      vertex 12.3194 2.09992 1.01
      vertex 12.3194 2.09992 1
      vertex 12.3094 2.1003 1
    endloop
  endfacet
  facet normal 0.0373964 0.999301 -0
    outer loop
      vertex 12.3194 2.09992 1.01
      vertex 11.9803 2.11261 6.99
      vertex 12.3194 2.09992 6.99
    endloop
  endfacet
  facet normal 0.0373964 0.999301 0
    outer loop
      vertex 11.9803 2.11261 6.99
      vertex 12.3194 2.09992 1.01
      vertex 11.9803 2.11261 1.01
    endloop
  endfacet
  facet normal 0.846701 -0.532069 0
    outer loop
      vertex 11.5177 2.98784 6.99
      vertex 11.7105 3.29465 1.01
      vertex 11.7105 3.29465 6.99
    endloop
  endfacet
  facet normal 0.846701 -0.532069 0
    outer loop
      vertex 11.7105 3.29465 1.01
      vertex 11.5177 2.98784 6.99
      vertex 11.5177 2.98784 1.01
    endloop
  endfacet
  facet normal 0.532042 0.846718 -0
    outer loop
      vertex 11.9803 2.11261 1.01
      vertex 11.6735 2.30539 6.99
      vertex 11.9803 2.11261 6.99
    endloop
  endfacet
  facet normal 0.532042 0.846718 0
    outer loop
      vertex 11.6735 2.30539 6.99
      vertex 11.9803 2.11261 1.01
      vertex 11.6735 2.30539 1.01
    endloop
  endfacet
  facet normal 0.884019 0.467452 0
    outer loop
      vertex 11.6735 2.30539 6.99
      vertex 11.5041 2.62575 1.01
      vertex 11.5041 2.62575 6.99
    endloop
  endfacet
  facet normal 0.884019 0.467452 0
    outer loop
      vertex 11.5041 2.62575 1.01
      vertex 11.6735 2.30539 6.99
      vertex 11.6735 2.30539 1.01
    endloop
  endfacet
  facet normal 0.330301 0.943876 -0
    outer loop
      vertex 11.2098 4.7255 1.01
      vertex 10.8678 4.84518 6.99
      vertex 11.2098 4.7255 6.99
    endloop
  endfacet
  facet normal 0.330301 0.943876 0
    outer loop
      vertex 10.8678 4.84518 6.99
      vertex 11.2098 4.7255 1.01
      vertex 10.8678 4.84518 1.01
    endloop
  endfacet
  facet normal 0.757911 0.652358 0
    outer loop
      vertex 10.8678 4.84518 6.99
      vertex 10.6314 5.11983 1.01
      vertex 10.6314 5.11983 6.99
    endloop
  endfacet
  facet normal 0.757911 0.652358 0
    outer loop
      vertex 10.6314 5.11983 1.01
      vertex 10.8678 4.84518 6.99
      vertex 10.8678 4.84518 1.01
    endloop
  endfacet
  facet normal -0.186565 0.982443 0
    outer loop
      vertex 11.5342 4.78689 1.01
      vertex 11.5342 4.78689 1
      vertex 11.5243 4.78501 1
    endloop
  endfacet
  facet normal -0.185941 0.982561 0
    outer loop
      vertex 11.5342 4.78689 1.01
      vertex 11.2098 4.7255 6.99
      vertex 11.5342 4.78689 6.99
    endloop
  endfacet
  facet normal -0.185941 0.982561 0
    outer loop
      vertex 11.2098 4.7255 6.99
      vertex 11.5342 4.78689 1.01
      vertex 11.2098 4.7255 1.01
    endloop
  endfacet
  facet normal 0.982599 0.18574 0
    outer loop
      vertex 10.6314 5.11983 6.99
      vertex 10.5641 5.47586 1.01
      vertex 10.5641 5.47586 6.99
    endloop
  endfacet
  facet normal 0.982599 0.18574 0
    outer loop
      vertex 10.5641 5.47586 1.01
      vertex 10.6314 5.11983 6.99
      vertex 10.6314 5.11983 1.01
    endloop
  endfacet
  facet normal 0.943947 -0.330096 0
    outer loop
      vertex 10.5641 5.47586 6.99
      vertex 10.6837 5.81787 1.01
      vertex 10.6837 5.81787 6.99
    endloop
  endfacet
  facet normal 0.943947 -0.330096 0
    outer loop
      vertex 10.6837 5.81787 1.01
      vertex 10.5641 5.47586 6.99
      vertex 10.5641 5.47586 1.01
    endloop
  endfacet
  facet normal 0.651926 -0.758283 0
    outer loop
      vertex 10.9369 6.0357 1
      vertex 10.9369 6.0357 1.01
      vertex 10.9292 6.02908 1
    endloop
  endfacet
  facet normal 0.652174 -0.75807 0
    outer loop
      vertex 10.6837 5.81787 1.01
      vertex 10.9369 6.0357 6.99
      vertex 10.6837 5.81787 6.99
    endloop
  endfacet
  facet normal 0.652174 -0.75807 0
    outer loop
      vertex 10.9369 6.0357 6.99
      vertex 10.6837 5.81787 1.01
      vertex 10.9369 6.0357 1.01
    endloop
  endfacet
  facet normal 0.111964 0.993712 -0
    outer loop
      vertex 9.87722 7.10144 1.01
      vertex 9.51715 7.14201 6.99
      vertex 9.87722 7.10144 6.99
    endloop
  endfacet
  facet normal 0.111964 0.993712 0
    outer loop
      vertex 9.51715 7.14201 6.99
      vertex 9.87722 7.10144 1.01
      vertex 9.51715 7.14201 1.01
    endloop
  endfacet
  facet normal 0.91656 0.399896 0
    outer loop
      vertex 9.22561 7.35718 6.99
      vertex 9.08071 7.68929 1.01
      vertex 9.08071 7.68929 6.99
    endloop
  endfacet
  facet normal 0.91656 0.399896 0
    outer loop
      vertex 9.08071 7.68929 1.01
      vertex 9.22561 7.35718 6.99
      vertex 9.22561 7.35718 1.01
    endloop
  endfacet
  facet normal 0.593827 0.804593 -0
    outer loop
      vertex 9.51715 7.14201 1.01
      vertex 9.22561 7.35718 6.99
      vertex 9.51715 7.14201 6.99
    endloop
  endfacet
  facet normal 0.593827 0.804593 0
    outer loop
      vertex 9.22561 7.35718 6.99
      vertex 9.51715 7.14201 1.01
      vertex 9.22561 7.35718 1.01
    endloop
  endfacet
  facet normal 0.993712 -0.111964 0
    outer loop
      vertex 9.08071 7.68929 6.99
      vertex 9.12128 8.04936 1.01
      vertex 9.12128 8.04936 6.99
    endloop
  endfacet
  facet normal 0.993712 -0.111964 0
    outer loop
      vertex 9.12128 8.04936 1.01
      vertex 9.08071 7.68929 6.99
      vertex 9.08071 7.68929 1.01
    endloop
  endfacet
  facet normal -0.401748 0.91575 0
    outer loop
      vertex 10.1878 7.23695 1.01
      vertex 10.1878 7.23695 1
      vertex 10.1785 7.23287 1
    endloop
  endfacet
  facet normal -0.399905 0.916556 0
    outer loop
      vertex 10.1878 7.23695 1.01
      vertex 9.87722 7.10144 6.99
      vertex 10.1878 7.23695 6.99
    endloop
  endfacet
  facet normal -0.399905 0.916556 0
    outer loop
      vertex 9.87722 7.10144 6.99
      vertex 10.1878 7.23695 1.01
      vertex 9.87722 7.10144 1.01
    endloop
  endfacet
  facet normal 0.804856 -0.59347 0
    outer loop
      vertex 9.318 8.31591 1
      vertex 9.318 8.31591 1.01
      vertex 9.31202 8.3078 1
    endloop
  endfacet
  facet normal 0.804602 -0.593815 0
    outer loop
      vertex 9.12128 8.04936 6.99
      vertex 9.318 8.31591 1.01
      vertex 9.318 8.31591 6.99
    endloop
  endfacet
  facet normal 0.804602 -0.593815 0
    outer loop
      vertex 9.318 8.31591 1.01
      vertex 9.12128 8.04936 6.99
      vertex 9.12128 8.04936 1.01
    endloop
  endfacet
  facet normal 0.993712 0.111964 0
    outer loop
      vertex 7.14201 9.51715 6.99
      vertex 7.10144 9.87722 1.01
      vertex 7.10144 9.87722 6.99
    endloop
  endfacet
  facet normal 0.993712 0.111964 0
    outer loop
      vertex 7.10144 9.87722 1.01
      vertex 7.14201 9.51715 6.99
      vertex 7.14201 9.51715 1.01
    endloop
  endfacet
  facet normal 0.399896 0.91656 -0
    outer loop
      vertex 7.68929 9.08071 1.01
      vertex 7.35718 9.22561 6.99
      vertex 7.68929 9.08071 6.99
    endloop
  endfacet
  facet normal 0.399896 0.91656 0
    outer loop
      vertex 7.35718 9.22561 6.99
      vertex 7.68929 9.08071 1.01
      vertex 7.35718 9.22561 1.01
    endloop
  endfacet
  facet normal 0.91575 -0.401748 0
    outer loop
      vertex 7.23695 10.1878 1
      vertex 7.23695 10.1878 1.01
      vertex 7.23287 10.1785 1
    endloop
  endfacet
  facet normal 0.916556 -0.399905 0
    outer loop
      vertex 7.10144 9.87722 6.99
      vertex 7.23695 10.1878 1.01
      vertex 7.23695 10.1878 6.99
    endloop
  endfacet
  facet normal 0.916556 -0.399905 0
    outer loop
      vertex 7.23695 10.1878 1.01
      vertex 7.10144 9.87722 6.99
      vertex 7.10144 9.87722 1.01
    endloop
  endfacet
  facet normal 0.804593 0.593827 0
    outer loop
      vertex 7.35718 9.22561 6.99
      vertex 7.14201 9.51715 1.01
      vertex 7.14201 9.51715 6.99
    endloop
  endfacet
  facet normal 0.804593 0.593827 0
    outer loop
      vertex 7.14201 9.51715 1.01
      vertex 7.35718 9.22561 6.99
      vertex 7.35718 9.22561 1.01
    endloop
  endfacet
  facet normal -0.111964 0.993712 0
    outer loop
      vertex 8.04936 9.12128 1.01
      vertex 7.68929 9.08071 6.99
      vertex 8.04936 9.12128 6.99
    endloop
  endfacet
  facet normal -0.111964 0.993712 0
    outer loop
      vertex 7.68929 9.08071 6.99
      vertex 8.04936 9.12128 1.01
      vertex 7.68929 9.08071 1.01
    endloop
  endfacet
  facet normal -0.59347 0.804856 0
    outer loop
      vertex 8.31591 9.318 1.01
      vertex 8.31591 9.318 1
      vertex 8.3078 9.31202 1
    endloop
  endfacet
  facet normal -0.593815 0.804602 0
    outer loop
      vertex 8.31591 9.318 1.01
      vertex 8.04936 9.12128 6.99
      vertex 8.31591 9.318 6.99
    endloop
  endfacet
  facet normal -0.593815 0.804602 0
    outer loop
      vertex 8.04936 9.12128 6.99
      vertex 8.31591 9.318 1.01
      vertex 8.04936 9.12128 1.01
    endloop
  endfacet
  facet normal 0.982443 -0.186565 0
    outer loop
      vertex 4.78689 11.5342 1
      vertex 4.78689 11.5342 1.01
      vertex 4.78501 11.5243 1
    endloop
  endfacet
  facet normal 0.982561 -0.185941 0
    outer loop
      vertex 4.7255 11.2098 6.99
      vertex 4.78689 11.5342 1.01
      vertex 4.78689 11.5342 6.99
    endloop
  endfacet
  facet normal 0.982561 -0.185941 0
    outer loop
      vertex 4.78689 11.5342 1.01
      vertex 4.7255 11.2098 6.99
      vertex 4.7255 11.2098 1.01
    endloop
  endfacet
  facet normal 0.18574 0.982599 -0
    outer loop
      vertex 5.47586 10.5641 1.01
      vertex 5.11983 10.6314 6.99
      vertex 5.47586 10.5641 6.99
    endloop
  endfacet
  facet normal 0.18574 0.982599 0
    outer loop
      vertex 5.11983 10.6314 6.99
      vertex 5.47586 10.5641 1.01
      vertex 5.11983 10.6314 1.01
    endloop
  endfacet
  facet normal -0.330096 0.943947 0
    outer loop
      vertex 5.81787 10.6837 1.01
      vertex 5.47586 10.5641 6.99
      vertex 5.81787 10.6837 6.99
    endloop
  endfacet
  facet normal -0.330096 0.943947 0
    outer loop
      vertex 5.47586 10.5641 6.99
      vertex 5.81787 10.6837 1.01
      vertex 5.47586 10.5641 1.01
    endloop
  endfacet
  facet normal -0.758283 0.651926 0
    outer loop
      vertex 6.0357 10.9369 1.01
      vertex 6.0357 10.9369 1
      vertex 6.02908 10.9292 1
    endloop
  endfacet
  facet normal -0.75807 0.652174 0
    outer loop
      vertex 5.81787 10.6837 1.01
      vertex 6.0357 10.9369 6.99
      vertex 6.0357 10.9369 1.01
    endloop
  endfacet
  facet normal -0.75807 0.652174 0
    outer loop
      vertex 6.0357 10.9369 6.99
      vertex 5.81787 10.6837 1.01
      vertex 5.81787 10.6837 6.99
    endloop
  endfacet
  facet normal 0.652358 0.757911 -0
    outer loop
      vertex 5.11983 10.6314 1.01
      vertex 4.84518 10.8678 6.99
      vertex 5.11983 10.6314 6.99
    endloop
  endfacet
  facet normal 0.652358 0.757911 0
    outer loop
      vertex 4.84518 10.8678 6.99
      vertex 5.11983 10.6314 1.01
      vertex 4.84518 10.8678 1.01
    endloop
  endfacet
  facet normal 0.943876 0.330301 0
    outer loop
      vertex 4.84518 10.8678 6.99
      vertex 4.7255 11.2098 1.01
      vertex 4.7255 11.2098 6.99
    endloop
  endfacet
  facet normal 0.943876 0.330301 0
    outer loop
      vertex 4.7255 11.2098 1.01
      vertex 4.84518 10.8678 6.99
      vertex 4.84518 10.8678 1.01
    endloop
  endfacet
  facet normal -0.0375333 0.999295 0
    outer loop
      vertex 2.98784 11.5177 1.01
      vertex 2.62575 11.5041 6.99
      vertex 2.98784 11.5177 6.99
    endloop
  endfacet
  facet normal -0.0375333 0.999295 0
    outer loop
      vertex 2.62575 11.5041 6.99
      vertex 2.98784 11.5177 1.01
      vertex 2.62575 11.5041 1.01
    endloop
  endfacet
  facet normal 0.467452 0.884019 -0
    outer loop
      vertex 2.62575 11.5041 1.01
      vertex 2.30539 11.6735 6.99
      vertex 2.62575 11.5041 6.99
    endloop
  endfacet
  facet normal 0.467452 0.884019 0
    outer loop
      vertex 2.30539 11.6735 6.99
      vertex 2.62575 11.5041 1.01
      vertex 2.30539 11.6735 1.01
    endloop
  endfacet
  facet normal 0.846718 0.532042 0
    outer loop
      vertex 2.30539 11.6735 6.99
      vertex 2.11261 11.9803 1.01
      vertex 2.11261 11.9803 6.99
    endloop
  endfacet
  facet normal 0.846718 0.532042 0
    outer loop
      vertex 2.11261 11.9803 1.01
      vertex 2.30539 11.6735 6.99
      vertex 2.30539 11.6735 1.01
    endloop
  endfacet
  facet normal -0.884271 0.466974 0
    outer loop
      vertex 3.45088 12.0061 1.01
      vertex 3.45088 12.0061 1
      vertex 3.44618 11.9972 1
    endloop
  endfacet
  facet normal -0.884114 0.467271 0
    outer loop
      vertex 3.29465 11.7105 1.01
      vertex 3.45088 12.0061 6.99
      vertex 3.45088 12.0061 1.01
    endloop
  endfacet
  facet normal -0.884114 0.467271 0
    outer loop
      vertex 3.45088 12.0061 6.99
      vertex 3.29465 11.7105 1.01
      vertex 3.29465 11.7105 6.99
    endloop
  endfacet
  facet normal -0.532069 0.846701 0
    outer loop
      vertex 3.29465 11.7105 1.01
      vertex 2.98784 11.5177 6.99
      vertex 3.29465 11.7105 6.99
    endloop
  endfacet
  facet normal -0.532069 0.846701 0
    outer loop
      vertex 2.98784 11.5177 6.99
      vertex 3.29465 11.7105 1.01
      vertex 2.98784 11.5177 1.01
    endloop
  endfacet
  facet normal 0.999279 0.0379726 0
    outer loop
      vertex 2.09992 12.3194 1.01
      vertex 2.1003 12.3094 1
      vertex 2.09992 12.3194 1
    endloop
  endfacet
  facet normal 0.999301 0.0373964 0
    outer loop
      vertex 2.11261 11.9803 6.99
      vertex 2.09992 12.3194 1.01
      vertex 2.09992 12.3194 6.99
    endloop
  endfacet
  facet normal 0.999301 0.0373964 0
    outer loop
      vertex 2.09992 12.3194 1.01
      vertex 2.11261 11.9803 6.99
      vertex 2.11261 11.9803 1.01
    endloop
  endfacet
  facet normal 0.707082 0.707132 0
    outer loop
      vertex -0.349999 11.8938 6.99
      vertex -0.606217 12.15 1.01
      vertex -0.606217 12.15 6.99
    endloop
  endfacet
  facet normal 0.707082 0.707132 0
    outer loop
      vertex -0.606217 12.15 1.01
      vertex -0.349999 11.8938 6.99
      vertex -0.349999 11.8938 1.01
    endloop
  endfacet
  facet normal -0.966022 0.25846 0
    outer loop
      vertex 0.691905 12.4698 1.01
      vertex 0.691905 12.4698 1
      vertex 0.689283 12.46 1
    endloop
  endfacet
  facet normal -0.965927 0.258813 0
    outer loop
      vertex 0.606217 12.15 1.01
      vertex 0.691905 12.4698 6.99
      vertex 0.691905 12.4698 1.01
    endloop
  endfacet
  facet normal -0.965927 0.258813 0
    outer loop
      vertex 0.691905 12.4698 6.99
      vertex 0.606217 12.15 1.01
      vertex 0.606217 12.15 6.99
    endloop
  endfacet
  facet normal 0.966022 0.25846 0
    outer loop
      vertex -0.691905 12.4698 1.01
      vertex -0.689283 12.46 1
      vertex -0.691905 12.4698 1
    endloop
  endfacet
  facet normal 0.965927 0.258813 0
    outer loop
      vertex -0.606217 12.15 6.99
      vertex -0.691905 12.4698 1.01
      vertex -0.691905 12.4698 6.99
    endloop
  endfacet
  facet normal 0.965927 0.258813 0
    outer loop
      vertex -0.691905 12.4698 1.01
      vertex -0.606217 12.15 6.99
      vertex -0.606217 12.15 1.01
    endloop
  endfacet
  facet normal 0.258866 0.965913 -0
    outer loop
      vertex 0 11.8 1.01
      vertex -0.349999 11.8938 6.99
      vertex 0 11.8 6.99
    endloop
  endfacet
  facet normal 0.258866 0.965913 0
    outer loop
      vertex -0.349999 11.8938 6.99
      vertex 0 11.8 1.01
      vertex -0.349999 11.8938 1.01
    endloop
  endfacet
  facet normal -0.258866 0.965913 0
    outer loop
      vertex 0.349999 11.8938 1.01
      vertex 0 11.8 6.99
      vertex 0.349999 11.8938 6.99
    endloop
  endfacet
  facet normal -0.258866 0.965913 0
    outer loop
      vertex 0 11.8 6.99
      vertex 0.349999 11.8938 1.01
      vertex 0 11.8 1.01
    endloop
  endfacet
  facet normal -0.707082 0.707132 0
    outer loop
      vertex 0.349999 11.8938 1.01
      vertex 0.606217 12.15 6.99
      vertex 0.606217 12.15 1.01
    endloop
  endfacet
  facet normal -0.707082 0.707132 0
    outer loop
      vertex 0.606217 12.15 6.99
      vertex 0.349999 11.8938 1.01
      vertex 0.349999 11.8938 6.99
    endloop
  endfacet
  facet normal 0.532069 0.846701 -0
    outer loop
      vertex -2.98784 11.5177 1.01
      vertex -3.29465 11.7105 6.99
      vertex -2.98784 11.5177 6.99
    endloop
  endfacet
  facet normal 0.532069 0.846701 0
    outer loop
      vertex -3.29465 11.7105 6.99
      vertex -2.98784 11.5177 1.01
      vertex -3.29465 11.7105 1.01
    endloop
  endfacet
  facet normal 0.0375333 0.999295 -0
    outer loop
      vertex -2.62575 11.5041 1.01
      vertex -2.98784 11.5177 6.99
      vertex -2.62575 11.5041 6.99
    endloop
  endfacet
  facet normal 0.0375333 0.999295 0
    outer loop
      vertex -2.98784 11.5177 6.99
      vertex -2.62575 11.5041 1.01
      vertex -2.98784 11.5177 1.01
    endloop
  endfacet
  facet normal 0.884271 0.466974 0
    outer loop
      vertex -3.45088 12.0061 1.01
      vertex -3.44618 11.9972 1
      vertex -3.45088 12.0061 1
    endloop
  endfacet
  facet normal 0.884114 0.467271 0
    outer loop
      vertex -3.29465 11.7105 6.99
      vertex -3.45088 12.0061 1.01
      vertex -3.45088 12.0061 6.99
    endloop
  endfacet
  facet normal 0.884114 0.467271 0
    outer loop
      vertex -3.45088 12.0061 1.01
      vertex -3.29465 11.7105 6.99
      vertex -3.29465 11.7105 1.01
    endloop
  endfacet
  facet normal -0.999279 0.0379726 0
    outer loop
      vertex -2.09992 12.3194 1.01
      vertex -2.09992 12.3194 1
      vertex -2.1003 12.3094 1
    endloop
  endfacet
  facet normal -0.999301 0.0373964 0
    outer loop
      vertex -2.11261 11.9803 1.01
      vertex -2.09992 12.3194 6.99
      vertex -2.09992 12.3194 1.01
    endloop
  endfacet
  facet normal -0.999301 0.0373964 0
    outer loop
      vertex -2.09992 12.3194 6.99
      vertex -2.11261 11.9803 1.01
      vertex -2.11261 11.9803 6.99
    endloop
  endfacet
  facet normal -0.846718 0.532042 0
    outer loop
      vertex -2.30539 11.6735 1.01
      vertex -2.11261 11.9803 6.99
      vertex -2.11261 11.9803 1.01
    endloop
  endfacet
  facet normal -0.846718 0.532042 0
    outer loop
      vertex -2.11261 11.9803 6.99
      vertex -2.30539 11.6735 1.01
      vertex -2.30539 11.6735 6.99
    endloop
  endfacet
  facet normal -0.467452 0.884019 0
    outer loop
      vertex -2.30539 11.6735 1.01
      vertex -2.62575 11.5041 6.99
      vertex -2.30539 11.6735 6.99
    endloop
  endfacet
  facet normal -0.467452 0.884019 0
    outer loop
      vertex -2.62575 11.5041 6.99
      vertex -2.30539 11.6735 1.01
      vertex -2.62575 11.5041 1.01
    endloop
  endfacet
  facet normal -0.982443 -0.186565 0
    outer loop
      vertex -4.78501 11.5243 1
      vertex -4.78689 11.5342 1.01
      vertex -4.78689 11.5342 1
    endloop
  endfacet
  facet normal -0.982561 -0.185941 0
    outer loop
      vertex -4.7255 11.2098 1.01
      vertex -4.78689 11.5342 6.99
      vertex -4.78689 11.5342 1.01
    endloop
  endfacet
  facet normal -0.982561 -0.185941 0
    outer loop
      vertex -4.78689 11.5342 6.99
      vertex -4.7255 11.2098 1.01
      vertex -4.7255 11.2098 6.99
    endloop
  endfacet
  facet normal -0.943876 0.330301 0
    outer loop
      vertex -4.84518 10.8678 1.01
      vertex -4.7255 11.2098 6.99
      vertex -4.7255 11.2098 1.01
    endloop
  endfacet
  facet normal -0.943876 0.330301 0
    outer loop
      vertex -4.7255 11.2098 6.99
      vertex -4.84518 10.8678 1.01
      vertex -4.84518 10.8678 6.99
    endloop
  endfacet
  facet normal -0.652358 0.757911 0
    outer loop
      vertex -4.84518 10.8678 1.01
      vertex -5.11983 10.6314 6.99
      vertex -4.84518 10.8678 6.99
    endloop
  endfacet
  facet normal -0.652358 0.757911 0
    outer loop
      vertex -5.11983 10.6314 6.99
      vertex -4.84518 10.8678 1.01
      vertex -5.11983 10.6314 1.01
    endloop
  endfacet
  facet normal -0.18574 0.982599 0
    outer loop
      vertex -5.11983 10.6314 1.01
      vertex -5.47586 10.5641 6.99
      vertex -5.11983 10.6314 6.99
    endloop
  endfacet
  facet normal -0.18574 0.982599 0
    outer loop
      vertex -5.47586 10.5641 6.99
      vertex -5.11983 10.6314 1.01
      vertex -5.47586 10.5641 1.01
    endloop
  endfacet
  facet normal 0.330096 0.943947 -0
    outer loop
      vertex -5.47586 10.5641 1.01
      vertex -5.81787 10.6837 6.99
      vertex -5.47586 10.5641 6.99
    endloop
  endfacet
  facet normal 0.330096 0.943947 0
    outer loop
      vertex -5.81787 10.6837 6.99
      vertex -5.47586 10.5641 1.01
      vertex -5.81787 10.6837 1.01
    endloop
  endfacet
  facet normal 0.758283 0.651926 0
    outer loop
      vertex -6.0357 10.9369 1.01
      vertex -6.02908 10.9292 1
      vertex -6.0357 10.9369 1
    endloop
  endfacet
  facet normal 0.75807 0.652174 0
    outer loop
      vertex -5.81787 10.6837 6.99
      vertex -6.0357 10.9369 1.01
      vertex -6.0357 10.9369 6.99
    endloop
  endfacet
  facet normal 0.75807 0.652174 0
    outer loop
      vertex -6.0357 10.9369 1.01
      vertex -5.81787 10.6837 6.99
      vertex -5.81787 10.6837 1.01
    endloop
  endfacet
  facet normal -0.993712 0.111964 0
    outer loop
      vertex -7.14201 9.51715 1.01
      vertex -7.10144 9.87722 6.99
      vertex -7.10144 9.87722 1.01
    endloop
  endfacet
  facet normal -0.993712 0.111964 0
    outer loop
      vertex -7.10144 9.87722 6.99
      vertex -7.14201 9.51715 1.01
      vertex -7.14201 9.51715 6.99
    endloop
  endfacet
  facet normal -0.399896 0.91656 0
    outer loop
      vertex -7.35718 9.22561 1.01
      vertex -7.68929 9.08071 6.99
      vertex -7.35718 9.22561 6.99
    endloop
  endfacet
  facet normal -0.399896 0.91656 0
    outer loop
      vertex -7.68929 9.08071 6.99
      vertex -7.35718 9.22561 1.01
      vertex -7.68929 9.08071 1.01
    endloop
  endfacet
  facet normal -0.804593 0.593827 0
    outer loop
      vertex -7.35718 9.22561 1.01
      vertex -7.14201 9.51715 6.99
      vertex -7.14201 9.51715 1.01
    endloop
  endfacet
  facet normal -0.804593 0.593827 0
    outer loop
      vertex -7.14201 9.51715 6.99
      vertex -7.35718 9.22561 1.01
      vertex -7.35718 9.22561 6.99
    endloop
  endfacet
  facet normal 0.59347 0.804856 0
    outer loop
      vertex -8.31591 9.318 1.01
      vertex -8.3078 9.31202 1
      vertex -8.31591 9.318 1
    endloop
  endfacet
  facet normal 0.593815 0.804602 -0
    outer loop
      vertex -8.04936 9.12128 1.01
      vertex -8.31591 9.318 6.99
      vertex -8.04936 9.12128 6.99
    endloop
  endfacet
  facet normal 0.593815 0.804602 0
    outer loop
      vertex -8.31591 9.318 6.99
      vertex -8.04936 9.12128 1.01
      vertex -8.31591 9.318 1.01
    endloop
  endfacet
  facet normal 0.111964 0.993712 -0
    outer loop
      vertex -7.68929 9.08071 1.01
      vertex -8.04936 9.12128 6.99
      vertex -7.68929 9.08071 6.99
    endloop
  endfacet
  facet normal 0.111964 0.993712 0
    outer loop
      vertex -8.04936 9.12128 6.99
      vertex -7.68929 9.08071 1.01
      vertex -8.04936 9.12128 1.01
    endloop
  endfacet
  facet normal -0.91575 -0.401748 0
    outer loop
      vertex -7.23287 10.1785 1
      vertex -7.23695 10.1878 1.01
      vertex -7.23695 10.1878 1
    endloop
  endfacet
  facet normal -0.916556 -0.399905 0
    outer loop
      vertex -7.10144 9.87722 1.01
      vertex -7.23695 10.1878 6.99
      vertex -7.23695 10.1878 1.01
    endloop
  endfacet
  facet normal -0.916556 -0.399905 0
    outer loop
      vertex -7.23695 10.1878 6.99
      vertex -7.10144 9.87722 1.01
      vertex -7.10144 9.87722 6.99
    endloop
  endfacet
  facet normal -0.111964 0.993712 0
    outer loop
      vertex -9.51715 7.14201 1.01
      vertex -9.87722 7.10144 6.99
      vertex -9.51715 7.14201 6.99
    endloop
  endfacet
  facet normal -0.111964 0.993712 0
    outer loop
      vertex -9.87722 7.10144 6.99
      vertex -9.51715 7.14201 1.01
      vertex -9.87722 7.10144 1.01
    endloop
  endfacet
  facet normal -0.91656 0.399896 0
    outer loop
      vertex -9.22561 7.35718 1.01
      vertex -9.08071 7.68929 6.99
      vertex -9.08071 7.68929 1.01
    endloop
  endfacet
  facet normal -0.91656 0.399896 0
    outer loop
      vertex -9.08071 7.68929 6.99
      vertex -9.22561 7.35718 1.01
      vertex -9.22561 7.35718 6.99
    endloop
  endfacet
  facet normal 0.401748 0.91575 0
    outer loop
      vertex -10.1878 7.23695 1.01
      vertex -10.1785 7.23287 1
      vertex -10.1878 7.23695 1
    endloop
  endfacet
  facet normal 0.399905 0.916556 -0
    outer loop
      vertex -9.87722 7.10144 1.01
      vertex -10.1878 7.23695 6.99
      vertex -9.87722 7.10144 6.99
    endloop
  endfacet
  facet normal 0.399905 0.916556 0
    outer loop
      vertex -10.1878 7.23695 6.99
      vertex -9.87722 7.10144 1.01
      vertex -10.1878 7.23695 1.01
    endloop
  endfacet
  facet normal -0.593827 0.804593 0
    outer loop
      vertex -9.22561 7.35718 1.01
      vertex -9.51715 7.14201 6.99
      vertex -9.22561 7.35718 6.99
    endloop
  endfacet
  facet normal -0.593827 0.804593 0
    outer loop
      vertex -9.51715 7.14201 6.99
      vertex -9.22561 7.35718 1.01
      vertex -9.51715 7.14201 1.01
    endloop
  endfacet
  facet normal -0.993712 -0.111964 0
    outer loop
      vertex -9.08071 7.68929 1.01
      vertex -9.12128 8.04936 6.99
      vertex -9.12128 8.04936 1.01
    endloop
  endfacet
  facet normal -0.993712 -0.111964 0
    outer loop
      vertex -9.12128 8.04936 6.99
      vertex -9.08071 7.68929 1.01
      vertex -9.08071 7.68929 6.99
    endloop
  endfacet
  facet normal -0.804856 -0.59347 0
    outer loop
      vertex -9.31202 8.3078 1
      vertex -9.318 8.31591 1.01
      vertex -9.318 8.31591 1
    endloop
  endfacet
  facet normal -0.804602 -0.593815 0
    outer loop
      vertex -9.12128 8.04936 1.01
      vertex -9.318 8.31591 6.99
      vertex -9.318 8.31591 1.01
    endloop
  endfacet
  facet normal -0.804602 -0.593815 0
    outer loop
      vertex -9.318 8.31591 6.99
      vertex -9.12128 8.04936 1.01
      vertex -9.12128 8.04936 6.99
    endloop
  endfacet
  facet normal 0.186565 0.982443 0
    outer loop
      vertex -11.5342 4.78689 1.01
      vertex -11.5243 4.78501 1
      vertex -11.5342 4.78689 1
    endloop
  endfacet
  facet normal 0.185941 0.982561 -0
    outer loop
      vertex -11.2098 4.7255 1.01
      vertex -11.5342 4.78689 6.99
      vertex -11.2098 4.7255 6.99
    endloop
  endfacet
  facet normal 0.185941 0.982561 0
    outer loop
      vertex -11.5342 4.78689 6.99
      vertex -11.2098 4.7255 1.01
      vertex -11.5342 4.78689 1.01
    endloop
  endfacet
  facet normal -0.982599 0.18574 0
    outer loop
      vertex -10.6314 5.11983 1.01
      vertex -10.5641 5.47586 6.99
      vertex -10.5641 5.47586 1.01
    endloop
  endfacet
  facet normal -0.982599 0.18574 0
    outer loop
      vertex -10.5641 5.47586 6.99
      vertex -10.6314 5.11983 1.01
      vertex -10.6314 5.11983 6.99
    endloop
  endfacet
  facet normal -0.943947 -0.330096 0
    outer loop
      vertex -10.5641 5.47586 1.01
      vertex -10.6837 5.81787 6.99
      vertex -10.6837 5.81787 1.01
    endloop
  endfacet
  facet normal -0.943947 -0.330096 0
    outer loop
      vertex -10.6837 5.81787 6.99
      vertex -10.5641 5.47586 1.01
      vertex -10.5641 5.47586 6.99
    endloop
  endfacet
  facet normal -0.651926 -0.758283 0
    outer loop
      vertex -10.9292 6.02908 1
      vertex -10.9369 6.0357 1.01
      vertex -10.9369 6.0357 1
    endloop
  endfacet
  facet normal -0.652174 -0.75807 0
    outer loop
      vertex -10.9369 6.0357 1.01
      vertex -10.6837 5.81787 6.99
      vertex -10.9369 6.0357 6.99
    endloop
  endfacet
  facet normal -0.652174 -0.75807 -0
    outer loop
      vertex -10.6837 5.81787 6.99
      vertex -10.9369 6.0357 1.01
      vertex -10.6837 5.81787 1.01
    endloop
  endfacet
  facet normal -0.757911 0.652358 0
    outer loop
      vertex -10.8678 4.84518 1.01
      vertex -10.6314 5.11983 6.99
      vertex -10.6314 5.11983 1.01
    endloop
  endfacet
  facet normal -0.757911 0.652358 0
    outer loop
      vertex -10.6314 5.11983 6.99
      vertex -10.8678 4.84518 1.01
      vertex -10.8678 4.84518 6.99
    endloop
  endfacet
  facet normal -0.330301 0.943876 0
    outer loop
      vertex -10.8678 4.84518 1.01
      vertex -11.2098 4.7255 6.99
      vertex -10.8678 4.84518 6.99
    endloop
  endfacet
  facet normal -0.330301 0.943876 0
    outer loop
      vertex -11.2098 4.7255 6.99
      vertex -10.8678 4.84518 1.01
      vertex -11.2098 4.7255 1.01
    endloop
  endfacet
  facet normal -0.846701 -0.532069 0
    outer loop
      vertex -11.5177 2.98784 1.01
      vertex -11.7105 3.29465 6.99
      vertex -11.7105 3.29465 1.01
    endloop
  endfacet
  facet normal -0.846701 -0.532069 0
    outer loop
      vertex -11.7105 3.29465 6.99
      vertex -11.5177 2.98784 1.01
      vertex -11.5177 2.98784 6.99
    endloop
  endfacet
  facet normal -0.999295 -0.0375333 0
    outer loop
      vertex -11.5041 2.62575 1.01
      vertex -11.5177 2.98784 6.99
      vertex -11.5177 2.98784 1.01
    endloop
  endfacet
  facet normal -0.999295 -0.0375333 0
    outer loop
      vertex -11.5177 2.98784 6.99
      vertex -11.5041 2.62575 1.01
      vertex -11.5041 2.62575 6.99
    endloop
  endfacet
  facet normal -0.884019 0.467452 0
    outer loop
      vertex -11.6735 2.30539 1.01
      vertex -11.5041 2.62575 6.99
      vertex -11.5041 2.62575 1.01
    endloop
  endfacet
  facet normal -0.884019 0.467452 0
    outer loop
      vertex -11.5041 2.62575 6.99
      vertex -11.6735 2.30539 1.01
      vertex -11.6735 2.30539 6.99
    endloop
  endfacet
  facet normal -0.532042 0.846718 0
    outer loop
      vertex -11.6735 2.30539 1.01
      vertex -11.9803 2.11261 6.99
      vertex -11.6735 2.30539 6.99
    endloop
  endfacet
  facet normal -0.532042 0.846718 0
    outer loop
      vertex -11.9803 2.11261 6.99
      vertex -11.6735 2.30539 1.01
      vertex -11.9803 2.11261 1.01
    endloop
  endfacet
  facet normal -0.466974 -0.884271 0
    outer loop
      vertex -11.9972 3.44618 1
      vertex -12.0061 3.45088 1.01
      vertex -12.0061 3.45088 1
    endloop
  endfacet
  facet normal -0.467271 -0.884114 0
    outer loop
      vertex -12.0061 3.45088 1.01
      vertex -11.7105 3.29465 6.99
      vertex -12.0061 3.45088 6.99
    endloop
  endfacet
  facet normal -0.467271 -0.884114 -0
    outer loop
      vertex -11.7105 3.29465 6.99
      vertex -12.0061 3.45088 1.01
      vertex -11.7105 3.29465 1.01
    endloop
  endfacet
  facet normal -0.0379726 0.999279 0
    outer loop
      vertex -12.3194 2.09992 1.01
      vertex -12.3094 2.1003 1
      vertex -12.3194 2.09992 1
    endloop
  endfacet
  facet normal -0.0373964 0.999301 0
    outer loop
      vertex -11.9803 2.11261 1.01
      vertex -12.3194 2.09992 6.99
      vertex -11.9803 2.11261 6.99
    endloop
  endfacet
  facet normal -0.0373964 0.999301 0
    outer loop
      vertex -12.3194 2.09992 6.99
      vertex -11.9803 2.11261 1.01
      vertex -12.3194 2.09992 1.01
    endloop
  endfacet
  facet normal -0.707132 0.707082 0
    outer loop
      vertex -12.15 -0.606217 1.01
      vertex -11.8938 -0.349999 6.99
      vertex -11.8938 -0.349999 1.01
    endloop
  endfacet
  facet normal -0.707132 0.707082 0
    outer loop
      vertex -11.8938 -0.349999 6.99
      vertex -12.15 -0.606217 1.01
      vertex -12.15 -0.606217 6.99
    endloop
  endfacet
  facet normal -0.25846 -0.966022 0
    outer loop
      vertex -12.46 0.689283 1
      vertex -12.4698 0.691905 1.01
      vertex -12.4698 0.691905 1
    endloop
  endfacet
  facet normal -0.258813 -0.965927 0
    outer loop
      vertex -12.4698 0.691905 1.01
      vertex -12.15 0.606217 6.99
      vertex -12.4698 0.691905 6.99
    endloop
  endfacet
  facet normal -0.258813 -0.965927 -0
    outer loop
      vertex -12.15 0.606217 6.99
      vertex -12.4698 0.691905 1.01
      vertex -12.15 0.606217 1.01
    endloop
  endfacet
  facet normal -0.25846 0.966022 0
    outer loop
      vertex -12.4698 -0.691905 1.01
      vertex -12.46 -0.689283 1
      vertex -12.4698 -0.691905 1
    endloop
  endfacet
  facet normal -0.258813 0.965927 0
    outer loop
      vertex -12.15 -0.606217 1.01
      vertex -12.4698 -0.691905 6.99
      vertex -12.15 -0.606217 6.99
    endloop
  endfacet
  facet normal -0.258813 0.965927 0
    outer loop
      vertex -12.4698 -0.691905 6.99
      vertex -12.15 -0.606217 1.01
      vertex -12.4698 -0.691905 1.01
    endloop
  endfacet
  facet normal -0.965913 0.258866 0
    outer loop
      vertex -11.8938 -0.349999 1.01
      vertex -11.8 0 6.99
      vertex -11.8 0 1.01
    endloop
  endfacet
  facet normal -0.965913 0.258866 0
    outer loop
      vertex -11.8 0 6.99
      vertex -11.8938 -0.349999 1.01
      vertex -11.8938 -0.349999 6.99
    endloop
  endfacet
  facet normal -0.965913 -0.258866 0
    outer loop
      vertex -11.8 0 1.01
      vertex -11.8938 0.349999 6.99
      vertex -11.8938 0.349999 1.01
    endloop
  endfacet
  facet normal -0.965913 -0.258866 0
    outer loop
      vertex -11.8938 0.349999 6.99
      vertex -11.8 0 1.01
      vertex -11.8 0 6.99
    endloop
  endfacet
  facet normal -0.707132 -0.707082 0
    outer loop
      vertex -11.8938 0.349999 1.01
      vertex -12.15 0.606217 6.99
      vertex -12.15 0.606217 1.01
    endloop
  endfacet
  facet normal -0.707132 -0.707082 0
    outer loop
      vertex -12.15 0.606217 6.99
      vertex -11.8938 0.349999 1.01
      vertex -11.8938 0.349999 6.99
    endloop
  endfacet
  facet normal -0.846701 0.532069 0
    outer loop
      vertex -11.7105 -3.29465 1.01
      vertex -11.5177 -2.98784 6.99
      vertex -11.5177 -2.98784 1.01
    endloop
  endfacet
  facet normal -0.846701 0.532069 0
    outer loop
      vertex -11.5177 -2.98784 6.99
      vertex -11.7105 -3.29465 1.01
      vertex -11.7105 -3.29465 6.99
    endloop
  endfacet
  facet normal -0.999295 0.0375333 0
    outer loop
      vertex -11.5177 -2.98784 1.01
      vertex -11.5041 -2.62575 6.99
      vertex -11.5041 -2.62575 1.01
    endloop
  endfacet
  facet normal -0.999295 0.0375333 0
    outer loop
      vertex -11.5041 -2.62575 6.99
      vertex -11.5177 -2.98784 1.01
      vertex -11.5177 -2.98784 6.99
    endloop
  endfacet
  facet normal -0.466974 0.884271 0
    outer loop
      vertex -12.0061 -3.45088 1.01
      vertex -11.9972 -3.44618 1
      vertex -12.0061 -3.45088 1
    endloop
  endfacet
  facet normal -0.467271 0.884114 0
    outer loop
      vertex -11.7105 -3.29465 1.01
      vertex -12.0061 -3.45088 6.99
      vertex -11.7105 -3.29465 6.99
    endloop
  endfacet
  facet normal -0.467271 0.884114 0
    outer loop
      vertex -12.0061 -3.45088 6.99
      vertex -11.7105 -3.29465 1.01
      vertex -12.0061 -3.45088 1.01
    endloop
  endfacet
  facet normal -0.0379726 -0.999279 0
    outer loop
      vertex -12.3094 -2.1003 1
      vertex -12.3194 -2.09992 1.01
      vertex -12.3194 -2.09992 1
    endloop
  endfacet
  facet normal -0.0373964 -0.999301 0
    outer loop
      vertex -12.3194 -2.09992 1.01
      vertex -11.9803 -2.11261 6.99
      vertex -12.3194 -2.09992 6.99
    endloop
  endfacet
  facet normal -0.0373964 -0.999301 -0
    outer loop
      vertex -11.9803 -2.11261 6.99
      vertex -12.3194 -2.09992 1.01
      vertex -11.9803 -2.11261 1.01
    endloop
  endfacet
  facet normal -0.532042 -0.846718 0
    outer loop
      vertex -11.9803 -2.11261 1.01
      vertex -11.6735 -2.30539 6.99
      vertex -11.9803 -2.11261 6.99
    endloop
  endfacet
  facet normal -0.532042 -0.846718 -0
    outer loop
      vertex -11.6735 -2.30539 6.99
      vertex -11.9803 -2.11261 1.01
      vertex -11.6735 -2.30539 1.01
    endloop
  endfacet
  facet normal -0.884019 -0.467452 0
    outer loop
      vertex -11.5041 -2.62575 1.01
      vertex -11.6735 -2.30539 6.99
      vertex -11.6735 -2.30539 1.01
    endloop
  endfacet
  facet normal -0.884019 -0.467452 0
    outer loop
      vertex -11.6735 -2.30539 6.99
      vertex -11.5041 -2.62575 1.01
      vertex -11.5041 -2.62575 6.99
    endloop
  endfacet
  facet normal 0.186565 -0.982443 0
    outer loop
      vertex -11.5243 -4.78501 1
      vertex -11.5342 -4.78689 1.01
      vertex -11.5342 -4.78689 1
    endloop
  endfacet
  facet normal 0.185941 -0.982561 0
    outer loop
      vertex -11.5342 -4.78689 1.01
      vertex -11.2098 -4.7255 6.99
      vertex -11.5342 -4.78689 6.99
    endloop
  endfacet
  facet normal 0.185941 -0.982561 0
    outer loop
      vertex -11.2098 -4.7255 6.99
      vertex -11.5342 -4.78689 1.01
      vertex -11.2098 -4.7255 1.01
    endloop
  endfacet
  facet normal -0.330301 -0.943876 0
    outer loop
      vertex -11.2098 -4.7255 1.01
      vertex -10.8678 -4.84518 6.99
      vertex -11.2098 -4.7255 6.99
    endloop
  endfacet
  facet normal -0.330301 -0.943876 -0
    outer loop
      vertex -10.8678 -4.84518 6.99
      vertex -11.2098 -4.7255 1.01
      vertex -10.8678 -4.84518 1.01
    endloop
  endfacet
  facet normal -0.757911 -0.652358 0
    outer loop
      vertex -10.6314 -5.11983 1.01
      vertex -10.8678 -4.84518 6.99
      vertex -10.8678 -4.84518 1.01
    endloop
  endfacet
  facet normal -0.757911 -0.652358 0
    outer loop
      vertex -10.8678 -4.84518 6.99
      vertex -10.6314 -5.11983 1.01
      vertex -10.6314 -5.11983 6.99
    endloop
  endfacet
  facet normal -0.982599 -0.18574 0
    outer loop
      vertex -10.5641 -5.47586 1.01
      vertex -10.6314 -5.11983 6.99
      vertex -10.6314 -5.11983 1.01
    endloop
  endfacet
  facet normal -0.982599 -0.18574 0
    outer loop
      vertex -10.6314 -5.11983 6.99
      vertex -10.5641 -5.47586 1.01
      vertex -10.5641 -5.47586 6.99
    endloop
  endfacet
  facet normal -0.943947 0.330096 0
    outer loop
      vertex -10.6837 -5.81787 1.01
      vertex -10.5641 -5.47586 6.99
      vertex -10.5641 -5.47586 1.01
    endloop
  endfacet
  facet normal -0.943947 0.330096 0
    outer loop
      vertex -10.5641 -5.47586 6.99
      vertex -10.6837 -5.81787 1.01
      vertex -10.6837 -5.81787 6.99
    endloop
  endfacet
  facet normal -0.651926 0.758283 0
    outer loop
      vertex -10.9369 -6.0357 1.01
      vertex -10.9292 -6.02908 1
      vertex -10.9369 -6.0357 1
    endloop
  endfacet
  facet normal -0.652174 0.75807 0
    outer loop
      vertex -10.6837 -5.81787 1.01
      vertex -10.9369 -6.0357 6.99
      vertex -10.6837 -5.81787 6.99
    endloop
  endfacet
  facet normal -0.652174 0.75807 0
    outer loop
      vertex -10.9369 -6.0357 6.99
      vertex -10.6837 -5.81787 1.01
      vertex -10.9369 -6.0357 1.01
    endloop
  endfacet
  facet normal -0.111964 -0.993712 0
    outer loop
      vertex -9.87722 -7.10144 1.01
      vertex -9.51715 -7.14201 6.99
      vertex -9.87722 -7.10144 6.99
    endloop
  endfacet
  facet normal -0.111964 -0.993712 -0
    outer loop
      vertex -9.51715 -7.14201 6.99
      vertex -9.87722 -7.10144 1.01
      vertex -9.51715 -7.14201 1.01
    endloop
  endfacet
  facet normal -0.804856 0.59347 0
    outer loop
      vertex -9.318 -8.31591 1.01
      vertex -9.31202 -8.3078 1
      vertex -9.318 -8.31591 1
    endloop
  endfacet
  facet normal -0.804602 0.593815 0
    outer loop
      vertex -9.318 -8.31591 1.01
      vertex -9.12128 -8.04936 6.99
      vertex -9.12128 -8.04936 1.01
    endloop
  endfacet
  facet normal -0.804602 0.593815 0
    outer loop
      vertex -9.12128 -8.04936 6.99
      vertex -9.318 -8.31591 1.01
      vertex -9.318 -8.31591 6.99
    endloop
  endfacet
  facet normal -0.993712 0.111964 0
    outer loop
      vertex -9.12128 -8.04936 1.01
      vertex -9.08071 -7.68929 6.99
      vertex -9.08071 -7.68929 1.01
    endloop
  endfacet
  facet normal -0.993712 0.111964 0
    outer loop
      vertex -9.08071 -7.68929 6.99
      vertex -9.12128 -8.04936 1.01
      vertex -9.12128 -8.04936 6.99
    endloop
  endfacet
  facet normal 0.401748 -0.91575 0
    outer loop
      vertex -10.1785 -7.23287 1
      vertex -10.1878 -7.23695 1.01
      vertex -10.1878 -7.23695 1
    endloop
  endfacet
  facet normal 0.399905 -0.916556 0
    outer loop
      vertex -10.1878 -7.23695 1.01
      vertex -9.87722 -7.10144 6.99
      vertex -10.1878 -7.23695 6.99
    endloop
  endfacet
  facet normal 0.399905 -0.916556 0
    outer loop
      vertex -9.87722 -7.10144 6.99
      vertex -10.1878 -7.23695 1.01
      vertex -9.87722 -7.10144 1.01
    endloop
  endfacet
  facet normal -0.593827 -0.804593 0
    outer loop
      vertex -9.51715 -7.14201 1.01
      vertex -9.22561 -7.35718 6.99
      vertex -9.51715 -7.14201 6.99
    endloop
  endfacet
  facet normal -0.593827 -0.804593 -0
    outer loop
      vertex -9.22561 -7.35718 6.99
      vertex -9.51715 -7.14201 1.01
      vertex -9.22561 -7.35718 1.01
    endloop
  endfacet
  facet normal -0.91656 -0.399896 0
    outer loop
      vertex -9.08071 -7.68929 1.01
      vertex -9.22561 -7.35718 6.99
      vertex -9.22561 -7.35718 1.01
    endloop
  endfacet
  facet normal -0.91656 -0.399896 0
    outer loop
      vertex -9.22561 -7.35718 6.99
      vertex -9.08071 -7.68929 1.01
      vertex -9.08071 -7.68929 6.99
    endloop
  endfacet
  facet normal -0.399896 -0.91656 0
    outer loop
      vertex -7.68929 -9.08071 1.01
      vertex -7.35718 -9.22561 6.99
      vertex -7.68929 -9.08071 6.99
    endloop
  endfacet
  facet normal -0.399896 -0.91656 -0
    outer loop
      vertex -7.35718 -9.22561 6.99
      vertex -7.68929 -9.08071 1.01
      vertex -7.35718 -9.22561 1.01
    endloop
  endfacet
  facet normal -0.993712 -0.111964 0
    outer loop
      vertex -7.10144 -9.87722 1.01
      vertex -7.14201 -9.51715 6.99
      vertex -7.14201 -9.51715 1.01
    endloop
  endfacet
  facet normal -0.993712 -0.111964 0
    outer loop
      vertex -7.14201 -9.51715 6.99
      vertex -7.10144 -9.87722 1.01
      vertex -7.10144 -9.87722 6.99
    endloop
  endfacet
  facet normal -0.91575 0.401748 0
    outer loop
      vertex -7.23695 -10.1878 1.01
      vertex -7.23287 -10.1785 1
      vertex -7.23695 -10.1878 1
    endloop
  endfacet
  facet normal -0.916556 0.399905 0
    outer loop
      vertex -7.23695 -10.1878 1.01
      vertex -7.10144 -9.87722 6.99
      vertex -7.10144 -9.87722 1.01
    endloop
  endfacet
  facet normal -0.916556 0.399905 0
    outer loop
      vertex -7.10144 -9.87722 6.99
      vertex -7.23695 -10.1878 1.01
      vertex -7.23695 -10.1878 6.99
    endloop
  endfacet
  facet normal -0.804593 -0.593827 0
    outer loop
      vertex -7.14201 -9.51715 1.01
      vertex -7.35718 -9.22561 6.99
      vertex -7.35718 -9.22561 1.01
    endloop
  endfacet
  facet normal -0.804593 -0.593827 0
    outer loop
      vertex -7.35718 -9.22561 6.99
      vertex -7.14201 -9.51715 1.01
      vertex -7.14201 -9.51715 6.99
    endloop
  endfacet
  facet normal 0.111964 -0.993712 0
    outer loop
      vertex -8.04936 -9.12128 1.01
      vertex -7.68929 -9.08071 6.99
      vertex -8.04936 -9.12128 6.99
    endloop
  endfacet
  facet normal 0.111964 -0.993712 0
    outer loop
      vertex -7.68929 -9.08071 6.99
      vertex -8.04936 -9.12128 1.01
      vertex -7.68929 -9.08071 1.01
    endloop
  endfacet
  facet normal 0.59347 -0.804856 0
    outer loop
      vertex -8.3078 -9.31202 1
      vertex -8.31591 -9.318 1.01
      vertex -8.31591 -9.318 1
    endloop
  endfacet
  facet normal 0.593815 -0.804602 0
    outer loop
      vertex -8.31591 -9.318 1.01
      vertex -8.04936 -9.12128 6.99
      vertex -8.31591 -9.318 6.99
    endloop
  endfacet
  facet normal 0.593815 -0.804602 0
    outer loop
      vertex -8.04936 -9.12128 6.99
      vertex -8.31591 -9.318 1.01
      vertex -8.04936 -9.12128 1.01
    endloop
  endfacet
  facet normal -0.982443 0.186565 0
    outer loop
      vertex -4.78689 -11.5342 1.01
      vertex -4.78501 -11.5243 1
      vertex -4.78689 -11.5342 1
    endloop
  endfacet
  facet normal -0.982561 0.185941 0
    outer loop
      vertex -4.78689 -11.5342 1.01
      vertex -4.7255 -11.2098 6.99
      vertex -4.7255 -11.2098 1.01
    endloop
  endfacet
  facet normal -0.982561 0.185941 0
    outer loop
      vertex -4.7255 -11.2098 6.99
      vertex -4.78689 -11.5342 1.01
      vertex -4.78689 -11.5342 6.99
    endloop
  endfacet
  facet normal -0.18574 -0.982599 0
    outer loop
      vertex -5.47586 -10.5641 1.01
      vertex -5.11983 -10.6314 6.99
      vertex -5.47586 -10.5641 6.99
    endloop
  endfacet
  facet normal -0.18574 -0.982599 -0
    outer loop
      vertex -5.11983 -10.6314 6.99
      vertex -5.47586 -10.5641 1.01
      vertex -5.11983 -10.6314 1.01
    endloop
  endfacet
  facet normal 0.330096 -0.943947 0
    outer loop
      vertex -5.81787 -10.6837 1.01
      vertex -5.47586 -10.5641 6.99
      vertex -5.81787 -10.6837 6.99
    endloop
  endfacet
  facet normal 0.330096 -0.943947 0
    outer loop
      vertex -5.47586 -10.5641 6.99
      vertex -5.81787 -10.6837 1.01
      vertex -5.47586 -10.5641 1.01
    endloop
  endfacet
  facet normal 0.758283 -0.651926 0
    outer loop
      vertex -6.02908 -10.9292 1
      vertex -6.0357 -10.9369 1.01
      vertex -6.0357 -10.9369 1
    endloop
  endfacet
  facet normal 0.75807 -0.652174 0
    outer loop
      vertex -6.0357 -10.9369 6.99
      vertex -5.81787 -10.6837 1.01
      vertex -5.81787 -10.6837 6.99
    endloop
  endfacet
  facet normal 0.75807 -0.652174 0
    outer loop
      vertex -5.81787 -10.6837 1.01
      vertex -6.0357 -10.9369 6.99
      vertex -6.0357 -10.9369 1.01
    endloop
  endfacet
  facet normal -0.943876 -0.330301 0
    outer loop
      vertex -4.7255 -11.2098 1.01
      vertex -4.84518 -10.8678 6.99
      vertex -4.84518 -10.8678 1.01
    endloop
  endfacet
  facet normal -0.943876 -0.330301 0
    outer loop
      vertex -4.84518 -10.8678 6.99
      vertex -4.7255 -11.2098 1.01
      vertex -4.7255 -11.2098 6.99
    endloop
  endfacet
  facet normal -0.652358 -0.757911 0
    outer loop
      vertex -5.11983 -10.6314 1.01
      vertex -4.84518 -10.8678 6.99
      vertex -5.11983 -10.6314 6.99
    endloop
  endfacet
  facet normal -0.652358 -0.757911 -0
    outer loop
      vertex -4.84518 -10.8678 6.99
      vertex -5.11983 -10.6314 1.01
      vertex -4.84518 -10.8678 1.01
    endloop
  endfacet
  facet normal 0.532069 -0.846701 0
    outer loop
      vertex -3.29465 -11.7105 1.01
      vertex -2.98784 -11.5177 6.99
      vertex -3.29465 -11.7105 6.99
    endloop
  endfacet
  facet normal 0.532069 -0.846701 0
    outer loop
      vertex -2.98784 -11.5177 6.99
      vertex -3.29465 -11.7105 1.01
      vertex -2.98784 -11.5177 1.01
    endloop
  endfacet
  facet normal 0.0375333 -0.999295 0
    outer loop
      vertex -2.98784 -11.5177 1.01
      vertex -2.62575 -11.5041 6.99
      vertex -2.98784 -11.5177 6.99
    endloop
  endfacet
  facet normal 0.0375333 -0.999295 0
    outer loop
      vertex -2.62575 -11.5041 6.99
      vertex -2.98784 -11.5177 1.01
      vertex -2.62575 -11.5041 1.01
    endloop
  endfacet
  facet normal -0.846718 -0.532042 0
    outer loop
      vertex -2.11261 -11.9803 1.01
      vertex -2.30539 -11.6735 6.99
      vertex -2.30539 -11.6735 1.01
    endloop
  endfacet
  facet normal -0.846718 -0.532042 0
    outer loop
      vertex -2.30539 -11.6735 6.99
      vertex -2.11261 -11.9803 1.01
      vertex -2.11261 -11.9803 6.99
    endloop
  endfacet
  facet normal -0.999279 -0.0379726 0
    outer loop
      vertex -2.09992 -12.3194 1
      vertex -2.09992 -12.3194 1.01
      vertex -2.1003 -12.3094 1
    endloop
  endfacet
  facet normal -0.999301 -0.0373964 0
    outer loop
      vertex -2.09992 -12.3194 1.01
      vertex -2.11261 -11.9803 6.99
      vertex -2.11261 -11.9803 1.01
    endloop
  endfacet
  facet normal -0.999301 -0.0373964 0
    outer loop
      vertex -2.11261 -11.9803 6.99
      vertex -2.09992 -12.3194 1.01
      vertex -2.09992 -12.3194 6.99
    endloop
  endfacet
  facet normal 0.884271 -0.466974 0
    outer loop
      vertex -3.44618 -11.9972 1
      vertex -3.45088 -12.0061 1.01
      vertex -3.45088 -12.0061 1
    endloop
  endfacet
  facet normal 0.884114 -0.467271 0
    outer loop
      vertex -3.45088 -12.0061 6.99
      vertex -3.29465 -11.7105 1.01
      vertex -3.29465 -11.7105 6.99
    endloop
  endfacet
  facet normal 0.884114 -0.467271 0
    outer loop
      vertex -3.29465 -11.7105 1.01
      vertex -3.45088 -12.0061 6.99
      vertex -3.45088 -12.0061 1.01
    endloop
  endfacet
  facet normal -0.467452 -0.884019 0
    outer loop
      vertex -2.62575 -11.5041 1.01
      vertex -2.30539 -11.6735 6.99
      vertex -2.62575 -11.5041 6.99
    endloop
  endfacet
  facet normal -0.467452 -0.884019 -0
    outer loop
      vertex -2.30539 -11.6735 6.99
      vertex -2.62575 -11.5041 1.01
      vertex -2.30539 -11.6735 1.01
    endloop
  endfacet
  facet normal 0.966022 -0.25846 0
    outer loop
      vertex -0.689283 -12.46 1
      vertex -0.691905 -12.4698 1.01
      vertex -0.691905 -12.4698 1
    endloop
  endfacet
  facet normal 0.965927 -0.258813 0
    outer loop
      vertex -0.691905 -12.4698 6.99
      vertex -0.606217 -12.15 1.01
      vertex -0.606217 -12.15 6.99
    endloop
  endfacet
  facet normal 0.965927 -0.258813 0
    outer loop
      vertex -0.606217 -12.15 1.01
      vertex -0.691905 -12.4698 6.99
      vertex -0.691905 -12.4698 1.01
    endloop
  endfacet
  facet normal -0.966022 -0.25846 0
    outer loop
      vertex 0.691905 -12.4698 1
      vertex 0.691905 -12.4698 1.01
      vertex 0.689283 -12.46 1
    endloop
  endfacet
  facet normal -0.965927 -0.258813 0
    outer loop
      vertex 0.691905 -12.4698 1.01
      vertex 0.606217 -12.15 6.99
      vertex 0.606217 -12.15 1.01
    endloop
  endfacet
  facet normal -0.965927 -0.258813 0
    outer loop
      vertex 0.606217 -12.15 6.99
      vertex 0.691905 -12.4698 1.01
      vertex 0.691905 -12.4698 6.99
    endloop
  endfacet
  facet normal -0.258866 -0.965913 0
    outer loop
      vertex 0 -11.8 1.01
      vertex 0.349999 -11.8938 6.99
      vertex 0 -11.8 6.99
    endloop
  endfacet
  facet normal -0.258866 -0.965913 -0
    outer loop
      vertex 0.349999 -11.8938 6.99
      vertex 0 -11.8 1.01
      vertex 0.349999 -11.8938 1.01
    endloop
  endfacet
  facet normal 0.258866 -0.965913 0
    outer loop
      vertex -0.349999 -11.8938 1.01
      vertex 0 -11.8 6.99
      vertex -0.349999 -11.8938 6.99
    endloop
  endfacet
  facet normal 0.258866 -0.965913 0
    outer loop
      vertex 0 -11.8 6.99
      vertex -0.349999 -11.8938 1.01
      vertex 0 -11.8 1.01
    endloop
  endfacet
  facet normal 0.707082 -0.707132 0
    outer loop
      vertex -0.606217 -12.15 6.99
      vertex -0.349999 -11.8938 1.01
      vertex -0.349999 -11.8938 6.99
    endloop
  endfacet
  facet normal 0.707082 -0.707132 0
    outer loop
      vertex -0.349999 -11.8938 1.01
      vertex -0.606217 -12.15 6.99
      vertex -0.606217 -12.15 1.01
    endloop
  endfacet
  facet normal -0.707082 -0.707132 0
    outer loop
      vertex 0.606217 -12.15 1.01
      vertex 0.349999 -11.8938 6.99
      vertex 0.349999 -11.8938 1.01
    endloop
  endfacet
  facet normal -0.707082 -0.707132 0
    outer loop
      vertex 0.349999 -11.8938 6.99
      vertex 0.606217 -12.15 1.01
      vertex 0.606217 -12.15 6.99
    endloop
  endfacet
  facet normal -0.0375333 -0.999295 0
    outer loop
      vertex 2.62575 -11.5041 1.01
      vertex 2.98784 -11.5177 6.99
      vertex 2.62575 -11.5041 6.99
    endloop
  endfacet
  facet normal -0.0375333 -0.999295 -0
    outer loop
      vertex 2.98784 -11.5177 6.99
      vertex 2.62575 -11.5041 1.01
      vertex 2.98784 -11.5177 1.01
    endloop
  endfacet
  facet normal -0.884271 -0.466974 0
    outer loop
      vertex 3.45088 -12.0061 1
      vertex 3.45088 -12.0061 1.01
      vertex 3.44618 -11.9972 1
    endloop
  endfacet
  facet normal -0.884114 -0.467271 0
    outer loop
      vertex 3.45088 -12.0061 1.01
      vertex 3.29465 -11.7105 6.99
      vertex 3.29465 -11.7105 1.01
    endloop
  endfacet
  facet normal -0.884114 -0.467271 0
    outer loop
      vertex 3.29465 -11.7105 6.99
      vertex 3.45088 -12.0061 1.01
      vertex 3.45088 -12.0061 6.99
    endloop
  endfacet
  facet normal 0.999279 -0.0379726 0
    outer loop
      vertex 2.1003 -12.3094 1
      vertex 2.09992 -12.3194 1.01
      vertex 2.09992 -12.3194 1
    endloop
  endfacet
  facet normal 0.999301 -0.0373964 0
    outer loop
      vertex 2.09992 -12.3194 6.99
      vertex 2.11261 -11.9803 1.01
      vertex 2.11261 -11.9803 6.99
    endloop
  endfacet
  facet normal 0.999301 -0.0373964 0
    outer loop
      vertex 2.11261 -11.9803 1.01
      vertex 2.09992 -12.3194 6.99
      vertex 2.09992 -12.3194 1.01
    endloop
  endfacet
  facet normal -0.532069 -0.846701 0
    outer loop
      vertex 2.98784 -11.5177 1.01
      vertex 3.29465 -11.7105 6.99
      vertex 2.98784 -11.5177 6.99
    endloop
  endfacet
  facet normal -0.532069 -0.846701 -0
    outer loop
      vertex 3.29465 -11.7105 6.99
      vertex 2.98784 -11.5177 1.01
      vertex 3.29465 -11.7105 1.01
    endloop
  endfacet
  facet normal 0.846718 -0.532042 0
    outer loop
      vertex 2.11261 -11.9803 6.99
      vertex 2.30539 -11.6735 1.01
      vertex 2.30539 -11.6735 6.99
    endloop
  endfacet
  facet normal 0.846718 -0.532042 0
    outer loop
      vertex 2.30539 -11.6735 1.01
      vertex 2.11261 -11.9803 6.99
      vertex 2.11261 -11.9803 1.01
    endloop
  endfacet
  facet normal 0.467452 -0.884019 0
    outer loop
      vertex 2.30539 -11.6735 1.01
      vertex 2.62575 -11.5041 6.99
      vertex 2.30539 -11.6735 6.99
    endloop
  endfacet
  facet normal 0.467452 -0.884019 0
    outer loop
      vertex 2.62575 -11.5041 6.99
      vertex 2.30539 -11.6735 1.01
      vertex 2.62575 -11.5041 1.01
    endloop
  endfacet
  facet normal 0.943876 -0.330301 0
    outer loop
      vertex 4.7255 -11.2098 6.99
      vertex 4.84518 -10.8678 1.01
      vertex 4.84518 -10.8678 6.99
    endloop
  endfacet
  facet normal 0.943876 -0.330301 0
    outer loop
      vertex 4.84518 -10.8678 1.01
      vertex 4.7255 -11.2098 6.99
      vertex 4.7255 -11.2098 1.01
    endloop
  endfacet
  facet normal 0.652358 -0.757911 0
    outer loop
      vertex 4.84518 -10.8678 1.01
      vertex 5.11983 -10.6314 6.99
      vertex 4.84518 -10.8678 6.99
    endloop
  endfacet
  facet normal 0.652358 -0.757911 0
    outer loop
      vertex 5.11983 -10.6314 6.99
      vertex 4.84518 -10.8678 1.01
      vertex 5.11983 -10.6314 1.01
    endloop
  endfacet
  facet normal 0.18574 -0.982599 0
    outer loop
      vertex 5.11983 -10.6314 1.01
      vertex 5.47586 -10.5641 6.99
      vertex 5.11983 -10.6314 6.99
    endloop
  endfacet
  facet normal 0.18574 -0.982599 0
    outer loop
      vertex 5.47586 -10.5641 6.99
      vertex 5.11983 -10.6314 1.01
      vertex 5.47586 -10.5641 1.01
    endloop
  endfacet
  facet normal 0.982443 0.186565 0
    outer loop
      vertex 4.78689 -11.5342 1.01
      vertex 4.78689 -11.5342 1
      vertex 4.78501 -11.5243 1
    endloop
  endfacet
  facet normal 0.982561 0.185941 0
    outer loop
      vertex 4.78689 -11.5342 6.99
      vertex 4.7255 -11.2098 1.01
      vertex 4.7255 -11.2098 6.99
    endloop
  endfacet
  facet normal 0.982561 0.185941 0
    outer loop
      vertex 4.7255 -11.2098 1.01
      vertex 4.78689 -11.5342 6.99
      vertex 4.78689 -11.5342 1.01
    endloop
  endfacet
  facet normal -0.330096 -0.943947 0
    outer loop
      vertex 5.47586 -10.5641 1.01
      vertex 5.81787 -10.6837 6.99
      vertex 5.47586 -10.5641 6.99
    endloop
  endfacet
  facet normal -0.330096 -0.943947 -0
    outer loop
      vertex 5.81787 -10.6837 6.99
      vertex 5.47586 -10.5641 1.01
      vertex 5.81787 -10.6837 1.01
    endloop
  endfacet
  facet normal -0.758283 -0.651926 0
    outer loop
      vertex 6.0357 -10.9369 1
      vertex 6.0357 -10.9369 1.01
      vertex 6.02908 -10.9292 1
    endloop
  endfacet
  facet normal -0.75807 -0.652174 0
    outer loop
      vertex 6.0357 -10.9369 1.01
      vertex 5.81787 -10.6837 6.99
      vertex 5.81787 -10.6837 1.01
    endloop
  endfacet
  facet normal -0.75807 -0.652174 0
    outer loop
      vertex 5.81787 -10.6837 6.99
      vertex 6.0357 -10.9369 1.01
      vertex 6.0357 -10.9369 6.99
    endloop
  endfacet
  facet normal 0.993712 -0.111964 0
    outer loop
      vertex 7.10144 -9.87722 6.99
      vertex 7.14201 -9.51715 1.01
      vertex 7.14201 -9.51715 6.99
    endloop
  endfacet
  facet normal 0.993712 -0.111964 0
    outer loop
      vertex 7.14201 -9.51715 1.01
      vertex 7.10144 -9.87722 6.99
      vertex 7.10144 -9.87722 1.01
    endloop
  endfacet
  facet normal -0.111964 -0.993712 0
    outer loop
      vertex 7.68929 -9.08071 1.01
      vertex 8.04936 -9.12128 6.99
      vertex 7.68929 -9.08071 6.99
    endloop
  endfacet
  facet normal -0.111964 -0.993712 -0
    outer loop
      vertex 8.04936 -9.12128 6.99
      vertex 7.68929 -9.08071 1.01
      vertex 8.04936 -9.12128 1.01
    endloop
  endfacet
  facet normal 0.91575 0.401748 0
    outer loop
      vertex 7.23695 -10.1878 1.01
      vertex 7.23695 -10.1878 1
      vertex 7.23287 -10.1785 1
    endloop
  endfacet
  facet normal 0.916556 0.399905 0
    outer loop
      vertex 7.23695 -10.1878 6.99
      vertex 7.10144 -9.87722 1.01
      vertex 7.10144 -9.87722 6.99
    endloop
  endfacet
  facet normal 0.916556 0.399905 0
    outer loop
      vertex 7.10144 -9.87722 1.01
      vertex 7.23695 -10.1878 6.99
      vertex 7.23695 -10.1878 1.01
    endloop
  endfacet
  facet normal -0.59347 -0.804856 0
    outer loop
      vertex 8.31591 -9.318 1
      vertex 8.31591 -9.318 1.01
      vertex 8.3078 -9.31202 1
    endloop
  endfacet
  facet normal -0.593815 -0.804602 0
    outer loop
      vertex 8.04936 -9.12128 1.01
      vertex 8.31591 -9.318 6.99
      vertex 8.04936 -9.12128 6.99
    endloop
  endfacet
  facet normal -0.593815 -0.804602 -0
    outer loop
      vertex 8.31591 -9.318 6.99
      vertex 8.04936 -9.12128 1.01
      vertex 8.31591 -9.318 1.01
    endloop
  endfacet
  facet normal 0.804593 -0.593827 0
    outer loop
      vertex 7.14201 -9.51715 6.99
      vertex 7.35718 -9.22561 1.01
      vertex 7.35718 -9.22561 6.99
    endloop
  endfacet
  facet normal 0.804593 -0.593827 0
    outer loop
      vertex 7.35718 -9.22561 1.01
      vertex 7.14201 -9.51715 6.99
      vertex 7.14201 -9.51715 1.01
    endloop
  endfacet
  facet normal 0.399896 -0.91656 0
    outer loop
      vertex 7.35718 -9.22561 1.01
      vertex 7.68929 -9.08071 6.99
      vertex 7.35718 -9.22561 6.99
    endloop
  endfacet
  facet normal 0.399896 -0.91656 0
    outer loop
      vertex 7.68929 -9.08071 6.99
      vertex 7.35718 -9.22561 1.01
      vertex 7.68929 -9.08071 1.01
    endloop
  endfacet
  facet normal 0.91656 -0.399896 0
    outer loop
      vertex 9.08071 -7.68929 6.99
      vertex 9.22561 -7.35718 1.01
      vertex 9.22561 -7.35718 6.99
    endloop
  endfacet
  facet normal 0.91656 -0.399896 0
    outer loop
      vertex 9.22561 -7.35718 1.01
      vertex 9.08071 -7.68929 6.99
      vertex 9.08071 -7.68929 1.01
    endloop
  endfacet
  facet normal 0.111964 -0.993712 0
    outer loop
      vertex 9.51715 -7.14201 1.01
      vertex 9.87722 -7.10144 6.99
      vertex 9.51715 -7.14201 6.99
    endloop
  endfacet
  facet normal 0.111964 -0.993712 0
    outer loop
      vertex 9.87722 -7.10144 6.99
      vertex 9.51715 -7.14201 1.01
      vertex 9.87722 -7.10144 1.01
    endloop
  endfacet
  facet normal -0.401748 -0.91575 0
    outer loop
      vertex 10.1878 -7.23695 1
      vertex 10.1878 -7.23695 1.01
      vertex 10.1785 -7.23287 1
    endloop
  endfacet
  facet normal -0.399905 -0.916556 0
    outer loop
      vertex 9.87722 -7.10144 1.01
      vertex 10.1878 -7.23695 6.99
      vertex 9.87722 -7.10144 6.99
    endloop
  endfacet
  facet normal -0.399905 -0.916556 -0
    outer loop
      vertex 10.1878 -7.23695 6.99
      vertex 9.87722 -7.10144 1.01
      vertex 10.1878 -7.23695 1.01
    endloop
  endfacet
  facet normal 0.593827 -0.804593 0
    outer loop
      vertex 9.22561 -7.35718 1.01
      vertex 9.51715 -7.14201 6.99
      vertex 9.22561 -7.35718 6.99
    endloop
  endfacet
  facet normal 0.593827 -0.804593 0
    outer loop
      vertex 9.51715 -7.14201 6.99
      vertex 9.22561 -7.35718 1.01
      vertex 9.51715 -7.14201 1.01
    endloop
  endfacet
  facet normal 0.993712 0.111964 0
    outer loop
      vertex 9.12128 -8.04936 6.99
      vertex 9.08071 -7.68929 1.01
      vertex 9.08071 -7.68929 6.99
    endloop
  endfacet
  facet normal 0.993712 0.111964 0
    outer loop
      vertex 9.08071 -7.68929 1.01
      vertex 9.12128 -8.04936 6.99
      vertex 9.12128 -8.04936 1.01
    endloop
  endfacet
  facet normal 0.804856 0.59347 0
    outer loop
      vertex 9.318 -8.31591 1.01
      vertex 9.318 -8.31591 1
      vertex 9.31202 -8.3078 1
    endloop
  endfacet
  facet normal 0.804602 0.593815 0
    outer loop
      vertex 9.318 -8.31591 6.99
      vertex 9.12128 -8.04936 1.01
      vertex 9.12128 -8.04936 6.99
    endloop
  endfacet
  facet normal 0.804602 0.593815 0
    outer loop
      vertex 9.12128 -8.04936 1.01
      vertex 9.318 -8.31591 6.99
      vertex 9.318 -8.31591 1.01
    endloop
  endfacet
  facet normal -0.186565 -0.982443 0
    outer loop
      vertex 11.5342 -4.78689 1
      vertex 11.5342 -4.78689 1.01
      vertex 11.5243 -4.78501 1
    endloop
  endfacet
  facet normal -0.185941 -0.982561 0
    outer loop
      vertex 11.2098 -4.7255 1.01
      vertex 11.5342 -4.78689 6.99
      vertex 11.2098 -4.7255 6.99
    endloop
  endfacet
  facet normal -0.185941 -0.982561 -0
    outer loop
      vertex 11.5342 -4.78689 6.99
      vertex 11.2098 -4.7255 1.01
      vertex 11.5342 -4.78689 1.01
    endloop
  endfacet
  facet normal 0.982599 -0.18574 0
    outer loop
      vertex 10.5641 -5.47586 6.99
      vertex 10.6314 -5.11983 1.01
      vertex 10.6314 -5.11983 6.99
    endloop
  endfacet
  facet normal 0.982599 -0.18574 0
    outer loop
      vertex 10.6314 -5.11983 1.01
      vertex 10.5641 -5.47586 6.99
      vertex 10.5641 -5.47586 1.01
    endloop
  endfacet
  facet normal 0.943947 0.330096 0
    outer loop
      vertex 10.6837 -5.81787 6.99
      vertex 10.5641 -5.47586 1.01
      vertex 10.5641 -5.47586 6.99
    endloop
  endfacet
  facet normal 0.943947 0.330096 0
    outer loop
      vertex 10.5641 -5.47586 1.01
      vertex 10.6837 -5.81787 6.99
      vertex 10.6837 -5.81787 1.01
    endloop
  endfacet
  facet normal 0.651926 0.758283 0
    outer loop
      vertex 10.9369 -6.0357 1.01
      vertex 10.9369 -6.0357 1
      vertex 10.9292 -6.02908 1
    endloop
  endfacet
  facet normal 0.652174 0.75807 -0
    outer loop
      vertex 10.9369 -6.0357 1.01
      vertex 10.6837 -5.81787 6.99
      vertex 10.9369 -6.0357 6.99
    endloop
  endfacet
  facet normal 0.652174 0.75807 0
    outer loop
      vertex 10.6837 -5.81787 6.99
      vertex 10.9369 -6.0357 1.01
      vertex 10.6837 -5.81787 1.01
    endloop
  endfacet
  facet normal 0.330301 -0.943876 0
    outer loop
      vertex 10.8678 -4.84518 1.01
      vertex 11.2098 -4.7255 6.99
      vertex 10.8678 -4.84518 6.99
    endloop
  endfacet
  facet normal 0.330301 -0.943876 0
    outer loop
      vertex 11.2098 -4.7255 6.99
      vertex 10.8678 -4.84518 1.01
      vertex 11.2098 -4.7255 1.01
    endloop
  endfacet
  facet normal 0.757911 -0.652358 0
    outer loop
      vertex 10.6314 -5.11983 6.99
      vertex 10.8678 -4.84518 1.01
      vertex 10.8678 -4.84518 6.99
    endloop
  endfacet
  facet normal 0.757911 -0.652358 0
    outer loop
      vertex 10.8678 -4.84518 1.01
      vertex 10.6314 -5.11983 6.99
      vertex 10.6314 -5.11983 1.01
    endloop
  endfacet
  facet normal 0.999295 0.0375333 0
    outer loop
      vertex 11.5177 -2.98784 6.99
      vertex 11.5041 -2.62575 1.01
      vertex 11.5041 -2.62575 6.99
    endloop
  endfacet
  facet normal 0.999295 0.0375333 0
    outer loop
      vertex 11.5041 -2.62575 1.01
      vertex 11.5177 -2.98784 6.99
      vertex 11.5177 -2.98784 1.01
    endloop
  endfacet
  facet normal 0.532042 -0.846718 0
    outer loop
      vertex 11.6735 -2.30539 1.01
      vertex 11.9803 -2.11261 6.99
      vertex 11.6735 -2.30539 6.99
    endloop
  endfacet
  facet normal 0.532042 -0.846718 0
    outer loop
      vertex 11.9803 -2.11261 6.99
      vertex 11.6735 -2.30539 1.01
      vertex 11.9803 -2.11261 1.01
    endloop
  endfacet
  facet normal 0.0379726 -0.999279 0
    outer loop
      vertex 12.3194 -2.09992 1
      vertex 12.3194 -2.09992 1.01
      vertex 12.3094 -2.1003 1
    endloop
  endfacet
  facet normal 0.0373964 -0.999301 0
    outer loop
      vertex 11.9803 -2.11261 1.01
      vertex 12.3194 -2.09992 6.99
      vertex 11.9803 -2.11261 6.99
    endloop
  endfacet
  facet normal 0.0373964 -0.999301 0
    outer loop
      vertex 12.3194 -2.09992 6.99
      vertex 11.9803 -2.11261 1.01
      vertex 12.3194 -2.09992 1.01
    endloop
  endfacet
  facet normal 0.466974 0.884271 0
    outer loop
      vertex 12.0061 -3.45088 1.01
      vertex 12.0061 -3.45088 1
      vertex 11.9972 -3.44618 1
    endloop
  endfacet
  facet normal 0.467271 0.884114 -0
    outer loop
      vertex 12.0061 -3.45088 1.01
      vertex 11.7105 -3.29465 6.99
      vertex 12.0061 -3.45088 6.99
    endloop
  endfacet
  facet normal 0.467271 0.884114 0
    outer loop
      vertex 11.7105 -3.29465 6.99
      vertex 12.0061 -3.45088 1.01
      vertex 11.7105 -3.29465 1.01
    endloop
  endfacet
  facet normal 0.884019 -0.467452 0
    outer loop
      vertex 11.5041 -2.62575 6.99
      vertex 11.6735 -2.30539 1.01
      vertex 11.6735 -2.30539 6.99
    endloop
  endfacet
  facet normal 0.884019 -0.467452 0
    outer loop
      vertex 11.6735 -2.30539 1.01
      vertex 11.5041 -2.62575 6.99
      vertex 11.5041 -2.62575 1.01
    endloop
  endfacet
  facet normal 0.846701 0.532069 0
    outer loop
      vertex 11.7105 -3.29465 6.99
      vertex 11.5177 -2.98784 1.01
      vertex 11.5177 -2.98784 6.99
    endloop
  endfacet
  facet normal 0.846701 0.532069 0
    outer loop
      vertex 11.5177 -2.98784 1.01
      vertex 11.7105 -3.29465 6.99
      vertex 11.7105 -3.29465 1.01
    endloop
  endfacet
  facet normal 0.991449 0.130496 0
    outer loop
      vertex 12.4524 1.08945 6.99
      vertex 12.3194 2.09992 1.01
      vertex 12.3194 2.09992 6.99
    endloop
  endfacet
  facet normal 0.991449 0.130496 -0
    outer loop
      vertex 12.4524 1.08945 1
      vertex 12.3194 2.09992 1.01
      vertex 12.4524 1.08945 6.99
    endloop
  endfacet
  facet normal 0.991449 0.130496 0
    outer loop
      vertex 12.3194 2.09992 1.01
      vertex 12.4524 1.08945 1
      vertex 12.3194 2.09992 1
    endloop
  endfacet
  facet normal -0.793325 -0.608798 -0
    outer loop
      vertex -10.1878 -7.23695 1.01
      vertex -10.2394 -7.16971 1
      vertex -10.1878 -7.23695 1
    endloop
  endfacet
  facet normal -0.793325 -0.608798 0
    outer loop
      vertex -10.2394 -7.16971 1
      vertex -10.1878 -7.23695 1.01
      vertex -10.2394 -7.16971 6.99
    endloop
  endfacet
  facet normal -0.793325 -0.608798 0
    outer loop
      vertex -10.2394 -7.16971 6.99
      vertex -10.1878 -7.23695 1.01
      vertex -10.1878 -7.23695 6.99
    endloop
  endfacet
  facet normal 0.608798 0.793325 -0
    outer loop
      vertex 7.23695 10.1878 1.01
      vertex 7.16971 10.2394 6.99
      vertex 7.23695 10.1878 6.99
    endloop
  endfacet
  facet normal 0.608798 0.793325 0
    outer loop
      vertex 7.16971 10.2394 1
      vertex 7.23695 10.1878 1.01
      vertex 7.23695 10.1878 1
    endloop
  endfacet
  facet normal 0.608798 0.793325 0
    outer loop
      vertex 7.23695 10.1878 1.01
      vertex 7.16971 10.2394 1
      vertex 7.16971 10.2394 6.99
    endloop
  endfacet
  facet normal 0.130496 -0.991449 0
    outer loop
      vertex 1.08945 -12.4524 6.99
      vertex 2.09992 -12.3194 1.01
      vertex 2.09992 -12.3194 6.99
    endloop
  endfacet
  facet normal 0.130496 -0.991449 0
    outer loop
      vertex 1.08945 -12.4524 1
      vertex 2.09992 -12.3194 1.01
      vertex 1.08945 -12.4524 6.99
    endloop
  endfacet
  facet normal 0.130496 -0.991449 0
    outer loop
      vertex 2.09992 -12.3194 1.01
      vertex 1.08945 -12.4524 1
      vertex 2.09992 -12.3194 1
    endloop
  endfacet
  facet normal 0.461887 -0.886939 0
    outer loop
      vertex 6.0357 -10.9369 1.01
      vertex 6.25 -10.8253 6.99
      vertex 6.0357 -10.9369 6.99
    endloop
  endfacet
  facet normal 0.461887 -0.886939 0
    outer loop
      vertex 6.25 -10.8253 1
      vertex 6.0357 -10.9369 1.01
      vertex 6.0357 -10.9369 1
    endloop
  endfacet
  facet normal 0.461887 -0.886939 0
    outer loop
      vertex 6.0357 -10.9369 1.01
      vertex 6.25 -10.8253 1
      vertex 6.25 -10.8253 6.99
    endloop
  endfacet
  facet normal 0.991449 -0.130496 0
    outer loop
      vertex 12.3194 -2.09992 6.99
      vertex 12.4524 -1.08945 1
      vertex 12.4524 -1.08945 6.99
    endloop
  endfacet
  facet normal 0.991449 -0.130496 0
    outer loop
      vertex 12.3194 -2.09992 1.01
      vertex 12.4524 -1.08945 1
      vertex 12.3194 -2.09992 6.99
    endloop
  endfacet
  facet normal 0.991449 -0.130496 0
    outer loop
      vertex 12.4524 -1.08945 1
      vertex 12.3194 -2.09992 1.01
      vertex 12.3194 -2.09992 1
    endloop
  endfacet
  facet normal -0.886939 -0.461887 0
    outer loop
      vertex -10.8253 -6.25 1
      vertex -10.9369 -6.0357 1.01
      vertex -10.9369 -6.0357 1
    endloop
  endfacet
  facet normal -0.886939 -0.461887 -0
    outer loop
      vertex -10.8253 -6.25 6.99
      vertex -10.9369 -6.0357 1.01
      vertex -10.8253 -6.25 1
    endloop
  endfacet
  facet normal -0.886939 -0.461887 0
    outer loop
      vertex -10.9369 -6.0357 1.01
      vertex -10.8253 -6.25 6.99
      vertex -10.9369 -6.0357 6.99
    endloop
  endfacet
  facet normal -0.923834 0.382794 0
    outer loop
      vertex -11.7462 4.27525 1
      vertex -11.5342 4.78689 1.01
      vertex -11.5342 4.78689 1
    endloop
  endfacet
  facet normal -0.923834 0.382794 0
    outer loop
      vertex -11.7462 4.27525 6.99
      vertex -11.5342 4.78689 1.01
      vertex -11.7462 4.27525 1
    endloop
  endfacet
  facet normal -0.923834 0.382794 0
    outer loop
      vertex -11.5342 4.78689 1.01
      vertex -11.7462 4.27525 6.99
      vertex -11.5342 4.78689 6.99
    endloop
  endfacet
  facet normal -0.608798 -0.793325 0
    outer loop
      vertex -7.23695 -10.1878 1.01
      vertex -7.16971 -10.2394 6.99
      vertex -7.23695 -10.1878 6.99
    endloop
  endfacet
  facet normal -0.608798 -0.793325 0
    outer loop
      vertex -7.16971 -10.2394 1
      vertex -7.23695 -10.1878 1.01
      vertex -7.23695 -10.1878 1
    endloop
  endfacet
  facet normal -0.608798 -0.793325 0
    outer loop
      vertex -7.23695 -10.1878 1.01
      vertex -7.16971 -10.2394 1
      vertex -7.16971 -10.2394 6.99
    endloop
  endfacet
  facet normal 0.953725 0.300682 -0
    outer loop
      vertex 12.0061 3.45088 1.01
      vertex 11.7462 4.27525 6.99
      vertex 12.0061 3.45088 6.99
    endloop
  endfacet
  facet normal 0.953725 0.300682 0
    outer loop
      vertex 11.7462 4.27525 6.99
      vertex 12.0061 3.45088 1.01
      vertex 11.7462 4.27525 1
    endloop
  endfacet
  facet normal 0.953725 0.300682 0
    outer loop
      vertex 11.7462 4.27525 1
      vertex 12.0061 3.45088 1.01
      vertex 12.0061 3.45088 1
    endloop
  endfacet
  facet normal 0.793325 0.608798 0
    outer loop
      vertex 10.2394 7.16971 6.99
      vertex 10.1878 7.23695 1.01
      vertex 10.1878 7.23695 6.99
    endloop
  endfacet
  facet normal 0.793325 0.608798 -0
    outer loop
      vertex 10.2394 7.16971 1
      vertex 10.1878 7.23695 1.01
      vertex 10.2394 7.16971 6.99
    endloop
  endfacet
  facet normal 0.793325 0.608798 0
    outer loop
      vertex 10.1878 7.23695 1.01
      vertex 10.2394 7.16971 1
      vertex 10.1878 7.23695 1
    endloop
  endfacet
  facet normal -0.8434 -0.537287 0
    outer loop
      vertex -10.2394 -7.16971 1
      vertex -10.8253 -6.25 6.99
      vertex -10.8253 -6.25 1
    endloop
  endfacet
  facet normal -0.8434 -0.537287 0
    outer loop
      vertex -10.8253 -6.25 6.99
      vertex -10.2394 -7.16971 1
      vertex -10.2394 -7.16971 6.99
    endloop
  endfacet
  facet normal 0.737276 0.675592 -0
    outer loop
      vertex 9.318 8.31591 1.01
      vertex 8.83883 8.83883 6.99
      vertex 9.318 8.31591 6.99
    endloop
  endfacet
  facet normal 0.737276 0.675592 0
    outer loop
      vertex 8.83883 8.83883 6.99
      vertex 9.318 8.31591 1.01
      vertex 8.83883 8.83883 1
    endloop
  endfacet
  facet normal 0.737276 0.675592 0
    outer loop
      vertex 8.83883 8.83883 1
      vertex 9.318 8.31591 1.01
      vertex 9.318 8.31591 1
    endloop
  endfacet
  facet normal 0.886939 -0.461887 0
    outer loop
      vertex 10.8253 -6.25 6.99
      vertex 10.9369 -6.0357 1.01
      vertex 10.9369 -6.0357 6.99
    endloop
  endfacet
  facet normal 0.886939 -0.461887 0
    outer loop
      vertex 10.8253 -6.25 1
      vertex 10.9369 -6.0357 1.01
      vertex 10.8253 -6.25 6.99
    endloop
  endfacet
  facet normal 0.886939 -0.461887 0
    outer loop
      vertex 10.9369 -6.0357 1.01
      vertex 10.8253 -6.25 1
      vertex 10.9369 -6.0357 1
    endloop
  endfacet
  facet normal 0.999044 0.0437268 -0
    outer loop
      vertex 12.4698 0.691905 1.01
      vertex 12.4524 1.08945 6.99
      vertex 12.4698 0.691905 6.99
    endloop
  endfacet
  facet normal 0.999044 0.0437268 0
    outer loop
      vertex 12.4524 1.08945 6.99
      vertex 12.4698 0.691905 1.01
      vertex 12.4524 1.08945 1
    endloop
  endfacet
  facet normal 0.999044 0.0437268 0
    outer loop
      vertex 12.4524 1.08945 1
      vertex 12.4698 0.691905 1.01
      vertex 12.4698 0.691905 1
    endloop
  endfacet
  facet normal 0.8434 -0.537287 0
    outer loop
      vertex 10.2394 -7.16971 6.99
      vertex 10.8253 -6.25 1
      vertex 10.8253 -6.25 6.99
    endloop
  endfacet
  facet normal 0.8434 -0.537287 0
    outer loop
      vertex 10.8253 -6.25 1
      vertex 10.2394 -7.16971 6.99
      vertex 10.2394 -7.16971 1
    endloop
  endfacet
  facet normal 0.130496 0.991449 -0
    outer loop
      vertex 2.09992 12.3194 1.01
      vertex 1.08945 12.4524 6.99
      vertex 2.09992 12.3194 6.99
    endloop
  endfacet
  facet normal 0.130496 0.991449 0
    outer loop
      vertex 1.08945 12.4524 1
      vertex 2.09992 12.3194 1.01
      vertex 2.09992 12.3194 1
    endloop
  endfacet
  facet normal 0.130496 0.991449 0
    outer loop
      vertex 2.09992 12.3194 1.01
      vertex 1.08945 12.4524 1
      vertex 1.08945 12.4524 6.99
    endloop
  endfacet
  facet normal -0.0437268 0.999044 0
    outer loop
      vertex -0.691905 12.4698 1.01
      vertex -1.08945 12.4524 6.99
      vertex -0.691905 12.4698 6.99
    endloop
  endfacet
  facet normal -0.0437268 0.999044 0
    outer loop
      vertex -1.08945 12.4524 1
      vertex -0.691905 12.4698 1.01
      vertex -0.691905 12.4698 1
    endloop
  endfacet
  facet normal -0.0437268 0.999044 0
    outer loop
      vertex -0.691905 12.4698 1.01
      vertex -1.08945 12.4524 1
      vertex -1.08945 12.4524 6.99
    endloop
  endfacet
  facet normal -0.953725 -0.300682 0
    outer loop
      vertex -11.7462 -4.27525 1
      vertex -12.0061 -3.45088 1.01
      vertex -12.0061 -3.45088 1
    endloop
  endfacet
  facet normal -0.953725 -0.300682 -0
    outer loop
      vertex -11.7462 -4.27525 6.99
      vertex -12.0061 -3.45088 1.01
      vertex -11.7462 -4.27525 1
    endloop
  endfacet
  facet normal -0.953725 -0.300682 0
    outer loop
      vertex -12.0061 -3.45088 1.01
      vertex -11.7462 -4.27525 6.99
      vertex -12.0061 -3.45088 6.99
    endloop
  endfacet
  facet normal -0.737276 0.675592 0
    outer loop
      vertex -9.318 8.31591 1.01
      vertex -8.83883 8.83883 1
      vertex -9.318 8.31591 1
    endloop
  endfacet
  facet normal -0.737276 0.675592 0
    outer loop
      vertex -8.83883 8.83883 1
      vertex -9.318 8.31591 1.01
      vertex -8.83883 8.83883 6.99
    endloop
  endfacet
  facet normal -0.737276 0.675592 0
    outer loop
      vertex -8.83883 8.83883 6.99
      vertex -9.318 8.31591 1.01
      vertex -9.318 8.31591 6.99
    endloop
  endfacet
  facet normal 0.793325 -0.608798 0
    outer loop
      vertex 10.1878 -7.23695 1.01
      vertex 10.2394 -7.16971 6.99
      vertex 10.1878 -7.23695 6.99
    endloop
  endfacet
  facet normal 0.793325 -0.608798 0
    outer loop
      vertex 10.2394 -7.16971 6.99
      vertex 10.1878 -7.23695 1.01
      vertex 10.2394 -7.16971 1
    endloop
  endfacet
  facet normal 0.793325 -0.608798 0
    outer loop
      vertex 10.2394 -7.16971 1
      vertex 10.1878 -7.23695 1.01
      vertex 10.1878 -7.23695 1
    endloop
  endfacet
  facet normal 0.675592 -0.737276 0
    outer loop
      vertex 8.31591 -9.318 1.01
      vertex 8.83883 -8.83883 6.99
      vertex 8.31591 -9.318 6.99
    endloop
  endfacet
  facet normal 0.675592 -0.737276 0
    outer loop
      vertex 8.83883 -8.83883 1
      vertex 8.31591 -9.318 1.01
      vertex 8.31591 -9.318 1
    endloop
  endfacet
  facet normal 0.675592 -0.737276 0
    outer loop
      vertex 8.31591 -9.318 1.01
      vertex 8.83883 -8.83883 1
      vertex 8.83883 -8.83883 6.99
    endloop
  endfacet
  facet normal -0.537287 0.8434 0
    outer loop
      vertex -6.25 10.8253 1
      vertex -7.16971 10.2394 6.99
      vertex -6.25 10.8253 6.99
    endloop
  endfacet
  facet normal -0.537287 0.8434 0
    outer loop
      vertex -7.16971 10.2394 6.99
      vertex -6.25 10.8253 1
      vertex -7.16971 10.2394 1
    endloop
  endfacet
  facet normal 0.382794 0.923834 -0
    outer loop
      vertex 4.78689 11.5342 1.01
      vertex 4.27525 11.7462 6.99
      vertex 4.78689 11.5342 6.99
    endloop
  endfacet
  facet normal 0.382794 0.923834 0
    outer loop
      vertex 4.27525 11.7462 1
      vertex 4.78689 11.5342 1.01
      vertex 4.78689 11.5342 1
    endloop
  endfacet
  facet normal 0.382794 0.923834 0
    outer loop
      vertex 4.78689 11.5342 1.01
      vertex 4.27525 11.7462 1
      vertex 4.27525 11.7462 6.99
    endloop
  endfacet
  facet normal -0.300682 -0.953725 0
    outer loop
      vertex -4.27525 -11.7462 6.99
      vertex -3.45088 -12.0061 1.01
      vertex -3.45088 -12.0061 6.99
    endloop
  endfacet
  facet normal -0.300682 -0.953725 0
    outer loop
      vertex -4.27525 -11.7462 1
      vertex -3.45088 -12.0061 1.01
      vertex -4.27525 -11.7462 6.99
    endloop
  endfacet
  facet normal -0.300682 -0.953725 -0
    outer loop
      vertex -3.45088 -12.0061 1.01
      vertex -4.27525 -11.7462 1
      vertex -3.45088 -12.0061 1
    endloop
  endfacet
  facet normal 0.999044 -0.0437268 0
    outer loop
      vertex 12.4524 -1.08945 6.99
      vertex 12.4698 -0.691905 1.01
      vertex 12.4698 -0.691905 6.99
    endloop
  endfacet
  facet normal 0.999044 -0.0437268 0
    outer loop
      vertex 12.4524 -1.08945 1
      vertex 12.4698 -0.691905 1.01
      vertex 12.4524 -1.08945 6.99
    endloop
  endfacet
  facet normal 0.999044 -0.0437268 0
    outer loop
      vertex 12.4698 -0.691905 1.01
      vertex 12.4524 -1.08945 1
      vertex 12.4698 -0.691905 1
    endloop
  endfacet
  facet normal -0.999044 -0.0437268 0
    outer loop
      vertex -12.4524 -1.08945 1
      vertex -12.4698 -0.691905 1.01
      vertex -12.4698 -0.691905 1
    endloop
  endfacet
  facet normal -0.999044 -0.0437268 -0
    outer loop
      vertex -12.4524 -1.08945 6.99
      vertex -12.4698 -0.691905 1.01
      vertex -12.4524 -1.08945 1
    endloop
  endfacet
  facet normal -0.999044 -0.0437268 0
    outer loop
      vertex -12.4698 -0.691905 1.01
      vertex -12.4524 -1.08945 6.99
      vertex -12.4698 -0.691905 6.99
    endloop
  endfacet
  facet normal -0.130496 -0.991449 0
    outer loop
      vertex -2.09992 -12.3194 1.01
      vertex -1.08945 -12.4524 6.99
      vertex -2.09992 -12.3194 6.99
    endloop
  endfacet
  facet normal -0.130496 -0.991449 0
    outer loop
      vertex -1.08945 -12.4524 1
      vertex -2.09992 -12.3194 1.01
      vertex -2.09992 -12.3194 1
    endloop
  endfacet
  facet normal -0.130496 -0.991449 0
    outer loop
      vertex -2.09992 -12.3194 1.01
      vertex -1.08945 -12.4524 1
      vertex -1.08945 -12.4524 6.99
    endloop
  endfacet
  facet normal -0.130496 0.991449 0
    outer loop
      vertex -1.08945 12.4524 6.99
      vertex -2.09992 12.3194 1.01
      vertex -2.09992 12.3194 6.99
    endloop
  endfacet
  facet normal -0.130496 0.991449 0
    outer loop
      vertex -1.08945 12.4524 1
      vertex -2.09992 12.3194 1.01
      vertex -1.08945 12.4524 6.99
    endloop
  endfacet
  facet normal -0.130496 0.991449 0
    outer loop
      vertex -2.09992 12.3194 1.01
      vertex -1.08945 12.4524 1
      vertex -2.09992 12.3194 1
    endloop
  endfacet
  facet normal -0.999044 0.0437268 0
    outer loop
      vertex -12.4698 0.691905 1.01
      vertex -12.4524 1.08945 1
      vertex -12.4698 0.691905 1
    endloop
  endfacet
  facet normal -0.999044 0.0437268 0
    outer loop
      vertex -12.4524 1.08945 1
      vertex -12.4698 0.691905 1.01
      vertex -12.4524 1.08945 6.99
    endloop
  endfacet
  facet normal -0.999044 0.0437268 0
    outer loop
      vertex -12.4524 1.08945 6.99
      vertex -12.4698 0.691905 1.01
      vertex -12.4698 0.691905 6.99
    endloop
  endfacet
  facet normal 0.923834 0.382794 0
    outer loop
      vertex 11.7462 4.27525 6.99
      vertex 11.5342 4.78689 1.01
      vertex 11.5342 4.78689 6.99
    endloop
  endfacet
  facet normal 0.923834 0.382794 -0
    outer loop
      vertex 11.7462 4.27525 1
      vertex 11.5342 4.78689 1.01
      vertex 11.7462 4.27525 6.99
    endloop
  endfacet
  facet normal 0.923834 0.382794 0
    outer loop
      vertex 11.5342 4.78689 1.01
      vertex 11.7462 4.27525 1
      vertex 11.5342 4.78689 1
    endloop
  endfacet
  facet normal 0.0437268 -0.999044 0
    outer loop
      vertex 0.691905 -12.4698 1.01
      vertex 1.08945 -12.4524 6.99
      vertex 0.691905 -12.4698 6.99
    endloop
  endfacet
  facet normal 0.0437268 -0.999044 0
    outer loop
      vertex 1.08945 -12.4524 1
      vertex 0.691905 -12.4698 1.01
      vertex 0.691905 -12.4698 1
    endloop
  endfacet
  facet normal 0.0437268 -0.999044 0
    outer loop
      vertex 0.691905 -12.4698 1.01
      vertex 1.08945 -12.4524 1
      vertex 1.08945 -12.4524 6.99
    endloop
  endfacet
  facet normal -0.953725 0.300682 0
    outer loop
      vertex -12.0061 3.45088 1.01
      vertex -11.7462 4.27525 1
      vertex -12.0061 3.45088 1
    endloop
  endfacet
  facet normal -0.953725 0.300682 0
    outer loop
      vertex -11.7462 4.27525 1
      vertex -12.0061 3.45088 1.01
      vertex -11.7462 4.27525 6.99
    endloop
  endfacet
  facet normal -0.953725 0.300682 0
    outer loop
      vertex -11.7462 4.27525 6.99
      vertex -12.0061 3.45088 1.01
      vertex -12.0061 3.45088 6.99
    endloop
  endfacet
  facet normal 0.886939 0.461887 -0
    outer loop
      vertex 10.9369 6.0357 1.01
      vertex 10.8253 6.25 6.99
      vertex 10.9369 6.0357 6.99
    endloop
  endfacet
  facet normal 0.886939 0.461887 0
    outer loop
      vertex 10.8253 6.25 6.99
      vertex 10.9369 6.0357 1.01
      vertex 10.8253 6.25 1
    endloop
  endfacet
  facet normal 0.886939 0.461887 0
    outer loop
      vertex 10.8253 6.25 1
      vertex 10.9369 6.0357 1.01
      vertex 10.9369 6.0357 1
    endloop
  endfacet
  facet normal 0.953725 -0.300682 0
    outer loop
      vertex 11.7462 -4.27525 6.99
      vertex 12.0061 -3.45088 1.01
      vertex 12.0061 -3.45088 6.99
    endloop
  endfacet
  facet normal 0.953725 -0.300682 0
    outer loop
      vertex 11.7462 -4.27525 1
      vertex 12.0061 -3.45088 1.01
      vertex 11.7462 -4.27525 6.99
    endloop
  endfacet
  facet normal 0.953725 -0.300682 0
    outer loop
      vertex 12.0061 -3.45088 1.01
      vertex 11.7462 -4.27525 1
      vertex 12.0061 -3.45088 1
    endloop
  endfacet
  facet normal -0.991449 0.130496 0
    outer loop
      vertex -12.4524 1.08945 1
      vertex -12.3194 2.09992 1.01
      vertex -12.3194 2.09992 1
    endloop
  endfacet
  facet normal -0.991449 0.130496 0
    outer loop
      vertex -12.3194 2.09992 1.01
      vertex -12.4524 1.08945 1
      vertex -12.3194 2.09992 6.99
    endloop
  endfacet
  facet normal -0.991449 0.130496 0
    outer loop
      vertex -12.3194 2.09992 6.99
      vertex -12.4524 1.08945 1
      vertex -12.4524 1.08945 6.99
    endloop
  endfacet
  facet normal 0.923834 -0.382794 0
    outer loop
      vertex 11.5342 -4.78689 1.01
      vertex 11.7462 -4.27525 6.99
      vertex 11.5342 -4.78689 6.99
    endloop
  endfacet
  facet normal 0.923834 -0.382794 0
    outer loop
      vertex 11.7462 -4.27525 6.99
      vertex 11.5342 -4.78689 1.01
      vertex 11.7462 -4.27525 1
    endloop
  endfacet
  facet normal 0.923834 -0.382794 0
    outer loop
      vertex 11.7462 -4.27525 1
      vertex 11.5342 -4.78689 1.01
      vertex 11.5342 -4.78689 1
    endloop
  endfacet
  facet normal 0.675592 0.737276 0
    outer loop
      vertex 8.83883 8.83883 6.99
      vertex 8.31591 9.318 1.01
      vertex 8.31591 9.318 6.99
    endloop
  endfacet
  facet normal 0.675592 0.737276 -0
    outer loop
      vertex 8.83883 8.83883 1
      vertex 8.31591 9.318 1.01
      vertex 8.83883 8.83883 6.99
    endloop
  endfacet
  facet normal 0.675592 0.737276 0
    outer loop
      vertex 8.31591 9.318 1.01
      vertex 8.83883 8.83883 1
      vertex 8.31591 9.318 1
    endloop
  endfacet
  facet normal 0.8434 0.537287 0
    outer loop
      vertex 10.8253 6.25 6.99
      vertex 10.2394 7.16971 1
      vertex 10.2394 7.16971 6.99
    endloop
  endfacet
  facet normal 0.8434 0.537287 0
    outer loop
      vertex 10.2394 7.16971 1
      vertex 10.8253 6.25 6.99
      vertex 10.8253 6.25 1
    endloop
  endfacet
  facet normal 0.461887 0.886939 0
    outer loop
      vertex 6.25 10.8253 6.99
      vertex 6.0357 10.9369 1.01
      vertex 6.0357 10.9369 6.99
    endloop
  endfacet
  facet normal 0.461887 0.886939 -0
    outer loop
      vertex 6.25 10.8253 1
      vertex 6.0357 10.9369 1.01
      vertex 6.25 10.8253 6.99
    endloop
  endfacet
  facet normal 0.461887 0.886939 0
    outer loop
      vertex 6.0357 10.9369 1.01
      vertex 6.25 10.8253 1
      vertex 6.0357 10.9369 1
    endloop
  endfacet
  facet normal 0.537287 0.8434 -0
    outer loop
      vertex 7.16971 10.2394 1
      vertex 6.25 10.8253 6.99
      vertex 7.16971 10.2394 6.99
    endloop
  endfacet
  facet normal 0.537287 0.8434 0
    outer loop
      vertex 6.25 10.8253 6.99
      vertex 7.16971 10.2394 1
      vertex 6.25 10.8253 1
    endloop
  endfacet
  facet normal 0.737276 -0.675592 0
    outer loop
      vertex 8.83883 -8.83883 6.99
      vertex 9.318 -8.31591 1.01
      vertex 9.318 -8.31591 6.99
    endloop
  endfacet
  facet normal 0.737276 -0.675592 0
    outer loop
      vertex 8.83883 -8.83883 1
      vertex 9.318 -8.31591 1.01
      vertex 8.83883 -8.83883 6.99
    endloop
  endfacet
  facet normal 0.737276 -0.675592 0
    outer loop
      vertex 9.318 -8.31591 1.01
      vertex 8.83883 -8.83883 1
      vertex 9.318 -8.31591 1
    endloop
  endfacet
  facet normal -0.0437268 -0.999044 0
    outer loop
      vertex -1.08945 -12.4524 6.99
      vertex -0.691905 -12.4698 1.01
      vertex -0.691905 -12.4698 6.99
    endloop
  endfacet
  facet normal -0.0437268 -0.999044 0
    outer loop
      vertex -1.08945 -12.4524 1
      vertex -0.691905 -12.4698 1.01
      vertex -1.08945 -12.4524 6.99
    endloop
  endfacet
  facet normal -0.0437268 -0.999044 -0
    outer loop
      vertex -0.691905 -12.4698 1.01
      vertex -1.08945 -12.4524 1
      vertex -0.691905 -12.4698 1
    endloop
  endfacet
  facet normal -0.300682 0.953725 0
    outer loop
      vertex -3.45088 12.0061 1.01
      vertex -4.27525 11.7462 6.99
      vertex -3.45088 12.0061 6.99
    endloop
  endfacet
  facet normal -0.300682 0.953725 0
    outer loop
      vertex -4.27525 11.7462 1
      vertex -3.45088 12.0061 1.01
      vertex -3.45088 12.0061 1
    endloop
  endfacet
  facet normal -0.300682 0.953725 0
    outer loop
      vertex -3.45088 12.0061 1.01
      vertex -4.27525 11.7462 1
      vertex -4.27525 11.7462 6.99
    endloop
  endfacet
  facet normal -0.793325 0.608798 0
    outer loop
      vertex -10.2394 7.16971 1
      vertex -10.1878 7.23695 1.01
      vertex -10.1878 7.23695 1
    endloop
  endfacet
  facet normal -0.793325 0.608798 0
    outer loop
      vertex -10.2394 7.16971 6.99
      vertex -10.1878 7.23695 1.01
      vertex -10.2394 7.16971 1
    endloop
  endfacet
  facet normal -0.793325 0.608798 0
    outer loop
      vertex -10.1878 7.23695 1.01
      vertex -10.2394 7.16971 6.99
      vertex -10.1878 7.23695 6.99
    endloop
  endfacet
  facet normal 0.608798 -0.793325 0
    outer loop
      vertex 7.16971 -10.2394 6.99
      vertex 7.23695 -10.1878 1.01
      vertex 7.23695 -10.1878 6.99
    endloop
  endfacet
  facet normal 0.608798 -0.793325 0
    outer loop
      vertex 7.16971 -10.2394 1
      vertex 7.23695 -10.1878 1.01
      vertex 7.16971 -10.2394 6.99
    endloop
  endfacet
  facet normal 0.608798 -0.793325 0
    outer loop
      vertex 7.23695 -10.1878 1.01
      vertex 7.16971 -10.2394 1
      vertex 7.23695 -10.1878 1
    endloop
  endfacet
  facet normal -0.608798 0.793325 0
    outer loop
      vertex -7.16971 10.2394 6.99
      vertex -7.23695 10.1878 1.01
      vertex -7.23695 10.1878 6.99
    endloop
  endfacet
  facet normal -0.608798 0.793325 0
    outer loop
      vertex -7.16971 10.2394 1
      vertex -7.23695 10.1878 1.01
      vertex -7.16971 10.2394 6.99
    endloop
  endfacet
  facet normal -0.608798 0.793325 0
    outer loop
      vertex -7.23695 10.1878 1.01
      vertex -7.16971 10.2394 1
      vertex -7.23695 10.1878 1
    endloop
  endfacet
  facet normal -0.675592 -0.737276 0
    outer loop
      vertex -8.83883 -8.83883 6.99
      vertex -8.31591 -9.318 1.01
      vertex -8.31591 -9.318 6.99
    endloop
  endfacet
  facet normal -0.675592 -0.737276 0
    outer loop
      vertex -8.83883 -8.83883 1
      vertex -8.31591 -9.318 1.01
      vertex -8.83883 -8.83883 6.99
    endloop
  endfacet
  facet normal -0.675592 -0.737276 -0
    outer loop
      vertex -8.31591 -9.318 1.01
      vertex -8.83883 -8.83883 1
      vertex -8.31591 -9.318 1
    endloop
  endfacet
  facet normal -0.991449 -0.130496 -0
    outer loop
      vertex -12.3194 -2.09992 1.01
      vertex -12.4524 -1.08945 1
      vertex -12.3194 -2.09992 1
    endloop
  endfacet
  facet normal -0.991449 -0.130496 0
    outer loop
      vertex -12.4524 -1.08945 1
      vertex -12.3194 -2.09992 1.01
      vertex -12.4524 -1.08945 6.99
    endloop
  endfacet
  facet normal -0.991449 -0.130496 0
    outer loop
      vertex -12.4524 -1.08945 6.99
      vertex -12.3194 -2.09992 1.01
      vertex -12.3194 -2.09992 6.99
    endloop
  endfacet
  facet normal 0.300682 -0.953725 0
    outer loop
      vertex 3.45088 -12.0061 1.01
      vertex 4.27525 -11.7462 6.99
      vertex 3.45088 -12.0061 6.99
    endloop
  endfacet
  facet normal 0.300682 -0.953725 0
    outer loop
      vertex 4.27525 -11.7462 1
      vertex 3.45088 -12.0061 1.01
      vertex 3.45088 -12.0061 1
    endloop
  endfacet
  facet normal 0.300682 -0.953725 0
    outer loop
      vertex 3.45088 -12.0061 1.01
      vertex 4.27525 -11.7462 1
      vertex 4.27525 -11.7462 6.99
    endloop
  endfacet
  facet normal 0.0437268 0.999044 0
    outer loop
      vertex 1.08945 12.4524 6.99
      vertex 0.691905 12.4698 1.01
      vertex 0.691905 12.4698 6.99
    endloop
  endfacet
  facet normal 0.0437268 0.999044 -0
    outer loop
      vertex 1.08945 12.4524 1
      vertex 0.691905 12.4698 1.01
      vertex 1.08945 12.4524 6.99
    endloop
  endfacet
  facet normal 0.0437268 0.999044 0
    outer loop
      vertex 0.691905 12.4698 1.01
      vertex 1.08945 12.4524 1
      vertex 0.691905 12.4698 1
    endloop
  endfacet
  facet normal 0.300682 0.953725 0
    outer loop
      vertex 4.27525 11.7462 6.99
      vertex 3.45088 12.0061 1.01
      vertex 3.45088 12.0061 6.99
    endloop
  endfacet
  facet normal 0.300682 0.953725 -0
    outer loop
      vertex 4.27525 11.7462 1
      vertex 3.45088 12.0061 1.01
      vertex 4.27525 11.7462 6.99
    endloop
  endfacet
  facet normal 0.300682 0.953725 0
    outer loop
      vertex 3.45088 12.0061 1.01
      vertex 4.27525 11.7462 1
      vertex 3.45088 12.0061 1
    endloop
  endfacet
  facet normal 0.382794 -0.923834 0
    outer loop
      vertex 4.27525 -11.7462 6.99
      vertex 4.78689 -11.5342 1.01
      vertex 4.78689 -11.5342 6.99
    endloop
  endfacet
  facet normal 0.382794 -0.923834 0
    outer loop
      vertex 4.27525 -11.7462 1
      vertex 4.78689 -11.5342 1.01
      vertex 4.27525 -11.7462 6.99
    endloop
  endfacet
  facet normal 0.382794 -0.923834 0
    outer loop
      vertex 4.78689 -11.5342 1.01
      vertex 4.27525 -11.7462 1
      vertex 4.78689 -11.5342 1
    endloop
  endfacet
  facet normal -0.382794 -0.923834 0
    outer loop
      vertex -4.78689 -11.5342 1.01
      vertex -4.27525 -11.7462 6.99
      vertex -4.78689 -11.5342 6.99
    endloop
  endfacet
  facet normal -0.382794 -0.923834 0
    outer loop
      vertex -4.27525 -11.7462 1
      vertex -4.78689 -11.5342 1.01
      vertex -4.78689 -11.5342 1
    endloop
  endfacet
  facet normal -0.382794 -0.923834 0
    outer loop
      vertex -4.78689 -11.5342 1.01
      vertex -4.27525 -11.7462 1
      vertex -4.27525 -11.7462 6.99
    endloop
  endfacet
  facet normal -0.8434 0.537287 0
    outer loop
      vertex -10.8253 6.25 1
      vertex -10.2394 7.16971 6.99
      vertex -10.2394 7.16971 1
    endloop
  endfacet
  facet normal -0.8434 0.537287 0
    outer loop
      vertex -10.2394 7.16971 6.99
      vertex -10.8253 6.25 1
      vertex -10.8253 6.25 6.99
    endloop
  endfacet
  facet normal -0.886939 0.461887 0
    outer loop
      vertex -10.9369 6.0357 1.01
      vertex -10.8253 6.25 1
      vertex -10.9369 6.0357 1
    endloop
  endfacet
  facet normal -0.886939 0.461887 0
    outer loop
      vertex -10.8253 6.25 1
      vertex -10.9369 6.0357 1.01
      vertex -10.8253 6.25 6.99
    endloop
  endfacet
  facet normal -0.886939 0.461887 0
    outer loop
      vertex -10.8253 6.25 6.99
      vertex -10.9369 6.0357 1.01
      vertex -10.9369 6.0357 6.99
    endloop
  endfacet
  facet normal -0.461887 0.886939 0
    outer loop
      vertex -6.0357 10.9369 1.01
      vertex -6.25 10.8253 6.99
      vertex -6.0357 10.9369 6.99
    endloop
  endfacet
  facet normal -0.461887 0.886939 0
    outer loop
      vertex -6.25 10.8253 1
      vertex -6.0357 10.9369 1.01
      vertex -6.0357 10.9369 1
    endloop
  endfacet
  facet normal -0.461887 0.886939 0
    outer loop
      vertex -6.0357 10.9369 1.01
      vertex -6.25 10.8253 1
      vertex -6.25 10.8253 6.99
    endloop
  endfacet
  facet normal -0.923834 -0.382794 -0
    outer loop
      vertex -11.5342 -4.78689 1.01
      vertex -11.7462 -4.27525 1
      vertex -11.5342 -4.78689 1
    endloop
  endfacet
  facet normal -0.923834 -0.382794 0
    outer loop
      vertex -11.7462 -4.27525 1
      vertex -11.5342 -4.78689 1.01
      vertex -11.7462 -4.27525 6.99
    endloop
  endfacet
  facet normal -0.923834 -0.382794 0
    outer loop
      vertex -11.7462 -4.27525 6.99
      vertex -11.5342 -4.78689 1.01
      vertex -11.5342 -4.78689 6.99
    endloop
  endfacet
  facet normal -0.675592 0.737276 0
    outer loop
      vertex -8.31591 9.318 1.01
      vertex -8.83883 8.83883 6.99
      vertex -8.31591 9.318 6.99
    endloop
  endfacet
  facet normal -0.675592 0.737276 0
    outer loop
      vertex -8.83883 8.83883 1
      vertex -8.31591 9.318 1.01
      vertex -8.31591 9.318 1
    endloop
  endfacet
  facet normal -0.675592 0.737276 0
    outer loop
      vertex -8.31591 9.318 1.01
      vertex -8.83883 8.83883 1
      vertex -8.83883 8.83883 6.99
    endloop
  endfacet
  facet normal -0.382794 0.923834 0
    outer loop
      vertex -4.27525 11.7462 6.99
      vertex -4.78689 11.5342 1.01
      vertex -4.78689 11.5342 6.99
    endloop
  endfacet
  facet normal -0.382794 0.923834 0
    outer loop
      vertex -4.27525 11.7462 1
      vertex -4.78689 11.5342 1.01
      vertex -4.27525 11.7462 6.99
    endloop
  endfacet
  facet normal -0.382794 0.923834 0
    outer loop
      vertex -4.78689 11.5342 1.01
      vertex -4.27525 11.7462 1
      vertex -4.78689 11.5342 1
    endloop
  endfacet
  facet normal -0.737276 -0.675592 0
    outer loop
      vertex -8.83883 -8.83883 1
      vertex -9.318 -8.31591 1.01
      vertex -9.318 -8.31591 1
    endloop
  endfacet
  facet normal -0.737276 -0.675592 -0
    outer loop
      vertex -8.83883 -8.83883 6.99
      vertex -9.318 -8.31591 1.01
      vertex -8.83883 -8.83883 1
    endloop
  endfacet
  facet normal -0.737276 -0.675592 0
    outer loop
      vertex -9.318 -8.31591 1.01
      vertex -8.83883 -8.83883 6.99
      vertex -9.318 -8.31591 6.99
    endloop
  endfacet
  facet normal 0.537287 -0.8434 0
    outer loop
      vertex 6.25 -10.8253 1
      vertex 7.16971 -10.2394 6.99
      vertex 6.25 -10.8253 6.99
    endloop
  endfacet
  facet normal 0.537287 -0.8434 0
    outer loop
      vertex 7.16971 -10.2394 6.99
      vertex 6.25 -10.8253 1
      vertex 7.16971 -10.2394 1
    endloop
  endfacet
  facet normal -0.461887 -0.886939 0
    outer loop
      vertex -6.25 -10.8253 6.99
      vertex -6.0357 -10.9369 1.01
      vertex -6.0357 -10.9369 6.99
    endloop
  endfacet
  facet normal -0.461887 -0.886939 0
    outer loop
      vertex -6.25 -10.8253 1
      vertex -6.0357 -10.9369 1.01
      vertex -6.25 -10.8253 6.99
    endloop
  endfacet
  facet normal -0.461887 -0.886939 -0
    outer loop
      vertex -6.0357 -10.9369 1.01
      vertex -6.25 -10.8253 1
      vertex -6.0357 -10.9369 1
    endloop
  endfacet
  facet normal -0 0 -1
    outer loop
      vertex 7.23695 -10.1878 1
      vertex 7.17191 -10.2252 1
      vertex 7.23287 -10.1785 1
    endloop
  endfacet
  facet normal 0 0 -1
    outer loop
      vertex 7.16971 -10.2394 1
      vertex 7.17191 -10.2252 1
      vertex 7.23695 -10.1878 1
    endloop
  endfacet
  facet normal 0 0 -1
    outer loop
      vertex 7.16971 -10.2394 1
      vertex 7.16403 -10.2313 1
      vertex 7.17191 -10.2252 1
    endloop
  endfacet
  facet normal -0 0 -1
    outer loop
      vertex 7.16971 -10.2394 1
      vertex 6.25343 -10.8114 1
      vertex 7.16403 -10.2313 1
    endloop
  endfacet
  facet normal 0 0 -1
    outer loop
      vertex 6.25 -10.8253 1
      vertex 6.25343 -10.8114 1
      vertex 7.16971 -10.2394 1
    endloop
  endfacet
  facet normal 0 0 -1
    outer loop
      vertex 6.25 -10.8253 1
      vertex 6.24505 -10.8167 1
      vertex 6.25343 -10.8114 1
    endloop
  endfacet
  facet normal 0 0 -1
    outer loop
      vertex 6.0357 -10.9369 1
      vertex 6.24505 -10.8167 1
      vertex 6.25 -10.8253 1
    endloop
  endfacet
  facet normal 0 0 -1
    outer loop
      vertex 6.24505 -10.8167 1
      vertex 6.0357 -10.9369 1
      vertex 6.02908 -10.9292 1
    endloop
  endfacet
  facet normal 0 0 -1
    outer loop
      vertex 1.08858 -12.4426 1
      vertex 2.09992 -12.3194 1
      vertex 1.08945 -12.4524 1
    endloop
  endfacet
  facet normal -0 0 -1
    outer loop
      vertex 2.09992 -12.3194 1
      vertex 1.08858 -12.4426 1
      vertex 2.1003 -12.3094 1
    endloop
  endfacet
  facet normal 0 0 -1
    outer loop
      vertex 1.08945 -12.4524 1
      vertex 1.07866 -12.443 1
      vertex 1.08858 -12.4426 1
    endloop
  endfacet
  facet normal 0 0 -1
    outer loop
      vertex 0.691905 -12.4698 1
      vertex 1.07866 -12.443 1
      vertex 1.08945 -12.4524 1
    endloop
  endfacet
  facet normal 0 0 -1
    outer loop
      vertex 1.07866 -12.443 1
      vertex 0.691905 -12.4698 1
      vertex 0.689283 -12.46 1
    endloop
  endfacet
  facet normal 0 0 -1
    outer loop
      vertex 12.443 1.07866 1
      vertex 12.4698 0.691905 1
      vertex 12.46 0.689283 1
    endloop
  endfacet
  facet normal 0 0 -1
    outer loop
      vertex 12.4698 0.691905 1
      vertex 12.443 1.07866 1
      vertex 12.4524 1.08945 1
    endloop
  endfacet
  facet normal 0 0 -1
    outer loop
      vertex 12.4426 1.08858 1
      vertex 12.4524 1.08945 1
      vertex 12.443 1.07866 1
    endloop
  endfacet
  facet normal 0 0 -1
    outer loop
      vertex 12.4426 1.08858 1
      vertex 12.3194 2.09992 1
      vertex 12.4524 1.08945 1
    endloop
  endfacet
  facet normal -0 -0 -1
    outer loop
      vertex 12.3194 2.09992 1
      vertex 12.4426 1.08858 1
      vertex 12.3094 2.1003 1
    endloop
  endfacet
  facet normal 0 0 -1
    outer loop
      vertex 10.8167 -6.24505 1
      vertex 10.9369 -6.0357 1
      vertex 10.8253 -6.25 1
    endloop
  endfacet
  facet normal -0 0 -1
    outer loop
      vertex 10.9369 -6.0357 1
      vertex 10.8167 -6.24505 1
      vertex 10.9292 -6.02908 1
    endloop
  endfacet
  facet normal -0 0 -1
    outer loop
      vertex 10.8253 -6.25 1
      vertex 10.8114 -6.25343 1
      vertex 10.8167 -6.24505 1
    endloop
  endfacet
  facet normal 0 0 -1
    outer loop
      vertex 10.2394 -7.16971 1
      vertex 10.8114 -6.25343 1
      vertex 10.8253 -6.25 1
    endloop
  endfacet
  facet normal 0 0 -1
    outer loop
      vertex 10.2394 -7.16971 1
      vertex 10.2313 -7.16403 1
      vertex 10.8114 -6.25343 1
    endloop
  endfacet
  facet normal -0 0 -1
    outer loop
      vertex 10.2394 -7.16971 1
      vertex 10.2252 -7.17191 1
      vertex 10.2313 -7.16403 1
    endloop
  endfacet
  facet normal 0 0 -1
    outer loop
      vertex 10.1878 -7.23695 1
      vertex 10.2252 -7.17191 1
      vertex 10.2394 -7.16971 1
    endloop
  endfacet
  facet normal 0 0 -1
    outer loop
      vertex 10.2252 -7.17191 1
      vertex 10.1878 -7.23695 1
      vertex 10.1785 -7.23287 1
    endloop
  endfacet
  facet normal 0 0 -1
    outer loop
      vertex 12.443 -1.07866 1
      vertex 12.4698 -0.691905 1
      vertex 12.4524 -1.08945 1
    endloop
  endfacet
  facet normal -0 0 -1
    outer loop
      vertex 12.4698 -0.691905 1
      vertex 12.443 -1.07866 1
      vertex 12.46 -0.689283 1
    endloop
  endfacet
  facet normal 0 0 -1
    outer loop
      vertex 12.4524 -1.08945 1
      vertex 12.4426 -1.08858 1
      vertex 12.443 -1.07866 1
    endloop
  endfacet
  facet normal 0 0 -1
    outer loop
      vertex 12.3194 -2.09992 1
      vertex 12.4426 -1.08858 1
      vertex 12.4524 -1.08945 1
    endloop
  endfacet
  facet normal 0 0 -1
    outer loop
      vertex 12.4426 -1.08858 1
      vertex 12.3194 -2.09992 1
      vertex 12.3094 -2.1003 1
    endloop
  endfacet
  facet normal 0 0 -1
    outer loop
      vertex -10.1878 -7.23695 1
      vertex -10.2252 -7.17191 1
      vertex -10.1785 -7.23287 1
    endloop
  endfacet
  facet normal 0 0 -1
    outer loop
      vertex -10.2394 -7.16971 1
      vertex -10.2252 -7.17191 1
      vertex -10.1878 -7.23695 1
    endloop
  endfacet
  facet normal 0 0 -1
    outer loop
      vertex -10.2252 -7.17191 1
      vertex -10.2394 -7.16971 1
      vertex -10.2313 -7.16403 1
    endloop
  endfacet
  facet normal 0 0 -1
    outer loop
      vertex -10.2394 -7.16971 1
      vertex -10.8114 -6.25343 1
      vertex -10.2313 -7.16403 1
    endloop
  endfacet
  facet normal 0 0 -1
    outer loop
      vertex -10.8253 -6.25 1
      vertex -10.8114 -6.25343 1
      vertex -10.2394 -7.16971 1
    endloop
  endfacet
  facet normal 0 0 -1
    outer loop
      vertex -10.8114 -6.25343 1
      vertex -10.8253 -6.25 1
      vertex -10.8167 -6.24505 1
    endloop
  endfacet
  facet normal 0 0 -1
    outer loop
      vertex -10.9369 -6.0357 1
      vertex -10.8167 -6.24505 1
      vertex -10.8253 -6.25 1
    endloop
  endfacet
  facet normal 0 0 -1
    outer loop
      vertex -10.8167 -6.24505 1
      vertex -10.9369 -6.0357 1
      vertex -10.9292 -6.02908 1
    endloop
  endfacet
  facet normal 0 0 -1
    outer loop
      vertex -11.7331 4.28104 1
      vertex -11.5342 4.78689 1
      vertex -11.5243 4.78501 1
    endloop
  endfacet
  facet normal 0 0 -1
    outer loop
      vertex -11.7462 4.27525 1
      vertex -11.7331 4.28104 1
      vertex -11.7369 4.27186 1
    endloop
  endfacet
  facet normal -0 0 -1
    outer loop
      vertex -11.7331 4.28104 1
      vertex -11.7462 4.27525 1
      vertex -11.5342 4.78689 1
    endloop
  endfacet
  facet normal 0 0 -1
    outer loop
      vertex -11.7398 4.26239 1
      vertex -11.7462 4.27525 1
      vertex -11.7369 4.27186 1
    endloop
  endfacet
  facet normal 0 0 -1
    outer loop
      vertex -12.0061 3.45088 1
      vertex -11.7398 4.26239 1
      vertex -11.9972 3.44618 1
    endloop
  endfacet
  facet normal -0 0 -1
    outer loop
      vertex -11.7398 4.26239 1
      vertex -12.0061 3.45088 1
      vertex -11.7462 4.27525 1
    endloop
  endfacet
  facet normal 0 0 -1
    outer loop
      vertex 11.7398 4.26239 1
      vertex 12.0061 3.45088 1
      vertex 11.9972 3.44618 1
    endloop
  endfacet
  facet normal 0 0 -1
    outer loop
      vertex 12.0061 3.45088 1
      vertex 11.7398 4.26239 1
      vertex 11.7462 4.27525 1
    endloop
  endfacet
  facet normal 0 0 -1
    outer loop
      vertex 11.7369 4.27186 1
      vertex 11.7462 4.27525 1
      vertex 11.7398 4.26239 1
    endloop
  endfacet
  facet normal 0 0 -1
    outer loop
      vertex 11.7331 4.28104 1
      vertex 11.7462 4.27525 1
      vertex 11.7369 4.27186 1
    endloop
  endfacet
  facet normal 0 0 -1
    outer loop
      vertex 11.7331 4.28104 1
      vertex 11.5342 4.78689 1
      vertex 11.7462 4.27525 1
    endloop
  endfacet
  facet normal 0 -0 -1
    outer loop
      vertex 11.5342 4.78689 1
      vertex 11.7331 4.28104 1
      vertex 11.5243 4.78501 1
    endloop
  endfacet
  facet normal 0 0 -1
    outer loop
      vertex 1.08858 12.4426 1
      vertex 2.09992 12.3194 1
      vertex 2.1003 12.3094 1
    endloop
  endfacet
  facet normal 0 0 -1
    outer loop
      vertex 2.09992 12.3194 1
      vertex 1.08858 12.4426 1
      vertex 1.08945 12.4524 1
    endloop
  endfacet
  facet normal 0 0 -1
    outer loop
      vertex 1.07866 12.443 1
      vertex 1.08945 12.4524 1
      vertex 1.08858 12.4426 1
    endloop
  endfacet
  facet normal 0 0 -1
    outer loop
      vertex 1.07866 12.443 1
      vertex 0.691905 12.4698 1
      vertex 1.08945 12.4524 1
    endloop
  endfacet
  facet normal 0 -0 -1
    outer loop
      vertex 0.691905 12.4698 1
      vertex 1.07866 12.443 1
      vertex 0.689283 12.46 1
    endloop
  endfacet
  facet normal 0 0 -1
    outer loop
      vertex -1.07866 12.443 1
      vertex -0.691905 12.4698 1
      vertex -0.689283 12.46 1
    endloop
  endfacet
  facet normal 0 0 -1
    outer loop
      vertex -1.08945 12.4524 1
      vertex -1.07866 12.443 1
      vertex -1.08858 12.4426 1
    endloop
  endfacet
  facet normal 0 0 -1
    outer loop
      vertex -1.07866 12.443 1
      vertex -1.08945 12.4524 1
      vertex -0.691905 12.4698 1
    endloop
  endfacet
  facet normal -0 0 -1
    outer loop
      vertex -1.08858 12.4426 1
      vertex -2.09992 12.3194 1
      vertex -1.08945 12.4524 1
    endloop
  endfacet
  facet normal 0 -0 -1
    outer loop
      vertex -2.09992 12.3194 1
      vertex -1.08858 12.4426 1
      vertex -2.1003 12.3094 1
    endloop
  endfacet
  facet normal 0 0 -1
    outer loop
      vertex 8.83854 8.82451 1
      vertex 9.318 8.31591 1
      vertex 9.31202 8.3078 1
    endloop
  endfacet
  facet normal 0 0 -1
    outer loop
      vertex 9.318 8.31591 1
      vertex 8.83854 8.82451 1
      vertex 8.83883 8.83883 1
    endloop
  endfacet
  facet normal 0 0 -1
    outer loop
      vertex 8.83183 8.83183 1
      vertex 8.83883 8.83883 1
      vertex 8.83854 8.82451 1
    endloop
  endfacet
  facet normal 0 0 -1
    outer loop
      vertex 8.82451 8.83854 1
      vertex 8.83883 8.83883 1
      vertex 8.83183 8.83183 1
    endloop
  endfacet
  facet normal 0 0 -1
    outer loop
      vertex 8.82451 8.83854 1
      vertex 8.31591 9.318 1
      vertex 8.83883 8.83883 1
    endloop
  endfacet
  facet normal 0 -0 -1
    outer loop
      vertex 8.31591 9.318 1
      vertex 8.82451 8.83854 1
      vertex 8.3078 9.31202 1
    endloop
  endfacet
  facet normal 0 0 -1
    outer loop
      vertex 11.7398 -4.26239 1
      vertex 12.0061 -3.45088 1
      vertex 11.7462 -4.27525 1
    endloop
  endfacet
  facet normal -0 0 -1
    outer loop
      vertex 12.0061 -3.45088 1
      vertex 11.7398 -4.26239 1
      vertex 11.9972 -3.44618 1
    endloop
  endfacet
  facet normal 0 0 -1
    outer loop
      vertex 11.7462 -4.27525 1
      vertex 11.7369 -4.27186 1
      vertex 11.7398 -4.26239 1
    endloop
  endfacet
  facet normal -0 0 -1
    outer loop
      vertex 11.7462 -4.27525 1
      vertex 11.7331 -4.28104 1
      vertex 11.7369 -4.27186 1
    endloop
  endfacet
  facet normal 0 0 -1
    outer loop
      vertex 11.5342 -4.78689 1
      vertex 11.7331 -4.28104 1
      vertex 11.7462 -4.27525 1
    endloop
  endfacet
  facet normal 0 0 -1
    outer loop
      vertex 11.7331 -4.28104 1
      vertex 11.5342 -4.78689 1
      vertex 11.5243 -4.78501 1
    endloop
  endfacet
  facet normal 0 0 -1
    outer loop
      vertex -4.26239 11.7398 1
      vertex -3.45088 12.0061 1
      vertex -3.44618 11.9972 1
    endloop
  endfacet
  facet normal 0 0 -1
    outer loop
      vertex -4.27525 11.7462 1
      vertex -4.26239 11.7398 1
      vertex -4.27186 11.7369 1
    endloop
  endfacet
  facet normal 0 0 -1
    outer loop
      vertex -4.26239 11.7398 1
      vertex -4.27525 11.7462 1
      vertex -3.45088 12.0061 1
    endloop
  endfacet
  facet normal 0 0 -1
    outer loop
      vertex -4.28104 11.7331 1
      vertex -4.27525 11.7462 1
      vertex -4.27186 11.7369 1
    endloop
  endfacet
  facet normal 0 0 -1
    outer loop
      vertex -4.78689 11.5342 1
      vertex -4.28104 11.7331 1
      vertex -4.78501 11.5243 1
    endloop
  endfacet
  facet normal -0 0 -1
    outer loop
      vertex -4.28104 11.7331 1
      vertex -4.78689 11.5342 1
      vertex -4.27525 11.7462 1
    endloop
  endfacet
  facet normal 0 0 -1
    outer loop
      vertex 7.17191 10.2252 1
      vertex 7.23695 10.1878 1
      vertex 7.23287 10.1785 1
    endloop
  endfacet
  facet normal 0 0 -1
    outer loop
      vertex 7.17191 10.2252 1
      vertex 7.16971 10.2394 1
      vertex 7.23695 10.1878 1
    endloop
  endfacet
  facet normal 0 0 -1
    outer loop
      vertex 7.16403 10.2313 1
      vertex 7.16971 10.2394 1
      vertex 7.17191 10.2252 1
    endloop
  endfacet
  facet normal 0 0 -1
    outer loop
      vertex 6.25343 10.8114 1
      vertex 7.16971 10.2394 1
      vertex 7.16403 10.2313 1
    endloop
  endfacet
  facet normal 0 0 -1
    outer loop
      vertex 6.25343 10.8114 1
      vertex 6.25 10.8253 1
      vertex 7.16971 10.2394 1
    endloop
  endfacet
  facet normal 0 0 -1
    outer loop
      vertex 6.24505 10.8167 1
      vertex 6.25 10.8253 1
      vertex 6.25343 10.8114 1
    endloop
  endfacet
  facet normal 0 0 -1
    outer loop
      vertex 6.24505 10.8167 1
      vertex 6.0357 10.9369 1
      vertex 6.25 10.8253 1
    endloop
  endfacet
  facet normal 0 -0 -1
    outer loop
      vertex 6.0357 10.9369 1
      vertex 6.24505 10.8167 1
      vertex 6.02908 10.9292 1
    endloop
  endfacet
  facet normal 0 0 -1
    outer loop
      vertex 8.83854 -8.82451 1
      vertex 9.318 -8.31591 1
      vertex 8.83883 -8.83883 1
    endloop
  endfacet
  facet normal -0 0 -1
    outer loop
      vertex 9.318 -8.31591 1
      vertex 8.83854 -8.82451 1
      vertex 9.31202 -8.3078 1
    endloop
  endfacet
  facet normal 0 0 -1
    outer loop
      vertex 8.83883 -8.83883 1
      vertex 8.83183 -8.83183 1
      vertex 8.83854 -8.82451 1
    endloop
  endfacet
  facet normal 0 0 -1
    outer loop
      vertex 8.83883 -8.83883 1
      vertex 8.82451 -8.83854 1
      vertex 8.83183 -8.83183 1
    endloop
  endfacet
  facet normal 0 0 -1
    outer loop
      vertex 8.31591 -9.318 1
      vertex 8.82451 -8.83854 1
      vertex 8.83883 -8.83883 1
    endloop
  endfacet
  facet normal 0 0 -1
    outer loop
      vertex 8.82451 -8.83854 1
      vertex 8.31591 -9.318 1
      vertex 8.3078 -9.31202 1
    endloop
  endfacet
  facet normal 0 0 -1
    outer loop
      vertex -6.24505 10.8167 1
      vertex -6.0357 10.9369 1
      vertex -6.02908 10.9292 1
    endloop
  endfacet
  facet normal 0 0 -1
    outer loop
      vertex -6.24505 10.8167 1
      vertex -6.25 10.8253 1
      vertex -6.0357 10.9369 1
    endloop
  endfacet
  facet normal 0 0 -1
    outer loop
      vertex -6.25343 10.8114 1
      vertex -6.25 10.8253 1
      vertex -6.24505 10.8167 1
    endloop
  endfacet
  facet normal 0 0 -1
    outer loop
      vertex -7.16971 10.2394 1
      vertex -6.25343 10.8114 1
      vertex -7.16403 10.2313 1
    endloop
  endfacet
  facet normal -0 0 -1
    outer loop
      vertex -6.25343 10.8114 1
      vertex -7.16971 10.2394 1
      vertex -6.25 10.8253 1
    endloop
  endfacet
  facet normal 0 0 -1
    outer loop
      vertex -7.17191 10.2252 1
      vertex -7.16971 10.2394 1
      vertex -7.16403 10.2313 1
    endloop
  endfacet
  facet normal 0 0 -1
    outer loop
      vertex -7.23695 10.1878 1
      vertex -7.17191 10.2252 1
      vertex -7.23287 10.1785 1
    endloop
  endfacet
  facet normal -0 0 -1
    outer loop
      vertex -7.17191 10.2252 1
      vertex -7.23695 10.1878 1
      vertex -7.16971 10.2394 1
    endloop
  endfacet
  facet normal -0 0 -1
    outer loop
      vertex 4.78689 -11.5342 1
      vertex 4.28104 -11.7331 1
      vertex 4.78501 -11.5243 1
    endloop
  endfacet
  facet normal 0 0 -1
    outer loop
      vertex 4.27525 -11.7462 1
      vertex 4.28104 -11.7331 1
      vertex 4.78689 -11.5342 1
    endloop
  endfacet
  facet normal 0 0 -1
    outer loop
      vertex 4.27525 -11.7462 1
      vertex 4.27186 -11.7369 1
      vertex 4.28104 -11.7331 1
    endloop
  endfacet
  facet normal 0 0 -1
    outer loop
      vertex 4.27525 -11.7462 1
      vertex 4.26239 -11.7398 1
      vertex 4.27186 -11.7369 1
    endloop
  endfacet
  facet normal 0 0 -1
    outer loop
      vertex 3.45088 -12.0061 1
      vertex 4.26239 -11.7398 1
      vertex 4.27525 -11.7462 1
    endloop
  endfacet
  facet normal 0 0 -1
    outer loop
      vertex 4.26239 -11.7398 1
      vertex 3.45088 -12.0061 1
      vertex 3.44618 -11.9972 1
    endloop
  endfacet
  facet normal 0 0 -1
    outer loop
      vertex 4.28104 11.7331 1
      vertex 4.78689 11.5342 1
      vertex 4.78501 11.5243 1
    endloop
  endfacet
  facet normal 0 0 -1
    outer loop
      vertex 4.28104 11.7331 1
      vertex 4.27525 11.7462 1
      vertex 4.78689 11.5342 1
    endloop
  endfacet
  facet normal 0 0 -1
    outer loop
      vertex 4.27186 11.7369 1
      vertex 4.27525 11.7462 1
      vertex 4.28104 11.7331 1
    endloop
  endfacet
  facet normal 0 0 -1
    outer loop
      vertex 4.26239 11.7398 1
      vertex 4.27525 11.7462 1
      vertex 4.27186 11.7369 1
    endloop
  endfacet
  facet normal 0 0 -1
    outer loop
      vertex 4.26239 11.7398 1
      vertex 3.45088 12.0061 1
      vertex 4.27525 11.7462 1
    endloop
  endfacet
  facet normal 0 -0 -1
    outer loop
      vertex 3.45088 12.0061 1
      vertex 4.26239 11.7398 1
      vertex 3.44618 11.9972 1
    endloop
  endfacet
  facet normal 0 0 -1
    outer loop
      vertex -11.5342 -4.78689 1
      vertex -11.7331 -4.28104 1
      vertex -11.5243 -4.78501 1
    endloop
  endfacet
  facet normal 0 0 -1
    outer loop
      vertex -11.7462 -4.27525 1
      vertex -11.7331 -4.28104 1
      vertex -11.5342 -4.78689 1
    endloop
  endfacet
  facet normal 0 0 -1
    outer loop
      vertex -11.7331 -4.28104 1
      vertex -11.7462 -4.27525 1
      vertex -11.7369 -4.27186 1
    endloop
  endfacet
  facet normal 0 0 -1
    outer loop
      vertex -11.7462 -4.27525 1
      vertex -11.7398 -4.26239 1
      vertex -11.7369 -4.27186 1
    endloop
  endfacet
  facet normal 0 0 -1
    outer loop
      vertex -12.0061 -3.45088 1
      vertex -11.7398 -4.26239 1
      vertex -11.7462 -4.27525 1
    endloop
  endfacet
  facet normal 0 0 -1
    outer loop
      vertex -11.7398 -4.26239 1
      vertex -12.0061 -3.45088 1
      vertex -11.9972 -3.44618 1
    endloop
  endfacet
  facet normal 0 0 -1
    outer loop
      vertex -12.3194 -2.09992 1
      vertex -12.4426 -1.08858 1
      vertex -12.3094 -2.1003 1
    endloop
  endfacet
  facet normal 0 0 -1
    outer loop
      vertex -12.4524 -1.08945 1
      vertex -12.4426 -1.08858 1
      vertex -12.3194 -2.09992 1
    endloop
  endfacet
  facet normal 0 0 -1
    outer loop
      vertex -12.4524 -1.08945 1
      vertex -12.443 -1.07866 1
      vertex -12.4426 -1.08858 1
    endloop
  endfacet
  facet normal 0 0 -1
    outer loop
      vertex -12.4698 -0.691905 1
      vertex -12.443 -1.07866 1
      vertex -12.4524 -1.08945 1
    endloop
  endfacet
  facet normal 0 0 -1
    outer loop
      vertex -12.443 -1.07866 1
      vertex -12.4698 -0.691905 1
      vertex -12.46 -0.689283 1
    endloop
  endfacet
  facet normal 0 0 -1
    outer loop
      vertex -6.0357 -10.9369 1
      vertex -6.24505 -10.8167 1
      vertex -6.02908 -10.9292 1
    endloop
  endfacet
  facet normal 0 0 -1
    outer loop
      vertex -6.25 -10.8253 1
      vertex -6.24505 -10.8167 1
      vertex -6.0357 -10.9369 1
    endloop
  endfacet
  facet normal 0 0 -1
    outer loop
      vertex -6.25 -10.8253 1
      vertex -6.25343 -10.8114 1
      vertex -6.24505 -10.8167 1
    endloop
  endfacet
  facet normal 0 0 -1
    outer loop
      vertex -7.16971 -10.2394 1
      vertex -6.25343 -10.8114 1
      vertex -6.25 -10.8253 1
    endloop
  endfacet
  facet normal 0 0 -1
    outer loop
      vertex -6.25343 -10.8114 1
      vertex -7.16971 -10.2394 1
      vertex -7.16403 -10.2313 1
    endloop
  endfacet
  facet normal 0 0 -1
    outer loop
      vertex -7.16971 -10.2394 1
      vertex -7.17191 -10.2252 1
      vertex -7.16403 -10.2313 1
    endloop
  endfacet
  facet normal 0 0 -1
    outer loop
      vertex -7.23695 -10.1878 1
      vertex -7.17191 -10.2252 1
      vertex -7.16971 -10.2394 1
    endloop
  endfacet
  facet normal 0 0 -1
    outer loop
      vertex -7.17191 -10.2252 1
      vertex -7.23695 -10.1878 1
      vertex -7.23287 -10.1785 1
    endloop
  endfacet
  facet normal 0 0 -1
    outer loop
      vertex -8.31591 -9.318 1
      vertex -8.82451 -8.83854 1
      vertex -8.3078 -9.31202 1
    endloop
  endfacet
  facet normal 0 0 -1
    outer loop
      vertex -8.83883 -8.83883 1
      vertex -8.82451 -8.83854 1
      vertex -8.31591 -9.318 1
    endloop
  endfacet
  facet normal -0 0 -1
    outer loop
      vertex -8.82451 -8.83854 1
      vertex -8.83883 -8.83883 1
      vertex -8.83183 -8.83183 1
    endloop
  endfacet
  facet normal 0 0 -1
    outer loop
      vertex -8.83883 -8.83883 1
      vertex -8.83854 -8.82451 1
      vertex -8.83183 -8.83183 1
    endloop
  endfacet
  facet normal 0 0 -1
    outer loop
      vertex -9.318 -8.31591 1
      vertex -8.83854 -8.82451 1
      vertex -8.83883 -8.83883 1
    endloop
  endfacet
  facet normal 0 0 -1
    outer loop
      vertex -8.83854 -8.82451 1
      vertex -9.318 -8.31591 1
      vertex -9.31202 -8.3078 1
    endloop
  endfacet
  facet normal 0 0 -1
    outer loop
      vertex 10.8167 6.24505 1
      vertex 10.9369 6.0357 1
      vertex 10.9292 6.02908 1
    endloop
  endfacet
  facet normal 0 0 -1
    outer loop
      vertex 10.9369 6.0357 1
      vertex 10.8167 6.24505 1
      vertex 10.8253 6.25 1
    endloop
  endfacet
  facet normal 0 0 -1
    outer loop
      vertex 10.8114 6.25343 1
      vertex 10.8253 6.25 1
      vertex 10.8167 6.24505 1
    endloop
  endfacet
  facet normal 0 0 -1
    outer loop
      vertex 10.8114 6.25343 1
      vertex 10.2394 7.16971 1
      vertex 10.8253 6.25 1
    endloop
  endfacet
  facet normal 0 0 -1
    outer loop
      vertex 10.2313 7.16403 1
      vertex 10.2394 7.16971 1
      vertex 10.8114 6.25343 1
    endloop
  endfacet
  facet normal 0 0 -1
    outer loop
      vertex 10.2252 7.17191 1
      vertex 10.2394 7.16971 1
      vertex 10.2313 7.16403 1
    endloop
  endfacet
  facet normal 0 0 -1
    outer loop
      vertex 10.2252 7.17191 1
      vertex 10.1878 7.23695 1
      vertex 10.2394 7.16971 1
    endloop
  endfacet
  facet normal 0 -0 -1
    outer loop
      vertex 10.1878 7.23695 1
      vertex 10.2252 7.17191 1
      vertex 10.1785 7.23287 1
    endloop
  endfacet
  facet normal 0 0 -1
    outer loop
      vertex -12.4426 1.08858 1
      vertex -12.3194 2.09992 1
      vertex -12.3094 2.1003 1
    endloop
  endfacet
  facet normal 0 0 -1
    outer loop
      vertex -12.4426 1.08858 1
      vertex -12.4524 1.08945 1
      vertex -12.3194 2.09992 1
    endloop
  endfacet
  facet normal 0 0 -1
    outer loop
      vertex -12.443 1.07866 1
      vertex -12.4524 1.08945 1
      vertex -12.4426 1.08858 1
    endloop
  endfacet
  facet normal 0 0 -1
    outer loop
      vertex -12.4698 0.691905 1
      vertex -12.443 1.07866 1
      vertex -12.46 0.689283 1
    endloop
  endfacet
  facet normal -0 0 -1
    outer loop
      vertex -12.443 1.07866 1
      vertex -12.4698 0.691905 1
      vertex -12.4524 1.08945 1
    endloop
  endfacet
  facet normal 0 0 -1
    outer loop
      vertex -0.691905 -12.4698 1
      vertex -1.07866 -12.443 1
      vertex -0.689283 -12.46 1
    endloop
  endfacet
  facet normal 0 0 -1
    outer loop
      vertex -1.08945 -12.4524 1
      vertex -1.07866 -12.443 1
      vertex -0.691905 -12.4698 1
    endloop
  endfacet
  facet normal -0 0 -1
    outer loop
      vertex -1.07866 -12.443 1
      vertex -1.08945 -12.4524 1
      vertex -1.08858 -12.4426 1
    endloop
  endfacet
  facet normal 0 0 -1
    outer loop
      vertex -2.09992 -12.3194 1
      vertex -1.08858 -12.4426 1
      vertex -1.08945 -12.4524 1
    endloop
  endfacet
  facet normal 0 0 -1
    outer loop
      vertex -1.08858 -12.4426 1
      vertex -2.09992 -12.3194 1
      vertex -2.1003 -12.3094 1
    endloop
  endfacet
  facet normal 0 0 -1
    outer loop
      vertex -10.2252 7.17191 1
      vertex -10.1878 7.23695 1
      vertex -10.1785 7.23287 1
    endloop
  endfacet
  facet normal 0 0 -1
    outer loop
      vertex -10.2394 7.16971 1
      vertex -10.2252 7.17191 1
      vertex -10.2313 7.16403 1
    endloop
  endfacet
  facet normal -0 0 -1
    outer loop
      vertex -10.2252 7.17191 1
      vertex -10.2394 7.16971 1
      vertex -10.1878 7.23695 1
    endloop
  endfacet
  facet normal 0 0 -1
    outer loop
      vertex -10.8114 6.25343 1
      vertex -10.2394 7.16971 1
      vertex -10.2313 7.16403 1
    endloop
  endfacet
  facet normal 0 0 -1
    outer loop
      vertex -10.8253 6.25 1
      vertex -10.8114 6.25343 1
      vertex -10.8167 6.24505 1
    endloop
  endfacet
  facet normal -0 0 -1
    outer loop
      vertex -10.8114 6.25343 1
      vertex -10.8253 6.25 1
      vertex -10.2394 7.16971 1
    endloop
  endfacet
  facet normal 0 0 -1
    outer loop
      vertex -10.9369 6.0357 1
      vertex -10.8167 6.24505 1
      vertex -10.9292 6.02908 1
    endloop
  endfacet
  facet normal -0 0 -1
    outer loop
      vertex -10.8167 6.24505 1
      vertex -10.9369 6.0357 1
      vertex -10.8253 6.25 1
    endloop
  endfacet
  facet normal 0 0 -1
    outer loop
      vertex -3.45088 -12.0061 1
      vertex -4.26239 -11.7398 1
      vertex -3.44618 -11.9972 1
    endloop
  endfacet
  facet normal 0 0 -1
    outer loop
      vertex -4.27525 -11.7462 1
      vertex -4.26239 -11.7398 1
      vertex -3.45088 -12.0061 1
    endloop
  endfacet
  facet normal -0 0 -1
    outer loop
      vertex -4.26239 -11.7398 1
      vertex -4.27525 -11.7462 1
      vertex -4.27186 -11.7369 1
    endloop
  endfacet
  facet normal 0 0 -1
    outer loop
      vertex -4.27525 -11.7462 1
      vertex -4.28104 -11.7331 1
      vertex -4.27186 -11.7369 1
    endloop
  endfacet
  facet normal 0 0 -1
    outer loop
      vertex -4.78689 -11.5342 1
      vertex -4.28104 -11.7331 1
      vertex -4.27525 -11.7462 1
    endloop
  endfacet
  facet normal 0 0 -1
    outer loop
      vertex -4.28104 -11.7331 1
      vertex -4.78689 -11.5342 1
      vertex -4.78501 -11.5243 1
    endloop
  endfacet
  facet normal 0 0 -1
    outer loop
      vertex -8.82451 8.83854 1
      vertex -8.31591 9.318 1
      vertex -8.3078 9.31202 1
    endloop
  endfacet
  facet normal 0 0 -1
    outer loop
      vertex -8.83883 8.83883 1
      vertex -8.82451 8.83854 1
      vertex -8.83183 8.83183 1
    endloop
  endfacet
  facet normal 0 0 -1
    outer loop
      vertex -8.82451 8.83854 1
      vertex -8.83883 8.83883 1
      vertex -8.31591 9.318 1
    endloop
  endfacet
  facet normal 0 0 -1
    outer loop
      vertex -8.83854 8.82451 1
      vertex -8.83883 8.83883 1
      vertex -8.83183 8.83183 1
    endloop
  endfacet
  facet normal 0 0 -1
    outer loop
      vertex -9.318 8.31591 1
      vertex -8.83854 8.82451 1
      vertex -9.31202 8.3078 1
    endloop
  endfacet
  facet normal -0 0 -1
    outer loop
      vertex -8.83854 8.82451 1
      vertex -9.318 8.31591 1
      vertex -8.83883 8.83883 1
    endloop
  endfacet
  facet normal -0.537287 -0.8434 0
    outer loop
      vertex -7.16971 -10.2394 1
      vertex -6.25 -10.8253 6.99
      vertex -7.16971 -10.2394 6.99
    endloop
  endfacet
  facet normal -0.537287 -0.8434 -0
    outer loop
      vertex -6.25 -10.8253 6.99
      vertex -7.16971 -10.2394 1
      vertex -6.25 -10.8253 1
    endloop
  endfacet
  facet normal 0.656889 -0.271915 -0.703249
    outer loop
      vertex 11.7331 -4.28104 1
      vertex 10.8065 -3.93323 5.72205e-07
      vertex 11.7369 -4.27186 1
    endloop
  endfacet
  facet normal 0.656811 -0.272112 -0.703245
    outer loop
      vertex 10.8065 -3.93323 5.72205e-07
      vertex 11.7331 -4.28104 1
      vertex 10.4225 -4.86011 5.72205e-07
    endloop
  endfacet
  facet normal 0.709797 0.030981 -0.703724
    outer loop
      vertex 12.4698 0.691905 1.01
      vertex 12.5 0 1.01
      vertex 12.46 0.689283 1
    endloop
  endfacet
  facet normal 0.710276 0.0310103 -0.70324
    outer loop
      vertex 12.46 0.689283 1
      vertex 11.5 0 5.72205e-07
      vertex 12.443 1.07866 1
    endloop
  endfacet
  facet normal 0.710274 0.0310156 -0.703242
    outer loop
      vertex 11.5 0 5.72205e-07
      vertex 12.46 0.689283 1
      vertex 12.5 0 1.01
    endloop
  endfacet
  facet normal 0.710402 0.0286452 -0.703213
    outer loop
      vertex 12.443 1.07866 1
      vertex 11.4562 1.00229 5.72205e-07
      vertex 12.4426 1.08858 1
    endloop
  endfacet
  facet normal 0.71026 0.0310383 -0.703255
    outer loop
      vertex 11.4562 1.00229 5.72205e-07
      vertex 12.443 1.07866 1
      vertex 11.5 0 5.72205e-07
    endloop
  endfacet
  facet normal 0.0310383 -0.71026 -0.703255
    outer loop
      vertex 1.00229 -11.4562 5.72205e-07
      vertex 1.07866 -12.443 1
      vertex 0 -11.5 5.72205e-07
    endloop
  endfacet
  facet normal 0.0286452 -0.710402 -0.703213
    outer loop
      vertex 1.07866 -12.443 1
      vertex 1.00229 -11.4562 5.72205e-07
      vertex 1.08858 -12.4426 1
    endloop
  endfacet
  facet normal 0.694093 -0.153917 -0.703239
    outer loop
      vertex 12.3101 -2.1706 1.01
      vertex 11.1081 -2.97642 5.72205e-07
      vertex 11.3253 -1.99695 5.72205e-07
    endloop
  endfacet
  facet normal 0.694077 -0.153857 -0.703267
    outer loop
      vertex 12.0741 -3.23524 1.01
      vertex 11.1081 -2.97642 5.72205e-07
      vertex 12.3101 -2.1706 1.01
    endloop
  endfacet
  facet normal -0.0927637 0.704876 -0.703239
    outer loop
      vertex -1.99695 11.3253 5.72205e-07
      vertex -2.1706 12.3101 1.01
      vertex -1.00229 11.4562 5.72205e-07
    endloop
  endfacet
  facet normal 0.208212 -0.67992 -0.703105
    outer loop
      vertex 4.26239 -11.7398 1
      vertex 3.93323 -10.8065 5.72205e-07
      vertex 4.27186 -11.7369 1
    endloop
  endfacet
  facet normal 0.213743 -0.678088 -0.703215
    outer loop
      vertex 3.93323 -10.8065 5.72205e-07
      vertex 4.26239 -11.7398 1
      vertex 2.97642 -11.1081 5.72205e-07
    endloop
  endfacet
  facet normal 0.630803 -0.328315 -0.703063
    outer loop
      vertex 10.9292 -6.02908 1
      vertex 11.3288 -5.28273 1.01
      vertex 10.9369 -6.0357 1.01
    endloop
  endfacet
  facet normal 0.630633 -0.328222 -0.703258
    outer loop
      vertex 10.9292 -6.02908 1
      vertex 9.95929 -5.75 5.72205e-07
      vertex 11.3288 -5.28273 1.01
    endloop
  endfacet
  facet normal 0.630541 -0.328452 -0.703233
    outer loop
      vertex 9.95929 -5.75 5.72205e-07
      vertex 10.9292 -6.02908 1
      vertex 10.8167 -6.24505 1
    endloop
  endfacet
  facet normal 0.153857 0.694077 -0.703267
    outer loop
      vertex 2.97642 11.1081 5.72205e-07
      vertex 2.1706 12.3101 1.01
      vertex 3.23524 12.0741 1.01
    endloop
  endfacet
  facet normal -0.32826 0.630633 -0.70324
    outer loop
      vertex -4.86011 10.4225 5.72205e-07
      vertex -5.75 9.95929 5.72205e-07
      vertex -5.28273 11.3288 1.01
    endloop
  endfacet
  facet normal -0.271915 -0.656889 -0.703249
    outer loop
      vertex -4.28104 -11.7331 1
      vertex -3.93323 -10.8065 5.72205e-07
      vertex -4.27186 -11.7369 1
    endloop
  endfacet
  facet normal -0.272112 -0.656811 -0.703245
    outer loop
      vertex -3.93323 -10.8065 5.72205e-07
      vertex -4.28104 -11.7331 1
      vertex -4.86011 -10.4225 5.72205e-07
    endloop
  endfacet
  facet normal 0.030981 -0.709797 -0.703724
    outer loop
      vertex 0 -12.5 1.01
      vertex 0.689283 -12.46 1
      vertex 0.691905 -12.4698 1.01
    endloop
  endfacet
  facet normal 0.0310103 -0.710276 -0.70324
    outer loop
      vertex 0.689283 -12.46 1
      vertex 0 -11.5 5.72205e-07
      vertex 1.07866 -12.443 1
    endloop
  endfacet
  facet normal 0.0310156 -0.710274 -0.703242
    outer loop
      vertex 0 -11.5 5.72205e-07
      vertex 0.689283 -12.46 1
      vertex 0 -12.5 1.01
    endloop
  endfacet
  facet normal 0.32826 -0.630633 -0.70324
    outer loop
      vertex 5.28273 -11.3288 1.01
      vertex 4.86011 -10.4225 5.72205e-07
      vertex 5.75 -9.95929 5.72205e-07
    endloop
  endfacet
  facet normal -0.599611 -0.381992 -0.703241
    outer loop
      vertex -10.8114 -6.25343 1
      vertex -9.95929 -5.75 5.72205e-07
      vertex -9.42025 -6.59613 5.72205e-07
    endloop
  endfacet
  facet normal -0.600831 -0.380001 -0.703279
    outer loop
      vertex -9.95929 -5.75 5.72205e-07
      vertex -10.8114 -6.25343 1
      vertex -10.8167 -6.24505 1
    endloop
  endfacet
  facet normal 0.381984 -0.599612 -0.703245
    outer loop
      vertex 7.16403 -10.2313 1
      vertex 6.25343 -10.8114 1
      vertex 6.59613 -9.42025 5.72205e-07
    endloop
  endfacet
  facet normal -0.67992 -0.208212 -0.703105
    outer loop
      vertex -11.7398 -4.26239 1
      vertex -10.8065 -3.93323 5.72205e-07
      vertex -11.7369 -4.27186 1
    endloop
  endfacet
  facet normal -0.678088 -0.213743 -0.703215
    outer loop
      vertex -10.8065 -3.93323 5.72205e-07
      vertex -11.7398 -4.26239 1
      vertex -11.1081 -2.97642 5.72205e-07
    endloop
  endfacet
  facet normal -0.694077 0.153857 -0.703267
    outer loop
      vertex -11.1081 2.97642 5.72205e-07
      vertex -12.3101 2.1706 1.01
      vertex -12.0741 3.23524 1.01
    endloop
  endfacet
  facet normal -0.328222 -0.630633 -0.703258
    outer loop
      vertex -5.28273 -11.3288 1.01
      vertex -6.02908 -10.9292 1
      vertex -5.75 -9.95929 5.72205e-07
    endloop
  endfacet
  facet normal -0.328315 -0.630803 -0.703063
    outer loop
      vertex -6.02908 -10.9292 1
      vertex -5.28273 -11.3288 1.01
      vertex -6.0357 -10.9369 1.01
    endloop
  endfacet
  facet normal -0.328452 -0.630541 -0.703233
    outer loop
      vertex -5.75 -9.95929 5.72205e-07
      vertex -6.02908 -10.9292 1
      vertex -6.24505 -10.8167 1
    endloop
  endfacet
  facet normal -0.678088 0.213743 -0.703215
    outer loop
      vertex -11.7398 4.26239 1
      vertex -10.8065 3.93323 5.72205e-07
      vertex -11.1081 2.97642 5.72205e-07
    endloop
  endfacet
  facet normal -0.67992 0.208212 -0.703105
    outer loop
      vertex -10.8065 3.93323 5.72205e-07
      vertex -11.7398 4.26239 1
      vertex -11.7369 4.27186 1
    endloop
  endfacet
  facet normal -0.599611 0.381992 -0.703241
    outer loop
      vertex -9.95929 5.75 5.72205e-07
      vertex -10.8114 6.25343 1
      vertex -9.42025 6.59613 5.72205e-07
    endloop
  endfacet
  facet normal -0.600831 0.380001 -0.703279
    outer loop
      vertex -10.8114 6.25343 1
      vertex -9.95929 5.75 5.72205e-07
      vertex -10.8167 6.24505 1
    endloop
  endfacet
  facet normal 0.213707 -0.677702 -0.703597
    outer loop
      vertex 3.45088 -12.0061 1.01
      vertex 3.23524 -12.0741 1.01
      vertex 3.44618 -11.9972 1
    endloop
  endfacet
  facet normal 0.213818 -0.678012 -0.703264
    outer loop
      vertex 3.44618 -11.9972 1
      vertex 2.97642 -11.1081 5.72205e-07
      vertex 4.26239 -11.7398 1
    endloop
  endfacet
  facet normal 0.213833 -0.678006 -0.703266
    outer loop
      vertex 2.97642 -11.1081 5.72205e-07
      vertex 3.44618 -11.9972 1
      vertex 3.23524 -12.0741 1.01
    endloop
  endfacet
  facet normal -0.432186 -0.564155 -0.703523
    outer loop
      vertex -7.23287 -10.1785 1
      vertex -7.39206 -8.80951 5.72205e-07
      vertex -7.17191 -10.2252 1
    endloop
  endfacet
  facet normal -0.433445 -0.564869 -0.702174
    outer loop
      vertex -8.03484 -9.57555 1.01
      vertex -7.23287 -10.1785 1
      vertex -7.23695 -10.1878 1.01
    endloop
  endfacet
  facet normal -0.432821 -0.564022 -0.70324
    outer loop
      vertex -7.23287 -10.1785 1
      vertex -8.03484 -9.57555 1.01
      vertex -7.39206 -8.80951 5.72205e-07
    endloop
  endfacet
  facet normal -0.272124 0.656812 -0.70324
    outer loop
      vertex -4.86011 10.4225 5.72205e-07
      vertex -4.78501 11.5243 1
      vertex -4.28104 11.7331 1
    endloop
  endfacet
  facet normal -0.27212 0.656813 -0.703241
    outer loop
      vertex -5.28273 11.3288 1.01
      vertex -4.78501 11.5243 1
      vertex -4.86011 10.4225 5.72205e-07
    endloop
  endfacet
  facet normal -0.272438 0.657672 -0.702314
    outer loop
      vertex -4.78501 11.5243 1
      vertex -5.28273 11.3288 1.01
      vertex -4.78689 11.5342 1.01
    endloop
  endfacet
  facet normal 0.0927637 -0.704876 -0.703239
    outer loop
      vertex 2.1706 -12.3101 1.01
      vertex 1.00229 -11.4562 5.72205e-07
      vertex 1.99695 -11.3253 5.72205e-07
    endloop
  endfacet
  facet normal 0.657672 -0.272438 -0.702314
    outer loop
      vertex 11.5342 -4.78689 1.01
      vertex 11.3288 -5.28273 1.01
      vertex 11.5243 -4.78501 1
    endloop
  endfacet
  facet normal 0.656812 -0.272124 -0.70324
    outer loop
      vertex 11.5243 -4.78501 1
      vertex 10.4225 -4.86011 5.72205e-07
      vertex 11.7331 -4.28104 1
    endloop
  endfacet
  facet normal 0.656813 -0.27212 -0.703241
    outer loop
      vertex 10.4225 -4.86011 5.72205e-07
      vertex 11.5243 -4.78501 1
      vertex 11.3288 -5.28273 1.01
    endloop
  endfacet
  facet normal -0.153857 0.694077 -0.703267
    outer loop
      vertex -2.97642 11.1081 5.72205e-07
      vertex -3.23524 12.0741 1.01
      vertex -2.1706 12.3101 1.01
    endloop
  endfacet
  facet normal 0.480407 -0.52408 -0.703242
    outer loop
      vertex 8.82451 -8.83854 1
      vertex 8.13173 -8.13173 5.72205e-07
      vertex 8.83183 -8.83183 1
    endloop
  endfacet
  facet normal 0.480312 -0.52417 -0.70324
    outer loop
      vertex 8.13173 -8.13173 5.72205e-07
      vertex 8.82451 -8.83854 1
      vertex 7.39206 -8.80951 5.72205e-07
    endloop
  endfacet
  facet normal -0.153917 -0.694093 -0.703239
    outer loop
      vertex -2.1706 -12.3101 1.01
      vertex -2.97642 -11.1081 5.72205e-07
      vertex -1.99695 -11.3253 5.72205e-07
    endloop
  endfacet
  facet normal -0.694093 -0.153917 -0.703239
    outer loop
      vertex -11.1081 -2.97642 5.72205e-07
      vertex -12.3101 -2.1706 1.01
      vertex -11.3253 -1.99695 5.72205e-07
    endloop
  endfacet
  facet normal 0.71026 -0.0310383 -0.703255
    outer loop
      vertex 12.443 -1.07866 1
      vertex 11.4562 -1.00229 5.72205e-07
      vertex 11.5 0 5.72205e-07
    endloop
  endfacet
  facet normal 0.710402 -0.0286452 -0.703213
    outer loop
      vertex 11.4562 -1.00229 5.72205e-07
      vertex 12.443 -1.07866 1
      vertex 12.4426 -1.08858 1
    endloop
  endfacet
  facet normal 0.710274 -0.0310156 -0.703242
    outer loop
      vertex 12.5 0 1.01
      vertex 12.46 -0.689283 1
      vertex 11.5 0 5.72205e-07
    endloop
  endfacet
  facet normal 0.709797 -0.030981 -0.703724
    outer loop
      vertex 12.46 -0.689283 1
      vertex 12.5 0 1.01
      vertex 12.4698 -0.691905 1.01
    endloop
  endfacet
  facet normal 0.710276 -0.0310103 -0.70324
    outer loop
      vertex 11.5 0 5.72205e-07
      vertex 12.46 -0.689283 1
      vertex 12.443 -1.07866 1
    endloop
  endfacet
  facet normal -0.710402 0.0286452 -0.703213
    outer loop
      vertex -11.4562 1.00229 5.72205e-07
      vertex -12.443 1.07866 1
      vertex -12.4426 1.08858 1
    endloop
  endfacet
  facet normal -0.71026 0.0310383 -0.703255
    outer loop
      vertex -12.443 1.07866 1
      vertex -11.4562 1.00229 5.72205e-07
      vertex -11.5 0 5.72205e-07
    endloop
  endfacet
  facet normal -0.213707 -0.677702 -0.703597
    outer loop
      vertex -3.23524 -12.0741 1.01
      vertex -3.45088 -12.0061 1.01
      vertex -3.44618 -11.9972 1
    endloop
  endfacet
  facet normal -0.213833 -0.678006 -0.703266
    outer loop
      vertex -3.44618 -11.9972 1
      vertex -2.97642 -11.1081 5.72205e-07
      vertex -3.23524 -12.0741 1.01
    endloop
  endfacet
  facet normal -0.213818 -0.678012 -0.703264
    outer loop
      vertex -2.97642 -11.1081 5.72205e-07
      vertex -3.44618 -11.9972 1
      vertex -4.26239 -11.7398 1
    endloop
  endfacet
  facet normal 0.480395 -0.524266 -0.703111
    outer loop
      vertex 8.31591 -9.318 1.01
      vertex 8.03484 -9.57555 1.01
      vertex 8.3078 -9.31202 1
    endloop
  endfacet
  facet normal 0.480313 -0.524167 -0.703241
    outer loop
      vertex 8.3078 -9.31202 1
      vertex 7.39206 -8.80951 5.72205e-07
      vertex 8.82451 -8.83854 1
    endloop
  endfacet
  facet normal 0.480305 -0.524177 -0.703239
    outer loop
      vertex 7.39206 -8.80951 5.72205e-07
      vertex 8.3078 -9.31202 1
      vertex 8.03484 -9.57555 1.01
    endloop
  endfacet
  facet normal 0.704876 -0.0927637 -0.703239
    outer loop
      vertex 12.3101 -2.1706 1.01
      vertex 11.3253 -1.99695 5.72205e-07
      vertex 11.4562 -1.00229 5.72205e-07
    endloop
  endfacet
  facet normal -0.480312 -0.52417 -0.70324
    outer loop
      vertex -8.82451 -8.83854 1
      vertex -8.13173 -8.13173 5.72205e-07
      vertex -7.39206 -8.80951 5.72205e-07
    endloop
  endfacet
  facet normal -0.480407 -0.52408 -0.703242
    outer loop
      vertex -8.13173 -8.13173 5.72205e-07
      vertex -8.82451 -8.83854 1
      vertex -8.83183 -8.83183 1
    endloop
  endfacet
  facet normal -0.657672 -0.272438 -0.702314
    outer loop
      vertex -11.3288 -5.28273 1.01
      vertex -11.5342 -4.78689 1.01
      vertex -11.5243 -4.78501 1
    endloop
  endfacet
  facet normal -0.656813 -0.27212 -0.703241
    outer loop
      vertex -11.5243 -4.78501 1
      vertex -10.4225 -4.86011 5.72205e-07
      vertex -11.3288 -5.28273 1.01
    endloop
  endfacet
  facet normal -0.656812 -0.272124 -0.70324
    outer loop
      vertex -10.4225 -4.86011 5.72205e-07
      vertex -11.5243 -4.78501 1
      vertex -11.7331 -4.28104 1
    endloop
  endfacet
  facet normal -0.599612 -0.381984 -0.703245
    outer loop
      vertex -10.2313 -7.16403 1
      vertex -10.8114 -6.25343 1
      vertex -9.42025 -6.59613 5.72205e-07
    endloop
  endfacet
  facet normal 0.705813 -0.0928702 -0.702284
    outer loop
      vertex 12.3194 -2.09992 1.01
      vertex 12.3101 -2.1706 1.01
      vertex 12.3094 -2.1003 1
    endloop
  endfacet
  facet normal 0.704844 -0.0927977 -0.703266
    outer loop
      vertex 12.3094 -2.1003 1
      vertex 11.4562 -1.00229 5.72205e-07
      vertex 12.4426 -1.08858 1
    endloop
  endfacet
  facet normal 0.704684 -0.0930394 -0.703395
    outer loop
      vertex 11.4562 -1.00229 5.72205e-07
      vertex 12.3094 -2.1003 1
      vertex 12.3101 -2.1706 1.01
    endloop
  endfacet
  facet normal 0.272112 0.656811 -0.703245
    outer loop
      vertex 3.93323 10.8065 5.72205e-07
      vertex 4.28104 11.7331 1
      vertex 4.86011 10.4225 5.72205e-07
    endloop
  endfacet
  facet normal 0.271915 0.656889 -0.703249
    outer loop
      vertex 4.28104 11.7331 1
      vertex 3.93323 10.8065 5.72205e-07
      vertex 4.27186 11.7369 1
    endloop
  endfacet
  facet normal 0.153917 -0.694093 -0.703239
    outer loop
      vertex 2.1706 -12.3101 1.01
      vertex 1.99695 -11.3253 5.72205e-07
      vertex 2.97642 -11.1081 5.72205e-07
    endloop
  endfacet
  facet normal 0.0927977 -0.704844 -0.703266
    outer loop
      vertex 1.08858 -12.4426 1
      vertex 1.00229 -11.4562 5.72205e-07
      vertex 2.1003 -12.3094 1
    endloop
  endfacet
  facet normal 0.0928702 -0.705813 -0.702284
    outer loop
      vertex 2.1003 -12.3094 1
      vertex 2.1706 -12.3101 1.01
      vertex 2.09992 -12.3194 1.01
    endloop
  endfacet
  facet normal 0.0930394 -0.704684 -0.703395
    outer loop
      vertex 2.1706 -12.3101 1.01
      vertex 2.1003 -12.3094 1
      vertex 1.00229 -11.4562 5.72205e-07
    endloop
  endfacet
  facet normal 0.677702 -0.213707 -0.703597
    outer loop
      vertex 11.9972 -3.44618 1
      vertex 12.0741 -3.23524 1.01
      vertex 12.0061 -3.45088 1.01
    endloop
  endfacet
  facet normal 0.678006 -0.213833 -0.703266
    outer loop
      vertex 11.9972 -3.44618 1
      vertex 11.1081 -2.97642 5.72205e-07
      vertex 12.0741 -3.23524 1.01
    endloop
  endfacet
  facet normal 0.678012 -0.213818 -0.703264
    outer loop
      vertex 11.1081 -2.97642 5.72205e-07
      vertex 11.9972 -3.44618 1
      vertex 11.7398 -4.26239 1
    endloop
  endfacet
  facet normal 0.272438 -0.657672 -0.702314
    outer loop
      vertex 4.78501 -11.5243 1
      vertex 5.28273 -11.3288 1.01
      vertex 4.78689 -11.5342 1.01
    endloop
  endfacet
  facet normal 0.27212 -0.656813 -0.703241
    outer loop
      vertex 5.28273 -11.3288 1.01
      vertex 4.78501 -11.5243 1
      vertex 4.86011 -10.4225 5.72205e-07
    endloop
  endfacet
  facet normal 0.272124 -0.656812 -0.70324
    outer loop
      vertex 4.86011 -10.4225 5.72205e-07
      vertex 4.78501 -11.5243 1
      vertex 4.28104 -11.7331 1
    endloop
  endfacet
  facet normal -0.272124 -0.656812 -0.70324
    outer loop
      vertex -4.78501 -11.5243 1
      vertex -4.86011 -10.4225 5.72205e-07
      vertex -4.28104 -11.7331 1
    endloop
  endfacet
  facet normal -0.272438 -0.657672 -0.702314
    outer loop
      vertex -5.28273 -11.3288 1.01
      vertex -4.78501 -11.5243 1
      vertex -4.78689 -11.5342 1.01
    endloop
  endfacet
  facet normal -0.27212 -0.656813 -0.703241
    outer loop
      vertex -4.78501 -11.5243 1
      vertex -5.28273 -11.3288 1.01
      vertex -4.86011 -10.4225 5.72205e-07
    endloop
  endfacet
  facet normal -0.213743 0.678088 -0.703215
    outer loop
      vertex -3.93323 10.8065 5.72205e-07
      vertex -4.26239 11.7398 1
      vertex -2.97642 11.1081 5.72205e-07
    endloop
  endfacet
  facet normal -0.208212 0.67992 -0.703105
    outer loop
      vertex -4.26239 11.7398 1
      vertex -3.93323 10.8065 5.72205e-07
      vertex -4.27186 11.7369 1
    endloop
  endfacet
  facet normal -0.0927637 -0.704876 -0.703239
    outer loop
      vertex -1.00229 -11.4562 5.72205e-07
      vertex -2.1706 -12.3101 1.01
      vertex -1.99695 -11.3253 5.72205e-07
    endloop
  endfacet
  facet normal 0.600831 -0.380001 -0.703279
    outer loop
      vertex 10.8114 -6.25343 1
      vertex 9.95929 -5.75 5.72205e-07
      vertex 10.8167 -6.24505 1
    endloop
  endfacet
  facet normal 0.599611 -0.381992 -0.703241
    outer loop
      vertex 9.95929 -5.75 5.72205e-07
      vertex 10.8114 -6.25343 1
      vertex 9.42025 -6.59613 5.72205e-07
    endloop
  endfacet
  facet normal -0.213743 -0.678088 -0.703215
    outer loop
      vertex -4.26239 -11.7398 1
      vertex -3.93323 -10.8065 5.72205e-07
      vertex -2.97642 -11.1081 5.72205e-07
    endloop
  endfacet
  facet normal -0.208212 -0.67992 -0.703105
    outer loop
      vertex -3.93323 -10.8065 5.72205e-07
      vertex -4.26239 -11.7398 1
      vertex -4.27186 -11.7369 1
    endloop
  endfacet
  facet normal 0.153857 -0.694077 -0.703267
    outer loop
      vertex 3.23524 -12.0741 1.01
      vertex 2.1706 -12.3101 1.01
      vertex 2.97642 -11.1081 5.72205e-07
    endloop
  endfacet
  facet normal 0.27212 0.656813 -0.703241
    outer loop
      vertex 4.78501 11.5243 1
      vertex 5.28273 11.3288 1.01
      vertex 4.86011 10.4225 5.72205e-07
    endloop
  endfacet
  facet normal 0.272438 0.657672 -0.702314
    outer loop
      vertex 5.28273 11.3288 1.01
      vertex 4.78501 11.5243 1
      vertex 4.78689 11.5342 1.01
    endloop
  endfacet
  facet normal 0.272124 0.656812 -0.70324
    outer loop
      vertex 4.78501 11.5243 1
      vertex 4.86011 10.4225 5.72205e-07
      vertex 4.28104 11.7331 1
    endloop
  endfacet
  facet normal 0.56224 0.435236 -0.703176
    outer loop
      vertex 9.42025 6.59613 5.72205e-07
      vertex 10.2252 7.17191 1
      vertex 10.2313 7.16403 1
    endloop
  endfacet
  facet normal 0.564044 0.432807 -0.70323
    outer loop
      vertex 10.2252 7.17191 1
      vertex 9.42025 6.59613 5.72205e-07
      vertex 8.80951 7.39206 5.72205e-07
    endloop
  endfacet
  facet normal 0.67992 -0.208212 -0.703105
    outer loop
      vertex 10.8065 -3.93323 5.72205e-07
      vertex 11.7398 -4.26239 1
      vertex 11.7369 -4.27186 1
    endloop
  endfacet
  facet normal 0.678088 -0.213743 -0.703215
    outer loop
      vertex 11.7398 -4.26239 1
      vertex 10.8065 -3.93323 5.72205e-07
      vertex 11.1081 -2.97642 5.72205e-07
    endloop
  endfacet
  facet normal -0.380001 -0.600831 -0.703279
    outer loop
      vertex -6.25343 -10.8114 1
      vertex -5.75 -9.95929 5.72205e-07
      vertex -6.24505 -10.8167 1
    endloop
  endfacet
  facet normal -0.381992 -0.599611 -0.703241
    outer loop
      vertex -5.75 -9.95929 5.72205e-07
      vertex -6.25343 -10.8114 1
      vertex -6.59613 -9.42025 5.72205e-07
    endloop
  endfacet
  facet normal 0.0927637 0.704876 -0.703239
    outer loop
      vertex 1.99695 11.3253 5.72205e-07
      vertex 1.00229 11.4562 5.72205e-07
      vertex 2.1706 12.3101 1.01
    endloop
  endfacet
  facet normal -0.380001 0.600831 -0.703279
    outer loop
      vertex -5.75 9.95929 5.72205e-07
      vertex -6.25343 10.8114 1
      vertex -6.24505 10.8167 1
    endloop
  endfacet
  facet normal -0.381992 0.599611 -0.703241
    outer loop
      vertex -6.25343 10.8114 1
      vertex -5.75 9.95929 5.72205e-07
      vertex -6.59613 9.42025 5.72205e-07
    endloop
  endfacet
  facet normal 0.524266 -0.480395 -0.703111
    outer loop
      vertex 9.31202 -8.3078 1
      vertex 9.57555 -8.03484 1.01
      vertex 9.318 -8.31591 1.01
    endloop
  endfacet
  facet normal 0.524177 -0.480305 -0.703239
    outer loop
      vertex 9.31202 -8.3078 1
      vertex 8.80951 -7.39206 5.72205e-07
      vertex 9.57555 -8.03484 1.01
    endloop
  endfacet
  facet normal 0.524167 -0.480313 -0.703241
    outer loop
      vertex 8.80951 -7.39206 5.72205e-07
      vertex 9.31202 -8.3078 1
      vertex 8.83854 -8.82451 1
    endloop
  endfacet
  facet normal 0.271915 -0.656889 -0.703249
    outer loop
      vertex 3.93323 -10.8065 5.72205e-07
      vertex 4.28104 -11.7331 1
      vertex 4.27186 -11.7369 1
    endloop
  endfacet
  facet normal 0.272112 -0.656811 -0.703245
    outer loop
      vertex 4.28104 -11.7331 1
      vertex 3.93323 -10.8065 5.72205e-07
      vertex 4.86011 -10.4225 5.72205e-07
    endloop
  endfacet
  facet normal 0.213833 0.678006 -0.703266
    outer loop
      vertex 3.44618 11.9972 1
      vertex 2.97642 11.1081 5.72205e-07
      vertex 3.23524 12.0741 1.01
    endloop
  endfacet
  facet normal 0.213818 0.678012 -0.703264
    outer loop
      vertex 2.97642 11.1081 5.72205e-07
      vertex 3.44618 11.9972 1
      vertex 4.26239 11.7398 1
    endloop
  endfacet
  facet normal 0.213707 0.677702 -0.703597
    outer loop
      vertex 3.45088 12.0061 1.01
      vertex 3.44618 11.9972 1
      vertex 3.23524 12.0741 1.01
    endloop
  endfacet
  facet normal 0.432821 0.564022 -0.70324
    outer loop
      vertex 7.23287 10.1785 1
      vertex 8.03484 9.57555 1.01
      vertex 7.39206 8.80951 5.72205e-07
    endloop
  endfacet
  facet normal 0.433445 0.564869 -0.702174
    outer loop
      vertex 8.03484 9.57555 1.01
      vertex 7.23287 10.1785 1
      vertex 7.23695 10.1878 1.01
    endloop
  endfacet
  facet normal 0.432186 0.564155 -0.703523
    outer loop
      vertex 7.23287 10.1785 1
      vertex 7.39206 8.80951 5.72205e-07
      vertex 7.17191 10.2252 1
    endloop
  endfacet
  facet normal -0.030981 -0.709797 -0.703724
    outer loop
      vertex -0.689283 -12.46 1
      vertex 0 -12.5 1.01
      vertex -0.691905 -12.4698 1.01
    endloop
  endfacet
  facet normal -0.0310156 -0.710274 -0.703242
    outer loop
      vertex 0 -12.5 1.01
      vertex -0.689283 -12.46 1
      vertex 0 -11.5 5.72205e-07
    endloop
  endfacet
  facet normal -0.0310103 -0.710276 -0.70324
    outer loop
      vertex -1.07866 -12.443 1
      vertex 0 -11.5 5.72205e-07
      vertex -0.689283 -12.46 1
    endloop
  endfacet
  facet normal -0.328452 0.630541 -0.703233
    outer loop
      vertex -5.75 9.95929 5.72205e-07
      vertex -6.24505 10.8167 1
      vertex -6.02908 10.9292 1
    endloop
  endfacet
  facet normal -0.328222 0.630633 -0.703258
    outer loop
      vertex -6.02908 10.9292 1
      vertex -5.28273 11.3288 1.01
      vertex -5.75 9.95929 5.72205e-07
    endloop
  endfacet
  facet normal -0.328315 0.630803 -0.703063
    outer loop
      vertex -5.28273 11.3288 1.01
      vertex -6.02908 10.9292 1
      vertex -6.0357 10.9369 1.01
    endloop
  endfacet
  facet normal 0.480305 0.524177 -0.703239
    outer loop
      vertex 8.3078 9.31202 1
      vertex 7.39206 8.80951 5.72205e-07
      vertex 8.03484 9.57555 1.01
    endloop
  endfacet
  facet normal 0.480313 0.524167 -0.703241
    outer loop
      vertex 7.39206 8.80951 5.72205e-07
      vertex 8.3078 9.31202 1
      vertex 8.82451 8.83854 1
    endloop
  endfacet
  facet normal 0.480395 0.524266 -0.703111
    outer loop
      vertex 8.31591 9.318 1.01
      vertex 8.3078 9.31202 1
      vertex 8.03484 9.57555 1.01
    endloop
  endfacet
  facet normal -0.524167 -0.480313 -0.703241
    outer loop
      vertex -9.31202 -8.3078 1
      vertex -8.80951 -7.39206 5.72205e-07
      vertex -8.83854 -8.82451 1
    endloop
  endfacet
  facet normal -0.524266 -0.480395 -0.703111
    outer loop
      vertex -9.57555 -8.03484 1.01
      vertex -9.31202 -8.3078 1
      vertex -9.318 -8.31591 1.01
    endloop
  endfacet
  facet normal -0.524177 -0.480305 -0.703239
    outer loop
      vertex -9.31202 -8.3078 1
      vertex -9.57555 -8.03484 1.01
      vertex -8.80951 -7.39206 5.72205e-07
    endloop
  endfacet
  facet normal -0.52417 0.480312 -0.70324
    outer loop
      vertex -8.83854 8.82451 1
      vertex -8.13173 8.13173 5.72205e-07
      vertex -8.80951 7.39206 5.72205e-07
    endloop
  endfacet
  facet normal -0.52408 0.480407 -0.703242
    outer loop
      vertex -8.13173 8.13173 5.72205e-07
      vertex -8.83854 8.82451 1
      vertex -8.83183 8.83183 1
    endloop
  endfacet
  facet normal -0.705813 -0.0928702 -0.702284
    outer loop
      vertex -12.3194 -2.09992 1.01
      vertex -12.3094 -2.1003 1
      vertex -12.3101 -2.1706 1.01
    endloop
  endfacet
  facet normal -0.704844 -0.0927977 -0.703266
    outer loop
      vertex -11.4562 -1.00229 5.72205e-07
      vertex -12.3094 -2.1003 1
      vertex -12.4426 -1.08858 1
    endloop
  endfacet
  facet normal -0.704684 -0.0930394 -0.703395
    outer loop
      vertex -12.3094 -2.1003 1
      vertex -11.4562 -1.00229 5.72205e-07
      vertex -12.3101 -2.1706 1.01
    endloop
  endfacet
  facet normal 0.153917 0.694093 -0.703239
    outer loop
      vertex 2.97642 11.1081 5.72205e-07
      vertex 1.99695 11.3253 5.72205e-07
      vertex 2.1706 12.3101 1.01
    endloop
  endfacet
  facet normal -0.153857 -0.694077 -0.703267
    outer loop
      vertex -2.1706 -12.3101 1.01
      vertex -3.23524 -12.0741 1.01
      vertex -2.97642 -11.1081 5.72205e-07
    endloop
  endfacet
  facet normal 0.599612 -0.381984 -0.703245
    outer loop
      vertex 10.2313 -7.16403 1
      vertex 9.42025 -6.59613 5.72205e-07
      vertex 10.8114 -6.25343 1
    endloop
  endfacet
  facet normal 0.380001 -0.600831 -0.703279
    outer loop
      vertex 5.75 -9.95929 5.72205e-07
      vertex 6.25343 -10.8114 1
      vertex 6.24505 -10.8167 1
    endloop
  endfacet
  facet normal 0.381992 -0.599611 -0.703241
    outer loop
      vertex 6.25343 -10.8114 1
      vertex 5.75 -9.95929 5.72205e-07
      vertex 6.59613 -9.42025 5.72205e-07
    endloop
  endfacet
  facet normal 0.656813 0.27212 -0.703241
    outer loop
      vertex 11.5243 4.78501 1
      vertex 10.4225 4.86011 5.72205e-07
      vertex 11.3288 5.28273 1.01
    endloop
  endfacet
  facet normal 0.656812 0.272124 -0.70324
    outer loop
      vertex 10.4225 4.86011 5.72205e-07
      vertex 11.5243 4.78501 1
      vertex 11.7331 4.28104 1
    endloop
  endfacet
  facet normal 0.657672 0.272438 -0.702314
    outer loop
      vertex 11.5342 4.78689 1.01
      vertex 11.5243 4.78501 1
      vertex 11.3288 5.28273 1.01
    endloop
  endfacet
  facet normal 0.52408 -0.480407 -0.703242
    outer loop
      vertex 8.13173 -8.13173 5.72205e-07
      vertex 8.83854 -8.82451 1
      vertex 8.83183 -8.83183 1
    endloop
  endfacet
  facet normal 0.52417 -0.480312 -0.70324
    outer loop
      vertex 8.83854 -8.82451 1
      vertex 8.13173 -8.13173 5.72205e-07
      vertex 8.80951 -7.39206 5.72205e-07
    endloop
  endfacet
  facet normal -0.0310383 0.71026 -0.703255
    outer loop
      vertex -1.00229 11.4562 5.72205e-07
      vertex -1.07866 12.443 1
      vertex 0 11.5 5.72205e-07
    endloop
  endfacet
  facet normal -0.0286452 0.710402 -0.703213
    outer loop
      vertex -1.07866 12.443 1
      vertex -1.00229 11.4562 5.72205e-07
      vertex -1.08858 12.4426 1
    endloop
  endfacet
  facet normal -0.564044 -0.432807 -0.70323
    outer loop
      vertex -10.2252 -7.17191 1
      vertex -9.42025 -6.59613 5.72205e-07
      vertex -8.80951 -7.39206 5.72205e-07
    endloop
  endfacet
  facet normal -0.56224 -0.435236 -0.703176
    outer loop
      vertex -9.42025 -6.59613 5.72205e-07
      vertex -10.2252 -7.17191 1
      vertex -10.2313 -7.16403 1
    endloop
  endfacet
  facet normal 0.630633 -0.32826 -0.70324
    outer loop
      vertex 11.3288 -5.28273 1.01
      vertex 9.95929 -5.75 5.72205e-07
      vertex 10.4225 -4.86011 5.72205e-07
    endloop
  endfacet
  facet normal 0.630633 0.32826 -0.70324
    outer loop
      vertex 10.4225 4.86011 5.72205e-07
      vertex 9.95929 5.75 5.72205e-07
      vertex 11.3288 5.28273 1.01
    endloop
  endfacet
  facet normal -0.0927977 0.704844 -0.703266
    outer loop
      vertex -1.08858 12.4426 1
      vertex -1.00229 11.4562 5.72205e-07
      vertex -2.1003 12.3094 1
    endloop
  endfacet
  facet normal -0.0928702 0.705813 -0.702284
    outer loop
      vertex -2.1003 12.3094 1
      vertex -2.1706 12.3101 1.01
      vertex -2.09992 12.3194 1.01
    endloop
  endfacet
  facet normal -0.0930394 0.704684 -0.703395
    outer loop
      vertex -2.1706 12.3101 1.01
      vertex -2.1003 12.3094 1
      vertex -1.00229 11.4562 5.72205e-07
    endloop
  endfacet
  facet normal -0.435236 0.56224 -0.703176
    outer loop
      vertex -6.59613 9.42025 5.72205e-07
      vertex -7.17191 10.2252 1
      vertex -7.16403 10.2313 1
    endloop
  endfacet
  facet normal -0.432807 0.564044 -0.70323
    outer loop
      vertex -7.17191 10.2252 1
      vertex -6.59613 9.42025 5.72205e-07
      vertex -7.39206 8.80951 5.72205e-07
    endloop
  endfacet
  facet normal 0.208212 0.67992 -0.703105
    outer loop
      vertex 3.93323 10.8065 5.72205e-07
      vertex 4.26239 11.7398 1
      vertex 4.27186 11.7369 1
    endloop
  endfacet
  facet normal 0.213743 0.678088 -0.703215
    outer loop
      vertex 4.26239 11.7398 1
      vertex 3.93323 10.8065 5.72205e-07
      vertex 2.97642 11.1081 5.72205e-07
    endloop
  endfacet
  facet normal -0.710274 -0.0310156 -0.703242
    outer loop
      vertex -11.5 0 5.72205e-07
      vertex -12.46 -0.689283 1
      vertex -12.5 0 1.01
    endloop
  endfacet
  facet normal -0.710276 -0.0310103 -0.70324
    outer loop
      vertex -12.46 -0.689283 1
      vertex -11.5 0 5.72205e-07
      vertex -12.443 -1.07866 1
    endloop
  endfacet
  facet normal -0.709797 -0.030981 -0.703724
    outer loop
      vertex -12.5 0 1.01
      vertex -12.46 -0.689283 1
      vertex -12.4698 -0.691905 1.01
    endloop
  endfacet
  facet normal 0.56224 -0.435236 -0.703176
    outer loop
      vertex 10.2252 -7.17191 1
      vertex 9.42025 -6.59613 5.72205e-07
      vertex 10.2313 -7.16403 1
    endloop
  endfacet
  facet normal 0.564044 -0.432807 -0.70323
    outer loop
      vertex 9.42025 -6.59613 5.72205e-07
      vertex 10.2252 -7.17191 1
      vertex 8.80951 -7.39206 5.72205e-07
    endloop
  endfacet
  facet normal -0.694093 0.153917 -0.703239
    outer loop
      vertex -11.3253 1.99695 5.72205e-07
      vertex -12.3101 2.1706 1.01
      vertex -11.1081 2.97642 5.72205e-07
    endloop
  endfacet
  facet normal 0.328222 -0.630633 -0.703258
    outer loop
      vertex 6.02908 -10.9292 1
      vertex 5.28273 -11.3288 1.01
      vertex 5.75 -9.95929 5.72205e-07
    endloop
  endfacet
  facet normal 0.328315 -0.630803 -0.703063
    outer loop
      vertex 5.28273 -11.3288 1.01
      vertex 6.02908 -10.9292 1
      vertex 6.0357 -10.9369 1.01
    endloop
  endfacet
  facet normal 0.328452 -0.630541 -0.703233
    outer loop
      vertex 6.24505 -10.8167 1
      vertex 6.02908 -10.9292 1
      vertex 5.75 -9.95929 5.72205e-07
    endloop
  endfacet
  facet normal -0.71026 -0.0310383 -0.703255
    outer loop
      vertex -11.4562 -1.00229 5.72205e-07
      vertex -12.443 -1.07866 1
      vertex -11.5 0 5.72205e-07
    endloop
  endfacet
  facet normal -0.710402 -0.0286452 -0.703213
    outer loop
      vertex -12.443 -1.07866 1
      vertex -11.4562 -1.00229 5.72205e-07
      vertex -12.4426 -1.08858 1
    endloop
  endfacet
  facet normal -0.381984 0.599612 -0.703245
    outer loop
      vertex -6.59613 9.42025 5.72205e-07
      vertex -7.16403 10.2313 1
      vertex -6.25343 10.8114 1
    endloop
  endfacet
  facet normal -0.704876 0.0927637 -0.703239
    outer loop
      vertex -11.4562 1.00229 5.72205e-07
      vertex -12.3101 2.1706 1.01
      vertex -11.3253 1.99695 5.72205e-07
    endloop
  endfacet
  facet normal 0.381984 0.599612 -0.703245
    outer loop
      vertex 6.59613 9.42025 5.72205e-07
      vertex 6.25343 10.8114 1
      vertex 7.16403 10.2313 1
    endloop
  endfacet
  facet normal 0.600831 0.380001 -0.703279
    outer loop
      vertex 9.95929 5.75 5.72205e-07
      vertex 10.8114 6.25343 1
      vertex 10.8167 6.24505 1
    endloop
  endfacet
  facet normal 0.599611 0.381992 -0.703241
    outer loop
      vertex 10.8114 6.25343 1
      vertex 9.95929 5.75 5.72205e-07
      vertex 9.42025 6.59613 5.72205e-07
    endloop
  endfacet
  facet normal -0.656811 0.272112 -0.703245
    outer loop
      vertex -10.8065 3.93323 5.72205e-07
      vertex -11.7331 4.28104 1
      vertex -10.4225 4.86011 5.72205e-07
    endloop
  endfacet
  facet normal -0.656889 0.271915 -0.703249
    outer loop
      vertex -11.7331 4.28104 1
      vertex -10.8065 3.93323 5.72205e-07
      vertex -11.7369 4.27186 1
    endloop
  endfacet
  facet normal 0.52417 0.480312 -0.70324
    outer loop
      vertex 8.13173 8.13173 5.72205e-07
      vertex 8.83854 8.82451 1
      vertex 8.80951 7.39206 5.72205e-07
    endloop
  endfacet
  facet normal 0.52408 0.480407 -0.703242
    outer loop
      vertex 8.83854 8.82451 1
      vertex 8.13173 8.13173 5.72205e-07
      vertex 8.83183 8.83183 1
    endloop
  endfacet
  facet normal -0.656811 -0.272112 -0.703245
    outer loop
      vertex -11.7331 -4.28104 1
      vertex -10.8065 -3.93323 5.72205e-07
      vertex -10.4225 -4.86011 5.72205e-07
    endloop
  endfacet
  facet normal -0.656889 -0.271915 -0.703249
    outer loop
      vertex -10.8065 -3.93323 5.72205e-07
      vertex -11.7331 -4.28104 1
      vertex -11.7369 -4.27186 1
    endloop
  endfacet
  facet normal 0.435236 -0.56224 -0.703176
    outer loop
      vertex 6.59613 -9.42025 5.72205e-07
      vertex 7.17191 -10.2252 1
      vertex 7.16403 -10.2313 1
    endloop
  endfacet
  facet normal 0.432807 -0.564044 -0.70323
    outer loop
      vertex 7.17191 -10.2252 1
      vertex 6.59613 -9.42025 5.72205e-07
      vertex 7.39206 -8.80951 5.72205e-07
    endloop
  endfacet
  facet normal -0.656813 0.27212 -0.703241
    outer loop
      vertex -10.4225 4.86011 5.72205e-07
      vertex -11.5243 4.78501 1
      vertex -11.3288 5.28273 1.01
    endloop
  endfacet
  facet normal -0.656812 0.272124 -0.70324
    outer loop
      vertex -11.5243 4.78501 1
      vertex -10.4225 4.86011 5.72205e-07
      vertex -11.7331 4.28104 1
    endloop
  endfacet
  facet normal -0.657672 0.272438 -0.702314
    outer loop
      vertex -11.3288 5.28273 1.01
      vertex -11.5243 4.78501 1
      vertex -11.5342 4.78689 1.01
    endloop
  endfacet
  facet normal -0.678012 0.213818 -0.703264
    outer loop
      vertex -11.1081 2.97642 5.72205e-07
      vertex -11.9972 3.44618 1
      vertex -11.7398 4.26239 1
    endloop
  endfacet
  facet normal -0.677702 0.213707 -0.703597
    outer loop
      vertex -11.9972 3.44618 1
      vertex -12.0741 3.23524 1.01
      vertex -12.0061 3.45088 1.01
    endloop
  endfacet
  facet normal -0.678006 0.213833 -0.703266
    outer loop
      vertex -12.0741 3.23524 1.01
      vertex -11.9972 3.44618 1
      vertex -11.1081 2.97642 5.72205e-07
    endloop
  endfacet
  facet normal 0.0286452 0.710402 -0.703213
    outer loop
      vertex 1.00229 11.4562 5.72205e-07
      vertex 1.07866 12.443 1
      vertex 1.08858 12.4426 1
    endloop
  endfacet
  facet normal 0.0310383 0.71026 -0.703255
    outer loop
      vertex 1.07866 12.443 1
      vertex 1.00229 11.4562 5.72205e-07
      vertex 0 11.5 5.72205e-07
    endloop
  endfacet
  facet normal 0.524266 0.480395 -0.703111
    outer loop
      vertex 9.57555 8.03484 1.01
      vertex 9.31202 8.3078 1
      vertex 9.318 8.31591 1.01
    endloop
  endfacet
  facet normal 0.524167 0.480313 -0.703241
    outer loop
      vertex 9.31202 8.3078 1
      vertex 8.80951 7.39206 5.72205e-07
      vertex 8.83854 8.82451 1
    endloop
  endfacet
  facet normal 0.524177 0.480305 -0.703239
    outer loop
      vertex 8.80951 7.39206 5.72205e-07
      vertex 9.31202 8.3078 1
      vertex 9.57555 8.03484 1.01
    endloop
  endfacet
  facet normal -0.710276 0.0310103 -0.70324
    outer loop
      vertex -12.443 1.07866 1
      vertex -11.5 0 5.72205e-07
      vertex -12.46 0.689283 1
    endloop
  endfacet
  facet normal -0.710274 0.0310156 -0.703242
    outer loop
      vertex -12.5 0 1.01
      vertex -12.46 0.689283 1
      vertex -11.5 0 5.72205e-07
    endloop
  endfacet
  facet normal -0.709797 0.030981 -0.703724
    outer loop
      vertex -12.46 0.689283 1
      vertex -12.5 0 1.01
      vertex -12.4698 0.691905 1.01
    endloop
  endfacet
  facet normal -0.271915 0.656889 -0.703249
    outer loop
      vertex -3.93323 10.8065 5.72205e-07
      vertex -4.28104 11.7331 1
      vertex -4.27186 11.7369 1
    endloop
  endfacet
  facet normal -0.272112 0.656811 -0.703245
    outer loop
      vertex -4.28104 11.7331 1
      vertex -3.93323 10.8065 5.72205e-07
      vertex -4.86011 10.4225 5.72205e-07
    endloop
  endfacet
  facet normal -0.0928702 -0.705813 -0.702284
    outer loop
      vertex -2.1706 -12.3101 1.01
      vertex -2.1003 -12.3094 1
      vertex -2.09992 -12.3194 1.01
    endloop
  endfacet
  facet normal -0.0927977 -0.704844 -0.703266
    outer loop
      vertex -2.1003 -12.3094 1
      vertex -1.00229 -11.4562 5.72205e-07
      vertex -1.08858 -12.4426 1
    endloop
  endfacet
  facet normal -0.0930394 -0.704684 -0.703395
    outer loop
      vertex -1.00229 -11.4562 5.72205e-07
      vertex -2.1003 -12.3094 1
      vertex -2.1706 -12.3101 1.01
    endloop
  endfacet
  facet normal -0.030981 0.709797 -0.703724
    outer loop
      vertex 0 12.5 1.01
      vertex -0.689283 12.46 1
      vertex -0.691905 12.4698 1.01
    endloop
  endfacet
  facet normal -0.0310103 0.710276 -0.70324
    outer loop
      vertex -0.689283 12.46 1
      vertex 0 11.5 5.72205e-07
      vertex -1.07866 12.443 1
    endloop
  endfacet
  facet normal -0.0310156 0.710274 -0.703242
    outer loop
      vertex 0 11.5 5.72205e-07
      vertex -0.689283 12.46 1
      vertex 0 12.5 1.01
    endloop
  endfacet
  facet normal -0.704876 -0.0927637 -0.703239
    outer loop
      vertex -11.3253 -1.99695 5.72205e-07
      vertex -12.3101 -2.1706 1.01
      vertex -11.4562 -1.00229 5.72205e-07
    endloop
  endfacet
  facet normal -0.630541 -0.328452 -0.703233
    outer loop
      vertex -10.9292 -6.02908 1
      vertex -9.95929 -5.75 5.72205e-07
      vertex -10.8167 -6.24505 1
    endloop
  endfacet
  facet normal -0.630633 -0.328222 -0.703258
    outer loop
      vertex -10.9292 -6.02908 1
      vertex -11.3288 -5.28273 1.01
      vertex -9.95929 -5.75 5.72205e-07
    endloop
  endfacet
  facet normal -0.630803 -0.328315 -0.703063
    outer loop
      vertex -11.3288 -5.28273 1.01
      vertex -10.9292 -6.02908 1
      vertex -10.9369 -6.0357 1.01
    endloop
  endfacet
  facet normal 0.328452 0.630541 -0.703233
    outer loop
      vertex 6.24505 10.8167 1
      vertex 5.75 9.95929 5.72205e-07
      vertex 6.02908 10.9292 1
    endloop
  endfacet
  facet normal 0.328315 0.630803 -0.703063
    outer loop
      vertex 6.02908 10.9292 1
      vertex 5.28273 11.3288 1.01
      vertex 6.0357 10.9369 1.01
    endloop
  endfacet
  facet normal 0.328222 0.630633 -0.703258
    outer loop
      vertex 5.28273 11.3288 1.01
      vertex 6.02908 10.9292 1
      vertex 5.75 9.95929 5.72205e-07
    endloop
  endfacet
  facet normal 0.564869 -0.433445 -0.702174
    outer loop
      vertex 10.1878 -7.23695 1.01
      vertex 9.57555 -8.03484 1.01
      vertex 10.1785 -7.23287 1
    endloop
  endfacet
  facet normal 0.564155 -0.432186 -0.703523
    outer loop
      vertex 10.1785 -7.23287 1
      vertex 8.80951 -7.39206 5.72205e-07
      vertex 10.2252 -7.17191 1
    endloop
  endfacet
  facet normal 0.564022 -0.432821 -0.70324
    outer loop
      vertex 8.80951 -7.39206 5.72205e-07
      vertex 10.1785 -7.23287 1
      vertex 9.57555 -8.03484 1.01
    endloop
  endfacet
  facet normal -0.213833 0.678006 -0.703266
    outer loop
      vertex -2.97642 11.1081 5.72205e-07
      vertex -3.44618 11.9972 1
      vertex -3.23524 12.0741 1.01
    endloop
  endfacet
  facet normal -0.213818 0.678012 -0.703264
    outer loop
      vertex -3.44618 11.9972 1
      vertex -2.97642 11.1081 5.72205e-07
      vertex -4.26239 11.7398 1
    endloop
  endfacet
  facet normal -0.213707 0.677702 -0.703597
    outer loop
      vertex -3.23524 12.0741 1.01
      vertex -3.44618 11.9972 1
      vertex -3.45088 12.0061 1.01
    endloop
  endfacet
  facet normal -0.153917 0.694093 -0.703239
    outer loop
      vertex -1.99695 11.3253 5.72205e-07
      vertex -2.97642 11.1081 5.72205e-07
      vertex -2.1706 12.3101 1.01
    endloop
  endfacet
  facet normal -0.704844 0.0927977 -0.703266
    outer loop
      vertex -12.3094 2.1003 1
      vertex -11.4562 1.00229 5.72205e-07
      vertex -12.4426 1.08858 1
    endloop
  endfacet
  facet normal -0.704684 0.0930394 -0.703395
    outer loop
      vertex -11.4562 1.00229 5.72205e-07
      vertex -12.3094 2.1003 1
      vertex -12.3101 2.1706 1.01
    endloop
  endfacet
  facet normal -0.705813 0.0928702 -0.702284
    outer loop
      vertex -12.3101 2.1706 1.01
      vertex -12.3094 2.1003 1
      vertex -12.3194 2.09992 1.01
    endloop
  endfacet
  facet normal 0.630803 0.328315 -0.703063
    outer loop
      vertex 11.3288 5.28273 1.01
      vertex 10.9292 6.02908 1
      vertex 10.9369 6.0357 1.01
    endloop
  endfacet
  facet normal 0.630541 0.328452 -0.703233
    outer loop
      vertex 10.9292 6.02908 1
      vertex 9.95929 5.75 5.72205e-07
      vertex 10.8167 6.24505 1
    endloop
  endfacet
  facet normal 0.630633 0.328222 -0.703258
    outer loop
      vertex 9.95929 5.75 5.72205e-07
      vertex 10.9292 6.02908 1
      vertex 11.3288 5.28273 1.01
    endloop
  endfacet
  facet normal -0.630633 0.32826 -0.70324
    outer loop
      vertex -10.4225 4.86011 5.72205e-07
      vertex -11.3288 5.28273 1.01
      vertex -9.95929 5.75 5.72205e-07
    endloop
  endfacet
  facet normal 0.480407 0.52408 -0.703242
    outer loop
      vertex 8.13173 8.13173 5.72205e-07
      vertex 8.82451 8.83854 1
      vertex 8.83183 8.83183 1
    endloop
  endfacet
  facet normal 0.480312 0.52417 -0.70324
    outer loop
      vertex 8.82451 8.83854 1
      vertex 8.13173 8.13173 5.72205e-07
      vertex 7.39206 8.80951 5.72205e-07
    endloop
  endfacet
  facet normal -0.0286452 -0.710402 -0.703213
    outer loop
      vertex -1.00229 -11.4562 5.72205e-07
      vertex -1.07866 -12.443 1
      vertex -1.08858 -12.4426 1
    endloop
  endfacet
  facet normal -0.0310383 -0.71026 -0.703255
    outer loop
      vertex -1.07866 -12.443 1
      vertex -1.00229 -11.4562 5.72205e-07
      vertex 0 -11.5 5.72205e-07
    endloop
  endfacet
  facet normal -0.524167 0.480313 -0.703241
    outer loop
      vertex -8.80951 7.39206 5.72205e-07
      vertex -9.31202 8.3078 1
      vertex -8.83854 8.82451 1
    endloop
  endfacet
  facet normal -0.524177 0.480305 -0.703239
    outer loop
      vertex -9.57555 8.03484 1.01
      vertex -9.31202 8.3078 1
      vertex -8.80951 7.39206 5.72205e-07
    endloop
  endfacet
  facet normal -0.524266 0.480395 -0.703111
    outer loop
      vertex -9.31202 8.3078 1
      vertex -9.57555 8.03484 1.01
      vertex -9.318 8.31591 1.01
    endloop
  endfacet
  facet normal 0.0928702 0.705813 -0.702284
    outer loop
      vertex 2.1706 12.3101 1.01
      vertex 2.1003 12.3094 1
      vertex 2.09992 12.3194 1.01
    endloop
  endfacet
  facet normal 0.0927977 0.704844 -0.703266
    outer loop
      vertex 2.1003 12.3094 1
      vertex 1.00229 11.4562 5.72205e-07
      vertex 1.08858 12.4426 1
    endloop
  endfacet
  facet normal 0.0930394 0.704684 -0.703395
    outer loop
      vertex 1.00229 11.4562 5.72205e-07
      vertex 2.1003 12.3094 1
      vertex 2.1706 12.3101 1.01
    endloop
  endfacet
  facet normal -0.480312 0.52417 -0.70324
    outer loop
      vertex -8.13173 8.13173 5.72205e-07
      vertex -8.82451 8.83854 1
      vertex -7.39206 8.80951 5.72205e-07
    endloop
  endfacet
  facet normal -0.480407 0.52408 -0.703242
    outer loop
      vertex -8.82451 8.83854 1
      vertex -8.13173 8.13173 5.72205e-07
      vertex -8.83183 8.83183 1
    endloop
  endfacet
  facet normal -0.32826 -0.630633 -0.70324
    outer loop
      vertex -5.28273 -11.3288 1.01
      vertex -5.75 -9.95929 5.72205e-07
      vertex -4.86011 -10.4225 5.72205e-07
    endloop
  endfacet
  facet normal -0.564022 0.432821 -0.70324
    outer loop
      vertex -8.80951 7.39206 5.72205e-07
      vertex -10.1785 7.23287 1
      vertex -9.57555 8.03484 1.01
    endloop
  endfacet
  facet normal -0.564155 0.432186 -0.703523
    outer loop
      vertex -10.1785 7.23287 1
      vertex -8.80951 7.39206 5.72205e-07
      vertex -10.2252 7.17191 1
    endloop
  endfacet
  facet normal -0.564869 0.433445 -0.702174
    outer loop
      vertex -9.57555 8.03484 1.01
      vertex -10.1785 7.23287 1
      vertex -10.1878 7.23695 1.01
    endloop
  endfacet
  facet normal 0.694077 0.153857 -0.703267
    outer loop
      vertex 12.3101 2.1706 1.01
      vertex 11.1081 2.97642 5.72205e-07
      vertex 12.0741 3.23524 1.01
    endloop
  endfacet
  facet normal -0.599612 0.381984 -0.703245
    outer loop
      vertex -9.42025 6.59613 5.72205e-07
      vertex -10.8114 6.25343 1
      vertex -10.2313 7.16403 1
    endloop
  endfacet
  facet normal 0.656889 0.271915 -0.703249
    outer loop
      vertex 10.8065 3.93323 5.72205e-07
      vertex 11.7331 4.28104 1
      vertex 11.7369 4.27186 1
    endloop
  endfacet
  facet normal 0.656811 0.272112 -0.703245
    outer loop
      vertex 11.7331 4.28104 1
      vertex 10.8065 3.93323 5.72205e-07
      vertex 10.4225 4.86011 5.72205e-07
    endloop
  endfacet
  facet normal -0.52408 -0.480407 -0.703242
    outer loop
      vertex -8.83854 -8.82451 1
      vertex -8.13173 -8.13173 5.72205e-07
      vertex -8.83183 -8.83183 1
    endloop
  endfacet
  facet normal -0.52417 -0.480312 -0.70324
    outer loop
      vertex -8.13173 -8.13173 5.72205e-07
      vertex -8.83854 -8.82451 1
      vertex -8.80951 -7.39206 5.72205e-07
    endloop
  endfacet
  facet normal -0.694077 -0.153857 -0.703267
    outer loop
      vertex -12.0741 -3.23524 1.01
      vertex -12.3101 -2.1706 1.01
      vertex -11.1081 -2.97642 5.72205e-07
    endloop
  endfacet
  facet normal 0.0310103 0.710276 -0.70324
    outer loop
      vertex 1.07866 12.443 1
      vertex 0 11.5 5.72205e-07
      vertex 0.689283 12.46 1
    endloop
  endfacet
  facet normal 0.030981 0.709797 -0.703724
    outer loop
      vertex 0.689283 12.46 1
      vertex 0 12.5 1.01
      vertex 0.691905 12.4698 1.01
    endloop
  endfacet
  facet normal 0.0310156 0.710274 -0.703242
    outer loop
      vertex 0 12.5 1.01
      vertex 0.689283 12.46 1
      vertex 0 11.5 5.72205e-07
    endloop
  endfacet
  facet normal -0.480305 0.524177 -0.703239
    outer loop
      vertex -7.39206 8.80951 5.72205e-07
      vertex -8.3078 9.31202 1
      vertex -8.03484 9.57555 1.01
    endloop
  endfacet
  facet normal -0.480313 0.524167 -0.703241
    outer loop
      vertex -8.3078 9.31202 1
      vertex -7.39206 8.80951 5.72205e-07
      vertex -8.82451 8.83854 1
    endloop
  endfacet
  facet normal -0.480395 0.524266 -0.703111
    outer loop
      vertex -8.03484 9.57555 1.01
      vertex -8.3078 9.31202 1
      vertex -8.31591 9.318 1.01
    endloop
  endfacet
  facet normal 0.433445 -0.564869 -0.702174
    outer loop
      vertex 7.23287 -10.1785 1
      vertex 8.03484 -9.57555 1.01
      vertex 7.23695 -10.1878 1.01
    endloop
  endfacet
  facet normal 0.432821 -0.564022 -0.70324
    outer loop
      vertex 8.03484 -9.57555 1.01
      vertex 7.23287 -10.1785 1
      vertex 7.39206 -8.80951 5.72205e-07
    endloop
  endfacet
  facet normal 0.432186 -0.564155 -0.703523
    outer loop
      vertex 7.39206 -8.80951 5.72205e-07
      vertex 7.23287 -10.1785 1
      vertex 7.17191 -10.2252 1
    endloop
  endfacet
  facet normal -0.480395 -0.524266 -0.703111
    outer loop
      vertex -8.03484 -9.57555 1.01
      vertex -8.31591 -9.318 1.01
      vertex -8.3078 -9.31202 1
    endloop
  endfacet
  facet normal -0.480305 -0.524177 -0.703239
    outer loop
      vertex -8.3078 -9.31202 1
      vertex -7.39206 -8.80951 5.72205e-07
      vertex -8.03484 -9.57555 1.01
    endloop
  endfacet
  facet normal -0.480313 -0.524167 -0.703241
    outer loop
      vertex -7.39206 -8.80951 5.72205e-07
      vertex -8.3078 -9.31202 1
      vertex -8.82451 -8.83854 1
    endloop
  endfacet
  facet normal -0.564869 -0.433445 -0.702174
    outer loop
      vertex -9.57555 -8.03484 1.01
      vertex -10.1878 -7.23695 1.01
      vertex -10.1785 -7.23287 1
    endloop
  endfacet
  facet normal -0.564022 -0.432821 -0.70324
    outer loop
      vertex -10.1785 -7.23287 1
      vertex -8.80951 -7.39206 5.72205e-07
      vertex -9.57555 -8.03484 1.01
    endloop
  endfacet
  facet normal -0.564155 -0.432186 -0.703523
    outer loop
      vertex -8.80951 -7.39206 5.72205e-07
      vertex -10.1785 -7.23287 1
      vertex -10.2252 -7.17191 1
    endloop
  endfacet
  facet normal -0.432186 0.564155 -0.703523
    outer loop
      vertex -7.39206 8.80951 5.72205e-07
      vertex -7.23287 10.1785 1
      vertex -7.17191 10.2252 1
    endloop
  endfacet
  facet normal -0.432821 0.564022 -0.70324
    outer loop
      vertex -8.03484 9.57555 1.01
      vertex -7.23287 10.1785 1
      vertex -7.39206 8.80951 5.72205e-07
    endloop
  endfacet
  facet normal -0.433445 0.564869 -0.702174
    outer loop
      vertex -7.23287 10.1785 1
      vertex -8.03484 9.57555 1.01
      vertex -7.23695 10.1878 1.01
    endloop
  endfacet
  facet normal -0.630633 -0.32826 -0.70324
    outer loop
      vertex -9.95929 -5.75 5.72205e-07
      vertex -11.3288 -5.28273 1.01
      vertex -10.4225 -4.86011 5.72205e-07
    endloop
  endfacet
  facet normal -0.564044 0.432807 -0.70323
    outer loop
      vertex -9.42025 6.59613 5.72205e-07
      vertex -10.2252 7.17191 1
      vertex -8.80951 7.39206 5.72205e-07
    endloop
  endfacet
  facet normal -0.56224 0.435236 -0.703176
    outer loop
      vertex -10.2252 7.17191 1
      vertex -9.42025 6.59613 5.72205e-07
      vertex -10.2313 7.16403 1
    endloop
  endfacet
  facet normal -0.381984 -0.599612 -0.703245
    outer loop
      vertex -6.25343 -10.8114 1
      vertex -7.16403 -10.2313 1
      vertex -6.59613 -9.42025 5.72205e-07
    endloop
  endfacet
  facet normal -0.435236 -0.56224 -0.703176
    outer loop
      vertex -7.17191 -10.2252 1
      vertex -6.59613 -9.42025 5.72205e-07
      vertex -7.16403 -10.2313 1
    endloop
  endfacet
  facet normal -0.432807 -0.564044 -0.70323
    outer loop
      vertex -6.59613 -9.42025 5.72205e-07
      vertex -7.17191 -10.2252 1
      vertex -7.39206 -8.80951 5.72205e-07
    endloop
  endfacet
  facet normal 0.677702 0.213707 -0.703597
    outer loop
      vertex 12.0741 3.23524 1.01
      vertex 11.9972 3.44618 1
      vertex 12.0061 3.45088 1.01
    endloop
  endfacet
  facet normal 0.678012 0.213818 -0.703264
    outer loop
      vertex 11.9972 3.44618 1
      vertex 11.1081 2.97642 5.72205e-07
      vertex 11.7398 4.26239 1
    endloop
  endfacet
  facet normal 0.678006 0.213833 -0.703266
    outer loop
      vertex 11.1081 2.97642 5.72205e-07
      vertex 11.9972 3.44618 1
      vertex 12.0741 3.23524 1.01
    endloop
  endfacet
  facet normal -0.678012 -0.213818 -0.703264
    outer loop
      vertex -11.9972 -3.44618 1
      vertex -11.1081 -2.97642 5.72205e-07
      vertex -11.7398 -4.26239 1
    endloop
  endfacet
  facet normal -0.678006 -0.213833 -0.703266
    outer loop
      vertex -11.9972 -3.44618 1
      vertex -12.0741 -3.23524 1.01
      vertex -11.1081 -2.97642 5.72205e-07
    endloop
  endfacet
  facet normal -0.677702 -0.213707 -0.703597
    outer loop
      vertex -12.0741 -3.23524 1.01
      vertex -11.9972 -3.44618 1
      vertex -12.0061 -3.45088 1.01
    endloop
  endfacet
  facet normal 0.32826 0.630633 -0.70324
    outer loop
      vertex 5.75 9.95929 5.72205e-07
      vertex 4.86011 10.4225 5.72205e-07
      vertex 5.28273 11.3288 1.01
    endloop
  endfacet
  facet normal 0.432807 0.564044 -0.70323
    outer loop
      vertex 6.59613 9.42025 5.72205e-07
      vertex 7.17191 10.2252 1
      vertex 7.39206 8.80951 5.72205e-07
    endloop
  endfacet
  facet normal 0.435236 0.56224 -0.703176
    outer loop
      vertex 7.17191 10.2252 1
      vertex 6.59613 9.42025 5.72205e-07
      vertex 7.16403 10.2313 1
    endloop
  endfacet
  facet normal 0 0 1
    outer loop
      vertex -5.28273 -11.3288 1.01
      vertex -4.7255 -11.2098 1.01
      vertex -4.84518 -10.8678 1.01
    endloop
  endfacet
  facet normal 0 0 1
    outer loop
      vertex -5.28273 -11.3288 1.01
      vertex -4.84518 -10.8678 1.01
      vertex -5.11983 -10.6314 1.01
    endloop
  endfacet
  facet normal 0 0 1
    outer loop
      vertex -4.7255 -11.2098 1.01
      vertex -5.28273 -11.3288 1.01
      vertex -4.78689 -11.5342 1.01
    endloop
  endfacet
  facet normal 0 0 1
    outer loop
      vertex -5.47586 -10.5641 1.01
      vertex -5.28273 -11.3288 1.01
      vertex -5.11983 -10.6314 1.01
    endloop
  endfacet
  facet normal -0 0 1
    outer loop
      vertex -5.81787 -10.6837 1.01
      vertex -5.28273 -11.3288 1.01
      vertex -5.47586 -10.5641 1.01
    endloop
  endfacet
  facet normal 0 0 1
    outer loop
      vertex -5.28273 -11.3288 1.01
      vertex -5.81787 -10.6837 1.01
      vertex -6.0357 -10.9369 1.01
    endloop
  endfacet
  facet normal 0 0 1
    outer loop
      vertex 0 -12.5 1.01
      vertex 0.606217 -12.15 1.01
      vertex 0.349999 -11.8938 1.01
    endloop
  endfacet
  facet normal 0 0 1
    outer loop
      vertex 0 -12.5 1.01
      vertex 0.349999 -11.8938 1.01
      vertex 0 -11.8 1.01
    endloop
  endfacet
  facet normal 0 0 1
    outer loop
      vertex 0.606217 -12.15 1.01
      vertex 0 -12.5 1.01
      vertex 0.691905 -12.4698 1.01
    endloop
  endfacet
  facet normal -0 0 1
    outer loop
      vertex -0.349999 -11.8938 1.01
      vertex 0 -12.5 1.01
      vertex 0 -11.8 1.01
    endloop
  endfacet
  facet normal -0 0 1
    outer loop
      vertex -0.606217 -12.15 1.01
      vertex 0 -12.5 1.01
      vertex -0.349999 -11.8938 1.01
    endloop
  endfacet
  facet normal 0 0 1
    outer loop
      vertex 0 -12.5 1.01
      vertex -0.606217 -12.15 1.01
      vertex -0.691905 -12.4698 1.01
    endloop
  endfacet
  facet normal -0 0 1
    outer loop
      vertex 12.15 0.606217 1.01
      vertex 12.5 0 1.01
      vertex 12.4698 0.691905 1.01
    endloop
  endfacet
  facet normal 0 0 1
    outer loop
      vertex 12.5 0 1.01
      vertex 12.15 0.606217 1.01
      vertex 11.8938 0.349999 1.01
    endloop
  endfacet
  facet normal 0 0 1
    outer loop
      vertex 11.8 0 1.01
      vertex 12.5 0 1.01
      vertex 11.8938 0.349999 1.01
    endloop
  endfacet
  facet normal 0 -0 1
    outer loop
      vertex 12.15 -0.606217 1.01
      vertex 12.5 0 1.01
      vertex 11.8938 -0.349999 1.01
    endloop
  endfacet
  facet normal 0 0 1
    outer loop
      vertex 12.5 0 1.01
      vertex 12.15 -0.606217 1.01
      vertex 12.4698 -0.691905 1.01
    endloop
  endfacet
  facet normal 0 0 1
    outer loop
      vertex 12.5 0 1.01
      vertex 11.8 0 1.01
      vertex 11.8938 -0.349999 1.01
    endloop
  endfacet
  facet normal 0 0 1
    outer loop
      vertex 5.28273 11.3288 1.01
      vertex 5.81787 10.6837 1.01
      vertex 6.0357 10.9369 1.01
    endloop
  endfacet
  facet normal 0 0 1
    outer loop
      vertex 5.81787 10.6837 1.01
      vertex 5.28273 11.3288 1.01
      vertex 5.47586 10.5641 1.01
    endloop
  endfacet
  facet normal 0 0 1
    outer loop
      vertex 5.28273 11.3288 1.01
      vertex 5.11983 10.6314 1.01
      vertex 5.47586 10.5641 1.01
    endloop
  endfacet
  facet normal 0 0 1
    outer loop
      vertex 5.28273 11.3288 1.01
      vertex 4.84518 10.8678 1.01
      vertex 5.11983 10.6314 1.01
    endloop
  endfacet
  facet normal 0 0 1
    outer loop
      vertex 4.7255 11.2098 1.01
      vertex 5.28273 11.3288 1.01
      vertex 4.78689 11.5342 1.01
    endloop
  endfacet
  facet normal 0 0 1
    outer loop
      vertex 5.28273 11.3288 1.01
      vertex 4.7255 11.2098 1.01
      vertex 4.84518 10.8678 1.01
    endloop
  endfacet
  facet normal -0 0 1
    outer loop
      vertex 11.9803 -2.11261 1.01
      vertex 12.3101 -2.1706 1.01
      vertex 12.3194 -2.09992 1.01
    endloop
  endfacet
  facet normal 0 0 1
    outer loop
      vertex 11.6735 -2.30539 1.01
      vertex 12.3101 -2.1706 1.01
      vertex 11.9803 -2.11261 1.01
    endloop
  endfacet
  facet normal 0 0 1
    outer loop
      vertex 12.3101 -2.1706 1.01
      vertex 11.6735 -2.30539 1.01
      vertex 12.0741 -3.23524 1.01
    endloop
  endfacet
  facet normal -0 0 1
    outer loop
      vertex 11.5041 -2.62575 1.01
      vertex 12.0741 -3.23524 1.01
      vertex 11.6735 -2.30539 1.01
    endloop
  endfacet
  facet normal 0 -0 1
    outer loop
      vertex 11.7105 -3.29465 1.01
      vertex 12.0741 -3.23524 1.01
      vertex 11.5177 -2.98784 1.01
    endloop
  endfacet
  facet normal 0 0 1
    outer loop
      vertex 12.0741 -3.23524 1.01
      vertex 11.7105 -3.29465 1.01
      vertex 12.0061 -3.45088 1.01
    endloop
  endfacet
  facet normal 0 0 1
    outer loop
      vertex 12.0741 -3.23524 1.01
      vertex 11.5041 -2.62575 1.01
      vertex 11.5177 -2.98784 1.01
    endloop
  endfacet
  facet normal 0 0 1
    outer loop
      vertex 3.29465 -11.7105 1.01
      vertex 3.23524 -12.0741 1.01
      vertex 3.45088 -12.0061 1.01
    endloop
  endfacet
  facet normal 0 0 1
    outer loop
      vertex 2.98784 -11.5177 1.01
      vertex 3.23524 -12.0741 1.01
      vertex 3.29465 -11.7105 1.01
    endloop
  endfacet
  facet normal 0 0 1
    outer loop
      vertex 2.62575 -11.5041 1.01
      vertex 3.23524 -12.0741 1.01
      vertex 2.98784 -11.5177 1.01
    endloop
  endfacet
  facet normal -0 0 1
    outer loop
      vertex 2.30539 -11.6735 1.01
      vertex 3.23524 -12.0741 1.01
      vertex 2.62575 -11.5041 1.01
    endloop
  endfacet
  facet normal 0 0 1
    outer loop
      vertex 2.30539 -11.6735 1.01
      vertex 2.1706 -12.3101 1.01
      vertex 3.23524 -12.0741 1.01
    endloop
  endfacet
  facet normal -0 0 1
    outer loop
      vertex 2.11261 -11.9803 1.01
      vertex 2.1706 -12.3101 1.01
      vertex 2.30539 -11.6735 1.01
    endloop
  endfacet
  facet normal 0 0 1
    outer loop
      vertex 2.1706 -12.3101 1.01
      vertex 2.11261 -11.9803 1.01
      vertex 2.09992 -12.3194 1.01
    endloop
  endfacet
  facet normal 0 0 1
    outer loop
      vertex 3.23524 12.0741 1.01
      vertex 3.29465 11.7105 1.01
      vertex 3.45088 12.0061 1.01
    endloop
  endfacet
  facet normal 0 0 1
    outer loop
      vertex 3.23524 12.0741 1.01
      vertex 2.98784 11.5177 1.01
      vertex 3.29465 11.7105 1.01
    endloop
  endfacet
  facet normal 0 0 1
    outer loop
      vertex 3.23524 12.0741 1.01
      vertex 2.62575 11.5041 1.01
      vertex 2.98784 11.5177 1.01
    endloop
  endfacet
  facet normal 0 0 1
    outer loop
      vertex 3.23524 12.0741 1.01
      vertex 2.30539 11.6735 1.01
      vertex 2.62575 11.5041 1.01
    endloop
  endfacet
  facet normal 0 0 1
    outer loop
      vertex 2.1706 12.3101 1.01
      vertex 2.30539 11.6735 1.01
      vertex 3.23524 12.0741 1.01
    endloop
  endfacet
  facet normal 0 0 1
    outer loop
      vertex 2.1706 12.3101 1.01
      vertex 2.11261 11.9803 1.01
      vertex 2.30539 11.6735 1.01
    endloop
  endfacet
  facet normal 0 -0 1
    outer loop
      vertex 2.11261 11.9803 1.01
      vertex 2.1706 12.3101 1.01
      vertex 2.09992 12.3194 1.01
    endloop
  endfacet
  facet normal 0 0 1
    outer loop
      vertex -12.0741 3.23524 1.01
      vertex -11.5041 2.62575 1.01
      vertex -11.5177 2.98784 1.01
    endloop
  endfacet
  facet normal -0 0 1
    outer loop
      vertex -12.0741 3.23524 1.01
      vertex -11.5177 2.98784 1.01
      vertex -11.7105 3.29465 1.01
    endloop
  endfacet
  facet normal 0 0 1
    outer loop
      vertex -11.5041 2.62575 1.01
      vertex -12.0741 3.23524 1.01
      vertex -11.6735 2.30539 1.01
    endloop
  endfacet
  facet normal 0 0 1
    outer loop
      vertex -12.0741 3.23524 1.01
      vertex -11.7105 3.29465 1.01
      vertex -12.0061 3.45088 1.01
    endloop
  endfacet
  facet normal 0 0 1
    outer loop
      vertex -12.3101 2.1706 1.01
      vertex -11.6735 2.30539 1.01
      vertex -12.0741 3.23524 1.01
    endloop
  endfacet
  facet normal 0 0 1
    outer loop
      vertex -11.6735 2.30539 1.01
      vertex -12.3101 2.1706 1.01
      vertex -11.9803 2.11261 1.01
    endloop
  endfacet
  facet normal 0 0 1
    outer loop
      vertex -11.9803 2.11261 1.01
      vertex -12.3101 2.1706 1.01
      vertex -12.3194 2.09992 1.01
    endloop
  endfacet
  facet normal 0 0 1
    outer loop
      vertex -8.03484 9.57555 1.01
      vertex -7.10144 9.87722 1.01
      vertex -7.23695 10.1878 1.01
    endloop
  endfacet
  facet normal 0 0 1
    outer loop
      vertex -7.10144 9.87722 1.01
      vertex -8.03484 9.57555 1.01
      vertex -7.14201 9.51715 1.01
    endloop
  endfacet
  facet normal 0 0 1
    outer loop
      vertex -7.14201 9.51715 1.01
      vertex -8.03484 9.57555 1.01
      vertex -7.35718 9.22561 1.01
    endloop
  endfacet
  facet normal 0 0 1
    outer loop
      vertex -7.35718 9.22561 1.01
      vertex -8.03484 9.57555 1.01
      vertex -7.68929 9.08071 1.01
    endloop
  endfacet
  facet normal 0 0 1
    outer loop
      vertex -8.03484 9.57555 1.01
      vertex -8.04936 9.12128 1.01
      vertex -7.68929 9.08071 1.01
    endloop
  endfacet
  facet normal 0 -0 1
    outer loop
      vertex -8.04936 9.12128 1.01
      vertex -8.03484 9.57555 1.01
      vertex -8.31591 9.318 1.01
    endloop
  endfacet
  facet normal -0 0 1
    outer loop
      vertex -8.03484 -9.57555 1.01
      vertex -7.10144 -9.87722 1.01
      vertex -7.14201 -9.51715 1.01
    endloop
  endfacet
  facet normal 0 0 1
    outer loop
      vertex -8.03484 -9.57555 1.01
      vertex -7.14201 -9.51715 1.01
      vertex -7.35718 -9.22561 1.01
    endloop
  endfacet
  facet normal 0 0 1
    outer loop
      vertex -8.03484 -9.57555 1.01
      vertex -7.35718 -9.22561 1.01
      vertex -7.68929 -9.08071 1.01
    endloop
  endfacet
  facet normal 0 0 1
    outer loop
      vertex -7.10144 -9.87722 1.01
      vertex -8.03484 -9.57555 1.01
      vertex -7.23695 -10.1878 1.01
    endloop
  endfacet
  facet normal -0 0 1
    outer loop
      vertex -8.04936 -9.12128 1.01
      vertex -8.03484 -9.57555 1.01
      vertex -7.68929 -9.08071 1.01
    endloop
  endfacet
  facet normal 0 0 1
    outer loop
      vertex -8.03484 -9.57555 1.01
      vertex -8.04936 -9.12128 1.01
      vertex -8.31591 -9.318 1.01
    endloop
  endfacet
  facet normal 0 0 1
    outer loop
      vertex 11.2098 -4.7255 1.01
      vertex 11.3288 -5.28273 1.01
      vertex 11.5342 -4.78689 1.01
    endloop
  endfacet
  facet normal -0 0 1
    outer loop
      vertex 10.8678 -4.84518 1.01
      vertex 11.3288 -5.28273 1.01
      vertex 11.2098 -4.7255 1.01
    endloop
  endfacet
  facet normal -0 0 1
    outer loop
      vertex 10.6314 -5.11983 1.01
      vertex 11.3288 -5.28273 1.01
      vertex 10.8678 -4.84518 1.01
    endloop
  endfacet
  facet normal 0 0 1
    outer loop
      vertex 10.5641 -5.47586 1.01
      vertex 11.3288 -5.28273 1.01
      vertex 10.6314 -5.11983 1.01
    endloop
  endfacet
  facet normal 0 -0 1
    outer loop
      vertex 10.6837 -5.81787 1.01
      vertex 11.3288 -5.28273 1.01
      vertex 10.5641 -5.47586 1.01
    endloop
  endfacet
  facet normal 0 0 1
    outer loop
      vertex 11.3288 -5.28273 1.01
      vertex 10.6837 -5.81787 1.01
      vertex 10.9369 -6.0357 1.01
    endloop
  endfacet
  facet normal -0 0 1
    outer loop
      vertex -2.1706 12.3101 1.01
      vertex -2.11261 11.9803 1.01
      vertex -2.09992 12.3194 1.01
    endloop
  endfacet
  facet normal 0 0 1
    outer loop
      vertex -2.1706 12.3101 1.01
      vertex -2.30539 11.6735 1.01
      vertex -2.11261 11.9803 1.01
    endloop
  endfacet
  facet normal -0 0 1
    outer loop
      vertex -3.23524 12.0741 1.01
      vertex -2.30539 11.6735 1.01
      vertex -2.1706 12.3101 1.01
    endloop
  endfacet
  facet normal 0 0 1
    outer loop
      vertex -2.30539 11.6735 1.01
      vertex -3.23524 12.0741 1.01
      vertex -2.62575 11.5041 1.01
    endloop
  endfacet
  facet normal 0 0 1
    outer loop
      vertex -2.62575 11.5041 1.01
      vertex -3.23524 12.0741 1.01
      vertex -2.98784 11.5177 1.01
    endloop
  endfacet
  facet normal 0 0 1
    outer loop
      vertex -3.23524 12.0741 1.01
      vertex -3.29465 11.7105 1.01
      vertex -2.98784 11.5177 1.01
    endloop
  endfacet
  facet normal 0 -0 1
    outer loop
      vertex -3.29465 11.7105 1.01
      vertex -3.23524 12.0741 1.01
      vertex -3.45088 12.0061 1.01
    endloop
  endfacet
  facet normal 0 0 1
    outer loop
      vertex 8.04936 -9.12128 1.01
      vertex 8.03484 -9.57555 1.01
      vertex 8.31591 -9.318 1.01
    endloop
  endfacet
  facet normal 0 0 1
    outer loop
      vertex 7.68929 -9.08071 1.01
      vertex 8.03484 -9.57555 1.01
      vertex 8.04936 -9.12128 1.01
    endloop
  endfacet
  facet normal -0 0 1
    outer loop
      vertex 7.35718 -9.22561 1.01
      vertex 8.03484 -9.57555 1.01
      vertex 7.68929 -9.08071 1.01
    endloop
  endfacet
  facet normal -0 0 1
    outer loop
      vertex 7.14201 -9.51715 1.01
      vertex 8.03484 -9.57555 1.01
      vertex 7.35718 -9.22561 1.01
    endloop
  endfacet
  facet normal 0 0 1
    outer loop
      vertex 7.10144 -9.87722 1.01
      vertex 8.03484 -9.57555 1.01
      vertex 7.14201 -9.51715 1.01
    endloop
  endfacet
  facet normal 0 0 1
    outer loop
      vertex 8.03484 -9.57555 1.01
      vertex 7.10144 -9.87722 1.01
      vertex 7.23695 -10.1878 1.01
    endloop
  endfacet
  facet normal -0 0 1
    outer loop
      vertex -5.28273 11.3288 1.01
      vertex -4.7255 11.2098 1.01
      vertex -4.78689 11.5342 1.01
    endloop
  endfacet
  facet normal 0 0 1
    outer loop
      vertex -4.7255 11.2098 1.01
      vertex -5.28273 11.3288 1.01
      vertex -4.84518 10.8678 1.01
    endloop
  endfacet
  facet normal 0 0 1
    outer loop
      vertex -4.84518 10.8678 1.01
      vertex -5.28273 11.3288 1.01
      vertex -5.11983 10.6314 1.01
    endloop
  endfacet
  facet normal 0 0 1
    outer loop
      vertex -5.28273 11.3288 1.01
      vertex -5.47586 10.5641 1.01
      vertex -5.11983 10.6314 1.01
    endloop
  endfacet
  facet normal 0 0 1
    outer loop
      vertex -5.28273 11.3288 1.01
      vertex -5.81787 10.6837 1.01
      vertex -5.47586 10.5641 1.01
    endloop
  endfacet
  facet normal 0 -0 1
    outer loop
      vertex -5.81787 10.6837 1.01
      vertex -5.28273 11.3288 1.01
      vertex -6.0357 10.9369 1.01
    endloop
  endfacet
  facet normal 0 0 1
    outer loop
      vertex 8.03484 9.57555 1.01
      vertex 8.04936 9.12128 1.01
      vertex 8.31591 9.318 1.01
    endloop
  endfacet
  facet normal 0 0 1
    outer loop
      vertex 8.03484 9.57555 1.01
      vertex 7.68929 9.08071 1.01
      vertex 8.04936 9.12128 1.01
    endloop
  endfacet
  facet normal 0 0 1
    outer loop
      vertex 8.03484 9.57555 1.01
      vertex 7.35718 9.22561 1.01
      vertex 7.68929 9.08071 1.01
    endloop
  endfacet
  facet normal -0 0 1
    outer loop
      vertex 7.10144 9.87722 1.01
      vertex 8.03484 9.57555 1.01
      vertex 7.23695 10.1878 1.01
    endloop
  endfacet
  facet normal 0 0 1
    outer loop
      vertex 8.03484 9.57555 1.01
      vertex 7.14201 9.51715 1.01
      vertex 7.35718 9.22561 1.01
    endloop
  endfacet
  facet normal 0 0 1
    outer loop
      vertex 8.03484 9.57555 1.01
      vertex 7.10144 9.87722 1.01
      vertex 7.14201 9.51715 1.01
    endloop
  endfacet
  facet normal 0 0 1
    outer loop
      vertex -9.57555 -8.03484 1.01
      vertex -9.08071 -7.68929 1.01
      vertex -9.22561 -7.35718 1.01
    endloop
  endfacet
  facet normal 0 0 1
    outer loop
      vertex -9.08071 -7.68929 1.01
      vertex -9.57555 -8.03484 1.01
      vertex -9.12128 -8.04936 1.01
    endloop
  endfacet
  facet normal 0 0 1
    outer loop
      vertex -9.57555 -8.03484 1.01
      vertex -9.22561 -7.35718 1.01
      vertex -9.51715 -7.14201 1.01
    endloop
  endfacet
  facet normal 0 0 1
    outer loop
      vertex -9.12128 -8.04936 1.01
      vertex -9.57555 -8.03484 1.01
      vertex -9.318 -8.31591 1.01
    endloop
  endfacet
  facet normal 0 0 1
    outer loop
      vertex -9.87722 -7.10144 1.01
      vertex -9.57555 -8.03484 1.01
      vertex -9.51715 -7.14201 1.01
    endloop
  endfacet
  facet normal 0 0 1
    outer loop
      vertex -9.57555 -8.03484 1.01
      vertex -9.87722 -7.10144 1.01
      vertex -10.1878 -7.23695 1.01
    endloop
  endfacet
  facet normal 0 0 1
    outer loop
      vertex -2.11261 -11.9803 1.01
      vertex -2.1706 -12.3101 1.01
      vertex -2.09992 -12.3194 1.01
    endloop
  endfacet
  facet normal 0 0 1
    outer loop
      vertex -2.30539 -11.6735 1.01
      vertex -2.1706 -12.3101 1.01
      vertex -2.11261 -11.9803 1.01
    endloop
  endfacet
  facet normal 0 0 1
    outer loop
      vertex -3.23524 -12.0741 1.01
      vertex -2.30539 -11.6735 1.01
      vertex -2.62575 -11.5041 1.01
    endloop
  endfacet
  facet normal 0 0 1
    outer loop
      vertex -3.23524 -12.0741 1.01
      vertex -2.62575 -11.5041 1.01
      vertex -2.98784 -11.5177 1.01
    endloop
  endfacet
  facet normal 0 0 1
    outer loop
      vertex -2.30539 -11.6735 1.01
      vertex -3.23524 -12.0741 1.01
      vertex -2.1706 -12.3101 1.01
    endloop
  endfacet
  facet normal -0 0 1
    outer loop
      vertex -3.29465 -11.7105 1.01
      vertex -3.23524 -12.0741 1.01
      vertex -2.98784 -11.5177 1.01
    endloop
  endfacet
  facet normal 0 0 1
    outer loop
      vertex -3.23524 -12.0741 1.01
      vertex -3.29465 -11.7105 1.01
      vertex -3.45088 -12.0061 1.01
    endloop
  endfacet
  facet normal 0 0 1
    outer loop
      vertex -12.0741 -3.23524 1.01
      vertex -11.5041 -2.62575 1.01
      vertex -11.6735 -2.30539 1.01
    endloop
  endfacet
  facet normal 0 0 1
    outer loop
      vertex -11.5041 -2.62575 1.01
      vertex -12.0741 -3.23524 1.01
      vertex -11.5177 -2.98784 1.01
    endloop
  endfacet
  facet normal -0 0 1
    outer loop
      vertex -12.3101 -2.1706 1.01
      vertex -11.6735 -2.30539 1.01
      vertex -11.9803 -2.11261 1.01
    endloop
  endfacet
  facet normal 0 0 1
    outer loop
      vertex -11.5177 -2.98784 1.01
      vertex -12.0741 -3.23524 1.01
      vertex -11.7105 -3.29465 1.01
    endloop
  endfacet
  facet normal 0 0 1
    outer loop
      vertex -11.7105 -3.29465 1.01
      vertex -12.0741 -3.23524 1.01
      vertex -12.0061 -3.45088 1.01
    endloop
  endfacet
  facet normal 0 0 1
    outer loop
      vertex -11.6735 -2.30539 1.01
      vertex -12.3101 -2.1706 1.01
      vertex -12.0741 -3.23524 1.01
    endloop
  endfacet
  facet normal 0 -0 1
    outer loop
      vertex -12.3101 -2.1706 1.01
      vertex -11.9803 -2.11261 1.01
      vertex -12.3194 -2.09992 1.01
    endloop
  endfacet
  facet normal 0 0 1
    outer loop
      vertex -12.5 0 1.01
      vertex -11.8 0 1.01
      vertex -11.8938 0.349999 1.01
    endloop
  endfacet
  facet normal 0 0 1
    outer loop
      vertex -12.5 0 1.01
      vertex -11.8938 0.349999 1.01
      vertex -12.15 0.606217 1.01
    endloop
  endfacet
  facet normal 0 0 1
    outer loop
      vertex -11.8 0 1.01
      vertex -12.5 0 1.01
      vertex -11.8938 -0.349999 1.01
    endloop
  endfacet
  facet normal 0 0 1
    outer loop
      vertex -12.5 0 1.01
      vertex -12.15 0.606217 1.01
      vertex -12.4698 0.691905 1.01
    endloop
  endfacet
  facet normal 0 0 1
    outer loop
      vertex -11.8938 -0.349999 1.01
      vertex -12.5 0 1.01
      vertex -12.15 -0.606217 1.01
    endloop
  endfacet
  facet normal 0 0 1
    outer loop
      vertex -12.15 -0.606217 1.01
      vertex -12.5 0 1.01
      vertex -12.4698 -0.691905 1.01
    endloop
  endfacet
  facet normal 0 0 1
    outer loop
      vertex 5.28273 -11.3288 1.01
      vertex 5.81787 -10.6837 1.01
      vertex 5.47586 -10.5641 1.01
    endloop
  endfacet
  facet normal 0 0 1
    outer loop
      vertex 5.81787 -10.6837 1.01
      vertex 5.28273 -11.3288 1.01
      vertex 6.0357 -10.9369 1.01
    endloop
  endfacet
  facet normal -0 0 1
    outer loop
      vertex 5.11983 -10.6314 1.01
      vertex 5.28273 -11.3288 1.01
      vertex 5.47586 -10.5641 1.01
    endloop
  endfacet
  facet normal -0 0 1
    outer loop
      vertex 4.84518 -10.8678 1.01
      vertex 5.28273 -11.3288 1.01
      vertex 5.11983 -10.6314 1.01
    endloop
  endfacet
  facet normal -0 0 1
    outer loop
      vertex 4.7255 -11.2098 1.01
      vertex 5.28273 -11.3288 1.01
      vertex 4.84518 -10.8678 1.01
    endloop
  endfacet
  facet normal 0 0 1
    outer loop
      vertex 5.28273 -11.3288 1.01
      vertex 4.7255 -11.2098 1.01
      vertex 4.78689 -11.5342 1.01
    endloop
  endfacet
  facet normal 0 0 1
    outer loop
      vertex -11.3288 5.28273 1.01
      vertex -10.5641 5.47586 1.01
      vertex -10.6837 5.81787 1.01
    endloop
  endfacet
  facet normal 0 0 1
    outer loop
      vertex -10.5641 5.47586 1.01
      vertex -11.3288 5.28273 1.01
      vertex -10.6314 5.11983 1.01
    endloop
  endfacet
  facet normal 0 0 1
    outer loop
      vertex -11.3288 5.28273 1.01
      vertex -10.6837 5.81787 1.01
      vertex -10.9369 6.0357 1.01
    endloop
  endfacet
  facet normal 0 0 1
    outer loop
      vertex -10.6314 5.11983 1.01
      vertex -11.3288 5.28273 1.01
      vertex -10.8678 4.84518 1.01
    endloop
  endfacet
  facet normal 0 0 1
    outer loop
      vertex -10.8678 4.84518 1.01
      vertex -11.3288 5.28273 1.01
      vertex -11.2098 4.7255 1.01
    endloop
  endfacet
  facet normal 0 0 1
    outer loop
      vertex -11.2098 4.7255 1.01
      vertex -11.3288 5.28273 1.01
      vertex -11.5342 4.78689 1.01
    endloop
  endfacet
  facet normal 0 0 1
    outer loop
      vertex 9.57555 8.03484 1.01
      vertex 9.87722 7.10144 1.01
      vertex 10.1878 7.23695 1.01
    endloop
  endfacet
  facet normal 0 0 1
    outer loop
      vertex 9.57555 8.03484 1.01
      vertex 9.51715 7.14201 1.01
      vertex 9.87722 7.10144 1.01
    endloop
  endfacet
  facet normal -0 0 1
    outer loop
      vertex 9.12128 8.04936 1.01
      vertex 9.57555 8.03484 1.01
      vertex 9.318 8.31591 1.01
    endloop
  endfacet
  facet normal 0 0 1
    outer loop
      vertex 9.57555 8.03484 1.01
      vertex 9.22561 7.35718 1.01
      vertex 9.51715 7.14201 1.01
    endloop
  endfacet
  facet normal 0 0 1
    outer loop
      vertex 9.57555 8.03484 1.01
      vertex 9.12128 8.04936 1.01
      vertex 9.08071 7.68929 1.01
    endloop
  endfacet
  facet normal 0 0 1
    outer loop
      vertex 9.57555 8.03484 1.01
      vertex 9.08071 7.68929 1.01
      vertex 9.22561 7.35718 1.01
    endloop
  endfacet
  facet normal -0 0 1
    outer loop
      vertex 11.6735 2.30539 1.01
      vertex 12.3101 2.1706 1.01
      vertex 12.0741 3.23524 1.01
    endloop
  endfacet
  facet normal -0 0 1
    outer loop
      vertex 11.7105 3.29465 1.01
      vertex 12.0741 3.23524 1.01
      vertex 12.0061 3.45088 1.01
    endloop
  endfacet
  facet normal 0 0 1
    outer loop
      vertex 12.3101 2.1706 1.01
      vertex 11.6735 2.30539 1.01
      vertex 11.9803 2.11261 1.01
    endloop
  endfacet
  facet normal 0 0 1
    outer loop
      vertex 12.0741 3.23524 1.01
      vertex 11.7105 3.29465 1.01
      vertex 11.5177 2.98784 1.01
    endloop
  endfacet
  facet normal 0 0 1
    outer loop
      vertex 12.3101 2.1706 1.01
      vertex 11.9803 2.11261 1.01
      vertex 12.3194 2.09992 1.01
    endloop
  endfacet
  facet normal 0 0 1
    outer loop
      vertex 11.5041 2.62575 1.01
      vertex 12.0741 3.23524 1.01
      vertex 11.5177 2.98784 1.01
    endloop
  endfacet
  facet normal 0 0 1
    outer loop
      vertex 12.0741 3.23524 1.01
      vertex 11.5041 2.62575 1.01
      vertex 11.6735 2.30539 1.01
    endloop
  endfacet
  facet normal 0 0 1
    outer loop
      vertex 0 12.5 1.01
      vertex 0.606217 12.15 1.01
      vertex 0.691905 12.4698 1.01
    endloop
  endfacet
  facet normal 0 0 1
    outer loop
      vertex 0.606217 12.15 1.01
      vertex 0 12.5 1.01
      vertex 0.349999 11.8938 1.01
    endloop
  endfacet
  facet normal 0 0 1
    outer loop
      vertex 0 12.5 1.01
      vertex 0 11.8 1.01
      vertex 0.349999 11.8938 1.01
    endloop
  endfacet
  facet normal 0 0 1
    outer loop
      vertex 0 12.5 1.01
      vertex -0.349999 11.8938 1.01
      vertex 0 11.8 1.01
    endloop
  endfacet
  facet normal 0 0 1
    outer loop
      vertex 0 12.5 1.01
      vertex -0.606217 12.15 1.01
      vertex -0.349999 11.8938 1.01
    endloop
  endfacet
  facet normal 0 -0 1
    outer loop
      vertex -0.606217 12.15 1.01
      vertex 0 12.5 1.01
      vertex -0.691905 12.4698 1.01
    endloop
  endfacet
  facet normal -0 0 1
    outer loop
      vertex -11.3288 -5.28273 1.01
      vertex -10.5641 -5.47586 1.01
      vertex -10.6314 -5.11983 1.01
    endloop
  endfacet
  facet normal 0 0 1
    outer loop
      vertex -11.3288 -5.28273 1.01
      vertex -10.6314 -5.11983 1.01
      vertex -10.8678 -4.84518 1.01
    endloop
  endfacet
  facet normal 0 0 1
    outer loop
      vertex -10.5641 -5.47586 1.01
      vertex -11.3288 -5.28273 1.01
      vertex -10.6837 -5.81787 1.01
    endloop
  endfacet
  facet normal 0 0 1
    outer loop
      vertex -11.3288 -5.28273 1.01
      vertex -10.8678 -4.84518 1.01
      vertex -11.2098 -4.7255 1.01
    endloop
  endfacet
  facet normal 0 0 1
    outer loop
      vertex -10.6837 -5.81787 1.01
      vertex -11.3288 -5.28273 1.01
      vertex -10.9369 -6.0357 1.01
    endloop
  endfacet
  facet normal 0 -0 1
    outer loop
      vertex -11.3288 -5.28273 1.01
      vertex -11.2098 -4.7255 1.01
      vertex -11.5342 -4.78689 1.01
    endloop
  endfacet
  facet normal 0 0 1
    outer loop
      vertex 9.87722 -7.10144 1.01
      vertex 9.57555 -8.03484 1.01
      vertex 10.1878 -7.23695 1.01
    endloop
  endfacet
  facet normal -0 0 1
    outer loop
      vertex 9.51715 -7.14201 1.01
      vertex 9.57555 -8.03484 1.01
      vertex 9.87722 -7.10144 1.01
    endloop
  endfacet
  facet normal -0 0 1
    outer loop
      vertex 9.22561 -7.35718 1.01
      vertex 9.57555 -8.03484 1.01
      vertex 9.51715 -7.14201 1.01
    endloop
  endfacet
  facet normal -0 0 1
    outer loop
      vertex 9.08071 -7.68929 1.01
      vertex 9.57555 -8.03484 1.01
      vertex 9.22561 -7.35718 1.01
    endloop
  endfacet
  facet normal 0 -0 1
    outer loop
      vertex 9.12128 -8.04936 1.01
      vertex 9.57555 -8.03484 1.01
      vertex 9.08071 -7.68929 1.01
    endloop
  endfacet
  facet normal 0 0 1
    outer loop
      vertex 9.57555 -8.03484 1.01
      vertex 9.12128 -8.04936 1.01
      vertex 9.318 -8.31591 1.01
    endloop
  endfacet
  facet normal 0 0 1
    outer loop
      vertex 11.3288 5.28273 1.01
      vertex 11.2098 4.7255 1.01
      vertex 11.5342 4.78689 1.01
    endloop
  endfacet
  facet normal -0 0 1
    outer loop
      vertex 10.6837 5.81787 1.01
      vertex 11.3288 5.28273 1.01
      vertex 10.9369 6.0357 1.01
    endloop
  endfacet
  facet normal 0 0 1
    outer loop
      vertex 11.3288 5.28273 1.01
      vertex 10.8678 4.84518 1.01
      vertex 11.2098 4.7255 1.01
    endloop
  endfacet
  facet normal 0 0 1
    outer loop
      vertex 11.3288 5.28273 1.01
      vertex 10.6837 5.81787 1.01
      vertex 10.5641 5.47586 1.01
    endloop
  endfacet
  facet normal 0 0 1
    outer loop
      vertex 11.3288 5.28273 1.01
      vertex 10.6314 5.11983 1.01
      vertex 10.8678 4.84518 1.01
    endloop
  endfacet
  facet normal 0 0 1
    outer loop
      vertex 11.3288 5.28273 1.01
      vertex 10.5641 5.47586 1.01
      vertex 10.6314 5.11983 1.01
    endloop
  endfacet
  facet normal -0 0 1
    outer loop
      vertex -9.57555 8.03484 1.01
      vertex -9.08071 7.68929 1.01
      vertex -9.12128 8.04936 1.01
    endloop
  endfacet
  facet normal 0 0 1
    outer loop
      vertex -9.57555 8.03484 1.01
      vertex -9.12128 8.04936 1.01
      vertex -9.318 8.31591 1.01
    endloop
  endfacet
  facet normal 0 0 1
    outer loop
      vertex -9.08071 7.68929 1.01
      vertex -9.57555 8.03484 1.01
      vertex -9.22561 7.35718 1.01
    endloop
  endfacet
  facet normal 0 0 1
    outer loop
      vertex -9.22561 7.35718 1.01
      vertex -9.57555 8.03484 1.01
      vertex -9.51715 7.14201 1.01
    endloop
  endfacet
  facet normal 0 0 1
    outer loop
      vertex -9.57555 8.03484 1.01
      vertex -9.87722 7.10144 1.01
      vertex -9.51715 7.14201 1.01
    endloop
  endfacet
  facet normal 0 -0 1
    outer loop
      vertex -9.87722 7.10144 1.01
      vertex -9.57555 8.03484 1.01
      vertex -10.1878 7.23695 1.01
    endloop
  endfacet
  facet normal -0.630541 0.328452 -0.703233
    outer loop
      vertex -9.95929 5.75 5.72205e-07
      vertex -10.9292 6.02908 1
      vertex -10.8167 6.24505 1
    endloop
  endfacet
  facet normal -0.630803 0.328315 -0.703063
    outer loop
      vertex -10.9292 6.02908 1
      vertex -11.3288 5.28273 1.01
      vertex -10.9369 6.0357 1.01
    endloop
  endfacet
  facet normal -0.630633 0.328222 -0.703258
    outer loop
      vertex -11.3288 5.28273 1.01
      vertex -10.9292 6.02908 1
      vertex -9.95929 5.75 5.72205e-07
    endloop
  endfacet
  facet normal 0 0 -1
    outer loop
      vertex 5.24041 -0.00490262 5.72205e-07
      vertex 11.5 0 5.72205e-07
      vertex 11.4562 -1.00229 5.72205e-07
    endloop
  endfacet
  facet normal 0 0 -1
    outer loop
      vertex 5.22068 -0.45675 5.72205e-07
      vertex 11.4562 -1.00229 5.72205e-07
      vertex 11.3253 -1.99695 5.72205e-07
    endloop
  endfacet
  facet normal -0 0 -1
    outer loop
      vertex 11.5 0 5.72205e-07
      vertex 5.24041 -0.00490262 5.72205e-07
      vertex 5.24062 0 5.72205e-07
    endloop
  endfacet
  facet normal 0 0 -1
    outer loop
      vertex 5.15995 -0.914816 5.72205e-07
      vertex 11.3253 -1.99695 5.72205e-07
      vertex 11.1081 -2.97642 5.72205e-07
    endloop
  endfacet
  facet normal 0 0 -1
    outer loop
      vertex 5.24041 0.00490262 5.72205e-07
      vertex 11.5 0 5.72205e-07
      vertex 5.24062 0 5.72205e-07
    endloop
  endfacet
  facet normal 0 0 -1
    outer loop
      vertex 5.06058 -1.36105 5.72205e-07
      vertex 11.1081 -2.97642 5.72205e-07
      vertex 10.8065 -3.93323 5.72205e-07
    endloop
  endfacet
  facet normal 0 0 -1
    outer loop
      vertex 11.5 0 5.72205e-07
      vertex 5.24041 0.00490262 5.72205e-07
      vertex 11.4562 1.00229 5.72205e-07
    endloop
  endfacet
  facet normal 0 0 -1
    outer loop
      vertex 4.92458 -1.7924 5.72205e-07
      vertex 10.8065 -3.93323 5.72205e-07
      vertex 10.4225 -4.86011 5.72205e-07
    endloop
  endfacet
  facet normal 0 0 -1
    outer loop
      vertex 5.22068 0.45675 5.72205e-07
      vertex 11.4562 1.00229 5.72205e-07
      vertex 5.24041 0.00490262 5.72205e-07
    endloop
  endfacet
  facet normal 0 0 -1
    outer loop
      vertex 4.74735 -2.21914 5.72205e-07
      vertex 10.4225 -4.86011 5.72205e-07
      vertex 9.95929 -5.75 5.72205e-07
    endloop
  endfacet
  facet normal -0 0 -1
    outer loop
      vertex 11.4562 1.00229 5.72205e-07
      vertex 5.22068 0.45675 5.72205e-07
      vertex 11.3253 1.99695 5.72205e-07
    endloop
  endfacet
  facet normal 0 0 -1
    outer loop
      vertex 4.53588 -2.62445 5.72205e-07
      vertex 9.95929 -5.75 5.72205e-07
      vertex 9.42025 -6.59613 5.72205e-07
    endloop
  endfacet
  facet normal 0 0 -1
    outer loop
      vertex 5.16165 0.905159 5.72205e-07
      vertex 11.3253 1.99695 5.72205e-07
      vertex 5.22068 0.45675 5.72205e-07
    endloop
  endfacet
  facet normal 0 0 -1
    outer loop
      vertex 4.29287 -3.0059 5.72205e-07
      vertex 9.42025 -6.59613 5.72205e-07
      vertex 8.80951 -7.39206 5.72205e-07
    endloop
  endfacet
  facet normal 0 0 -1
    outer loop
      vertex 5.16101 0.910025 5.72205e-07
      vertex 11.3253 1.99695 5.72205e-07
      vertex 5.16165 0.905159 5.72205e-07
    endloop
  endfacet
  facet normal 0 0 -1
    outer loop
      vertex 4.01124 -3.37223 5.72205e-07
      vertex 8.80951 -7.39206 5.72205e-07
      vertex 8.13173 -8.13173 5.72205e-07
    endloop
  endfacet
  facet normal 0 0 -1
    outer loop
      vertex 5.15995 0.914816 5.72205e-07
      vertex 11.3253 1.99695 5.72205e-07
      vertex 5.16101 0.910025 5.72205e-07
    endloop
  endfacet
  facet normal 0 0 -1
    outer loop
      vertex 3.70568 -3.70568 5.72205e-07
      vertex 8.13173 -8.13173 5.72205e-07
      vertex 7.39206 -8.80951 5.72205e-07
    endloop
  endfacet
  facet normal -0 0 -1
    outer loop
      vertex 11.3253 1.99695 5.72205e-07
      vertex 5.15995 0.914816 5.72205e-07
      vertex 11.1081 2.97642 5.72205e-07
    endloop
  endfacet
  facet normal 0 0 -1
    outer loop
      vertex 3.36472 -4.01754 5.72205e-07
      vertex 7.39206 -8.80951 5.72205e-07
      vertex 6.59613 -9.42025 5.72205e-07
    endloop
  endfacet
  facet normal 0 0 -1
    outer loop
      vertex 5.06058 1.36105 5.72205e-07
      vertex 11.1081 2.97642 5.72205e-07
      vertex 5.06205 1.35637 5.72205e-07
    endloop
  endfacet
  facet normal 0 0 -1
    outer loop
      vertex 3.0059 -4.29287 5.72205e-07
      vertex 6.59613 -9.42025 5.72205e-07
      vertex 5.75 -9.95929 5.72205e-07
    endloop
  endfacet
  facet normal -0 0 -1
    outer loop
      vertex 11.1081 2.97642 5.72205e-07
      vertex 5.06058 1.36105 5.72205e-07
      vertex 10.8065 3.93323 5.72205e-07
    endloop
  endfacet
  facet normal 0 0 -1
    outer loop
      vertex 4.92458 1.7924 5.72205e-07
      vertex 10.8065 3.93323 5.72205e-07
      vertex 5.06058 1.36105 5.72205e-07
    endloop
  endfacet
  facet normal 0 0 -1
    outer loop
      vertex 5.06205 1.35637 5.72205e-07
      vertex 11.1081 2.97642 5.72205e-07
      vertex 5.15995 0.914816 5.72205e-07
    endloop
  endfacet
  facet normal 0 0 -1
    outer loop
      vertex 11.4562 -1.00229 5.72205e-07
      vertex 5.22068 -0.45675 5.72205e-07
      vertex 5.24041 -0.00490262 5.72205e-07
    endloop
  endfacet
  facet normal 0 0 -1
    outer loop
      vertex 11.3253 -1.99695 5.72205e-07
      vertex 5.16165 -0.905159 5.72205e-07
      vertex 5.22068 -0.45675 5.72205e-07
    endloop
  endfacet
  facet normal 0 0 -1
    outer loop
      vertex 11.3253 -1.99695 5.72205e-07
      vertex 5.16101 -0.910025 5.72205e-07
      vertex 5.16165 -0.905159 5.72205e-07
    endloop
  endfacet
  facet normal 0 0 -1
    outer loop
      vertex 11.3253 -1.99695 5.72205e-07
      vertex 5.15995 -0.914816 5.72205e-07
      vertex 5.16101 -0.910025 5.72205e-07
    endloop
  endfacet
  facet normal 0 0 -1
    outer loop
      vertex 11.1081 -2.97642 5.72205e-07
      vertex 5.06205 -1.35637 5.72205e-07
      vertex 5.15995 -0.914816 5.72205e-07
    endloop
  endfacet
  facet normal 0 0 -1
    outer loop
      vertex 11.1081 -2.97642 5.72205e-07
      vertex 5.06058 -1.36105 5.72205e-07
      vertex 5.06205 -1.35637 5.72205e-07
    endloop
  endfacet
  facet normal 0 0 -1
    outer loop
      vertex 10.8065 -3.93323 5.72205e-07
      vertex 4.92458 -1.7924 5.72205e-07
      vertex 5.06058 -1.36105 5.72205e-07
    endloop
  endfacet
  facet normal 0 0 -1
    outer loop
      vertex 2.62031 -4.53851 5.72205e-07
      vertex 5.75 -9.95929 5.72205e-07
      vertex 4.86011 -10.4225 5.72205e-07
    endloop
  endfacet
  facet normal 0 0 -1
    outer loop
      vertex 10.4225 -4.86011 5.72205e-07
      vertex 4.7515 -2.21025 5.72205e-07
      vertex 4.92458 -1.7924 5.72205e-07
    endloop
  endfacet
  facet normal 0 0 -1
    outer loop
      vertex 10.4225 -4.86011 5.72205e-07
      vertex 4.74962 -2.21478 5.72205e-07
      vertex 4.7515 -2.21025 5.72205e-07
    endloop
  endfacet
  facet normal 0 0 -1
    outer loop
      vertex 10.4225 -4.86011 5.72205e-07
      vertex 4.74735 -2.21914 5.72205e-07
      vertex 4.74962 -2.21478 5.72205e-07
    endloop
  endfacet
  facet normal 0 0 -1
    outer loop
      vertex 9.95929 -5.75 5.72205e-07
      vertex 4.53851 -2.62031 5.72205e-07
      vertex 4.74735 -2.21914 5.72205e-07
    endloop
  endfacet
  facet normal 0 0 -1
    outer loop
      vertex 9.95929 -5.75 5.72205e-07
      vertex 4.53588 -2.62445 5.72205e-07
      vertex 4.53851 -2.62031 5.72205e-07
    endloop
  endfacet
  facet normal 0 0 -1
    outer loop
      vertex 9.42025 -6.59613 5.72205e-07
      vertex 4.29287 -3.0059 5.72205e-07
      vertex 4.53588 -2.62445 5.72205e-07
    endloop
  endfacet
  facet normal 0 0 -1
    outer loop
      vertex 8.80951 -7.39206 5.72205e-07
      vertex 4.01754 -3.36472 5.72205e-07
      vertex 4.29287 -3.0059 5.72205e-07
    endloop
  endfacet
  facet normal 0 0 -1
    outer loop
      vertex 8.80951 -7.39206 5.72205e-07
      vertex 4.01455 -3.36861 5.72205e-07
      vertex 4.01754 -3.36472 5.72205e-07
    endloop
  endfacet
  facet normal 0 0 -1
    outer loop
      vertex 8.80951 -7.39206 5.72205e-07
      vertex 4.01124 -3.37223 5.72205e-07
      vertex 4.01455 -3.36861 5.72205e-07
    endloop
  endfacet
  facet normal 0 0 -1
    outer loop
      vertex 2.21025 -4.7515 5.72205e-07
      vertex 4.86011 -10.4225 5.72205e-07
      vertex 3.93323 -10.8065 5.72205e-07
    endloop
  endfacet
  facet normal 0 0 -1
    outer loop
      vertex 8.13173 -8.13173 5.72205e-07
      vertex 3.70568 -3.70568 5.72205e-07
      vertex 4.01124 -3.37223 5.72205e-07
    endloop
  endfacet
  facet normal 0 0 -1
    outer loop
      vertex 7.39206 -8.80951 5.72205e-07
      vertex 3.37223 -4.01124 5.72205e-07
      vertex 3.70568 -3.70568 5.72205e-07
    endloop
  endfacet
  facet normal 0 0 -1
    outer loop
      vertex 7.39206 -8.80951 5.72205e-07
      vertex 3.36861 -4.01455 5.72205e-07
      vertex 3.37223 -4.01124 5.72205e-07
    endloop
  endfacet
  facet normal 0 0 -1
    outer loop
      vertex 7.39206 -8.80951 5.72205e-07
      vertex 3.36472 -4.01754 5.72205e-07
      vertex 3.36861 -4.01455 5.72205e-07
    endloop
  endfacet
  facet normal 0 0 -1
    outer loop
      vertex 6.59613 -9.42025 5.72205e-07
      vertex 3.0059 -4.29287 5.72205e-07
      vertex 3.36472 -4.01754 5.72205e-07
    endloop
  endfacet
  facet normal 0 0 -1
    outer loop
      vertex 1.7924 -4.92458 5.72205e-07
      vertex 3.93323 -10.8065 5.72205e-07
      vertex 2.97642 -11.1081 5.72205e-07
    endloop
  endfacet
  facet normal 0 0 -1
    outer loop
      vertex 5.75 -9.95929 5.72205e-07
      vertex 2.62445 -4.53588 5.72205e-07
      vertex 3.0059 -4.29287 5.72205e-07
    endloop
  endfacet
  facet normal 0 0 -1
    outer loop
      vertex 5.75 -9.95929 5.72205e-07
      vertex 2.62031 -4.53851 5.72205e-07
      vertex 2.62445 -4.53588 5.72205e-07
    endloop
  endfacet
  facet normal 0 0 -1
    outer loop
      vertex 4.86011 -10.4225 5.72205e-07
      vertex 2.21914 -4.74735 5.72205e-07
      vertex 2.62031 -4.53851 5.72205e-07
    endloop
  endfacet
  facet normal 0 0 -1
    outer loop
      vertex 4.86011 -10.4225 5.72205e-07
      vertex 2.21478 -4.74962 5.72205e-07
      vertex 2.21914 -4.74735 5.72205e-07
    endloop
  endfacet
  facet normal 0 0 -1
    outer loop
      vertex 4.86011 -10.4225 5.72205e-07
      vertex 2.21025 -4.7515 5.72205e-07
      vertex 2.21478 -4.74962 5.72205e-07
    endloop
  endfacet
  facet normal 0 0 -1
    outer loop
      vertex 1.35637 -5.06205 5.72205e-07
      vertex 2.97642 -11.1081 5.72205e-07
      vertex 1.99695 -11.3253 5.72205e-07
    endloop
  endfacet
  facet normal 0 0 -1
    outer loop
      vertex 3.93323 -10.8065 5.72205e-07
      vertex 1.7924 -4.92458 5.72205e-07
      vertex 2.21025 -4.7515 5.72205e-07
    endloop
  endfacet
  facet normal 0 0 -1
    outer loop
      vertex 2.97642 -11.1081 5.72205e-07
      vertex 1.36105 -5.06058 5.72205e-07
      vertex 1.7924 -4.92458 5.72205e-07
    endloop
  endfacet
  facet normal 0 0 -1
    outer loop
      vertex 2.97642 -11.1081 5.72205e-07
      vertex 1.35637 -5.06205 5.72205e-07
      vertex 1.36105 -5.06058 5.72205e-07
    endloop
  endfacet
  facet normal 0 0 -1
    outer loop
      vertex 0.905159 -5.16165 5.72205e-07
      vertex 1.99695 -11.3253 5.72205e-07
      vertex 1.00229 -11.4562 5.72205e-07
    endloop
  endfacet
  facet normal 0 0 -1
    outer loop
      vertex 1.99695 -11.3253 5.72205e-07
      vertex 0.914816 -5.15995 5.72205e-07
      vertex 1.35637 -5.06205 5.72205e-07
    endloop
  endfacet
  facet normal 0 0 -1
    outer loop
      vertex 1.99695 -11.3253 5.72205e-07
      vertex 0.910025 -5.16101 5.72205e-07
      vertex 0.914816 -5.15995 5.72205e-07
    endloop
  endfacet
  facet normal 0 0 -1
    outer loop
      vertex 1.99695 -11.3253 5.72205e-07
      vertex 0.905159 -5.16165 5.72205e-07
      vertex 0.910025 -5.16101 5.72205e-07
    endloop
  endfacet
  facet normal 0 0 -1
    outer loop
      vertex 1.00229 -11.4562 5.72205e-07
      vertex 0.45675 -5.22068 5.72205e-07
      vertex 0.905159 -5.16165 5.72205e-07
    endloop
  endfacet
  facet normal 0 0 -1
    outer loop
      vertex 1.00229 -11.4562 5.72205e-07
      vertex 0.00490262 -5.24041 5.72205e-07
      vertex 0.45675 -5.22068 5.72205e-07
    endloop
  endfacet
  facet normal 0 0 -1
    outer loop
      vertex 0 -11.5 5.72205e-07
      vertex 0.00490262 -5.24041 5.72205e-07
      vertex 1.00229 -11.4562 5.72205e-07
    endloop
  endfacet
  facet normal 0 0 -1
    outer loop
      vertex 0 -11.5 5.72205e-07
      vertex 0 -5.24062 5.72205e-07
      vertex 0.00490262 -5.24041 5.72205e-07
    endloop
  endfacet
  facet normal 0 0 -1
    outer loop
      vertex 0 -11.5 5.72205e-07
      vertex -0.00490262 -5.24041 5.72205e-07
      vertex 0 -5.24062 5.72205e-07
    endloop
  endfacet
  facet normal 0 0 -1
    outer loop
      vertex 0 -11.5 5.72205e-07
      vertex -0.45675 -5.22068 5.72205e-07
      vertex -0.00490262 -5.24041 5.72205e-07
    endloop
  endfacet
  facet normal 0 0 -1
    outer loop
      vertex -1.00229 -11.4562 5.72205e-07
      vertex -0.45675 -5.22068 5.72205e-07
      vertex 0 -11.5 5.72205e-07
    endloop
  endfacet
  facet normal -0 0 -1
    outer loop
      vertex -0.45675 -5.22068 5.72205e-07
      vertex -1.00229 -11.4562 5.72205e-07
      vertex -0.905159 -5.16165 5.72205e-07
    endloop
  endfacet
  facet normal 0 0 -1
    outer loop
      vertex -1.99695 -11.3253 5.72205e-07
      vertex -0.905159 -5.16165 5.72205e-07
      vertex -1.00229 -11.4562 5.72205e-07
    endloop
  endfacet
  facet normal -0 0 -1
    outer loop
      vertex -0.905159 -5.16165 5.72205e-07
      vertex -1.99695 -11.3253 5.72205e-07
      vertex -0.910025 -5.16101 5.72205e-07
    endloop
  endfacet
  facet normal -0 0 -1
    outer loop
      vertex -0.910025 -5.16101 5.72205e-07
      vertex -1.99695 -11.3253 5.72205e-07
      vertex -0.914816 -5.15995 5.72205e-07
    endloop
  endfacet
  facet normal -0 0 -1
    outer loop
      vertex -0.914816 -5.15995 5.72205e-07
      vertex -1.99695 -11.3253 5.72205e-07
      vertex -1.35637 -5.06205 5.72205e-07
    endloop
  endfacet
  facet normal 0 0 -1
    outer loop
      vertex -2.97642 -11.1081 5.72205e-07
      vertex -1.35637 -5.06205 5.72205e-07
      vertex -1.99695 -11.3253 5.72205e-07
    endloop
  endfacet
  facet normal -0 0 -1
    outer loop
      vertex -1.35637 -5.06205 5.72205e-07
      vertex -2.97642 -11.1081 5.72205e-07
      vertex -1.36105 -5.06058 5.72205e-07
    endloop
  endfacet
  facet normal -0 0 -1
    outer loop
      vertex -1.36105 -5.06058 5.72205e-07
      vertex -2.97642 -11.1081 5.72205e-07
      vertex -1.7924 -4.92458 5.72205e-07
    endloop
  endfacet
  facet normal 0 0 -1
    outer loop
      vertex -3.93323 -10.8065 5.72205e-07
      vertex -1.7924 -4.92458 5.72205e-07
      vertex -2.97642 -11.1081 5.72205e-07
    endloop
  endfacet
  facet normal -0 0 -1
    outer loop
      vertex -1.7924 -4.92458 5.72205e-07
      vertex -3.93323 -10.8065 5.72205e-07
      vertex -2.21025 -4.7515 5.72205e-07
    endloop
  endfacet
  facet normal 0 0 -1
    outer loop
      vertex -4.86011 -10.4225 5.72205e-07
      vertex -2.21025 -4.7515 5.72205e-07
      vertex -3.93323 -10.8065 5.72205e-07
    endloop
  endfacet
  facet normal -0 0 -1
    outer loop
      vertex -2.21025 -4.7515 5.72205e-07
      vertex -4.86011 -10.4225 5.72205e-07
      vertex -2.21478 -4.74962 5.72205e-07
    endloop
  endfacet
  facet normal -0 0 -1
    outer loop
      vertex -2.21478 -4.74962 5.72205e-07
      vertex -4.86011 -10.4225 5.72205e-07
      vertex -2.21914 -4.74735 5.72205e-07
    endloop
  endfacet
  facet normal -0 0 -1
    outer loop
      vertex -2.21914 -4.74735 5.72205e-07
      vertex -4.86011 -10.4225 5.72205e-07
      vertex -2.62031 -4.53851 5.72205e-07
    endloop
  endfacet
  facet normal 0 0 -1
    outer loop
      vertex -5.75 -9.95929 5.72205e-07
      vertex -2.62031 -4.53851 5.72205e-07
      vertex -4.86011 -10.4225 5.72205e-07
    endloop
  endfacet
  facet normal -0 0 -1
    outer loop
      vertex -2.62031 -4.53851 5.72205e-07
      vertex -5.75 -9.95929 5.72205e-07
      vertex -2.62445 -4.53588 5.72205e-07
    endloop
  endfacet
  facet normal -0 0 -1
    outer loop
      vertex -2.62445 -4.53588 5.72205e-07
      vertex -5.75 -9.95929 5.72205e-07
      vertex -3.0059 -4.29287 5.72205e-07
    endloop
  endfacet
  facet normal 0 0 -1
    outer loop
      vertex -6.59613 -9.42025 5.72205e-07
      vertex -3.0059 -4.29287 5.72205e-07
      vertex -5.75 -9.95929 5.72205e-07
    endloop
  endfacet
  facet normal -0 0 -1
    outer loop
      vertex -3.0059 -4.29287 5.72205e-07
      vertex -6.59613 -9.42025 5.72205e-07
      vertex -3.36472 -4.01754 5.72205e-07
    endloop
  endfacet
  facet normal 0 0 -1
    outer loop
      vertex -7.39206 -8.80951 5.72205e-07
      vertex -3.36472 -4.01754 5.72205e-07
      vertex -6.59613 -9.42025 5.72205e-07
    endloop
  endfacet
  facet normal -0 0 -1
    outer loop
      vertex -3.36472 -4.01754 5.72205e-07
      vertex -7.39206 -8.80951 5.72205e-07
      vertex -3.36861 -4.01455 5.72205e-07
    endloop
  endfacet
  facet normal -0 0 -1
    outer loop
      vertex -3.36861 -4.01455 5.72205e-07
      vertex -7.39206 -8.80951 5.72205e-07
      vertex -3.37223 -4.01124 5.72205e-07
    endloop
  endfacet
  facet normal -0 0 -1
    outer loop
      vertex -3.37223 -4.01124 5.72205e-07
      vertex -7.39206 -8.80951 5.72205e-07
      vertex -3.70568 -3.70568 5.72205e-07
    endloop
  endfacet
  facet normal 0 0 -1
    outer loop
      vertex -8.13173 -8.13173 5.72205e-07
      vertex -3.70568 -3.70568 5.72205e-07
      vertex -7.39206 -8.80951 5.72205e-07
    endloop
  endfacet
  facet normal -0 0 -1
    outer loop
      vertex -3.70568 -3.70568 5.72205e-07
      vertex -8.13173 -8.13173 5.72205e-07
      vertex -4.01124 -3.37223 5.72205e-07
    endloop
  endfacet
  facet normal 0 0 -1
    outer loop
      vertex -8.80951 -7.39206 5.72205e-07
      vertex -4.01124 -3.37223 5.72205e-07
      vertex -8.13173 -8.13173 5.72205e-07
    endloop
  endfacet
  facet normal -0 0 -1
    outer loop
      vertex -4.01124 -3.37223 5.72205e-07
      vertex -8.80951 -7.39206 5.72205e-07
      vertex -4.01455 -3.36861 5.72205e-07
    endloop
  endfacet
  facet normal -0 0 -1
    outer loop
      vertex -4.01455 -3.36861 5.72205e-07
      vertex -8.80951 -7.39206 5.72205e-07
      vertex -4.01754 -3.36472 5.72205e-07
    endloop
  endfacet
  facet normal -0 0 -1
    outer loop
      vertex -4.01754 -3.36472 5.72205e-07
      vertex -8.80951 -7.39206 5.72205e-07
      vertex -4.29287 -3.0059 5.72205e-07
    endloop
  endfacet
  facet normal 0 0 -1
    outer loop
      vertex -9.42025 -6.59613 5.72205e-07
      vertex -4.29287 -3.0059 5.72205e-07
      vertex -8.80951 -7.39206 5.72205e-07
    endloop
  endfacet
  facet normal -0 0 -1
    outer loop
      vertex -4.29287 -3.0059 5.72205e-07
      vertex -9.42025 -6.59613 5.72205e-07
      vertex -4.53588 -2.62445 5.72205e-07
    endloop
  endfacet
  facet normal 0 0 -1
    outer loop
      vertex -9.95929 -5.75 5.72205e-07
      vertex -4.53588 -2.62445 5.72205e-07
      vertex -9.42025 -6.59613 5.72205e-07
    endloop
  endfacet
  facet normal -0 0 -1
    outer loop
      vertex -4.53588 -2.62445 5.72205e-07
      vertex -9.95929 -5.75 5.72205e-07
      vertex -4.53851 -2.62031 5.72205e-07
    endloop
  endfacet
  facet normal -0 0 -1
    outer loop
      vertex -4.53851 -2.62031 5.72205e-07
      vertex -9.95929 -5.75 5.72205e-07
      vertex -4.74735 -2.21914 5.72205e-07
    endloop
  endfacet
  facet normal 0 0 -1
    outer loop
      vertex -10.4225 -4.86011 5.72205e-07
      vertex -4.74735 -2.21914 5.72205e-07
      vertex -9.95929 -5.75 5.72205e-07
    endloop
  endfacet
  facet normal -0 0 -1
    outer loop
      vertex -4.74735 -2.21914 5.72205e-07
      vertex -10.4225 -4.86011 5.72205e-07
      vertex -4.74962 -2.21478 5.72205e-07
    endloop
  endfacet
  facet normal -0 0 -1
    outer loop
      vertex -4.74962 -2.21478 5.72205e-07
      vertex -10.4225 -4.86011 5.72205e-07
      vertex -4.7515 -2.21025 5.72205e-07
    endloop
  endfacet
  facet normal -0 0 -1
    outer loop
      vertex -4.7515 -2.21025 5.72205e-07
      vertex -10.4225 -4.86011 5.72205e-07
      vertex -4.92458 -1.7924 5.72205e-07
    endloop
  endfacet
  facet normal 0 0 -1
    outer loop
      vertex -10.8065 -3.93323 5.72205e-07
      vertex -4.92458 -1.7924 5.72205e-07
      vertex -10.4225 -4.86011 5.72205e-07
    endloop
  endfacet
  facet normal -0 0 -1
    outer loop
      vertex 10.8065 3.93323 5.72205e-07
      vertex 4.92458 1.7924 5.72205e-07
      vertex 10.4225 4.86011 5.72205e-07
    endloop
  endfacet
  facet normal 0 0 -1
    outer loop
      vertex 4.7515 2.21025 5.72205e-07
      vertex 10.4225 4.86011 5.72205e-07
      vertex 4.92458 1.7924 5.72205e-07
    endloop
  endfacet
  facet normal 0 0 -1
    outer loop
      vertex 4.74962 2.21478 5.72205e-07
      vertex 10.4225 4.86011 5.72205e-07
      vertex 4.7515 2.21025 5.72205e-07
    endloop
  endfacet
  facet normal 0 0 -1
    outer loop
      vertex 4.74735 2.21914 5.72205e-07
      vertex 10.4225 4.86011 5.72205e-07
      vertex 4.74962 2.21478 5.72205e-07
    endloop
  endfacet
  facet normal -0 0 -1
    outer loop
      vertex 10.4225 4.86011 5.72205e-07
      vertex 4.74735 2.21914 5.72205e-07
      vertex 9.95929 5.75 5.72205e-07
    endloop
  endfacet
  facet normal 0 0 -1
    outer loop
      vertex 4.53851 2.62031 5.72205e-07
      vertex 9.95929 5.75 5.72205e-07
      vertex 4.74735 2.21914 5.72205e-07
    endloop
  endfacet
  facet normal 0 0 -1
    outer loop
      vertex 4.53588 2.62445 5.72205e-07
      vertex 9.95929 5.75 5.72205e-07
      vertex 4.53851 2.62031 5.72205e-07
    endloop
  endfacet
  facet normal -0 0 -1
    outer loop
      vertex 9.95929 5.75 5.72205e-07
      vertex 4.53588 2.62445 5.72205e-07
      vertex 9.42025 6.59613 5.72205e-07
    endloop
  endfacet
  facet normal 0 0 -1
    outer loop
      vertex 4.29287 3.0059 5.72205e-07
      vertex 9.42025 6.59613 5.72205e-07
      vertex 4.53588 2.62445 5.72205e-07
    endloop
  endfacet
  facet normal -0 0 -1
    outer loop
      vertex 9.42025 6.59613 5.72205e-07
      vertex 4.29287 3.0059 5.72205e-07
      vertex 8.80951 7.39206 5.72205e-07
    endloop
  endfacet
  facet normal 0 0 -1
    outer loop
      vertex 4.01754 3.36472 5.72205e-07
      vertex 8.80951 7.39206 5.72205e-07
      vertex 4.29287 3.0059 5.72205e-07
    endloop
  endfacet
  facet normal 0 0 -1
    outer loop
      vertex 4.01455 3.36861 5.72205e-07
      vertex 8.80951 7.39206 5.72205e-07
      vertex 4.01754 3.36472 5.72205e-07
    endloop
  endfacet
  facet normal 0 0 -1
    outer loop
      vertex 4.01124 3.37223 5.72205e-07
      vertex 8.80951 7.39206 5.72205e-07
      vertex 4.01455 3.36861 5.72205e-07
    endloop
  endfacet
  facet normal -0 0 -1
    outer loop
      vertex 8.80951 7.39206 5.72205e-07
      vertex 4.01124 3.37223 5.72205e-07
      vertex 8.13173 8.13173 5.72205e-07
    endloop
  endfacet
  facet normal 0 0 -1
    outer loop
      vertex 3.70568 3.70568 5.72205e-07
      vertex 8.13173 8.13173 5.72205e-07
      vertex 4.01124 3.37223 5.72205e-07
    endloop
  endfacet
  facet normal -0 0 -1
    outer loop
      vertex 8.13173 8.13173 5.72205e-07
      vertex 3.70568 3.70568 5.72205e-07
      vertex 7.39206 8.80951 5.72205e-07
    endloop
  endfacet
  facet normal 0 0 -1
    outer loop
      vertex 3.37223 4.01124 5.72205e-07
      vertex 7.39206 8.80951 5.72205e-07
      vertex 3.70568 3.70568 5.72205e-07
    endloop
  endfacet
  facet normal 0 0 -1
    outer loop
      vertex 3.36861 4.01455 5.72205e-07
      vertex 7.39206 8.80951 5.72205e-07
      vertex 3.37223 4.01124 5.72205e-07
    endloop
  endfacet
  facet normal 0 0 -1
    outer loop
      vertex 3.36472 4.01754 5.72205e-07
      vertex 7.39206 8.80951 5.72205e-07
      vertex 3.36861 4.01455 5.72205e-07
    endloop
  endfacet
  facet normal -0 0 -1
    outer loop
      vertex 7.39206 8.80951 5.72205e-07
      vertex 3.36472 4.01754 5.72205e-07
      vertex 6.59613 9.42025 5.72205e-07
    endloop
  endfacet
  facet normal 0 0 -1
    outer loop
      vertex 3.0059 4.29287 5.72205e-07
      vertex 6.59613 9.42025 5.72205e-07
      vertex 3.36472 4.01754 5.72205e-07
    endloop
  endfacet
  facet normal -0 0 -1
    outer loop
      vertex 6.59613 9.42025 5.72205e-07
      vertex 3.0059 4.29287 5.72205e-07
      vertex 5.75 9.95929 5.72205e-07
    endloop
  endfacet
  facet normal 0 0 -1
    outer loop
      vertex 2.62445 4.53588 5.72205e-07
      vertex 5.75 9.95929 5.72205e-07
      vertex 3.0059 4.29287 5.72205e-07
    endloop
  endfacet
  facet normal 0 0 -1
    outer loop
      vertex 2.62031 4.53851 5.72205e-07
      vertex 5.75 9.95929 5.72205e-07
      vertex 2.62445 4.53588 5.72205e-07
    endloop
  endfacet
  facet normal -0 0 -1
    outer loop
      vertex 5.75 9.95929 5.72205e-07
      vertex 2.62031 4.53851 5.72205e-07
      vertex 4.86011 10.4225 5.72205e-07
    endloop
  endfacet
  facet normal 0 0 -1
    outer loop
      vertex 2.21914 4.74735 5.72205e-07
      vertex 4.86011 10.4225 5.72205e-07
      vertex 2.62031 4.53851 5.72205e-07
    endloop
  endfacet
  facet normal 0 0 -1
    outer loop
      vertex 2.21478 4.74962 5.72205e-07
      vertex 4.86011 10.4225 5.72205e-07
      vertex 2.21914 4.74735 5.72205e-07
    endloop
  endfacet
  facet normal 0 0 -1
    outer loop
      vertex 2.21025 4.7515 5.72205e-07
      vertex 4.86011 10.4225 5.72205e-07
      vertex 2.21478 4.74962 5.72205e-07
    endloop
  endfacet
  facet normal -0 0 -1
    outer loop
      vertex 4.86011 10.4225 5.72205e-07
      vertex 2.21025 4.7515 5.72205e-07
      vertex 3.93323 10.8065 5.72205e-07
    endloop
  endfacet
  facet normal 0 0 -1
    outer loop
      vertex 1.7924 4.92458 5.72205e-07
      vertex 3.93323 10.8065 5.72205e-07
      vertex 2.21025 4.7515 5.72205e-07
    endloop
  endfacet
  facet normal -0 0 -1
    outer loop
      vertex 3.93323 10.8065 5.72205e-07
      vertex 1.7924 4.92458 5.72205e-07
      vertex 2.97642 11.1081 5.72205e-07
    endloop
  endfacet
  facet normal 0 0 -1
    outer loop
      vertex 1.36105 5.06058 5.72205e-07
      vertex 2.97642 11.1081 5.72205e-07
      vertex 1.7924 4.92458 5.72205e-07
    endloop
  endfacet
  facet normal 0 0 -1
    outer loop
      vertex 1.35637 5.06205 5.72205e-07
      vertex 2.97642 11.1081 5.72205e-07
      vertex 1.36105 5.06058 5.72205e-07
    endloop
  endfacet
  facet normal -0 0 -1
    outer loop
      vertex 2.97642 11.1081 5.72205e-07
      vertex 1.35637 5.06205 5.72205e-07
      vertex 1.99695 11.3253 5.72205e-07
    endloop
  endfacet
  facet normal 0 0 -1
    outer loop
      vertex 0.914816 5.15995 5.72205e-07
      vertex 1.99695 11.3253 5.72205e-07
      vertex 1.35637 5.06205 5.72205e-07
    endloop
  endfacet
  facet normal 0 0 -1
    outer loop
      vertex 0.910025 5.16101 5.72205e-07
      vertex 1.99695 11.3253 5.72205e-07
      vertex 0.914816 5.15995 5.72205e-07
    endloop
  endfacet
  facet normal 0 0 -1
    outer loop
      vertex 0.905159 5.16165 5.72205e-07
      vertex 1.99695 11.3253 5.72205e-07
      vertex 0.910025 5.16101 5.72205e-07
    endloop
  endfacet
  facet normal -0 0 -1
    outer loop
      vertex 1.99695 11.3253 5.72205e-07
      vertex 0.905159 5.16165 5.72205e-07
      vertex 1.00229 11.4562 5.72205e-07
    endloop
  endfacet
  facet normal 0 0 -1
    outer loop
      vertex 0.45675 5.22068 5.72205e-07
      vertex 1.00229 11.4562 5.72205e-07
      vertex 0.905159 5.16165 5.72205e-07
    endloop
  endfacet
  facet normal 0 0 -1
    outer loop
      vertex 0.00490262 5.24041 5.72205e-07
      vertex 1.00229 11.4562 5.72205e-07
      vertex 0.45675 5.22068 5.72205e-07
    endloop
  endfacet
  facet normal 0 0 -1
    outer loop
      vertex 0 11.5 5.72205e-07
      vertex 0.00490262 5.24041 5.72205e-07
      vertex 0 5.24062 5.72205e-07
    endloop
  endfacet
  facet normal 0 0 -1
    outer loop
      vertex 0.00490262 5.24041 5.72205e-07
      vertex 0 11.5 5.72205e-07
      vertex 1.00229 11.4562 5.72205e-07
    endloop
  endfacet
  facet normal 0 0 -1
    outer loop
      vertex -0.00490262 5.24041 5.72205e-07
      vertex 0 11.5 5.72205e-07
      vertex 0 5.24062 5.72205e-07
    endloop
  endfacet
  facet normal 0 0 -1
    outer loop
      vertex -0.45675 5.22068 5.72205e-07
      vertex 0 11.5 5.72205e-07
      vertex -0.00490262 5.24041 5.72205e-07
    endloop
  endfacet
  facet normal 0 0 -1
    outer loop
      vertex -1.00229 11.4562 5.72205e-07
      vertex -0.45675 5.22068 5.72205e-07
      vertex -0.905159 5.16165 5.72205e-07
    endloop
  endfacet
  facet normal 0 0 -1
    outer loop
      vertex -1.99695 11.3253 5.72205e-07
      vertex -0.905159 5.16165 5.72205e-07
      vertex -0.910025 5.16101 5.72205e-07
    endloop
  endfacet
  facet normal 0 0 -1
    outer loop
      vertex -1.99695 11.3253 5.72205e-07
      vertex -0.910025 5.16101 5.72205e-07
      vertex -0.914816 5.15995 5.72205e-07
    endloop
  endfacet
  facet normal 0 0 -1
    outer loop
      vertex -0.45675 5.22068 5.72205e-07
      vertex -1.00229 11.4562 5.72205e-07
      vertex 0 11.5 5.72205e-07
    endloop
  endfacet
  facet normal 0 0 -1
    outer loop
      vertex -1.99695 11.3253 5.72205e-07
      vertex -0.914816 5.15995 5.72205e-07
      vertex -1.35637 5.06205 5.72205e-07
    endloop
  endfacet
  facet normal 0 0 -1
    outer loop
      vertex -2.97642 11.1081 5.72205e-07
      vertex -1.35637 5.06205 5.72205e-07
      vertex -1.36105 5.06058 5.72205e-07
    endloop
  endfacet
  facet normal 0 0 -1
    outer loop
      vertex -2.97642 11.1081 5.72205e-07
      vertex -1.36105 5.06058 5.72205e-07
      vertex -1.7924 4.92458 5.72205e-07
    endloop
  endfacet
  facet normal 0 0 -1
    outer loop
      vertex -0.905159 5.16165 5.72205e-07
      vertex -1.99695 11.3253 5.72205e-07
      vertex -1.00229 11.4562 5.72205e-07
    endloop
  endfacet
  facet normal 0 0 -1
    outer loop
      vertex -3.93323 10.8065 5.72205e-07
      vertex -1.7924 4.92458 5.72205e-07
      vertex -2.21025 4.7515 5.72205e-07
    endloop
  endfacet
  facet normal 0 0 -1
    outer loop
      vertex -4.86011 10.4225 5.72205e-07
      vertex -2.21025 4.7515 5.72205e-07
      vertex -2.21478 4.74962 5.72205e-07
    endloop
  endfacet
  facet normal 0 0 -1
    outer loop
      vertex -4.86011 10.4225 5.72205e-07
      vertex -2.21478 4.74962 5.72205e-07
      vertex -2.21914 4.74735 5.72205e-07
    endloop
  endfacet
  facet normal 0 0 -1
    outer loop
      vertex -4.86011 10.4225 5.72205e-07
      vertex -2.21914 4.74735 5.72205e-07
      vertex -2.62031 4.53851 5.72205e-07
    endloop
  endfacet
  facet normal 0 0 -1
    outer loop
      vertex -5.75 9.95929 5.72205e-07
      vertex -2.62031 4.53851 5.72205e-07
      vertex -2.62445 4.53588 5.72205e-07
    endloop
  endfacet
  facet normal 0 0 -1
    outer loop
      vertex -1.35637 5.06205 5.72205e-07
      vertex -2.97642 11.1081 5.72205e-07
      vertex -1.99695 11.3253 5.72205e-07
    endloop
  endfacet
  facet normal 0 0 -1
    outer loop
      vertex -5.75 9.95929 5.72205e-07
      vertex -2.62445 4.53588 5.72205e-07
      vertex -3.0059 4.29287 5.72205e-07
    endloop
  endfacet
  facet normal 0 0 -1
    outer loop
      vertex -6.59613 9.42025 5.72205e-07
      vertex -3.0059 4.29287 5.72205e-07
      vertex -3.36472 4.01754 5.72205e-07
    endloop
  endfacet
  facet normal 0 0 -1
    outer loop
      vertex -7.39206 8.80951 5.72205e-07
      vertex -3.36472 4.01754 5.72205e-07
      vertex -3.36861 4.01455 5.72205e-07
    endloop
  endfacet
  facet normal 0 0 -1
    outer loop
      vertex -7.39206 8.80951 5.72205e-07
      vertex -3.36861 4.01455 5.72205e-07
      vertex -3.37223 4.01124 5.72205e-07
    endloop
  endfacet
  facet normal 0 0 -1
    outer loop
      vertex -7.39206 8.80951 5.72205e-07
      vertex -3.37223 4.01124 5.72205e-07
      vertex -3.70568 3.70568 5.72205e-07
    endloop
  endfacet
  facet normal 0 0 -1
    outer loop
      vertex -1.7924 4.92458 5.72205e-07
      vertex -3.93323 10.8065 5.72205e-07
      vertex -2.97642 11.1081 5.72205e-07
    endloop
  endfacet
  facet normal 0 0 -1
    outer loop
      vertex -8.13173 8.13173 5.72205e-07
      vertex -3.70568 3.70568 5.72205e-07
      vertex -4.01124 3.37223 5.72205e-07
    endloop
  endfacet
  facet normal 0 0 -1
    outer loop
      vertex -8.80951 7.39206 5.72205e-07
      vertex -4.01124 3.37223 5.72205e-07
      vertex -4.01455 3.36861 5.72205e-07
    endloop
  endfacet
  facet normal 0 0 -1
    outer loop
      vertex -8.80951 7.39206 5.72205e-07
      vertex -4.01455 3.36861 5.72205e-07
      vertex -4.01754 3.36472 5.72205e-07
    endloop
  endfacet
  facet normal 0 0 -1
    outer loop
      vertex -8.80951 7.39206 5.72205e-07
      vertex -4.01754 3.36472 5.72205e-07
      vertex -4.29287 3.0059 5.72205e-07
    endloop
  endfacet
  facet normal 0 0 -1
    outer loop
      vertex -9.42025 6.59613 5.72205e-07
      vertex -4.29287 3.0059 5.72205e-07
      vertex -4.53588 2.62445 5.72205e-07
    endloop
  endfacet
  facet normal 0 0 -1
    outer loop
      vertex -9.95929 5.75 5.72205e-07
      vertex -4.53588 2.62445 5.72205e-07
      vertex -4.53851 2.62031 5.72205e-07
    endloop
  endfacet
  facet normal 0 0 -1
    outer loop
      vertex -9.95929 5.75 5.72205e-07
      vertex -4.53851 2.62031 5.72205e-07
      vertex -4.74735 2.21914 5.72205e-07
    endloop
  endfacet
  facet normal 0 0 -1
    outer loop
      vertex -10.4225 4.86011 5.72205e-07
      vertex -4.74735 2.21914 5.72205e-07
      vertex -4.74962 2.21478 5.72205e-07
    endloop
  endfacet
  facet normal 0 0 -1
    outer loop
      vertex -10.4225 4.86011 5.72205e-07
      vertex -4.74962 2.21478 5.72205e-07
      vertex -4.7515 2.21025 5.72205e-07
    endloop
  endfacet
  facet normal 0 0 -1
    outer loop
      vertex -2.21025 4.7515 5.72205e-07
      vertex -4.86011 10.4225 5.72205e-07
      vertex -3.93323 10.8065 5.72205e-07
    endloop
  endfacet
  facet normal 0 0 -1
    outer loop
      vertex -10.4225 4.86011 5.72205e-07
      vertex -4.7515 2.21025 5.72205e-07
      vertex -4.92458 1.7924 5.72205e-07
    endloop
  endfacet
  facet normal 0 0 -1
    outer loop
      vertex -10.8065 3.93323 5.72205e-07
      vertex -4.92458 1.7924 5.72205e-07
      vertex -5.06058 1.36105 5.72205e-07
    endloop
  endfacet
  facet normal 0 0 -1
    outer loop
      vertex -11.1081 2.97642 5.72205e-07
      vertex -5.06058 1.36105 5.72205e-07
      vertex -5.06205 1.35637 5.72205e-07
    endloop
  endfacet
  facet normal 0 0 -1
    outer loop
      vertex -11.1081 2.97642 5.72205e-07
      vertex -5.06205 1.35637 5.72205e-07
      vertex -5.15995 0.914816 5.72205e-07
    endloop
  endfacet
  facet normal 0 0 -1
    outer loop
      vertex -11.3253 1.99695 5.72205e-07
      vertex -5.15995 0.914816 5.72205e-07
      vertex -5.16101 0.910025 5.72205e-07
    endloop
  endfacet
  facet normal 0 0 -1
    outer loop
      vertex -11.3253 1.99695 5.72205e-07
      vertex -5.16101 0.910025 5.72205e-07
      vertex -5.16165 0.905159 5.72205e-07
    endloop
  endfacet
  facet normal 0 0 -1
    outer loop
      vertex -11.3253 1.99695 5.72205e-07
      vertex -5.16165 0.905159 5.72205e-07
      vertex -5.22068 0.45675 5.72205e-07
    endloop
  endfacet
  facet normal 0 0 -1
    outer loop
      vertex -11.4562 1.00229 5.72205e-07
      vertex -5.22068 0.45675 5.72205e-07
      vertex -5.24041 0.00490262 5.72205e-07
    endloop
  endfacet
  facet normal 0 0 -1
    outer loop
      vertex -11.5 0 5.72205e-07
      vertex -5.24041 0.00490262 5.72205e-07
      vertex -5.24062 0 5.72205e-07
    endloop
  endfacet
  facet normal -0 0 -1
    outer loop
      vertex -4.92458 -1.7924 5.72205e-07
      vertex -10.8065 -3.93323 5.72205e-07
      vertex -5.06058 -1.36105 5.72205e-07
    endloop
  endfacet
  facet normal 0 0 -1
    outer loop
      vertex -2.62031 4.53851 5.72205e-07
      vertex -5.75 9.95929 5.72205e-07
      vertex -4.86011 10.4225 5.72205e-07
    endloop
  endfacet
  facet normal 0 0 -1
    outer loop
      vertex -11.1081 -2.97642 5.72205e-07
      vertex -5.06058 -1.36105 5.72205e-07
      vertex -10.8065 -3.93323 5.72205e-07
    endloop
  endfacet
  facet normal 0 0 -1
    outer loop
      vertex -3.0059 4.29287 5.72205e-07
      vertex -6.59613 9.42025 5.72205e-07
      vertex -5.75 9.95929 5.72205e-07
    endloop
  endfacet
  facet normal -0 0 -1
    outer loop
      vertex -5.06058 -1.36105 5.72205e-07
      vertex -11.1081 -2.97642 5.72205e-07
      vertex -5.06205 -1.35637 5.72205e-07
    endloop
  endfacet
  facet normal 0 0 -1
    outer loop
      vertex -3.36472 4.01754 5.72205e-07
      vertex -7.39206 8.80951 5.72205e-07
      vertex -6.59613 9.42025 5.72205e-07
    endloop
  endfacet
  facet normal -0 0 -1
    outer loop
      vertex -5.06205 -1.35637 5.72205e-07
      vertex -11.1081 -2.97642 5.72205e-07
      vertex -5.15995 -0.914816 5.72205e-07
    endloop
  endfacet
  facet normal 0 0 -1
    outer loop
      vertex -3.70568 3.70568 5.72205e-07
      vertex -8.13173 8.13173 5.72205e-07
      vertex -7.39206 8.80951 5.72205e-07
    endloop
  endfacet
  facet normal 0 0 -1
    outer loop
      vertex -11.3253 -1.99695 5.72205e-07
      vertex -5.15995 -0.914816 5.72205e-07
      vertex -11.1081 -2.97642 5.72205e-07
    endloop
  endfacet
  facet normal 0 0 -1
    outer loop
      vertex -4.01124 3.37223 5.72205e-07
      vertex -8.80951 7.39206 5.72205e-07
      vertex -8.13173 8.13173 5.72205e-07
    endloop
  endfacet
  facet normal -0 0 -1
    outer loop
      vertex -5.15995 -0.914816 5.72205e-07
      vertex -11.3253 -1.99695 5.72205e-07
      vertex -5.16101 -0.910025 5.72205e-07
    endloop
  endfacet
  facet normal 0 0 -1
    outer loop
      vertex -4.29287 3.0059 5.72205e-07
      vertex -9.42025 6.59613 5.72205e-07
      vertex -8.80951 7.39206 5.72205e-07
    endloop
  endfacet
  facet normal -0 0 -1
    outer loop
      vertex -5.16101 -0.910025 5.72205e-07
      vertex -11.3253 -1.99695 5.72205e-07
      vertex -5.16165 -0.905159 5.72205e-07
    endloop
  endfacet
  facet normal 0 0 -1
    outer loop
      vertex -4.53588 2.62445 5.72205e-07
      vertex -9.95929 5.75 5.72205e-07
      vertex -9.42025 6.59613 5.72205e-07
    endloop
  endfacet
  facet normal -0 0 -1
    outer loop
      vertex -5.16165 -0.905159 5.72205e-07
      vertex -11.3253 -1.99695 5.72205e-07
      vertex -5.22068 -0.45675 5.72205e-07
    endloop
  endfacet
  facet normal 0 0 -1
    outer loop
      vertex -4.74735 2.21914 5.72205e-07
      vertex -10.4225 4.86011 5.72205e-07
      vertex -9.95929 5.75 5.72205e-07
    endloop
  endfacet
  facet normal 0 0 -1
    outer loop
      vertex -11.4562 -1.00229 5.72205e-07
      vertex -5.22068 -0.45675 5.72205e-07
      vertex -11.3253 -1.99695 5.72205e-07
    endloop
  endfacet
  facet normal 0 0 -1
    outer loop
      vertex -4.92458 1.7924 5.72205e-07
      vertex -10.8065 3.93323 5.72205e-07
      vertex -10.4225 4.86011 5.72205e-07
    endloop
  endfacet
  facet normal -0 0 -1
    outer loop
      vertex -5.22068 -0.45675 5.72205e-07
      vertex -11.4562 -1.00229 5.72205e-07
      vertex -5.24041 -0.00490262 5.72205e-07
    endloop
  endfacet
  facet normal 0 0 -1
    outer loop
      vertex -5.06058 1.36105 5.72205e-07
      vertex -11.1081 2.97642 5.72205e-07
      vertex -10.8065 3.93323 5.72205e-07
    endloop
  endfacet
  facet normal 0 0 -1
    outer loop
      vertex -11.5 0 5.72205e-07
      vertex -5.24041 -0.00490262 5.72205e-07
      vertex -11.4562 -1.00229 5.72205e-07
    endloop
  endfacet
  facet normal 0 0 -1
    outer loop
      vertex -5.15995 0.914816 5.72205e-07
      vertex -11.3253 1.99695 5.72205e-07
      vertex -11.1081 2.97642 5.72205e-07
    endloop
  endfacet
  facet normal 0 0 -1
    outer loop
      vertex -5.24041 -0.00490262 5.72205e-07
      vertex -11.5 0 5.72205e-07
      vertex -5.24062 0 5.72205e-07
    endloop
  endfacet
  facet normal 0 0 -1
    outer loop
      vertex -5.22068 0.45675 5.72205e-07
      vertex -11.4562 1.00229 5.72205e-07
      vertex -11.3253 1.99695 5.72205e-07
    endloop
  endfacet
  facet normal -0 0 -1
    outer loop
      vertex -5.24041 0.00490262 5.72205e-07
      vertex -11.5 0 5.72205e-07
      vertex -11.4562 1.00229 5.72205e-07
    endloop
  endfacet
  facet normal 0.381992 0.599611 -0.703241
    outer loop
      vertex 5.75 9.95929 5.72205e-07
      vertex 6.25343 10.8114 1
      vertex 6.59613 9.42025 5.72205e-07
    endloop
  endfacet
  facet normal 0.380001 0.600831 -0.703279
    outer loop
      vertex 6.25343 10.8114 1
      vertex 5.75 9.95929 5.72205e-07
      vertex 6.24505 10.8167 1
    endloop
  endfacet
  facet normal 0.564022 0.432821 -0.70324
    outer loop
      vertex 10.1785 7.23287 1
      vertex 8.80951 7.39206 5.72205e-07
      vertex 9.57555 8.03484 1.01
    endloop
  endfacet
  facet normal 0.564155 0.432186 -0.703523
    outer loop
      vertex 8.80951 7.39206 5.72205e-07
      vertex 10.1785 7.23287 1
      vertex 10.2252 7.17191 1
    endloop
  endfacet
  facet normal 0.564869 0.433445 -0.702174
    outer loop
      vertex 10.1878 7.23695 1.01
      vertex 10.1785 7.23287 1
      vertex 9.57555 8.03484 1.01
    endloop
  endfacet
  facet normal 0.599612 0.381984 -0.703245
    outer loop
      vertex 10.8114 6.25343 1
      vertex 9.42025 6.59613 5.72205e-07
      vertex 10.2313 7.16403 1
    endloop
  endfacet
  facet normal 0.705813 0.0928702 -0.702284
    outer loop
      vertex 12.3101 2.1706 1.01
      vertex 12.3194 2.09992 1.01
      vertex 12.3094 2.1003 1
    endloop
  endfacet
  facet normal 0.704684 0.0930394 -0.703395
    outer loop
      vertex 12.3094 2.1003 1
      vertex 11.4562 1.00229 5.72205e-07
      vertex 12.3101 2.1706 1.01
    endloop
  endfacet
  facet normal 0.704844 0.0927977 -0.703266
    outer loop
      vertex 11.4562 1.00229 5.72205e-07
      vertex 12.3094 2.1003 1
      vertex 12.4426 1.08858 1
    endloop
  endfacet
  facet normal 0.678088 0.213743 -0.703215
    outer loop
      vertex 10.8065 3.93323 5.72205e-07
      vertex 11.7398 4.26239 1
      vertex 11.1081 2.97642 5.72205e-07
    endloop
  endfacet
  facet normal 0.67992 0.208212 -0.703105
    outer loop
      vertex 11.7398 4.26239 1
      vertex 10.8065 3.93323 5.72205e-07
      vertex 11.7369 4.27186 1
    endloop
  endfacet
  facet normal 0.694093 0.153917 -0.703239
    outer loop
      vertex 11.3253 1.99695 5.72205e-07
      vertex 11.1081 2.97642 5.72205e-07
      vertex 12.3101 2.1706 1.01
    endloop
  endfacet
  facet normal 0.704876 0.0927637 -0.703239
    outer loop
      vertex 11.4562 1.00229 5.72205e-07
      vertex 11.3253 1.99695 5.72205e-07
      vertex 12.3101 2.1706 1.01
    endloop
  endfacet
  facet normal 0.999047 -0.0436469 0
    outer loop
      vertex 12.9505 -1.13302 8
      vertex 13 0 6.99
      vertex 13 0 8
    endloop
  endfacet
  facet normal 0.999047 -0.0436469 0
    outer loop
      vertex 13 0 6.99
      vertex 12.9505 -1.13302 8
      vertex 12.9505 -1.13302 6.99
    endloop
  endfacet
  facet normal 0.991448 0.130499 0
    outer loop
      vertex 12.9505 1.13302 8
      vertex 12.8025 2.25743 6.99
      vertex 12.8025 2.25743 8
    endloop
  endfacet
  facet normal 0.991448 0.130499 0
    outer loop
      vertex 12.8025 2.25743 6.99
      vertex 12.9505 1.13302 8
      vertex 12.9505 1.13302 6.99
    endloop
  endfacet
  facet normal 0.999047 0.0436469 0
    outer loop
      vertex 13 0 8
      vertex 12.9505 1.13302 6.99
      vertex 12.9505 1.13302 8
    endloop
  endfacet
  facet normal 0.999047 0.0436469 0
    outer loop
      vertex 12.9505 1.13302 6.99
      vertex 13 0 8
      vertex 13 0 6.99
    endloop
  endfacet
  facet normal 0.976289 0.216469 0
    outer loop
      vertex 12.8025 2.25743 8
      vertex 12.557 3.36465 6.99
      vertex 12.557 3.36465 8
    endloop
  endfacet
  facet normal 0.976289 0.216469 0
    outer loop
      vertex 12.557 3.36465 6.99
      vertex 12.8025 2.25743 8
      vertex 12.8025 2.25743 6.99
    endloop
  endfacet
  facet normal -0.130499 0.991448 0
    outer loop
      vertex -1.13302 12.9505 6.99
      vertex -2.25743 12.8025 8
      vertex -1.13302 12.9505 8
    endloop
  endfacet
  facet normal -0.130499 0.991448 0
    outer loop
      vertex -2.25743 12.8025 8
      vertex -1.13302 12.9505 6.99
      vertex -2.25743 12.8025 6.99
    endloop
  endfacet
  facet normal -0.953725 -0.300681 0
    outer loop
      vertex -12.216 -4.44626 6.99
      vertex -12.557 -3.36465 8
      vertex -12.557 -3.36465 6.99
    endloop
  endfacet
  facet normal -0.953725 -0.300681 0
    outer loop
      vertex -12.557 -3.36465 8
      vertex -12.216 -4.44626 6.99
      vertex -12.216 -4.44626 8
    endloop
  endfacet
  facet normal 0.0436469 0.999047 -0
    outer loop
      vertex 1.13302 12.9505 6.99
      vertex 0 13 8
      vertex 1.13302 12.9505 8
    endloop
  endfacet
  facet normal 0.0436469 0.999047 0
    outer loop
      vertex 0 13 8
      vertex 1.13302 12.9505 6.99
      vertex 0 13 6.99
    endloop
  endfacet
  facet normal 0.216469 -0.976289 0
    outer loop
      vertex 2.25743 -12.8025 6.99
      vertex 3.36465 -12.557 8
      vertex 2.25743 -12.8025 8
    endloop
  endfacet
  facet normal 0.216469 -0.976289 0
    outer loop
      vertex 3.36465 -12.557 8
      vertex 2.25743 -12.8025 6.99
      vertex 3.36465 -12.557 6.99
    endloop
  endfacet
  facet normal -0.608771 0.793346 0
    outer loop
      vertex -7.45649 10.649 6.99
      vertex -8.35624 9.95858 8
      vertex -7.45649 10.649 8
    endloop
  endfacet
  facet normal -0.608771 0.793346 0
    outer loop
      vertex -8.35624 9.95858 8
      vertex -7.45649 10.649 6.99
      vertex -8.35624 9.95858 6.99
    endloop
  endfacet
  facet normal -0.737277 0.67559 0
    outer loop
      vertex -9.95858 8.35624 6.99
      vertex -9.19239 9.19239 8
      vertex -9.19239 9.19239 6.99
    endloop
  endfacet
  facet normal -0.737277 0.67559 0
    outer loop
      vertex -9.19239 9.19239 8
      vertex -9.95858 8.35624 6.99
      vertex -9.95858 8.35624 8
    endloop
  endfacet
  facet normal 0.130499 -0.991448 0
    outer loop
      vertex 1.13302 -12.9505 6.99
      vertex 2.25743 -12.8025 8
      vertex 1.13302 -12.9505 8
    endloop
  endfacet
  facet normal 0.130499 -0.991448 0
    outer loop
      vertex 2.25743 -12.8025 8
      vertex 1.13302 -12.9505 6.99
      vertex 2.25743 -12.8025 6.99
    endloop
  endfacet
  facet normal -0.843412 -0.537267 0
    outer loop
      vertex -10.649 -7.45649 6.99
      vertex -11.2583 -6.5 8
      vertex -11.2583 -6.5 6.99
    endloop
  endfacet
  facet normal -0.843412 -0.537267 0
    outer loop
      vertex -11.2583 -6.5 8
      vertex -10.649 -7.45649 6.99
      vertex -10.649 -7.45649 8
    endloop
  endfacet
  facet normal 0.923881 0.38268 0
    outer loop
      vertex 12.216 4.44626 8
      vertex 11.782 5.49404 6.99
      vertex 11.782 5.49404 8
    endloop
  endfacet
  facet normal 0.923881 0.38268 0
    outer loop
      vertex 11.782 5.49404 6.99
      vertex 12.216 4.44626 8
      vertex 12.216 4.44626 6.99
    endloop
  endfacet
  facet normal 0.46177 -0.887 0
    outer loop
      vertex 5.49404 -11.782 6.99
      vertex 6.5 -11.2583 8
      vertex 5.49404 -11.782 8
    endloop
  endfacet
  facet normal 0.46177 -0.887 0
    outer loop
      vertex 6.5 -11.2583 8
      vertex 5.49404 -11.782 6.99
      vertex 6.5 -11.2583 6.99
    endloop
  endfacet
  facet normal 0.737277 -0.67559 0
    outer loop
      vertex 9.19239 -9.19239 8
      vertex 9.95858 -8.35624 6.99
      vertex 9.95858 -8.35624 8
    endloop
  endfacet
  facet normal 0.737277 -0.67559 0
    outer loop
      vertex 9.95858 -8.35624 6.99
      vertex 9.19239 -9.19239 8
      vertex 9.19239 -9.19239 6.99
    endloop
  endfacet
  facet normal -0.38268 0.923881 0
    outer loop
      vertex -4.44626 12.216 6.99
      vertex -5.49404 11.782 8
      vertex -4.44626 12.216 8
    endloop
  endfacet
  facet normal -0.38268 0.923881 0
    outer loop
      vertex -5.49404 11.782 8
      vertex -4.44626 12.216 6.99
      vertex -5.49404 11.782 6.99
    endloop
  endfacet
  facet normal 0.923881 -0.38268 0
    outer loop
      vertex 11.782 -5.49404 8
      vertex 12.216 -4.44626 6.99
      vertex 12.216 -4.44626 8
    endloop
  endfacet
  facet normal 0.923881 -0.38268 0
    outer loop
      vertex 12.216 -4.44626 6.99
      vertex 11.782 -5.49404 8
      vertex 11.782 -5.49404 6.99
    endloop
  endfacet
  facet normal 0.67559 0.737277 -0
    outer loop
      vertex 9.19239 9.19239 6.99
      vertex 8.35624 9.95858 8
      vertex 9.19239 9.19239 8
    endloop
  endfacet
  facet normal 0.67559 0.737277 0
    outer loop
      vertex 8.35624 9.95858 8
      vertex 9.19239 9.19239 6.99
      vertex 8.35624 9.95858 6.99
    endloop
  endfacet
  facet normal -0.976289 0.216469 0
    outer loop
      vertex -12.8025 2.25743 6.99
      vertex -12.557 3.36465 8
      vertex -12.557 3.36465 6.99
    endloop
  endfacet
  facet normal -0.976289 0.216469 0
    outer loop
      vertex -12.557 3.36465 8
      vertex -12.8025 2.25743 6.99
      vertex -12.8025 2.25743 8
    endloop
  endfacet
  facet normal -0.38268 -0.923881 0
    outer loop
      vertex -5.49404 -11.782 6.99
      vertex -4.44626 -12.216 8
      vertex -5.49404 -11.782 8
    endloop
  endfacet
  facet normal -0.38268 -0.923881 -0
    outer loop
      vertex -4.44626 -12.216 8
      vertex -5.49404 -11.782 6.99
      vertex -4.44626 -12.216 6.99
    endloop
  endfacet
  facet normal 0.843412 0.537267 0
    outer loop
      vertex 11.2583 6.5 8
      vertex 10.649 7.45649 6.99
      vertex 10.649 7.45649 8
    endloop
  endfacet
  facet normal 0.843412 0.537267 0
    outer loop
      vertex 10.649 7.45649 6.99
      vertex 11.2583 6.5 8
      vertex 11.2583 6.5 6.99
    endloop
  endfacet
  facet normal 0.38268 0.923881 -0
    outer loop
      vertex 5.49404 11.782 6.99
      vertex 4.44626 12.216 8
      vertex 5.49404 11.782 8
    endloop
  endfacet
  facet normal 0.38268 0.923881 0
    outer loop
      vertex 4.44626 12.216 8
      vertex 5.49404 11.782 6.99
      vertex 4.44626 12.216 6.99
    endloop
  endfacet
  facet normal 0.608771 0.793346 -0
    outer loop
      vertex 8.35624 9.95858 6.99
      vertex 7.45649 10.649 8
      vertex 8.35624 9.95858 8
    endloop
  endfacet
  facet normal 0.608771 0.793346 0
    outer loop
      vertex 7.45649 10.649 8
      vertex 8.35624 9.95858 6.99
      vertex 7.45649 10.649 6.99
    endloop
  endfacet
  facet normal 0.46177 0.887 -0
    outer loop
      vertex 6.5 11.2583 6.99
      vertex 5.49404 11.782 8
      vertex 6.5 11.2583 8
    endloop
  endfacet
  facet normal 0.46177 0.887 0
    outer loop
      vertex 5.49404 11.782 8
      vertex 6.5 11.2583 6.99
      vertex 5.49404 11.782 6.99
    endloop
  endfacet
  facet normal -0.976289 -0.216469 0
    outer loop
      vertex -12.557 -3.36465 6.99
      vertex -12.8025 -2.25743 8
      vertex -12.8025 -2.25743 6.99
    endloop
  endfacet
  facet normal -0.976289 -0.216469 0
    outer loop
      vertex -12.8025 -2.25743 8
      vertex -12.557 -3.36465 6.99
      vertex -12.557 -3.36465 8
    endloop
  endfacet
  facet normal -0.300681 -0.953725 0
    outer loop
      vertex -4.44626 -12.216 6.99
      vertex -3.36465 -12.557 8
      vertex -4.44626 -12.216 8
    endloop
  endfacet
  facet normal -0.300681 -0.953725 -0
    outer loop
      vertex -3.36465 -12.557 8
      vertex -4.44626 -12.216 6.99
      vertex -3.36465 -12.557 6.99
    endloop
  endfacet
  facet normal -0.300681 0.953725 0
    outer loop
      vertex -3.36465 12.557 6.99
      vertex -4.44626 12.216 8
      vertex -3.36465 12.557 8
    endloop
  endfacet
  facet normal -0.300681 0.953725 0
    outer loop
      vertex -4.44626 12.216 8
      vertex -3.36465 12.557 6.99
      vertex -4.44626 12.216 6.99
    endloop
  endfacet
  facet normal 0.843412 -0.537267 0
    outer loop
      vertex 10.649 -7.45649 8
      vertex 11.2583 -6.5 6.99
      vertex 11.2583 -6.5 8
    endloop
  endfacet
  facet normal 0.843412 -0.537267 0
    outer loop
      vertex 11.2583 -6.5 6.99
      vertex 10.649 -7.45649 8
      vertex 10.649 -7.45649 6.99
    endloop
  endfacet
  facet normal -0.608771 -0.793346 0
    outer loop
      vertex -8.35624 -9.95858 6.99
      vertex -7.45649 -10.649 8
      vertex -8.35624 -9.95858 8
    endloop
  endfacet
  facet normal -0.608771 -0.793346 -0
    outer loop
      vertex -7.45649 -10.649 8
      vertex -8.35624 -9.95858 6.99
      vertex -7.45649 -10.649 6.99
    endloop
  endfacet
  facet normal -0.0436469 -0.999047 0
    outer loop
      vertex -1.13302 -12.9505 6.99
      vertex 0 -13 8
      vertex -1.13302 -12.9505 8
    endloop
  endfacet
  facet normal -0.0436469 -0.999047 -0
    outer loop
      vertex 0 -13 8
      vertex -1.13302 -12.9505 6.99
      vertex 0 -13 6.99
    endloop
  endfacet
  facet normal 0.953725 0.300681 0
    outer loop
      vertex 12.557 3.36465 8
      vertex 12.216 4.44626 6.99
      vertex 12.216 4.44626 8
    endloop
  endfacet
  facet normal 0.953725 0.300681 0
    outer loop
      vertex 12.216 4.44626 6.99
      vertex 12.557 3.36465 8
      vertex 12.557 3.36465 6.99
    endloop
  endfacet
  facet normal -0.130499 -0.991448 0
    outer loop
      vertex -2.25743 -12.8025 6.99
      vertex -1.13302 -12.9505 8
      vertex -2.25743 -12.8025 8
    endloop
  endfacet
  facet normal -0.130499 -0.991448 -0
    outer loop
      vertex -1.13302 -12.9505 8
      vertex -2.25743 -12.8025 6.99
      vertex -1.13302 -12.9505 6.99
    endloop
  endfacet
  facet normal -0.953725 0.300681 0
    outer loop
      vertex -12.557 3.36465 6.99
      vertex -12.216 4.44626 8
      vertex -12.216 4.44626 6.99
    endloop
  endfacet
  facet normal -0.953725 0.300681 0
    outer loop
      vertex -12.216 4.44626 8
      vertex -12.557 3.36465 6.99
      vertex -12.557 3.36465 8
    endloop
  endfacet
  facet normal 0.953725 -0.300681 0
    outer loop
      vertex 12.216 -4.44626 8
      vertex 12.557 -3.36465 6.99
      vertex 12.557 -3.36465 8
    endloop
  endfacet
  facet normal 0.953725 -0.300681 0
    outer loop
      vertex 12.557 -3.36465 6.99
      vertex 12.216 -4.44626 8
      vertex 12.216 -4.44626 6.99
    endloop
  endfacet
  facet normal 0.976289 -0.216469 0
    outer loop
      vertex 12.557 -3.36465 8
      vertex 12.8025 -2.25743 6.99
      vertex 12.8025 -2.25743 8
    endloop
  endfacet
  facet normal 0.976289 -0.216469 0
    outer loop
      vertex 12.8025 -2.25743 6.99
      vertex 12.557 -3.36465 8
      vertex 12.557 -3.36465 6.99
    endloop
  endfacet
  facet normal -0.887 -0.46177 0
    outer loop
      vertex -11.2583 -6.5 6.99
      vertex -11.782 -5.49404 8
      vertex -11.782 -5.49404 6.99
    endloop
  endfacet
  facet normal -0.887 -0.46177 0
    outer loop
      vertex -11.782 -5.49404 8
      vertex -11.2583 -6.5 6.99
      vertex -11.2583 -6.5 8
    endloop
  endfacet
  facet normal -0.843412 0.537267 0
    outer loop
      vertex -11.2583 6.5 6.99
      vertex -10.649 7.45649 8
      vertex -10.649 7.45649 6.99
    endloop
  endfacet
  facet normal -0.843412 0.537267 0
    outer loop
      vertex -10.649 7.45649 8
      vertex -11.2583 6.5 6.99
      vertex -11.2583 6.5 8
    endloop
  endfacet
  facet normal 0.991448 -0.130499 0
    outer loop
      vertex 12.8025 -2.25743 8
      vertex 12.9505 -1.13302 6.99
      vertex 12.9505 -1.13302 8
    endloop
  endfacet
  facet normal 0.991448 -0.130499 0
    outer loop
      vertex 12.9505 -1.13302 6.99
      vertex 12.8025 -2.25743 8
      vertex 12.8025 -2.25743 6.99
    endloop
  endfacet
  facet normal -0.216469 0.976289 0
    outer loop
      vertex -2.25743 12.8025 6.99
      vertex -3.36465 12.557 8
      vertex -2.25743 12.8025 8
    endloop
  endfacet
  facet normal -0.216469 0.976289 0
    outer loop
      vertex -3.36465 12.557 8
      vertex -2.25743 12.8025 6.99
      vertex -3.36465 12.557 6.99
    endloop
  endfacet
  facet normal 0.0436469 -0.999047 0
    outer loop
      vertex 0 -13 6.99
      vertex 1.13302 -12.9505 8
      vertex 0 -13 8
    endloop
  endfacet
  facet normal 0.0436469 -0.999047 0
    outer loop
      vertex 1.13302 -12.9505 8
      vertex 0 -13 6.99
      vertex 1.13302 -12.9505 6.99
    endloop
  endfacet
  facet normal 0.793346 -0.608771 0
    outer loop
      vertex 9.95858 -8.35624 8
      vertex 10.649 -7.45649 6.99
      vertex 10.649 -7.45649 8
    endloop
  endfacet
  facet normal 0.793346 -0.608771 0
    outer loop
      vertex 10.649 -7.45649 6.99
      vertex 9.95858 -8.35624 8
      vertex 9.95858 -8.35624 6.99
    endloop
  endfacet
  facet normal -0.537267 0.843412 0
    outer loop
      vertex -6.5 11.2583 6.99
      vertex -7.45649 10.649 8
      vertex -6.5 11.2583 8
    endloop
  endfacet
  facet normal -0.537267 0.843412 0
    outer loop
      vertex -7.45649 10.649 8
      vertex -6.5 11.2583 6.99
      vertex -7.45649 10.649 6.99
    endloop
  endfacet
  facet normal 0.537267 0.843412 -0
    outer loop
      vertex 7.45649 10.649 6.99
      vertex 6.5 11.2583 8
      vertex 7.45649 10.649 8
    endloop
  endfacet
  facet normal 0.537267 0.843412 0
    outer loop
      vertex 6.5 11.2583 8
      vertex 7.45649 10.649 6.99
      vertex 6.5 11.2583 6.99
    endloop
  endfacet
  facet normal 0.737277 0.67559 0
    outer loop
      vertex 9.95858 8.35624 8
      vertex 9.19239 9.19239 6.99
      vertex 9.19239 9.19239 8
    endloop
  endfacet
  facet normal 0.737277 0.67559 0
    outer loop
      vertex 9.19239 9.19239 6.99
      vertex 9.95858 8.35624 8
      vertex 9.95858 8.35624 6.99
    endloop
  endfacet
  facet normal 0.130499 0.991448 -0
    outer loop
      vertex 2.25743 12.8025 6.99
      vertex 1.13302 12.9505 8
      vertex 2.25743 12.8025 8
    endloop
  endfacet
  facet normal 0.130499 0.991448 0
    outer loop
      vertex 1.13302 12.9505 8
      vertex 2.25743 12.8025 6.99
      vertex 1.13302 12.9505 6.99
    endloop
  endfacet
  facet normal 0.887 0.46177 0
    outer loop
      vertex 11.782 5.49404 8
      vertex 11.2583 6.5 6.99
      vertex 11.2583 6.5 8
    endloop
  endfacet
  facet normal 0.887 0.46177 0
    outer loop
      vertex 11.2583 6.5 6.99
      vertex 11.782 5.49404 8
      vertex 11.782 5.49404 6.99
    endloop
  endfacet
  facet normal -0.537267 -0.843412 0
    outer loop
      vertex -7.45649 -10.649 6.99
      vertex -6.5 -11.2583 8
      vertex -7.45649 -10.649 8
    endloop
  endfacet
  facet normal -0.537267 -0.843412 -0
    outer loop
      vertex -6.5 -11.2583 8
      vertex -7.45649 -10.649 6.99
      vertex -6.5 -11.2583 6.99
    endloop
  endfacet
  facet normal 0.887 -0.46177 0
    outer loop
      vertex 11.2583 -6.5 8
      vertex 11.782 -5.49404 6.99
      vertex 11.782 -5.49404 8
    endloop
  endfacet
  facet normal 0.887 -0.46177 0
    outer loop
      vertex 11.782 -5.49404 6.99
      vertex 11.2583 -6.5 8
      vertex 11.2583 -6.5 6.99
    endloop
  endfacet
  facet normal -0.216469 -0.976289 0
    outer loop
      vertex -3.36465 -12.557 6.99
      vertex -2.25743 -12.8025 8
      vertex -3.36465 -12.557 8
    endloop
  endfacet
  facet normal -0.216469 -0.976289 -0
    outer loop
      vertex -2.25743 -12.8025 8
      vertex -3.36465 -12.557 6.99
      vertex -2.25743 -12.8025 6.99
    endloop
  endfacet
  facet normal -0.67559 0.737277 0
    outer loop
      vertex -8.35624 9.95858 6.99
      vertex -9.19239 9.19239 8
      vertex -8.35624 9.95858 8
    endloop
  endfacet
  facet normal -0.67559 0.737277 0
    outer loop
      vertex -9.19239 9.19239 8
      vertex -8.35624 9.95858 6.99
      vertex -9.19239 9.19239 6.99
    endloop
  endfacet
  facet normal 0.793346 0.608771 0
    outer loop
      vertex 10.649 7.45649 8
      vertex 9.95858 8.35624 6.99
      vertex 9.95858 8.35624 8
    endloop
  endfacet
  facet normal 0.793346 0.608771 0
    outer loop
      vertex 9.95858 8.35624 6.99
      vertex 10.649 7.45649 8
      vertex 10.649 7.45649 6.99
    endloop
  endfacet
  facet normal -0.0436469 0.999047 0
    outer loop
      vertex 0 13 6.99
      vertex -1.13302 12.9505 8
      vertex 0 13 8
    endloop
  endfacet
  facet normal -0.0436469 0.999047 0
    outer loop
      vertex -1.13302 12.9505 8
      vertex 0 13 6.99
      vertex -1.13302 12.9505 6.99
    endloop
  endfacet
  facet normal 0.608771 -0.793346 0
    outer loop
      vertex 7.45649 -10.649 6.99
      vertex 8.35624 -9.95858 8
      vertex 7.45649 -10.649 8
    endloop
  endfacet
  facet normal 0.608771 -0.793346 0
    outer loop
      vertex 8.35624 -9.95858 8
      vertex 7.45649 -10.649 6.99
      vertex 8.35624 -9.95858 6.99
    endloop
  endfacet
  facet normal -0.737277 -0.67559 0
    outer loop
      vertex -9.19239 -9.19239 6.99
      vertex -9.95858 -8.35624 8
      vertex -9.95858 -8.35624 6.99
    endloop
  endfacet
  facet normal -0.737277 -0.67559 0
    outer loop
      vertex -9.95858 -8.35624 8
      vertex -9.19239 -9.19239 6.99
      vertex -9.19239 -9.19239 8
    endloop
  endfacet
  facet normal -0.887 0.46177 0
    outer loop
      vertex -11.782 5.49404 6.99
      vertex -11.2583 6.5 8
      vertex -11.2583 6.5 6.99
    endloop
  endfacet
  facet normal -0.887 0.46177 0
    outer loop
      vertex -11.2583 6.5 8
      vertex -11.782 5.49404 6.99
      vertex -11.782 5.49404 8
    endloop
  endfacet
  facet normal -0.991448 -0.130499 0
    outer loop
      vertex -12.8025 -2.25743 6.99
      vertex -12.9505 -1.13302 8
      vertex -12.9505 -1.13302 6.99
    endloop
  endfacet
  facet normal -0.991448 -0.130499 0
    outer loop
      vertex -12.9505 -1.13302 8
      vertex -12.8025 -2.25743 6.99
      vertex -12.8025 -2.25743 8
    endloop
  endfacet
  facet normal 0.300681 0.953725 -0
    outer loop
      vertex 4.44626 12.216 6.99
      vertex 3.36465 12.557 8
      vertex 4.44626 12.216 8
    endloop
  endfacet
  facet normal 0.300681 0.953725 0
    outer loop
      vertex 3.36465 12.557 8
      vertex 4.44626 12.216 6.99
      vertex 3.36465 12.557 6.99
    endloop
  endfacet
  facet normal -0.793346 -0.608771 0
    outer loop
      vertex -9.95858 -8.35624 6.99
      vertex -10.649 -7.45649 8
      vertex -10.649 -7.45649 6.99
    endloop
  endfacet
  facet normal -0.793346 -0.608771 0
    outer loop
      vertex -10.649 -7.45649 8
      vertex -9.95858 -8.35624 6.99
      vertex -9.95858 -8.35624 8
    endloop
  endfacet
  facet normal 0.300681 -0.953725 0
    outer loop
      vertex 3.36465 -12.557 6.99
      vertex 4.44626 -12.216 8
      vertex 3.36465 -12.557 8
    endloop
  endfacet
  facet normal 0.300681 -0.953725 0
    outer loop
      vertex 4.44626 -12.216 8
      vertex 3.36465 -12.557 6.99
      vertex 4.44626 -12.216 6.99
    endloop
  endfacet
  facet normal -0.999047 -0.0436469 0
    outer loop
      vertex -12.9505 -1.13302 6.99
      vertex -13 0 8
      vertex -13 0 6.99
    endloop
  endfacet
  facet normal -0.999047 -0.0436469 0
    outer loop
      vertex -13 0 8
      vertex -12.9505 -1.13302 6.99
      vertex -12.9505 -1.13302 8
    endloop
  endfacet
  facet normal -0.67559 -0.737277 0
    outer loop
      vertex -9.19239 -9.19239 6.99
      vertex -8.35624 -9.95858 8
      vertex -9.19239 -9.19239 8
    endloop
  endfacet
  facet normal -0.67559 -0.737277 -0
    outer loop
      vertex -8.35624 -9.95858 8
      vertex -9.19239 -9.19239 6.99
      vertex -8.35624 -9.95858 6.99
    endloop
  endfacet
  facet normal 0.537267 -0.843412 0
    outer loop
      vertex 6.5 -11.2583 6.99
      vertex 7.45649 -10.649 8
      vertex 6.5 -11.2583 8
    endloop
  endfacet
  facet normal 0.537267 -0.843412 0
    outer loop
      vertex 7.45649 -10.649 8
      vertex 6.5 -11.2583 6.99
      vertex 7.45649 -10.649 6.99
    endloop
  endfacet
  facet normal 0.216469 0.976289 -0
    outer loop
      vertex 3.36465 12.557 6.99
      vertex 2.25743 12.8025 8
      vertex 3.36465 12.557 8
    endloop
  endfacet
  facet normal 0.216469 0.976289 0
    outer loop
      vertex 2.25743 12.8025 8
      vertex 3.36465 12.557 6.99
      vertex 2.25743 12.8025 6.99
    endloop
  endfacet
  facet normal -0.923881 -0.38268 0
    outer loop
      vertex -11.782 -5.49404 6.99
      vertex -12.216 -4.44626 8
      vertex -12.216 -4.44626 6.99
    endloop
  endfacet
  facet normal -0.923881 -0.38268 0
    outer loop
      vertex -12.216 -4.44626 8
      vertex -11.782 -5.49404 6.99
      vertex -11.782 -5.49404 8
    endloop
  endfacet
  facet normal -0.793346 0.608771 0
    outer loop
      vertex -10.649 7.45649 6.99
      vertex -9.95858 8.35624 8
      vertex -9.95858 8.35624 6.99
    endloop
  endfacet
  facet normal -0.793346 0.608771 0
    outer loop
      vertex -9.95858 8.35624 8
      vertex -10.649 7.45649 6.99
      vertex -10.649 7.45649 8
    endloop
  endfacet
  facet normal 0.38268 -0.923881 0
    outer loop
      vertex 4.44626 -12.216 6.99
      vertex 5.49404 -11.782 8
      vertex 4.44626 -12.216 8
    endloop
  endfacet
  facet normal 0.38268 -0.923881 0
    outer loop
      vertex 5.49404 -11.782 8
      vertex 4.44626 -12.216 6.99
      vertex 5.49404 -11.782 6.99
    endloop
  endfacet
  facet normal -0.991448 0.130499 0
    outer loop
      vertex -12.9505 1.13302 6.99
      vertex -12.8025 2.25743 8
      vertex -12.8025 2.25743 6.99
    endloop
  endfacet
  facet normal -0.991448 0.130499 0
    outer loop
      vertex -12.8025 2.25743 8
      vertex -12.9505 1.13302 6.99
      vertex -12.9505 1.13302 8
    endloop
  endfacet
  facet normal -0.999047 0.0436469 0
    outer loop
      vertex -13 0 6.99
      vertex -12.9505 1.13302 8
      vertex -12.9505 1.13302 6.99
    endloop
  endfacet
  facet normal -0.999047 0.0436469 0
    outer loop
      vertex -12.9505 1.13302 8
      vertex -13 0 6.99
      vertex -13 0 8
    endloop
  endfacet
  facet normal 0.67559 -0.737277 0
    outer loop
      vertex 8.35624 -9.95858 6.99
      vertex 9.19239 -9.19239 8
      vertex 8.35624 -9.95858 8
    endloop
  endfacet
  facet normal 0.67559 -0.737277 0
    outer loop
      vertex 9.19239 -9.19239 8
      vertex 8.35624 -9.95858 6.99
      vertex 9.19239 -9.19239 6.99
    endloop
  endfacet
  facet normal 0 0 1
    outer loop
      vertex 6.75 0 8
      vertex 13 0 8
      vertex 12.9505 1.13302 8
    endloop
  endfacet
  facet normal 0 0 1
    outer loop
      vertex 6.72431 0.588301 8
      vertex 12.9505 1.13302 8
      vertex 12.8025 2.25743 8
    endloop
  endfacet
  facet normal 0 0 1
    outer loop
      vertex 13 0 8
      vertex 6.75 0 8
      vertex 12.9505 -1.13302 8
    endloop
  endfacet
  facet normal 0 0 1
    outer loop
      vertex 6.64745 1.17212 8
      vertex 12.8025 2.25743 8
      vertex 12.557 3.36465 8
    endloop
  endfacet
  facet normal -0 0 1
    outer loop
      vertex 6.72431 -0.588301 8
      vertex 12.9505 -1.13302 8
      vertex 6.75 0 8
    endloop
  endfacet
  facet normal 0 0 1
    outer loop
      vertex 6.52 1.74703 8
      vertex 12.557 3.36465 8
      vertex 12.216 4.44626 8
    endloop
  endfacet
  facet normal 0 0 1
    outer loop
      vertex 12.9505 -1.13302 8
      vertex 6.72431 -0.588301 8
      vertex 12.8025 -2.25743 8
    endloop
  endfacet
  facet normal 0 0 1
    outer loop
      vertex 6.34293 2.30864 8
      vertex 12.216 4.44626 8
      vertex 11.782 5.49404 8
    endloop
  endfacet
  facet normal -0 0 1
    outer loop
      vertex 6.64745 -1.17212 8
      vertex 12.8025 -2.25743 8
      vertex 6.72431 -0.588301 8
    endloop
  endfacet
  facet normal 0 0 1
    outer loop
      vertex 6.11758 2.85267 8
      vertex 11.782 5.49404 8
      vertex 11.2583 6.5 8
    endloop
  endfacet
  facet normal 0 0 1
    outer loop
      vertex 12.8025 -2.25743 8
      vertex 6.64745 -1.17212 8
      vertex 12.557 -3.36465 8
    endloop
  endfacet
  facet normal 0 0 1
    outer loop
      vertex 5.84567 3.375 8
      vertex 11.2583 6.5 8
      vertex 10.649 7.45649 8
    endloop
  endfacet
  facet normal -0 0 1
    outer loop
      vertex 6.52 -1.74703 8
      vertex 12.557 -3.36465 8
      vertex 6.64745 -1.17212 8
    endloop
  endfacet
  facet normal 0 0 1
    outer loop
      vertex 5.52928 3.87164 8
      vertex 10.649 7.45649 8
      vertex 9.95858 8.35624 8
    endloop
  endfacet
  facet normal 0 0 1
    outer loop
      vertex 12.557 -3.36465 8
      vertex 6.52 -1.74703 8
      vertex 12.216 -4.44626 8
    endloop
  endfacet
  facet normal 0 0 1
    outer loop
      vertex 5.1708 4.33882 8
      vertex 9.95858 8.35624 8
      vertex 9.19239 9.19239 8
    endloop
  endfacet
  facet normal -0 0 1
    outer loop
      vertex 6.34293 -2.30864 8
      vertex 12.216 -4.44626 8
      vertex 6.52 -1.74703 8
    endloop
  endfacet
  facet normal 0 0 1
    outer loop
      vertex 4.77297 4.77297 8
      vertex 9.19239 9.19239 8
      vertex 8.35624 9.95858 8
    endloop
  endfacet
  facet normal 0 0 1
    outer loop
      vertex 12.216 -4.44626 8
      vertex 6.34293 -2.30864 8
      vertex 11.782 -5.49404 8
    endloop
  endfacet
  facet normal 0 0 1
    outer loop
      vertex 4.33882 5.1708 8
      vertex 8.35624 9.95858 8
      vertex 7.45649 10.649 8
    endloop
  endfacet
  facet normal -0 0 1
    outer loop
      vertex 6.11758 -2.85267 8
      vertex 11.782 -5.49404 8
      vertex 6.34293 -2.30864 8
    endloop
  endfacet
  facet normal 0 0 1
    outer loop
      vertex 11.782 -5.49404 8
      vertex 6.11758 -2.85267 8
      vertex 11.2583 -6.5 8
    endloop
  endfacet
  facet normal 0 0 1
    outer loop
      vertex 12.9505 1.13302 8
      vertex 6.72431 0.588301 8
      vertex 6.75 0 8
    endloop
  endfacet
  facet normal 0 0 1
    outer loop
      vertex 12.8025 2.25743 8
      vertex 6.64745 1.17212 8
      vertex 6.72431 0.588301 8
    endloop
  endfacet
  facet normal 0 0 1
    outer loop
      vertex 12.557 3.36465 8
      vertex 6.52 1.74703 8
      vertex 6.64745 1.17212 8
    endloop
  endfacet
  facet normal 0 0 1
    outer loop
      vertex 3.87164 5.52928 8
      vertex 7.45649 10.649 8
      vertex 6.5 11.2583 8
    endloop
  endfacet
  facet normal 0 0 1
    outer loop
      vertex 12.216 4.44626 8
      vertex 6.34293 2.30864 8
      vertex 6.52 1.74703 8
    endloop
  endfacet
  facet normal 0 0 1
    outer loop
      vertex 11.782 5.49404 8
      vertex 6.11758 2.85267 8
      vertex 6.34293 2.30864 8
    endloop
  endfacet
  facet normal 0 0 1
    outer loop
      vertex 11.2583 6.5 8
      vertex 5.84567 3.375 8
      vertex 6.11758 2.85267 8
    endloop
  endfacet
  facet normal 0 0 1
    outer loop
      vertex 10.649 7.45649 8
      vertex 5.52928 3.87164 8
      vertex 5.84567 3.375 8
    endloop
  endfacet
  facet normal 0 0 1
    outer loop
      vertex 3.375 5.84567 8
      vertex 6.5 11.2583 8
      vertex 5.49404 11.782 8
    endloop
  endfacet
  facet normal 0 0 1
    outer loop
      vertex 9.95858 8.35624 8
      vertex 5.1708 4.33882 8
      vertex 5.52928 3.87164 8
    endloop
  endfacet
  facet normal 0 0 1
    outer loop
      vertex 9.19239 9.19239 8
      vertex 4.77297 4.77297 8
      vertex 5.1708 4.33882 8
    endloop
  endfacet
  facet normal 0 0 1
    outer loop
      vertex 2.85267 6.11758 8
      vertex 5.49404 11.782 8
      vertex 4.44626 12.216 8
    endloop
  endfacet
  facet normal 0 0 1
    outer loop
      vertex 8.35624 9.95858 8
      vertex 4.33882 5.1708 8
      vertex 4.77297 4.77297 8
    endloop
  endfacet
  facet normal 0 0 1
    outer loop
      vertex 7.45649 10.649 8
      vertex 3.87164 5.52928 8
      vertex 4.33882 5.1708 8
    endloop
  endfacet
  facet normal 0 0 1
    outer loop
      vertex 6.5 11.2583 8
      vertex 3.375 5.84567 8
      vertex 3.87164 5.52928 8
    endloop
  endfacet
  facet normal 0 0 1
    outer loop
      vertex 2.30864 6.34293 8
      vertex 4.44626 12.216 8
      vertex 3.36465 12.557 8
    endloop
  endfacet
  facet normal 0 0 1
    outer loop
      vertex 5.49404 11.782 8
      vertex 2.85267 6.11758 8
      vertex 3.375 5.84567 8
    endloop
  endfacet
  facet normal 0 0 1
    outer loop
      vertex 4.44626 12.216 8
      vertex 2.30864 6.34293 8
      vertex 2.85267 6.11758 8
    endloop
  endfacet
  facet normal 0 0 1
    outer loop
      vertex 1.74703 6.52 8
      vertex 3.36465 12.557 8
      vertex 2.25743 12.8025 8
    endloop
  endfacet
  facet normal 0 0 1
    outer loop
      vertex 3.36465 12.557 8
      vertex 1.74703 6.52 8
      vertex 2.30864 6.34293 8
    endloop
  endfacet
  facet normal 0 0 1
    outer loop
      vertex 2.25743 12.8025 8
      vertex 1.17212 6.64745 8
      vertex 1.74703 6.52 8
    endloop
  endfacet
  facet normal 0 0 1
    outer loop
      vertex 1.13302 12.9505 8
      vertex 1.17212 6.64745 8
      vertex 2.25743 12.8025 8
    endloop
  endfacet
  facet normal 0 0 1
    outer loop
      vertex 1.13302 12.9505 8
      vertex 0.588301 6.72431 8
      vertex 1.17212 6.64745 8
    endloop
  endfacet
  facet normal 0 0 1
    outer loop
      vertex 0 13 8
      vertex 0.588301 6.72431 8
      vertex 1.13302 12.9505 8
    endloop
  endfacet
  facet normal 0 0 1
    outer loop
      vertex 0 13 8
      vertex 0 6.75 8
      vertex 0.588301 6.72431 8
    endloop
  endfacet
  facet normal 0 0 1
    outer loop
      vertex 0 13 8
      vertex -0.588301 6.72431 8
      vertex 0 6.75 8
    endloop
  endfacet
  facet normal -0 0 1
    outer loop
      vertex -1.13302 12.9505 8
      vertex -0.588301 6.72431 8
      vertex 0 13 8
    endloop
  endfacet
  facet normal 0 0 1
    outer loop
      vertex -1.13302 12.9505 8
      vertex -1.17212 6.64745 8
      vertex -0.588301 6.72431 8
    endloop
  endfacet
  facet normal -0 0 1
    outer loop
      vertex -2.25743 12.8025 8
      vertex -1.17212 6.64745 8
      vertex -1.13302 12.9505 8
    endloop
  endfacet
  facet normal 0 0 1
    outer loop
      vertex -1.17212 6.64745 8
      vertex -2.25743 12.8025 8
      vertex -1.74703 6.52 8
    endloop
  endfacet
  facet normal -0 0 1
    outer loop
      vertex -3.36465 12.557 8
      vertex -1.74703 6.52 8
      vertex -2.25743 12.8025 8
    endloop
  endfacet
  facet normal 0 0 1
    outer loop
      vertex -1.74703 6.52 8
      vertex -3.36465 12.557 8
      vertex -2.30864 6.34293 8
    endloop
  endfacet
  facet normal -0 0 1
    outer loop
      vertex -4.44626 12.216 8
      vertex -2.30864 6.34293 8
      vertex -3.36465 12.557 8
    endloop
  endfacet
  facet normal 0 0 1
    outer loop
      vertex -2.30864 6.34293 8
      vertex -4.44626 12.216 8
      vertex -2.85267 6.11758 8
    endloop
  endfacet
  facet normal -0 0 1
    outer loop
      vertex -5.49404 11.782 8
      vertex -2.85267 6.11758 8
      vertex -4.44626 12.216 8
    endloop
  endfacet
  facet normal 0 0 1
    outer loop
      vertex -2.85267 6.11758 8
      vertex -5.49404 11.782 8
      vertex -3.375 5.84567 8
    endloop
  endfacet
  facet normal -0 0 1
    outer loop
      vertex -6.5 11.2583 8
      vertex -3.375 5.84567 8
      vertex -5.49404 11.782 8
    endloop
  endfacet
  facet normal 0 0 1
    outer loop
      vertex -3.375 5.84567 8
      vertex -6.5 11.2583 8
      vertex -3.87164 5.52928 8
    endloop
  endfacet
  facet normal -0 0 1
    outer loop
      vertex -7.45649 10.649 8
      vertex -3.87164 5.52928 8
      vertex -6.5 11.2583 8
    endloop
  endfacet
  facet normal 0 0 1
    outer loop
      vertex -3.87164 5.52928 8
      vertex -7.45649 10.649 8
      vertex -4.33882 5.1708 8
    endloop
  endfacet
  facet normal -0 0 1
    outer loop
      vertex -8.35624 9.95858 8
      vertex -4.33882 5.1708 8
      vertex -7.45649 10.649 8
    endloop
  endfacet
  facet normal 0 0 1
    outer loop
      vertex -4.33882 5.1708 8
      vertex -8.35624 9.95858 8
      vertex -4.77297 4.77297 8
    endloop
  endfacet
  facet normal -0 0 1
    outer loop
      vertex -9.19239 9.19239 8
      vertex -4.77297 4.77297 8
      vertex -8.35624 9.95858 8
    endloop
  endfacet
  facet normal 0 0 1
    outer loop
      vertex -4.77297 4.77297 8
      vertex -9.19239 9.19239 8
      vertex -5.1708 4.33882 8
    endloop
  endfacet
  facet normal -0 0 1
    outer loop
      vertex -9.95858 8.35624 8
      vertex -5.1708 4.33882 8
      vertex -9.19239 9.19239 8
    endloop
  endfacet
  facet normal 0 0 1
    outer loop
      vertex -5.1708 4.33882 8
      vertex -9.95858 8.35624 8
      vertex -5.52928 3.87164 8
    endloop
  endfacet
  facet normal -0 0 1
    outer loop
      vertex -10.649 7.45649 8
      vertex -5.52928 3.87164 8
      vertex -9.95858 8.35624 8
    endloop
  endfacet
  facet normal 0 0 1
    outer loop
      vertex -5.52928 3.87164 8
      vertex -10.649 7.45649 8
      vertex -5.84567 3.375 8
    endloop
  endfacet
  facet normal -0 0 1
    outer loop
      vertex -11.2583 6.5 8
      vertex -5.84567 3.375 8
      vertex -10.649 7.45649 8
    endloop
  endfacet
  facet normal 0 0 1
    outer loop
      vertex -5.84567 3.375 8
      vertex -11.2583 6.5 8
      vertex -6.11758 2.85267 8
    endloop
  endfacet
  facet normal -0 0 1
    outer loop
      vertex 5.84567 -3.375 8
      vertex 11.2583 -6.5 8
      vertex 6.11758 -2.85267 8
    endloop
  endfacet
  facet normal 0 0 1
    outer loop
      vertex 11.2583 -6.5 8
      vertex 5.84567 -3.375 8
      vertex 10.649 -7.45649 8
    endloop
  endfacet
  facet normal -0 0 1
    outer loop
      vertex 5.52928 -3.87164 8
      vertex 10.649 -7.45649 8
      vertex 5.84567 -3.375 8
    endloop
  endfacet
  facet normal 0 0 1
    outer loop
      vertex 10.649 -7.45649 8
      vertex 5.52928 -3.87164 8
      vertex 9.95858 -8.35624 8
    endloop
  endfacet
  facet normal -0 0 1
    outer loop
      vertex 5.1708 -4.33882 8
      vertex 9.95858 -8.35624 8
      vertex 5.52928 -3.87164 8
    endloop
  endfacet
  facet normal 0 0 1
    outer loop
      vertex 9.95858 -8.35624 8
      vertex 5.1708 -4.33882 8
      vertex 9.19239 -9.19239 8
    endloop
  endfacet
  facet normal -0 0 1
    outer loop
      vertex 4.77297 -4.77297 8
      vertex 9.19239 -9.19239 8
      vertex 5.1708 -4.33882 8
    endloop
  endfacet
  facet normal 0 0 1
    outer loop
      vertex 9.19239 -9.19239 8
      vertex 4.77297 -4.77297 8
      vertex 8.35624 -9.95858 8
    endloop
  endfacet
  facet normal -0 0 1
    outer loop
      vertex 4.33882 -5.1708 8
      vertex 8.35624 -9.95858 8
      vertex 4.77297 -4.77297 8
    endloop
  endfacet
  facet normal 0 0 1
    outer loop
      vertex 8.35624 -9.95858 8
      vertex 4.33882 -5.1708 8
      vertex 7.45649 -10.649 8
    endloop
  endfacet
  facet normal -0 0 1
    outer loop
      vertex 3.87164 -5.52928 8
      vertex 7.45649 -10.649 8
      vertex 4.33882 -5.1708 8
    endloop
  endfacet
  facet normal 0 0 1
    outer loop
      vertex 7.45649 -10.649 8
      vertex 3.87164 -5.52928 8
      vertex 6.5 -11.2583 8
    endloop
  endfacet
  facet normal -0 0 1
    outer loop
      vertex 3.375 -5.84567 8
      vertex 6.5 -11.2583 8
      vertex 3.87164 -5.52928 8
    endloop
  endfacet
  facet normal 0 0 1
    outer loop
      vertex 6.5 -11.2583 8
      vertex 3.375 -5.84567 8
      vertex 5.49404 -11.782 8
    endloop
  endfacet
  facet normal -0 0 1
    outer loop
      vertex 2.85267 -6.11758 8
      vertex 5.49404 -11.782 8
      vertex 3.375 -5.84567 8
    endloop
  endfacet
  facet normal 0 0 1
    outer loop
      vertex 5.49404 -11.782 8
      vertex 2.85267 -6.11758 8
      vertex 4.44626 -12.216 8
    endloop
  endfacet
  facet normal -0 0 1
    outer loop
      vertex 2.30864 -6.34293 8
      vertex 4.44626 -12.216 8
      vertex 2.85267 -6.11758 8
    endloop
  endfacet
  facet normal 0 0 1
    outer loop
      vertex 4.44626 -12.216 8
      vertex 2.30864 -6.34293 8
      vertex 3.36465 -12.557 8
    endloop
  endfacet
  facet normal -0 0 1
    outer loop
      vertex 1.74703 -6.52 8
      vertex 3.36465 -12.557 8
      vertex 2.30864 -6.34293 8
    endloop
  endfacet
  facet normal 0 0 1
    outer loop
      vertex 3.36465 -12.557 8
      vertex 1.74703 -6.52 8
      vertex 2.25743 -12.8025 8
    endloop
  endfacet
  facet normal -0 0 1
    outer loop
      vertex 1.17212 -6.64745 8
      vertex 2.25743 -12.8025 8
      vertex 1.74703 -6.52 8
    endloop
  endfacet
  facet normal 0 0 1
    outer loop
      vertex 1.17212 -6.64745 8
      vertex 1.13302 -12.9505 8
      vertex 2.25743 -12.8025 8
    endloop
  endfacet
  facet normal -0 0 1
    outer loop
      vertex 0.588301 -6.72431 8
      vertex 1.13302 -12.9505 8
      vertex 1.17212 -6.64745 8
    endloop
  endfacet
  facet normal -0 0 1
    outer loop
      vertex 0 -6.75 8
      vertex 1.13302 -12.9505 8
      vertex 0.588301 -6.72431 8
    endloop
  endfacet
  facet normal 0 0 1
    outer loop
      vertex 0 -6.75 8
      vertex 0 -13 8
      vertex 1.13302 -12.9505 8
    endloop
  endfacet
  facet normal 0 0 1
    outer loop
      vertex -0.588301 -6.72431 8
      vertex 0 -13 8
      vertex 0 -6.75 8
    endloop
  endfacet
  facet normal 0 0 1
    outer loop
      vertex -0.588301 -6.72431 8
      vertex -1.13302 -12.9505 8
      vertex 0 -13 8
    endloop
  endfacet
  facet normal 0 0 1
    outer loop
      vertex -1.17212 -6.64745 8
      vertex -1.13302 -12.9505 8
      vertex -0.588301 -6.72431 8
    endloop
  endfacet
  facet normal 0 0 1
    outer loop
      vertex -2.25743 -12.8025 8
      vertex -1.17212 -6.64745 8
      vertex -1.74703 -6.52 8
    endloop
  endfacet
  facet normal 0 0 1
    outer loop
      vertex -1.17212 -6.64745 8
      vertex -2.25743 -12.8025 8
      vertex -1.13302 -12.9505 8
    endloop
  endfacet
  facet normal 0 0 1
    outer loop
      vertex -3.36465 -12.557 8
      vertex -1.74703 -6.52 8
      vertex -2.30864 -6.34293 8
    endloop
  endfacet
  facet normal 0 0 1
    outer loop
      vertex -4.44626 -12.216 8
      vertex -2.30864 -6.34293 8
      vertex -2.85267 -6.11758 8
    endloop
  endfacet
  facet normal 0 0 1
    outer loop
      vertex -1.74703 -6.52 8
      vertex -3.36465 -12.557 8
      vertex -2.25743 -12.8025 8
    endloop
  endfacet
  facet normal 0 0 1
    outer loop
      vertex -5.49404 -11.782 8
      vertex -2.85267 -6.11758 8
      vertex -3.375 -5.84567 8
    endloop
  endfacet
  facet normal 0 0 1
    outer loop
      vertex -6.5 -11.2583 8
      vertex -3.375 -5.84567 8
      vertex -3.87164 -5.52928 8
    endloop
  endfacet
  facet normal 0 0 1
    outer loop
      vertex -7.45649 -10.649 8
      vertex -3.87164 -5.52928 8
      vertex -4.33882 -5.1708 8
    endloop
  endfacet
  facet normal 0 0 1
    outer loop
      vertex -2.30864 -6.34293 8
      vertex -4.44626 -12.216 8
      vertex -3.36465 -12.557 8
    endloop
  endfacet
  facet normal 0 0 1
    outer loop
      vertex -8.35624 -9.95858 8
      vertex -4.33882 -5.1708 8
      vertex -4.77297 -4.77297 8
    endloop
  endfacet
  facet normal 0 0 1
    outer loop
      vertex -9.19239 -9.19239 8
      vertex -4.77297 -4.77297 8
      vertex -5.1708 -4.33882 8
    endloop
  endfacet
  facet normal 0 0 1
    outer loop
      vertex -2.85267 -6.11758 8
      vertex -5.49404 -11.782 8
      vertex -4.44626 -12.216 8
    endloop
  endfacet
  facet normal 0 0 1
    outer loop
      vertex -9.95858 -8.35624 8
      vertex -5.1708 -4.33882 8
      vertex -5.52928 -3.87164 8
    endloop
  endfacet
  facet normal 0 0 1
    outer loop
      vertex -10.649 -7.45649 8
      vertex -5.52928 -3.87164 8
      vertex -5.84567 -3.375 8
    endloop
  endfacet
  facet normal 0 0 1
    outer loop
      vertex -11.2583 -6.5 8
      vertex -5.84567 -3.375 8
      vertex -6.11758 -2.85267 8
    endloop
  endfacet
  facet normal 0 0 1
    outer loop
      vertex -11.782 -5.49404 8
      vertex -6.11758 -2.85267 8
      vertex -6.34293 -2.30864 8
    endloop
  endfacet
  facet normal 0 0 1
    outer loop
      vertex -3.375 -5.84567 8
      vertex -6.5 -11.2583 8
      vertex -5.49404 -11.782 8
    endloop
  endfacet
  facet normal 0 0 1
    outer loop
      vertex -12.216 -4.44626 8
      vertex -6.34293 -2.30864 8
      vertex -6.52 -1.74703 8
    endloop
  endfacet
  facet normal 0 0 1
    outer loop
      vertex -12.557 -3.36465 8
      vertex -6.52 -1.74703 8
      vertex -6.64745 -1.17212 8
    endloop
  endfacet
  facet normal 0 0 1
    outer loop
      vertex -12.8025 -2.25743 8
      vertex -6.64745 -1.17212 8
      vertex -6.72431 -0.588301 8
    endloop
  endfacet
  facet normal 0 0 1
    outer loop
      vertex -12.9505 -1.13302 8
      vertex -6.72431 -0.588301 8
      vertex -6.75 0 8
    endloop
  endfacet
  facet normal -0 0 1
    outer loop
      vertex -11.782 5.49404 8
      vertex -6.11758 2.85267 8
      vertex -11.2583 6.5 8
    endloop
  endfacet
  facet normal 0 0 1
    outer loop
      vertex -3.87164 -5.52928 8
      vertex -7.45649 -10.649 8
      vertex -6.5 -11.2583 8
    endloop
  endfacet
  facet normal 0 0 1
    outer loop
      vertex -6.11758 2.85267 8
      vertex -11.782 5.49404 8
      vertex -6.34293 2.30864 8
    endloop
  endfacet
  facet normal 0 0 1
    outer loop
      vertex -4.33882 -5.1708 8
      vertex -8.35624 -9.95858 8
      vertex -7.45649 -10.649 8
    endloop
  endfacet
  facet normal -0 0 1
    outer loop
      vertex -12.216 4.44626 8
      vertex -6.34293 2.30864 8
      vertex -11.782 5.49404 8
    endloop
  endfacet
  facet normal 0 0 1
    outer loop
      vertex -4.77297 -4.77297 8
      vertex -9.19239 -9.19239 8
      vertex -8.35624 -9.95858 8
    endloop
  endfacet
  facet normal 0 0 1
    outer loop
      vertex -6.34293 2.30864 8
      vertex -12.216 4.44626 8
      vertex -6.52 1.74703 8
    endloop
  endfacet
  facet normal 0 0 1
    outer loop
      vertex -5.1708 -4.33882 8
      vertex -9.95858 -8.35624 8
      vertex -9.19239 -9.19239 8
    endloop
  endfacet
  facet normal -0 0 1
    outer loop
      vertex -12.557 3.36465 8
      vertex -6.52 1.74703 8
      vertex -12.216 4.44626 8
    endloop
  endfacet
  facet normal 0 0 1
    outer loop
      vertex -5.52928 -3.87164 8
      vertex -10.649 -7.45649 8
      vertex -9.95858 -8.35624 8
    endloop
  endfacet
  facet normal 0 0 1
    outer loop
      vertex -6.52 1.74703 8
      vertex -12.557 3.36465 8
      vertex -6.64745 1.17212 8
    endloop
  endfacet
  facet normal 0 0 1
    outer loop
      vertex -5.84567 -3.375 8
      vertex -11.2583 -6.5 8
      vertex -10.649 -7.45649 8
    endloop
  endfacet
  facet normal -0 0 1
    outer loop
      vertex -12.8025 2.25743 8
      vertex -6.64745 1.17212 8
      vertex -12.557 3.36465 8
    endloop
  endfacet
  facet normal 0 0 1
    outer loop
      vertex -6.11758 -2.85267 8
      vertex -11.782 -5.49404 8
      vertex -11.2583 -6.5 8
    endloop
  endfacet
  facet normal 0 0 1
    outer loop
      vertex -6.64745 1.17212 8
      vertex -12.8025 2.25743 8
      vertex -6.72431 0.588301 8
    endloop
  endfacet
  facet normal 0 0 1
    outer loop
      vertex -6.34293 -2.30864 8
      vertex -12.216 -4.44626 8
      vertex -11.782 -5.49404 8
    endloop
  endfacet
  facet normal -0 0 1
    outer loop
      vertex -12.9505 1.13302 8
      vertex -6.72431 0.588301 8
      vertex -12.8025 2.25743 8
    endloop
  endfacet
  facet normal 0 0 1
    outer loop
      vertex -6.52 -1.74703 8
      vertex -12.557 -3.36465 8
      vertex -12.216 -4.44626 8
    endloop
  endfacet
  facet normal 0 0 1
    outer loop
      vertex -6.72431 0.588301 8
      vertex -12.9505 1.13302 8
      vertex -6.75 0 8
    endloop
  endfacet
  facet normal 0 0 1
    outer loop
      vertex -6.64745 -1.17212 8
      vertex -12.8025 -2.25743 8
      vertex -12.557 -3.36465 8
    endloop
  endfacet
  facet normal 0 0 1
    outer loop
      vertex -13 0 8
      vertex -6.75 0 8
      vertex -12.9505 1.13302 8
    endloop
  endfacet
  facet normal 0 0 1
    outer loop
      vertex -6.72431 -0.588301 8
      vertex -12.9505 -1.13302 8
      vertex -12.8025 -2.25743 8
    endloop
  endfacet
  facet normal 0 0 1
    outer loop
      vertex -6.75 0 8
      vertex -13 0 8
      vertex -12.9505 -1.13302 8
    endloop
  endfacet
  facet normal -0.46177 0.887 0
    outer loop
      vertex -5.49404 11.782 6.99
      vertex -6.5 11.2583 8
      vertex -5.49404 11.782 8
    endloop
  endfacet
  facet normal -0.46177 0.887 0
    outer loop
      vertex -6.5 11.2583 8
      vertex -5.49404 11.782 6.99
      vertex -6.5 11.2583 6.99
    endloop
  endfacet
  facet normal 0 0 -1
    outer loop
      vertex -11.6735 2.30539 6.99
      vertex -11.5177 2.98784 6.99
      vertex -11.5041 2.62575 6.99
    endloop
  endfacet
  facet normal 0 0 -1
    outer loop
      vertex -12.0061 3.45088 6.99
      vertex -11.5177 2.98784 6.99
      vertex -11.6735 2.30539 6.99
    endloop
  endfacet
  facet normal 0 0 -1
    outer loop
      vertex -12.3194 2.09992 6.99
      vertex -11.6735 2.30539 6.99
      vertex -11.9803 2.11261 6.99
    endloop
  endfacet
  facet normal 0 0 -1
    outer loop
      vertex -11.5177 2.98784 6.99
      vertex -12.0061 3.45088 6.99
      vertex -11.7105 3.29465 6.99
    endloop
  endfacet
  facet normal -0 0 -1
    outer loop
      vertex -11.6735 2.30539 6.99
      vertex -12.3194 2.09992 6.99
      vertex -12.0061 3.45088 6.99
    endloop
  endfacet
  facet normal 0 0 -1
    outer loop
      vertex -12.0061 3.45088 6.99
      vertex -12.3194 2.09992 6.99
      vertex -12.557 3.36465 6.99
    endloop
  endfacet
  facet normal 0 0 -1
    outer loop
      vertex -12.9505 1.13302 6.99
      vertex -12.3194 2.09992 6.99
      vertex -12.4524 1.08945 6.99
    endloop
  endfacet
  facet normal -0 0 -1
    outer loop
      vertex -12.0061 3.45088 6.99
      vertex -12.557 3.36465 6.99
      vertex -12.216 4.44626 6.99
    endloop
  endfacet
  facet normal 0 0 -1
    outer loop
      vertex -12.9505 1.13302 6.99
      vertex -12.4524 1.08945 6.99
      vertex -12.4698 0.691905 6.99
    endloop
  endfacet
  facet normal -0 0 -1
    outer loop
      vertex -12.4524 -1.08945 6.99
      vertex -12.9505 -1.13302 6.99
      vertex -12.4698 -0.691905 6.99
    endloop
  endfacet
  facet normal 0 0 -1
    outer loop
      vertex -13 0 6.99
      vertex -12.4698 -0.691905 6.99
      vertex -12.9505 -1.13302 6.99
    endloop
  endfacet
  facet normal 0 0 -1
    outer loop
      vertex -12.3194 2.09992 6.99
      vertex -12.8025 2.25743 6.99
      vertex -12.557 3.36465 6.99
    endloop
  endfacet
  facet normal 0 0 -1
    outer loop
      vertex -12.4698 -0.691905 6.99
      vertex -13 0 6.99
      vertex -12.4698 0.691905 6.99
    endloop
  endfacet
  facet normal -0 0 -1
    outer loop
      vertex -12.3194 2.09992 6.99
      vertex -12.9505 1.13302 6.99
      vertex -12.8025 2.25743 6.99
    endloop
  endfacet
  facet normal -0 0 -1
    outer loop
      vertex -12.4698 0.691905 6.99
      vertex -13 0 6.99
      vertex -12.9505 1.13302 6.99
    endloop
  endfacet
  facet normal 0 0 -1
    outer loop
      vertex -11.782 5.49404 6.99
      vertex -10.5641 5.47586 6.99
      vertex -10.6314 5.11983 6.99
    endloop
  endfacet
  facet normal 0 0 -1
    outer loop
      vertex -11.782 5.49404 6.99
      vertex -10.6314 5.11983 6.99
      vertex -10.8678 4.84518 6.99
    endloop
  endfacet
  facet normal 0 0 -1
    outer loop
      vertex -10.5641 5.47586 6.99
      vertex -11.782 5.49404 6.99
      vertex -10.6837 5.81787 6.99
    endloop
  endfacet
  facet normal 0 0 -1
    outer loop
      vertex -11.782 5.49404 6.99
      vertex -10.8678 4.84518 6.99
      vertex -11.2098 4.7255 6.99
    endloop
  endfacet
  facet normal 0 0 -1
    outer loop
      vertex -9.95858 8.35624 6.99
      vertex -9.08071 7.68929 6.99
      vertex -9.22561 7.35718 6.99
    endloop
  endfacet
  facet normal 0 0 -1
    outer loop
      vertex -9.08071 7.68929 6.99
      vertex -9.95858 8.35624 6.99
      vertex -9.12128 8.04936 6.99
    endloop
  endfacet
  facet normal 0 0 -1
    outer loop
      vertex -9.95858 8.35624 6.99
      vertex -9.22561 7.35718 6.99
      vertex -9.51715 7.14201 6.99
    endloop
  endfacet
  facet normal 0 0 -1
    outer loop
      vertex -8.35624 9.95858 6.99
      vertex -7.10144 9.87722 6.99
      vertex -7.14201 9.51715 6.99
    endloop
  endfacet
  facet normal 0 0 -1
    outer loop
      vertex -8.35624 9.95858 6.99
      vertex -7.14201 9.51715 6.99
      vertex -7.35718 9.22561 6.99
    endloop
  endfacet
  facet normal 0 0 -1
    outer loop
      vertex -5.49404 11.782 6.99
      vertex -4.7255 11.2098 6.99
      vertex -4.84518 10.8678 6.99
    endloop
  endfacet
  facet normal 0 0 -1
    outer loop
      vertex 5.49404 11.782 6.99
      vertex 4.7255 11.2098 6.99
      vertex 4.78689 11.5342 6.99
    endloop
  endfacet
  facet normal 0 0 -1
    outer loop
      vertex 7.10144 9.87722 6.99
      vertex 8.35624 9.95858 6.99
      vertex 7.14201 9.51715 6.99
    endloop
  endfacet
  facet normal -0 0 -1
    outer loop
      vertex 8.35624 9.95858 6.99
      vertex 7.10144 9.87722 6.99
      vertex 7.23695 10.1878 6.99
    endloop
  endfacet
  facet normal 0 0 -1
    outer loop
      vertex 9.08071 7.68929 6.99
      vertex 9.95858 8.35624 6.99
      vertex 9.22561 7.35718 6.99
    endloop
  endfacet
  facet normal 0 -0 -1
    outer loop
      vertex 9.12128 8.04936 6.99
      vertex 9.95858 8.35624 6.99
      vertex 9.08071 7.68929 6.99
    endloop
  endfacet
  facet normal 0 0 -1
    outer loop
      vertex 9.95858 8.35624 6.99
      vertex 9.12128 8.04936 6.99
      vertex 9.318 8.31591 6.99
    endloop
  endfacet
  facet normal 0 0 -1
    outer loop
      vertex 10.6314 5.11983 6.99
      vertex 11.782 5.49404 6.99
      vertex 10.8678 4.84518 6.99
    endloop
  endfacet
  facet normal 0 0 -1
    outer loop
      vertex 10.5641 5.47586 6.99
      vertex 11.782 5.49404 6.99
      vertex 10.6314 5.11983 6.99
    endloop
  endfacet
  facet normal 0 -0 -1
    outer loop
      vertex 10.6837 5.81787 6.99
      vertex 11.782 5.49404 6.99
      vertex 10.5641 5.47586 6.99
    endloop
  endfacet
  facet normal 0 0 -1
    outer loop
      vertex 11.782 5.49404 6.99
      vertex 10.6837 5.81787 6.99
      vertex 10.9369 6.0357 6.99
    endloop
  endfacet
  facet normal 0 0 -1
    outer loop
      vertex 11.5342 -4.78689 6.99
      vertex 12.216 -4.44626 6.99
      vertex 11.782 -5.49404 6.99
    endloop
  endfacet
  facet normal 0 0 -1
    outer loop
      vertex 12.216 -4.44626 6.99
      vertex 11.7462 -4.27525 6.99
      vertex 12.0061 -3.45088 6.99
    endloop
  endfacet
  facet normal -0 0 -1
    outer loop
      vertex 12.216 -4.44626 6.99
      vertex 11.5342 -4.78689 6.99
      vertex 11.7462 -4.27525 6.99
    endloop
  endfacet
  facet normal 0 0 -1
    outer loop
      vertex 10.9369 -6.0357 6.99
      vertex 11.782 -5.49404 6.99
      vertex 11.2583 -6.5 6.99
    endloop
  endfacet
  facet normal 0 0 -1
    outer loop
      vertex 10.6837 -5.81787 6.99
      vertex 11.782 -5.49404 6.99
      vertex 10.9369 -6.0357 6.99
    endloop
  endfacet
  facet normal 0 -0 -1
    outer loop
      vertex 11.2098 -4.7255 6.99
      vertex 11.782 -5.49404 6.99
      vertex 10.8678 -4.84518 6.99
    endloop
  endfacet
  facet normal 0 0 -1
    outer loop
      vertex 11.2583 -6.5 6.99
      vertex 10.8253 -6.25 6.99
      vertex 10.9369 -6.0357 6.99
    endloop
  endfacet
  facet normal 0 0 -1
    outer loop
      vertex 10.649 -7.45649 6.99
      vertex 10.8253 -6.25 6.99
      vertex 11.2583 -6.5 6.99
    endloop
  endfacet
  facet normal 0 0 -1
    outer loop
      vertex 10.649 -7.45649 6.99
      vertex 10.2394 -7.16971 6.99
      vertex 10.8253 -6.25 6.99
    endloop
  endfacet
  facet normal 0 0 -1
    outer loop
      vertex 10.649 -7.45649 6.99
      vertex 10.1878 -7.23695 6.99
      vertex 10.2394 -7.16971 6.99
    endloop
  endfacet
  facet normal 0 0 -1
    outer loop
      vertex 9.95858 -8.35624 6.99
      vertex 10.1878 -7.23695 6.99
      vertex 10.649 -7.45649 6.99
    endloop
  endfacet
  facet normal 0 0 -1
    outer loop
      vertex 9.95858 -8.35624 6.99
      vertex 9.87722 -7.10144 6.99
      vertex 10.1878 -7.23695 6.99
    endloop
  endfacet
  facet normal 0 0 -1
    outer loop
      vertex 9.95858 -8.35624 6.99
      vertex 9.51715 -7.14201 6.99
      vertex 9.87722 -7.10144 6.99
    endloop
  endfacet
  facet normal 0 0 -1
    outer loop
      vertex 9.12128 -8.04936 6.99
      vertex 9.95858 -8.35624 6.99
      vertex 9.318 -8.31591 6.99
    endloop
  endfacet
  facet normal 0 0 -1
    outer loop
      vertex 9.19239 -9.19239 6.99
      vertex 9.318 -8.31591 6.99
      vertex 9.95858 -8.35624 6.99
    endloop
  endfacet
  facet normal 0 0 -1
    outer loop
      vertex 9.19239 -9.19239 6.99
      vertex 8.83883 -8.83883 6.99
      vertex 9.318 -8.31591 6.99
    endloop
  endfacet
  facet normal 0 0 -1
    outer loop
      vertex 8.31591 -9.318 6.99
      vertex 9.19239 -9.19239 6.99
      vertex 8.35624 -9.95858 6.99
    endloop
  endfacet
  facet normal -0 0 -1
    outer loop
      vertex 9.19239 -9.19239 6.99
      vertex 8.31591 -9.318 6.99
      vertex 8.83883 -8.83883 6.99
    endloop
  endfacet
  facet normal 0 0 -1
    outer loop
      vertex 8.35624 -9.95858 6.99
      vertex 8.04936 -9.12128 6.99
      vertex 8.31591 -9.318 6.99
    endloop
  endfacet
  facet normal 0 0 -1
    outer loop
      vertex 8.35624 -9.95858 6.99
      vertex 7.68929 -9.08071 6.99
      vertex 8.04936 -9.12128 6.99
    endloop
  endfacet
  facet normal 0 0 -1
    outer loop
      vertex 7.23695 -10.1878 6.99
      vertex 8.35624 -9.95858 6.99
      vertex 7.45649 -10.649 6.99
    endloop
  endfacet
  facet normal 0 0 -1
    outer loop
      vertex 7.10144 -9.87722 6.99
      vertex 8.35624 -9.95858 6.99
      vertex 7.23695 -10.1878 6.99
    endloop
  endfacet
  facet normal 0 0 -1
    outer loop
      vertex 8.35624 -9.95858 6.99
      vertex 7.35718 -9.22561 6.99
      vertex 7.68929 -9.08071 6.99
    endloop
  endfacet
  facet normal 0 0 -1
    outer loop
      vertex 7.45649 -10.649 6.99
      vertex 7.16971 -10.2394 6.99
      vertex 7.23695 -10.1878 6.99
    endloop
  endfacet
  facet normal 0 0 -1
    outer loop
      vertex 6.5 -11.2583 6.99
      vertex 7.16971 -10.2394 6.99
      vertex 7.45649 -10.649 6.99
    endloop
  endfacet
  facet normal 0 0 -1
    outer loop
      vertex 6.5 -11.2583 6.99
      vertex 6.25 -10.8253 6.99
      vertex 7.16971 -10.2394 6.99
    endloop
  endfacet
  facet normal 0 0 -1
    outer loop
      vertex 6.5 -11.2583 6.99
      vertex 6.0357 -10.9369 6.99
      vertex 6.25 -10.8253 6.99
    endloop
  endfacet
  facet normal 0 0 -1
    outer loop
      vertex 5.49404 -11.782 6.99
      vertex 6.0357 -10.9369 6.99
      vertex 6.5 -11.2583 6.99
    endloop
  endfacet
  facet normal 0 0 -1
    outer loop
      vertex 5.49404 -11.782 6.99
      vertex 5.81787 -10.6837 6.99
      vertex 6.0357 -10.9369 6.99
    endloop
  endfacet
  facet normal 0 0 -1
    outer loop
      vertex 5.49404 -11.782 6.99
      vertex 5.47586 -10.5641 6.99
      vertex 5.81787 -10.6837 6.99
    endloop
  endfacet
  facet normal 0 0 -1
    outer loop
      vertex 5.49404 -11.782 6.99
      vertex 5.11983 -10.6314 6.99
      vertex 5.47586 -10.5641 6.99
    endloop
  endfacet
  facet normal 0 0 -1
    outer loop
      vertex 5.49404 -11.782 6.99
      vertex 4.84518 -10.8678 6.99
      vertex 5.11983 -10.6314 6.99
    endloop
  endfacet
  facet normal 0 0 -1
    outer loop
      vertex 4.7255 -11.2098 6.99
      vertex 5.49404 -11.782 6.99
      vertex 4.78689 -11.5342 6.99
    endloop
  endfacet
  facet normal 0 0 -1
    outer loop
      vertex 4.44626 -12.216 6.99
      vertex 4.78689 -11.5342 6.99
      vertex 5.49404 -11.782 6.99
    endloop
  endfacet
  facet normal 0 0 -1
    outer loop
      vertex 4.44626 -12.216 6.99
      vertex 4.27525 -11.7462 6.99
      vertex 4.78689 -11.5342 6.99
    endloop
  endfacet
  facet normal 0 0 -1
    outer loop
      vertex 4.44626 -12.216 6.99
      vertex 3.45088 -12.0061 6.99
      vertex 4.27525 -11.7462 6.99
    endloop
  endfacet
  facet normal 0 0 -1
    outer loop
      vertex 3.36465 -12.557 6.99
      vertex 3.45088 -12.0061 6.99
      vertex 4.44626 -12.216 6.99
    endloop
  endfacet
  facet normal 0 0 -1
    outer loop
      vertex 2.98784 -11.5177 6.99
      vertex 3.45088 -12.0061 6.99
      vertex 3.36465 -12.557 6.99
    endloop
  endfacet
  facet normal 0 0 -1
    outer loop
      vertex 3.45088 -12.0061 6.99
      vertex 2.98784 -11.5177 6.99
      vertex 3.29465 -11.7105 6.99
    endloop
  endfacet
  facet normal 0 0 -1
    outer loop
      vertex 3.36465 -12.557 6.99
      vertex 2.62575 -11.5041 6.99
      vertex 2.98784 -11.5177 6.99
    endloop
  endfacet
  facet normal 0 0 -1
    outer loop
      vertex 3.36465 -12.557 6.99
      vertex 2.30539 -11.6735 6.99
      vertex 2.62575 -11.5041 6.99
    endloop
  endfacet
  facet normal 0 0 -1
    outer loop
      vertex 2.09992 -12.3194 6.99
      vertex 3.36465 -12.557 6.99
      vertex 2.25743 -12.8025 6.99
    endloop
  endfacet
  facet normal 0 0 -1
    outer loop
      vertex 3.36465 -12.557 6.99
      vertex 2.09992 -12.3194 6.99
      vertex 2.30539 -11.6735 6.99
    endloop
  endfacet
  facet normal 0 0 -1
    outer loop
      vertex 2.30539 -11.6735 6.99
      vertex 2.09992 -12.3194 6.99
      vertex 2.11261 -11.9803 6.99
    endloop
  endfacet
  facet normal 0 0 -1
    outer loop
      vertex 1.13302 -12.9505 6.99
      vertex 2.09992 -12.3194 6.99
      vertex 2.25743 -12.8025 6.99
    endloop
  endfacet
  facet normal 0 0 -1
    outer loop
      vertex 1.13302 -12.9505 6.99
      vertex 1.08945 -12.4524 6.99
      vertex 2.09992 -12.3194 6.99
    endloop
  endfacet
  facet normal 0 0 -1
    outer loop
      vertex 1.13302 -12.9505 6.99
      vertex 0.691905 -12.4698 6.99
      vertex 1.08945 -12.4524 6.99
    endloop
  endfacet
  facet normal 0 0 -1
    outer loop
      vertex 0 -13 6.99
      vertex 0.606217 -12.15 6.99
      vertex 0.691905 -12.4698 6.99
    endloop
  endfacet
  facet normal 0 0 -1
    outer loop
      vertex 0 -13 6.99
      vertex 0.691905 -12.4698 6.99
      vertex 1.13302 -12.9505 6.99
    endloop
  endfacet
  facet normal -0 0 -1
    outer loop
      vertex 0.606217 -12.15 6.99
      vertex 0 -13 6.99
      vertex 0.349999 -11.8938 6.99
    endloop
  endfacet
  facet normal 0 0 -1
    outer loop
      vertex 0 -13 6.99
      vertex 0 -11.8 6.99
      vertex 0.349999 -11.8938 6.99
    endloop
  endfacet
  facet normal 0 0 -1
    outer loop
      vertex 0 -13 6.99
      vertex -0.349999 -11.8938 6.99
      vertex 0 -11.8 6.99
    endloop
  endfacet
  facet normal 0 0 -1
    outer loop
      vertex 0 -13 6.99
      vertex -0.606217 -12.15 6.99
      vertex -0.349999 -11.8938 6.99
    endloop
  endfacet
  facet normal 0 0 -1
    outer loop
      vertex 0 -13 6.99
      vertex -0.691905 -12.4698 6.99
      vertex -0.606217 -12.15 6.99
    endloop
  endfacet
  facet normal 0 0 -1
    outer loop
      vertex -1.13302 -12.9505 6.99
      vertex -0.691905 -12.4698 6.99
      vertex 0 -13 6.99
    endloop
  endfacet
  facet normal -0 0 -1
    outer loop
      vertex -0.691905 -12.4698 6.99
      vertex -1.13302 -12.9505 6.99
      vertex -1.08945 -12.4524 6.99
    endloop
  endfacet
  facet normal 0 0 -1
    outer loop
      vertex -1.13302 -12.9505 6.99
      vertex -2.09992 -12.3194 6.99
      vertex -1.08945 -12.4524 6.99
    endloop
  endfacet
  facet normal 0 0 -1
    outer loop
      vertex -2.25743 -12.8025 6.99
      vertex -2.09992 -12.3194 6.99
      vertex -1.13302 -12.9505 6.99
    endloop
  endfacet
  facet normal 0 0 -1
    outer loop
      vertex -3.36465 -12.557 6.99
      vertex -2.09992 -12.3194 6.99
      vertex -2.25743 -12.8025 6.99
    endloop
  endfacet
  facet normal 0 -0 -1
    outer loop
      vertex -2.30539 -11.6735 6.99
      vertex -2.09992 -12.3194 6.99
      vertex -3.36465 -12.557 6.99
    endloop
  endfacet
  facet normal 0 0 -1
    outer loop
      vertex -2.09992 -12.3194 6.99
      vertex -2.30539 -11.6735 6.99
      vertex -2.11261 -11.9803 6.99
    endloop
  endfacet
  facet normal -0 0 -1
    outer loop
      vertex -2.30539 -11.6735 6.99
      vertex -3.36465 -12.557 6.99
      vertex -2.62575 -11.5041 6.99
    endloop
  endfacet
  facet normal 0 0 -1
    outer loop
      vertex -2.62575 -11.5041 6.99
      vertex -3.36465 -12.557 6.99
      vertex -2.98784 -11.5177 6.99
    endloop
  endfacet
  facet normal 0 0 -1
    outer loop
      vertex -3.45088 -12.0061 6.99
      vertex -2.98784 -11.5177 6.99
      vertex -3.36465 -12.557 6.99
    endloop
  endfacet
  facet normal 0 0 -1
    outer loop
      vertex -2.98784 -11.5177 6.99
      vertex -3.45088 -12.0061 6.99
      vertex -3.29465 -11.7105 6.99
    endloop
  endfacet
  facet normal 0 0 -1
    outer loop
      vertex -4.44626 -12.216 6.99
      vertex -3.45088 -12.0061 6.99
      vertex -3.36465 -12.557 6.99
    endloop
  endfacet
  facet normal -0 0 -1
    outer loop
      vertex -3.45088 -12.0061 6.99
      vertex -4.44626 -12.216 6.99
      vertex -4.27525 -11.7462 6.99
    endloop
  endfacet
  facet normal 0 0 -1
    outer loop
      vertex -4.44626 -12.216 6.99
      vertex -4.78689 -11.5342 6.99
      vertex -4.27525 -11.7462 6.99
    endloop
  endfacet
  facet normal -0 0 -1
    outer loop
      vertex -4.7255 -11.2098 6.99
      vertex -5.49404 -11.782 6.99
      vertex -4.84518 -10.8678 6.99
    endloop
  endfacet
  facet normal -0 0 -1
    outer loop
      vertex -4.84518 -10.8678 6.99
      vertex -5.49404 -11.782 6.99
      vertex -5.11983 -10.6314 6.99
    endloop
  endfacet
  facet normal 0 0 -1
    outer loop
      vertex -5.49404 -11.782 6.99
      vertex -4.78689 -11.5342 6.99
      vertex -4.44626 -12.216 6.99
    endloop
  endfacet
  facet normal -0 0 -1
    outer loop
      vertex -5.11983 -10.6314 6.99
      vertex -5.49404 -11.782 6.99
      vertex -5.47586 -10.5641 6.99
    endloop
  endfacet
  facet normal 0 0 -1
    outer loop
      vertex -5.49404 -11.782 6.99
      vertex -5.81787 -10.6837 6.99
      vertex -5.47586 -10.5641 6.99
    endloop
  endfacet
  facet normal 0 0 -1
    outer loop
      vertex -5.49404 -11.782 6.99
      vertex -6.0357 -10.9369 6.99
      vertex -5.81787 -10.6837 6.99
    endloop
  endfacet
  facet normal 0 0 -1
    outer loop
      vertex -6.5 -11.2583 6.99
      vertex -6.0357 -10.9369 6.99
      vertex -5.49404 -11.782 6.99
    endloop
  endfacet
  facet normal -0 0 -1
    outer loop
      vertex -6.0357 -10.9369 6.99
      vertex -6.5 -11.2583 6.99
      vertex -6.25 -10.8253 6.99
    endloop
  endfacet
  facet normal 0 0 -1
    outer loop
      vertex -6.5 -11.2583 6.99
      vertex -7.16971 -10.2394 6.99
      vertex -6.25 -10.8253 6.99
    endloop
  endfacet
  facet normal 0 0 -1
    outer loop
      vertex -7.45649 -10.649 6.99
      vertex -7.16971 -10.2394 6.99
      vertex -6.5 -11.2583 6.99
    endloop
  endfacet
  facet normal -0 0 -1
    outer loop
      vertex -7.16971 -10.2394 6.99
      vertex -7.45649 -10.649 6.99
      vertex -7.23695 -10.1878 6.99
    endloop
  endfacet
  facet normal 0 0 -1
    outer loop
      vertex -8.35624 -9.95858 6.99
      vertex -7.23695 -10.1878 6.99
      vertex -7.45649 -10.649 6.99
    endloop
  endfacet
  facet normal 0 0 -1
    outer loop
      vertex -7.23695 -10.1878 6.99
      vertex -8.35624 -9.95858 6.99
      vertex -7.35718 -9.22561 6.99
    endloop
  endfacet
  facet normal -0 0 -1
    outer loop
      vertex -7.35718 -9.22561 6.99
      vertex -8.35624 -9.95858 6.99
      vertex -7.68929 -9.08071 6.99
    endloop
  endfacet
  facet normal 0 0 -1
    outer loop
      vertex -7.68929 -9.08071 6.99
      vertex -8.35624 -9.95858 6.99
      vertex -8.04936 -9.12128 6.99
    endloop
  endfacet
  facet normal 0 0 -1
    outer loop
      vertex -8.04936 -9.12128 6.99
      vertex -8.35624 -9.95858 6.99
      vertex -8.31591 -9.318 6.99
    endloop
  endfacet
  facet normal 0 0 -1
    outer loop
      vertex -9.19239 -9.19239 6.99
      vertex -8.31591 -9.318 6.99
      vertex -8.35624 -9.95858 6.99
    endloop
  endfacet
  facet normal 0 0 -1
    outer loop
      vertex -8.31591 -9.318 6.99
      vertex -9.19239 -9.19239 6.99
      vertex -8.83883 -8.83883 6.99
    endloop
  endfacet
  facet normal 0 0 -1
    outer loop
      vertex -9.19239 -9.19239 6.99
      vertex -9.318 -8.31591 6.99
      vertex -8.83883 -8.83883 6.99
    endloop
  endfacet
  facet normal 0 0 -1
    outer loop
      vertex -9.95858 -8.35624 6.99
      vertex -9.318 -8.31591 6.99
      vertex -9.19239 -9.19239 6.99
    endloop
  endfacet
  facet normal -0 0 -1
    outer loop
      vertex -9.318 -8.31591 6.99
      vertex -9.95858 -8.35624 6.99
      vertex -9.51715 -7.14201 6.99
    endloop
  endfacet
  facet normal -0 0 -1
    outer loop
      vertex -9.51715 -7.14201 6.99
      vertex -9.95858 -8.35624 6.99
      vertex -9.87722 -7.10144 6.99
    endloop
  endfacet
  facet normal 0 0 -1
    outer loop
      vertex -9.95858 -8.35624 6.99
      vertex -10.1878 -7.23695 6.99
      vertex -9.87722 -7.10144 6.99
    endloop
  endfacet
  facet normal 0 0 -1
    outer loop
      vertex -10.649 -7.45649 6.99
      vertex -10.1878 -7.23695 6.99
      vertex -9.95858 -8.35624 6.99
    endloop
  endfacet
  facet normal -0 0 -1
    outer loop
      vertex -10.1878 -7.23695 6.99
      vertex -10.649 -7.45649 6.99
      vertex -10.2394 -7.16971 6.99
    endloop
  endfacet
  facet normal 0 0 -1
    outer loop
      vertex -10.649 -7.45649 6.99
      vertex -10.8253 -6.25 6.99
      vertex -10.2394 -7.16971 6.99
    endloop
  endfacet
  facet normal 0 0 -1
    outer loop
      vertex -11.2583 -6.5 6.99
      vertex -10.8253 -6.25 6.99
      vertex -10.649 -7.45649 6.99
    endloop
  endfacet
  facet normal -0 0 -1
    outer loop
      vertex -10.8253 -6.25 6.99
      vertex -11.2583 -6.5 6.99
      vertex -10.9369 -6.0357 6.99
    endloop
  endfacet
  facet normal 0 0 -1
    outer loop
      vertex -11.782 -5.49404 6.99
      vertex -10.9369 -6.0357 6.99
      vertex -11.2583 -6.5 6.99
    endloop
  endfacet
  facet normal 0 0 -1
    outer loop
      vertex -10.9369 -6.0357 6.99
      vertex -11.782 -5.49404 6.99
      vertex -11.2098 -4.7255 6.99
    endloop
  endfacet
  facet normal 0 0 -1
    outer loop
      vertex -11.2098 -4.7255 6.99
      vertex -11.782 -5.49404 6.99
      vertex -11.5342 -4.78689 6.99
    endloop
  endfacet
  facet normal 0 0 -1
    outer loop
      vertex -12.216 -4.44626 6.99
      vertex -11.5342 -4.78689 6.99
      vertex -11.782 -5.49404 6.99
    endloop
  endfacet
  facet normal 0 0 -1
    outer loop
      vertex -11.5342 -4.78689 6.99
      vertex -12.216 -4.44626 6.99
      vertex -11.7462 -4.27525 6.99
    endloop
  endfacet
  facet normal -0 0 -1
    outer loop
      vertex -11.7462 -4.27525 6.99
      vertex -12.216 -4.44626 6.99
      vertex -12.0061 -3.45088 6.99
    endloop
  endfacet
  facet normal 0 0 -1
    outer loop
      vertex 11.8938 -0.349999 6.99
      vertex 13 0 6.99
      vertex 12.15 -0.606217 6.99
    endloop
  endfacet
  facet normal 0 0 -1
    outer loop
      vertex 11.8 0 6.99
      vertex 13 0 6.99
      vertex 11.8938 -0.349999 6.99
    endloop
  endfacet
  facet normal 0 -0 -1
    outer loop
      vertex 12.15 0.606217 6.99
      vertex 13 0 6.99
      vertex 11.8938 0.349999 6.99
    endloop
  endfacet
  facet normal 0 0 -1
    outer loop
      vertex 13 0 6.99
      vertex 12.15 0.606217 6.99
      vertex 12.4698 0.691905 6.99
    endloop
  endfacet
  facet normal 0 0 -1
    outer loop
      vertex 13 0 6.99
      vertex 11.8 0 6.99
      vertex 11.8938 0.349999 6.99
    endloop
  endfacet
  facet normal 0 0 -1
    outer loop
      vertex 12.4698 -0.691905 6.99
      vertex 13 0 6.99
      vertex 12.9505 -1.13302 6.99
    endloop
  endfacet
  facet normal 0 0 -1
    outer loop
      vertex 12.3194 -2.09992 6.99
      vertex 12.9505 -1.13302 6.99
      vertex 12.8025 -2.25743 6.99
    endloop
  endfacet
  facet normal 0 0 -1
    outer loop
      vertex 12.15 -0.606217 6.99
      vertex 13 0 6.99
      vertex 12.4698 -0.691905 6.99
    endloop
  endfacet
  facet normal 0 0 -1
    outer loop
      vertex 12.3194 -2.09992 6.99
      vertex 12.8025 -2.25743 6.99
      vertex 12.557 -3.36465 6.99
    endloop
  endfacet
  facet normal 0 0 -1
    outer loop
      vertex 13 0 6.99
      vertex 12.4698 0.691905 6.99
      vertex 12.9505 1.13302 6.99
    endloop
  endfacet
  facet normal 0 0 -1
    outer loop
      vertex 12.4524 1.08945 6.99
      vertex 12.9505 1.13302 6.99
      vertex 12.4698 0.691905 6.99
    endloop
  endfacet
  facet normal 0 0 -1
    outer loop
      vertex 12.9505 -1.13302 6.99
      vertex 12.4524 -1.08945 6.99
      vertex 12.4698 -0.691905 6.99
    endloop
  endfacet
  facet normal -0 0 -1
    outer loop
      vertex 12.9505 -1.13302 6.99
      vertex 12.3194 -2.09992 6.99
      vertex 12.4524 -1.08945 6.99
    endloop
  endfacet
  facet normal 0 0 -1
    outer loop
      vertex 12.0061 -3.45088 6.99
      vertex 12.557 -3.36465 6.99
      vertex 12.216 -4.44626 6.99
    endloop
  endfacet
  facet normal -0 0 -1
    outer loop
      vertex 12.557 -3.36465 6.99
      vertex 12.0061 -3.45088 6.99
      vertex 12.3194 -2.09992 6.99
    endloop
  endfacet
  facet normal 0 0 -1
    outer loop
      vertex 11.6735 -2.30539 6.99
      vertex 12.3194 -2.09992 6.99
      vertex 12.0061 -3.45088 6.99
    endloop
  endfacet
  facet normal 0 0 -1
    outer loop
      vertex 11.5177 -2.98784 6.99
      vertex 12.0061 -3.45088 6.99
      vertex 11.7105 -3.29465 6.99
    endloop
  endfacet
  facet normal 0 0 -1
    outer loop
      vertex 12.3194 -2.09992 6.99
      vertex 11.6735 -2.30539 6.99
      vertex 11.9803 -2.11261 6.99
    endloop
  endfacet
  facet normal 0 0 -1
    outer loop
      vertex 12.0061 -3.45088 6.99
      vertex 11.5177 -2.98784 6.99
      vertex 11.6735 -2.30539 6.99
    endloop
  endfacet
  facet normal 0 0 -1
    outer loop
      vertex 11.6735 -2.30539 6.99
      vertex 11.5177 -2.98784 6.99
      vertex 11.5041 -2.62575 6.99
    endloop
  endfacet
  facet normal 0 0 -1
    outer loop
      vertex 12.3194 2.09992 6.99
      vertex 12.9505 1.13302 6.99
      vertex 12.4524 1.08945 6.99
    endloop
  endfacet
  facet normal 0 0 -1
    outer loop
      vertex 12.9505 1.13302 6.99
      vertex 12.3194 2.09992 6.99
      vertex 12.8025 2.25743 6.99
    endloop
  endfacet
  facet normal -0 0 -1
    outer loop
      vertex 12.8025 2.25743 6.99
      vertex 12.3194 2.09992 6.99
      vertex 12.557 3.36465 6.99
    endloop
  endfacet
  facet normal 0 0 -1
    outer loop
      vertex 12.0061 3.45088 6.99
      vertex 12.557 3.36465 6.99
      vertex 12.3194 2.09992 6.99
    endloop
  endfacet
  facet normal 0 0 -1
    outer loop
      vertex 12.557 3.36465 6.99
      vertex 12.0061 3.45088 6.99
      vertex 12.216 4.44626 6.99
    endloop
  endfacet
  facet normal 0 0 -1
    outer loop
      vertex 11.6735 2.30539 6.99
      vertex 12.3194 2.09992 6.99
      vertex 11.9803 2.11261 6.99
    endloop
  endfacet
  facet normal 0 0 -1
    outer loop
      vertex 12.3194 2.09992 6.99
      vertex 11.6735 2.30539 6.99
      vertex 12.0061 3.45088 6.99
    endloop
  endfacet
  facet normal 0 0 -1
    outer loop
      vertex 11.5177 2.98784 6.99
      vertex 12.0061 3.45088 6.99
      vertex 11.6735 2.30539 6.99
    endloop
  endfacet
  facet normal 0 0 -1
    outer loop
      vertex 12.0061 3.45088 6.99
      vertex 11.5177 2.98784 6.99
      vertex 11.7105 3.29465 6.99
    endloop
  endfacet
  facet normal 0 -0 -1
    outer loop
      vertex 11.5177 2.98784 6.99
      vertex 11.6735 2.30539 6.99
      vertex 11.5041 2.62575 6.99
    endloop
  endfacet
  facet normal 0 0 -1
    outer loop
      vertex 11.7462 4.27525 6.99
      vertex 12.216 4.44626 6.99
      vertex 12.0061 3.45088 6.99
    endloop
  endfacet
  facet normal 0 0 -1
    outer loop
      vertex 11.5342 4.78689 6.99
      vertex 12.216 4.44626 6.99
      vertex 11.7462 4.27525 6.99
    endloop
  endfacet
  facet normal 0 0 -1
    outer loop
      vertex 12.216 4.44626 6.99
      vertex 11.5342 4.78689 6.99
      vertex 11.782 5.49404 6.99
    endloop
  endfacet
  facet normal 0 0 -1
    outer loop
      vertex 11.2098 4.7255 6.99
      vertex 11.782 5.49404 6.99
      vertex 11.5342 4.78689 6.99
    endloop
  endfacet
  facet normal 0 0 -1
    outer loop
      vertex 10.8678 4.84518 6.99
      vertex 11.782 5.49404 6.99
      vertex 11.2098 4.7255 6.99
    endloop
  endfacet
  facet normal 0 0 -1
    outer loop
      vertex 11.782 5.49404 6.99
      vertex 10.9369 6.0357 6.99
      vertex 11.2583 6.5 6.99
    endloop
  endfacet
  facet normal 0 0 -1
    outer loop
      vertex 10.8253 6.25 6.99
      vertex 11.2583 6.5 6.99
      vertex 10.9369 6.0357 6.99
    endloop
  endfacet
  facet normal 0 0 -1
    outer loop
      vertex 10.8253 6.25 6.99
      vertex 10.649 7.45649 6.99
      vertex 11.2583 6.5 6.99
    endloop
  endfacet
  facet normal 0 0 -1
    outer loop
      vertex 10.2394 7.16971 6.99
      vertex 10.649 7.45649 6.99
      vertex 10.8253 6.25 6.99
    endloop
  endfacet
  facet normal 0 0 -1
    outer loop
      vertex 10.1878 7.23695 6.99
      vertex 10.649 7.45649 6.99
      vertex 10.2394 7.16971 6.99
    endloop
  endfacet
  facet normal 0 0 -1
    outer loop
      vertex 10.1878 7.23695 6.99
      vertex 9.95858 8.35624 6.99
      vertex 10.649 7.45649 6.99
    endloop
  endfacet
  facet normal 0 0 -1
    outer loop
      vertex 9.87722 7.10144 6.99
      vertex 9.95858 8.35624 6.99
      vertex 10.1878 7.23695 6.99
    endloop
  endfacet
  facet normal 0 0 -1
    outer loop
      vertex 9.51715 7.14201 6.99
      vertex 9.95858 8.35624 6.99
      vertex 9.87722 7.10144 6.99
    endloop
  endfacet
  facet normal 0 0 -1
    outer loop
      vertex 9.22561 7.35718 6.99
      vertex 9.95858 8.35624 6.99
      vertex 9.51715 7.14201 6.99
    endloop
  endfacet
  facet normal 0 0 -1
    outer loop
      vertex 9.318 8.31591 6.99
      vertex 9.19239 9.19239 6.99
      vertex 9.95858 8.35624 6.99
    endloop
  endfacet
  facet normal 0 0 -1
    outer loop
      vertex 8.83883 8.83883 6.99
      vertex 9.19239 9.19239 6.99
      vertex 9.318 8.31591 6.99
    endloop
  endfacet
  facet normal 0 0 -1
    outer loop
      vertex 8.31591 9.318 6.99
      vertex 9.19239 9.19239 6.99
      vertex 8.83883 8.83883 6.99
    endloop
  endfacet
  facet normal 0 0 -1
    outer loop
      vertex 9.19239 9.19239 6.99
      vertex 8.31591 9.318 6.99
      vertex 8.35624 9.95858 6.99
    endloop
  endfacet
  facet normal 0 0 -1
    outer loop
      vertex 8.04936 9.12128 6.99
      vertex 8.35624 9.95858 6.99
      vertex 8.31591 9.318 6.99
    endloop
  endfacet
  facet normal 0 0 -1
    outer loop
      vertex 7.68929 9.08071 6.99
      vertex 8.35624 9.95858 6.99
      vertex 8.04936 9.12128 6.99
    endloop
  endfacet
  facet normal 0 0 -1
    outer loop
      vertex 7.35718 9.22561 6.99
      vertex 8.35624 9.95858 6.99
      vertex 7.68929 9.08071 6.99
    endloop
  endfacet
  facet normal 0 0 -1
    outer loop
      vertex 7.14201 9.51715 6.99
      vertex 8.35624 9.95858 6.99
      vertex 7.35718 9.22561 6.99
    endloop
  endfacet
  facet normal 0 0 -1
    outer loop
      vertex 8.35624 9.95858 6.99
      vertex 7.23695 10.1878 6.99
      vertex 7.45649 10.649 6.99
    endloop
  endfacet
  facet normal 0 0 -1
    outer loop
      vertex 7.16971 10.2394 6.99
      vertex 7.45649 10.649 6.99
      vertex 7.23695 10.1878 6.99
    endloop
  endfacet
  facet normal 0 0 -1
    outer loop
      vertex 7.16971 10.2394 6.99
      vertex 6.5 11.2583 6.99
      vertex 7.45649 10.649 6.99
    endloop
  endfacet
  facet normal 0 0 -1
    outer loop
      vertex 6.25 10.8253 6.99
      vertex 6.5 11.2583 6.99
      vertex 7.16971 10.2394 6.99
    endloop
  endfacet
  facet normal 0 0 -1
    outer loop
      vertex 6.0357 10.9369 6.99
      vertex 6.5 11.2583 6.99
      vertex 6.25 10.8253 6.99
    endloop
  endfacet
  facet normal 0 0 -1
    outer loop
      vertex 6.0357 10.9369 6.99
      vertex 5.49404 11.782 6.99
      vertex 6.5 11.2583 6.99
    endloop
  endfacet
  facet normal 0 0 -1
    outer loop
      vertex 5.81787 10.6837 6.99
      vertex 5.49404 11.782 6.99
      vertex 6.0357 10.9369 6.99
    endloop
  endfacet
  facet normal 0 0 -1
    outer loop
      vertex 5.47586 10.5641 6.99
      vertex 5.49404 11.782 6.99
      vertex 5.81787 10.6837 6.99
    endloop
  endfacet
  facet normal 0 0 -1
    outer loop
      vertex 5.11983 10.6314 6.99
      vertex 5.49404 11.782 6.99
      vertex 5.47586 10.5641 6.99
    endloop
  endfacet
  facet normal 0 0 -1
    outer loop
      vertex 4.84518 10.8678 6.99
      vertex 5.49404 11.782 6.99
      vertex 5.11983 10.6314 6.99
    endloop
  endfacet
  facet normal 0 0 -1
    outer loop
      vertex 4.7255 11.2098 6.99
      vertex 5.49404 11.782 6.99
      vertex 4.84518 10.8678 6.99
    endloop
  endfacet
  facet normal 0 0 -1
    outer loop
      vertex 4.78689 11.5342 6.99
      vertex 4.44626 12.216 6.99
      vertex 5.49404 11.782 6.99
    endloop
  endfacet
  facet normal 0 0 -1
    outer loop
      vertex 4.27525 11.7462 6.99
      vertex 4.44626 12.216 6.99
      vertex 4.78689 11.5342 6.99
    endloop
  endfacet
  facet normal 0 0 -1
    outer loop
      vertex 3.45088 12.0061 6.99
      vertex 4.44626 12.216 6.99
      vertex 4.27525 11.7462 6.99
    endloop
  endfacet
  facet normal 0 0 -1
    outer loop
      vertex 3.45088 12.0061 6.99
      vertex 3.36465 12.557 6.99
      vertex 4.44626 12.216 6.99
    endloop
  endfacet
  facet normal 0 0 -1
    outer loop
      vertex 2.98784 11.5177 6.99
      vertex 3.45088 12.0061 6.99
      vertex 3.29465 11.7105 6.99
    endloop
  endfacet
  facet normal -0 0 -1
    outer loop
      vertex 3.45088 12.0061 6.99
      vertex 2.98784 11.5177 6.99
      vertex 3.36465 12.557 6.99
    endloop
  endfacet
  facet normal 0 0 -1
    outer loop
      vertex 2.62575 11.5041 6.99
      vertex 3.36465 12.557 6.99
      vertex 2.98784 11.5177 6.99
    endloop
  endfacet
  facet normal 0 0 -1
    outer loop
      vertex 2.30539 11.6735 6.99
      vertex 3.36465 12.557 6.99
      vertex 2.62575 11.5041 6.99
    endloop
  endfacet
  facet normal 0 0 -1
    outer loop
      vertex 2.09992 12.3194 6.99
      vertex 3.36465 12.557 6.99
      vertex 2.30539 11.6735 6.99
    endloop
  endfacet
  facet normal 0 0 -1
    outer loop
      vertex 2.09992 12.3194 6.99
      vertex 2.30539 11.6735 6.99
      vertex 2.11261 11.9803 6.99
    endloop
  endfacet
  facet normal -0 0 -1
    outer loop
      vertex 3.36465 12.557 6.99
      vertex 2.09992 12.3194 6.99
      vertex 2.25743 12.8025 6.99
    endloop
  endfacet
  facet normal 0 0 -1
    outer loop
      vertex 2.09992 12.3194 6.99
      vertex 1.13302 12.9505 6.99
      vertex 2.25743 12.8025 6.99
    endloop
  endfacet
  facet normal 0 0 -1
    outer loop
      vertex 1.08945 12.4524 6.99
      vertex 1.13302 12.9505 6.99
      vertex 2.09992 12.3194 6.99
    endloop
  endfacet
  facet normal 0 0 -1
    outer loop
      vertex 0.691905 12.4698 6.99
      vertex 1.13302 12.9505 6.99
      vertex 1.08945 12.4524 6.99
    endloop
  endfacet
  facet normal 0 0 -1
    outer loop
      vertex 0 13 6.99
      vertex 0.606217 12.15 6.99
      vertex 0.349999 11.8938 6.99
    endloop
  endfacet
  facet normal 0 0 -1
    outer loop
      vertex 0 13 6.99
      vertex 0.349999 11.8938 6.99
      vertex 0 11.8 6.99
    endloop
  endfacet
  facet normal 0 0 -1
    outer loop
      vertex 0.606217 12.15 6.99
      vertex 0 13 6.99
      vertex 0.691905 12.4698 6.99
    endloop
  endfacet
  facet normal 0 0 -1
    outer loop
      vertex 0.691905 12.4698 6.99
      vertex 0 13 6.99
      vertex 1.13302 12.9505 6.99
    endloop
  endfacet
  facet normal 0 0 -1
    outer loop
      vertex -0.349999 11.8938 6.99
      vertex 0 13 6.99
      vertex 0 11.8 6.99
    endloop
  endfacet
  facet normal 0 0 -1
    outer loop
      vertex -0.606217 12.15 6.99
      vertex 0 13 6.99
      vertex -0.349999 11.8938 6.99
    endloop
  endfacet
  facet normal 0 0 -1
    outer loop
      vertex -0.691905 12.4698 6.99
      vertex 0 13 6.99
      vertex -0.606217 12.15 6.99
    endloop
  endfacet
  facet normal 0 0 -1
    outer loop
      vertex -1.13302 12.9505 6.99
      vertex -0.691905 12.4698 6.99
      vertex -1.08945 12.4524 6.99
    endloop
  endfacet
  facet normal 0 0 -1
    outer loop
      vertex -0.691905 12.4698 6.99
      vertex -1.13302 12.9505 6.99
      vertex 0 13 6.99
    endloop
  endfacet
  facet normal 0 0 -1
    outer loop
      vertex -2.09992 12.3194 6.99
      vertex -1.13302 12.9505 6.99
      vertex -1.08945 12.4524 6.99
    endloop
  endfacet
  facet normal 0 0 -1
    outer loop
      vertex -2.09992 12.3194 6.99
      vertex -2.25743 12.8025 6.99
      vertex -1.13302 12.9505 6.99
    endloop
  endfacet
  facet normal 0 0 -1
    outer loop
      vertex -2.30539 11.6735 6.99
      vertex -2.09992 12.3194 6.99
      vertex -2.11261 11.9803 6.99
    endloop
  endfacet
  facet normal -0 0 -1
    outer loop
      vertex -2.09992 12.3194 6.99
      vertex -2.30539 11.6735 6.99
      vertex -3.36465 12.557 6.99
    endloop
  endfacet
  facet normal 0 0 -1
    outer loop
      vertex -3.36465 12.557 6.99
      vertex -2.30539 11.6735 6.99
      vertex -2.62575 11.5041 6.99
    endloop
  endfacet
  facet normal 0 0 -1
    outer loop
      vertex -3.36465 12.557 6.99
      vertex -2.62575 11.5041 6.99
      vertex -2.98784 11.5177 6.99
    endloop
  endfacet
  facet normal 0 0 -1
    outer loop
      vertex -3.45088 12.0061 6.99
      vertex -2.98784 11.5177 6.99
      vertex -3.29465 11.7105 6.99
    endloop
  endfacet
  facet normal 0 0 -1
    outer loop
      vertex -2.09992 12.3194 6.99
      vertex -3.36465 12.557 6.99
      vertex -2.25743 12.8025 6.99
    endloop
  endfacet
  facet normal 0 0 -1
    outer loop
      vertex -2.98784 11.5177 6.99
      vertex -3.45088 12.0061 6.99
      vertex -3.36465 12.557 6.99
    endloop
  endfacet
  facet normal 0 0 -1
    outer loop
      vertex -4.44626 12.216 6.99
      vertex -3.45088 12.0061 6.99
      vertex -4.27525 11.7462 6.99
    endloop
  endfacet
  facet normal 0 0 -1
    outer loop
      vertex -3.45088 12.0061 6.99
      vertex -4.44626 12.216 6.99
      vertex -3.36465 12.557 6.99
    endloop
  endfacet
  facet normal 0 0 -1
    outer loop
      vertex -4.78689 11.5342 6.99
      vertex -4.44626 12.216 6.99
      vertex -4.27525 11.7462 6.99
    endloop
  endfacet
  facet normal 0 0 -1
    outer loop
      vertex -5.49404 11.782 6.99
      vertex -4.84518 10.8678 6.99
      vertex -5.11983 10.6314 6.99
    endloop
  endfacet
  facet normal 0 0 -1
    outer loop
      vertex -5.49404 11.782 6.99
      vertex -5.11983 10.6314 6.99
      vertex -5.47586 10.5641 6.99
    endloop
  endfacet
  facet normal 0 0 -1
    outer loop
      vertex -4.7255 11.2098 6.99
      vertex -5.49404 11.782 6.99
      vertex -4.78689 11.5342 6.99
    endloop
  endfacet
  facet normal 0 0 -1
    outer loop
      vertex -4.78689 11.5342 6.99
      vertex -5.49404 11.782 6.99
      vertex -4.44626 12.216 6.99
    endloop
  endfacet
  facet normal 0 0 -1
    outer loop
      vertex -5.81787 10.6837 6.99
      vertex -5.49404 11.782 6.99
      vertex -5.47586 10.5641 6.99
    endloop
  endfacet
  facet normal 0 0 -1
    outer loop
      vertex -6.0357 10.9369 6.99
      vertex -5.49404 11.782 6.99
      vertex -5.81787 10.6837 6.99
    endloop
  endfacet
  facet normal 0 0 -1
    outer loop
      vertex -6.5 11.2583 6.99
      vertex -6.0357 10.9369 6.99
      vertex -6.25 10.8253 6.99
    endloop
  endfacet
  facet normal 0 0 -1
    outer loop
      vertex -6.0357 10.9369 6.99
      vertex -6.5 11.2583 6.99
      vertex -5.49404 11.782 6.99
    endloop
  endfacet
  facet normal 0 0 -1
    outer loop
      vertex -7.16971 10.2394 6.99
      vertex -6.5 11.2583 6.99
      vertex -6.25 10.8253 6.99
    endloop
  endfacet
  facet normal 0 0 -1
    outer loop
      vertex -7.45649 10.649 6.99
      vertex -7.16971 10.2394 6.99
      vertex -7.23695 10.1878 6.99
    endloop
  endfacet
  facet normal 0 0 -1
    outer loop
      vertex -7.16971 10.2394 6.99
      vertex -7.45649 10.649 6.99
      vertex -6.5 11.2583 6.99
    endloop
  endfacet
  facet normal 0 0 -1
    outer loop
      vertex -7.10144 9.87722 6.99
      vertex -8.35624 9.95858 6.99
      vertex -7.23695 10.1878 6.99
    endloop
  endfacet
  facet normal 0 0 -1
    outer loop
      vertex -8.35624 9.95858 6.99
      vertex -7.35718 9.22561 6.99
      vertex -7.68929 9.08071 6.99
    endloop
  endfacet
  facet normal 0 0 -1
    outer loop
      vertex -8.35624 9.95858 6.99
      vertex -7.68929 9.08071 6.99
      vertex -8.04936 9.12128 6.99
    endloop
  endfacet
  facet normal 0 0 -1
    outer loop
      vertex -8.35624 9.95858 6.99
      vertex -8.04936 9.12128 6.99
      vertex -8.31591 9.318 6.99
    endloop
  endfacet
  facet normal -0 0 -1
    outer loop
      vertex -7.23695 10.1878 6.99
      vertex -8.35624 9.95858 6.99
      vertex -7.45649 10.649 6.99
    endloop
  endfacet
  facet normal 0 0 -1
    outer loop
      vertex -9.19239 9.19239 6.99
      vertex -8.31591 9.318 6.99
      vertex -8.83883 8.83883 6.99
    endloop
  endfacet
  facet normal -0 0 -1
    outer loop
      vertex -8.31591 9.318 6.99
      vertex -9.19239 9.19239 6.99
      vertex -8.35624 9.95858 6.99
    endloop
  endfacet
  facet normal 0 0 -1
    outer loop
      vertex -9.318 8.31591 6.99
      vertex -9.19239 9.19239 6.99
      vertex -8.83883 8.83883 6.99
    endloop
  endfacet
  facet normal 0 0 -1
    outer loop
      vertex -9.12128 8.04936 6.99
      vertex -9.95858 8.35624 6.99
      vertex -9.318 8.31591 6.99
    endloop
  endfacet
  facet normal 0 0 -1
    outer loop
      vertex -9.95858 8.35624 6.99
      vertex -9.51715 7.14201 6.99
      vertex -9.87722 7.10144 6.99
    endloop
  endfacet
  facet normal 0 0 -1
    outer loop
      vertex -9.318 8.31591 6.99
      vertex -9.95858 8.35624 6.99
      vertex -9.19239 9.19239 6.99
    endloop
  endfacet
  facet normal 0 0 -1
    outer loop
      vertex -10.1878 7.23695 6.99
      vertex -9.95858 8.35624 6.99
      vertex -9.87722 7.10144 6.99
    endloop
  endfacet
  facet normal 0 0 -1
    outer loop
      vertex -10.649 7.45649 6.99
      vertex -10.1878 7.23695 6.99
      vertex -10.2394 7.16971 6.99
    endloop
  endfacet
  facet normal 0 0 -1
    outer loop
      vertex -10.1878 7.23695 6.99
      vertex -10.649 7.45649 6.99
      vertex -9.95858 8.35624 6.99
    endloop
  endfacet
  facet normal 0 0 -1
    outer loop
      vertex -10.8253 6.25 6.99
      vertex -10.649 7.45649 6.99
      vertex -10.2394 7.16971 6.99
    endloop
  endfacet
  facet normal 0 0 -1
    outer loop
      vertex -11.2583 6.5 6.99
      vertex -10.8253 6.25 6.99
      vertex -10.9369 6.0357 6.99
    endloop
  endfacet
  facet normal -0 0 -1
    outer loop
      vertex -10.6837 5.81787 6.99
      vertex -11.782 5.49404 6.99
      vertex -10.9369 6.0357 6.99
    endloop
  endfacet
  facet normal 0 0 -1
    outer loop
      vertex -10.8253 6.25 6.99
      vertex -11.2583 6.5 6.99
      vertex -10.649 7.45649 6.99
    endloop
  endfacet
  facet normal 0 0 -1
    outer loop
      vertex -11.782 5.49404 6.99
      vertex -11.2098 4.7255 6.99
      vertex -11.5342 4.78689 6.99
    endloop
  endfacet
  facet normal 0 0 -1
    outer loop
      vertex -12.216 4.44626 6.99
      vertex -11.5342 4.78689 6.99
      vertex -11.7462 4.27525 6.99
    endloop
  endfacet
  facet normal -0 0 -1
    outer loop
      vertex -10.9369 6.0357 6.99
      vertex -11.782 5.49404 6.99
      vertex -11.2583 6.5 6.99
    endloop
  endfacet
  facet normal 0 0 -1
    outer loop
      vertex -12.216 4.44626 6.99
      vertex -11.7462 4.27525 6.99
      vertex -12.0061 3.45088 6.99
    endloop
  endfacet
  facet normal -0 0 -1
    outer loop
      vertex -11.5342 4.78689 6.99
      vertex -12.216 4.44626 6.99
      vertex -11.782 5.49404 6.99
    endloop
  endfacet
  facet normal 0 0 -1
    outer loop
      vertex 11.782 -5.49404 6.99
      vertex 11.2098 -4.7255 6.99
      vertex 11.5342 -4.78689 6.99
    endloop
  endfacet
  facet normal -0 0 -1
    outer loop
      vertex 11.782 -5.49404 6.99
      vertex 10.6837 -5.81787 6.99
      vertex 10.5641 -5.47586 6.99
    endloop
  endfacet
  facet normal 0 0 -1
    outer loop
      vertex 11.782 -5.49404 6.99
      vertex 10.6314 -5.11983 6.99
      vertex 10.8678 -4.84518 6.99
    endloop
  endfacet
  facet normal 0 0 -1
    outer loop
      vertex 11.782 -5.49404 6.99
      vertex 10.5641 -5.47586 6.99
      vertex 10.6314 -5.11983 6.99
    endloop
  endfacet
  facet normal 0 0 -1
    outer loop
      vertex 9.95858 -8.35624 6.99
      vertex 9.22561 -7.35718 6.99
      vertex 9.51715 -7.14201 6.99
    endloop
  endfacet
  facet normal 0 0 -1
    outer loop
      vertex 9.95858 -8.35624 6.99
      vertex 9.12128 -8.04936 6.99
      vertex 9.08071 -7.68929 6.99
    endloop
  endfacet
  facet normal 0 0 -1
    outer loop
      vertex 9.95858 -8.35624 6.99
      vertex 9.08071 -7.68929 6.99
      vertex 9.22561 -7.35718 6.99
    endloop
  endfacet
  facet normal 0 0 -1
    outer loop
      vertex 8.35624 -9.95858 6.99
      vertex 7.14201 -9.51715 6.99
      vertex 7.35718 -9.22561 6.99
    endloop
  endfacet
  facet normal 0 0 -1
    outer loop
      vertex 8.35624 -9.95858 6.99
      vertex 7.10144 -9.87722 6.99
      vertex 7.14201 -9.51715 6.99
    endloop
  endfacet
  facet normal 0 0 -1
    outer loop
      vertex 5.49404 -11.782 6.99
      vertex 4.7255 -11.2098 6.99
      vertex 4.84518 -10.8678 6.99
    endloop
  endfacet
  facet normal 0 0 -1
    outer loop
      vertex -5.49404 -11.782 6.99
      vertex -4.7255 -11.2098 6.99
      vertex -4.78689 -11.5342 6.99
    endloop
  endfacet
  facet normal 0 0 -1
    outer loop
      vertex -7.23695 -10.1878 6.99
      vertex -7.14201 -9.51715 6.99
      vertex -7.10144 -9.87722 6.99
    endloop
  endfacet
  facet normal -0 0 -1
    outer loop
      vertex -7.14201 -9.51715 6.99
      vertex -7.23695 -10.1878 6.99
      vertex -7.35718 -9.22561 6.99
    endloop
  endfacet
  facet normal 0 0 -1
    outer loop
      vertex -9.318 -8.31591 6.99
      vertex -9.08071 -7.68929 6.99
      vertex -9.12128 -8.04936 6.99
    endloop
  endfacet
  facet normal -0 0 -1
    outer loop
      vertex -9.08071 -7.68929 6.99
      vertex -9.318 -8.31591 6.99
      vertex -9.22561 -7.35718 6.99
    endloop
  endfacet
  facet normal -0 0 -1
    outer loop
      vertex -9.22561 -7.35718 6.99
      vertex -9.318 -8.31591 6.99
      vertex -9.51715 -7.14201 6.99
    endloop
  endfacet
  facet normal 0 0 -1
    outer loop
      vertex -10.9369 -6.0357 6.99
      vertex -10.5641 -5.47586 6.99
      vertex -10.6837 -5.81787 6.99
    endloop
  endfacet
  facet normal -0 0 -1
    outer loop
      vertex -10.5641 -5.47586 6.99
      vertex -10.9369 -6.0357 6.99
      vertex -10.6314 -5.11983 6.99
    endloop
  endfacet
  facet normal -0 0 -1
    outer loop
      vertex -10.6314 -5.11983 6.99
      vertex -10.9369 -6.0357 6.99
      vertex -10.8678 -4.84518 6.99
    endloop
  endfacet
  facet normal -0 0 -1
    outer loop
      vertex -10.8678 -4.84518 6.99
      vertex -10.9369 -6.0357 6.99
      vertex -11.2098 -4.7255 6.99
    endloop
  endfacet
  facet normal 0 0 -1
    outer loop
      vertex -11.5177 -2.98784 6.99
      vertex -11.6735 -2.30539 6.99
      vertex -11.5041 -2.62575 6.99
    endloop
  endfacet
  facet normal 0 0 -1
    outer loop
      vertex -12.0061 -3.45088 6.99
      vertex -11.5177 -2.98784 6.99
      vertex -11.7105 -3.29465 6.99
    endloop
  endfacet
  facet normal -0 0 -1
    outer loop
      vertex -11.5177 -2.98784 6.99
      vertex -12.0061 -3.45088 6.99
      vertex -11.6735 -2.30539 6.99
    endloop
  endfacet
  facet normal 0 0 -1
    outer loop
      vertex -12.3194 -2.09992 6.99
      vertex -11.6735 -2.30539 6.99
      vertex -12.0061 -3.45088 6.99
    endloop
  endfacet
  facet normal 0 0 -1
    outer loop
      vertex -12.557 -3.36465 6.99
      vertex -12.0061 -3.45088 6.99
      vertex -12.216 -4.44626 6.99
    endloop
  endfacet
  facet normal 0 -0 -1
    outer loop
      vertex -12.3194 -2.09992 6.99
      vertex -12.0061 -3.45088 6.99
      vertex -12.557 -3.36465 6.99
    endloop
  endfacet
  facet normal 0 0 -1
    outer loop
      vertex -11.6735 -2.30539 6.99
      vertex -12.3194 -2.09992 6.99
      vertex -11.9803 -2.11261 6.99
    endloop
  endfacet
  facet normal 0 0 -1
    outer loop
      vertex -12.3194 -2.09992 6.99
      vertex -12.9505 -1.13302 6.99
      vertex -12.4524 -1.08945 6.99
    endloop
  endfacet
  facet normal 0 0 -1
    outer loop
      vertex -12.9505 -1.13302 6.99
      vertex -12.3194 -2.09992 6.99
      vertex -12.8025 -2.25743 6.99
    endloop
  endfacet
  facet normal 0 0 -1
    outer loop
      vertex -12.8025 -2.25743 6.99
      vertex -12.3194 -2.09992 6.99
      vertex -12.557 -3.36465 6.99
    endloop
  endfacet
  facet normal 0 0 -1
    outer loop
      vertex -11.8938 -0.349999 6.99
      vertex -11.8938 0.349999 6.99
      vertex -11.8 0 6.99
    endloop
  endfacet
  facet normal 0 0 -1
    outer loop
      vertex -12.4698 -0.691905 6.99
      vertex -11.8938 -0.349999 6.99
      vertex -12.15 -0.606217 6.99
    endloop
  endfacet
  facet normal -0 0 -1
    outer loop
      vertex -11.8938 -0.349999 6.99
      vertex -12.4698 -0.691905 6.99
      vertex -11.8938 0.349999 6.99
    endloop
  endfacet
  facet normal 0 0 -1
    outer loop
      vertex -12.4698 0.691905 6.99
      vertex -11.8938 0.349999 6.99
      vertex -12.4698 -0.691905 6.99
    endloop
  endfacet
  facet normal 0 0 -1
    outer loop
      vertex -11.8938 0.349999 6.99
      vertex -12.4698 0.691905 6.99
      vertex -12.15 0.606217 6.99
    endloop
  endfacet
  facet normal -0.923881 0.38268 0
    outer loop
      vertex -12.216 4.44626 6.99
      vertex -11.782 5.49404 8
      vertex -11.782 5.49404 6.99
    endloop
  endfacet
  facet normal -0.923881 0.38268 0
    outer loop
      vertex -11.782 5.49404 8
      vertex -12.216 4.44626 6.99
      vertex -12.216 4.44626 8
    endloop
  endfacet
  facet normal -0.46177 -0.887 0
    outer loop
      vertex -6.5 -11.2583 6.99
      vertex -5.49404 -11.782 8
      vertex -6.5 -11.2583 8
    endloop
  endfacet
  facet normal -0.46177 -0.887 -0
    outer loop
      vertex -5.49404 -11.782 8
      vertex -6.5 -11.2583 6.99
      vertex -5.49404 -11.782 6.99
    endloop
  endfacet
  facet normal 0.991445 0.130524 0
    outer loop
      vertex 6.72431 0.588301 13.34
      vertex 6.64745 1.17212 8
      vertex 6.64745 1.17212 13.34
    endloop
  endfacet
  facet normal 0.991445 0.130524 0
    outer loop
      vertex 6.64745 1.17212 8
      vertex 6.72431 0.588301 13.34
      vertex 6.72431 0.588301 8
    endloop
  endfacet
  facet normal 0.999048 0.0436265 0
    outer loop
      vertex 6.75 0 13.34
      vertex 6.72431 0.588301 8
      vertex 6.72431 0.588301 13.34
    endloop
  endfacet
  facet normal 0.999048 0.0436265 0
    outer loop
      vertex 6.72431 0.588301 8
      vertex 6.75 0 13.34
      vertex 6.75 0 8
    endloop
  endfacet
  facet normal 0.976298 0.216432 0
    outer loop
      vertex 6.64745 1.17212 13.34
      vertex 6.52 1.74703 8
      vertex 6.52 1.74703 13.34
    endloop
  endfacet
  facet normal 0.976298 0.216432 0
    outer loop
      vertex 6.52 1.74703 8
      vertex 6.64745 1.17212 13.34
      vertex 6.64745 1.17212 8
    endloop
  endfacet
  facet normal 0.887009 -0.461752 0
    outer loop
      vertex 5.84567 -3.375 13.34
      vertex 6.11758 -2.85267 8
      vertex 6.11758 -2.85267 13.34
    endloop
  endfacet
  facet normal 0.887009 -0.461752 0
    outer loop
      vertex 6.11758 -2.85267 8
      vertex 5.84567 -3.375 13.34
      vertex 5.84567 -3.375 8
    endloop
  endfacet
  facet normal -0.608762 -0.793353 0
    outer loop
      vertex -4.33882 -5.1708 8
      vertex -3.87164 -5.52928 13.34
      vertex -4.33882 -5.1708 13.34
    endloop
  endfacet
  facet normal -0.608762 -0.793353 -0
    outer loop
      vertex -3.87164 -5.52928 13.34
      vertex -4.33882 -5.1708 8
      vertex -3.87164 -5.52928 8
    endloop
  endfacet
  facet normal 0.608762 -0.793353 0
    outer loop
      vertex 3.87164 -5.52928 8
      vertex 4.33882 -5.1708 13.34
      vertex 3.87164 -5.52928 13.34
    endloop
  endfacet
  facet normal 0.608762 -0.793353 0
    outer loop
      vertex 4.33882 -5.1708 13.34
      vertex 3.87164 -5.52928 8
      vertex 4.33882 -5.1708 8
    endloop
  endfacet
  facet normal 0.461752 0.887009 -0
    outer loop
      vertex 3.375 5.84567 8
      vertex 2.85267 6.11758 13.34
      vertex 3.375 5.84567 13.34
    endloop
  endfacet
  facet normal 0.461752 0.887009 0
    outer loop
      vertex 2.85267 6.11758 13.34
      vertex 3.375 5.84567 8
      vertex 2.85267 6.11758 8
    endloop
  endfacet
  facet normal 0.130524 -0.991445 0
    outer loop
      vertex 0.588301 -6.72431 8
      vertex 1.17212 -6.64745 13.34
      vertex 0.588301 -6.72431 13.34
    endloop
  endfacet
  facet normal 0.130524 -0.991445 0
    outer loop
      vertex 1.17212 -6.64745 13.34
      vertex 0.588301 -6.72431 8
      vertex 1.17212 -6.64745 8
    endloop
  endfacet
  facet normal -0.991445 -0.130524 0
    outer loop
      vertex -6.64745 -1.17212 8
      vertex -6.72431 -0.588301 13.34
      vertex -6.72431 -0.588301 8
    endloop
  endfacet
  facet normal -0.991445 -0.130524 0
    outer loop
      vertex -6.72431 -0.588301 13.34
      vertex -6.64745 -1.17212 8
      vertex -6.64745 -1.17212 13.34
    endloop
  endfacet
  facet normal 0.0436265 0.999048 -0
    outer loop
      vertex 0.588301 6.72431 8
      vertex 0 6.75 13.34
      vertex 0.588301 6.72431 13.34
    endloop
  endfacet
  facet normal 0.0436265 0.999048 0
    outer loop
      vertex 0 6.75 13.34
      vertex 0.588301 6.72431 8
      vertex 0 6.75 8
    endloop
  endfacet
  facet normal -0.923876 -0.382691 0
    outer loop
      vertex -6.11758 -2.85267 8
      vertex -6.34293 -2.30864 13.34
      vertex -6.34293 -2.30864 8
    endloop
  endfacet
  facet normal -0.923876 -0.382691 0
    outer loop
      vertex -6.34293 -2.30864 13.34
      vertex -6.11758 -2.85267 8
      vertex -6.11758 -2.85267 13.34
    endloop
  endfacet
  facet normal 0.382691 0.923876 -0
    outer loop
      vertex 2.85267 6.11758 8
      vertex 2.30864 6.34293 13.34
      vertex 2.85267 6.11758 13.34
    endloop
  endfacet
  facet normal 0.382691 0.923876 0
    outer loop
      vertex 2.30864 6.34293 13.34
      vertex 2.85267 6.11758 8
      vertex 2.30864 6.34293 8
    endloop
  endfacet
  facet normal -0.737273 0.675595 0
    outer loop
      vertex -5.1708 4.33882 8
      vertex -4.77297 4.77297 13.34
      vertex -4.77297 4.77297 8
    endloop
  endfacet
  facet normal -0.737273 0.675595 0
    outer loop
      vertex -4.77297 4.77297 13.34
      vertex -5.1708 4.33882 8
      vertex -5.1708 4.33882 13.34
    endloop
  endfacet
  facet normal 0.300698 0.953719 -0
    outer loop
      vertex 2.30864 6.34293 8
      vertex 1.74703 6.52 13.34
      vertex 2.30864 6.34293 13.34
    endloop
  endfacet
  facet normal 0.300698 0.953719 0
    outer loop
      vertex 1.74703 6.52 13.34
      vertex 2.30864 6.34293 8
      vertex 1.74703 6.52 8
    endloop
  endfacet
  facet normal 0.461752 -0.887009 0
    outer loop
      vertex 2.85267 -6.11758 8
      vertex 3.375 -5.84567 13.34
      vertex 2.85267 -6.11758 13.34
    endloop
  endfacet
  facet normal 0.461752 -0.887009 0
    outer loop
      vertex 3.375 -5.84567 13.34
      vertex 2.85267 -6.11758 8
      vertex 3.375 -5.84567 8
    endloop
  endfacet
  facet normal 0.737273 -0.675595 0
    outer loop
      vertex 4.77297 -4.77297 13.34
      vertex 5.1708 -4.33882 8
      vertex 5.1708 -4.33882 13.34
    endloop
  endfacet
  facet normal 0.737273 -0.675595 0
    outer loop
      vertex 5.1708 -4.33882 8
      vertex 4.77297 -4.77297 13.34
      vertex 4.77297 -4.77297 8
    endloop
  endfacet
  facet normal -0.130524 -0.991445 0
    outer loop
      vertex -1.17212 -6.64745 8
      vertex -0.588301 -6.72431 13.34
      vertex -1.17212 -6.64745 13.34
    endloop
  endfacet
  facet normal -0.130524 -0.991445 -0
    outer loop
      vertex -0.588301 -6.72431 13.34
      vertex -1.17212 -6.64745 8
      vertex -0.588301 -6.72431 8
    endloop
  endfacet
  facet normal -0.216432 0.976298 0
    outer loop
      vertex -1.17212 6.64745 8
      vertex -1.74703 6.52 13.34
      vertex -1.17212 6.64745 13.34
    endloop
  endfacet
  facet normal -0.216432 0.976298 0
    outer loop
      vertex -1.74703 6.52 13.34
      vertex -1.17212 6.64745 8
      vertex -1.74703 6.52 8
    endloop
  endfacet
  facet normal -0.216432 -0.976298 0
    outer loop
      vertex -1.74703 -6.52 8
      vertex -1.17212 -6.64745 13.34
      vertex -1.74703 -6.52 13.34
    endloop
  endfacet
  facet normal -0.216432 -0.976298 -0
    outer loop
      vertex -1.17212 -6.64745 13.34
      vertex -1.74703 -6.52 8
      vertex -1.17212 -6.64745 8
    endloop
  endfacet
  facet normal 0.537294 0.843395 -0
    outer loop
      vertex 3.87164 5.52928 8
      vertex 3.375 5.84567 13.34
      vertex 3.87164 5.52928 13.34
    endloop
  endfacet
  facet normal 0.537294 0.843395 0
    outer loop
      vertex 3.375 5.84567 13.34
      vertex 3.87164 5.52928 8
      vertex 3.375 5.84567 8
    endloop
  endfacet
  facet normal -0.887009 -0.461752 0
    outer loop
      vertex -5.84567 -3.375 8
      vertex -6.11758 -2.85267 13.34
      vertex -6.11758 -2.85267 8
    endloop
  endfacet
  facet normal -0.887009 -0.461752 0
    outer loop
      vertex -6.11758 -2.85267 13.34
      vertex -5.84567 -3.375 8
      vertex -5.84567 -3.375 13.34
    endloop
  endfacet
  facet normal 0.793353 0.608762 0
    outer loop
      vertex 5.52928 3.87164 13.34
      vertex 5.1708 4.33882 8
      vertex 5.1708 4.33882 13.34
    endloop
  endfacet
  facet normal 0.793353 0.608762 0
    outer loop
      vertex 5.1708 4.33882 8
      vertex 5.52928 3.87164 13.34
      vertex 5.52928 3.87164 8
    endloop
  endfacet
  facet normal -0.953719 -0.300698 0
    outer loop
      vertex -6.34293 -2.30864 8
      vertex -6.52 -1.74703 13.34
      vertex -6.52 -1.74703 8
    endloop
  endfacet
  facet normal -0.953719 -0.300698 0
    outer loop
      vertex -6.52 -1.74703 13.34
      vertex -6.34293 -2.30864 8
      vertex -6.34293 -2.30864 13.34
    endloop
  endfacet
  facet normal 0.953719 -0.300698 0
    outer loop
      vertex 6.34293 -2.30864 13.34
      vertex 6.52 -1.74703 8
      vertex 6.52 -1.74703 13.34
    endloop
  endfacet
  facet normal 0.953719 -0.300698 0
    outer loop
      vertex 6.52 -1.74703 8
      vertex 6.34293 -2.30864 13.34
      vertex 6.34293 -2.30864 8
    endloop
  endfacet
  facet normal -0.461752 0.887009 0
    outer loop
      vertex -2.85267 6.11758 8
      vertex -3.375 5.84567 13.34
      vertex -2.85267 6.11758 13.34
    endloop
  endfacet
  facet normal -0.461752 0.887009 0
    outer loop
      vertex -3.375 5.84567 13.34
      vertex -2.85267 6.11758 8
      vertex -3.375 5.84567 8
    endloop
  endfacet
  facet normal -0.461752 -0.887009 0
    outer loop
      vertex -3.375 -5.84567 8
      vertex -2.85267 -6.11758 13.34
      vertex -3.375 -5.84567 13.34
    endloop
  endfacet
  facet normal -0.461752 -0.887009 -0
    outer loop
      vertex -2.85267 -6.11758 13.34
      vertex -3.375 -5.84567 8
      vertex -2.85267 -6.11758 8
    endloop
  endfacet
  facet normal -0.382691 0.923876 0
    outer loop
      vertex -2.30864 6.34293 8
      vertex -2.85267 6.11758 13.34
      vertex -2.30864 6.34293 13.34
    endloop
  endfacet
  facet normal -0.382691 0.923876 0
    outer loop
      vertex -2.85267 6.11758 13.34
      vertex -2.30864 6.34293 8
      vertex -2.85267 6.11758 8
    endloop
  endfacet
  facet normal -0.608762 0.793353 0
    outer loop
      vertex -3.87164 5.52928 8
      vertex -4.33882 5.1708 13.34
      vertex -3.87164 5.52928 13.34
    endloop
  endfacet
  facet normal -0.608762 0.793353 0
    outer loop
      vertex -4.33882 5.1708 13.34
      vertex -3.87164 5.52928 8
      vertex -4.33882 5.1708 8
    endloop
  endfacet
  facet normal 0.300698 -0.953719 0
    outer loop
      vertex 1.74703 -6.52 8
      vertex 2.30864 -6.34293 13.34
      vertex 1.74703 -6.52 13.34
    endloop
  endfacet
  facet normal 0.300698 -0.953719 0
    outer loop
      vertex 2.30864 -6.34293 13.34
      vertex 1.74703 -6.52 8
      vertex 2.30864 -6.34293 8
    endloop
  endfacet
  facet normal -0.300698 0.953719 0
    outer loop
      vertex -1.74703 6.52 8
      vertex -2.30864 6.34293 13.34
      vertex -1.74703 6.52 13.34
    endloop
  endfacet
  facet normal -0.300698 0.953719 0
    outer loop
      vertex -2.30864 6.34293 13.34
      vertex -1.74703 6.52 8
      vertex -2.30864 6.34293 8
    endloop
  endfacet
  facet normal 0.843395 0.537294 0
    outer loop
      vertex 5.84567 3.375 13.34
      vertex 5.52928 3.87164 8
      vertex 5.52928 3.87164 13.34
    endloop
  endfacet
  facet normal 0.843395 0.537294 0
    outer loop
      vertex 5.52928 3.87164 8
      vertex 5.84567 3.375 13.34
      vertex 5.84567 3.375 8
    endloop
  endfacet
  facet normal -0.923876 0.382691 0
    outer loop
      vertex -6.34293 2.30864 8
      vertex -6.11758 2.85267 13.34
      vertex -6.11758 2.85267 8
    endloop
  endfacet
  facet normal -0.923876 0.382691 0
    outer loop
      vertex -6.11758 2.85267 13.34
      vertex -6.34293 2.30864 8
      vertex -6.34293 2.30864 13.34
    endloop
  endfacet
  facet normal 0.999048 -0.0436265 0
    outer loop
      vertex 6.72431 -0.588301 13.34
      vertex 6.75 0 8
      vertex 6.75 0 13.34
    endloop
  endfacet
  facet normal 0.999048 -0.0436265 0
    outer loop
      vertex 6.75 0 8
      vertex 6.72431 -0.588301 13.34
      vertex 6.72431 -0.588301 8
    endloop
  endfacet
  facet normal 0.887009 0.461752 0
    outer loop
      vertex 6.11758 2.85267 13.34
      vertex 5.84567 3.375 8
      vertex 5.84567 3.375 13.34
    endloop
  endfacet
  facet normal 0.887009 0.461752 0
    outer loop
      vertex 5.84567 3.375 8
      vertex 6.11758 2.85267 13.34
      vertex 6.11758 2.85267 8
    endloop
  endfacet
  facet normal -0.976298 0.216432 0
    outer loop
      vertex -6.64745 1.17212 8
      vertex -6.52 1.74703 13.34
      vertex -6.52 1.74703 8
    endloop
  endfacet
  facet normal -0.976298 0.216432 0
    outer loop
      vertex -6.52 1.74703 13.34
      vertex -6.64745 1.17212 8
      vertex -6.64745 1.17212 13.34
    endloop
  endfacet
  facet normal -0.999048 0.0436265 0
    outer loop
      vertex -6.75 0 8
      vertex -6.72431 0.588301 13.34
      vertex -6.72431 0.588301 8
    endloop
  endfacet
  facet normal -0.999048 0.0436265 0
    outer loop
      vertex -6.72431 0.588301 13.34
      vertex -6.75 0 8
      vertex -6.75 0 13.34
    endloop
  endfacet
  facet normal 0.675595 0.737273 -0
    outer loop
      vertex 4.77297 4.77297 8
      vertex 4.33882 5.1708 13.34
      vertex 4.77297 4.77297 13.34
    endloop
  endfacet
  facet normal 0.675595 0.737273 0
    outer loop
      vertex 4.33882 5.1708 13.34
      vertex 4.77297 4.77297 8
      vertex 4.33882 5.1708 8
    endloop
  endfacet
  facet normal -0.887009 0.461752 0
    outer loop
      vertex -6.11758 2.85267 8
      vertex -5.84567 3.375 13.34
      vertex -5.84567 3.375 8
    endloop
  endfacet
  facet normal -0.887009 0.461752 0
    outer loop
      vertex -5.84567 3.375 13.34
      vertex -6.11758 2.85267 8
      vertex -6.11758 2.85267 13.34
    endloop
  endfacet
  facet normal 0.216432 -0.976298 0
    outer loop
      vertex 1.17212 -6.64745 8
      vertex 1.74703 -6.52 13.34
      vertex 1.17212 -6.64745 13.34
    endloop
  endfacet
  facet normal 0.216432 -0.976298 0
    outer loop
      vertex 1.74703 -6.52 13.34
      vertex 1.17212 -6.64745 8
      vertex 1.74703 -6.52 8
    endloop
  endfacet
  facet normal 0.608762 0.793353 -0
    outer loop
      vertex 4.33882 5.1708 8
      vertex 3.87164 5.52928 13.34
      vertex 4.33882 5.1708 13.34
    endloop
  endfacet
  facet normal 0.608762 0.793353 0
    outer loop
      vertex 3.87164 5.52928 13.34
      vertex 4.33882 5.1708 8
      vertex 3.87164 5.52928 8
    endloop
  endfacet
  facet normal 0.0436265 -0.999048 0
    outer loop
      vertex 0 -6.75 8
      vertex 0.588301 -6.72431 13.34
      vertex 0 -6.75 13.34
    endloop
  endfacet
  facet normal 0.0436265 -0.999048 0
    outer loop
      vertex 0.588301 -6.72431 13.34
      vertex 0 -6.75 8
      vertex 0.588301 -6.72431 8
    endloop
  endfacet
  facet normal 0.953719 0.300698 0
    outer loop
      vertex 6.52 1.74703 13.34
      vertex 6.34293 2.30864 8
      vertex 6.34293 2.30864 13.34
    endloop
  endfacet
  facet normal 0.953719 0.300698 0
    outer loop
      vertex 6.34293 2.30864 8
      vertex 6.52 1.74703 13.34
      vertex 6.52 1.74703 8
    endloop
  endfacet
  facet normal 0.793353 -0.608762 0
    outer loop
      vertex 5.1708 -4.33882 13.34
      vertex 5.52928 -3.87164 8
      vertex 5.52928 -3.87164 13.34
    endloop
  endfacet
  facet normal 0.793353 -0.608762 0
    outer loop
      vertex 5.52928 -3.87164 8
      vertex 5.1708 -4.33882 13.34
      vertex 5.1708 -4.33882 8
    endloop
  endfacet
  facet normal 0.923876 -0.382691 0
    outer loop
      vertex 6.11758 -2.85267 13.34
      vertex 6.34293 -2.30864 8
      vertex 6.34293 -2.30864 13.34
    endloop
  endfacet
  facet normal 0.923876 -0.382691 0
    outer loop
      vertex 6.34293 -2.30864 8
      vertex 6.11758 -2.85267 13.34
      vertex 6.11758 -2.85267 8
    endloop
  endfacet
  facet normal -0.0436265 0.999048 0
    outer loop
      vertex 0 6.75 8
      vertex -0.588301 6.72431 13.34
      vertex 0 6.75 13.34
    endloop
  endfacet
  facet normal -0.0436265 0.999048 0
    outer loop
      vertex -0.588301 6.72431 13.34
      vertex 0 6.75 8
      vertex -0.588301 6.72431 8
    endloop
  endfacet
  facet normal 0.923876 0.382691 0
    outer loop
      vertex 6.34293 2.30864 13.34
      vertex 6.11758 2.85267 8
      vertex 6.11758 2.85267 13.34
    endloop
  endfacet
  facet normal 0.923876 0.382691 0
    outer loop
      vertex 6.11758 2.85267 8
      vertex 6.34293 2.30864 13.34
      vertex 6.34293 2.30864 8
    endloop
  endfacet
  facet normal 0.737273 0.675595 0
    outer loop
      vertex 5.1708 4.33882 13.34
      vertex 4.77297 4.77297 8
      vertex 4.77297 4.77297 13.34
    endloop
  endfacet
  facet normal 0.737273 0.675595 0
    outer loop
      vertex 4.77297 4.77297 8
      vertex 5.1708 4.33882 13.34
      vertex 5.1708 4.33882 8
    endloop
  endfacet
  facet normal 0.216432 0.976298 -0
    outer loop
      vertex 1.74703 6.52 8
      vertex 1.17212 6.64745 13.34
      vertex 1.74703 6.52 13.34
    endloop
  endfacet
  facet normal 0.216432 0.976298 0
    outer loop
      vertex 1.17212 6.64745 13.34
      vertex 1.74703 6.52 8
      vertex 1.17212 6.64745 8
    endloop
  endfacet
  facet normal 0 0 1
    outer loop
      vertex 4.5 0 13.34
      vertex 6.75 0 13.34
      vertex 6.72431 0.588301 13.34
    endloop
  endfacet
  facet normal 0 0 1
    outer loop
      vertex 4.48288 0.3922 13.34
      vertex 6.72431 0.588301 13.34
      vertex 6.64745 1.17212 13.34
    endloop
  endfacet
  facet normal 0 0 1
    outer loop
      vertex 6.75 0 13.34
      vertex 4.5 0 13.34
      vertex 6.72431 -0.588301 13.34
    endloop
  endfacet
  facet normal 0 0 1
    outer loop
      vertex 4.43163 0.781416 13.34
      vertex 6.64745 1.17212 13.34
      vertex 6.52 1.74703 13.34
    endloop
  endfacet
  facet normal -0 0 1
    outer loop
      vertex 4.48288 -0.3922 13.34
      vertex 6.72431 -0.588301 13.34
      vertex 4.5 0 13.34
    endloop
  endfacet
  facet normal 0 0 1
    outer loop
      vertex 4.34667 1.16469 13.34
      vertex 6.52 1.74703 13.34
      vertex 6.34293 2.30864 13.34
    endloop
  endfacet
  facet normal 0 0 1
    outer loop
      vertex 6.72431 -0.588301 13.34
      vertex 4.48288 -0.3922 13.34
      vertex 6.64745 -1.17212 13.34
    endloop
  endfacet
  facet normal 0 0 1
    outer loop
      vertex 4.22862 1.53909 13.34
      vertex 6.34293 2.30864 13.34
      vertex 6.11758 2.85267 13.34
    endloop
  endfacet
  facet normal -0 0 1
    outer loop
      vertex 4.43163 -0.781416 13.34
      vertex 6.64745 -1.17212 13.34
      vertex 4.48288 -0.3922 13.34
    endloop
  endfacet
  facet normal 0 0 1
    outer loop
      vertex 4.07838 1.90178 13.34
      vertex 6.11758 2.85267 13.34
      vertex 5.84567 3.375 13.34
    endloop
  endfacet
  facet normal 0 0 1
    outer loop
      vertex 6.64745 -1.17212 13.34
      vertex 4.43163 -0.781416 13.34
      vertex 6.52 -1.74703 13.34
    endloop
  endfacet
  facet normal 0 0 1
    outer loop
      vertex 3.89711 2.25 13.34
      vertex 5.84567 3.375 13.34
      vertex 5.52928 3.87164 13.34
    endloop
  endfacet
  facet normal -0 0 1
    outer loop
      vertex 4.34667 -1.16469 13.34
      vertex 6.52 -1.74703 13.34
      vertex 4.43163 -0.781416 13.34
    endloop
  endfacet
  facet normal 0 0 1
    outer loop
      vertex 3.68618 2.58109 13.34
      vertex 5.52928 3.87164 13.34
      vertex 5.1708 4.33882 13.34
    endloop
  endfacet
  facet normal 0 0 1
    outer loop
      vertex 6.52 -1.74703 13.34
      vertex 4.34667 -1.16469 13.34
      vertex 6.34293 -2.30864 13.34
    endloop
  endfacet
  facet normal 0 0 1
    outer loop
      vertex 3.4472 2.89254 13.34
      vertex 5.1708 4.33882 13.34
      vertex 4.77297 4.77297 13.34
    endloop
  endfacet
  facet normal -0 0 1
    outer loop
      vertex 4.22862 -1.53909 13.34
      vertex 6.34293 -2.30864 13.34
      vertex 4.34667 -1.16469 13.34
    endloop
  endfacet
  facet normal 0 0 1
    outer loop
      vertex 6.34293 -2.30864 13.34
      vertex 4.22862 -1.53909 13.34
      vertex 6.11758 -2.85267 13.34
    endloop
  endfacet
  facet normal 0 0 1
    outer loop
      vertex 6.72431 0.588301 13.34
      vertex 4.48288 0.3922 13.34
      vertex 4.5 0 13.34
    endloop
  endfacet
  facet normal 0 0 1
    outer loop
      vertex 6.64745 1.17212 13.34
      vertex 4.43163 0.781416 13.34
      vertex 4.48288 0.3922 13.34
    endloop
  endfacet
  facet normal 0 0 1
    outer loop
      vertex 6.52 1.74703 13.34
      vertex 4.34667 1.16469 13.34
      vertex 4.43163 0.781416 13.34
    endloop
  endfacet
  facet normal 0 0 1
    outer loop
      vertex 3.18198 3.18198 13.34
      vertex 4.77297 4.77297 13.34
      vertex 4.33882 5.1708 13.34
    endloop
  endfacet
  facet normal 0 0 1
    outer loop
      vertex 6.34293 2.30864 13.34
      vertex 4.22862 1.53909 13.34
      vertex 4.34667 1.16469 13.34
    endloop
  endfacet
  facet normal 0 0 1
    outer loop
      vertex 6.11758 2.85267 13.34
      vertex 4.07838 1.90178 13.34
      vertex 4.22862 1.53909 13.34
    endloop
  endfacet
  facet normal 0 0 1
    outer loop
      vertex 5.84567 3.375 13.34
      vertex 3.89711 2.25 13.34
      vertex 4.07838 1.90178 13.34
    endloop
  endfacet
  facet normal 0 0 1
    outer loop
      vertex 2.89254 3.4472 13.34
      vertex 4.33882 5.1708 13.34
      vertex 3.87164 5.52928 13.34
    endloop
  endfacet
  facet normal 0 0 1
    outer loop
      vertex 5.52928 3.87164 13.34
      vertex 3.68618 2.58109 13.34
      vertex 3.89711 2.25 13.34
    endloop
  endfacet
  facet normal 0 0 1
    outer loop
      vertex 5.1708 4.33882 13.34
      vertex 3.4472 2.89254 13.34
      vertex 3.68618 2.58109 13.34
    endloop
  endfacet
  facet normal 0 0 1
    outer loop
      vertex 2.58109 3.68618 13.34
      vertex 3.87164 5.52928 13.34
      vertex 3.375 5.84567 13.34
    endloop
  endfacet
  facet normal 0 0 1
    outer loop
      vertex 4.77297 4.77297 13.34
      vertex 3.18198 3.18198 13.34
      vertex 3.4472 2.89254 13.34
    endloop
  endfacet
  facet normal 0 0 1
    outer loop
      vertex 4.33882 5.1708 13.34
      vertex 2.89254 3.4472 13.34
      vertex 3.18198 3.18198 13.34
    endloop
  endfacet
  facet normal 0 0 1
    outer loop
      vertex 2.25 3.89711 13.34
      vertex 3.375 5.84567 13.34
      vertex 2.85267 6.11758 13.34
    endloop
  endfacet
  facet normal 0 0 1
    outer loop
      vertex 3.87164 5.52928 13.34
      vertex 2.58109 3.68618 13.34
      vertex 2.89254 3.4472 13.34
    endloop
  endfacet
  facet normal 0 0 1
    outer loop
      vertex 1.90178 4.07838 13.34
      vertex 2.85267 6.11758 13.34
      vertex 2.30864 6.34293 13.34
    endloop
  endfacet
  facet normal 0 0 1
    outer loop
      vertex 3.375 5.84567 13.34
      vertex 2.25 3.89711 13.34
      vertex 2.58109 3.68618 13.34
    endloop
  endfacet
  facet normal 0 0 1
    outer loop
      vertex 2.85267 6.11758 13.34
      vertex 1.90178 4.07838 13.34
      vertex 2.25 3.89711 13.34
    endloop
  endfacet
  facet normal 0 0 1
    outer loop
      vertex 1.53909 4.22862 13.34
      vertex 2.30864 6.34293 13.34
      vertex 1.74703 6.52 13.34
    endloop
  endfacet
  facet normal 0 0 1
    outer loop
      vertex 2.30864 6.34293 13.34
      vertex 1.53909 4.22862 13.34
      vertex 1.90178 4.07838 13.34
    endloop
  endfacet
  facet normal 0 0 1
    outer loop
      vertex 1.16469 4.34667 13.34
      vertex 1.74703 6.52 13.34
      vertex 1.17212 6.64745 13.34
    endloop
  endfacet
  facet normal 0 0 1
    outer loop
      vertex 1.74703 6.52 13.34
      vertex 1.16469 4.34667 13.34
      vertex 1.53909 4.22862 13.34
    endloop
  endfacet
  facet normal 0 0 1
    outer loop
      vertex 1.17212 6.64745 13.34
      vertex 0.781416 4.43163 13.34
      vertex 1.16469 4.34667 13.34
    endloop
  endfacet
  facet normal 0 0 1
    outer loop
      vertex 0.588301 6.72431 13.34
      vertex 0.781416 4.43163 13.34
      vertex 1.17212 6.64745 13.34
    endloop
  endfacet
  facet normal 0 0 1
    outer loop
      vertex 0.588301 6.72431 13.34
      vertex 0.3922 4.48288 13.34
      vertex 0.781416 4.43163 13.34
    endloop
  endfacet
  facet normal 0 0 1
    outer loop
      vertex 0 6.75 13.34
      vertex 0.3922 4.48288 13.34
      vertex 0.588301 6.72431 13.34
    endloop
  endfacet
  facet normal 0 0 1
    outer loop
      vertex 0 6.75 13.34
      vertex 0 4.5 13.34
      vertex 0.3922 4.48288 13.34
    endloop
  endfacet
  facet normal 0 0 1
    outer loop
      vertex 0 6.75 13.34
      vertex -0.3922 4.48288 13.34
      vertex 0 4.5 13.34
    endloop
  endfacet
  facet normal -0 0 1
    outer loop
      vertex -0.588301 6.72431 13.34
      vertex -0.3922 4.48288 13.34
      vertex 0 6.75 13.34
    endloop
  endfacet
  facet normal 0 0 1
    outer loop
      vertex -0.588301 6.72431 13.34
      vertex -0.781416 4.43163 13.34
      vertex -0.3922 4.48288 13.34
    endloop
  endfacet
  facet normal -0 0 1
    outer loop
      vertex -1.17212 6.64745 13.34
      vertex -0.781416 4.43163 13.34
      vertex -0.588301 6.72431 13.34
    endloop
  endfacet
  facet normal 0 0 1
    outer loop
      vertex -0.781416 4.43163 13.34
      vertex -1.17212 6.64745 13.34
      vertex -1.16469 4.34667 13.34
    endloop
  endfacet
  facet normal -0 0 1
    outer loop
      vertex -1.74703 6.52 13.34
      vertex -1.16469 4.34667 13.34
      vertex -1.17212 6.64745 13.34
    endloop
  endfacet
  facet normal 0 0 1
    outer loop
      vertex -1.16469 4.34667 13.34
      vertex -1.74703 6.52 13.34
      vertex -1.53909 4.22862 13.34
    endloop
  endfacet
  facet normal -0 0 1
    outer loop
      vertex -2.30864 6.34293 13.34
      vertex -1.53909 4.22862 13.34
      vertex -1.74703 6.52 13.34
    endloop
  endfacet
  facet normal 0 0 1
    outer loop
      vertex -1.53909 4.22862 13.34
      vertex -2.30864 6.34293 13.34
      vertex -1.90178 4.07838 13.34
    endloop
  endfacet
  facet normal -0 0 1
    outer loop
      vertex -2.85267 6.11758 13.34
      vertex -1.90178 4.07838 13.34
      vertex -2.30864 6.34293 13.34
    endloop
  endfacet
  facet normal 0 0 1
    outer loop
      vertex -1.90178 4.07838 13.34
      vertex -2.85267 6.11758 13.34
      vertex -2.25 3.89711 13.34
    endloop
  endfacet
  facet normal -0 0 1
    outer loop
      vertex -3.375 5.84567 13.34
      vertex -2.25 3.89711 13.34
      vertex -2.85267 6.11758 13.34
    endloop
  endfacet
  facet normal 0 0 1
    outer loop
      vertex -2.25 3.89711 13.34
      vertex -3.375 5.84567 13.34
      vertex -2.58109 3.68618 13.34
    endloop
  endfacet
  facet normal -0 0 1
    outer loop
      vertex -3.87164 5.52928 13.34
      vertex -2.58109 3.68618 13.34
      vertex -3.375 5.84567 13.34
    endloop
  endfacet
  facet normal 0 0 1
    outer loop
      vertex -2.58109 3.68618 13.34
      vertex -3.87164 5.52928 13.34
      vertex -2.89254 3.4472 13.34
    endloop
  endfacet
  facet normal -0 0 1
    outer loop
      vertex -4.33882 5.1708 13.34
      vertex -2.89254 3.4472 13.34
      vertex -3.87164 5.52928 13.34
    endloop
  endfacet
  facet normal 0 0 1
    outer loop
      vertex -2.89254 3.4472 13.34
      vertex -4.33882 5.1708 13.34
      vertex -3.18198 3.18198 13.34
    endloop
  endfacet
  facet normal -0 0 1
    outer loop
      vertex -4.77297 4.77297 13.34
      vertex -3.18198 3.18198 13.34
      vertex -4.33882 5.1708 13.34
    endloop
  endfacet
  facet normal 0 0 1
    outer loop
      vertex -3.18198 3.18198 13.34
      vertex -4.77297 4.77297 13.34
      vertex -3.4472 2.89254 13.34
    endloop
  endfacet
  facet normal -0 0 1
    outer loop
      vertex -5.1708 4.33882 13.34
      vertex -3.4472 2.89254 13.34
      vertex -4.77297 4.77297 13.34
    endloop
  endfacet
  facet normal 0 0 1
    outer loop
      vertex -3.4472 2.89254 13.34
      vertex -5.1708 4.33882 13.34
      vertex -3.68618 2.58109 13.34
    endloop
  endfacet
  facet normal -0 0 1
    outer loop
      vertex -5.52928 3.87164 13.34
      vertex -3.68618 2.58109 13.34
      vertex -5.1708 4.33882 13.34
    endloop
  endfacet
  facet normal 0 0 1
    outer loop
      vertex -3.68618 2.58109 13.34
      vertex -5.52928 3.87164 13.34
      vertex -3.89711 2.25 13.34
    endloop
  endfacet
  facet normal -0 0 1
    outer loop
      vertex -5.84567 3.375 13.34
      vertex -3.89711 2.25 13.34
      vertex -5.52928 3.87164 13.34
    endloop
  endfacet
  facet normal 0 0 1
    outer loop
      vertex -3.89711 2.25 13.34
      vertex -5.84567 3.375 13.34
      vertex -4.07838 1.90178 13.34
    endloop
  endfacet
  facet normal -0 0 1
    outer loop
      vertex -6.11758 2.85267 13.34
      vertex -4.07838 1.90178 13.34
      vertex -5.84567 3.375 13.34
    endloop
  endfacet
  facet normal 0 0 1
    outer loop
      vertex -4.07838 1.90178 13.34
      vertex -6.11758 2.85267 13.34
      vertex -4.22862 1.53909 13.34
    endloop
  endfacet
  facet normal -0 0 1
    outer loop
      vertex 4.07838 -1.90178 13.34
      vertex 6.11758 -2.85267 13.34
      vertex 4.22862 -1.53909 13.34
    endloop
  endfacet
  facet normal 0 0 1
    outer loop
      vertex 6.11758 -2.85267 13.34
      vertex 4.07838 -1.90178 13.34
      vertex 5.84567 -3.375 13.34
    endloop
  endfacet
  facet normal -0 0 1
    outer loop
      vertex 3.89711 -2.25 13.34
      vertex 5.84567 -3.375 13.34
      vertex 4.07838 -1.90178 13.34
    endloop
  endfacet
  facet normal 0 0 1
    outer loop
      vertex 5.84567 -3.375 13.34
      vertex 3.89711 -2.25 13.34
      vertex 5.52928 -3.87164 13.34
    endloop
  endfacet
  facet normal -0 0 1
    outer loop
      vertex 3.68618 -2.58109 13.34
      vertex 5.52928 -3.87164 13.34
      vertex 3.89711 -2.25 13.34
    endloop
  endfacet
  facet normal 0 0 1
    outer loop
      vertex 5.52928 -3.87164 13.34
      vertex 3.68618 -2.58109 13.34
      vertex 5.1708 -4.33882 13.34
    endloop
  endfacet
  facet normal -0 0 1
    outer loop
      vertex 3.4472 -2.89254 13.34
      vertex 5.1708 -4.33882 13.34
      vertex 3.68618 -2.58109 13.34
    endloop
  endfacet
  facet normal 0 0 1
    outer loop
      vertex 5.1708 -4.33882 13.34
      vertex 3.4472 -2.89254 13.34
      vertex 4.77297 -4.77297 13.34
    endloop
  endfacet
  facet normal -0 0 1
    outer loop
      vertex 3.18198 -3.18198 13.34
      vertex 4.77297 -4.77297 13.34
      vertex 3.4472 -2.89254 13.34
    endloop
  endfacet
  facet normal 0 0 1
    outer loop
      vertex 4.77297 -4.77297 13.34
      vertex 3.18198 -3.18198 13.34
      vertex 4.33882 -5.1708 13.34
    endloop
  endfacet
  facet normal -0 0 1
    outer loop
      vertex 2.89254 -3.4472 13.34
      vertex 4.33882 -5.1708 13.34
      vertex 3.18198 -3.18198 13.34
    endloop
  endfacet
  facet normal 0 0 1
    outer loop
      vertex 4.33882 -5.1708 13.34
      vertex 2.89254 -3.4472 13.34
      vertex 3.87164 -5.52928 13.34
    endloop
  endfacet
  facet normal -0 0 1
    outer loop
      vertex 2.58109 -3.68618 13.34
      vertex 3.87164 -5.52928 13.34
      vertex 2.89254 -3.4472 13.34
    endloop
  endfacet
  facet normal 0 0 1
    outer loop
      vertex 3.87164 -5.52928 13.34
      vertex 2.58109 -3.68618 13.34
      vertex 3.375 -5.84567 13.34
    endloop
  endfacet
  facet normal -0 0 1
    outer loop
      vertex 2.25 -3.89711 13.34
      vertex 3.375 -5.84567 13.34
      vertex 2.58109 -3.68618 13.34
    endloop
  endfacet
  facet normal 0 0 1
    outer loop
      vertex 3.375 -5.84567 13.34
      vertex 2.25 -3.89711 13.34
      vertex 2.85267 -6.11758 13.34
    endloop
  endfacet
  facet normal -0 0 1
    outer loop
      vertex 1.90178 -4.07838 13.34
      vertex 2.85267 -6.11758 13.34
      vertex 2.25 -3.89711 13.34
    endloop
  endfacet
  facet normal 0 0 1
    outer loop
      vertex 2.85267 -6.11758 13.34
      vertex 1.90178 -4.07838 13.34
      vertex 2.30864 -6.34293 13.34
    endloop
  endfacet
  facet normal -0 0 1
    outer loop
      vertex 1.53909 -4.22862 13.34
      vertex 2.30864 -6.34293 13.34
      vertex 1.90178 -4.07838 13.34
    endloop
  endfacet
  facet normal 0 0 1
    outer loop
      vertex 2.30864 -6.34293 13.34
      vertex 1.53909 -4.22862 13.34
      vertex 1.74703 -6.52 13.34
    endloop
  endfacet
  facet normal -0 0 1
    outer loop
      vertex 1.16469 -4.34667 13.34
      vertex 1.74703 -6.52 13.34
      vertex 1.53909 -4.22862 13.34
    endloop
  endfacet
  facet normal 0 0 1
    outer loop
      vertex 1.74703 -6.52 13.34
      vertex 1.16469 -4.34667 13.34
      vertex 1.17212 -6.64745 13.34
    endloop
  endfacet
  facet normal -0 0 1
    outer loop
      vertex 0.781416 -4.43163 13.34
      vertex 1.17212 -6.64745 13.34
      vertex 1.16469 -4.34667 13.34
    endloop
  endfacet
  facet normal 0 0 1
    outer loop
      vertex 0.781416 -4.43163 13.34
      vertex 0.588301 -6.72431 13.34
      vertex 1.17212 -6.64745 13.34
    endloop
  endfacet
  facet normal -0 0 1
    outer loop
      vertex 0.3922 -4.48288 13.34
      vertex 0.588301 -6.72431 13.34
      vertex 0.781416 -4.43163 13.34
    endloop
  endfacet
  facet normal -0 0 1
    outer loop
      vertex 0 -4.5 13.34
      vertex 0.588301 -6.72431 13.34
      vertex 0.3922 -4.48288 13.34
    endloop
  endfacet
  facet normal 0 0 1
    outer loop
      vertex 0 -4.5 13.34
      vertex 0 -6.75 13.34
      vertex 0.588301 -6.72431 13.34
    endloop
  endfacet
  facet normal 0 0 1
    outer loop
      vertex -0.3922 -4.48288 13.34
      vertex 0 -6.75 13.34
      vertex 0 -4.5 13.34
    endloop
  endfacet
  facet normal 0 0 1
    outer loop
      vertex -0.3922 -4.48288 13.34
      vertex -0.588301 -6.72431 13.34
      vertex 0 -6.75 13.34
    endloop
  endfacet
  facet normal 0 0 1
    outer loop
      vertex -0.781416 -4.43163 13.34
      vertex -0.588301 -6.72431 13.34
      vertex -0.3922 -4.48288 13.34
    endloop
  endfacet
  facet normal 0 0 1
    outer loop
      vertex -1.17212 -6.64745 13.34
      vertex -0.781416 -4.43163 13.34
      vertex -1.16469 -4.34667 13.34
    endloop
  endfacet
  facet normal 0 0 1
    outer loop
      vertex -0.781416 -4.43163 13.34
      vertex -1.17212 -6.64745 13.34
      vertex -0.588301 -6.72431 13.34
    endloop
  endfacet
  facet normal 0 0 1
    outer loop
      vertex -1.74703 -6.52 13.34
      vertex -1.16469 -4.34667 13.34
      vertex -1.53909 -4.22862 13.34
    endloop
  endfacet
  facet normal 0 0 1
    outer loop
      vertex -1.16469 -4.34667 13.34
      vertex -1.74703 -6.52 13.34
      vertex -1.17212 -6.64745 13.34
    endloop
  endfacet
  facet normal 0 0 1
    outer loop
      vertex -2.30864 -6.34293 13.34
      vertex -1.53909 -4.22862 13.34
      vertex -1.90178 -4.07838 13.34
    endloop
  endfacet
  facet normal 0 0 1
    outer loop
      vertex -2.85267 -6.11758 13.34
      vertex -1.90178 -4.07838 13.34
      vertex -2.25 -3.89711 13.34
    endloop
  endfacet
  facet normal 0 0 1
    outer loop
      vertex -1.53909 -4.22862 13.34
      vertex -2.30864 -6.34293 13.34
      vertex -1.74703 -6.52 13.34
    endloop
  endfacet
  facet normal 0 0 1
    outer loop
      vertex -3.375 -5.84567 13.34
      vertex -2.25 -3.89711 13.34
      vertex -2.58109 -3.68618 13.34
    endloop
  endfacet
  facet normal 0 0 1
    outer loop
      vertex -1.90178 -4.07838 13.34
      vertex -2.85267 -6.11758 13.34
      vertex -2.30864 -6.34293 13.34
    endloop
  endfacet
  facet normal 0 0 1
    outer loop
      vertex -3.87164 -5.52928 13.34
      vertex -2.58109 -3.68618 13.34
      vertex -2.89254 -3.4472 13.34
    endloop
  endfacet
  facet normal 0 0 1
    outer loop
      vertex -4.33882 -5.1708 13.34
      vertex -2.89254 -3.4472 13.34
      vertex -3.18198 -3.18198 13.34
    endloop
  endfacet
  facet normal 0 0 1
    outer loop
      vertex -2.25 -3.89711 13.34
      vertex -3.375 -5.84567 13.34
      vertex -2.85267 -6.11758 13.34
    endloop
  endfacet
  facet normal 0 0 1
    outer loop
      vertex -4.77297 -4.77297 13.34
      vertex -3.18198 -3.18198 13.34
      vertex -3.4472 -2.89254 13.34
    endloop
  endfacet
  facet normal 0 0 1
    outer loop
      vertex -5.1708 -4.33882 13.34
      vertex -3.4472 -2.89254 13.34
      vertex -3.68618 -2.58109 13.34
    endloop
  endfacet
  facet normal 0 0 1
    outer loop
      vertex -2.58109 -3.68618 13.34
      vertex -3.87164 -5.52928 13.34
      vertex -3.375 -5.84567 13.34
    endloop
  endfacet
  facet normal 0 0 1
    outer loop
      vertex -5.52928 -3.87164 13.34
      vertex -3.68618 -2.58109 13.34
      vertex -3.89711 -2.25 13.34
    endloop
  endfacet
  facet normal 0 0 1
    outer loop
      vertex -5.84567 -3.375 13.34
      vertex -3.89711 -2.25 13.34
      vertex -4.07838 -1.90178 13.34
    endloop
  endfacet
  facet normal 0 0 1
    outer loop
      vertex -6.11758 -2.85267 13.34
      vertex -4.07838 -1.90178 13.34
      vertex -4.22862 -1.53909 13.34
    endloop
  endfacet
  facet normal 0 0 1
    outer loop
      vertex -2.89254 -3.4472 13.34
      vertex -4.33882 -5.1708 13.34
      vertex -3.87164 -5.52928 13.34
    endloop
  endfacet
  facet normal 0 0 1
    outer loop
      vertex -6.34293 -2.30864 13.34
      vertex -4.22862 -1.53909 13.34
      vertex -4.34667 -1.16469 13.34
    endloop
  endfacet
  facet normal 0 0 1
    outer loop
      vertex -6.52 -1.74703 13.34
      vertex -4.34667 -1.16469 13.34
      vertex -4.43163 -0.781416 13.34
    endloop
  endfacet
  facet normal 0 0 1
    outer loop
      vertex -6.64745 -1.17212 13.34
      vertex -4.43163 -0.781416 13.34
      vertex -4.48288 -0.3922 13.34
    endloop
  endfacet
  facet normal 0 0 1
    outer loop
      vertex -6.72431 -0.588301 13.34
      vertex -4.48288 -0.3922 13.34
      vertex -4.5 0 13.34
    endloop
  endfacet
  facet normal -0 0 1
    outer loop
      vertex -6.34293 2.30864 13.34
      vertex -4.22862 1.53909 13.34
      vertex -6.11758 2.85267 13.34
    endloop
  endfacet
  facet normal 0 0 1
    outer loop
      vertex -3.18198 -3.18198 13.34
      vertex -4.77297 -4.77297 13.34
      vertex -4.33882 -5.1708 13.34
    endloop
  endfacet
  facet normal 0 0 1
    outer loop
      vertex -4.22862 1.53909 13.34
      vertex -6.34293 2.30864 13.34
      vertex -4.34667 1.16469 13.34
    endloop
  endfacet
  facet normal 0 0 1
    outer loop
      vertex -3.4472 -2.89254 13.34
      vertex -5.1708 -4.33882 13.34
      vertex -4.77297 -4.77297 13.34
    endloop
  endfacet
  facet normal -0 0 1
    outer loop
      vertex -6.52 1.74703 13.34
      vertex -4.34667 1.16469 13.34
      vertex -6.34293 2.30864 13.34
    endloop
  endfacet
  facet normal 0 0 1
    outer loop
      vertex -3.68618 -2.58109 13.34
      vertex -5.52928 -3.87164 13.34
      vertex -5.1708 -4.33882 13.34
    endloop
  endfacet
  facet normal 0 0 1
    outer loop
      vertex -4.34667 1.16469 13.34
      vertex -6.52 1.74703 13.34
      vertex -4.43163 0.781416 13.34
    endloop
  endfacet
  facet normal 0 0 1
    outer loop
      vertex -3.89711 -2.25 13.34
      vertex -5.84567 -3.375 13.34
      vertex -5.52928 -3.87164 13.34
    endloop
  endfacet
  facet normal -0 0 1
    outer loop
      vertex -6.64745 1.17212 13.34
      vertex -4.43163 0.781416 13.34
      vertex -6.52 1.74703 13.34
    endloop
  endfacet
  facet normal 0 0 1
    outer loop
      vertex -4.07838 -1.90178 13.34
      vertex -6.11758 -2.85267 13.34
      vertex -5.84567 -3.375 13.34
    endloop
  endfacet
  facet normal 0 0 1
    outer loop
      vertex -4.43163 0.781416 13.34
      vertex -6.64745 1.17212 13.34
      vertex -4.48288 0.3922 13.34
    endloop
  endfacet
  facet normal 0 0 1
    outer loop
      vertex -4.22862 -1.53909 13.34
      vertex -6.34293 -2.30864 13.34
      vertex -6.11758 -2.85267 13.34
    endloop
  endfacet
  facet normal -0 0 1
    outer loop
      vertex -6.72431 0.588301 13.34
      vertex -4.48288 0.3922 13.34
      vertex -6.64745 1.17212 13.34
    endloop
  endfacet
  facet normal 0 0 1
    outer loop
      vertex -4.34667 -1.16469 13.34
      vertex -6.52 -1.74703 13.34
      vertex -6.34293 -2.30864 13.34
    endloop
  endfacet
  facet normal 0 0 1
    outer loop
      vertex -4.48288 0.3922 13.34
      vertex -6.72431 0.588301 13.34
      vertex -4.5 0 13.34
    endloop
  endfacet
  facet normal 0 0 1
    outer loop
      vertex -4.43163 -0.781416 13.34
      vertex -6.64745 -1.17212 13.34
      vertex -6.52 -1.74703 13.34
    endloop
  endfacet
  facet normal 0 0 1
    outer loop
      vertex -6.75 0 13.34
      vertex -4.5 0 13.34
      vertex -6.72431 0.588301 13.34
    endloop
  endfacet
  facet normal 0 0 1
    outer loop
      vertex -4.48288 -0.3922 13.34
      vertex -6.72431 -0.588301 13.34
      vertex -6.64745 -1.17212 13.34
    endloop
  endfacet
  facet normal 0 0 1
    outer loop
      vertex -4.5 0 13.34
      vertex -6.75 0 13.34
      vertex -6.72431 -0.588301 13.34
    endloop
  endfacet
  facet normal -0.675595 0.737273 0
    outer loop
      vertex -4.33882 5.1708 8
      vertex -4.77297 4.77297 13.34
      vertex -4.33882 5.1708 13.34
    endloop
  endfacet
  facet normal -0.675595 0.737273 0
    outer loop
      vertex -4.77297 4.77297 13.34
      vertex -4.33882 5.1708 8
      vertex -4.77297 4.77297 8
    endloop
  endfacet
  facet normal -0.953719 0.300698 0
    outer loop
      vertex -6.52 1.74703 8
      vertex -6.34293 2.30864 13.34
      vertex -6.34293 2.30864 8
    endloop
  endfacet
  facet normal -0.953719 0.300698 0
    outer loop
      vertex -6.34293 2.30864 13.34
      vertex -6.52 1.74703 8
      vertex -6.52 1.74703 13.34
    endloop
  endfacet
  facet normal -0.737273 -0.675595 0
    outer loop
      vertex -4.77297 -4.77297 8
      vertex -5.1708 -4.33882 13.34
      vertex -5.1708 -4.33882 8
    endloop
  endfacet
  facet normal -0.737273 -0.675595 0
    outer loop
      vertex -5.1708 -4.33882 13.34
      vertex -4.77297 -4.77297 8
      vertex -4.77297 -4.77297 13.34
    endloop
  endfacet
  facet normal -0.976298 -0.216432 0
    outer loop
      vertex -6.52 -1.74703 8
      vertex -6.64745 -1.17212 13.34
      vertex -6.64745 -1.17212 8
    endloop
  endfacet
  facet normal -0.976298 -0.216432 0
    outer loop
      vertex -6.64745 -1.17212 13.34
      vertex -6.52 -1.74703 8
      vertex -6.52 -1.74703 13.34
    endloop
  endfacet
  facet normal -0.675595 -0.737273 0
    outer loop
      vertex -4.77297 -4.77297 8
      vertex -4.33882 -5.1708 13.34
      vertex -4.77297 -4.77297 13.34
    endloop
  endfacet
  facet normal -0.675595 -0.737273 -0
    outer loop
      vertex -4.33882 -5.1708 13.34
      vertex -4.77297 -4.77297 8
      vertex -4.33882 -5.1708 8
    endloop
  endfacet
  facet normal -0.793353 -0.608762 0
    outer loop
      vertex -5.1708 -4.33882 8
      vertex -5.52928 -3.87164 13.34
      vertex -5.52928 -3.87164 8
    endloop
  endfacet
  facet normal -0.793353 -0.608762 0
    outer loop
      vertex -5.52928 -3.87164 13.34
      vertex -5.1708 -4.33882 8
      vertex -5.1708 -4.33882 13.34
    endloop
  endfacet
  facet normal 0.382691 -0.923876 0
    outer loop
      vertex 2.30864 -6.34293 8
      vertex 2.85267 -6.11758 13.34
      vertex 2.30864 -6.34293 13.34
    endloop
  endfacet
  facet normal 0.382691 -0.923876 0
    outer loop
      vertex 2.85267 -6.11758 13.34
      vertex 2.30864 -6.34293 8
      vertex 2.85267 -6.11758 8
    endloop
  endfacet
  facet normal -0.999048 -0.0436265 0
    outer loop
      vertex -6.72431 -0.588301 8
      vertex -6.75 0 13.34
      vertex -6.75 0 8
    endloop
  endfacet
  facet normal -0.999048 -0.0436265 0
    outer loop
      vertex -6.75 0 13.34
      vertex -6.72431 -0.588301 8
      vertex -6.72431 -0.588301 13.34
    endloop
  endfacet
  facet normal 0.991445 -0.130524 0
    outer loop
      vertex 6.64745 -1.17212 13.34
      vertex 6.72431 -0.588301 8
      vertex 6.72431 -0.588301 13.34
    endloop
  endfacet
  facet normal 0.991445 -0.130524 0
    outer loop
      vertex 6.72431 -0.588301 8
      vertex 6.64745 -1.17212 13.34
      vertex 6.64745 -1.17212 8
    endloop
  endfacet
  facet normal -0.537294 -0.843395 0
    outer loop
      vertex -3.87164 -5.52928 8
      vertex -3.375 -5.84567 13.34
      vertex -3.87164 -5.52928 13.34
    endloop
  endfacet
  facet normal -0.537294 -0.843395 -0
    outer loop
      vertex -3.375 -5.84567 13.34
      vertex -3.87164 -5.52928 8
      vertex -3.375 -5.84567 8
    endloop
  endfacet
  facet normal 0.537294 -0.843395 0
    outer loop
      vertex 3.375 -5.84567 8
      vertex 3.87164 -5.52928 13.34
      vertex 3.375 -5.84567 13.34
    endloop
  endfacet
  facet normal 0.537294 -0.843395 0
    outer loop
      vertex 3.87164 -5.52928 13.34
      vertex 3.375 -5.84567 8
      vertex 3.87164 -5.52928 8
    endloop
  endfacet
  facet normal -0.130524 0.991445 0
    outer loop
      vertex -0.588301 6.72431 8
      vertex -1.17212 6.64745 13.34
      vertex -0.588301 6.72431 13.34
    endloop
  endfacet
  facet normal -0.130524 0.991445 0
    outer loop
      vertex -1.17212 6.64745 13.34
      vertex -0.588301 6.72431 8
      vertex -1.17212 6.64745 8
    endloop
  endfacet
  facet normal 0.976298 -0.216432 0
    outer loop
      vertex 6.52 -1.74703 13.34
      vertex 6.64745 -1.17212 8
      vertex 6.64745 -1.17212 13.34
    endloop
  endfacet
  facet normal 0.976298 -0.216432 0
    outer loop
      vertex 6.64745 -1.17212 8
      vertex 6.52 -1.74703 13.34
      vertex 6.52 -1.74703 8
    endloop
  endfacet
  facet normal -0.843395 -0.537294 0
    outer loop
      vertex -5.52928 -3.87164 8
      vertex -5.84567 -3.375 13.34
      vertex -5.84567 -3.375 8
    endloop
  endfacet
  facet normal -0.843395 -0.537294 0
    outer loop
      vertex -5.84567 -3.375 13.34
      vertex -5.52928 -3.87164 8
      vertex -5.52928 -3.87164 13.34
    endloop
  endfacet
  facet normal -0.793353 0.608762 0
    outer loop
      vertex -5.52928 3.87164 8
      vertex -5.1708 4.33882 13.34
      vertex -5.1708 4.33882 8
    endloop
  endfacet
  facet normal -0.793353 0.608762 0
    outer loop
      vertex -5.1708 4.33882 13.34
      vertex -5.52928 3.87164 8
      vertex -5.52928 3.87164 13.34
    endloop
  endfacet
  facet normal -0.0436265 -0.999048 0
    outer loop
      vertex -0.588301 -6.72431 8
      vertex 0 -6.75 13.34
      vertex -0.588301 -6.72431 13.34
    endloop
  endfacet
  facet normal -0.0436265 -0.999048 -0
    outer loop
      vertex 0 -6.75 13.34
      vertex -0.588301 -6.72431 8
      vertex 0 -6.75 8
    endloop
  endfacet
  facet normal -0.537294 0.843395 0
    outer loop
      vertex -3.375 5.84567 8
      vertex -3.87164 5.52928 13.34
      vertex -3.375 5.84567 13.34
    endloop
  endfacet
  facet normal -0.537294 0.843395 0
    outer loop
      vertex -3.87164 5.52928 13.34
      vertex -3.375 5.84567 8
      vertex -3.87164 5.52928 8
    endloop
  endfacet
  facet normal -0.991445 0.130524 0
    outer loop
      vertex -6.72431 0.588301 8
      vertex -6.64745 1.17212 13.34
      vertex -6.64745 1.17212 8
    endloop
  endfacet
  facet normal -0.991445 0.130524 0
    outer loop
      vertex -6.64745 1.17212 13.34
      vertex -6.72431 0.588301 8
      vertex -6.72431 0.588301 13.34
    endloop
  endfacet
  facet normal -0.382691 -0.923876 0
    outer loop
      vertex -2.85267 -6.11758 8
      vertex -2.30864 -6.34293 13.34
      vertex -2.85267 -6.11758 13.34
    endloop
  endfacet
  facet normal -0.382691 -0.923876 -0
    outer loop
      vertex -2.30864 -6.34293 13.34
      vertex -2.85267 -6.11758 8
      vertex -2.30864 -6.34293 8
    endloop
  endfacet
  facet normal -0.300698 -0.953719 0
    outer loop
      vertex -2.30864 -6.34293 8
      vertex -1.74703 -6.52 13.34
      vertex -2.30864 -6.34293 13.34
    endloop
  endfacet
  facet normal -0.300698 -0.953719 -0
    outer loop
      vertex -1.74703 -6.52 13.34
      vertex -2.30864 -6.34293 8
      vertex -1.74703 -6.52 8
    endloop
  endfacet
  facet normal -0.843395 0.537294 0
    outer loop
      vertex -5.84567 3.375 8
      vertex -5.52928 3.87164 13.34
      vertex -5.52928 3.87164 8
    endloop
  endfacet
  facet normal -0.843395 0.537294 0
    outer loop
      vertex -5.52928 3.87164 13.34
      vertex -5.84567 3.375 8
      vertex -5.84567 3.375 13.34
    endloop
  endfacet
  facet normal 0.843395 -0.537294 0
    outer loop
      vertex 5.52928 -3.87164 13.34
      vertex 5.84567 -3.375 8
      vertex 5.84567 -3.375 13.34
    endloop
  endfacet
  facet normal 0.843395 -0.537294 0
    outer loop
      vertex 5.84567 -3.375 8
      vertex 5.52928 -3.87164 13.34
      vertex 5.52928 -3.87164 8
    endloop
  endfacet
  facet normal 0.675595 -0.737273 0
    outer loop
      vertex 4.33882 -5.1708 8
      vertex 4.77297 -4.77297 13.34
      vertex 4.33882 -5.1708 13.34
    endloop
  endfacet
  facet normal 0.675595 -0.737273 0
    outer loop
      vertex 4.77297 -4.77297 13.34
      vertex 4.33882 -5.1708 8
      vertex 4.77297 -4.77297 8
    endloop
  endfacet
  facet normal 0.130524 0.991445 -0
    outer loop
      vertex 1.17212 6.64745 8
      vertex 0.588301 6.72431 13.34
      vertex 1.17212 6.64745 13.34
    endloop
  endfacet
  facet normal 0.130524 0.991445 0
    outer loop
      vertex 0.588301 6.72431 13.34
      vertex 1.17212 6.64745 8
      vertex 0.588301 6.72431 8
    endloop
  endfacet
  facet normal -0.991442 -0.130548 0
    outer loop
      vertex 4.48288 0.3922 0.790001
      vertex 4.43163 0.781416 13.34
      vertex 4.43163 0.781416 0.790001
    endloop
  endfacet
  facet normal -0.991442 -0.130548 0
    outer loop
      vertex 4.43163 0.781416 13.34
      vertex 4.48288 0.3922 0.790001
      vertex 4.48288 0.3922 13.34
    endloop
  endfacet
  facet normal -0.999049 -0.0436097 0
    outer loop
      vertex 4.5 0 0.790001
      vertex 4.48288 0.3922 13.34
      vertex 4.48288 0.3922 0.790001
    endloop
  endfacet
  facet normal -0.999049 -0.0436097 0
    outer loop
      vertex 4.48288 0.3922 13.34
      vertex 4.5 0 0.790001
      vertex 4.5 0 13.34
    endloop
  endfacet
  facet normal -0.976301 -0.216416 0
    outer loop
      vertex 4.43163 0.781416 0.790001
      vertex 4.34667 1.16469 13.34
      vertex 4.34667 1.16469 0.790001
    endloop
  endfacet
  facet normal -0.976301 -0.216416 0
    outer loop
      vertex 4.34667 1.16469 13.34
      vertex 4.43163 0.781416 0.790001
      vertex 4.43163 0.781416 13.34
    endloop
  endfacet
  facet normal 0.991442 0.130548 0
    outer loop
      vertex -4.43163 -0.781416 13.34
      vertex -4.48288 -0.3922 0.790001
      vertex -4.48288 -0.3922 13.34
    endloop
  endfacet
  facet normal 0.991442 0.130548 0
    outer loop
      vertex -4.48288 -0.3922 0.790001
      vertex -4.43163 -0.781416 13.34
      vertex -4.43163 -0.781416 0.790001
    endloop
  endfacet
  facet normal -0.953715 -0.300711 0
    outer loop
      vertex 4.34667 1.16469 0.790001
      vertex 4.22862 1.53909 13.34
      vertex 4.22862 1.53909 0.790001
    endloop
  endfacet
  facet normal -0.953715 -0.300711 0
    outer loop
      vertex 4.22862 1.53909 13.34
      vertex 4.34667 1.16469 0.790001
      vertex 4.34667 1.16469 13.34
    endloop
  endfacet
  facet normal -0.461745 -0.887013 0
    outer loop
      vertex 1.90178 4.07838 0.790001
      vertex 2.25 3.89711 13.34
      vertex 1.90178 4.07838 13.34
    endloop
  endfacet
  facet normal -0.461745 -0.887013 -0
    outer loop
      vertex 2.25 3.89711 13.34
      vertex 1.90178 4.07838 0.790001
      vertex 2.25 3.89711 0.790001
    endloop
  endfacet
  facet normal -0.130548 0.991442 0
    outer loop
      vertex 0.781416 -4.43163 0.790001
      vertex 0.3922 -4.48288 13.34
      vertex 0.781416 -4.43163 13.34
    endloop
  endfacet
  facet normal -0.130548 0.991442 0
    outer loop
      vertex 0.3922 -4.48288 13.34
      vertex 0.781416 -4.43163 0.790001
      vertex 0.3922 -4.48288 0.790001
    endloop
  endfacet
  facet normal -0.923872 -0.382703 0
    outer loop
      vertex 4.22862 1.53909 0.790001
      vertex 4.07838 1.90178 13.34
      vertex 4.07838 1.90178 0.790001
    endloop
  endfacet
  facet normal -0.923872 -0.382703 0
    outer loop
      vertex 4.07838 1.90178 13.34
      vertex 4.22862 1.53909 0.790001
      vertex 4.22862 1.53909 13.34
    endloop
  endfacet
  facet normal 0.216416 -0.976301 0
    outer loop
      vertex -1.16469 4.34667 0.790001
      vertex -0.781416 4.43163 13.34
      vertex -1.16469 4.34667 13.34
    endloop
  endfacet
  facet normal 0.216416 -0.976301 0
    outer loop
      vertex -0.781416 4.43163 13.34
      vertex -1.16469 4.34667 0.790001
      vertex -0.781416 4.43163 0.790001
    endloop
  endfacet
  facet normal 0.923872 0.382703 0
    outer loop
      vertex -4.07838 -1.90178 13.34
      vertex -4.22862 -1.53909 0.790001
      vertex -4.22862 -1.53909 13.34
    endloop
  endfacet
  facet normal 0.923872 0.382703 0
    outer loop
      vertex -4.22862 -1.53909 0.790001
      vertex -4.07838 -1.90178 13.34
      vertex -4.07838 -1.90178 0.790001
    endloop
  endfacet
  facet normal 0.999049 0.0436097 0
    outer loop
      vertex -4.48288 -0.3922 13.34
      vertex -4.5 0 0.790001
      vertex -4.5 0 13.34
    endloop
  endfacet
  facet normal 0.999049 0.0436097 0
    outer loop
      vertex -4.5 0 0.790001
      vertex -4.48288 -0.3922 13.34
      vertex -4.48288 -0.3922 0.790001
    endloop
  endfacet
  facet normal 0.608755 -0.793358 0
    outer loop
      vertex -2.89254 3.4472 0.790001
      vertex -2.58109 3.68618 13.34
      vertex -2.89254 3.4472 13.34
    endloop
  endfacet
  facet normal 0.608755 -0.793358 0
    outer loop
      vertex -2.58109 3.68618 13.34
      vertex -2.89254 3.4472 0.790001
      vertex -2.58109 3.68618 0.790001
    endloop
  endfacet
  facet normal -0.976301 0.216416 0
    outer loop
      vertex 4.34667 -1.16469 0.790001
      vertex 4.43163 -0.781416 13.34
      vertex 4.43163 -0.781416 0.790001
    endloop
  endfacet
  facet normal -0.976301 0.216416 0
    outer loop
      vertex 4.43163 -0.781416 13.34
      vertex 4.34667 -1.16469 0.790001
      vertex 4.34667 -1.16469 13.34
    endloop
  endfacet
  facet normal -0.382703 0.923872 0
    outer loop
      vertex 1.90178 -4.07838 0.790001
      vertex 1.53909 -4.22862 13.34
      vertex 1.90178 -4.07838 13.34
    endloop
  endfacet
  facet normal -0.382703 0.923872 0
    outer loop
      vertex 1.53909 -4.22862 13.34
      vertex 1.90178 -4.07838 0.790001
      vertex 1.53909 -4.22862 0.790001
    endloop
  endfacet
  facet normal -0.130548 -0.991442 0
    outer loop
      vertex 0.3922 4.48288 0.790001
      vertex 0.781416 4.43163 13.34
      vertex 0.3922 4.48288 13.34
    endloop
  endfacet
  facet normal -0.130548 -0.991442 -0
    outer loop
      vertex 0.781416 4.43163 13.34
      vertex 0.3922 4.48288 0.790001
      vertex 0.781416 4.43163 0.790001
    endloop
  endfacet
  facet normal -0.793358 0.608755 0
    outer loop
      vertex 3.4472 -2.89254 0.790001
      vertex 3.68618 -2.58109 13.34
      vertex 3.68618 -2.58109 0.790001
    endloop
  endfacet
  facet normal -0.793358 0.608755 0
    outer loop
      vertex 3.68618 -2.58109 13.34
      vertex 3.4472 -2.89254 0.790001
      vertex 3.4472 -2.89254 13.34
    endloop
  endfacet
  facet normal -0.216416 0.976301 0
    outer loop
      vertex 1.16469 -4.34667 0.790001
      vertex 0.781416 -4.43163 13.34
      vertex 1.16469 -4.34667 13.34
    endloop
  endfacet
  facet normal -0.216416 0.976301 0
    outer loop
      vertex 0.781416 -4.43163 13.34
      vertex 1.16469 -4.34667 0.790001
      vertex 0.781416 -4.43163 0.790001
    endloop
  endfacet
  facet normal -0.675586 0.737281 0
    outer loop
      vertex 3.18198 -3.18198 0.790001
      vertex 2.89254 -3.4472 13.34
      vertex 3.18198 -3.18198 13.34
    endloop
  endfacet
  facet normal -0.675586 0.737281 0
    outer loop
      vertex 2.89254 -3.4472 13.34
      vertex 3.18198 -3.18198 0.790001
      vertex 2.89254 -3.4472 0.790001
    endloop
  endfacet
  facet normal 0.300711 -0.953715 0
    outer loop
      vertex -1.53909 4.22862 0.790001
      vertex -1.16469 4.34667 13.34
      vertex -1.53909 4.22862 13.34
    endloop
  endfacet
  facet normal 0.300711 -0.953715 0
    outer loop
      vertex -1.16469 4.34667 13.34
      vertex -1.53909 4.22862 0.790001
      vertex -1.16469 4.34667 0.790001
    endloop
  endfacet
  facet normal 0.608755 0.793358 -0
    outer loop
      vertex -2.58109 -3.68618 0.790001
      vertex -2.89254 -3.4472 13.34
      vertex -2.58109 -3.68618 13.34
    endloop
  endfacet
  facet normal 0.608755 0.793358 0
    outer loop
      vertex -2.89254 -3.4472 13.34
      vertex -2.58109 -3.68618 0.790001
      vertex -2.89254 -3.4472 0.790001
    endloop
  endfacet
  facet normal -0.843389 -0.537304 0
    outer loop
      vertex 3.89711 2.25 0.790001
      vertex 3.68618 2.58109 13.34
      vertex 3.68618 2.58109 0.790001
    endloop
  endfacet
  facet normal -0.843389 -0.537304 0
    outer loop
      vertex 3.68618 2.58109 13.34
      vertex 3.89711 2.25 0.790001
      vertex 3.89711 2.25 13.34
    endloop
  endfacet
  facet normal -0.887013 0.461745 0
    outer loop
      vertex 3.89711 -2.25 0.790001
      vertex 4.07838 -1.90178 13.34
      vertex 4.07838 -1.90178 0.790001
    endloop
  endfacet
  facet normal -0.887013 0.461745 0
    outer loop
      vertex 4.07838 -1.90178 13.34
      vertex 3.89711 -2.25 0.790001
      vertex 3.89711 -2.25 13.34
    endloop
  endfacet
  facet normal 0.953715 0.300711 0
    outer loop
      vertex -4.22862 -1.53909 13.34
      vertex -4.34667 -1.16469 0.790001
      vertex -4.34667 -1.16469 13.34
    endloop
  endfacet
  facet normal 0.953715 0.300711 0
    outer loop
      vertex -4.34667 -1.16469 0.790001
      vertex -4.22862 -1.53909 13.34
      vertex -4.22862 -1.53909 0.790001
    endloop
  endfacet
  facet normal -0.953715 0.300711 0
    outer loop
      vertex 4.22862 -1.53909 0.790001
      vertex 4.34667 -1.16469 13.34
      vertex 4.34667 -1.16469 0.790001
    endloop
  endfacet
  facet normal -0.953715 0.300711 0
    outer loop
      vertex 4.34667 -1.16469 13.34
      vertex 4.22862 -1.53909 0.790001
      vertex 4.22862 -1.53909 13.34
    endloop
  endfacet
  facet normal -0.793358 -0.608755 0
    outer loop
      vertex 3.68618 2.58109 0.790001
      vertex 3.4472 2.89254 13.34
      vertex 3.4472 2.89254 0.790001
    endloop
  endfacet
  facet normal -0.793358 -0.608755 0
    outer loop
      vertex 3.4472 2.89254 13.34
      vertex 3.68618 2.58109 0.790001
      vertex 3.68618 2.58109 13.34
    endloop
  endfacet
  facet normal 0.737281 0.675586 0
    outer loop
      vertex -3.18198 -3.18198 13.34
      vertex -3.4472 -2.89254 0.790001
      vertex -3.4472 -2.89254 13.34
    endloop
  endfacet
  facet normal 0.737281 0.675586 0
    outer loop
      vertex -3.4472 -2.89254 0.790001
      vertex -3.18198 -3.18198 13.34
      vertex -3.18198 -3.18198 0.790001
    endloop
  endfacet
  facet normal -0.382703 -0.923872 0
    outer loop
      vertex 1.53909 4.22862 0.790001
      vertex 1.90178 4.07838 13.34
      vertex 1.53909 4.22862 13.34
    endloop
  endfacet
  facet normal -0.382703 -0.923872 -0
    outer loop
      vertex 1.90178 4.07838 13.34
      vertex 1.53909 4.22862 0.790001
      vertex 1.90178 4.07838 0.790001
    endloop
  endfacet
  facet normal -0.675586 -0.737281 0
    outer loop
      vertex 2.89254 3.4472 0.790001
      vertex 3.18198 3.18198 13.34
      vertex 2.89254 3.4472 13.34
    endloop
  endfacet
  facet normal -0.675586 -0.737281 -0
    outer loop
      vertex 3.18198 3.18198 13.34
      vertex 2.89254 3.4472 0.790001
      vertex 3.18198 3.18198 0.790001
    endloop
  endfacet
  facet normal 0.737281 -0.675586 0
    outer loop
      vertex -3.4472 2.89254 13.34
      vertex -3.18198 3.18198 0.790001
      vertex -3.18198 3.18198 13.34
    endloop
  endfacet
  facet normal 0.737281 -0.675586 0
    outer loop
      vertex -3.18198 3.18198 0.790001
      vertex -3.4472 2.89254 13.34
      vertex -3.4472 2.89254 0.790001
    endloop
  endfacet
  facet normal -0.737281 -0.675586 0
    outer loop
      vertex 3.4472 2.89254 0.790001
      vertex 3.18198 3.18198 13.34
      vertex 3.18198 3.18198 0.790001
    endloop
  endfacet
  facet normal -0.737281 -0.675586 0
    outer loop
      vertex 3.18198 3.18198 13.34
      vertex 3.4472 2.89254 0.790001
      vertex 3.4472 2.89254 13.34
    endloop
  endfacet
  facet normal 0.953715 -0.300711 0
    outer loop
      vertex -4.34667 1.16469 13.34
      vertex -4.22862 1.53909 0.790001
      vertex -4.22862 1.53909 13.34
    endloop
  endfacet
  facet normal 0.953715 -0.300711 0
    outer loop
      vertex -4.22862 1.53909 0.790001
      vertex -4.34667 1.16469 13.34
      vertex -4.34667 1.16469 0.790001
    endloop
  endfacet
  facet normal 0.843389 -0.537304 0
    outer loop
      vertex -3.89711 2.25 13.34
      vertex -3.68618 2.58109 0.790001
      vertex -3.68618 2.58109 13.34
    endloop
  endfacet
  facet normal 0.843389 -0.537304 0
    outer loop
      vertex -3.68618 2.58109 0.790001
      vertex -3.89711 2.25 13.34
      vertex -3.89711 2.25 0.790001
    endloop
  endfacet
  facet normal -0.999049 0.0436097 0
    outer loop
      vertex 4.48288 -0.3922 0.790001
      vertex 4.5 0 13.34
      vertex 4.5 0 0.790001
    endloop
  endfacet
  facet normal -0.999049 0.0436097 0
    outer loop
      vertex 4.5 0 13.34
      vertex 4.48288 -0.3922 0.790001
      vertex 4.48288 -0.3922 13.34
    endloop
  endfacet
  facet normal 0.0436097 0.999049 -0
    outer loop
      vertex 0 -4.5 0.790001
      vertex -0.3922 -4.48288 13.34
      vertex 0 -4.5 13.34
    endloop
  endfacet
  facet normal 0.0436097 0.999049 0
    outer loop
      vertex -0.3922 -4.48288 13.34
      vertex 0 -4.5 0.790001
      vertex -0.3922 -4.48288 0.790001
    endloop
  endfacet
  facet normal 0.300711 0.953715 -0
    outer loop
      vertex -1.16469 -4.34667 0.790001
      vertex -1.53909 -4.22862 13.34
      vertex -1.16469 -4.34667 13.34
    endloop
  endfacet
  facet normal 0.300711 0.953715 0
    outer loop
      vertex -1.53909 -4.22862 13.34
      vertex -1.16469 -4.34667 0.790001
      vertex -1.53909 -4.22862 0.790001
    endloop
  endfacet
  facet normal 0.675586 0.737281 -0
    outer loop
      vertex -2.89254 -3.4472 0.790001
      vertex -3.18198 -3.18198 13.34
      vertex -2.89254 -3.4472 13.34
    endloop
  endfacet
  facet normal 0.675586 0.737281 0
    outer loop
      vertex -3.18198 -3.18198 13.34
      vertex -2.89254 -3.4472 0.790001
      vertex -3.18198 -3.18198 0.790001
    endloop
  endfacet
  facet normal 0.675586 -0.737281 0
    outer loop
      vertex -3.18198 3.18198 0.790001
      vertex -2.89254 3.4472 13.34
      vertex -3.18198 3.18198 13.34
    endloop
  endfacet
  facet normal 0.675586 -0.737281 0
    outer loop
      vertex -2.89254 3.4472 13.34
      vertex -3.18198 3.18198 0.790001
      vertex -2.89254 3.4472 0.790001
    endloop
  endfacet
  facet normal -0.991442 0.130548 0
    outer loop
      vertex 4.43163 -0.781416 0.790001
      vertex 4.48288 -0.3922 13.34
      vertex 4.48288 -0.3922 0.790001
    endloop
  endfacet
  facet normal -0.991442 0.130548 0
    outer loop
      vertex 4.48288 -0.3922 13.34
      vertex 4.43163 -0.781416 0.790001
      vertex 4.43163 -0.781416 13.34
    endloop
  endfacet
  facet normal 0.976301 -0.216416 0
    outer loop
      vertex -4.43163 0.781416 13.34
      vertex -4.34667 1.16469 0.790001
      vertex -4.34667 1.16469 13.34
    endloop
  endfacet
  facet normal 0.976301 -0.216416 0
    outer loop
      vertex -4.34667 1.16469 0.790001
      vertex -4.43163 0.781416 13.34
      vertex -4.43163 0.781416 0.790001
    endloop
  endfacet
  facet normal -0.608755 -0.793358 0
    outer loop
      vertex 2.58109 3.68618 0.790001
      vertex 2.89254 3.4472 13.34
      vertex 2.58109 3.68618 13.34
    endloop
  endfacet
  facet normal -0.608755 -0.793358 -0
    outer loop
      vertex 2.89254 3.4472 13.34
      vertex 2.58109 3.68618 0.790001
      vertex 2.89254 3.4472 0.790001
    endloop
  endfacet
  facet normal -0.461745 0.887013 0
    outer loop
      vertex 2.25 -3.89711 0.790001
      vertex 1.90178 -4.07838 13.34
      vertex 2.25 -3.89711 13.34
    endloop
  endfacet
  facet normal -0.461745 0.887013 0
    outer loop
      vertex 1.90178 -4.07838 13.34
      vertex 2.25 -3.89711 0.790001
      vertex 1.90178 -4.07838 0.790001
    endloop
  endfacet
  facet normal -0.537304 -0.843389 0
    outer loop
      vertex 2.25 3.89711 0.790001
      vertex 2.58109 3.68618 13.34
      vertex 2.25 3.89711 13.34
    endloop
  endfacet
  facet normal -0.537304 -0.843389 -0
    outer loop
      vertex 2.58109 3.68618 13.34
      vertex 2.25 3.89711 0.790001
      vertex 2.58109 3.68618 0.790001
    endloop
  endfacet
  facet normal -0.0436097 0.999049 0
    outer loop
      vertex 0.3922 -4.48288 0.790001
      vertex 0 -4.5 13.34
      vertex 0.3922 -4.48288 13.34
    endloop
  endfacet
  facet normal -0.0436097 0.999049 0
    outer loop
      vertex 0 -4.5 13.34
      vertex 0.3922 -4.48288 0.790001
      vertex 0 -4.5 0.790001
    endloop
  endfacet
  facet normal -0.843389 0.537304 0
    outer loop
      vertex 3.68618 -2.58109 0.790001
      vertex 3.89711 -2.25 13.34
      vertex 3.89711 -2.25 0.790001
    endloop
  endfacet
  facet normal -0.843389 0.537304 0
    outer loop
      vertex 3.89711 -2.25 13.34
      vertex 3.68618 -2.58109 0.790001
      vertex 3.68618 -2.58109 13.34
    endloop
  endfacet
  facet normal -0.737281 0.675586 0
    outer loop
      vertex 3.18198 -3.18198 0.790001
      vertex 3.4472 -2.89254 13.34
      vertex 3.4472 -2.89254 0.790001
    endloop
  endfacet
  facet normal -0.737281 0.675586 0
    outer loop
      vertex 3.4472 -2.89254 13.34
      vertex 3.18198 -3.18198 0.790001
      vertex 3.18198 -3.18198 13.34
    endloop
  endfacet
  facet normal 0.976301 0.216416 0
    outer loop
      vertex -4.34667 -1.16469 13.34
      vertex -4.43163 -0.781416 0.790001
      vertex -4.43163 -0.781416 13.34
    endloop
  endfacet
  facet normal 0.976301 0.216416 0
    outer loop
      vertex -4.43163 -0.781416 0.790001
      vertex -4.34667 -1.16469 13.34
      vertex -4.34667 -1.16469 0.790001
    endloop
  endfacet
  facet normal 0.461745 -0.887013 0
    outer loop
      vertex -2.25 3.89711 0.790001
      vertex -1.90178 4.07838 13.34
      vertex -2.25 3.89711 13.34
    endloop
  endfacet
  facet normal 0.461745 -0.887013 0
    outer loop
      vertex -1.90178 4.07838 13.34
      vertex -2.25 3.89711 0.790001
      vertex -1.90178 4.07838 0.790001
    endloop
  endfacet
  facet normal -0.923872 0.382703 0
    outer loop
      vertex 4.07838 -1.90178 0.790001
      vertex 4.22862 -1.53909 13.34
      vertex 4.22862 -1.53909 0.790001
    endloop
  endfacet
  facet normal -0.923872 0.382703 0
    outer loop
      vertex 4.22862 -1.53909 13.34
      vertex 4.07838 -1.90178 0.790001
      vertex 4.07838 -1.90178 13.34
    endloop
  endfacet
  facet normal 0.130548 0.991442 -0
    outer loop
      vertex -0.3922 -4.48288 0.790001
      vertex -0.781416 -4.43163 13.34
      vertex -0.3922 -4.48288 13.34
    endloop
  endfacet
  facet normal 0.130548 0.991442 0
    outer loop
      vertex -0.781416 -4.43163 13.34
      vertex -0.3922 -4.48288 0.790001
      vertex -0.781416 -4.43163 0.790001
    endloop
  endfacet
  facet normal -0.887013 -0.461745 0
    outer loop
      vertex 4.07838 1.90178 0.790001
      vertex 3.89711 2.25 13.34
      vertex 3.89711 2.25 0.790001
    endloop
  endfacet
  facet normal -0.887013 -0.461745 0
    outer loop
      vertex 3.89711 2.25 13.34
      vertex 4.07838 1.90178 0.790001
      vertex 4.07838 1.90178 13.34
    endloop
  endfacet
  facet normal 0.537304 -0.843389 0
    outer loop
      vertex -2.58109 3.68618 0.790001
      vertex -2.25 3.89711 13.34
      vertex -2.58109 3.68618 13.34
    endloop
  endfacet
  facet normal 0.537304 -0.843389 0
    outer loop
      vertex -2.25 3.89711 13.34
      vertex -2.58109 3.68618 0.790001
      vertex -2.25 3.89711 0.790001
    endloop
  endfacet
  facet normal 0.843389 0.537304 0
    outer loop
      vertex -3.68618 -2.58109 13.34
      vertex -3.89711 -2.25 0.790001
      vertex -3.89711 -2.25 13.34
    endloop
  endfacet
  facet normal 0.843389 0.537304 0
    outer loop
      vertex -3.89711 -2.25 0.790001
      vertex -3.68618 -2.58109 13.34
      vertex -3.68618 -2.58109 0.790001
    endloop
  endfacet
  facet normal 0.130548 -0.991442 0
    outer loop
      vertex -0.781416 4.43163 0.790001
      vertex -0.3922 4.48288 13.34
      vertex -0.781416 4.43163 13.34
    endloop
  endfacet
  facet normal 0.130548 -0.991442 0
    outer loop
      vertex -0.3922 4.48288 13.34
      vertex -0.781416 4.43163 0.790001
      vertex -0.3922 4.48288 0.790001
    endloop
  endfacet
  facet normal 0.793358 0.608755 0
    outer loop
      vertex -3.4472 -2.89254 13.34
      vertex -3.68618 -2.58109 0.790001
      vertex -3.68618 -2.58109 13.34
    endloop
  endfacet
  facet normal 0.793358 0.608755 0
    outer loop
      vertex -3.68618 -2.58109 0.790001
      vertex -3.4472 -2.89254 13.34
      vertex -3.4472 -2.89254 0.790001
    endloop
  endfacet
  facet normal 0.537304 0.843389 -0
    outer loop
      vertex -2.25 -3.89711 0.790001
      vertex -2.58109 -3.68618 13.34
      vertex -2.25 -3.89711 13.34
    endloop
  endfacet
  facet normal 0.537304 0.843389 0
    outer loop
      vertex -2.58109 -3.68618 13.34
      vertex -2.25 -3.89711 0.790001
      vertex -2.58109 -3.68618 0.790001
    endloop
  endfacet
  facet normal 0.0436097 -0.999049 0
    outer loop
      vertex -0.3922 4.48288 0.790001
      vertex 0 4.5 13.34
      vertex -0.3922 4.48288 13.34
    endloop
  endfacet
  facet normal 0.0436097 -0.999049 0
    outer loop
      vertex 0 4.5 13.34
      vertex -0.3922 4.48288 0.790001
      vertex 0 4.5 0.790001
    endloop
  endfacet
  facet normal 0.216416 0.976301 -0
    outer loop
      vertex -0.781416 -4.43163 0.790001
      vertex -1.16469 -4.34667 13.34
      vertex -0.781416 -4.43163 13.34
    endloop
  endfacet
  facet normal 0.216416 0.976301 0
    outer loop
      vertex -1.16469 -4.34667 13.34
      vertex -0.781416 -4.43163 0.790001
      vertex -1.16469 -4.34667 0.790001
    endloop
  endfacet
  facet normal -0.216416 -0.976301 0
    outer loop
      vertex 0.781416 4.43163 0.790001
      vertex 1.16469 4.34667 13.34
      vertex 0.781416 4.43163 13.34
    endloop
  endfacet
  facet normal -0.216416 -0.976301 -0
    outer loop
      vertex 1.16469 4.34667 13.34
      vertex 0.781416 4.43163 0.790001
      vertex 1.16469 4.34667 0.790001
    endloop
  endfacet
  facet normal -0.0436097 -0.999049 0
    outer loop
      vertex 0 4.5 0.790001
      vertex 0.3922 4.48288 13.34
      vertex 0 4.5 13.34
    endloop
  endfacet
  facet normal -0.0436097 -0.999049 -0
    outer loop
      vertex 0.3922 4.48288 13.34
      vertex 0 4.5 0.790001
      vertex 0.3922 4.48288 0.790001
    endloop
  endfacet
  facet normal -0.300711 0.953715 0
    outer loop
      vertex 1.53909 -4.22862 0.790001
      vertex 1.16469 -4.34667 13.34
      vertex 1.53909 -4.22862 13.34
    endloop
  endfacet
  facet normal -0.300711 0.953715 0
    outer loop
      vertex 1.16469 -4.34667 13.34
      vertex 1.53909 -4.22862 0.790001
      vertex 1.16469 -4.34667 0.790001
    endloop
  endfacet
  facet normal 0.793358 -0.608755 0
    outer loop
      vertex -3.68618 2.58109 13.34
      vertex -3.4472 2.89254 0.790001
      vertex -3.4472 2.89254 13.34
    endloop
  endfacet
  facet normal 0.793358 -0.608755 0
    outer loop
      vertex -3.4472 2.89254 0.790001
      vertex -3.68618 2.58109 13.34
      vertex -3.68618 2.58109 0.790001
    endloop
  endfacet
  facet normal -0.537304 0.843389 0
    outer loop
      vertex 2.58109 -3.68618 0.790001
      vertex 2.25 -3.89711 13.34
      vertex 2.58109 -3.68618 13.34
    endloop
  endfacet
  facet normal -0.537304 0.843389 0
    outer loop
      vertex 2.25 -3.89711 13.34
      vertex 2.58109 -3.68618 0.790001
      vertex 2.25 -3.89711 0.790001
    endloop
  endfacet
  facet normal 0.887013 -0.461745 0
    outer loop
      vertex -4.07838 1.90178 13.34
      vertex -3.89711 2.25 0.790001
      vertex -3.89711 2.25 13.34
    endloop
  endfacet
  facet normal 0.887013 -0.461745 0
    outer loop
      vertex -3.89711 2.25 0.790001
      vertex -4.07838 1.90178 13.34
      vertex -4.07838 1.90178 0.790001
    endloop
  endfacet
  facet normal 0.887013 0.461745 0
    outer loop
      vertex -3.89711 -2.25 13.34
      vertex -4.07838 -1.90178 0.790001
      vertex -4.07838 -1.90178 13.34
    endloop
  endfacet
  facet normal 0.887013 0.461745 0
    outer loop
      vertex -4.07838 -1.90178 0.790001
      vertex -3.89711 -2.25 13.34
      vertex -3.89711 -2.25 0.790001
    endloop
  endfacet
  facet normal 0.991442 -0.130548 0
    outer loop
      vertex -4.48288 0.3922 13.34
      vertex -4.43163 0.781416 0.790001
      vertex -4.43163 0.781416 13.34
    endloop
  endfacet
  facet normal 0.991442 -0.130548 0
    outer loop
      vertex -4.43163 0.781416 0.790001
      vertex -4.48288 0.3922 13.34
      vertex -4.48288 0.3922 0.790001
    endloop
  endfacet
  facet normal 0.999049 -0.0436097 0
    outer loop
      vertex -4.5 0 13.34
      vertex -4.48288 0.3922 0.790001
      vertex -4.48288 0.3922 13.34
    endloop
  endfacet
  facet normal 0.999049 -0.0436097 0
    outer loop
      vertex -4.48288 0.3922 0.790001
      vertex -4.5 0 13.34
      vertex -4.5 0 0.790001
    endloop
  endfacet
  facet normal -0.300711 -0.953715 0
    outer loop
      vertex 1.16469 4.34667 0.790001
      vertex 1.53909 4.22862 13.34
      vertex 1.16469 4.34667 13.34
    endloop
  endfacet
  facet normal -0.300711 -0.953715 -0
    outer loop
      vertex 1.53909 4.22862 13.34
      vertex 1.16469 4.34667 0.790001
      vertex 1.53909 4.22862 0.790001
    endloop
  endfacet
  facet normal -0.608755 0.793358 0
    outer loop
      vertex 2.89254 -3.4472 0.790001
      vertex 2.58109 -3.68618 13.34
      vertex 2.89254 -3.4472 13.34
    endloop
  endfacet
  facet normal -0.608755 0.793358 0
    outer loop
      vertex 2.58109 -3.68618 13.34
      vertex 2.89254 -3.4472 0.790001
      vertex 2.58109 -3.68618 0.790001
    endloop
  endfacet
  facet normal 0.382703 0.923872 -0
    outer loop
      vertex -1.53909 -4.22862 0.790001
      vertex -1.90178 -4.07838 13.34
      vertex -1.53909 -4.22862 13.34
    endloop
  endfacet
  facet normal 0.382703 0.923872 0
    outer loop
      vertex -1.90178 -4.07838 13.34
      vertex -1.53909 -4.22862 0.790001
      vertex -1.90178 -4.07838 0.790001
    endloop
  endfacet
  facet normal 0.382703 -0.923872 0
    outer loop
      vertex -1.90178 4.07838 0.790001
      vertex -1.53909 4.22862 13.34
      vertex -1.90178 4.07838 13.34
    endloop
  endfacet
  facet normal 0.382703 -0.923872 0
    outer loop
      vertex -1.53909 4.22862 13.34
      vertex -1.90178 4.07838 0.790001
      vertex -1.53909 4.22862 0.790001
    endloop
  endfacet
  facet normal 0.923872 -0.382703 0
    outer loop
      vertex -4.22862 1.53909 13.34
      vertex -4.07838 1.90178 0.790001
      vertex -4.07838 1.90178 13.34
    endloop
  endfacet
  facet normal 0.923872 -0.382703 0
    outer loop
      vertex -4.07838 1.90178 0.790001
      vertex -4.22862 1.53909 13.34
      vertex -4.22862 1.53909 0.790001
    endloop
  endfacet
  facet normal 0.461745 0.887013 -0
    outer loop
      vertex -1.90178 -4.07838 0.790001
      vertex -2.25 -3.89711 13.34
      vertex -1.90178 -4.07838 13.34
    endloop
  endfacet
  facet normal 0.461745 0.887013 0
    outer loop
      vertex -2.25 -3.89711 13.34
      vertex -1.90178 -4.07838 0.790001
      vertex -2.25 -3.89711 0.790001
    endloop
  endfacet
  facet normal 0.392152 -0.615557 -0.683598
    outer loop
      vertex -2.62445 4.53588 5.72205e-07
      vertex -2.58109 3.68618 0.790001
      vertex -3.0059 4.29287 5.72205e-07
    endloop
  endfacet
  facet normal -0.615557 0.392152 -0.683598
    outer loop
      vertex 4.53588 -2.62445 5.72205e-07
      vertex 4.29287 -3.0059 5.72205e-07
      vertex 3.68618 -2.58109 0.790001
    endloop
  endfacet
  facet normal 0.493082 -0.538111 -0.683598
    outer loop
      vertex -3.37223 4.01124 5.72205e-07
      vertex -2.89254 3.4472 0.790001
      vertex -3.18198 3.18198 0.790001
    endloop
  endfacet
  facet normal 0.4925 -0.538626 -0.683612
    outer loop
      vertex -2.89254 3.4472 0.790001
      vertex -3.37223 4.01124 5.72205e-07
      vertex -3.36861 4.01455 5.72205e-07
    endloop
  endfacet
  facet normal -0.729184 -0.031234 -0.683605
    outer loop
      vertex 4.5 0 0.790001
      vertex 5.24041 0.00490262 5.72205e-07
      vertex 5.24062 0 5.72205e-07
    endloop
  endfacet
  facet normal -0.729168 -0.0318291 -0.683594
    outer loop
      vertex 5.24041 0.00490262 5.72205e-07
      vertex 4.5 0 0.790001
      vertex 4.48288 0.3922 0.790001
    endloop
  endfacet
  facet normal -0.72917 -0.0318394 -0.683591
    outer loop
      vertex 5.22068 0.45675 5.72205e-07
      vertex 5.24041 0.00490262 5.72205e-07
      vertex 4.48288 0.3922 0.790001
    endloop
  endfacet
  facet normal 0.647393 0.337018 -0.683594
    outer loop
      vertex -3.89711 -2.25 0.790001
      vertex -4.53851 -2.62031 5.72205e-07
      vertex -4.74735 -2.21914 5.72205e-07
    endloop
  endfacet
  facet normal 0.674295 -0.279319 -0.683598
    outer loop
      vertex -4.7515 2.21025 5.72205e-07
      vertex -4.07838 1.90178 0.790001
      vertex -4.22862 1.53909 0.790001
    endloop
  endfacet
  facet normal 0.674103 -0.27976 -0.683607
    outer loop
      vertex -4.07838 1.90178 0.790001
      vertex -4.7515 2.21025 5.72205e-07
      vertex -4.74962 2.21478 5.72205e-07
    endloop
  endfacet
  facet normal 0.712563 0.157987 -0.68359
    outer loop
      vertex -4.34667 -1.16469 0.790001
      vertex -5.06205 -1.35637 5.72205e-07
      vertex -5.15995 -0.914816 5.72205e-07
    endloop
  endfacet
  facet normal 0.337018 -0.647393 -0.683594
    outer loop
      vertex -2.21914 4.74735 5.72205e-07
      vertex -2.25 3.89711 0.790001
      vertex -2.62031 4.53851 5.72205e-07
    endloop
  endfacet
  facet normal -0.218653 0.696121 -0.683817
    outer loop
      vertex 1.35637 -5.06205 5.72205e-07
      vertex 1.53909 -4.22862 0.790001
      vertex 1.36105 -5.06058 5.72205e-07
    endloop
  endfacet
  facet normal -0.219479 0.696086 -0.683589
    outer loop
      vertex 1.53909 -4.22862 0.790001
      vertex 1.35637 -5.06205 5.72205e-07
      vertex 1.16469 -4.34667 0.790001
    endloop
  endfacet
  facet normal -0.337018 0.647393 -0.683594
    outer loop
      vertex 2.25 -3.89711 0.790001
      vertex 2.62031 -4.53851 5.72205e-07
      vertex 2.21914 -4.74735 5.72205e-07
    endloop
  endfacet
  facet normal -0.031234 -0.729184 -0.683605
    outer loop
      vertex 0.00490262 5.24041 5.72205e-07
      vertex 0 4.5 0.790001
      vertex 0 5.24062 5.72205e-07
    endloop
  endfacet
  facet normal -0.0318291 -0.729168 -0.683594
    outer loop
      vertex 0 4.5 0.790001
      vertex 0.00490262 5.24041 5.72205e-07
      vertex 0.3922 4.48288 0.790001
    endloop
  endfacet
  facet normal 0.337051 0.647375 -0.683595
    outer loop
      vertex -2.21914 -4.74735 5.72205e-07
      vertex -1.90178 -4.07838 0.790001
      vertex -2.21478 -4.74962 5.72205e-07
    endloop
  endfacet
  facet normal 0.337009 0.647395 -0.683596
    outer loop
      vertex -1.90178 -4.07838 0.790001
      vertex -2.21914 -4.74735 5.72205e-07
      vertex -2.25 -3.89711 0.790001
    endloop
  endfacet
  facet normal 0.444308 -0.579038 -0.683598
    outer loop
      vertex -3.0059 4.29287 5.72205e-07
      vertex -2.58109 3.68618 0.790001
      vertex -3.36472 4.01754 5.72205e-07
    endloop
  endfacet
  facet normal 0.72917 -0.0318394 -0.683591
    outer loop
      vertex -5.22068 0.45675 5.72205e-07
      vertex -4.48288 0.3922 0.790001
      vertex -5.24041 0.00490262 5.72205e-07
    endloop
  endfacet
  facet normal 0.0952817 0.723613 -0.683598
    outer loop
      vertex -0.905159 -5.16165 5.72205e-07
      vertex -0.781416 -4.43163 0.790001
      vertex -0.3922 -4.48288 0.790001
    endloop
  endfacet
  facet normal 0.0951752 0.723629 -0.683596
    outer loop
      vertex -0.781416 -4.43163 0.790001
      vertex -0.905159 -5.16165 5.72205e-07
      vertex -0.910025 -5.16101 5.72205e-07
    endloop
  endfacet
  facet normal -0.674304 0.279307 -0.683595
    outer loop
      vertex 4.92458 -1.7924 5.72205e-07
      vertex 4.7515 -2.21025 5.72205e-07
      vertex 4.22862 -1.53909 0.790001
    endloop
  endfacet
  facet normal -0.157953 0.712561 -0.683599
    outer loop
      vertex 0.914816 -5.15995 5.72205e-07
      vertex 0.781416 -4.43163 0.790001
      vertex 1.16469 -4.34667 0.790001
    endloop
  endfacet
  facet normal -0.157666 0.71262 -0.683604
    outer loop
      vertex 0.781416 -4.43163 0.790001
      vertex 0.914816 -5.15995 5.72205e-07
      vertex 0.910025 -5.16101 5.72205e-07
    endloop
  endfacet
  facet normal -0.444308 0.579038 -0.683598
    outer loop
      vertex 3.36472 -4.01754 5.72205e-07
      vertex 3.0059 -4.29287 5.72205e-07
      vertex 2.58109 -3.68618 0.790001
    endloop
  endfacet
  facet normal -0.723629 -0.0951752 -0.683596
    outer loop
      vertex 5.16165 0.905159 5.72205e-07
      vertex 4.43163 0.781416 0.790001
      vertex 5.16101 0.910025 5.72205e-07
    endloop
  endfacet
  facet normal -0.723613 -0.0952817 -0.683598
    outer loop
      vertex 4.43163 0.781416 0.790001
      vertex 5.16165 0.905159 5.72205e-07
      vertex 4.48288 0.3922 0.790001
    endloop
  endfacet
  facet normal -0.493096 -0.538104 -0.683594
    outer loop
      vertex 3.37223 4.01124 5.72205e-07
      vertex 3.70568 3.70568 5.72205e-07
      vertex 3.18198 3.18198 0.790001
    endloop
  endfacet
  facet normal 0.538111 0.493082 -0.683598
    outer loop
      vertex -4.01124 -3.37223 5.72205e-07
      vertex -3.4472 -2.89254 0.790001
      vertex -3.18198 -3.18198 0.790001
    endloop
  endfacet
  facet normal 0.538626 0.4925 -0.683612
    outer loop
      vertex -3.4472 -2.89254 0.790001
      vertex -4.01124 -3.37223 5.72205e-07
      vertex -4.01455 -3.36861 5.72205e-07
    endloop
  endfacet
  facet normal 0.493096 -0.538104 -0.683594
    outer loop
      vertex -3.37223 4.01124 5.72205e-07
      vertex -3.18198 3.18198 0.790001
      vertex -3.70568 3.70568 5.72205e-07
    endloop
  endfacet
  facet normal -0.0318291 0.729168 -0.683594
    outer loop
      vertex 0.00490262 -5.24041 5.72205e-07
      vertex 0 -4.5 0.790001
      vertex 0.3922 -4.48288 0.790001
    endloop
  endfacet
  facet normal -0.031234 0.729184 -0.683605
    outer loop
      vertex 0 -4.5 0.790001
      vertex 0.00490262 -5.24041 5.72205e-07
      vertex 0 -5.24062 5.72205e-07
    endloop
  endfacet
  facet normal 0.72917 0.0318394 -0.683591
    outer loop
      vertex -4.48288 -0.3922 0.790001
      vertex -5.22068 -0.45675 5.72205e-07
      vertex -5.24041 -0.00490262 5.72205e-07
    endloop
  endfacet
  facet normal 0.279307 0.674304 -0.683595
    outer loop
      vertex -1.53909 -4.22862 0.790001
      vertex -1.7924 -4.92458 5.72205e-07
      vertex -2.21025 -4.7515 5.72205e-07
    endloop
  endfacet
  facet normal 0.279307 -0.674304 -0.683595
    outer loop
      vertex -1.7924 4.92458 5.72205e-07
      vertex -1.53909 4.22862 0.790001
      vertex -2.21025 4.7515 5.72205e-07
    endloop
  endfacet
  facet normal 0.444306 -0.57904 -0.683597
    outer loop
      vertex -2.89254 3.4472 0.790001
      vertex -3.36472 4.01754 5.72205e-07
      vertex -2.58109 3.68618 0.790001
    endloop
  endfacet
  facet normal 0.444781 -0.578662 -0.683608
    outer loop
      vertex -3.36472 4.01754 5.72205e-07
      vertex -2.89254 3.4472 0.790001
      vertex -3.36861 4.01455 5.72205e-07
    endloop
  endfacet
  facet normal 0.723613 0.0952817 -0.683598
    outer loop
      vertex -4.43163 -0.781416 0.790001
      vertex -5.16165 -0.905159 5.72205e-07
      vertex -4.48288 -0.3922 0.790001
    endloop
  endfacet
  facet normal 0.723629 0.0951752 -0.683596
    outer loop
      vertex -5.16165 -0.905159 5.72205e-07
      vertex -4.43163 -0.781416 0.790001
      vertex -5.16101 -0.910025 5.72205e-07
    endloop
  endfacet
  facet normal 0.615556 0.392157 -0.683597
    outer loop
      vertex -4.53588 -2.62445 5.72205e-07
      vertex -3.89711 -2.25 0.790001
      vertex -3.68618 -2.58109 0.790001
    endloop
  endfacet
  facet normal 0.616047 0.391354 -0.683614
    outer loop
      vertex -3.89711 -2.25 0.790001
      vertex -4.53588 -2.62445 5.72205e-07
      vertex -4.53851 -2.62031 5.72205e-07
    endloop
  endfacet
  facet normal -0.616047 0.391354 -0.683614
    outer loop
      vertex 4.53588 -2.62445 5.72205e-07
      vertex 3.89711 -2.25 0.790001
      vertex 4.53851 -2.62031 5.72205e-07
    endloop
  endfacet
  facet normal -0.615556 0.392157 -0.683597
    outer loop
      vertex 3.89711 -2.25 0.790001
      vertex 4.53588 -2.62445 5.72205e-07
      vertex 3.68618 -2.58109 0.790001
    endloop
  endfacet
  facet normal -0.71262 -0.157666 -0.683604
    outer loop
      vertex 4.43163 0.781416 0.790001
      vertex 5.15995 0.914816 5.72205e-07
      vertex 5.16101 0.910025 5.72205e-07
    endloop
  endfacet
  facet normal -0.712561 -0.157953 -0.683599
    outer loop
      vertex 5.15995 0.914816 5.72205e-07
      vertex 4.43163 0.781416 0.790001
      vertex 4.34667 1.16469 0.790001
    endloop
  endfacet
  facet normal 0.723622 -0.0952599 -0.683591
    outer loop
      vertex -5.16165 0.905159 5.72205e-07
      vertex -4.48288 0.3922 0.790001
      vertex -5.22068 0.45675 5.72205e-07
    endloop
  endfacet
  facet normal 0.723629 -0.0951752 -0.683596
    outer loop
      vertex -4.43163 0.781416 0.790001
      vertex -5.16165 0.905159 5.72205e-07
      vertex -5.16101 0.910025 5.72205e-07
    endloop
  endfacet
  facet normal 0.723613 -0.0952817 -0.683598
    outer loop
      vertex -5.16165 0.905159 5.72205e-07
      vertex -4.43163 0.781416 0.790001
      vertex -4.48288 0.3922 0.790001
    endloop
  endfacet
  facet normal 0.0952599 -0.723622 -0.683591
    outer loop
      vertex -0.45675 5.22068 5.72205e-07
      vertex -0.3922 4.48288 0.790001
      vertex -0.905159 5.16165 5.72205e-07
    endloop
  endfacet
  facet normal -0.0951752 0.723629 -0.683596
    outer loop
      vertex 0.905159 -5.16165 5.72205e-07
      vertex 0.781416 -4.43163 0.790001
      vertex 0.910025 -5.16101 5.72205e-07
    endloop
  endfacet
  facet normal -0.0952817 0.723613 -0.683598
    outer loop
      vertex 0.781416 -4.43163 0.790001
      vertex 0.905159 -5.16165 5.72205e-07
      vertex 0.3922 -4.48288 0.790001
    endloop
  endfacet
  facet normal -0.712563 -0.157987 -0.68359
    outer loop
      vertex 5.06205 1.35637 5.72205e-07
      vertex 5.15995 0.914816 5.72205e-07
      vertex 4.34667 1.16469 0.790001
    endloop
  endfacet
  facet normal -0.493096 0.538104 -0.683594
    outer loop
      vertex 3.70568 -3.70568 5.72205e-07
      vertex 3.37223 -4.01124 5.72205e-07
      vertex 3.18198 -3.18198 0.790001
    endloop
  endfacet
  facet normal -0.337051 0.647375 -0.683595
    outer loop
      vertex 1.90178 -4.07838 0.790001
      vertex 2.21914 -4.74735 5.72205e-07
      vertex 2.21478 -4.74962 5.72205e-07
    endloop
  endfacet
  facet normal -0.337009 0.647395 -0.683596
    outer loop
      vertex 2.21914 -4.74735 5.72205e-07
      vertex 1.90178 -4.07838 0.790001
      vertex 2.25 -3.89711 0.790001
    endloop
  endfacet
  facet normal 0.157987 -0.712563 -0.68359
    outer loop
      vertex -0.914816 5.15995 5.72205e-07
      vertex -1.16469 4.34667 0.790001
      vertex -1.35637 5.06205 5.72205e-07
    endloop
  endfacet
  facet normal 0.337051 -0.647375 -0.683595
    outer loop
      vertex -1.90178 4.07838 0.790001
      vertex -2.21914 4.74735 5.72205e-07
      vertex -2.21478 4.74962 5.72205e-07
    endloop
  endfacet
  facet normal 0.337009 -0.647395 -0.683596
    outer loop
      vertex -2.21914 4.74735 5.72205e-07
      vertex -1.90178 4.07838 0.790001
      vertex -2.25 3.89711 0.790001
    endloop
  endfacet
  facet normal 0.696086 0.219479 -0.683589
    outer loop
      vertex -4.22862 -1.53909 0.790001
      vertex -5.06205 -1.35637 5.72205e-07
      vertex -4.34667 -1.16469 0.790001
    endloop
  endfacet
  facet normal 0.696121 0.218653 -0.683817
    outer loop
      vertex -5.06205 -1.35637 5.72205e-07
      vertex -4.22862 -1.53909 0.790001
      vertex -5.06058 -1.36105 5.72205e-07
    endloop
  endfacet
  facet normal 0.729184 0.031234 -0.683605
    outer loop
      vertex -4.5 0 0.790001
      vertex -5.24041 -0.00490262 5.72205e-07
      vertex -5.24062 0 5.72205e-07
    endloop
  endfacet
  facet normal 0.729168 0.0318291 -0.683594
    outer loop
      vertex -5.24041 -0.00490262 5.72205e-07
      vertex -4.5 0 0.790001
      vertex -4.48288 -0.3922 0.790001
    endloop
  endfacet
  facet normal -0.392152 -0.615557 -0.683598
    outer loop
      vertex 2.62445 4.53588 5.72205e-07
      vertex 3.0059 4.29287 5.72205e-07
      vertex 2.58109 3.68618 0.790001
    endloop
  endfacet
  facet normal -0.647393 -0.337018 -0.683594
    outer loop
      vertex 4.53851 2.62031 5.72205e-07
      vertex 4.74735 2.21914 5.72205e-07
      vertex 3.89711 2.25 0.790001
    endloop
  endfacet
  facet normal 0.647393 -0.337018 -0.683594
    outer loop
      vertex -4.53851 2.62031 5.72205e-07
      vertex -3.89711 2.25 0.790001
      vertex -4.74735 2.21914 5.72205e-07
    endloop
  endfacet
  facet normal 0.674304 -0.279307 -0.683595
    outer loop
      vertex -4.7515 2.21025 5.72205e-07
      vertex -4.22862 1.53909 0.790001
      vertex -4.92458 1.7924 5.72205e-07
    endloop
  endfacet
  facet normal -0.723622 -0.0952599 -0.683591
    outer loop
      vertex 5.16165 0.905159 5.72205e-07
      vertex 5.22068 0.45675 5.72205e-07
      vertex 4.48288 0.3922 0.790001
    endloop
  endfacet
  facet normal 0.0952599 0.723622 -0.683591
    outer loop
      vertex -0.3922 -4.48288 0.790001
      vertex -0.45675 -5.22068 5.72205e-07
      vertex -0.905159 -5.16165 5.72205e-07
    endloop
  endfacet
  facet normal -0.696121 -0.218653 -0.683817
    outer loop
      vertex 5.06205 1.35637 5.72205e-07
      vertex 4.22862 1.53909 0.790001
      vertex 5.06058 1.36105 5.72205e-07
    endloop
  endfacet
  facet normal -0.696086 -0.219479 -0.683589
    outer loop
      vertex 4.22862 1.53909 0.790001
      vertex 5.06205 1.35637 5.72205e-07
      vertex 4.34667 1.16469 0.790001
    endloop
  endfacet
  facet normal -0.674103 0.27976 -0.683607
    outer loop
      vertex 4.07838 -1.90178 0.790001
      vertex 4.7515 -2.21025 5.72205e-07
      vertex 4.74962 -2.21478 5.72205e-07
    endloop
  endfacet
  facet normal -0.674295 0.279319 -0.683598
    outer loop
      vertex 4.7515 -2.21025 5.72205e-07
      vertex 4.07838 -1.90178 0.790001
      vertex 4.22862 -1.53909 0.790001
    endloop
  endfacet
  facet normal -0.723622 0.0952599 -0.683591
    outer loop
      vertex 5.22068 -0.45675 5.72205e-07
      vertex 5.16165 -0.905159 5.72205e-07
      vertex 4.48288 -0.3922 0.790001
    endloop
  endfacet
  facet normal 0.0318394 0.72917 -0.683591
    outer loop
      vertex -0.3922 -4.48288 0.790001
      vertex -0.00490262 -5.24041 5.72205e-07
      vertex -0.45675 -5.22068 5.72205e-07
    endloop
  endfacet
  facet normal -0.444308 -0.579038 -0.683598
    outer loop
      vertex 3.0059 4.29287 5.72205e-07
      vertex 3.36472 4.01754 5.72205e-07
      vertex 2.58109 3.68618 0.790001
    endloop
  endfacet
  facet normal 0.579038 0.444308 -0.683598
    outer loop
      vertex -3.68618 -2.58109 0.790001
      vertex -4.01754 -3.36472 5.72205e-07
      vertex -4.29287 -3.0059 5.72205e-07
    endloop
  endfacet
  facet normal 0.674304 0.279307 -0.683595
    outer loop
      vertex -4.22862 -1.53909 0.790001
      vertex -4.7515 -2.21025 5.72205e-07
      vertex -4.92458 -1.7924 5.72205e-07
    endloop
  endfacet
  facet normal -0.0952599 0.723622 -0.683591
    outer loop
      vertex 0.905159 -5.16165 5.72205e-07
      vertex 0.45675 -5.22068 5.72205e-07
      vertex 0.3922 -4.48288 0.790001
    endloop
  endfacet
  facet normal -0.279307 -0.674304 -0.683595
    outer loop
      vertex 1.7924 4.92458 5.72205e-07
      vertex 2.21025 4.7515 5.72205e-07
      vertex 1.53909 4.22862 0.790001
    endloop
  endfacet
  facet normal 0.0951752 -0.723629 -0.683596
    outer loop
      vertex -0.905159 5.16165 5.72205e-07
      vertex -0.781416 4.43163 0.790001
      vertex -0.910025 5.16101 5.72205e-07
    endloop
  endfacet
  facet normal 0.0952817 -0.723613 -0.683598
    outer loop
      vertex -0.781416 4.43163 0.790001
      vertex -0.905159 5.16165 5.72205e-07
      vertex -0.3922 4.48288 0.790001
    endloop
  endfacet
  facet normal -0.219479 -0.696086 -0.683589
    outer loop
      vertex 1.35637 5.06205 5.72205e-07
      vertex 1.53909 4.22862 0.790001
      vertex 1.16469 4.34667 0.790001
    endloop
  endfacet
  facet normal -0.218653 -0.696121 -0.683817
    outer loop
      vertex 1.53909 4.22862 0.790001
      vertex 1.35637 5.06205 5.72205e-07
      vertex 1.36105 5.06058 5.72205e-07
    endloop
  endfacet
  facet normal 0.723622 0.0952599 -0.683591
    outer loop
      vertex -4.48288 -0.3922 0.790001
      vertex -5.16165 -0.905159 5.72205e-07
      vertex -5.22068 -0.45675 5.72205e-07
    endloop
  endfacet
  facet normal -0.696084 -0.219468 -0.683594
    outer loop
      vertex 4.92458 1.7924 5.72205e-07
      vertex 5.06058 1.36105 5.72205e-07
      vertex 4.22862 1.53909 0.790001
    endloop
  endfacet
  facet normal -0.674304 -0.279307 -0.683595
    outer loop
      vertex 4.7515 2.21025 5.72205e-07
      vertex 4.92458 1.7924 5.72205e-07
      vertex 4.22862 1.53909 0.790001
    endloop
  endfacet
  facet normal 0.615557 -0.392152 -0.683598
    outer loop
      vertex -4.29287 3.0059 5.72205e-07
      vertex -3.68618 2.58109 0.790001
      vertex -4.53588 2.62445 5.72205e-07
    endloop
  endfacet
  facet normal 0.729168 -0.0318291 -0.683594
    outer loop
      vertex -4.5 0 0.790001
      vertex -5.24041 0.00490262 5.72205e-07
      vertex -4.48288 0.3922 0.790001
    endloop
  endfacet
  facet normal 0.729184 -0.031234 -0.683605
    outer loop
      vertex -5.24041 0.00490262 5.72205e-07
      vertex -4.5 0 0.790001
      vertex -5.24062 0 5.72205e-07
    endloop
  endfacet
  facet normal -0.219468 0.696084 -0.683594
    outer loop
      vertex 1.53909 -4.22862 0.790001
      vertex 1.7924 -4.92458 5.72205e-07
      vertex 1.36105 -5.06058 5.72205e-07
    endloop
  endfacet
  facet normal 0.219468 0.696084 -0.683594
    outer loop
      vertex -1.53909 -4.22862 0.790001
      vertex -1.36105 -5.06058 5.72205e-07
      vertex -1.7924 -4.92458 5.72205e-07
    endloop
  endfacet
  facet normal -0.72917 0.0318394 -0.683591
    outer loop
      vertex 5.24041 -0.00490262 5.72205e-07
      vertex 5.22068 -0.45675 5.72205e-07
      vertex 4.48288 -0.3922 0.790001
    endloop
  endfacet
  facet normal -0.729184 0.031234 -0.683605
    outer loop
      vertex 5.24041 -0.00490262 5.72205e-07
      vertex 4.5 0 0.790001
      vertex 5.24062 0 5.72205e-07
    endloop
  endfacet
  facet normal -0.729168 0.0318291 -0.683594
    outer loop
      vertex 4.5 0 0.790001
      vertex 5.24041 -0.00490262 5.72205e-07
      vertex 4.48288 -0.3922 0.790001
    endloop
  endfacet
  facet normal -0.0318394 0.72917 -0.683591
    outer loop
      vertex 0.3922 -4.48288 0.790001
      vertex 0.45675 -5.22068 5.72205e-07
      vertex 0.00490262 -5.24041 5.72205e-07
    endloop
  endfacet
  facet normal -0.647375 -0.337051 -0.683595
    outer loop
      vertex 4.07838 1.90178 0.790001
      vertex 4.74735 2.21914 5.72205e-07
      vertex 4.74962 2.21478 5.72205e-07
    endloop
  endfacet
  facet normal -0.647395 -0.337009 -0.683596
    outer loop
      vertex 4.74735 2.21914 5.72205e-07
      vertex 4.07838 1.90178 0.790001
      vertex 3.89711 2.25 0.790001
    endloop
  endfacet
  facet normal 0.0318394 -0.72917 -0.683591
    outer loop
      vertex -0.00490262 5.24041 5.72205e-07
      vertex -0.3922 4.48288 0.790001
      vertex -0.45675 5.22068 5.72205e-07
    endloop
  endfacet
  facet normal -0.57904 -0.444306 -0.683597
    outer loop
      vertex 3.4472 2.89254 0.790001
      vertex 4.01754 3.36472 5.72205e-07
      vertex 3.68618 2.58109 0.790001
    endloop
  endfacet
  facet normal -0.578662 -0.444781 -0.683608
    outer loop
      vertex 4.01754 3.36472 5.72205e-07
      vertex 3.4472 2.89254 0.790001
      vertex 4.01455 3.36861 5.72205e-07
    endloop
  endfacet
  facet normal -0.674295 -0.279319 -0.683598
    outer loop
      vertex 4.07838 1.90178 0.790001
      vertex 4.7515 2.21025 5.72205e-07
      vertex 4.22862 1.53909 0.790001
    endloop
  endfacet
  facet normal -0.674103 -0.27976 -0.683607
    outer loop
      vertex 4.7515 2.21025 5.72205e-07
      vertex 4.07838 1.90178 0.790001
      vertex 4.74962 2.21478 5.72205e-07
    endloop
  endfacet
  facet normal 0.538111 -0.493082 -0.683598
    outer loop
      vertex -3.4472 2.89254 0.790001
      vertex -4.01124 3.37223 5.72205e-07
      vertex -3.18198 3.18198 0.790001
    endloop
  endfacet
  facet normal 0.538626 -0.4925 -0.683612
    outer loop
      vertex -4.01124 3.37223 5.72205e-07
      vertex -3.4472 2.89254 0.790001
      vertex -4.01455 3.36861 5.72205e-07
    endloop
  endfacet
  facet normal -0.647393 0.337018 -0.683594
    outer loop
      vertex 4.74735 -2.21914 5.72205e-07
      vertex 4.53851 -2.62031 5.72205e-07
      vertex 3.89711 -2.25 0.790001
    endloop
  endfacet
  facet normal 0.538104 0.493096 -0.683594
    outer loop
      vertex -3.18198 -3.18198 0.790001
      vertex -3.70568 -3.70568 5.72205e-07
      vertex -4.01124 -3.37223 5.72205e-07
    endloop
  endfacet
  facet normal -0.444781 -0.578662 -0.683608
    outer loop
      vertex 2.89254 3.4472 0.790001
      vertex 3.36472 4.01754 5.72205e-07
      vertex 3.36861 4.01455 5.72205e-07
    endloop
  endfacet
  facet normal -0.444306 -0.57904 -0.683597
    outer loop
      vertex 3.36472 4.01754 5.72205e-07
      vertex 2.89254 3.4472 0.790001
      vertex 2.58109 3.68618 0.790001
    endloop
  endfacet
  facet normal -0.157987 0.712563 -0.68359
    outer loop
      vertex 1.16469 -4.34667 0.790001
      vertex 1.35637 -5.06205 5.72205e-07
      vertex 0.914816 -5.15995 5.72205e-07
    endloop
  endfacet
  facet normal 0.0318291 -0.729168 -0.683594
    outer loop
      vertex -0.00490262 5.24041 5.72205e-07
      vertex 0 4.5 0.790001
      vertex -0.3922 4.48288 0.790001
    endloop
  endfacet
  facet normal 0.031234 -0.729184 -0.683605
    outer loop
      vertex 0 4.5 0.790001
      vertex -0.00490262 5.24041 5.72205e-07
      vertex 0 5.24062 5.72205e-07
    endloop
  endfacet
  facet normal 0.615556 -0.392157 -0.683597
    outer loop
      vertex -3.89711 2.25 0.790001
      vertex -4.53588 2.62445 5.72205e-07
      vertex -3.68618 2.58109 0.790001
    endloop
  endfacet
  facet normal 0.616047 -0.391354 -0.683614
    outer loop
      vertex -4.53588 2.62445 5.72205e-07
      vertex -3.89711 2.25 0.790001
      vertex -4.53851 2.62031 5.72205e-07
    endloop
  endfacet
  facet normal -0.0952599 -0.723622 -0.683591
    outer loop
      vertex 0.45675 5.22068 5.72205e-07
      vertex 0.905159 5.16165 5.72205e-07
      vertex 0.3922 4.48288 0.790001
    endloop
  endfacet
  facet normal -0.27976 -0.674103 -0.683607
    outer loop
      vertex 1.90178 4.07838 0.790001
      vertex 2.21025 4.7515 5.72205e-07
      vertex 2.21478 4.74962 5.72205e-07
    endloop
  endfacet
  facet normal -0.279319 -0.674295 -0.683598
    outer loop
      vertex 2.21025 4.7515 5.72205e-07
      vertex 1.90178 4.07838 0.790001
      vertex 1.53909 4.22862 0.790001
    endloop
  endfacet
  facet normal -0.444781 0.578662 -0.683608
    outer loop
      vertex 3.36472 -4.01754 5.72205e-07
      vertex 2.89254 -3.4472 0.790001
      vertex 3.36861 -4.01455 5.72205e-07
    endloop
  endfacet
  facet normal -0.444306 0.57904 -0.683597
    outer loop
      vertex 2.89254 -3.4472 0.790001
      vertex 3.36472 -4.01754 5.72205e-07
      vertex 2.58109 -3.68618 0.790001
    endloop
  endfacet
  facet normal -0.157666 -0.71262 -0.683604
    outer loop
      vertex 0.914816 5.15995 5.72205e-07
      vertex 0.781416 4.43163 0.790001
      vertex 0.910025 5.16101 5.72205e-07
    endloop
  endfacet
  facet normal -0.157953 -0.712561 -0.683599
    outer loop
      vertex 0.781416 4.43163 0.790001
      vertex 0.914816 5.15995 5.72205e-07
      vertex 1.16469 4.34667 0.790001
    endloop
  endfacet
  facet normal 0.579038 -0.444308 -0.683598
    outer loop
      vertex -4.01754 3.36472 5.72205e-07
      vertex -3.68618 2.58109 0.790001
      vertex -4.29287 3.0059 5.72205e-07
    endloop
  endfacet
  facet normal 0.712563 -0.157987 -0.68359
    outer loop
      vertex -5.06205 1.35637 5.72205e-07
      vertex -4.34667 1.16469 0.790001
      vertex -5.15995 0.914816 5.72205e-07
    endloop
  endfacet
  facet normal -0.279307 0.674304 -0.683595
    outer loop
      vertex 2.21025 -4.7515 5.72205e-07
      vertex 1.7924 -4.92458 5.72205e-07
      vertex 1.53909 -4.22862 0.790001
    endloop
  endfacet
  facet normal -0.219468 -0.696084 -0.683594
    outer loop
      vertex 1.7924 4.92458 5.72205e-07
      vertex 1.53909 4.22862 0.790001
      vertex 1.36105 5.06058 5.72205e-07
    endloop
  endfacet
  facet normal -0.391354 0.616047 -0.683614
    outer loop
      vertex 2.25 -3.89711 0.790001
      vertex 2.62445 -4.53588 5.72205e-07
      vertex 2.62031 -4.53851 5.72205e-07
    endloop
  endfacet
  facet normal -0.392157 0.615556 -0.683597
    outer loop
      vertex 2.62445 -4.53588 5.72205e-07
      vertex 2.25 -3.89711 0.790001
      vertex 2.58109 -3.68618 0.790001
    endloop
  endfacet
  facet normal -0.392152 0.615557 -0.683598
    outer loop
      vertex 3.0059 -4.29287 5.72205e-07
      vertex 2.62445 -4.53588 5.72205e-07
      vertex 2.58109 -3.68618 0.790001
    endloop
  endfacet
  facet normal 0.337018 0.647393 -0.683594
    outer loop
      vertex -2.25 -3.89711 0.790001
      vertex -2.21914 -4.74735 5.72205e-07
      vertex -2.62031 -4.53851 5.72205e-07
    endloop
  endfacet
  facet normal 0.279319 0.674295 -0.683598
    outer loop
      vertex -2.21025 -4.7515 5.72205e-07
      vertex -1.90178 -4.07838 0.790001
      vertex -1.53909 -4.22862 0.790001
    endloop
  endfacet
  facet normal 0.27976 0.674103 -0.683607
    outer loop
      vertex -1.90178 -4.07838 0.790001
      vertex -2.21025 -4.7515 5.72205e-07
      vertex -2.21478 -4.74962 5.72205e-07
    endloop
  endfacet
  facet normal -0.493082 -0.538111 -0.683598
    outer loop
      vertex 2.89254 3.4472 0.790001
      vertex 3.37223 4.01124 5.72205e-07
      vertex 3.18198 3.18198 0.790001
    endloop
  endfacet
  facet normal -0.4925 -0.538626 -0.683612
    outer loop
      vertex 3.37223 4.01124 5.72205e-07
      vertex 2.89254 3.4472 0.790001
      vertex 3.36861 4.01455 5.72205e-07
    endloop
  endfacet
  facet normal 0.391354 0.616047 -0.683614
    outer loop
      vertex -2.62445 -4.53588 5.72205e-07
      vertex -2.25 -3.89711 0.790001
      vertex -2.62031 -4.53851 5.72205e-07
    endloop
  endfacet
  facet normal 0.392157 0.615556 -0.683597
    outer loop
      vertex -2.25 -3.89711 0.790001
      vertex -2.62445 -4.53588 5.72205e-07
      vertex -2.58109 -3.68618 0.790001
    endloop
  endfacet
  facet normal -0.392157 -0.615556 -0.683597
    outer loop
      vertex 2.25 3.89711 0.790001
      vertex 2.62445 4.53588 5.72205e-07
      vertex 2.58109 3.68618 0.790001
    endloop
  endfacet
  facet normal -0.391354 -0.616047 -0.683614
    outer loop
      vertex 2.62445 4.53588 5.72205e-07
      vertex 2.25 3.89711 0.790001
      vertex 2.62031 4.53851 5.72205e-07
    endloop
  endfacet
  facet normal -0.538104 0.493096 -0.683594
    outer loop
      vertex 4.01124 -3.37223 5.72205e-07
      vertex 3.70568 -3.70568 5.72205e-07
      vertex 3.18198 -3.18198 0.790001
    endloop
  endfacet
  facet normal 0.71262 0.157666 -0.683604
    outer loop
      vertex -4.43163 -0.781416 0.790001
      vertex -5.15995 -0.914816 5.72205e-07
      vertex -5.16101 -0.910025 5.72205e-07
    endloop
  endfacet
  facet normal 0.712561 0.157953 -0.683599
    outer loop
      vertex -5.15995 -0.914816 5.72205e-07
      vertex -4.43163 -0.781416 0.790001
      vertex -4.34667 -1.16469 0.790001
    endloop
  endfacet
  facet normal -0.647375 0.337051 -0.683595
    outer loop
      vertex 4.74735 -2.21914 5.72205e-07
      vertex 4.07838 -1.90178 0.790001
      vertex 4.74962 -2.21478 5.72205e-07
    endloop
  endfacet
  facet normal -0.647395 0.337009 -0.683596
    outer loop
      vertex 4.07838 -1.90178 0.790001
      vertex 4.74735 -2.21914 5.72205e-07
      vertex 3.89711 -2.25 0.790001
    endloop
  endfacet
  facet normal 0.392157 -0.615556 -0.683597
    outer loop
      vertex -2.62445 4.53588 5.72205e-07
      vertex -2.25 3.89711 0.790001
      vertex -2.58109 3.68618 0.790001
    endloop
  endfacet
  facet normal 0.391354 -0.616047 -0.683614
    outer loop
      vertex -2.25 3.89711 0.790001
      vertex -2.62445 4.53588 5.72205e-07
      vertex -2.62031 4.53851 5.72205e-07
    endloop
  endfacet
  facet normal 0.647395 -0.337009 -0.683596
    outer loop
      vertex -4.07838 1.90178 0.790001
      vertex -4.74735 2.21914 5.72205e-07
      vertex -3.89711 2.25 0.790001
    endloop
  endfacet
  facet normal 0.647375 -0.337051 -0.683595
    outer loop
      vertex -4.74735 2.21914 5.72205e-07
      vertex -4.07838 1.90178 0.790001
      vertex -4.74962 2.21478 5.72205e-07
    endloop
  endfacet
  facet normal -0.579038 0.444308 -0.683598
    outer loop
      vertex 4.29287 -3.0059 5.72205e-07
      vertex 4.01754 -3.36472 5.72205e-07
      vertex 3.68618 -2.58109 0.790001
    endloop
  endfacet
  facet normal -0.538104 -0.493096 -0.683594
    outer loop
      vertex 3.70568 3.70568 5.72205e-07
      vertex 4.01124 3.37223 5.72205e-07
      vertex 3.18198 3.18198 0.790001
    endloop
  endfacet
  facet normal 0.712561 -0.157953 -0.683599
    outer loop
      vertex -4.43163 0.781416 0.790001
      vertex -5.15995 0.914816 5.72205e-07
      vertex -4.34667 1.16469 0.790001
    endloop
  endfacet
  facet normal 0.71262 -0.157666 -0.683604
    outer loop
      vertex -5.15995 0.914816 5.72205e-07
      vertex -4.43163 0.781416 0.790001
      vertex -5.16101 0.910025 5.72205e-07
    endloop
  endfacet
  facet normal -0.616047 -0.391354 -0.683614
    outer loop
      vertex 3.89711 2.25 0.790001
      vertex 4.53588 2.62445 5.72205e-07
      vertex 4.53851 2.62031 5.72205e-07
    endloop
  endfacet
  facet normal -0.615556 -0.392157 -0.683597
    outer loop
      vertex 4.53588 2.62445 5.72205e-07
      vertex 3.89711 2.25 0.790001
      vertex 3.68618 2.58109 0.790001
    endloop
  endfacet
  facet normal -0.538626 -0.4925 -0.683612
    outer loop
      vertex 3.4472 2.89254 0.790001
      vertex 4.01124 3.37223 5.72205e-07
      vertex 4.01455 3.36861 5.72205e-07
    endloop
  endfacet
  facet normal -0.538111 -0.493082 -0.683598
    outer loop
      vertex 4.01124 3.37223 5.72205e-07
      vertex 3.4472 2.89254 0.790001
      vertex 3.18198 3.18198 0.790001
    endloop
  endfacet
  facet normal 0.696084 0.219468 -0.683594
    outer loop
      vertex -4.22862 -1.53909 0.790001
      vertex -4.92458 -1.7924 5.72205e-07
      vertex -5.06058 -1.36105 5.72205e-07
    endloop
  endfacet
  facet normal 0.674103 0.27976 -0.683607
    outer loop
      vertex -4.7515 -2.21025 5.72205e-07
      vertex -4.07838 -1.90178 0.790001
      vertex -4.74962 -2.21478 5.72205e-07
    endloop
  endfacet
  facet normal 0.674295 0.279319 -0.683598
    outer loop
      vertex -4.07838 -1.90178 0.790001
      vertex -4.7515 -2.21025 5.72205e-07
      vertex -4.22862 -1.53909 0.790001
    endloop
  endfacet
  facet normal 0.444306 0.57904 -0.683597
    outer loop
      vertex -3.36472 -4.01754 5.72205e-07
      vertex -2.89254 -3.4472 0.790001
      vertex -2.58109 -3.68618 0.790001
    endloop
  endfacet
  facet normal 0.444781 0.578662 -0.683608
    outer loop
      vertex -2.89254 -3.4472 0.790001
      vertex -3.36472 -4.01754 5.72205e-07
      vertex -3.36861 -4.01455 5.72205e-07
    endloop
  endfacet
  facet normal 0.392152 0.615557 -0.683598
    outer loop
      vertex -2.58109 -3.68618 0.790001
      vertex -2.62445 -4.53588 5.72205e-07
      vertex -3.0059 -4.29287 5.72205e-07
    endloop
  endfacet
  facet normal 0.647395 0.337009 -0.683596
    outer loop
      vertex -4.74735 -2.21914 5.72205e-07
      vertex -4.07838 -1.90178 0.790001
      vertex -3.89711 -2.25 0.790001
    endloop
  endfacet
  facet normal 0.647375 0.337051 -0.683595
    outer loop
      vertex -4.07838 -1.90178 0.790001
      vertex -4.74735 -2.21914 5.72205e-07
      vertex -4.74962 -2.21478 5.72205e-07
    endloop
  endfacet
  facet normal -0.578662 0.444781 -0.683608
    outer loop
      vertex 3.4472 -2.89254 0.790001
      vertex 4.01754 -3.36472 5.72205e-07
      vertex 4.01455 -3.36861 5.72205e-07
    endloop
  endfacet
  facet normal -0.57904 0.444306 -0.683597
    outer loop
      vertex 4.01754 -3.36472 5.72205e-07
      vertex 3.4472 -2.89254 0.790001
      vertex 3.68618 -2.58109 0.790001
    endloop
  endfacet
  facet normal 0.696121 -0.218653 -0.683817
    outer loop
      vertex -4.22862 1.53909 0.790001
      vertex -5.06205 1.35637 5.72205e-07
      vertex -5.06058 1.36105 5.72205e-07
    endloop
  endfacet
  facet normal 0.696086 -0.219479 -0.683589
    outer loop
      vertex -5.06205 1.35637 5.72205e-07
      vertex -4.22862 1.53909 0.790001
      vertex -4.34667 1.16469 0.790001
    endloop
  endfacet
  facet normal 0.57904 -0.444306 -0.683597
    outer loop
      vertex -4.01754 3.36472 5.72205e-07
      vertex -3.4472 2.89254 0.790001
      vertex -3.68618 2.58109 0.790001
    endloop
  endfacet
  facet normal 0.578662 -0.444781 -0.683608
    outer loop
      vertex -3.4472 2.89254 0.790001
      vertex -4.01754 3.36472 5.72205e-07
      vertex -4.01455 3.36861 5.72205e-07
    endloop
  endfacet
  facet normal 0.157953 -0.712561 -0.683599
    outer loop
      vertex -0.914816 5.15995 5.72205e-07
      vertex -0.781416 4.43163 0.790001
      vertex -1.16469 4.34667 0.790001
    endloop
  endfacet
  facet normal 0.157666 -0.71262 -0.683604
    outer loop
      vertex -0.781416 4.43163 0.790001
      vertex -0.914816 5.15995 5.72205e-07
      vertex -0.910025 5.16101 5.72205e-07
    endloop
  endfacet
  facet normal 0.578662 0.444781 -0.683608
    outer loop
      vertex -4.01754 -3.36472 5.72205e-07
      vertex -3.4472 -2.89254 0.790001
      vertex -4.01455 -3.36861 5.72205e-07
    endloop
  endfacet
  facet normal 0.57904 0.444306 -0.683597
    outer loop
      vertex -3.4472 -2.89254 0.790001
      vertex -4.01754 -3.36472 5.72205e-07
      vertex -3.68618 -2.58109 0.790001
    endloop
  endfacet
  facet normal 0.031234 0.729184 -0.683605
    outer loop
      vertex -0.00490262 -5.24041 5.72205e-07
      vertex 0 -4.5 0.790001
      vertex 0 -5.24062 5.72205e-07
    endloop
  endfacet
  facet normal 0.0318291 0.729168 -0.683594
    outer loop
      vertex 0 -4.5 0.790001
      vertex -0.00490262 -5.24041 5.72205e-07
      vertex -0.3922 -4.48288 0.790001
    endloop
  endfacet
  facet normal -0.337018 -0.647393 -0.683594
    outer loop
      vertex 2.62031 4.53851 5.72205e-07
      vertex 2.25 3.89711 0.790001
      vertex 2.21914 4.74735 5.72205e-07
    endloop
  endfacet
  facet normal -0.712563 0.157987 -0.68359
    outer loop
      vertex 5.15995 -0.914816 5.72205e-07
      vertex 5.06205 -1.35637 5.72205e-07
      vertex 4.34667 -1.16469 0.790001
    endloop
  endfacet
  facet normal -0.696121 0.218653 -0.683817
    outer loop
      vertex 4.22862 -1.53909 0.790001
      vertex 5.06205 -1.35637 5.72205e-07
      vertex 5.06058 -1.36105 5.72205e-07
    endloop
  endfacet
  facet normal -0.696086 0.219479 -0.683589
    outer loop
      vertex 5.06205 -1.35637 5.72205e-07
      vertex 4.22862 -1.53909 0.790001
      vertex 4.34667 -1.16469 0.790001
    endloop
  endfacet
  facet normal 0.696084 -0.219468 -0.683594
    outer loop
      vertex -4.92458 1.7924 5.72205e-07
      vertex -4.22862 1.53909 0.790001
      vertex -5.06058 1.36105 5.72205e-07
    endloop
  endfacet
  facet normal -0.27976 0.674103 -0.683607
    outer loop
      vertex 2.21025 -4.7515 5.72205e-07
      vertex 1.90178 -4.07838 0.790001
      vertex 2.21478 -4.74962 5.72205e-07
    endloop
  endfacet
  facet normal -0.279319 0.674295 -0.683598
    outer loop
      vertex 1.90178 -4.07838 0.790001
      vertex 2.21025 -4.7515 5.72205e-07
      vertex 1.53909 -4.22862 0.790001
    endloop
  endfacet
  facet normal 0.219468 -0.696084 -0.683594
    outer loop
      vertex -1.36105 5.06058 5.72205e-07
      vertex -1.53909 4.22862 0.790001
      vertex -1.7924 4.92458 5.72205e-07
    endloop
  endfacet
  facet normal 0.538104 -0.493096 -0.683594
    outer loop
      vertex -3.70568 3.70568 5.72205e-07
      vertex -3.18198 3.18198 0.790001
      vertex -4.01124 3.37223 5.72205e-07
    endloop
  endfacet
  facet normal 0.615557 0.392152 -0.683598
    outer loop
      vertex -3.68618 -2.58109 0.790001
      vertex -4.29287 -3.0059 5.72205e-07
      vertex -4.53588 -2.62445 5.72205e-07
    endloop
  endfacet
  facet normal -0.696084 0.219468 -0.683594
    outer loop
      vertex 5.06058 -1.36105 5.72205e-07
      vertex 4.92458 -1.7924 5.72205e-07
      vertex 4.22862 -1.53909 0.790001
    endloop
  endfacet
  facet normal 0.444308 0.579038 -0.683598
    outer loop
      vertex -2.58109 -3.68618 0.790001
      vertex -3.0059 -4.29287 5.72205e-07
      vertex -3.36472 -4.01754 5.72205e-07
    endloop
  endfacet
  facet normal 0.493096 0.538104 -0.683594
    outer loop
      vertex -3.18198 -3.18198 0.790001
      vertex -3.37223 -4.01124 5.72205e-07
      vertex -3.70568 -3.70568 5.72205e-07
    endloop
  endfacet
  facet normal 0.4925 0.538626 -0.683612
    outer loop
      vertex -3.37223 -4.01124 5.72205e-07
      vertex -2.89254 -3.4472 0.790001
      vertex -3.36861 -4.01455 5.72205e-07
    endloop
  endfacet
  facet normal 0.493082 0.538111 -0.683598
    outer loop
      vertex -2.89254 -3.4472 0.790001
      vertex -3.37223 -4.01124 5.72205e-07
      vertex -3.18198 -3.18198 0.790001
    endloop
  endfacet
  facet normal -0.157987 -0.712563 -0.68359
    outer loop
      vertex 1.35637 5.06205 5.72205e-07
      vertex 1.16469 4.34667 0.790001
      vertex 0.914816 5.15995 5.72205e-07
    endloop
  endfacet
  facet normal -0.71262 0.157666 -0.683604
    outer loop
      vertex 5.15995 -0.914816 5.72205e-07
      vertex 4.43163 -0.781416 0.790001
      vertex 5.16101 -0.910025 5.72205e-07
    endloop
  endfacet
  facet normal -0.712561 0.157953 -0.683599
    outer loop
      vertex 4.43163 -0.781416 0.790001
      vertex 5.15995 -0.914816 5.72205e-07
      vertex 4.34667 -1.16469 0.790001
    endloop
  endfacet
  facet normal 0.279319 -0.674295 -0.683598
    outer loop
      vertex -1.90178 4.07838 0.790001
      vertex -2.21025 4.7515 5.72205e-07
      vertex -1.53909 4.22862 0.790001
    endloop
  endfacet
  facet normal 0.27976 -0.674103 -0.683607
    outer loop
      vertex -2.21025 4.7515 5.72205e-07
      vertex -1.90178 4.07838 0.790001
      vertex -2.21478 4.74962 5.72205e-07
    endloop
  endfacet
  facet normal -0.337009 -0.647395 -0.683596
    outer loop
      vertex 1.90178 4.07838 0.790001
      vertex 2.21914 4.74735 5.72205e-07
      vertex 2.25 3.89711 0.790001
    endloop
  endfacet
  facet normal -0.337051 -0.647375 -0.683595
    outer loop
      vertex 2.21914 4.74735 5.72205e-07
      vertex 1.90178 4.07838 0.790001
      vertex 2.21478 4.74962 5.72205e-07
    endloop
  endfacet
  facet normal -0.538626 0.4925 -0.683612
    outer loop
      vertex 4.01124 -3.37223 5.72205e-07
      vertex 3.4472 -2.89254 0.790001
      vertex 4.01455 -3.36861 5.72205e-07
    endloop
  endfacet
  facet normal -0.538111 0.493082 -0.683598
    outer loop
      vertex 3.4472 -2.89254 0.790001
      vertex 4.01124 -3.37223 5.72205e-07
      vertex 3.18198 -3.18198 0.790001
    endloop
  endfacet
  facet normal 0.218653 -0.696121 -0.683817
    outer loop
      vertex -1.35637 5.06205 5.72205e-07
      vertex -1.53909 4.22862 0.790001
      vertex -1.36105 5.06058 5.72205e-07
    endloop
  endfacet
  facet normal 0.219479 -0.696086 -0.683589
    outer loop
      vertex -1.53909 4.22862 0.790001
      vertex -1.35637 5.06205 5.72205e-07
      vertex -1.16469 4.34667 0.790001
    endloop
  endfacet
  facet normal -0.723613 0.0952817 -0.683598
    outer loop
      vertex 5.16165 -0.905159 5.72205e-07
      vertex 4.43163 -0.781416 0.790001
      vertex 4.48288 -0.3922 0.790001
    endloop
  endfacet
  facet normal -0.723629 0.0951752 -0.683596
    outer loop
      vertex 4.43163 -0.781416 0.790001
      vertex 5.16165 -0.905159 5.72205e-07
      vertex 5.16101 -0.910025 5.72205e-07
    endloop
  endfacet
  facet normal -0.4925 0.538626 -0.683612
    outer loop
      vertex 2.89254 -3.4472 0.790001
      vertex 3.37223 -4.01124 5.72205e-07
      vertex 3.36861 -4.01455 5.72205e-07
    endloop
  endfacet
  facet normal -0.493082 0.538111 -0.683598
    outer loop
      vertex 3.37223 -4.01124 5.72205e-07
      vertex 2.89254 -3.4472 0.790001
      vertex 3.18198 -3.18198 0.790001
    endloop
  endfacet
  facet normal -0.579038 -0.444308 -0.683598
    outer loop
      vertex 4.01754 3.36472 5.72205e-07
      vertex 4.29287 3.0059 5.72205e-07
      vertex 3.68618 2.58109 0.790001
    endloop
  endfacet
  facet normal -0.615557 -0.392152 -0.683598
    outer loop
      vertex 4.29287 3.0059 5.72205e-07
      vertex 4.53588 2.62445 5.72205e-07
      vertex 3.68618 2.58109 0.790001
    endloop
  endfacet
  facet normal -0.0318394 -0.72917 -0.683591
    outer loop
      vertex 0.45675 5.22068 5.72205e-07
      vertex 0.3922 4.48288 0.790001
      vertex 0.00490262 5.24041 5.72205e-07
    endloop
  endfacet
  facet normal -0.0952817 -0.723613 -0.683598
    outer loop
      vertex 0.905159 5.16165 5.72205e-07
      vertex 0.781416 4.43163 0.790001
      vertex 0.3922 4.48288 0.790001
    endloop
  endfacet
  facet normal -0.0951752 -0.723629 -0.683596
    outer loop
      vertex 0.781416 4.43163 0.790001
      vertex 0.905159 5.16165 5.72205e-07
      vertex 0.910025 5.16101 5.72205e-07
    endloop
  endfacet
  facet normal 0.219479 0.696086 -0.683589
    outer loop
      vertex -1.35637 -5.06205 5.72205e-07
      vertex -1.53909 -4.22862 0.790001
      vertex -1.16469 -4.34667 0.790001
    endloop
  endfacet
  facet normal 0.218653 0.696121 -0.683817
    outer loop
      vertex -1.53909 -4.22862 0.790001
      vertex -1.35637 -5.06205 5.72205e-07
      vertex -1.36105 -5.06058 5.72205e-07
    endloop
  endfacet
  facet normal 0.157987 0.712563 -0.68359
    outer loop
      vertex -1.16469 -4.34667 0.790001
      vertex -0.914816 -5.15995 5.72205e-07
      vertex -1.35637 -5.06205 5.72205e-07
    endloop
  endfacet
  facet normal 0.157666 0.71262 -0.683604
    outer loop
      vertex -0.914816 -5.15995 5.72205e-07
      vertex -0.781416 -4.43163 0.790001
      vertex -0.910025 -5.16101 5.72205e-07
    endloop
  endfacet
  facet normal 0.157953 0.712561 -0.683599
    outer loop
      vertex -0.781416 -4.43163 0.790001
      vertex -0.914816 -5.15995 5.72205e-07
      vertex -1.16469 -4.34667 0.790001
    endloop
  endfacet
endsolid OpenSCAD_Model
