solid OpenSCAD_Model
  facet normal 1 0 0
    outer loop
      vertex -8.5 -30 42
      vertex -8.5 -104 42
      vertex -8.5 -30 24
    endloop
  endfacet
  facet normal 1 -0 0
    outer loop
      vertex -8.5 -30 24
      vertex -8.5 -6 4
      vertex -8.5 -6 24
    endloop
  endfacet
  facet normal 1 0 0
    outer loop
      vertex -8.5 -104 24
      vertex -8.5 -30 24
      vertex -8.5 -104 42
    endloop
  endfacet
  facet normal 1 0 0
    outer loop
      vertex -8.5 -116 4
      vertex -8.5 -30 24
      vertex -8.5 -104 24
    endloop
  endfacet
  facet normal 1 0 0
    outer loop
      vertex -8.5 -116 4
      vertex -8.5 -104 24
      vertex -8.5 -116 24
    endloop
  endfacet
  facet normal 1 0 0
    outer loop
      vertex -8.5 -30 24
      vertex -8.5 -116 4
      vertex -8.5 -6 4
    endloop
  endfacet
  facet normal 0 -1 0
    outer loop
      vertex -4.13619 -116 36.7293
      vertex -6.69747 -116 42
      vertex -11.5 -116 42
    endloop
  endfacet
  facet normal -0 -1 0
    outer loop
      vertex 0 -116 40.2
      vertex -6.69747 -116 42
      vertex -0.366054 -116 40.184
    endloop
  endfacet
  facet normal 0 -1 0
    outer loop
      vertex 0.366054 -116 40.184
      vertex 6.69747 -116 42
      vertex 0 -116 40.2
    endloop
  endfacet
  facet normal 0 -1 0
    outer loop
      vertex -6.69747 -116 42
      vertex 0 -116 40.2
      vertex 6.69747 -116 42
    endloop
  endfacet
  facet normal 0 -1 0
    outer loop
      vertex -6.69747 -116 42
      vertex -0.729321 -116 40.1362
      vertex -0.366054 -116 40.184
    endloop
  endfacet
  facet normal 0 -1 0
    outer loop
      vertex -6.69747 -116 42
      vertex -1.08704 -116 40.0569
      vertex -0.729321 -116 40.1362
    endloop
  endfacet
  facet normal 0 -1 0
    outer loop
      vertex -6.69747 -116 42
      vertex -1.43648 -116 39.9467
      vertex -1.08704 -116 40.0569
    endloop
  endfacet
  facet normal 0 -1 0
    outer loop
      vertex -6.69747 -116 42
      vertex -1.775 -116 39.8065
      vertex -1.43648 -116 39.9467
    endloop
  endfacet
  facet normal 0 -1 0
    outer loop
      vertex -6.69747 -116 42
      vertex -2.1 -116 39.6373
      vertex -1.775 -116 39.8065
    endloop
  endfacet
  facet normal 0 -1 0
    outer loop
      vertex -6.69747 -116 42
      vertex -2.40902 -116 39.4404
      vertex -2.1 -116 39.6373
    endloop
  endfacet
  facet normal 0 -1 0
    outer loop
      vertex -6.69747 -116 42
      vertex -2.69971 -116 39.2174
      vertex -2.40902 -116 39.4404
    endloop
  endfacet
  facet normal 0 -1 0
    outer loop
      vertex -6.69747 -116 42
      vertex -2.96985 -116 38.9698
      vertex -2.69971 -116 39.2174
    endloop
  endfacet
  facet normal 0 -1 0
    outer loop
      vertex -6.69747 -116 42
      vertex -3.21739 -116 38.6997
      vertex -2.96985 -116 38.9698
    endloop
  endfacet
  facet normal 0 -1 0
    outer loop
      vertex -6.69747 -116 42
      vertex -3.44044 -116 38.409
      vertex -3.21739 -116 38.6997
    endloop
  endfacet
  facet normal 0 -1 0
    outer loop
      vertex -6.69747 -116 42
      vertex -3.63731 -116 38.1
      vertex -3.44044 -116 38.409
    endloop
  endfacet
  facet normal 0 -1 0
    outer loop
      vertex -6.69747 -116 42
      vertex -3.80649 -116 37.775
      vertex -3.63731 -116 38.1
    endloop
  endfacet
  facet normal 0 -1 0
    outer loop
      vertex -6.69747 -116 42
      vertex -3.94671 -116 37.4365
      vertex -3.80649 -116 37.775
    endloop
  endfacet
  facet normal 0 -1 0
    outer loop
      vertex -6.69747 -116 42
      vertex -4.05689 -116 37.087
      vertex -3.94671 -116 37.4365
    endloop
  endfacet
  facet normal 0 -1 0
    outer loop
      vertex -6.69747 -116 42
      vertex -4.13619 -116 36.7293
      vertex -4.05689 -116 37.087
    endloop
  endfacet
  facet normal 0 -1 0
    outer loop
      vertex -11.5 -116 42
      vertex -4.18402 -116 36.3661
      vertex -4.13619 -116 36.7293
    endloop
  endfacet
  facet normal 0 -1 0
    outer loop
      vertex -11.5 -116 42
      vertex -4.2 -116 36
      vertex -4.18402 -116 36.3661
    endloop
  endfacet
  facet normal 0 -1 0
    outer loop
      vertex -11.5 -116 42
      vertex -4.18402 -116 35.6339
      vertex -4.2 -116 36
    endloop
  endfacet
  facet normal 0 -1 0
    outer loop
      vertex -11.5 -116 42
      vertex -4.13619 -116 35.2707
      vertex -4.18402 -116 35.6339
    endloop
  endfacet
  facet normal 0 -1 0
    outer loop
      vertex -11.5 -116 42
      vertex -4.05689 -116 34.913
      vertex -4.13619 -116 35.2707
    endloop
  endfacet
  facet normal 0 -1 0
    outer loop
      vertex -8.5 -116 24
      vertex -4.05689 -116 34.913
      vertex -11.5 -116 42
    endloop
  endfacet
  facet normal 0 -1 -0
    outer loop
      vertex -4.05689 -116 34.913
      vertex -8.5 -116 24
      vertex -3.94671 -116 34.5635
    endloop
  endfacet
  facet normal 0 -1 -0
    outer loop
      vertex -3.94671 -116 34.5635
      vertex -8.5 -116 24
      vertex -3.80649 -116 34.225
    endloop
  endfacet
  facet normal 0 -1 -0
    outer loop
      vertex -3.80649 -116 34.225
      vertex -8.5 -116 24
      vertex -3.63731 -116 33.9
    endloop
  endfacet
  facet normal 0 -1 -0
    outer loop
      vertex -3.63731 -116 33.9
      vertex -8.5 -116 24
      vertex -3.44044 -116 33.591
    endloop
  endfacet
  facet normal 0 -1 -0
    outer loop
      vertex -3.44044 -116 33.591
      vertex -8.5 -116 24
      vertex -3.21739 -116 33.3003
    endloop
  endfacet
  facet normal 0 -1 -0
    outer loop
      vertex -0.366054 -116 31.816
      vertex -8.5 -116 24
      vertex 0 -116 31.8
    endloop
  endfacet
  facet normal 0 -1 -0
    outer loop
      vertex -0.729321 -116 31.8638
      vertex -8.5 -116 24
      vertex -0.366054 -116 31.816
    endloop
  endfacet
  facet normal 0 -1 -0
    outer loop
      vertex -1.08704 -116 31.9431
      vertex -8.5 -116 24
      vertex -0.729321 -116 31.8638
    endloop
  endfacet
  facet normal 0 -1 -0
    outer loop
      vertex -1.43648 -116 32.0533
      vertex -8.5 -116 24
      vertex -1.08704 -116 31.9431
    endloop
  endfacet
  facet normal 0 -1 -0
    outer loop
      vertex -1.775 -116 32.1935
      vertex -8.5 -116 24
      vertex -1.43648 -116 32.0533
    endloop
  endfacet
  facet normal 0 -1 -0
    outer loop
      vertex -2.1 -116 32.3627
      vertex -8.5 -116 24
      vertex -1.775 -116 32.1935
    endloop
  endfacet
  facet normal 0 -1 -0
    outer loop
      vertex -2.40902 -116 32.5596
      vertex -8.5 -116 24
      vertex -2.1 -116 32.3627
    endloop
  endfacet
  facet normal 0 -1 -0
    outer loop
      vertex -2.69971 -116 32.7826
      vertex -8.5 -116 24
      vertex -2.40902 -116 32.5596
    endloop
  endfacet
  facet normal 0 -1 -0
    outer loop
      vertex -2.96985 -116 33.0302
      vertex -8.5 -116 24
      vertex -2.69971 -116 32.7826
    endloop
  endfacet
  facet normal 0 -1 -0
    outer loop
      vertex -3.21739 -116 33.3003
      vertex -8.5 -116 24
      vertex -2.96985 -116 33.0302
    endloop
  endfacet
  facet normal 0 -1 0
    outer loop
      vertex -11.5 -116 0
      vertex -8.5 -116 24
      vertex -11.5 -116 42
    endloop
  endfacet
  facet normal 0 -1 -0
    outer loop
      vertex -8.5 -116 4
      vertex -11.5 -116 0
      vertex 8.5 -116 4
    endloop
  endfacet
  facet normal 0 -1 -0
    outer loop
      vertex -8.5 -116 24
      vertex -11.5 -116 0
      vertex -8.5 -116 4
    endloop
  endfacet
  facet normal 0 -1 0
    outer loop
      vertex -0.784401 -116 44.9658
      vertex 0.784401 -116 44.9658
      vertex 0 -116 45
    endloop
  endfacet
  facet normal 0 -1 0
    outer loop
      vertex -1.56283 -116 44.8633
      vertex 0.784401 -116 44.9658
      vertex -0.784401 -116 44.9658
    endloop
  endfacet
  facet normal 0 -1 0
    outer loop
      vertex -1.56283 -116 44.8633
      vertex 1.56283 -116 44.8633
      vertex 0.784401 -116 44.9658
    endloop
  endfacet
  facet normal 0 -1 0
    outer loop
      vertex -2.32937 -116 44.6933
      vertex 1.56283 -116 44.8633
      vertex -1.56283 -116 44.8633
    endloop
  endfacet
  facet normal 0 -1 0
    outer loop
      vertex -2.32937 -116 44.6933
      vertex 2.32937 -116 44.6933
      vertex 1.56283 -116 44.8633
    endloop
  endfacet
  facet normal 0 -1 0
    outer loop
      vertex -3.07818 -116 44.4572
      vertex 2.32937 -116 44.6933
      vertex -2.32937 -116 44.6933
    endloop
  endfacet
  facet normal 0 -1 0
    outer loop
      vertex -3.07818 -116 44.4572
      vertex 3.07818 -116 44.4572
      vertex 2.32937 -116 44.6933
    endloop
  endfacet
  facet normal 0 -1 0
    outer loop
      vertex -3.80356 -116 44.1568
      vertex 3.07818 -116 44.4572
      vertex -3.07818 -116 44.4572
    endloop
  endfacet
  facet normal 0 -1 0
    outer loop
      vertex -3.80356 -116 44.1568
      vertex 3.80356 -116 44.1568
      vertex 3.07818 -116 44.4572
    endloop
  endfacet
  facet normal 0 -1 0
    outer loop
      vertex -4.5 -116 43.7942
      vertex 3.80356 -116 44.1568
      vertex -3.80356 -116 44.1568
    endloop
  endfacet
  facet normal 0 -1 0
    outer loop
      vertex -4.5 -116 43.7942
      vertex 4.5 -116 43.7942
      vertex 3.80356 -116 44.1568
    endloop
  endfacet
  facet normal 0 -1 0
    outer loop
      vertex -5.16219 -116 43.3724
      vertex 4.5 -116 43.7942
      vertex -4.5 -116 43.7942
    endloop
  endfacet
  facet normal 0 -1 0
    outer loop
      vertex -5.16219 -116 43.3724
      vertex 5.16219 -116 43.3724
      vertex 4.5 -116 43.7942
    endloop
  endfacet
  facet normal 0 -1 0
    outer loop
      vertex -5.78509 -116 42.8944
      vertex 5.16219 -116 43.3724
      vertex -5.16219 -116 43.3724
    endloop
  endfacet
  facet normal 0 -1 0
    outer loop
      vertex -5.78509 -116 42.8944
      vertex 5.78509 -116 42.8944
      vertex 5.16219 -116 43.3724
    endloop
  endfacet
  facet normal 0 -1 0
    outer loop
      vertex -6.69747 -116 42
      vertex -5.78509 -116 42.8944
      vertex -6.36396 -116 42.364
    endloop
  endfacet
  facet normal 0 -1 -0
    outer loop
      vertex -5.78509 -116 42.8944
      vertex -6.69747 -116 42
      vertex 5.78509 -116 42.8944
    endloop
  endfacet
  facet normal 0 -1 0
    outer loop
      vertex 6.69747 -116 42
      vertex 5.78509 -116 42.8944
      vertex -6.69747 -116 42
    endloop
  endfacet
  facet normal 0 -1 0
    outer loop
      vertex 5.78509 -116 42.8944
      vertex 6.69747 -116 42
      vertex 6.36396 -116 42.364
    endloop
  endfacet
  facet normal 0 -1 0
    outer loop
      vertex 0.729321 -116 40.1362
      vertex 6.69747 -116 42
      vertex 0.366054 -116 40.184
    endloop
  endfacet
  facet normal 0 -1 0
    outer loop
      vertex 1.08704 -116 40.0569
      vertex 6.69747 -116 42
      vertex 0.729321 -116 40.1362
    endloop
  endfacet
  facet normal 0 -1 0
    outer loop
      vertex 1.43648 -116 39.9467
      vertex 6.69747 -116 42
      vertex 1.08704 -116 40.0569
    endloop
  endfacet
  facet normal 0 -1 0
    outer loop
      vertex 1.775 -116 39.8065
      vertex 6.69747 -116 42
      vertex 1.43648 -116 39.9467
    endloop
  endfacet
  facet normal 0 -1 0
    outer loop
      vertex 2.1 -116 39.6373
      vertex 6.69747 -116 42
      vertex 1.775 -116 39.8065
    endloop
  endfacet
  facet normal 0 -1 0
    outer loop
      vertex 2.40902 -116 39.4404
      vertex 6.69747 -116 42
      vertex 2.1 -116 39.6373
    endloop
  endfacet
  facet normal 0 -1 0
    outer loop
      vertex 2.69971 -116 39.2174
      vertex 6.69747 -116 42
      vertex 2.40902 -116 39.4404
    endloop
  endfacet
  facet normal 0 -1 0
    outer loop
      vertex 2.96985 -116 38.9698
      vertex 6.69747 -116 42
      vertex 2.69971 -116 39.2174
    endloop
  endfacet
  facet normal 0 -1 0
    outer loop
      vertex 3.21739 -116 38.6997
      vertex 6.69747 -116 42
      vertex 2.96985 -116 38.9698
    endloop
  endfacet
  facet normal 0 -1 0
    outer loop
      vertex 3.44044 -116 38.409
      vertex 6.69747 -116 42
      vertex 3.21739 -116 38.6997
    endloop
  endfacet
  facet normal 0 -1 0
    outer loop
      vertex 3.63731 -116 38.1
      vertex 6.69747 -116 42
      vertex 3.44044 -116 38.409
    endloop
  endfacet
  facet normal 0 -1 0
    outer loop
      vertex 3.80649 -116 37.775
      vertex 6.69747 -116 42
      vertex 3.63731 -116 38.1
    endloop
  endfacet
  facet normal 0 -1 0
    outer loop
      vertex 3.94671 -116 37.4365
      vertex 6.69747 -116 42
      vertex 3.80649 -116 37.775
    endloop
  endfacet
  facet normal 0 -1 0
    outer loop
      vertex 4.05689 -116 37.087
      vertex 6.69747 -116 42
      vertex 3.94671 -116 37.4365
    endloop
  endfacet
  facet normal 0 -1 0
    outer loop
      vertex 4.13619 -116 36.7293
      vertex 6.69747 -116 42
      vertex 4.05689 -116 37.087
    endloop
  endfacet
  facet normal 0 -1 -0
    outer loop
      vertex 6.69747 -116 42
      vertex 4.13619 -116 36.7293
      vertex 11.5 -116 42
    endloop
  endfacet
  facet normal 0 -1 0
    outer loop
      vertex 4.18402 -116 36.3661
      vertex 11.5 -116 42
      vertex 4.13619 -116 36.7293
    endloop
  endfacet
  facet normal 0 -1 0
    outer loop
      vertex 4.2 -116 36
      vertex 11.5 -116 42
      vertex 4.18402 -116 36.3661
    endloop
  endfacet
  facet normal 0 -1 0
    outer loop
      vertex 4.18402 -116 35.6339
      vertex 11.5 -116 42
      vertex 4.2 -116 36
    endloop
  endfacet
  facet normal 0 -1 0
    outer loop
      vertex 4.13619 -116 35.2707
      vertex 11.5 -116 42
      vertex 4.18402 -116 35.6339
    endloop
  endfacet
  facet normal 0 -1 0
    outer loop
      vertex 4.05689 -116 34.913
      vertex 11.5 -116 42
      vertex 4.13619 -116 35.2707
    endloop
  endfacet
  facet normal 0 -1 0
    outer loop
      vertex 8.5 -116 24
      vertex 4.05689 -116 34.913
      vertex 3.94671 -116 34.5635
    endloop
  endfacet
  facet normal 0 -1 0
    outer loop
      vertex 8.5 -116 24
      vertex 3.94671 -116 34.5635
      vertex 3.80649 -116 34.225
    endloop
  endfacet
  facet normal 0 -1 0
    outer loop
      vertex 8.5 -116 24
      vertex 3.80649 -116 34.225
      vertex 3.63731 -116 33.9
    endloop
  endfacet
  facet normal 0 -1 0
    outer loop
      vertex 8.5 -116 24
      vertex 3.63731 -116 33.9
      vertex 3.44044 -116 33.591
    endloop
  endfacet
  facet normal 0 -1 0
    outer loop
      vertex 8.5 -116 24
      vertex 3.44044 -116 33.591
      vertex 3.21739 -116 33.3003
    endloop
  endfacet
  facet normal 0 -1 0
    outer loop
      vertex 8.5 -116 24
      vertex 3.21739 -116 33.3003
      vertex 2.96985 -116 33.0302
    endloop
  endfacet
  facet normal 0 -1 0
    outer loop
      vertex 8.5 -116 24
      vertex 0 -116 31.8
      vertex -8.5 -116 24
    endloop
  endfacet
  facet normal 0 -1 0
    outer loop
      vertex 0 -116 31.8
      vertex 8.5 -116 24
      vertex 0.366054 -116 31.816
    endloop
  endfacet
  facet normal 0 -1 0
    outer loop
      vertex 0.366054 -116 31.816
      vertex 8.5 -116 24
      vertex 0.729321 -116 31.8638
    endloop
  endfacet
  facet normal 0 -1 0
    outer loop
      vertex 0.729321 -116 31.8638
      vertex 8.5 -116 24
      vertex 1.08704 -116 31.9431
    endloop
  endfacet
  facet normal 0 -1 0
    outer loop
      vertex 1.08704 -116 31.9431
      vertex 8.5 -116 24
      vertex 1.43648 -116 32.0533
    endloop
  endfacet
  facet normal 0 -1 0
    outer loop
      vertex 1.43648 -116 32.0533
      vertex 8.5 -116 24
      vertex 1.775 -116 32.1935
    endloop
  endfacet
  facet normal 0 -1 0
    outer loop
      vertex 1.775 -116 32.1935
      vertex 8.5 -116 24
      vertex 2.1 -116 32.3627
    endloop
  endfacet
  facet normal 0 -1 0
    outer loop
      vertex 2.1 -116 32.3627
      vertex 8.5 -116 24
      vertex 2.40902 -116 32.5596
    endloop
  endfacet
  facet normal 0 -1 0
    outer loop
      vertex 2.40902 -116 32.5596
      vertex 8.5 -116 24
      vertex 2.69971 -116 32.7826
    endloop
  endfacet
  facet normal 0 -1 0
    outer loop
      vertex 8.5 -116 24
      vertex 2.96985 -116 33.0302
      vertex 2.69971 -116 32.7826
    endloop
  endfacet
  facet normal 0 -1 0
    outer loop
      vertex 4.05689 -116 34.913
      vertex 8.5 -116 24
      vertex 11.5 -116 42
    endloop
  endfacet
  facet normal 0 -1 0
    outer loop
      vertex 11.5 -116 0
      vertex 8.5 -116 24
      vertex 8.5 -116 4
    endloop
  endfacet
  facet normal 0 -1 0
    outer loop
      vertex 8.5 -116 24
      vertex 11.5 -116 0
      vertex 11.5 -116 42
    endloop
  endfacet
  facet normal 0 -1 0
    outer loop
      vertex 11.5 -116 0
      vertex 8.5 -116 4
      vertex -11.5 -116 0
    endloop
  endfacet
  facet normal 0 1 -0
    outer loop
      vertex 12.4025 0 22.5814
      vertex 2.595 0 31.5053
      vertex 12.4593 0 22.7185
    endloop
  endfacet
  facet normal 0 1 0
    outer loop
      vertex 0 0 30.81
      vertex -13.8518 0 23.6935
      vertex -14 0 23.7
    endloop
  endfacet
  facet normal 0 1 0
    outer loop
      vertex 2.595 0 31.5053
      vertex 12.4025 0 22.5814
      vertex 2.19664 0 31.298
    endloop
  endfacet
  facet normal 0 1 0
    outer loop
      vertex 0 0 30.81
      vertex -13.7048 0 23.6742
      vertex -13.8518 0 23.6935
    endloop
  endfacet
  facet normal 0 1 0
    outer loop
      vertex 2.19664 0 31.298
      vertex 12.4025 0 22.5814
      vertex 2.19339 0 31.2963
    endloop
  endfacet
  facet normal 0 1 0
    outer loop
      vertex 0 0 30.81
      vertex -13.56 0 23.6421
      vertex -13.7048 0 23.6742
    endloop
  endfacet
  facet normal 0 1 -0
    outer loop
      vertex 12.3579 0 22.44
      vertex 2.19339 0 31.2963
      vertex 12.4025 0 22.5814
    endloop
  endfacet
  facet normal 0 1 0
    outer loop
      vertex 0 0 30.81
      vertex -13.4186 0 23.5975
      vertex -13.56 0 23.6421
    endloop
  endfacet
  facet normal 0 1 0
    outer loop
      vertex 2.19339 0 31.2963
      vertex 12.3579 0 22.44
      vertex 2.19 0 31.2949
    endloop
  endfacet
  facet normal 0 1 0
    outer loop
      vertex 0 0 30.81
      vertex -13.2815 0 23.5407
      vertex -13.4186 0 23.5975
    endloop
  endfacet
  facet normal 0 1 0
    outer loop
      vertex 2.19 0 31.2949
      vertex 12.3579 0 22.44
      vertex 1.77508 0 31.123
    endloop
  endfacet
  facet normal 0 1 0
    outer loop
      vertex 0 0 30.81
      vertex -13.15 0 23.4722
      vertex -13.2815 0 23.5407
    endloop
  endfacet
  facet normal 0 1 -0
    outer loop
      vertex 12.3258 0 22.2952
      vertex 1.77508 0 31.123
      vertex 12.3579 0 22.44
    endloop
  endfacet
  facet normal 0 1 0
    outer loop
      vertex 0 0 30.81
      vertex -13.0249 0 23.3926
      vertex -13.15 0 23.4722
    endloop
  endfacet
  facet normal 0 1 -0
    outer loop
      vertex 12.3065 0 22.1482
      vertex 1.77508 0 31.123
      vertex 12.3258 0 22.2952
    endloop
  endfacet
  facet normal 0 1 0
    outer loop
      vertex 0 0 30.81
      vertex -12.9073 0 23.3023
      vertex -13.0249 0 23.3926
    endloop
  endfacet
  facet normal 0 1 0
    outer loop
      vertex 1.77508 0 31.123
      vertex 12.3065 0 22.1482
      vertex 1.34676 0 30.9879
    endloop
  endfacet
  facet normal 0 1 0
    outer loop
      vertex 0 0 30.81
      vertex -12.7979 0 23.2021
      vertex -12.9073 0 23.3023
    endloop
  endfacet
  facet normal 0 1 0
    outer loop
      vertex 1.34676 0 30.9879
      vertex 12.3065 0 22.1482
      vertex 1.34327 0 30.9868
    endloop
  endfacet
  facet normal 0 1 0
    outer loop
      vertex 0 0 30.81
      vertex -12.6977 0 23.0927
      vertex -12.7979 0 23.2021
    endloop
  endfacet
  facet normal 0 1 -0
    outer loop
      vertex 12.3 0 22
      vertex 1.34327 0 30.9868
      vertex 12.3065 0 22.1482
    endloop
  endfacet
  facet normal 0 1 0
    outer loop
      vertex 0 0 30.81
      vertex -12.6074 0 22.9751
      vertex -12.6977 0 23.0927
    endloop
  endfacet
  facet normal 0 1 0
    outer loop
      vertex 1.34327 0 30.9868
      vertex 12.3 0 22
      vertex 0.904811 0 30.8896
    endloop
  endfacet
  facet normal 0 1 0
    outer loop
      vertex 0 0 30.81
      vertex -12.5278 0 22.85
      vertex -12.6074 0 22.9751
    endloop
  endfacet
  facet normal 0 1 0
    outer loop
      vertex 0.904811 0 30.8896
      vertex 12.3 0 22
      vertex 0.901234 0 30.8888
    endloop
  endfacet
  facet normal 0 1 0
    outer loop
      vertex 0 0 30.81
      vertex -12.4593 0 22.7185
      vertex -12.5278 0 22.85
    endloop
  endfacet
  facet normal 0 1 0
    outer loop
      vertex 12.3065 0 21.8518
      vertex 0.901234 0 30.8888
      vertex 12.3 0 22
    endloop
  endfacet
  facet normal 0 1 0
    outer loop
      vertex 0 0 30.81
      vertex -12.4025 0 22.5814
      vertex -12.4593 0 22.7185
    endloop
  endfacet
  facet normal 0 1 0
    outer loop
      vertex 0.901234 0 30.8888
      vertex 12.3065 0 21.8518
      vertex 0.897602 0 30.8884
    endloop
  endfacet
  facet normal 0 1 0
    outer loop
      vertex 0 0 30.81
      vertex -12.3579 0 22.44
      vertex -12.4025 0 22.5814
    endloop
  endfacet
  facet normal 0 1 0
    outer loop
      vertex 0.897602 0 30.8884
      vertex 12.3065 0 21.8518
      vertex 0.452337 0 30.8298
    endloop
  endfacet
  facet normal 0 1 0
    outer loop
      vertex 0 0 30.81
      vertex -12.3258 0 22.2952
      vertex -12.3579 0 22.44
    endloop
  endfacet
  facet normal 0 1 0
    outer loop
      vertex 12.3258 0 21.7048
      vertex 0.452337 0 30.8298
      vertex 12.3065 0 21.8518
    endloop
  endfacet
  facet normal 0 1 0
    outer loop
      vertex 0 0 30.81
      vertex -12.3065 0 22.1482
      vertex -12.3258 0 22.2952
    endloop
  endfacet
  facet normal 0 1 0
    outer loop
      vertex 0.452337 0 30.8298
      vertex 12.3258 0 21.7048
      vertex 0.448677 0 30.8296
    endloop
  endfacet
  facet normal 0 1 0
    outer loop
      vertex 0 0 30.81
      vertex -12.3 0 22
      vertex -12.3065 0 22.1482
    endloop
  endfacet
  facet normal 0 1 0
    outer loop
      vertex 12.3579 0 21.56
      vertex 0.448677 0 30.8296
      vertex 12.3258 0 21.7048
    endloop
  endfacet
  facet normal 0 1 0
    outer loop
      vertex 0 0 30.81
      vertex -12.3065 0 21.8518
      vertex -12.3 0 22
    endloop
  endfacet
  facet normal 0 1 0
    outer loop
      vertex 0.448677 0 30.8296
      vertex 12.3579 0 21.56
      vertex 0 0 30.81
    endloop
  endfacet
  facet normal 0 1 0
    outer loop
      vertex 0 0 30.81
      vertex -12.3258 0 21.7048
      vertex -12.3065 0 21.8518
    endloop
  endfacet
  facet normal 0 1 0
    outer loop
      vertex -12.3579 0 21.56
      vertex 0 0 30.81
      vertex 12.3579 0 21.56
    endloop
  endfacet
  facet normal 0 1 0
    outer loop
      vertex 0 0 30.81
      vertex -12.3579 0 21.56
      vertex -12.3258 0 21.7048
    endloop
  endfacet
  facet normal 0 1 0
    outer loop
      vertex 12.4025 0 21.4186
      vertex -12.3579 0 21.56
      vertex 12.3579 0 21.56
    endloop
  endfacet
  facet normal 0 1 0
    outer loop
      vertex 12.4025 0 21.4186
      vertex -12.4025 0 21.4186
      vertex -12.3579 0 21.56
    endloop
  endfacet
  facet normal 0 1 0
    outer loop
      vertex 12.4593 0 21.2815
      vertex -12.4025 0 21.4186
      vertex 12.4025 0 21.4186
    endloop
  endfacet
  facet normal 0 1 0
    outer loop
      vertex 12.4593 0 21.2815
      vertex -12.4593 0 21.2815
      vertex -12.4025 0 21.4186
    endloop
  endfacet
  facet normal 0 1 0
    outer loop
      vertex 12.5278 0 21.15
      vertex -12.4593 0 21.2815
      vertex 12.4593 0 21.2815
    endloop
  endfacet
  facet normal 0 1 0
    outer loop
      vertex 12.5278 0 21.15
      vertex -12.5278 0 21.15
      vertex -12.4593 0 21.2815
    endloop
  endfacet
  facet normal 0 1 0
    outer loop
      vertex 12.6074 0 21.0249
      vertex -12.5278 0 21.15
      vertex 12.5278 0 21.15
    endloop
  endfacet
  facet normal 0 1 0
    outer loop
      vertex 12.6074 0 21.0249
      vertex -12.6074 0 21.0249
      vertex -12.5278 0 21.15
    endloop
  endfacet
  facet normal 0 1 0
    outer loop
      vertex 12.6977 0 20.9073
      vertex -12.6074 0 21.0249
      vertex 12.6074 0 21.0249
    endloop
  endfacet
  facet normal 0 1 0
    outer loop
      vertex 12.6977 0 20.9073
      vertex -12.6977 0 20.9073
      vertex -12.6074 0 21.0249
    endloop
  endfacet
  facet normal 0 1 0
    outer loop
      vertex 12.7979 0 20.7979
      vertex -12.6977 0 20.9073
      vertex 12.6977 0 20.9073
    endloop
  endfacet
  facet normal 0 1 0
    outer loop
      vertex 12.7979 0 20.7979
      vertex -12.7979 0 20.7979
      vertex -12.6977 0 20.9073
    endloop
  endfacet
  facet normal 0 1 0
    outer loop
      vertex 16 0 0
      vertex 12.7979 0 20.7979
      vertex 12.9073 0 20.6977
    endloop
  endfacet
  facet normal 0 1 0
    outer loop
      vertex 12.7979 0 20.7979
      vertex 16 0 0
      vertex -12.7979 0 20.7979
    endloop
  endfacet
  facet normal 0 1 0
    outer loop
      vertex 16 0 0
      vertex 12.9073 0 20.6977
      vertex 13.0249 0 20.6074
    endloop
  endfacet
  facet normal 0 1 0
    outer loop
      vertex -16 0 0
      vertex -12.7979 0 20.7979
      vertex 16 0 0
    endloop
  endfacet
  facet normal 0 1 0
    outer loop
      vertex 16 0 0
      vertex 13.0249 0 20.6074
      vertex 13.15 0 20.5278
    endloop
  endfacet
  facet normal 0 1 0
    outer loop
      vertex -12.7979 0 20.7979
      vertex -16 0 0
      vertex -12.9073 0 20.6977
    endloop
  endfacet
  facet normal 0 1 0
    outer loop
      vertex 16 0 0
      vertex 13.15 0 20.5278
      vertex 13.2815 0 20.4593
    endloop
  endfacet
  facet normal 0 1 0
    outer loop
      vertex -12.9073 0 20.6977
      vertex -16 0 0
      vertex -13.0249 0 20.6074
    endloop
  endfacet
  facet normal 0 1 0
    outer loop
      vertex 16 0 0
      vertex 13.2815 0 20.4593
      vertex 13.4186 0 20.4025
    endloop
  endfacet
  facet normal 0 1 0
    outer loop
      vertex -13.0249 0 20.6074
      vertex -16 0 0
      vertex -13.15 0 20.5278
    endloop
  endfacet
  facet normal 0 1 0
    outer loop
      vertex 16 0 0
      vertex 13.4186 0 20.4025
      vertex 13.56 0 20.3579
    endloop
  endfacet
  facet normal 0 1 0
    outer loop
      vertex -13.15 0 20.5278
      vertex -16 0 0
      vertex -13.2815 0 20.4593
    endloop
  endfacet
  facet normal 0 1 0
    outer loop
      vertex 16 0 0
      vertex 13.56 0 20.3579
      vertex 13.7048 0 20.3258
    endloop
  endfacet
  facet normal 0 1 0
    outer loop
      vertex -13.2815 0 20.4593
      vertex -16 0 0
      vertex -13.4186 0 20.4025
    endloop
  endfacet
  facet normal 0 1 0
    outer loop
      vertex 21 0 5
      vertex 13.7048 0 20.3258
      vertex 13.8518 0 20.3065
    endloop
  endfacet
  facet normal 0 1 0
    outer loop
      vertex -13.4186 0 20.4025
      vertex -16 0 0
      vertex -13.56 0 20.3579
    endloop
  endfacet
  facet normal 0 1 0
    outer loop
      vertex 21 0 5
      vertex 13.8518 0 20.3065
      vertex 14 0 20.3
    endloop
  endfacet
  facet normal 0 1 0
    outer loop
      vertex -13.56 0 20.3579
      vertex -16 0 0
      vertex -13.7048 0 20.3258
    endloop
  endfacet
  facet normal 0 1 0
    outer loop
      vertex 13.56 0 51.6421
      vertex 16 0 57
      vertex 13.7048 0 51.6742
    endloop
  endfacet
  facet normal 0 1 0
    outer loop
      vertex -16 0 57
      vertex -13.8518 0 51.6935
      vertex -14 0 51.7
    endloop
  endfacet
  facet normal 0 1 0
    outer loop
      vertex 13.4186 0 51.5975
      vertex 16 0 57
      vertex 13.56 0 51.6421
    endloop
  endfacet
  facet normal 0 1 0
    outer loop
      vertex -16 0 57
      vertex -13.7048 0 51.6742
      vertex -13.8518 0 51.6935
    endloop
  endfacet
  facet normal 0 1 0
    outer loop
      vertex 13.2815 0 51.5407
      vertex 16 0 57
      vertex 13.4186 0 51.5975
    endloop
  endfacet
  facet normal 0 1 0
    outer loop
      vertex -16 0 57
      vertex -13.56 0 51.6421
      vertex -13.7048 0 51.6742
    endloop
  endfacet
  facet normal 0 1 0
    outer loop
      vertex 13.15 0 51.4722
      vertex 16 0 57
      vertex 13.2815 0 51.5407
    endloop
  endfacet
  facet normal 0 1 0
    outer loop
      vertex -16 0 57
      vertex -13.4186 0 51.5975
      vertex -13.56 0 51.6421
    endloop
  endfacet
  facet normal 0 1 0
    outer loop
      vertex 13.0249 0 51.3926
      vertex 16 0 57
      vertex 13.15 0 51.4722
    endloop
  endfacet
  facet normal 0 1 0
    outer loop
      vertex -16 0 57
      vertex -13.2815 0 51.5407
      vertex -13.4186 0 51.5975
    endloop
  endfacet
  facet normal 0 1 0
    outer loop
      vertex 12.9073 0 51.3023
      vertex 16 0 57
      vertex 13.0249 0 51.3926
    endloop
  endfacet
  facet normal 0 1 0
    outer loop
      vertex -16 0 57
      vertex -13.15 0 51.4722
      vertex -13.2815 0 51.5407
    endloop
  endfacet
  facet normal 0 1 0
    outer loop
      vertex 12.7979 0 51.2021
      vertex 16 0 57
      vertex 12.9073 0 51.3023
    endloop
  endfacet
  facet normal 0 1 0
    outer loop
      vertex -16 0 57
      vertex -13.0249 0 51.3926
      vertex -13.15 0 51.4722
    endloop
  endfacet
  facet normal 0 1 0
    outer loop
      vertex 12.6977 0 51.0927
      vertex 16 0 57
      vertex 12.7979 0 51.2021
    endloop
  endfacet
  facet normal 0 1 0
    outer loop
      vertex -16 0 57
      vertex -12.9073 0 51.3023
      vertex -13.0249 0 51.3926
    endloop
  endfacet
  facet normal 0 1 0
    outer loop
      vertex 16 0 57
      vertex 12.6977 0 51.0927
      vertex -16 0 57
    endloop
  endfacet
  facet normal 0 1 0
    outer loop
      vertex -16 0 57
      vertex -12.7979 0 51.2021
      vertex -12.9073 0 51.3023
    endloop
  endfacet
  facet normal 0 1 -0
    outer loop
      vertex -12.6977 0 51.0927
      vertex -16 0 57
      vertex 12.6977 0 51.0927
    endloop
  endfacet
  facet normal 0 1 0
    outer loop
      vertex -16 0 57
      vertex -12.6977 0 51.0927
      vertex -12.7979 0 51.2021
    endloop
  endfacet
  facet normal 0 1 -0
    outer loop
      vertex 12.6074 0 50.9751
      vertex -12.6977 0 51.0927
      vertex 12.6977 0 51.0927
    endloop
  endfacet
  facet normal 0 1 0
    outer loop
      vertex 12.6074 0 50.9751
      vertex -12.6074 0 50.9751
      vertex -12.6977 0 51.0927
    endloop
  endfacet
  facet normal 0 1 -0
    outer loop
      vertex 12.5278 0 50.85
      vertex -12.6074 0 50.9751
      vertex 12.6074 0 50.9751
    endloop
  endfacet
  facet normal 0 1 0
    outer loop
      vertex 12.5278 0 50.85
      vertex -12.5278 0 50.85
      vertex -12.6074 0 50.9751
    endloop
  endfacet
  facet normal 0 1 -0
    outer loop
      vertex 12.4593 0 50.7185
      vertex -12.5278 0 50.85
      vertex 12.5278 0 50.85
    endloop
  endfacet
  facet normal 0 1 0
    outer loop
      vertex 12.4593 0 50.7185
      vertex -12.4593 0 50.7185
      vertex -12.5278 0 50.85
    endloop
  endfacet
  facet normal 0 1 -0
    outer loop
      vertex 12.4025 0 50.5814
      vertex -12.4593 0 50.7185
      vertex 12.4593 0 50.7185
    endloop
  endfacet
  facet normal 0 1 0
    outer loop
      vertex 12.4025 0 50.5814
      vertex -12.4025 0 50.5814
      vertex -12.4593 0 50.7185
    endloop
  endfacet
  facet normal 0 1 -0
    outer loop
      vertex 12.3579 0 50.44
      vertex -12.4025 0 50.5814
      vertex 12.4025 0 50.5814
    endloop
  endfacet
  facet normal 0 1 0
    outer loop
      vertex 12.3579 0 50.44
      vertex -12.3579 0 50.44
      vertex -12.4025 0 50.5814
    endloop
  endfacet
  facet normal 0 1 0
    outer loop
      vertex 0.448677 0 41.1704
      vertex 12.3579 0 50.44
      vertex 12.3258 0 50.2952
    endloop
  endfacet
  facet normal 0 1 0
    outer loop
      vertex 12.3579 0 50.44
      vertex 0 0 41.19
      vertex -12.3579 0 50.44
    endloop
  endfacet
  facet normal 0 1 0
    outer loop
      vertex 0.452337 0 41.1702
      vertex 12.3258 0 50.2952
      vertex 12.3065 0 50.1482
    endloop
  endfacet
  facet normal 0 1 -0
    outer loop
      vertex -0.448677 0 41.1704
      vertex -12.3579 0 50.44
      vertex 0 0 41.19
    endloop
  endfacet
  facet normal 0 1 0
    outer loop
      vertex 0.901234 0 41.1112
      vertex 12.3065 0 50.1482
      vertex 12.3 0 50
    endloop
  endfacet
  facet normal 0 1 0
    outer loop
      vertex -12.3579 0 50.44
      vertex -0.448677 0 41.1704
      vertex -12.3258 0 50.2952
    endloop
  endfacet
  facet normal 0 1 0
    outer loop
      vertex 1.34327 0 41.0132
      vertex 12.3 0 50
      vertex 12.3065 0 49.8518
    endloop
  endfacet
  facet normal 0 1 -0
    outer loop
      vertex -0.452337 0 41.1702
      vertex -12.3258 0 50.2952
      vertex -0.448677 0 41.1704
    endloop
  endfacet
  facet normal 0 1 0
    outer loop
      vertex 1.77508 0 40.877
      vertex 12.3065 0 49.8518
      vertex 12.3258 0 49.7048
    endloop
  endfacet
  facet normal 0 1 0
    outer loop
      vertex -12.3258 0 50.2952
      vertex -0.452337 0 41.1702
      vertex -12.3065 0 50.1482
    endloop
  endfacet
  facet normal 0 1 0
    outer loop
      vertex 1.77508 0 40.877
      vertex 12.3258 0 49.7048
      vertex 12.3579 0 49.56
    endloop
  endfacet
  facet normal 0 1 -0
    outer loop
      vertex -0.897602 0 41.1116
      vertex -12.3065 0 50.1482
      vertex -0.452337 0 41.1702
    endloop
  endfacet
  facet normal 0 1 0
    outer loop
      vertex 2.19339 0 40.7037
      vertex 12.3579 0 49.56
      vertex 12.4025 0 49.4186
    endloop
  endfacet
  facet normal 0 1 -0
    outer loop
      vertex -0.901234 0 41.1112
      vertex -12.3065 0 50.1482
      vertex -0.897602 0 41.1116
    endloop
  endfacet
  facet normal 0 1 0
    outer loop
      vertex 2.595 0 40.4947
      vertex 12.4025 0 49.4186
      vertex 12.4593 0 49.2815
    endloop
  endfacet
  facet normal 0 1 0
    outer loop
      vertex -12.3065 0 50.1482
      vertex -0.901234 0 41.1112
      vertex -12.3 0 50
    endloop
  endfacet
  facet normal 0 1 0
    outer loop
      vertex 2.595 0 40.4947
      vertex 12.4593 0 49.2815
      vertex 12.5278 0 49.15
    endloop
  endfacet
  facet normal 0 1 -0
    outer loop
      vertex -0.904811 0 41.1104
      vertex -12.3 0 50
      vertex -0.901234 0 41.1112
    endloop
  endfacet
  facet normal 0 1 0
    outer loop
      vertex 2.97686 0 40.2514
      vertex 12.5278 0 49.15
      vertex 12.6074 0 49.0249
    endloop
  endfacet
  facet normal 0 1 -0
    outer loop
      vertex -1.34327 0 41.0132
      vertex -12.3 0 50
      vertex -0.904811 0 41.1104
    endloop
  endfacet
  facet normal 0 1 0
    outer loop
      vertex 3.33607 0 39.9758
      vertex 12.6074 0 49.0249
      vertex 12.6977 0 48.9073
    endloop
  endfacet
  facet normal 0 1 0
    outer loop
      vertex -12.3 0 50
      vertex -1.34327 0 41.0132
      vertex -12.3065 0 49.8518
    endloop
  endfacet
  facet normal 0 1 0
    outer loop
      vertex 3.66718 0 39.6724
      vertex 12.6977 0 48.9073
      vertex 12.7979 0 48.7979
    endloop
  endfacet
  facet normal 0 1 -0
    outer loop
      vertex -1.34676 0 41.0121
      vertex -12.3065 0 49.8518
      vertex -1.34327 0 41.0132
    endloop
  endfacet
  facet normal 0 1 0
    outer loop
      vertex 3.67236 0 39.6672
      vertex 12.7979 0 48.7979
      vertex 12.9073 0 48.6977
    endloop
  endfacet
  facet normal 0 1 -0
    outer loop
      vertex -1.77508 0 40.877
      vertex -12.3065 0 49.8518
      vertex -1.34676 0 41.0121
    endloop
  endfacet
  facet normal 0 1 0
    outer loop
      vertex 3.97577 0 39.3361
      vertex 12.9073 0 48.6977
      vertex 13.0249 0 48.6074
    endloop
  endfacet
  facet normal 0 1 0
    outer loop
      vertex -12.3065 0 49.8518
      vertex -1.77508 0 40.877
      vertex -12.3258 0 49.7048
    endloop
  endfacet
  facet normal 0 1 0
    outer loop
      vertex 4.2514 0 38.9769
      vertex 13.0249 0 48.6074
      vertex 13.15 0 48.5278
    endloop
  endfacet
  facet normal 0 1 0
    outer loop
      vertex -12.3258 0 49.7048
      vertex -1.77508 0 40.877
      vertex -12.3579 0 49.56
    endloop
  endfacet
  facet normal 0 1 0
    outer loop
      vertex 4.25337 0 38.9738
      vertex 13.15 0 48.5278
      vertex 13.2815 0 48.4593
    endloop
  endfacet
  facet normal 0 1 -0
    outer loop
      vertex -2.19 0 40.7051
      vertex -12.3579 0 49.56
      vertex -1.77508 0 40.877
    endloop
  endfacet
  facet normal 0 1 0
    outer loop
      vertex 4.49467 0 38.595
      vertex 13.2815 0 48.4593
      vertex 13.4186 0 48.4025
    endloop
  endfacet
  facet normal 0 1 -0
    outer loop
      vertex -2.19339 0 40.7037
      vertex -12.3579 0 49.56
      vertex -2.19 0 40.7051
    endloop
  endfacet
  facet normal 0 1 0
    outer loop
      vertex 4.70374 0 38.1934
      vertex 13.4186 0 48.4025
      vertex 13.56 0 48.3579
    endloop
  endfacet
  facet normal 0 1 0
    outer loop
      vertex -12.3579 0 49.56
      vertex -2.19339 0 40.7037
      vertex -12.4025 0 49.4186
    endloop
  endfacet
  facet normal 0 1 0
    outer loop
      vertex 4.87701 0 37.7751
      vertex 13.56 0 48.3579
      vertex 13.7048 0 48.3258
    endloop
  endfacet
  facet normal 0 1 -0
    outer loop
      vertex -2.19664 0 40.702
      vertex -12.4025 0 49.4186
      vertex -2.19339 0 40.7037
    endloop
  endfacet
  facet normal 0 1 0
    outer loop
      vertex 4.87701 0 37.7751
      vertex 13.7048 0 48.3258
      vertex 13.8518 0 48.3065
    endloop
  endfacet
  facet normal 0 1 -0
    outer loop
      vertex -2.595 0 40.4947
      vertex -12.4025 0 49.4186
      vertex -2.19664 0 40.702
    endloop
  endfacet
  facet normal 0 1 0
    outer loop
      vertex 5.01316 0 37.3433
      vertex 13.8518 0 48.3065
      vertex 14 0 48.3
    endloop
  endfacet
  facet normal 0 1 0
    outer loop
      vertex -12.4025 0 49.4186
      vertex -2.595 0 40.4947
      vertex -12.4593 0 49.2815
    endloop
  endfacet
  facet normal 0 1 0
    outer loop
      vertex 14.7185 0 51.5407
      vertex 16 0 57
      vertex 16.4358 0 56.981
    endloop
  endfacet
  facet normal 0 1 0
    outer loop
      vertex 13.8518 0 51.6935
      vertex 16 0 57
      vertex 14 0 51.7
    endloop
  endfacet
  facet normal 0 1 0
    outer loop
      vertex 14.85 0 51.4722
      vertex 16.4358 0 56.981
      vertex 16.8682 0 56.924
    endloop
  endfacet
  facet normal 0 1 0
    outer loop
      vertex 13.7048 0 51.6742
      vertex 16 0 57
      vertex 13.8518 0 51.6935
    endloop
  endfacet
  facet normal 0 1 0
    outer loop
      vertex 14.85 0 51.4722
      vertex 16.8682 0 56.924
      vertex 17.2941 0 56.8296
    endloop
  endfacet
  facet normal 0 1 -0
    outer loop
      vertex -14.1482 0 51.6935
      vertex -16 0 57
      vertex -14 0 51.7
    endloop
  endfacet
  facet normal 0 1 0
    outer loop
      vertex 14.9751 0 51.3926
      vertex 17.2941 0 56.8296
      vertex 17.7101 0 56.6985
    endloop
  endfacet
  facet normal 0 1 -0
    outer loop
      vertex -14.2952 0 51.6742
      vertex -16 0 57
      vertex -14.1482 0 51.6935
    endloop
  endfacet
  facet normal 0 1 0
    outer loop
      vertex 14.9751 0 51.3926
      vertex 17.7101 0 56.6985
      vertex 18.1131 0 56.5315
    endloop
  endfacet
  facet normal 0 1 -0
    outer loop
      vertex -14.44 0 51.6421
      vertex -16 0 57
      vertex -14.2952 0 51.6742
    endloop
  endfacet
  facet normal 0 1 0
    outer loop
      vertex 14.9751 0 51.3926
      vertex 18.1131 0 56.5315
      vertex 18.5 0 56.3301
    endloop
  endfacet
  facet normal 0 1 -0
    outer loop
      vertex -14.5814 0 51.5975
      vertex -16 0 57
      vertex -14.44 0 51.6421
    endloop
  endfacet
  facet normal 0 1 0
    outer loop
      vertex 15.0927 0 51.3023
      vertex 18.5 0 56.3301
      vertex 18.8679 0 56.0957
    endloop
  endfacet
  facet normal 0 1 -0
    outer loop
      vertex -14.7185 0 51.5407
      vertex -16 0 57
      vertex -14.5814 0 51.5975
    endloop
  endfacet
  facet normal 0 1 0
    outer loop
      vertex 15.0927 0 51.3023
      vertex 18.8679 0 56.0957
      vertex 19.2139 0 55.8302
    endloop
  endfacet
  facet normal 0 1 0
    outer loop
      vertex -16 0 57
      vertex -14.7185 0 51.5407
      vertex -16.4358 0 56.981
    endloop
  endfacet
  facet normal 0 1 0
    outer loop
      vertex 15.2021 0 51.2021
      vertex 19.2139 0 55.8302
      vertex 19.5355 0 55.5355
    endloop
  endfacet
  facet normal 0 1 -0
    outer loop
      vertex -14.85 0 51.4722
      vertex -16.4358 0 56.981
      vertex -14.7185 0 51.5407
    endloop
  endfacet
  facet normal 0 1 0
    outer loop
      vertex 15.2021 0 51.2021
      vertex 19.5355 0 55.5355
      vertex 19.8302 0 55.2139
    endloop
  endfacet
  facet normal 0 1 0
    outer loop
      vertex -16.4358 0 56.981
      vertex -14.85 0 51.4722
      vertex -16.8682 0 56.924
    endloop
  endfacet
  facet normal 0 1 0
    outer loop
      vertex 15.3023 0 51.0927
      vertex 19.8302 0 55.2139
      vertex 20.0957 0 54.8679
    endloop
  endfacet
  facet normal 0 1 0
    outer loop
      vertex -16.8682 0 56.924
      vertex -14.85 0 51.4722
      vertex -17.2941 0 56.8296
    endloop
  endfacet
  facet normal 0 1 0
    outer loop
      vertex 15.3023 0 51.0927
      vertex 20.0957 0 54.8679
      vertex 20.3301 0 54.5
    endloop
  endfacet
  facet normal 0 1 -0
    outer loop
      vertex -14.9751 0 51.3926
      vertex -17.2941 0 56.8296
      vertex -14.85 0 51.4722
    endloop
  endfacet
  facet normal 0 1 0
    outer loop
      vertex 15.3023 0 51.0927
      vertex 20.3301 0 54.5
      vertex 20.5315 0 54.1131
    endloop
  endfacet
  facet normal 0 1 0
    outer loop
      vertex -17.2941 0 56.8296
      vertex -14.9751 0 51.3926
      vertex -17.7101 0 56.6985
    endloop
  endfacet
  facet normal 0 1 0
    outer loop
      vertex 15.3926 0 50.9751
      vertex 20.5315 0 54.1131
      vertex 20.6985 0 53.7101
    endloop
  endfacet
  facet normal 0 1 0
    outer loop
      vertex -17.7101 0 56.6985
      vertex -14.9751 0 51.3926
      vertex -18.1131 0 56.5315
    endloop
  endfacet
  facet normal 0 1 0
    outer loop
      vertex 15.3926 0 50.9751
      vertex 20.6985 0 53.7101
      vertex 20.8296 0 53.2941
    endloop
  endfacet
  facet normal 0 1 0
    outer loop
      vertex -18.1131 0 56.5315
      vertex -14.9751 0 51.3926
      vertex -18.5 0 56.3301
    endloop
  endfacet
  facet normal 0 1 0
    outer loop
      vertex 15.4722 0 50.85
      vertex 20.8296 0 53.2941
      vertex 20.924 0 52.8682
    endloop
  endfacet
  facet normal 0 1 -0
    outer loop
      vertex -15.0927 0 51.3023
      vertex -18.5 0 56.3301
      vertex -14.9751 0 51.3926
    endloop
  endfacet
  facet normal 0 1 0
    outer loop
      vertex 15.4722 0 50.85
      vertex 20.924 0 52.8682
      vertex 20.981 0 52.4358
    endloop
  endfacet
  facet normal 0 1 0
    outer loop
      vertex -18.5 0 56.3301
      vertex -15.0927 0 51.3023
      vertex -18.8679 0 56.0957
    endloop
  endfacet
  facet normal 0 1 0
    outer loop
      vertex 15.5407 0 50.7185
      vertex 20.981 0 52.4358
      vertex 21 0 52
    endloop
  endfacet
  facet normal 0 1 0
    outer loop
      vertex -18.8679 0 56.0957
      vertex -15.0927 0 51.3023
      vertex -19.2139 0 55.8302
    endloop
  endfacet
  facet normal 0 1 -0
    outer loop
      vertex -15.2021 0 51.2021
      vertex -19.2139 0 55.8302
      vertex -15.0927 0 51.3023
    endloop
  endfacet
  facet normal 0 1 0
    outer loop
      vertex 16 0 57
      vertex 14.1482 0 51.6935
      vertex 14 0 51.7
    endloop
  endfacet
  facet normal 0 1 0
    outer loop
      vertex 16 0 57
      vertex 14.2952 0 51.6742
      vertex 14.1482 0 51.6935
    endloop
  endfacet
  facet normal 0 1 0
    outer loop
      vertex 16 0 57
      vertex 14.44 0 51.6421
      vertex 14.2952 0 51.6742
    endloop
  endfacet
  facet normal 0 1 0
    outer loop
      vertex 16 0 57
      vertex 14.5814 0 51.5975
      vertex 14.44 0 51.6421
    endloop
  endfacet
  facet normal 0 1 0
    outer loop
      vertex 16 0 57
      vertex 14.7185 0 51.5407
      vertex 14.5814 0 51.5975
    endloop
  endfacet
  facet normal 0 1 0
    outer loop
      vertex 16.4358 0 56.981
      vertex 14.85 0 51.4722
      vertex 14.7185 0 51.5407
    endloop
  endfacet
  facet normal 0 1 0
    outer loop
      vertex 17.2941 0 56.8296
      vertex 14.9751 0 51.3926
      vertex 14.85 0 51.4722
    endloop
  endfacet
  facet normal 0 1 0
    outer loop
      vertex 18.5 0 56.3301
      vertex 15.0927 0 51.3023
      vertex 14.9751 0 51.3926
    endloop
  endfacet
  facet normal 0 1 0
    outer loop
      vertex 19.2139 0 55.8302
      vertex 15.2021 0 51.2021
      vertex 15.0927 0 51.3023
    endloop
  endfacet
  facet normal 0 1 0
    outer loop
      vertex 19.8302 0 55.2139
      vertex 15.3023 0 51.0927
      vertex 15.2021 0 51.2021
    endloop
  endfacet
  facet normal 0 1 0
    outer loop
      vertex 20.5315 0 54.1131
      vertex 15.3926 0 50.9751
      vertex 15.3023 0 51.0927
    endloop
  endfacet
  facet normal 0 1 0
    outer loop
      vertex 20.8296 0 53.2941
      vertex 15.4722 0 50.85
      vertex 15.3926 0 50.9751
    endloop
  endfacet
  facet normal 0 1 0
    outer loop
      vertex 20.981 0 52.4358
      vertex 15.5407 0 50.7185
      vertex 15.4722 0 50.85
    endloop
  endfacet
  facet normal 0 1 0
    outer loop
      vertex 21 0 52
      vertex 15.5975 0 50.5814
      vertex 15.5407 0 50.7185
    endloop
  endfacet
  facet normal 0 1 0
    outer loop
      vertex 21 0 52
      vertex 15.6421 0 50.44
      vertex 15.5975 0 50.5814
    endloop
  endfacet
  facet normal 0 1 0
    outer loop
      vertex 21 0 52
      vertex 15.6742 0 50.2952
      vertex 15.6421 0 50.44
    endloop
  endfacet
  facet normal 0 1 0
    outer loop
      vertex 21 0 52
      vertex 15.6935 0 50.1482
      vertex 15.6742 0 50.2952
    endloop
  endfacet
  facet normal 0 1 0
    outer loop
      vertex 21 0 52
      vertex 15.7 0 50
      vertex 15.6935 0 50.1482
    endloop
  endfacet
  facet normal 0 1 0
    outer loop
      vertex 21 0 52
      vertex 15.6935 0 49.8518
      vertex 15.7 0 50
    endloop
  endfacet
  facet normal 0 1 0
    outer loop
      vertex 21 0 52
      vertex 15.6742 0 49.7048
      vertex 15.6935 0 49.8518
    endloop
  endfacet
  facet normal 0 1 0
    outer loop
      vertex 21 0 52
      vertex 15.6421 0 49.56
      vertex 15.6742 0 49.7048
    endloop
  endfacet
  facet normal 0 1 0
    outer loop
      vertex 21 0 52
      vertex 15.5975 0 49.4186
      vertex 15.6421 0 49.56
    endloop
  endfacet
  facet normal 0 1 0
    outer loop
      vertex 21 0 52
      vertex 15.5407 0 49.2815
      vertex 15.5975 0 49.4186
    endloop
  endfacet
  facet normal 0 1 0
    outer loop
      vertex 21 0 52
      vertex 15.4722 0 49.15
      vertex 15.5407 0 49.2815
    endloop
  endfacet
  facet normal 0 1 0
    outer loop
      vertex 21 0 52
      vertex 15.3926 0 49.0249
      vertex 15.4722 0 49.15
    endloop
  endfacet
  facet normal 0 1 0
    outer loop
      vertex 21 0 52
      vertex 15.3023 0 48.9073
      vertex 15.3926 0 49.0249
    endloop
  endfacet
  facet normal 0 1 0
    outer loop
      vertex 21 0 52
      vertex 15.2021 0 48.7979
      vertex 15.3023 0 48.9073
    endloop
  endfacet
  facet normal 0 1 0
    outer loop
      vertex 21 0 52
      vertex 15.0927 0 48.6977
      vertex 15.2021 0 48.7979
    endloop
  endfacet
  facet normal 0 1 0
    outer loop
      vertex 15.0927 0 23.3023
      vertex 15.0927 0 48.6977
      vertex 21 0 52
    endloop
  endfacet
  facet normal 0 1 0
    outer loop
      vertex 15.0927 0 48.6977
      vertex 15.0927 0 23.3023
      vertex 14.9751 0 48.6074
    endloop
  endfacet
  facet normal 0 1 0
    outer loop
      vertex -12.4593 0 49.2815
      vertex -2.595 0 40.4947
      vertex -12.5278 0 49.15
    endloop
  endfacet
  facet normal 0 1 0
    outer loop
      vertex 5.11115 0 36.9012
      vertex 14 0 48.3
      vertex 14.1482 0 48.3065
    endloop
  endfacet
  facet normal 0 1 0
    outer loop
      vertex 5.17025 0 36.4523
      vertex 14.1482 0 48.3065
      vertex 14.2952 0 48.3258
    endloop
  endfacet
  facet normal 0 1 0
    outer loop
      vertex 5.17025 0 36.4523
      vertex 14.2952 0 48.3258
      vertex 14.44 0 48.3579
    endloop
  endfacet
  facet normal 0 1 0
    outer loop
      vertex 14.44 0 23.6421
      vertex 14.44 0 48.3579
      vertex 14.5814 0 48.4025
    endloop
  endfacet
  facet normal 0 1 0
    outer loop
      vertex 14.5814 0 23.5975
      vertex 14.5814 0 48.4025
      vertex 14.7185 0 48.4593
    endloop
  endfacet
  facet normal 0 1 0
    outer loop
      vertex 12.3579 0 50.44
      vertex 0.448677 0 41.1704
      vertex 0 0 41.19
    endloop
  endfacet
  facet normal 0 1 0
    outer loop
      vertex 12.3258 0 50.2952
      vertex 0.452337 0 41.1702
      vertex 0.448677 0 41.1704
    endloop
  endfacet
  facet normal 0 1 0
    outer loop
      vertex 12.3065 0 50.1482
      vertex 0.897602 0 41.1116
      vertex 0.452337 0 41.1702
    endloop
  endfacet
  facet normal 0 1 0
    outer loop
      vertex 14.7185 0 23.5407
      vertex 14.7185 0 48.4593
      vertex 14.85 0 48.5278
    endloop
  endfacet
  facet normal 0 1 0
    outer loop
      vertex 12.3065 0 50.1482
      vertex 0.901234 0 41.1112
      vertex 0.897602 0 41.1116
    endloop
  endfacet
  facet normal 0 1 0
    outer loop
      vertex 12.3 0 50
      vertex 0.904811 0 41.1104
      vertex 0.901234 0 41.1112
    endloop
  endfacet
  facet normal 0 1 0
    outer loop
      vertex 12.3 0 50
      vertex 1.34327 0 41.0132
      vertex 0.904811 0 41.1104
    endloop
  endfacet
  facet normal 0 1 0
    outer loop
      vertex 12.3065 0 49.8518
      vertex 1.34676 0 41.0121
      vertex 1.34327 0 41.0132
    endloop
  endfacet
  facet normal 0 1 0
    outer loop
      vertex 12.3065 0 49.8518
      vertex 1.77508 0 40.877
      vertex 1.34676 0 41.0121
    endloop
  endfacet
  facet normal -0 1 0
    outer loop
      vertex 14.9751 0 23.3926
      vertex 14.9751 0 48.6074
      vertex 15.0927 0 23.3023
    endloop
  endfacet
  facet normal 0 1 0
    outer loop
      vertex 12.3579 0 49.56
      vertex 2.19 0 40.7051
      vertex 1.77508 0 40.877
    endloop
  endfacet
  facet normal 0 1 0
    outer loop
      vertex 12.3579 0 49.56
      vertex 2.19339 0 40.7037
      vertex 2.19 0 40.7051
    endloop
  endfacet
  facet normal 0 1 0
    outer loop
      vertex 12.4025 0 49.4186
      vertex 2.19664 0 40.702
      vertex 2.19339 0 40.7037
    endloop
  endfacet
  facet normal 0 1 0
    outer loop
      vertex 12.4025 0 49.4186
      vertex 2.595 0 40.4947
      vertex 2.19664 0 40.702
    endloop
  endfacet
  facet normal 0 1 0
    outer loop
      vertex 12.5278 0 49.15
      vertex 2.97377 0 40.2534
      vertex 2.595 0 40.4947
    endloop
  endfacet
  facet normal 0 1 0
    outer loop
      vertex 12.5278 0 49.15
      vertex 2.97686 0 40.2514
      vertex 2.97377 0 40.2534
    endloop
  endfacet
  facet normal 0 1 0
    outer loop
      vertex 12.6074 0 49.0249
      vertex 3.33316 0 39.978
      vertex 2.97686 0 40.2514
    endloop
  endfacet
  facet normal 0 1 0
    outer loop
      vertex 12.6074 0 49.0249
      vertex 3.33607 0 39.9758
      vertex 3.33316 0 39.978
    endloop
  endfacet
  facet normal 0 1 0
    outer loop
      vertex 12.6977 0 48.9073
      vertex 3.66718 0 39.6724
      vertex 3.33607 0 39.9758
    endloop
  endfacet
  facet normal 0 1 0
    outer loop
      vertex 12.7979 0 48.7979
      vertex 3.66988 0 39.6699
      vertex 3.66718 0 39.6724
    endloop
  endfacet
  facet normal 0 1 0
    outer loop
      vertex 12.7979 0 48.7979
      vertex 3.67236 0 39.6672
      vertex 3.66988 0 39.6699
    endloop
  endfacet
  facet normal 0 1 0
    outer loop
      vertex 12.9073 0 48.6977
      vertex 3.97577 0 39.3361
      vertex 3.67236 0 39.6672
    endloop
  endfacet
  facet normal 0 1 0
    outer loop
      vertex 13.0249 0 48.6074
      vertex 3.978 0 39.3332
      vertex 3.97577 0 39.3361
    endloop
  endfacet
  facet normal 0 1 0
    outer loop
      vertex 13.0249 0 48.6074
      vertex 4.2514 0 38.9769
      vertex 3.978 0 39.3332
    endloop
  endfacet
  facet normal 0 1 0
    outer loop
      vertex 13.15 0 48.5278
      vertex 4.25337 0 38.9738
      vertex 4.2514 0 38.9769
    endloop
  endfacet
  facet normal 0 1 0
    outer loop
      vertex 13.2815 0 48.4593
      vertex 4.49467 0 38.595
      vertex 4.25337 0 38.9738
    endloop
  endfacet
  facet normal 0 1 0
    outer loop
      vertex 13.4186 0 48.4025
      vertex 4.70205 0 38.1966
      vertex 4.49467 0 38.595
    endloop
  endfacet
  facet normal 0 1 0
    outer loop
      vertex 13.4186 0 48.4025
      vertex 4.70374 0 38.1934
      vertex 4.70205 0 38.1966
    endloop
  endfacet
  facet normal 0 1 0
    outer loop
      vertex 13.56 0 48.3579
      vertex 4.70514 0 38.19
      vertex 4.70374 0 38.1934
    endloop
  endfacet
  facet normal 0 1 0
    outer loop
      vertex 13.56 0 48.3579
      vertex 4.87701 0 37.7751
      vertex 4.70514 0 38.19
    endloop
  endfacet
  facet normal 0 1 0
    outer loop
      vertex 13.8518 0 48.3065
      vertex 5.01205 0 37.3468
      vertex 4.87701 0 37.7751
    endloop
  endfacet
  facet normal 0 1 0
    outer loop
      vertex 13.8518 0 48.3065
      vertex 5.01316 0 37.3433
      vertex 5.01205 0 37.3468
    endloop
  endfacet
  facet normal 0 1 0
    outer loop
      vertex 14 0 48.3
      vertex 5.11036 0 36.9048
      vertex 5.01316 0 37.3433
    endloop
  endfacet
  facet normal 0 1 0
    outer loop
      vertex 14 0 48.3
      vertex 5.11115 0 36.9012
      vertex 5.11036 0 36.9048
    endloop
  endfacet
  facet normal 0 1 0
    outer loop
      vertex 14.1482 0 48.3065
      vertex 5.11163 0 36.8976
      vertex 5.11115 0 36.9012
    endloop
  endfacet
  facet normal 0 1 0
    outer loop
      vertex 14.1482 0 48.3065
      vertex 5.17025 0 36.4523
      vertex 5.11163 0 36.8976
    endloop
  endfacet
  facet normal 0 1 0
    outer loop
      vertex 14.5814 0 48.4025
      vertex 14.5814 0 23.5975
      vertex 14.44 0 23.6421
    endloop
  endfacet
  facet normal 0 1 0
    outer loop
      vertex 14.44 0 48.3579
      vertex 5.17041 0 36.4487
      vertex 5.17025 0 36.4523
    endloop
  endfacet
  facet normal 0 1 0
    outer loop
      vertex 14.44 0 48.3579
      vertex 5.19 0 36
      vertex 5.17041 0 36.4487
    endloop
  endfacet
  facet normal 0 1 0
    outer loop
      vertex 14.44 0 48.3579
      vertex 14.44 0 23.6421
      vertex 5.19 0 36
    endloop
  endfacet
  facet normal 0 1 0
    outer loop
      vertex 5.19 0 36
      vertex 14.44 0 23.6421
      vertex 5.17041 0 35.5513
    endloop
  endfacet
  facet normal 0 1 0
    outer loop
      vertex 5.17041 0 35.5513
      vertex 14.44 0 23.6421
      vertex 5.17025 0 35.5477
    endloop
  endfacet
  facet normal -0 1 -0
    outer loop
      vertex 14.2952 0 23.6742
      vertex 5.17025 0 35.5477
      vertex 14.44 0 23.6421
    endloop
  endfacet
  facet normal -0 1 -0
    outer loop
      vertex 14.1482 0 23.6935
      vertex 5.17025 0 35.5477
      vertex 14.2952 0 23.6742
    endloop
  endfacet
  facet normal 0 1 0
    outer loop
      vertex 5.17025 0 35.5477
      vertex 14.1482 0 23.6935
      vertex 5.11163 0 35.1024
    endloop
  endfacet
  facet normal 0 1 0
    outer loop
      vertex 5.11163 0 35.1024
      vertex 14.1482 0 23.6935
      vertex 5.11115 0 35.0988
    endloop
  endfacet
  facet normal -0 1 -0
    outer loop
      vertex 14 0 23.7
      vertex 5.11115 0 35.0988
      vertex 14.1482 0 23.6935
    endloop
  endfacet
  facet normal 0 1 0
    outer loop
      vertex 5.11036 0 35.0952
      vertex 14 0 23.7
      vertex 5.01316 0 34.6567
    endloop
  endfacet
  facet normal 0 1 -0
    outer loop
      vertex 13.8518 0 23.6935
      vertex 5.01316 0 34.6567
      vertex 14 0 23.7
    endloop
  endfacet
  facet normal 0 1 0
    outer loop
      vertex 5.01316 0 34.6567
      vertex 13.8518 0 23.6935
      vertex 5.01205 0 34.6532
    endloop
  endfacet
  facet normal 0 1 0
    outer loop
      vertex 5.01205 0 34.6532
      vertex 13.8518 0 23.6935
      vertex 4.87701 0 34.2249
    endloop
  endfacet
  facet normal 0 1 -0
    outer loop
      vertex 13.7048 0 23.6742
      vertex 4.87701 0 34.2249
      vertex 13.8518 0 23.6935
    endloop
  endfacet
  facet normal 0 1 -0
    outer loop
      vertex 13.56 0 23.6421
      vertex 4.87701 0 34.2249
      vertex 13.7048 0 23.6742
    endloop
  endfacet
  facet normal 0 1 0
    outer loop
      vertex 4.70514 0 33.81
      vertex 13.56 0 23.6421
      vertex 4.70374 0 33.8066
    endloop
  endfacet
  facet normal 0 1 -0
    outer loop
      vertex 13.0249 0 23.3926
      vertex 4.2514 0 33.0231
      vertex 13.15 0 23.4722
    endloop
  endfacet
  facet normal 0 1 0
    outer loop
      vertex 3.978 0 32.6668
      vertex 13.0249 0 23.3926
      vertex 3.97577 0 32.6639
    endloop
  endfacet
  facet normal 0 1 0
    outer loop
      vertex 3.97577 0 32.6639
      vertex 12.9073 0 23.3023
      vertex 3.67236 0 32.3328
    endloop
  endfacet
  facet normal 0 1 0
    outer loop
      vertex 3.67236 0 32.3328
      vertex 12.7979 0 23.2021
      vertex 3.66988 0 32.3301
    endloop
  endfacet
  facet normal 0 1 -0
    outer loop
      vertex 12.6074 0 22.9751
      vertex 3.33607 0 32.0242
      vertex 12.6977 0 23.0927
    endloop
  endfacet
  facet normal 0 1 0
    outer loop
      vertex 2.97377 0 31.7466
      vertex 12.5278 0 22.85
      vertex 2.595 0 31.5053
    endloop
  endfacet
  facet normal 0 1 0
    outer loop
      vertex 2.97686 0 31.7486
      vertex 12.5278 0 22.85
      vertex 2.97377 0 31.7466
    endloop
  endfacet
  facet normal 0 1 -0
    outer loop
      vertex 12.5278 0 22.85
      vertex 2.97686 0 31.7486
      vertex 12.6074 0 22.9751
    endloop
  endfacet
  facet normal 0 1 0
    outer loop
      vertex 3.33316 0 32.022
      vertex 12.6074 0 22.9751
      vertex 2.97686 0 31.7486
    endloop
  endfacet
  facet normal 0 1 0
    outer loop
      vertex 3.33607 0 32.0242
      vertex 12.6074 0 22.9751
      vertex 3.33316 0 32.022
    endloop
  endfacet
  facet normal 0 1 0
    outer loop
      vertex 3.66718 0 32.3276
      vertex 12.6977 0 23.0927
      vertex 3.33607 0 32.0242
    endloop
  endfacet
  facet normal 0 1 -0
    outer loop
      vertex 12.6977 0 23.0927
      vertex 3.66718 0 32.3276
      vertex 12.7979 0 23.2021
    endloop
  endfacet
  facet normal 0 1 0
    outer loop
      vertex 3.66988 0 32.3301
      vertex 12.7979 0 23.2021
      vertex 3.66718 0 32.3276
    endloop
  endfacet
  facet normal 0 1 -0
    outer loop
      vertex 12.7979 0 23.2021
      vertex 3.67236 0 32.3328
      vertex 12.9073 0 23.3023
    endloop
  endfacet
  facet normal 0 1 -0
    outer loop
      vertex 12.9073 0 23.3023
      vertex 3.97577 0 32.6639
      vertex 13.0249 0 23.3926
    endloop
  endfacet
  facet normal 0 1 0
    outer loop
      vertex 4.2514 0 33.0231
      vertex 13.0249 0 23.3926
      vertex 3.978 0 32.6668
    endloop
  endfacet
  facet normal 0 1 0
    outer loop
      vertex 4.25337 0 33.0262
      vertex 13.15 0 23.4722
      vertex 4.2514 0 33.0231
    endloop
  endfacet
  facet normal 0 1 -0
    outer loop
      vertex 13.15 0 23.4722
      vertex 4.25337 0 33.0262
      vertex 13.2815 0 23.5407
    endloop
  endfacet
  facet normal 0 1 0
    outer loop
      vertex 4.49467 0 33.405
      vertex 13.2815 0 23.5407
      vertex 4.25337 0 33.0262
    endloop
  endfacet
  facet normal 0 1 -0
    outer loop
      vertex 13.2815 0 23.5407
      vertex 4.49467 0 33.405
      vertex 13.4186 0 23.5975
    endloop
  endfacet
  facet normal 0 1 -0
    outer loop
      vertex 13.4186 0 23.5975
      vertex 4.70374 0 33.8066
      vertex 13.56 0 23.6421
    endloop
  endfacet
  facet normal 0 1 0
    outer loop
      vertex 4.70205 0 33.8034
      vertex 13.4186 0 23.5975
      vertex 4.49467 0 33.405
    endloop
  endfacet
  facet normal 0 1 0
    outer loop
      vertex 4.70374 0 33.8066
      vertex 13.4186 0 23.5975
      vertex 4.70205 0 33.8034
    endloop
  endfacet
  facet normal 0 1 0
    outer loop
      vertex 4.87701 0 34.2249
      vertex 13.56 0 23.6421
      vertex 4.70514 0 33.81
    endloop
  endfacet
  facet normal 0 1 0
    outer loop
      vertex 5.11115 0 35.0988
      vertex 14 0 23.7
      vertex 5.11036 0 35.0952
    endloop
  endfacet
  facet normal 0 1 0
    outer loop
      vertex 14.7185 0 48.4593
      vertex 14.7185 0 23.5407
      vertex 14.5814 0 23.5975
    endloop
  endfacet
  facet normal 0 1 0
    outer loop
      vertex 14.85 0 48.5278
      vertex 14.85 0 23.4722
      vertex 14.7185 0 23.5407
    endloop
  endfacet
  facet normal 0 1 0
    outer loop
      vertex 14.85 0 48.5278
      vertex 14.9751 0 23.3926
      vertex 14.85 0 23.4722
    endloop
  endfacet
  facet normal 0 1 0
    outer loop
      vertex 14.9751 0 48.6074
      vertex 14.9751 0 23.3926
      vertex 14.85 0 48.5278
    endloop
  endfacet
  facet normal 0 1 0
    outer loop
      vertex 21 0 52
      vertex 15.2021 0 23.2021
      vertex 15.0927 0 23.3023
    endloop
  endfacet
  facet normal 0 1 0
    outer loop
      vertex 21 0 52
      vertex 15.3023 0 23.0927
      vertex 15.2021 0 23.2021
    endloop
  endfacet
  facet normal 0 1 0
    outer loop
      vertex 21 0 52
      vertex 15.3926 0 22.9751
      vertex 15.3023 0 23.0927
    endloop
  endfacet
  facet normal 0 1 0
    outer loop
      vertex 21 0 52
      vertex 15.4722 0 22.85
      vertex 15.3926 0 22.9751
    endloop
  endfacet
  facet normal 0 1 0
    outer loop
      vertex 21 0 52
      vertex 15.5407 0 22.7185
      vertex 15.4722 0 22.85
    endloop
  endfacet
  facet normal 0 1 0
    outer loop
      vertex 21 0 52
      vertex 15.5975 0 22.5814
      vertex 15.5407 0 22.7185
    endloop
  endfacet
  facet normal 0 1 0
    outer loop
      vertex 21 0 52
      vertex 15.6421 0 22.44
      vertex 15.5975 0 22.5814
    endloop
  endfacet
  facet normal 0 1 0
    outer loop
      vertex 21 0 52
      vertex 15.6742 0 22.2952
      vertex 15.6421 0 22.44
    endloop
  endfacet
  facet normal 0 1 0
    outer loop
      vertex 21 0 52
      vertex 15.6935 0 22.1482
      vertex 15.6742 0 22.2952
    endloop
  endfacet
  facet normal 0 1 -0
    outer loop
      vertex 21 0 5
      vertex 15.6935 0 22.1482
      vertex 21 0 52
    endloop
  endfacet
  facet normal 0 1 0
    outer loop
      vertex 15.6935 0 22.1482
      vertex 21 0 5
      vertex 15.7 0 22
    endloop
  endfacet
  facet normal 0 1 0
    outer loop
      vertex 15.7 0 22
      vertex 21 0 5
      vertex 15.6935 0 21.8518
    endloop
  endfacet
  facet normal 0 1 0
    outer loop
      vertex 13.7048 0 20.3258
      vertex 21 0 5
      vertex 16 0 0
    endloop
  endfacet
  facet normal 0 1 0
    outer loop
      vertex 14.1482 0 20.3065
      vertex 21 0 5
      vertex 14 0 20.3
    endloop
  endfacet
  facet normal 0 1 0
    outer loop
      vertex 14.2952 0 20.3258
      vertex 21 0 5
      vertex 14.1482 0 20.3065
    endloop
  endfacet
  facet normal 0 1 0
    outer loop
      vertex 14.44 0 20.3579
      vertex 21 0 5
      vertex 14.2952 0 20.3258
    endloop
  endfacet
  facet normal 0 1 0
    outer loop
      vertex 14.5814 0 20.4025
      vertex 21 0 5
      vertex 14.44 0 20.3579
    endloop
  endfacet
  facet normal 0 1 0
    outer loop
      vertex 14.7185 0 20.4593
      vertex 21 0 5
      vertex 14.5814 0 20.4025
    endloop
  endfacet
  facet normal 0 1 0
    outer loop
      vertex 14.85 0 20.5278
      vertex 21 0 5
      vertex 14.7185 0 20.4593
    endloop
  endfacet
  facet normal 0 1 0
    outer loop
      vertex 14.9751 0 20.6074
      vertex 21 0 5
      vertex 14.85 0 20.5278
    endloop
  endfacet
  facet normal 0 1 0
    outer loop
      vertex 15.0927 0 20.6977
      vertex 21 0 5
      vertex 14.9751 0 20.6074
    endloop
  endfacet
  facet normal 0 1 0
    outer loop
      vertex 15.2021 0 20.7979
      vertex 21 0 5
      vertex 15.0927 0 20.6977
    endloop
  endfacet
  facet normal 0 1 0
    outer loop
      vertex 15.3023 0 20.9073
      vertex 21 0 5
      vertex 15.2021 0 20.7979
    endloop
  endfacet
  facet normal 0 1 0
    outer loop
      vertex 15.3926 0 21.0249
      vertex 21 0 5
      vertex 15.3023 0 20.9073
    endloop
  endfacet
  facet normal 0 1 0
    outer loop
      vertex 15.4722 0 21.15
      vertex 21 0 5
      vertex 15.3926 0 21.0249
    endloop
  endfacet
  facet normal 0 1 0
    outer loop
      vertex 15.5407 0 21.2815
      vertex 21 0 5
      vertex 15.4722 0 21.15
    endloop
  endfacet
  facet normal 0 1 0
    outer loop
      vertex 15.5975 0 21.4186
      vertex 21 0 5
      vertex 15.5407 0 21.2815
    endloop
  endfacet
  facet normal 0 1 0
    outer loop
      vertex 15.6421 0 21.56
      vertex 21 0 5
      vertex 15.5975 0 21.4186
    endloop
  endfacet
  facet normal 0 1 0
    outer loop
      vertex 15.6742 0 21.7048
      vertex 21 0 5
      vertex 15.6421 0 21.56
    endloop
  endfacet
  facet normal 0 1 0
    outer loop
      vertex 15.6935 0 21.8518
      vertex 21 0 5
      vertex 15.6742 0 21.7048
    endloop
  endfacet
  facet normal 0 1 0
    outer loop
      vertex -19.2139 0 55.8302
      vertex -15.2021 0 51.2021
      vertex -19.5355 0 55.5355
    endloop
  endfacet
  facet normal 0 1 0
    outer loop
      vertex -19.5355 0 55.5355
      vertex -15.2021 0 51.2021
      vertex -19.8302 0 55.2139
    endloop
  endfacet
  facet normal 0 1 -0
    outer loop
      vertex -15.3023 0 51.0927
      vertex -19.8302 0 55.2139
      vertex -15.2021 0 51.2021
    endloop
  endfacet
  facet normal 0 1 0
    outer loop
      vertex -19.8302 0 55.2139
      vertex -15.3023 0 51.0927
      vertex -20.0957 0 54.8679
    endloop
  endfacet
  facet normal 0 1 0
    outer loop
      vertex -20.0957 0 54.8679
      vertex -15.3023 0 51.0927
      vertex -20.3301 0 54.5
    endloop
  endfacet
  facet normal 0 1 0
    outer loop
      vertex -20.3301 0 54.5
      vertex -15.3023 0 51.0927
      vertex -20.5315 0 54.1131
    endloop
  endfacet
  facet normal 0 1 -0
    outer loop
      vertex -15.3926 0 50.9751
      vertex -20.5315 0 54.1131
      vertex -15.3023 0 51.0927
    endloop
  endfacet
  facet normal 0 1 0
    outer loop
      vertex -20.5315 0 54.1131
      vertex -15.3926 0 50.9751
      vertex -20.6985 0 53.7101
    endloop
  endfacet
  facet normal 0 1 0
    outer loop
      vertex -20.6985 0 53.7101
      vertex -15.3926 0 50.9751
      vertex -20.8296 0 53.2941
    endloop
  endfacet
  facet normal 0 1 -0
    outer loop
      vertex -15.4722 0 50.85
      vertex -20.8296 0 53.2941
      vertex -15.3926 0 50.9751
    endloop
  endfacet
  facet normal 0 1 0
    outer loop
      vertex -20.8296 0 53.2941
      vertex -15.4722 0 50.85
      vertex -20.924 0 52.8682
    endloop
  endfacet
  facet normal 0 1 0
    outer loop
      vertex -20.924 0 52.8682
      vertex -15.4722 0 50.85
      vertex -20.981 0 52.4358
    endloop
  endfacet
  facet normal 0 1 -0
    outer loop
      vertex -15.5407 0 50.7185
      vertex -20.981 0 52.4358
      vertex -15.4722 0 50.85
    endloop
  endfacet
  facet normal 0 1 0
    outer loop
      vertex -20.981 0 52.4358
      vertex -15.5407 0 50.7185
      vertex -21 0 52
    endloop
  endfacet
  facet normal 0 1 -0
    outer loop
      vertex -15.5975 0 50.5814
      vertex -21 0 52
      vertex -15.5407 0 50.7185
    endloop
  endfacet
  facet normal 0 1 -0
    outer loop
      vertex -15.6421 0 50.44
      vertex -21 0 52
      vertex -15.5975 0 50.5814
    endloop
  endfacet
  facet normal 0 1 -0
    outer loop
      vertex -15.6742 0 50.2952
      vertex -21 0 52
      vertex -15.6421 0 50.44
    endloop
  endfacet
  facet normal 0 1 -0
    outer loop
      vertex -15.6935 0 50.1482
      vertex -21 0 52
      vertex -15.6742 0 50.2952
    endloop
  endfacet
  facet normal 0 1 -0
    outer loop
      vertex -15.7 0 50
      vertex -21 0 52
      vertex -15.6935 0 50.1482
    endloop
  endfacet
  facet normal 0 1 0
    outer loop
      vertex -15.6935 0 49.8518
      vertex -21 0 52
      vertex -15.7 0 50
    endloop
  endfacet
  facet normal 0 1 0
    outer loop
      vertex -15.6742 0 49.7048
      vertex -21 0 52
      vertex -15.6935 0 49.8518
    endloop
  endfacet
  facet normal 0 1 0
    outer loop
      vertex -15.6421 0 49.56
      vertex -21 0 52
      vertex -15.6742 0 49.7048
    endloop
  endfacet
  facet normal 0 1 0
    outer loop
      vertex -15.5975 0 49.4186
      vertex -21 0 52
      vertex -15.6421 0 49.56
    endloop
  endfacet
  facet normal 0 1 0
    outer loop
      vertex -15.5407 0 49.2815
      vertex -21 0 52
      vertex -15.5975 0 49.4186
    endloop
  endfacet
  facet normal 0 1 0
    outer loop
      vertex -15.4722 0 49.15
      vertex -21 0 52
      vertex -15.5407 0 49.2815
    endloop
  endfacet
  facet normal 0 1 0
    outer loop
      vertex -15.3926 0 49.0249
      vertex -21 0 52
      vertex -15.4722 0 49.15
    endloop
  endfacet
  facet normal 0 1 0
    outer loop
      vertex -15.3023 0 48.9073
      vertex -21 0 52
      vertex -15.3926 0 49.0249
    endloop
  endfacet
  facet normal 0 1 0
    outer loop
      vertex -15.2021 0 48.7979
      vertex -21 0 52
      vertex -15.3023 0 48.9073
    endloop
  endfacet
  facet normal 0 1 0
    outer loop
      vertex -15.0927 0 48.6977
      vertex -21 0 52
      vertex -15.2021 0 48.7979
    endloop
  endfacet
  facet normal 0 1 0
    outer loop
      vertex -15.0927 0 23.3023
      vertex -15.0927 0 48.6977
      vertex -14.9751 0 48.6074
    endloop
  endfacet
  facet normal 0 1 0
    outer loop
      vertex -14.9751 0 23.3926
      vertex -14.9751 0 48.6074
      vertex -14.85 0 48.5278
    endloop
  endfacet
  facet normal 0 1 -0
    outer loop
      vertex -2.97377 0 40.2534
      vertex -12.5278 0 49.15
      vertex -2.595 0 40.4947
    endloop
  endfacet
  facet normal 0 1 -0
    outer loop
      vertex -2.97686 0 40.2514
      vertex -12.5278 0 49.15
      vertex -2.97377 0 40.2534
    endloop
  endfacet
  facet normal 0 1 0
    outer loop
      vertex -12.5278 0 49.15
      vertex -2.97686 0 40.2514
      vertex -12.6074 0 49.0249
    endloop
  endfacet
  facet normal 0 1 -0
    outer loop
      vertex -3.33316 0 39.978
      vertex -12.6074 0 49.0249
      vertex -2.97686 0 40.2514
    endloop
  endfacet
  facet normal 0 1 -0
    outer loop
      vertex -3.33607 0 39.9758
      vertex -12.6074 0 49.0249
      vertex -3.33316 0 39.978
    endloop
  endfacet
  facet normal 0 1 0
    outer loop
      vertex -12.6074 0 49.0249
      vertex -3.33607 0 39.9758
      vertex -12.6977 0 48.9073
    endloop
  endfacet
  facet normal 0 1 -0
    outer loop
      vertex -3.66718 0 39.6724
      vertex -12.6977 0 48.9073
      vertex -3.33607 0 39.9758
    endloop
  endfacet
  facet normal 0 1 0
    outer loop
      vertex -12.6977 0 48.9073
      vertex -3.66718 0 39.6724
      vertex -12.7979 0 48.7979
    endloop
  endfacet
  facet normal 0 1 -0
    outer loop
      vertex -3.66988 0 39.6699
      vertex -12.7979 0 48.7979
      vertex -3.66718 0 39.6724
    endloop
  endfacet
  facet normal 0 1 -0
    outer loop
      vertex -3.67236 0 39.6672
      vertex -12.7979 0 48.7979
      vertex -3.66988 0 39.6699
    endloop
  endfacet
  facet normal 0 1 0
    outer loop
      vertex -12.7979 0 48.7979
      vertex -3.67236 0 39.6672
      vertex -12.9073 0 48.6977
    endloop
  endfacet
  facet normal 0 1 -0
    outer loop
      vertex -3.97577 0 39.3361
      vertex -12.9073 0 48.6977
      vertex -3.67236 0 39.6672
    endloop
  endfacet
  facet normal 0 1 0
    outer loop
      vertex -12.9073 0 48.6977
      vertex -3.97577 0 39.3361
      vertex -13.0249 0 48.6074
    endloop
  endfacet
  facet normal 0 1 -0
    outer loop
      vertex -3.978 0 39.3332
      vertex -13.0249 0 48.6074
      vertex -3.97577 0 39.3361
    endloop
  endfacet
  facet normal 0 1 -0
    outer loop
      vertex -4.2514 0 38.9769
      vertex -13.0249 0 48.6074
      vertex -3.978 0 39.3332
    endloop
  endfacet
  facet normal 0 1 0
    outer loop
      vertex -13.0249 0 48.6074
      vertex -4.2514 0 38.9769
      vertex -13.15 0 48.5278
    endloop
  endfacet
  facet normal 0 1 -0
    outer loop
      vertex -4.25337 0 38.9738
      vertex -13.15 0 48.5278
      vertex -4.2514 0 38.9769
    endloop
  endfacet
  facet normal 0 1 0
    outer loop
      vertex -13.15 0 48.5278
      vertex -4.25337 0 38.9738
      vertex -13.2815 0 48.4593
    endloop
  endfacet
  facet normal 0 1 -0
    outer loop
      vertex -4.49467 0 38.595
      vertex -13.2815 0 48.4593
      vertex -4.25337 0 38.9738
    endloop
  endfacet
  facet normal 0 1 0
    outer loop
      vertex -13.2815 0 48.4593
      vertex -4.49467 0 38.595
      vertex -13.4186 0 48.4025
    endloop
  endfacet
  facet normal 0 1 -0
    outer loop
      vertex -4.70205 0 38.1966
      vertex -13.4186 0 48.4025
      vertex -4.49467 0 38.595
    endloop
  endfacet
  facet normal 0 1 -0
    outer loop
      vertex -4.70374 0 38.1934
      vertex -13.4186 0 48.4025
      vertex -4.70205 0 38.1966
    endloop
  endfacet
  facet normal 0 1 0
    outer loop
      vertex -13.4186 0 48.4025
      vertex -4.70374 0 38.1934
      vertex -13.56 0 48.3579
    endloop
  endfacet
  facet normal 0 1 -0
    outer loop
      vertex -4.70514 0 38.19
      vertex -13.56 0 48.3579
      vertex -4.70374 0 38.1934
    endloop
  endfacet
  facet normal 0 1 -0
    outer loop
      vertex -4.87701 0 37.7751
      vertex -13.56 0 48.3579
      vertex -4.70514 0 38.19
    endloop
  endfacet
  facet normal 0 1 0
    outer loop
      vertex -13.56 0 48.3579
      vertex -4.87701 0 37.7751
      vertex -13.7048 0 48.3258
    endloop
  endfacet
  facet normal 0 1 0
    outer loop
      vertex -13.7048 0 48.3258
      vertex -4.87701 0 37.7751
      vertex -13.8518 0 48.3065
    endloop
  endfacet
  facet normal 0 1 -0
    outer loop
      vertex -5.01205 0 37.3468
      vertex -13.8518 0 48.3065
      vertex -4.87701 0 37.7751
    endloop
  endfacet
  facet normal 0 1 -0
    outer loop
      vertex -5.01316 0 37.3433
      vertex -13.8518 0 48.3065
      vertex -5.01205 0 37.3468
    endloop
  endfacet
  facet normal 0 1 0
    outer loop
      vertex -13.8518 0 48.3065
      vertex -5.01316 0 37.3433
      vertex -14 0 48.3
    endloop
  endfacet
  facet normal 0 1 -0
    outer loop
      vertex -5.11036 0 36.9048
      vertex -14 0 48.3
      vertex -5.01316 0 37.3433
    endloop
  endfacet
  facet normal 0 1 -0
    outer loop
      vertex -5.11115 0 36.9012
      vertex -14 0 48.3
      vertex -5.11036 0 36.9048
    endloop
  endfacet
  facet normal 0 1 0
    outer loop
      vertex -14 0 48.3
      vertex -5.11115 0 36.9012
      vertex -14.1482 0 48.3065
    endloop
  endfacet
  facet normal 0 1 -0
    outer loop
      vertex -5.11163 0 36.8976
      vertex -14.1482 0 48.3065
      vertex -5.11115 0 36.9012
    endloop
  endfacet
  facet normal 0 1 -0
    outer loop
      vertex -5.17025 0 36.4523
      vertex -14.1482 0 48.3065
      vertex -5.11163 0 36.8976
    endloop
  endfacet
  facet normal 0 1 0
    outer loop
      vertex -14.1482 0 48.3065
      vertex -5.17025 0 36.4523
      vertex -14.2952 0 48.3258
    endloop
  endfacet
  facet normal 0 1 0
    outer loop
      vertex -14.2952 0 48.3258
      vertex -5.17025 0 36.4523
      vertex -14.44 0 48.3579
    endloop
  endfacet
  facet normal 0 1 -0
    outer loop
      vertex -5.17041 0 36.4487
      vertex -14.44 0 48.3579
      vertex -5.17025 0 36.4523
    endloop
  endfacet
  facet normal 0 1 -0
    outer loop
      vertex -5.19 0 36
      vertex -14.44 0 48.3579
      vertex -5.17041 0 36.4487
    endloop
  endfacet
  facet normal 0 1 0
    outer loop
      vertex -14.44 0 23.6421
      vertex -14.44 0 48.3579
      vertex -5.19 0 36
    endloop
  endfacet
  facet normal 0 1 0
    outer loop
      vertex -14.44 0 48.3579
      vertex -14.44 0 23.6421
      vertex -14.5814 0 48.4025
    endloop
  endfacet
  facet normal 0 1 0
    outer loop
      vertex -14.5814 0 23.5975
      vertex -14.5814 0 48.4025
      vertex -14.44 0 23.6421
    endloop
  endfacet
  facet normal 0 1 0
    outer loop
      vertex -14.5814 0 48.4025
      vertex -14.5814 0 23.5975
      vertex -14.7185 0 48.4593
    endloop
  endfacet
  facet normal 0 1 0
    outer loop
      vertex -14.44 0 23.6421
      vertex -5.19 0 36
      vertex -5.17041 0 35.5513
    endloop
  endfacet
  facet normal 0 1 0
    outer loop
      vertex -14.44 0 23.6421
      vertex -5.17041 0 35.5513
      vertex -5.17025 0 35.5477
    endloop
  endfacet
  facet normal 0 1 0
    outer loop
      vertex -14.1482 0 23.6935
      vertex -5.17025 0 35.5477
      vertex -5.11163 0 35.1024
    endloop
  endfacet
  facet normal 0 1 0
    outer loop
      vertex -14.1482 0 23.6935
      vertex -5.11163 0 35.1024
      vertex -5.11115 0 35.0988
    endloop
  endfacet
  facet normal 0 1 0
    outer loop
      vertex -14 0 23.7
      vertex -5.11115 0 35.0988
      vertex -5.11036 0 35.0952
    endloop
  endfacet
  facet normal 0 1 0
    outer loop
      vertex -14 0 23.7
      vertex -5.11036 0 35.0952
      vertex -5.01316 0 34.6567
    endloop
  endfacet
  facet normal 0 1 0
    outer loop
      vertex -14 0 23.7
      vertex -5.01316 0 34.6567
      vertex -5.01205 0 34.6532
    endloop
  endfacet
  facet normal 0 1 0
    outer loop
      vertex -14 0 23.7
      vertex -5.01205 0 34.6532
      vertex -4.87701 0 34.2249
    endloop
  endfacet
  facet normal 0 1 0
    outer loop
      vertex -14 0 23.7
      vertex -4.87701 0 34.2249
      vertex -4.70514 0 33.81
    endloop
  endfacet
  facet normal 0 1 0
    outer loop
      vertex -14 0 23.7
      vertex -4.70514 0 33.81
      vertex -4.70374 0 33.8066
    endloop
  endfacet
  facet normal 0 1 0
    outer loop
      vertex -14 0 23.7
      vertex -4.70374 0 33.8066
      vertex -4.70205 0 33.8034
    endloop
  endfacet
  facet normal 0 1 0
    outer loop
      vertex -14 0 23.7
      vertex -4.70205 0 33.8034
      vertex -4.49467 0 33.405
    endloop
  endfacet
  facet normal 0 1 0
    outer loop
      vertex -14 0 23.7
      vertex -4.49467 0 33.405
      vertex -4.25337 0 33.0262
    endloop
  endfacet
  facet normal 0 1 0
    outer loop
      vertex -14 0 23.7
      vertex -4.25337 0 33.0262
      vertex -4.2514 0 33.0231
    endloop
  endfacet
  facet normal 0 1 0
    outer loop
      vertex -14 0 23.7
      vertex -4.2514 0 33.0231
      vertex -3.978 0 32.6668
    endloop
  endfacet
  facet normal 0 1 0
    outer loop
      vertex -14 0 23.7
      vertex -3.978 0 32.6668
      vertex -3.97577 0 32.6639
    endloop
  endfacet
  facet normal 0 1 0
    outer loop
      vertex -14 0 23.7
      vertex -3.33316 0 32.022
      vertex -2.97686 0 31.7486
    endloop
  endfacet
  facet normal 0 1 0
    outer loop
      vertex -14 0 23.7
      vertex -2.97377 0 31.7466
      vertex -2.595 0 31.5053
    endloop
  endfacet
  facet normal 0 1 0
    outer loop
      vertex -14 0 23.7
      vertex -2.19664 0 31.298
      vertex -2.19339 0 31.2963
    endloop
  endfacet
  facet normal 0 1 0
    outer loop
      vertex -14 0 23.7
      vertex -2.19 0 31.2949
      vertex -1.77508 0 31.123
    endloop
  endfacet
  facet normal 0 1 0
    outer loop
      vertex -14 0 23.7
      vertex -0.904811 0 30.8896
      vertex -0.901234 0 30.8888
    endloop
  endfacet
  facet normal 0 1 -0
    outer loop
      vertex 12.4593 0 22.7185
      vertex 2.595 0 31.5053
      vertex 12.5278 0 22.85
    endloop
  endfacet
  facet normal 0 1 0
    outer loop
      vertex 0 0 30.81
      vertex -14 0 23.7
      vertex -0.448677 0 30.8296
    endloop
  endfacet
  facet normal 0 1 0
    outer loop
      vertex -0.448677 0 30.8296
      vertex -14 0 23.7
      vertex -0.452337 0 30.8298
    endloop
  endfacet
  facet normal 0 1 0
    outer loop
      vertex -0.452337 0 30.8298
      vertex -14 0 23.7
      vertex -0.897602 0 30.8884
    endloop
  endfacet
  facet normal 0 1 0
    outer loop
      vertex -0.897602 0 30.8884
      vertex -14 0 23.7
      vertex -0.901234 0 30.8888
    endloop
  endfacet
  facet normal 0 1 0
    outer loop
      vertex -0.904811 0 30.8896
      vertex -14 0 23.7
      vertex -1.34327 0 30.9868
    endloop
  endfacet
  facet normal 0 1 0
    outer loop
      vertex -1.34327 0 30.9868
      vertex -14 0 23.7
      vertex -1.34676 0 30.9879
    endloop
  endfacet
  facet normal 0 1 0
    outer loop
      vertex -1.34676 0 30.9879
      vertex -14 0 23.7
      vertex -1.77508 0 31.123
    endloop
  endfacet
  facet normal 0 1 0
    outer loop
      vertex -2.19 0 31.2949
      vertex -14 0 23.7
      vertex -2.19339 0 31.2963
    endloop
  endfacet
  facet normal 0 1 0
    outer loop
      vertex -2.19664 0 31.298
      vertex -14 0 23.7
      vertex -2.595 0 31.5053
    endloop
  endfacet
  facet normal 0 1 0
    outer loop
      vertex -2.97377 0 31.7466
      vertex -14 0 23.7
      vertex -2.97686 0 31.7486
    endloop
  endfacet
  facet normal 0 1 0
    outer loop
      vertex -3.33316 0 32.022
      vertex -14 0 23.7
      vertex -3.33607 0 32.0242
    endloop
  endfacet
  facet normal 0 1 0
    outer loop
      vertex -14 0 23.7
      vertex -3.66718 0 32.3276
      vertex -3.33607 0 32.0242
    endloop
  endfacet
  facet normal 0 1 0
    outer loop
      vertex -14 0 23.7
      vertex -3.66988 0 32.3301
      vertex -3.66718 0 32.3276
    endloop
  endfacet
  facet normal 0 1 0
    outer loop
      vertex -14 0 23.7
      vertex -3.67236 0 32.3328
      vertex -3.66988 0 32.3301
    endloop
  endfacet
  facet normal 0 1 0
    outer loop
      vertex -14 0 23.7
      vertex -3.97577 0 32.6639
      vertex -3.67236 0 32.3328
    endloop
  endfacet
  facet normal 0 1 0
    outer loop
      vertex -5.11115 0 35.0988
      vertex -14 0 23.7
      vertex -14.1482 0 23.6935
    endloop
  endfacet
  facet normal 0 1 0
    outer loop
      vertex -5.17025 0 35.5477
      vertex -14.1482 0 23.6935
      vertex -14.2952 0 23.6742
    endloop
  endfacet
  facet normal 0 1 0
    outer loop
      vertex -5.17025 0 35.5477
      vertex -14.2952 0 23.6742
      vertex -14.44 0 23.6421
    endloop
  endfacet
  facet normal 0 1 0
    outer loop
      vertex -14.7185 0 23.5407
      vertex -14.7185 0 48.4593
      vertex -14.5814 0 23.5975
    endloop
  endfacet
  facet normal 0 1 0
    outer loop
      vertex -14.7185 0 48.4593
      vertex -14.7185 0 23.5407
      vertex -14.85 0 48.5278
    endloop
  endfacet
  facet normal 0 1 0
    outer loop
      vertex -14.85 0 23.4722
      vertex -14.85 0 48.5278
      vertex -14.7185 0 23.5407
    endloop
  endfacet
  facet normal 0 1 0
    outer loop
      vertex -14.9751 0 23.3926
      vertex -14.85 0 48.5278
      vertex -14.85 0 23.4722
    endloop
  endfacet
  facet normal 0 1 0
    outer loop
      vertex -14.9751 0 48.6074
      vertex -14.9751 0 23.3926
      vertex -15.0927 0 23.3023
    endloop
  endfacet
  facet normal 0 1 0
    outer loop
      vertex -15.0927 0 48.6977
      vertex -15.0927 0 23.3023
      vertex -21 0 52
    endloop
  endfacet
  facet normal 0 1 -0
    outer loop
      vertex -15.2021 0 23.2021
      vertex -21 0 52
      vertex -15.0927 0 23.3023
    endloop
  endfacet
  facet normal 0 1 -0
    outer loop
      vertex -15.3023 0 23.0927
      vertex -21 0 52
      vertex -15.2021 0 23.2021
    endloop
  endfacet
  facet normal 0 1 -0
    outer loop
      vertex -15.3926 0 22.9751
      vertex -21 0 52
      vertex -15.3023 0 23.0927
    endloop
  endfacet
  facet normal 0 1 -0
    outer loop
      vertex -15.4722 0 22.85
      vertex -21 0 52
      vertex -15.3926 0 22.9751
    endloop
  endfacet
  facet normal 0 1 -0
    outer loop
      vertex -15.5407 0 22.7185
      vertex -21 0 52
      vertex -15.4722 0 22.85
    endloop
  endfacet
  facet normal 0 1 -0
    outer loop
      vertex -15.5975 0 22.5814
      vertex -21 0 52
      vertex -15.5407 0 22.7185
    endloop
  endfacet
  facet normal 0 1 -0
    outer loop
      vertex -15.6421 0 22.44
      vertex -21 0 52
      vertex -15.5975 0 22.5814
    endloop
  endfacet
  facet normal 0 1 -0
    outer loop
      vertex -15.6742 0 22.2952
      vertex -21 0 52
      vertex -15.6421 0 22.44
    endloop
  endfacet
  facet normal 0 1 -0
    outer loop
      vertex -15.6935 0 22.1482
      vertex -21 0 52
      vertex -15.6742 0 22.2952
    endloop
  endfacet
  facet normal 0 1 0
    outer loop
      vertex -21 0 5
      vertex -15.6935 0 22.1482
      vertex -15.7 0 22
    endloop
  endfacet
  facet normal 0 1 0
    outer loop
      vertex -21 0 5
      vertex -15.7 0 22
      vertex -15.6935 0 21.8518
    endloop
  endfacet
  facet normal 0 1 0
    outer loop
      vertex -21 0 5
      vertex -15.6935 0 21.8518
      vertex -15.6742 0 21.7048
    endloop
  endfacet
  facet normal -0 1 0
    outer loop
      vertex -21 0 5
      vertex -13.7048 0 20.3258
      vertex -16 0 0
    endloop
  endfacet
  facet normal 0 1 0
    outer loop
      vertex -13.7048 0 20.3258
      vertex -21 0 5
      vertex -13.8518 0 20.3065
    endloop
  endfacet
  facet normal 0 1 0
    outer loop
      vertex -13.8518 0 20.3065
      vertex -21 0 5
      vertex -14 0 20.3
    endloop
  endfacet
  facet normal 0 1 0
    outer loop
      vertex -14 0 20.3
      vertex -21 0 5
      vertex -14.1482 0 20.3065
    endloop
  endfacet
  facet normal 0 1 0
    outer loop
      vertex -14.1482 0 20.3065
      vertex -21 0 5
      vertex -14.2952 0 20.3258
    endloop
  endfacet
  facet normal 0 1 0
    outer loop
      vertex -15.6935 0 22.1482
      vertex -21 0 5
      vertex -21 0 52
    endloop
  endfacet
  facet normal 0 1 0
    outer loop
      vertex -15.6421 0 21.56
      vertex -21 0 5
      vertex -15.6742 0 21.7048
    endloop
  endfacet
  facet normal 0 1 0
    outer loop
      vertex -15.5975 0 21.4186
      vertex -21 0 5
      vertex -15.6421 0 21.56
    endloop
  endfacet
  facet normal 0 1 0
    outer loop
      vertex -15.5407 0 21.2815
      vertex -21 0 5
      vertex -15.5975 0 21.4186
    endloop
  endfacet
  facet normal 0 1 0
    outer loop
      vertex -15.4722 0 21.15
      vertex -21 0 5
      vertex -15.5407 0 21.2815
    endloop
  endfacet
  facet normal 0 1 0
    outer loop
      vertex -15.3926 0 21.0249
      vertex -21 0 5
      vertex -15.4722 0 21.15
    endloop
  endfacet
  facet normal 0 1 0
    outer loop
      vertex -15.3023 0 20.9073
      vertex -21 0 5
      vertex -15.3926 0 21.0249
    endloop
  endfacet
  facet normal 0 1 0
    outer loop
      vertex -15.2021 0 20.7979
      vertex -21 0 5
      vertex -15.3023 0 20.9073
    endloop
  endfacet
  facet normal 0 1 0
    outer loop
      vertex -15.0927 0 20.6977
      vertex -21 0 5
      vertex -15.2021 0 20.7979
    endloop
  endfacet
  facet normal 0 1 0
    outer loop
      vertex -14.9751 0 20.6074
      vertex -21 0 5
      vertex -15.0927 0 20.6977
    endloop
  endfacet
  facet normal 0 1 0
    outer loop
      vertex -14.85 0 20.5278
      vertex -21 0 5
      vertex -14.9751 0 20.6074
    endloop
  endfacet
  facet normal 0 1 0
    outer loop
      vertex -14.7185 0 20.4593
      vertex -21 0 5
      vertex -14.85 0 20.5278
    endloop
  endfacet
  facet normal 0 1 0
    outer loop
      vertex -14.2952 0 20.3258
      vertex -21 0 5
      vertex -14.44 0 20.3579
    endloop
  endfacet
  facet normal 0 1 0
    outer loop
      vertex 16 0 0
      vertex 21 0 5
      vertex 20.981 0 4.56422
    endloop
  endfacet
  facet normal 0 1 0
    outer loop
      vertex -14.44 0 20.3579
      vertex -21 0 5
      vertex -14.5814 0 20.4025
    endloop
  endfacet
  facet normal 0 1 0
    outer loop
      vertex 16 0 0
      vertex 20.981 0 4.56422
      vertex 20.924 0 4.13176
    endloop
  endfacet
  facet normal 0 1 0
    outer loop
      vertex -14.5814 0 20.4025
      vertex -21 0 5
      vertex -14.7185 0 20.4593
    endloop
  endfacet
  facet normal 0 1 0
    outer loop
      vertex 16 0 0
      vertex 20.924 0 4.13176
      vertex 20.8296 0 3.70592
    endloop
  endfacet
  facet normal 0 1 0
    outer loop
      vertex -21 0 5
      vertex -16 0 0
      vertex -20.981 0 4.56422
    endloop
  endfacet
  facet normal 0 1 0
    outer loop
      vertex 16 0 0
      vertex 20.8296 0 3.70592
      vertex 20.6985 0 3.2899
    endloop
  endfacet
  facet normal 0 1 0
    outer loop
      vertex -20.981 0 4.56422
      vertex -16 0 0
      vertex -20.924 0 4.13176
    endloop
  endfacet
  facet normal 0 1 0
    outer loop
      vertex 16 0 0
      vertex 20.6985 0 3.2899
      vertex 20.5315 0 2.88692
    endloop
  endfacet
  facet normal 0 1 0
    outer loop
      vertex -20.924 0 4.13176
      vertex -16 0 0
      vertex -20.8296 0 3.70592
    endloop
  endfacet
  facet normal 0 1 0
    outer loop
      vertex 16 0 0
      vertex 20.5315 0 2.88692
      vertex 20.3301 0 2.5
    endloop
  endfacet
  facet normal 0 1 0
    outer loop
      vertex -20.8296 0 3.70592
      vertex -16 0 0
      vertex -20.6985 0 3.2899
    endloop
  endfacet
  facet normal 0 1 0
    outer loop
      vertex 16 0 0
      vertex 20.3301 0 2.5
      vertex 20.0957 0 2.13213
    endloop
  endfacet
  facet normal 0 1 0
    outer loop
      vertex -20.6985 0 3.2899
      vertex -16 0 0
      vertex -20.5315 0 2.88692
    endloop
  endfacet
  facet normal 0 1 0
    outer loop
      vertex 16 0 0
      vertex 20.0957 0 2.13213
      vertex 19.8302 0 1.78607
    endloop
  endfacet
  facet normal 0 1 0
    outer loop
      vertex -20.5315 0 2.88692
      vertex -16 0 0
      vertex -20.3301 0 2.5
    endloop
  endfacet
  facet normal 0 1 0
    outer loop
      vertex 16 0 0
      vertex 19.8302 0 1.78607
      vertex 19.5355 0 1.46448
    endloop
  endfacet
  facet normal 0 1 0
    outer loop
      vertex -20.3301 0 2.5
      vertex -16 0 0
      vertex -20.0957 0 2.13213
    endloop
  endfacet
  facet normal 0 1 0
    outer loop
      vertex 16 0 0
      vertex 19.5355 0 1.46448
      vertex 19.2139 0 1.16978
    endloop
  endfacet
  facet normal 0 1 0
    outer loop
      vertex -20.0957 0 2.13213
      vertex -16 0 0
      vertex -19.8302 0 1.78607
    endloop
  endfacet
  facet normal 0 1 0
    outer loop
      vertex 16 0 0
      vertex 19.2139 0 1.16978
      vertex 18.8679 0 0.904251
    endloop
  endfacet
  facet normal 0 1 0
    outer loop
      vertex -19.8302 0 1.78607
      vertex -16 0 0
      vertex -19.5355 0 1.46448
    endloop
  endfacet
  facet normal 0 1 0
    outer loop
      vertex 16 0 0
      vertex 18.8679 0 0.904251
      vertex 18.5 0 0.669876
    endloop
  endfacet
  facet normal 0 1 0
    outer loop
      vertex -19.5355 0 1.46448
      vertex -16 0 0
      vertex -19.2139 0 1.16978
    endloop
  endfacet
  facet normal 0 1 0
    outer loop
      vertex 16 0 0
      vertex 18.5 0 0.669876
      vertex 18.1131 0 0.468475
    endloop
  endfacet
  facet normal 0 1 0
    outer loop
      vertex -19.2139 0 1.16978
      vertex -16 0 0
      vertex -18.8679 0 0.904251
    endloop
  endfacet
  facet normal 0 1 0
    outer loop
      vertex 16 0 0
      vertex 18.1131 0 0.468475
      vertex 17.7101 0 0.301544
    endloop
  endfacet
  facet normal 0 1 0
    outer loop
      vertex -18.8679 0 0.904251
      vertex -16 0 0
      vertex -18.5 0 0.669876
    endloop
  endfacet
  facet normal 0 1 0
    outer loop
      vertex 16 0 0
      vertex 17.7101 0 0.301544
      vertex 17.2941 0 0.17038
    endloop
  endfacet
  facet normal 0 1 0
    outer loop
      vertex -18.5 0 0.669876
      vertex -16 0 0
      vertex -18.1131 0 0.468475
    endloop
  endfacet
  facet normal 0 1 0
    outer loop
      vertex 16 0 0
      vertex 17.2941 0 0.17038
      vertex 16.8682 0 0.0759735
    endloop
  endfacet
  facet normal 0 1 0
    outer loop
      vertex -18.1131 0 0.468475
      vertex -16 0 0
      vertex -17.7101 0 0.301544
    endloop
  endfacet
  facet normal 0 1 0
    outer loop
      vertex 16 0 0
      vertex 16.8682 0 0.0759735
      vertex 16.4358 0 0.0190277
    endloop
  endfacet
  facet normal 0 1 0
    outer loop
      vertex -17.7101 0 0.301544
      vertex -16 0 0
      vertex -17.2941 0 0.17038
    endloop
  endfacet
  facet normal 0 1 0
    outer loop
      vertex -17.2941 0 0.17038
      vertex -16 0 0
      vertex -16.8682 0 0.0759735
    endloop
  endfacet
  facet normal 0 1 0
    outer loop
      vertex -16.8682 0 0.0759735
      vertex -16 0 0
      vertex -16.4358 0 0.0190277
    endloop
  endfacet
  facet normal -1 0 0
    outer loop
      vertex -11.5 -6 0
      vertex -11.5 -6.4 20.3301
      vertex -11.5 -6 20.3301
    endloop
  endfacet
  facet normal -1 0 0
    outer loop
      vertex -11.5 -116 42
      vertex -11.5 -6.4 20.3301
      vertex -11.5 -116 0
    endloop
  endfacet
  facet normal -1 0 0
    outer loop
      vertex -11.5 -116 0
      vertex -11.5 -6.4 20.3301
      vertex -11.5 -6 0
    endloop
  endfacet
  facet normal -1 0 0
    outer loop
      vertex -11.5 -6.4 23.6699
      vertex -11.5 -6 42
      vertex -11.5 -6 23.6699
    endloop
  endfacet
  facet normal -1 0 0
    outer loop
      vertex -11.5 -6.4 20.3301
      vertex -11.5 -116 42
      vertex -11.5 -6.4 23.6699
    endloop
  endfacet
  facet normal -1 0 0
    outer loop
      vertex -11.5 -6.4 23.6699
      vertex -11.5 -116 42
      vertex -11.5 -6 42
    endloop
  endfacet
  facet normal 0 0 1
    outer loop
      vertex -6.69747 -6 42
      vertex -8.5 -30 42
      vertex -6.69747 -30 42
    endloop
  endfacet
  facet normal 0 0 1
    outer loop
      vertex -11.5 -116 42
      vertex -8.5 -30 42
      vertex -11.5 -6 42
    endloop
  endfacet
  facet normal -0 0 1
    outer loop
      vertex -11.5 -6 42
      vertex -8.5 -30 42
      vertex -6.69747 -6 42
    endloop
  endfacet
  facet normal -0 0 1
    outer loop
      vertex -8.5 -104 42
      vertex -6.69747 -116 42
      vertex -6.69747 -104 42
    endloop
  endfacet
  facet normal 0 0 1
    outer loop
      vertex -8.5 -104 42
      vertex -11.5 -116 42
      vertex -6.69747 -116 42
    endloop
  endfacet
  facet normal 0 0 1
    outer loop
      vertex -8.5 -30 42
      vertex -11.5 -116 42
      vertex -8.5 -104 42
    endloop
  endfacet
  facet normal 0 0 1
    outer loop
      vertex 11.5 -6 42
      vertex 8.5 -30 42
      vertex 11.5 -116 42
    endloop
  endfacet
  facet normal -0 0 1
    outer loop
      vertex 6.69747 -6 42
      vertex 8.5 -30 42
      vertex 11.5 -6 42
    endloop
  endfacet
  facet normal 0 0 1
    outer loop
      vertex 8.5 -30 42
      vertex 6.69747 -6 42
      vertex 6.69747 -30 42
    endloop
  endfacet
  facet normal -0 0 1
    outer loop
      vertex 8.5 -104 42
      vertex 11.5 -116 42
      vertex 8.5 -30 42
    endloop
  endfacet
  facet normal 0 0 1
    outer loop
      vertex 6.69747 -116 42
      vertex 8.5 -104 42
      vertex 6.69747 -104 42
    endloop
  endfacet
  facet normal 0 0 1
    outer loop
      vertex 8.5 -104 42
      vertex 6.69747 -116 42
      vertex 11.5 -116 42
    endloop
  endfacet
  facet normal 0 0 -1
    outer loop
      vertex -7.25 -89 0
      vertex -5.25 -45 0
      vertex -5.25 -89 0
    endloop
  endfacet
  facet normal -0 0 -1
    outer loop
      vertex -5.25 -45 0
      vertex -7.25 -89 0
      vertex -7.25 -45 0
    endloop
  endfacet
  facet normal 0 0 -1
    outer loop
      vertex 5.25 -89 0
      vertex 7.25 -45 0
      vertex 7.25 -89 0
    endloop
  endfacet
  facet normal -0 0 -1
    outer loop
      vertex 7.25 -45 0
      vertex 5.25 -89 0
      vertex 5.25 -45 0
    endloop
  endfacet
  facet normal 0 0 -1
    outer loop
      vertex 7.25 -89 0
      vertex 11.5 -116 0
      vertex 7.25 -93 0
    endloop
  endfacet
  facet normal 0 0 -1
    outer loop
      vertex 4 -104 0
      vertex 7.25 -93 0
      vertex 11.5 -116 0
    endloop
  endfacet
  facet normal 0 0 -1
    outer loop
      vertex -5.25 -89 0
      vertex 5.25 -89 0
      vertex 5.25 -93 0
    endloop
  endfacet
  facet normal 0 0 -1
    outer loop
      vertex 5.25 -89 0
      vertex -5.25 -89 0
      vertex 5.25 -45 0
    endloop
  endfacet
  facet normal -0 0 -1
    outer loop
      vertex 7.25 -93 0
      vertex 4 -99 0
      vertex 5.25 -93 0
    endloop
  endfacet
  facet normal 0 0 -1
    outer loop
      vertex 7.25 -93 0
      vertex 4 -104 0
      vertex 4 -99 0
    endloop
  endfacet
  facet normal 0 0 -1
    outer loop
      vertex 11.5 -116 0
      vertex -4 -104 0
      vertex 4 -104 0
    endloop
  endfacet
  facet normal 0 0 -1
    outer loop
      vertex -7.25 -93 0
      vertex -4 -99 0
      vertex -4 -104 0
    endloop
  endfacet
  facet normal 0 0 -1
    outer loop
      vertex -4 -99 0
      vertex -7.25 -93 0
      vertex -5.25 -93 0
    endloop
  endfacet
  facet normal 0 0 -1
    outer loop
      vertex -11.5 -116 0
      vertex -7.25 -89 0
      vertex -7.25 -93 0
    endloop
  endfacet
  facet normal -0 0 -1
    outer loop
      vertex -7.25 -89 0
      vertex -11.5 -116 0
      vertex -7.25 -45 0
    endloop
  endfacet
  facet normal 0 0 -1
    outer loop
      vertex -11.5 -6 0
      vertex -7.25 -45 0
      vertex -11.5 -116 0
    endloop
  endfacet
  facet normal -0 0 -1
    outer loop
      vertex -4 -104 0
      vertex -11.5 -116 0
      vertex -7.25 -93 0
    endloop
  endfacet
  facet normal 0 0 -1
    outer loop
      vertex -11.5 -116 0
      vertex -4 -104 0
      vertex 11.5 -116 0
    endloop
  endfacet
  facet normal 0 0 -1
    outer loop
      vertex 11.5 -6 0
      vertex 16 0 0
      vertex 16 -6 0
    endloop
  endfacet
  facet normal 0 0 -1
    outer loop
      vertex 7.25 -45 0
      vertex 11.5 -116 0
      vertex 7.25 -89 0
    endloop
  endfacet
  facet normal 0 0 -1
    outer loop
      vertex 11.5 -116 0
      vertex 7.25 -45 0
      vertex 11.5 -6 0
    endloop
  endfacet
  facet normal 0 0 -1
    outer loop
      vertex 7.25 -41 0
      vertex 11.5 -6 0
      vertex 7.25 -45 0
    endloop
  endfacet
  facet normal 0 0 -1
    outer loop
      vertex 5.25 -41 0
      vertex 11.5 -6 0
      vertex 7.25 -41 0
    endloop
  endfacet
  facet normal 0 0 -1
    outer loop
      vertex -5.25 -93 0
      vertex 5.25 -93 0
      vertex 4 -99 0
    endloop
  endfacet
  facet normal 0 0 -1
    outer loop
      vertex -5.25 -93 0
      vertex 4 -99 0
      vertex -4 -99 0
    endloop
  endfacet
  facet normal 0 0 -1
    outer loop
      vertex 5.25 -93 0
      vertex -5.25 -93 0
      vertex -5.25 -89 0
    endloop
  endfacet
  facet normal 0 0 -1
    outer loop
      vertex -5.25 -45 0
      vertex 5.25 -45 0
      vertex -5.25 -89 0
    endloop
  endfacet
  facet normal 0 0 -1
    outer loop
      vertex 5.25 -45 0
      vertex -5.25 -45 0
      vertex 5.25 -41 0
    endloop
  endfacet
  facet normal 0 0 -1
    outer loop
      vertex -5.25 -41 0
      vertex 5.25 -41 0
      vertex -5.25 -45 0
    endloop
  endfacet
  facet normal 0 0 -1
    outer loop
      vertex 5.25 -41 0
      vertex -5.25 -41 0
      vertex 11.5 -6 0
    endloop
  endfacet
  facet normal 0 0 -1
    outer loop
      vertex -11.5 -6 0
      vertex -5.25 -41 0
      vertex -7.25 -41 0
    endloop
  endfacet
  facet normal 0 0 -1
    outer loop
      vertex -7.25 -45 0
      vertex -11.5 -6 0
      vertex -7.25 -41 0
    endloop
  endfacet
  facet normal 0 0 -1
    outer loop
      vertex -5.25 -41 0
      vertex -11.5 -6 0
      vertex 11.5 -6 0
    endloop
  endfacet
  facet normal 0 0 -1
    outer loop
      vertex -11.5 -6 0
      vertex 16 0 0
      vertex 11.5 -6 0
    endloop
  endfacet
  facet normal 0 0 -1
    outer loop
      vertex -16 0 0
      vertex -11.5 -6 0
      vertex -16 -6 0
    endloop
  endfacet
  facet normal 0 0 -1
    outer loop
      vertex -11.5 -6 0
      vertex -16 0 0
      vertex 16 0 0
    endloop
  endfacet
  facet normal 1 0 0
    outer loop
      vertex 11.5 -6 42
      vertex 11.5 -6.4 23.6699
      vertex 11.5 -6 23.6699
    endloop
  endfacet
  facet normal 1 0 0
    outer loop
      vertex 11.5 -6.4 23.6699
      vertex 11.5 -116 42
      vertex 11.5 -6.4 20.3301
    endloop
  endfacet
  facet normal 1 -0 0
    outer loop
      vertex 11.5 -116 42
      vertex 11.5 -6.4 23.6699
      vertex 11.5 -6 42
    endloop
  endfacet
  facet normal 1 -0 0
    outer loop
      vertex 11.5 -6.4 20.3301
      vertex 11.5 -6 0
      vertex 11.5 -6 20.3301
    endloop
  endfacet
  facet normal 1 0 0
    outer loop
      vertex 11.5 -116 0
      vertex 11.5 -6.4 20.3301
      vertex 11.5 -116 42
    endloop
  endfacet
  facet normal 1 0 0
    outer loop
      vertex 11.5 -6.4 20.3301
      vertex 11.5 -116 0
      vertex 11.5 -6 0
    endloop
  endfacet
  facet normal -1 0 0
    outer loop
      vertex 8.5 -6 4
      vertex 8.5 -30 24
      vertex 8.5 -6 24
    endloop
  endfacet
  facet normal -1 0 0
    outer loop
      vertex 8.5 -30 24
      vertex 8.5 -104 24
      vertex 8.5 -30 42
    endloop
  endfacet
  facet normal -1 0 0
    outer loop
      vertex 8.5 -116 4
      vertex 8.5 -30 24
      vertex 8.5 -6 4
    endloop
  endfacet
  facet normal -1 -0 0
    outer loop
      vertex 8.5 -30 24
      vertex 8.5 -116 4
      vertex 8.5 -104 24
    endloop
  endfacet
  facet normal -1 -0 0
    outer loop
      vertex 8.5 -104 24
      vertex 8.5 -116 4
      vertex 8.5 -116 24
    endloop
  endfacet
  facet normal -1 -0 0
    outer loop
      vertex 8.5 -30 42
      vertex 8.5 -104 24
      vertex 8.5 -104 42
    endloop
  endfacet
  facet normal 1 -0 0
    outer loop
      vertex 6.75 -28.5 5.99
      vertex 6.75 -26.5 4
      vertex 6.75 -26.5 5.99
    endloop
  endfacet
  facet normal 1 0 0
    outer loop
      vertex 6.75 -26.5 4
      vertex 6.75 -28.5 5.99
      vertex 6.75 -28.5 4
    endloop
  endfacet
  facet normal 0 -1 0
    outer loop
      vertex -6.75 -28.5 4
      vertex 6.75 -28.5 5.99
      vertex -6.75 -28.5 5.99
    endloop
  endfacet
  facet normal 0 -1 -0
    outer loop
      vertex 6.75 -28.5 5.99
      vertex -6.75 -28.5 4
      vertex 6.75 -28.5 4
    endloop
  endfacet
  facet normal 0 1 -0
    outer loop
      vertex 6.75 -26.5 4
      vertex -6.75 -26.5 5.99
      vertex 6.75 -26.5 5.99
    endloop
  endfacet
  facet normal 0 1 0
    outer loop
      vertex -6.75 -26.5 5.99
      vertex 6.75 -26.5 4
      vertex -6.75 -26.5 4
    endloop
  endfacet
  facet normal -1 0 0
    outer loop
      vertex -6.75 -28.5 4
      vertex -6.75 -26.5 5.99
      vertex -6.75 -26.5 4
    endloop
  endfacet
  facet normal -1 -0 0
    outer loop
      vertex -6.75 -26.5 5.99
      vertex -6.75 -28.5 4
      vertex -6.75 -28.5 5.99
    endloop
  endfacet
  facet normal -0 0 1
    outer loop
      vertex -6.75 -26.5 5.99
      vertex 6.75 -28.5 5.99
      vertex 6.75 -26.5 5.99
    endloop
  endfacet
  facet normal 0 0 1
    outer loop
      vertex 6.75 -28.5 5.99
      vertex -6.75 -26.5 5.99
      vertex -6.75 -28.5 5.99
    endloop
  endfacet
  facet normal 1 -0 0
    outer loop
      vertex 6.75 -107.5 5.99
      vertex 6.75 -105.5 4
      vertex 6.75 -105.5 5.99
    endloop
  endfacet
  facet normal 1 0 0
    outer loop
      vertex 6.75 -105.5 4
      vertex 6.75 -107.5 5.99
      vertex 6.75 -107.5 4
    endloop
  endfacet
  facet normal 0 -1 0
    outer loop
      vertex -6.75 -107.5 4
      vertex 6.75 -107.5 5.99
      vertex -6.75 -107.5 5.99
    endloop
  endfacet
  facet normal 0 -1 -0
    outer loop
      vertex 6.75 -107.5 5.99
      vertex -6.75 -107.5 4
      vertex 6.75 -107.5 4
    endloop
  endfacet
  facet normal 0 1 -0
    outer loop
      vertex 6.75 -105.5 4
      vertex -6.75 -105.5 5.99
      vertex 6.75 -105.5 5.99
    endloop
  endfacet
  facet normal 0 1 0
    outer loop
      vertex -6.75 -105.5 5.99
      vertex 6.75 -105.5 4
      vertex -6.75 -105.5 4
    endloop
  endfacet
  facet normal -1 0 0
    outer loop
      vertex -6.75 -107.5 4
      vertex -6.75 -105.5 5.99
      vertex -6.75 -105.5 4
    endloop
  endfacet
  facet normal -1 -0 0
    outer loop
      vertex -6.75 -105.5 5.99
      vertex -6.75 -107.5 4
      vertex -6.75 -107.5 5.99
    endloop
  endfacet
  facet normal -0 0 1
    outer loop
      vertex -6.75 -105.5 5.99
      vertex 6.75 -107.5 5.99
      vertex 6.75 -105.5 5.99
    endloop
  endfacet
  facet normal 0 0 1
    outer loop
      vertex 6.75 -107.5 5.99
      vertex -6.75 -105.5 5.99
      vertex -6.75 -107.5 5.99
    endloop
  endfacet
  facet normal 0.382689 0 -0.923877
    outer loop
      vertex 17.7101 -6 0.301544
      vertex 18.1131 0 0.468475
      vertex 18.1131 -6 0.468475
    endloop
  endfacet
  facet normal 0.382689 0 -0.923877
    outer loop
      vertex 18.1131 0 0.468475
      vertex 17.7101 -6 0.301544
      vertex 17.7101 0 0.301544
    endloop
  endfacet
  facet normal -0.991425 0 -0.130674
    outer loop
      vertex -20.924 -6 4.13176
      vertex -20.981 0 4.56422
      vertex -20.924 0 4.13176
    endloop
  endfacet
  facet normal -0.991425 -0 -0.130674
    outer loop
      vertex -20.981 0 4.56422
      vertex -20.924 -6 4.13176
      vertex -20.981 -6 4.56422
    endloop
  endfacet
  facet normal -0.953759 0 0.300572
    outer loop
      vertex -20.8296 -6 53.2941
      vertex -20.6985 0 53.7101
      vertex -20.8296 0 53.2941
    endloop
  endfacet
  facet normal -0.953759 0 0.300572
    outer loop
      vertex -20.6985 0 53.7101
      vertex -20.8296 -6 53.2941
      vertex -20.6985 -6 53.7101
    endloop
  endfacet
  facet normal -0.999051 0 -0.0435586
    outer loop
      vertex -20.981 -6 4.56422
      vertex -21 0 5
      vertex -20.981 0 4.56422
    endloop
  endfacet
  facet normal -0.999051 -0 -0.0435586
    outer loop
      vertex -21 0 5
      vertex -20.981 -6 4.56422
      vertex -21 -6 5
    endloop
  endfacet
  facet normal 0.461735 0 0.887018
    outer loop
      vertex 18.1131 0 56.5315
      vertex 18.5 -6 56.3301
      vertex 18.5 0 56.3301
    endloop
  endfacet
  facet normal 0.461735 0 0.887018
    outer loop
      vertex 18.5 -6 56.3301
      vertex 18.1131 0 56.5315
      vertex 18.1131 -6 56.5315
    endloop
  endfacet
  facet normal -0 0 1
    outer loop
      vertex -16 0 57
      vertex 16 -6 57
      vertex 16 0 57
    endloop
  endfacet
  facet normal 0 0 1
    outer loop
      vertex 16 -6 57
      vertex -16 0 57
      vertex -16 -6 57
    endloop
  endfacet
  facet normal 0.953763 0 -0.300559
    outer loop
      vertex 20.8296 -6 3.70592
      vertex 20.6985 0 3.2899
      vertex 20.8296 0 3.70592
    endloop
  endfacet
  facet normal 0.953763 0 -0.300559
    outer loop
      vertex 20.6985 0 3.2899
      vertex 20.8296 -6 3.70592
      vertex 20.6985 -6 3.2899
    endloop
  endfacet
  facet normal -0.537294 0 -0.843395
    outer loop
      vertex -18.8679 -6 0.904251
      vertex -18.5 0 0.669876
      vertex -18.5 -6 0.669876
    endloop
  endfacet
  facet normal -0.537294 0 -0.843395
    outer loop
      vertex -18.5 0 0.669876
      vertex -18.8679 -6 0.904251
      vertex -18.8679 0 0.904251
    endloop
  endfacet
  facet normal -0.887018 0 0.461735
    outer loop
      vertex -20.5315 -6 54.1131
      vertex -20.3301 0 54.5
      vertex -20.5315 0 54.1131
    endloop
  endfacet
  facet normal -0.887018 0 0.461735
    outer loop
      vertex -20.3301 0 54.5
      vertex -20.5315 -6 54.1131
      vertex -20.3301 -6 54.5
    endloop
  endfacet
  facet normal -0.999051 0 0.0435566
    outer loop
      vertex -21 -6 52
      vertex -20.981 0 52.4358
      vertex -21 0 52
    endloop
  endfacet
  facet normal -0.999051 0 0.0435566
    outer loop
      vertex -20.981 0 52.4358
      vertex -21 -6 52
      vertex -20.981 -6 52.4358
    endloop
  endfacet
  facet normal -0.976299 0 -0.216426
    outer loop
      vertex -20.8296 -6 3.70592
      vertex -20.924 0 4.13176
      vertex -20.8296 0 3.70592
    endloop
  endfacet
  facet normal -0.976299 -0 -0.216426
    outer loop
      vertex -20.924 0 4.13176
      vertex -20.8296 -6 3.70592
      vertex -20.924 -6 4.13176
    endloop
  endfacet
  facet normal 1 -0 0
    outer loop
      vertex 21 -6 52
      vertex 21 0 5
      vertex 21 0 52
    endloop
  endfacet
  facet normal 1 0 0
    outer loop
      vertex 21 0 5
      vertex 21 -6 52
      vertex 21 -6 5
    endloop
  endfacet
  facet normal 0.991423 -0 0.130692
    outer loop
      vertex 20.924 -6 52.8682
      vertex 20.981 0 52.4358
      vertex 20.924 0 52.8682
    endloop
  endfacet
  facet normal 0.991423 0 0.130692
    outer loop
      vertex 20.981 0 52.4358
      vertex 20.924 -6 52.8682
      vertex 20.981 -6 52.4358
    endloop
  endfacet
  facet normal -0.887028 0 -0.461717
    outer loop
      vertex -20.3301 -6 2.5
      vertex -20.5315 0 2.88692
      vertex -20.3301 0 2.5
    endloop
  endfacet
  facet normal -0.887028 -0 -0.461717
    outer loop
      vertex -20.5315 0 2.88692
      vertex -20.3301 -6 2.5
      vertex -20.5315 -6 2.88692
    endloop
  endfacet
  facet normal 0.130692 0 0.991423
    outer loop
      vertex 16.4358 0 56.981
      vertex 16.8682 -6 56.924
      vertex 16.8682 0 56.924
    endloop
  endfacet
  facet normal 0.130692 0 0.991423
    outer loop
      vertex 16.8682 -6 56.924
      vertex 16.4358 0 56.981
      vertex 16.4358 -6 56.981
    endloop
  endfacet
  facet normal 0.216396 0 0.976306
    outer loop
      vertex 16.8682 0 56.924
      vertex 17.2941 -6 56.8296
      vertex 17.2941 0 56.8296
    endloop
  endfacet
  facet normal 0.216396 0 0.976306
    outer loop
      vertex 17.2941 -6 56.8296
      vertex 16.8682 0 56.924
      vertex 16.8682 -6 56.924
    endloop
  endfacet
  facet normal 0.953759 -0 0.300572
    outer loop
      vertex 20.6985 -6 53.7101
      vertex 20.8296 0 53.2941
      vertex 20.6985 0 53.7101
    endloop
  endfacet
  facet normal 0.953759 0 0.300572
    outer loop
      vertex 20.8296 0 53.2941
      vertex 20.6985 -6 53.7101
      vertex 20.8296 -6 53.2941
    endloop
  endfacet
  facet normal -1 0 0
    outer loop
      vertex -21 -6 5
      vertex -21 0 52
      vertex -21 0 5
    endloop
  endfacet
  facet normal -1 -0 0
    outer loop
      vertex -21 0 52
      vertex -21 -6 5
      vertex -21 -6 52
    endloop
  endfacet
  facet normal 0.793348 -0 0.608768
    outer loop
      vertex 19.8302 -6 55.2139
      vertex 20.0957 0 54.8679
      vertex 19.8302 0 55.2139
    endloop
  endfacet
  facet normal 0.793348 0 0.608768
    outer loop
      vertex 20.0957 0 54.8679
      vertex 19.8302 -6 55.2139
      vertex 20.0957 -6 54.8679
    endloop
  endfacet
  facet normal -0.537335 0 0.843369
    outer loop
      vertex -18.8679 0 56.0957
      vertex -18.5 -6 56.3301
      vertex -18.5 0 56.3301
    endloop
  endfacet
  facet normal -0.537335 0 0.843369
    outer loop
      vertex -18.5 -6 56.3301
      vertex -18.8679 0 56.0957
      vertex -18.8679 -6 56.0957
    endloop
  endfacet
  facet normal -0.130692 0 0.991423
    outer loop
      vertex -16.8682 0 56.924
      vertex -16.4358 -6 56.981
      vertex -16.4358 0 56.981
    endloop
  endfacet
  facet normal -0.130692 0 0.991423
    outer loop
      vertex -16.4358 -6 56.981
      vertex -16.8682 0 56.924
      vertex -16.8682 -6 56.924
    endloop
  endfacet
  facet normal -0.382824 0 0.923821
    outer loop
      vertex -18.1131 0 56.5315
      vertex -17.7101 -6 56.6985
      vertex -17.7101 0 56.6985
    endloop
  endfacet
  facet normal -0.382824 0 0.923821
    outer loop
      vertex -17.7101 -6 56.6985
      vertex -18.1131 0 56.5315
      vertex -18.1131 -6 56.5315
    endloop
  endfacet
  facet normal -0.461735 0 0.887018
    outer loop
      vertex -18.5 0 56.3301
      vertex -18.1131 -6 56.5315
      vertex -18.1131 0 56.5315
    endloop
  endfacet
  facet normal -0.461735 0 0.887018
    outer loop
      vertex -18.1131 -6 56.5315
      vertex -18.5 0 56.3301
      vertex -18.5 -6 56.3301
    endloop
  endfacet
  facet normal 0.999051 -0 0.0435566
    outer loop
      vertex 20.981 -6 52.4358
      vertex 21 0 52
      vertex 20.981 0 52.4358
    endloop
  endfacet
  facet normal 0.999051 0 0.0435566
    outer loop
      vertex 21 0 52
      vertex 20.981 -6 52.4358
      vertex 21 -6 52
    endloop
  endfacet
  facet normal 0.976306 -0 0.216396
    outer loop
      vertex 20.8296 -6 53.2941
      vertex 20.924 0 52.8682
      vertex 20.8296 0 53.2941
    endloop
  endfacet
  facet normal 0.976306 0 0.216396
    outer loop
      vertex 20.924 0 52.8682
      vertex 20.8296 -6 53.2941
      vertex 20.924 -6 52.8682
    endloop
  endfacet
  facet normal 0.976299 0 -0.216426
    outer loop
      vertex 20.924 -6 4.13176
      vertex 20.8296 0 3.70592
      vertex 20.924 0 4.13176
    endloop
  endfacet
  facet normal 0.976299 0 -0.216426
    outer loop
      vertex 20.8296 0 3.70592
      vertex 20.924 -6 4.13176
      vertex 20.8296 -6 3.70592
    endloop
  endfacet
  facet normal -0.793348 0 0.608768
    outer loop
      vertex -20.0957 -6 54.8679
      vertex -19.8302 0 55.2139
      vertex -20.0957 0 54.8679
    endloop
  endfacet
  facet normal -0.793348 0 0.608768
    outer loop
      vertex -19.8302 0 55.2139
      vertex -20.0957 -6 54.8679
      vertex -19.8302 -6 55.2139
    endloop
  endfacet
  facet normal -0.843369 0 0.537335
    outer loop
      vertex -20.3301 -6 54.5
      vertex -20.0957 0 54.8679
      vertex -20.3301 0 54.5
    endloop
  endfacet
  facet normal -0.843369 0 0.537335
    outer loop
      vertex -20.0957 0 54.8679
      vertex -20.3301 -6 54.5
      vertex -20.0957 -6 54.8679
    endloop
  endfacet
  facet normal -0.923821 0 0.382824
    outer loop
      vertex -20.6985 -6 53.7101
      vertex -20.5315 0 54.1131
      vertex -20.6985 0 53.7101
    endloop
  endfacet
  facet normal -0.923821 0 0.382824
    outer loop
      vertex -20.5315 0 54.1131
      vertex -20.6985 -6 53.7101
      vertex -20.5315 -6 54.1131
    endloop
  endfacet
  facet normal -0.382689 0 -0.923877
    outer loop
      vertex -18.1131 -6 0.468475
      vertex -17.7101 0 0.301544
      vertex -17.7101 -6 0.301544
    endloop
  endfacet
  facet normal -0.382689 0 -0.923877
    outer loop
      vertex -17.7101 0 0.301544
      vertex -18.1131 -6 0.468475
      vertex -18.1131 0 0.468475
    endloop
  endfacet
  facet normal 0.6756 0 -0.737268
    outer loop
      vertex 19.2139 -6 1.16978
      vertex 19.5355 0 1.46448
      vertex 19.5355 -6 1.46448
    endloop
  endfacet
  facet normal 0.6756 0 -0.737268
    outer loop
      vertex 19.5355 0 1.46448
      vertex 19.2139 -6 1.16978
      vertex 19.2139 0 1.16978
    endloop
  endfacet
  facet normal -0.461737 0 -0.887017
    outer loop
      vertex -18.5 -6 0.669876
      vertex -18.1131 0 0.468475
      vertex -18.1131 -6 0.468475
    endloop
  endfacet
  facet normal -0.461737 0 -0.887017
    outer loop
      vertex -18.1131 0 0.468475
      vertex -18.5 -6 0.669876
      vertex -18.5 0 0.669876
    endloop
  endfacet
  facet normal 0.300572 0 0.953759
    outer loop
      vertex 17.2941 0 56.8296
      vertex 17.7101 -6 56.6985
      vertex 17.7101 0 56.6985
    endloop
  endfacet
  facet normal 0.300572 0 0.953759
    outer loop
      vertex 17.7101 -6 56.6985
      vertex 17.2941 0 56.8296
      vertex 17.2941 -6 56.8296
    endloop
  endfacet
  facet normal -0.04362 0 -0.999048
    outer loop
      vertex -16.4358 -6 0.0190277
      vertex -16 0 0
      vertex -16 -6 0
    endloop
  endfacet
  facet normal -0.04362 0 -0.999048
    outer loop
      vertex -16 0 0
      vertex -16.4358 -6 0.0190277
      vertex -16.4358 0 0.0190277
    endloop
  endfacet
  facet normal 0 -1 0
    outer loop
      vertex 11.5 -6 42
      vertex 11.5 -6 23.6699
      vertex 12.268 -6 25
    endloop
  endfacet
  facet normal 0 -1 0
    outer loop
      vertex -6.36396 -6 42.364
      vertex -11.5 -6 42
      vertex -6.69747 -6 42
    endloop
  endfacet
  facet normal 0 -1 0
    outer loop
      vertex -12.268 -6 25
      vertex -11.5 -6 42
      vertex -15.732 -6 25
    endloop
  endfacet
  facet normal 0 -1 -0
    outer loop
      vertex -11.5 -6 42
      vertex -12.268 -6 25
      vertex -11.5 -6 23.6699
    endloop
  endfacet
  facet normal 0 -1 0
    outer loop
      vertex -16 -6 0
      vertex -21 -6 5
      vertex -20.981 -6 4.56422
    endloop
  endfacet
  facet normal 0 -1 0
    outer loop
      vertex -16 -6 0
      vertex -20.981 -6 4.56422
      vertex -20.924 -6 4.13176
    endloop
  endfacet
  facet normal 0 -1 0
    outer loop
      vertex -16 -6 0
      vertex -20.924 -6 4.13176
      vertex -20.8296 -6 3.70592
    endloop
  endfacet
  facet normal 0 -1 0
    outer loop
      vertex -21 -6 5
      vertex -11.5 -6 0
      vertex -12.268 -6 19
    endloop
  endfacet
  facet normal 0 -1 0
    outer loop
      vertex -16 -6 0
      vertex -20.8296 -6 3.70592
      vertex -20.6985 -6 3.2899
    endloop
  endfacet
  facet normal 0 -1 0
    outer loop
      vertex -16 -6 0
      vertex -20.6985 -6 3.2899
      vertex -20.5315 -6 2.88692
    endloop
  endfacet
  facet normal 0 -1 0
    outer loop
      vertex -16 -6 0
      vertex -20.5315 -6 2.88692
      vertex -20.3301 -6 2.5
    endloop
  endfacet
  facet normal 0 -1 0
    outer loop
      vertex -16 -6 0
      vertex -20.3301 -6 2.5
      vertex -20.0957 -6 2.13213
    endloop
  endfacet
  facet normal 0 -1 0
    outer loop
      vertex -16 -6 0
      vertex -20.0957 -6 2.13213
      vertex -19.8302 -6 1.78607
    endloop
  endfacet
  facet normal 0 -1 0
    outer loop
      vertex -16 -6 0
      vertex -19.8302 -6 1.78607
      vertex -19.5355 -6 1.46448
    endloop
  endfacet
  facet normal 0 -1 0
    outer loop
      vertex -16 -6 0
      vertex -19.5355 -6 1.46448
      vertex -19.2139 -6 1.16978
    endloop
  endfacet
  facet normal 0 -1 0
    outer loop
      vertex -16 -6 0
      vertex -19.2139 -6 1.16978
      vertex -18.8679 -6 0.904251
    endloop
  endfacet
  facet normal 0 -1 0
    outer loop
      vertex -16 -6 0
      vertex -18.8679 -6 0.904251
      vertex -18.5 -6 0.669876
    endloop
  endfacet
  facet normal 0 -1 0
    outer loop
      vertex -16 -6 0
      vertex -18.5 -6 0.669876
      vertex -18.1131 -6 0.468475
    endloop
  endfacet
  facet normal 0 -1 0
    outer loop
      vertex -16 -6 0
      vertex -18.1131 -6 0.468475
      vertex -17.7101 -6 0.301544
    endloop
  endfacet
  facet normal 0 -1 0
    outer loop
      vertex -16 -6 0
      vertex -17.7101 -6 0.301544
      vertex -17.2941 -6 0.17038
    endloop
  endfacet
  facet normal 0 -1 0
    outer loop
      vertex -16 -6 0
      vertex -17.2941 -6 0.17038
      vertex -16.8682 -6 0.0759735
    endloop
  endfacet
  facet normal 0 -1 0
    outer loop
      vertex -16 -6 0
      vertex -16.8682 -6 0.0759735
      vertex -16.4358 -6 0.0190277
    endloop
  endfacet
  facet normal 0 -1 0
    outer loop
      vertex -21 -6 5
      vertex -16 -6 0
      vertex -11.5 -6 0
    endloop
  endfacet
  facet normal 0 -1 0
    outer loop
      vertex -12.268 -6 19
      vertex -11.5 -6 0
      vertex -11.5 -6 20.3301
    endloop
  endfacet
  facet normal 0 -1 0
    outer loop
      vertex 12.268 -6 19
      vertex 21 -6 5
      vertex 15.732 -6 19
    endloop
  endfacet
  facet normal 0 -1 0
    outer loop
      vertex 11.5 -6 0
      vertex 21 -6 5
      vertex 12.268 -6 19
    endloop
  endfacet
  facet normal 0 -1 0
    outer loop
      vertex 16 -6 0
      vertex 21 -6 5
      vertex 11.5 -6 0
    endloop
  endfacet
  facet normal 0 -1 0
    outer loop
      vertex 21 -6 5
      vertex 16 -6 0
      vertex 20.981 -6 4.56422
    endloop
  endfacet
  facet normal 0 -1 0
    outer loop
      vertex 11.5 -6 0
      vertex 12.268 -6 19
      vertex 11.5 -6 20.3301
    endloop
  endfacet
  facet normal 0 -1 0
    outer loop
      vertex 20.981 -6 4.56422
      vertex 16 -6 0
      vertex 20.924 -6 4.13176
    endloop
  endfacet
  facet normal 0 -1 0
    outer loop
      vertex 20.924 -6 4.13176
      vertex 16 -6 0
      vertex 20.8296 -6 3.70592
    endloop
  endfacet
  facet normal 0 -1 0
    outer loop
      vertex 20.8296 -6 3.70592
      vertex 16 -6 0
      vertex 20.6985 -6 3.2899
    endloop
  endfacet
  facet normal 0 -1 0
    outer loop
      vertex 20.6985 -6 3.2899
      vertex 16 -6 0
      vertex 20.5315 -6 2.88692
    endloop
  endfacet
  facet normal 0 -1 0
    outer loop
      vertex 20.5315 -6 2.88692
      vertex 16 -6 0
      vertex 20.3301 -6 2.5
    endloop
  endfacet
  facet normal 0 -1 0
    outer loop
      vertex 20.3301 -6 2.5
      vertex 16 -6 0
      vertex 20.0957 -6 2.13213
    endloop
  endfacet
  facet normal 0 -1 0
    outer loop
      vertex 19.8302 -6 1.78607
      vertex 16 -6 0
      vertex 19.5355 -6 1.46448
    endloop
  endfacet
  facet normal 0 -1 0
    outer loop
      vertex 19.5355 -6 1.46448
      vertex 16 -6 0
      vertex 19.2139 -6 1.16978
    endloop
  endfacet
  facet normal 0 -1 0
    outer loop
      vertex 19.2139 -6 1.16978
      vertex 16 -6 0
      vertex 18.8679 -6 0.904251
    endloop
  endfacet
  facet normal 0 -1 0
    outer loop
      vertex 18.8679 -6 0.904251
      vertex 16 -6 0
      vertex 18.5 -6 0.669876
    endloop
  endfacet
  facet normal 0 -1 0
    outer loop
      vertex 18.5 -6 0.669876
      vertex 16 -6 0
      vertex 18.1131 -6 0.468475
    endloop
  endfacet
  facet normal 0 -1 0
    outer loop
      vertex 18.1131 -6 0.468475
      vertex 16 -6 0
      vertex 17.7101 -6 0.301544
    endloop
  endfacet
  facet normal 0 -1 0
    outer loop
      vertex 17.7101 -6 0.301544
      vertex 16 -6 0
      vertex 17.2941 -6 0.17038
    endloop
  endfacet
  facet normal 0 -1 0
    outer loop
      vertex 17.2941 -6 0.17038
      vertex 16 -6 0
      vertex 16.8682 -6 0.0759735
    endloop
  endfacet
  facet normal 0 -1 0
    outer loop
      vertex 20.0957 -6 2.13213
      vertex 16 -6 0
      vertex 19.8302 -6 1.78607
    endloop
  endfacet
  facet normal 0 -1 0
    outer loop
      vertex 16.8682 -6 0.0759735
      vertex 16 -6 0
      vertex 16.4358 -6 0.0190277
    endloop
  endfacet
  facet normal 0 -1 0
    outer loop
      vertex 1.15628 -6 52.5683
      vertex 1.15628 -6 51.3911
      vertex 1.98697 -6 52.5683
    endloop
  endfacet
  facet normal 0 -1 0
    outer loop
      vertex 10.5359 -6 50
      vertex 2.99582 -6 53.003
      vertex 2.96004 -6 52.958
    endloop
  endfacet
  facet normal 0 -1 0
    outer loop
      vertex 10.5359 -6 50
      vertex 2.96004 -6 52.958
      vertex 2.92172 -6 52.9152
    endloop
  endfacet
  facet normal 0 -1 0
    outer loop
      vertex 10.5359 -6 50
      vertex 2.92172 -6 52.9152
      vertex 2.88086 -6 52.8748
    endloop
  endfacet
  facet normal 0 -1 0
    outer loop
      vertex 10.5359 -6 50
      vertex 2.88086 -6 52.8748
      vertex 2.83748 -6 52.8367
    endloop
  endfacet
  facet normal 0 -1 0
    outer loop
      vertex 10.5359 -6 50
      vertex 2.83748 -6 52.8367
      vertex 2.79153 -6 52.8008
    endloop
  endfacet
  facet normal 0 -1 0
    outer loop
      vertex 3.80356 -6 44.1568
      vertex 2.79153 -6 52.8008
      vertex 2.74306 -6 52.7673
    endloop
  endfacet
  facet normal 0 -1 0
    outer loop
      vertex 3.07818 -6 44.4572
      vertex 2.74306 -6 52.7673
      vertex 2.69205 -6 52.7361
    endloop
  endfacet
  facet normal 0 -1 0
    outer loop
      vertex 3.07818 -6 44.4572
      vertex 2.69205 -6 52.7361
      vertex 2.63849 -6 52.7072
    endloop
  endfacet
  facet normal 0 -1 0
    outer loop
      vertex 1.15628 -6 51.3911
      vertex 2.63849 -6 52.7072
      vertex 2.58264 -6 52.6808
    endloop
  endfacet
  facet normal 0 -1 0
    outer loop
      vertex 1.15628 -6 51.3911
      vertex 2.58264 -6 52.6808
      vertex 2.52472 -6 52.6572
    endloop
  endfacet
  facet normal 0 -1 0
    outer loop
      vertex 1.15628 -6 51.3911
      vertex 2.52472 -6 52.6572
      vertex 2.46472 -6 52.6364
    endloop
  endfacet
  facet normal 0 -1 0
    outer loop
      vertex 1.15628 -6 51.3911
      vertex 2.46472 -6 52.6364
      vertex 2.40266 -6 52.6183
    endloop
  endfacet
  facet normal 0 -1 0
    outer loop
      vertex 1.15628 -6 51.3911
      vertex 2.40266 -6 52.6183
      vertex 2.33855 -6 52.603
    endloop
  endfacet
  facet normal 0 -1 0
    outer loop
      vertex 1.15628 -6 51.3911
      vertex 2.33855 -6 52.603
      vertex 2.27237 -6 52.5905
    endloop
  endfacet
  facet normal 0 -1 0
    outer loop
      vertex 1.15628 -6 51.3911
      vertex 2.27237 -6 52.5905
      vertex 2.20412 -6 52.5808
    endloop
  endfacet
  facet normal 0 -1 0
    outer loop
      vertex 1.15628 -6 51.3911
      vertex 2.20412 -6 52.5808
      vertex 2.1338 -6 52.5739
    endloop
  endfacet
  facet normal 0 -1 0
    outer loop
      vertex 1.15628 -6 51.3911
      vertex 2.1338 -6 52.5739
      vertex 2.06142 -6 52.5697
    endloop
  endfacet
  facet normal 0 -1 0
    outer loop
      vertex 1.15628 -6 51.3911
      vertex 2.06142 -6 52.5697
      vertex 1.98697 -6 52.5683
    endloop
  endfacet
  facet normal 0 -1 -0
    outer loop
      vertex 2.63849 -6 52.7072
      vertex 1.15628 -6 51.3911
      vertex 3.07818 -6 44.4572
    endloop
  endfacet
  facet normal 0 -1 0
    outer loop
      vertex -1.06276 -6 51.3997
      vertex 0 -6 45
      vertex 0.4561 -6 51.3911
    endloop
  endfacet
  facet normal 0 -1 0
    outer loop
      vertex -0.784401 -6 44.9658
      vertex -1.30927 -6 51.3577
      vertex -1.44209 -6 51.3471
    endloop
  endfacet
  facet normal 0 -1 0
    outer loop
      vertex -0.784401 -6 44.9658
      vertex -1.44209 -6 51.3471
      vertex -1.58131 -6 51.3436
    endloop
  endfacet
  facet normal -0 -1 0
    outer loop
      vertex -1.56283 -6 44.8633
      vertex -1.96655 -6 51.374
      vertex -2.32937 -6 44.6933
    endloop
  endfacet
  facet normal 0 -1 0
    outer loop
      vertex 2.99582 -6 53.003
      vertex 10.5359 -6 50
      vertex 12.268 -6 53
    endloop
  endfacet
  facet normal 0 -1 0
    outer loop
      vertex -1.84462 -6 51.3571
      vertex -1.56283 -6 44.8633
      vertex -1.7162 -6 51.347
    endloop
  endfacet
  facet normal 0 -1 0
    outer loop
      vertex -5.16219 -6 43.3724
      vertex -10.5359 -6 50
      vertex -12.268 -6 47
    endloop
  endfacet
  facet normal 0 -1 0
    outer loop
      vertex 0.784401 -6 44.9658
      vertex 0.4561 -6 51.3911
      vertex 0 -6 45
    endloop
  endfacet
  facet normal 0 -1 0
    outer loop
      vertex -20.924 -6 52.8682
      vertex -15.732 -6 53
      vertex -20.8296 -6 53.2941
    endloop
  endfacet
  facet normal 0 -1 0
    outer loop
      vertex -17.4641 -6 50
      vertex -20.924 -6 52.8682
      vertex -20.981 -6 52.4358
    endloop
  endfacet
  facet normal 0 -1 0
    outer loop
      vertex -17.4641 -6 50
      vertex -20.981 -6 52.4358
      vertex -21 -6 52
    endloop
  endfacet
  facet normal 0 -1 0
    outer loop
      vertex -20.924 -6 52.8682
      vertex -17.4641 -6 50
      vertex -15.732 -6 53
    endloop
  endfacet
  facet normal 0 -1 0
    outer loop
      vertex -21 -6 52
      vertex -15.732 -6 47
      vertex -17.4641 -6 50
    endloop
  endfacet
  facet normal 0 -1 0
    outer loop
      vertex -11.5 -6 42
      vertex -12.268 -6 47
      vertex -15.732 -6 47
    endloop
  endfacet
  facet normal 0 -1 0
    outer loop
      vertex 1.56283 -6 44.8633
      vertex 1.15628 -6 51.3911
      vertex 0.784401 -6 44.9658
    endloop
  endfacet
  facet normal 0 -1 0
    outer loop
      vertex 2.32937 -6 44.6933
      vertex 1.15628 -6 51.3911
      vertex 1.56283 -6 44.8633
    endloop
  endfacet
  facet normal 0 -1 0
    outer loop
      vertex 0.4561 -6 51.3911
      vertex 0.784401 -6 44.9658
      vertex 1.15628 -6 51.3911
    endloop
  endfacet
  facet normal 0 -1 0
    outer loop
      vertex -1.30927 -6 51.3577
      vertex -0.784401 -6 44.9658
      vertex 0 -6 45
    endloop
  endfacet
  facet normal -0 -1 0
    outer loop
      vertex -0.784401 -6 44.9658
      vertex -1.58131 -6 51.3436
      vertex -1.56283 -6 44.8633
    endloop
  endfacet
  facet normal 0 -1 0
    outer loop
      vertex -1.7162 -6 51.347
      vertex -1.56283 -6 44.8633
      vertex -1.58131 -6 51.3436
    endloop
  endfacet
  facet normal 0 -1 0
    outer loop
      vertex -1.96655 -6 51.374
      vertex -1.56283 -6 44.8633
      vertex -1.84462 -6 51.3571
    endloop
  endfacet
  facet normal 0 -1 0
    outer loop
      vertex -10.5359 -6 50
      vertex -4.5 -6 43.7942
      vertex -3.80356 -6 44.1568
    endloop
  endfacet
  facet normal 0 -1 0
    outer loop
      vertex -10.5359 -6 50
      vertex -5.16219 -6 43.3724
      vertex -4.5 -6 43.7942
    endloop
  endfacet
  facet normal 0 -1 0
    outer loop
      vertex -12.268 -6 47
      vertex -5.78509 -6 42.8944
      vertex -5.16219 -6 43.3724
    endloop
  endfacet
  facet normal -0 -1 0
    outer loop
      vertex -6.36396 -6 42.364
      vertex -12.268 -6 47
      vertex -11.5 -6 42
    endloop
  endfacet
  facet normal 0 -1 0
    outer loop
      vertex -12.268 -6 47
      vertex -6.36396 -6 42.364
      vertex -5.78509 -6 42.8944
    endloop
  endfacet
  facet normal 0 -1 0
    outer loop
      vertex -15.732 -6 25
      vertex -15.732 -6 47
      vertex -21 -6 52
    endloop
  endfacet
  facet normal 0 -1 0
    outer loop
      vertex -15.732 -6 47
      vertex -15.732 -6 25
      vertex -11.5 -6 42
    endloop
  endfacet
  facet normal 0 -1 0
    outer loop
      vertex -21 -6 52
      vertex -17.4641 -6 22
      vertex -15.732 -6 25
    endloop
  endfacet
  facet normal 0 -1 -0
    outer loop
      vertex -15.732 -6 19
      vertex -21 -6 5
      vertex -12.268 -6 19
    endloop
  endfacet
  facet normal 0 -1 -0
    outer loop
      vertex -17.4641 -6 22
      vertex -21 -6 5
      vertex -15.732 -6 19
    endloop
  endfacet
  facet normal 0 -1 0
    outer loop
      vertex -21 -6 5
      vertex -17.4641 -6 22
      vertex -21 -6 52
    endloop
  endfacet
  facet normal 0 -1 0
    outer loop
      vertex -0.0836639 -6 52.6799
      vertex 0.4561 -6 54.7353
      vertex -0.0836639 -6 54.7353
    endloop
  endfacet
  facet normal 0 -1 0
    outer loop
      vertex 0.4561 -6 51.3911
      vertex -0.0836639 -6 52.6799
      vertex -0.0875854 -6 52.5555
    endloop
  endfacet
  facet normal 0 -1 0
    outer loop
      vertex 0.4561 -6 51.3911
      vertex -0.0875854 -6 52.5555
      vertex -0.0993652 -6 52.4369
    endloop
  endfacet
  facet normal 0 -1 0
    outer loop
      vertex 0.4561 -6 51.3911
      vertex -0.0993652 -6 52.4369
      vertex -0.119019 -6 52.324
    endloop
  endfacet
  facet normal 0 -1 0
    outer loop
      vertex -0.0836639 -6 52.6799
      vertex 0.4561 -6 51.3911
      vertex 0.4561 -6 54.7353
    endloop
  endfacet
  facet normal 0 -1 0
    outer loop
      vertex -0.146515 -6 52.2168
      vertex 0.4561 -6 51.3911
      vertex -0.119019 -6 52.324
    endloop
  endfacet
  facet normal 0 -1 0
    outer loop
      vertex -0.181854 -6 52.1153
      vertex 0.4561 -6 51.3911
      vertex -0.146515 -6 52.2168
    endloop
  endfacet
  facet normal 0 -1 0
    outer loop
      vertex -0.225067 -6 52.0195
      vertex 0.4561 -6 51.3911
      vertex -0.181854 -6 52.1153
    endloop
  endfacet
  facet normal 0 -1 0
    outer loop
      vertex -0.276138 -6 51.9295
      vertex 0.4561 -6 51.3911
      vertex -0.225067 -6 52.0195
    endloop
  endfacet
  facet normal 0 -1 0
    outer loop
      vertex -0.335052 -6 51.8452
      vertex 0.4561 -6 51.3911
      vertex -0.276138 -6 51.9295
    endloop
  endfacet
  facet normal 0 -1 0
    outer loop
      vertex -0.401825 -6 51.7666
      vertex 0.4561 -6 51.3911
      vertex -0.335052 -6 51.8452
    endloop
  endfacet
  facet normal 0 -1 0
    outer loop
      vertex -0.476471 -6 51.6937
      vertex 0.4561 -6 51.3911
      vertex -0.401825 -6 51.7666
    endloop
  endfacet
  facet normal 0 -1 0
    outer loop
      vertex -0.558212 -6 51.6272
      vertex 0.4561 -6 51.3911
      vertex -0.476471 -6 51.6937
    endloop
  endfacet
  facet normal 0 -1 0
    outer loop
      vertex -0.646362 -6 51.5677
      vertex 0.4561 -6 51.3911
      vertex -0.558212 -6 51.6272
    endloop
  endfacet
  facet normal 0 -1 0
    outer loop
      vertex -0.740875 -6 51.5152
      vertex 0.4561 -6 51.3911
      vertex -0.646362 -6 51.5677
    endloop
  endfacet
  facet normal 0 -1 0
    outer loop
      vertex -0.841782 -6 51.4697
      vertex 0.4561 -6 51.3911
      vertex -0.740875 -6 51.5152
    endloop
  endfacet
  facet normal 0 -1 0
    outer loop
      vertex -0.949081 -6 51.4312
      vertex 0.4561 -6 51.3911
      vertex -0.841782 -6 51.4697
    endloop
  endfacet
  facet normal 0 -1 0
    outer loop
      vertex -1.06276 -6 51.3997
      vertex 0.4561 -6 51.3911
      vertex -0.949081 -6 51.4312
    endloop
  endfacet
  facet normal 0 -1 0
    outer loop
      vertex 0 -6 45
      vertex -1.18282 -6 51.3752
      vertex -1.30927 -6 51.3577
    endloop
  endfacet
  facet normal 0 -1 0
    outer loop
      vertex 0 -6 45
      vertex -1.06276 -6 51.3997
      vertex -1.18282 -6 51.3752
    endloop
  endfacet
  facet normal 0 -1 0
    outer loop
      vertex -2.30518 -6 54.7353
      vertex -0.783829 -6 52.7226
      vertex -0.783829 -6 54.7353
    endloop
  endfacet
  facet normal 0 -1 0
    outer loop
      vertex -2.30518 -6 52.6989
      vertex -0.783829 -6 52.7226
      vertex -2.30518 -6 54.7353
    endloop
  endfacet
  facet normal 0 -1 0
    outer loop
      vertex -2.30518 -6 52.6989
      vertex -0.785858 -6 52.6443
      vertex -0.783829 -6 52.7226
    endloop
  endfacet
  facet normal 0 -1 0
    outer loop
      vertex -2.3033 -6 52.6215
      vertex -0.785858 -6 52.6443
      vertex -2.30518 -6 52.6989
    endloop
  endfacet
  facet normal 0 -1 0
    outer loop
      vertex -2.3033 -6 52.6215
      vertex -0.791901 -6 52.5696
      vertex -0.785858 -6 52.6443
    endloop
  endfacet
  facet normal 0 -1 0
    outer loop
      vertex -2.29764 -6 52.548
      vertex -0.791901 -6 52.5696
      vertex -2.3033 -6 52.6215
    endloop
  endfacet
  facet normal 0 -1 0
    outer loop
      vertex -1.48904 -6 51.894
      vertex -0.791901 -6 52.5696
      vertex -2.29764 -6 52.548
    endloop
  endfacet
  facet normal 0 -1 0
    outer loop
      vertex -1.5623 -6 51.8919
      vertex -2.29764 -6 52.548
      vertex -2.28819 -6 52.4782
    endloop
  endfacet
  facet normal 0 -1 0
    outer loop
      vertex -0.791901 -6 52.5696
      vertex -1.48904 -6 51.894
      vertex -0.801987 -6 52.4987
    endloop
  endfacet
  facet normal 0 -1 0
    outer loop
      vertex -1.63364 -6 51.8939
      vertex -2.28819 -6 52.4782
      vertex -2.27499 -6 52.4124
    endloop
  endfacet
  facet normal -0 -1 0
    outer loop
      vertex -1.41924 -6 51.9005
      vertex -0.801987 -6 52.4987
      vertex -1.48904 -6 51.894
    endloop
  endfacet
  facet normal 0 -1 0
    outer loop
      vertex -1.70143 -6 51.9001
      vertex -2.27499 -6 52.4124
      vertex -2.25801 -6 52.3503
    endloop
  endfacet
  facet normal 0 -1 0
    outer loop
      vertex -0.801987 -6 52.4987
      vertex -1.41924 -6 51.9005
      vertex -0.816116 -6 52.4315
    endloop
  endfacet
  facet normal 0 -1 0
    outer loop
      vertex -1.7657 -6 51.9104
      vertex -2.25801 -6 52.3503
      vertex -2.23726 -6 52.292
    endloop
  endfacet
  facet normal 0 -1 0
    outer loop
      vertex -0.816116 -6 52.4315
      vertex -1.41924 -6 51.9005
      vertex -0.834274 -6 52.3681
    endloop
  endfacet
  facet normal 0 -1 0
    outer loop
      vertex -1.82642 -6 51.9247
      vertex -2.23726 -6 52.292
      vertex -2.21272 -6 52.2376
    endloop
  endfacet
  facet normal 0 -1 0
    outer loop
      vertex -0.834274 -6 52.3681
      vertex -1.41924 -6 51.9005
      vertex -0.856461 -6 52.3083
    endloop
  endfacet
  facet normal 0 -1 0
    outer loop
      vertex -1.88361 -6 51.9432
      vertex -2.21272 -6 52.2376
      vertex -2.18442 -6 52.187
    endloop
  endfacet
  facet normal 0 -1 0
    outer loop
      vertex -0.856461 -6 52.3083
      vertex -1.41924 -6 51.9005
      vertex -0.88269 -6 52.2523
    endloop
  endfacet
  facet normal 0 -1 0
    outer loop
      vertex -1.88361 -6 51.9432
      vertex -2.18442 -6 52.187
      vertex -2.15234 -6 52.1402
    endloop
  endfacet
  facet normal 0 -1 0
    outer loop
      vertex -0.88269 -6 52.2523
      vertex -1.41924 -6 51.9005
      vertex -0.912949 -6 52.2001
    endloop
  endfacet
  facet normal 0 -1 0
    outer loop
      vertex -1.88361 -6 51.9432
      vertex -2.15234 -6 52.1402
      vertex -2.1165 -6 52.0972
    endloop
  endfacet
  facet normal 0 -1 0
    outer loop
      vertex -0.912949 -6 52.2001
      vertex -1.41924 -6 51.9005
      vertex -0.94725 -6 52.1515
    endloop
  endfacet
  facet normal 0 -1 0
    outer loop
      vertex -1.88361 -6 51.9432
      vertex -2.1165 -6 52.0972
      vertex -2.077 -6 52.0582
    endloop
  endfacet
  facet normal 0 -1 0
    outer loop
      vertex -0.94725 -6 52.1515
      vertex -1.41924 -6 51.9005
      vertex -0.98558 -6 52.1067
    endloop
  endfacet
  facet normal 0 -1 0
    outer loop
      vertex -1.88361 -6 51.9432
      vertex -2.077 -6 52.0582
      vertex -2.03395 -6 52.0233
    endloop
  endfacet
  facet normal 0 -1 0
    outer loop
      vertex -0.98558 -6 52.1067
      vertex -1.41924 -6 51.9005
      vertex -1.02765 -6 52.0659
    endloop
  endfacet
  facet normal 0 -1 0
    outer loop
      vertex -1.88361 -6 51.9432
      vertex -2.03395 -6 52.0233
      vertex -1.98737 -6 51.9925
    endloop
  endfacet
  facet normal 0 -1 0
    outer loop
      vertex -1.02765 -6 52.0659
      vertex -1.41924 -6 51.9005
      vertex -1.0732 -6 52.0293
    endloop
  endfacet
  facet normal 0 -1 0
    outer loop
      vertex -1.88361 -6 51.9432
      vertex -1.98737 -6 51.9925
      vertex -1.93726 -6 51.9658
    endloop
  endfacet
  facet normal 0 -1 0
    outer loop
      vertex -1.0732 -6 52.0293
      vertex -1.41924 -6 51.9005
      vertex -1.12221 -6 51.9971
    endloop
  endfacet
  facet normal 0 -1 0
    outer loop
      vertex -2.21272 -6 52.2376
      vertex -1.88361 -6 51.9432
      vertex -1.82642 -6 51.9247
    endloop
  endfacet
  facet normal 0 -1 0
    outer loop
      vertex -1.12221 -6 51.9971
      vertex -1.41924 -6 51.9005
      vertex -1.17468 -6 51.9692
    endloop
  endfacet
  facet normal 0 -1 0
    outer loop
      vertex -2.23726 -6 52.292
      vertex -1.82642 -6 51.9247
      vertex -1.7657 -6 51.9104
    endloop
  endfacet
  facet normal 0 -1 0
    outer loop
      vertex -1.17468 -6 51.9692
      vertex -1.41924 -6 51.9005
      vertex -1.23062 -6 51.9456
    endloop
  endfacet
  facet normal 0 -1 0
    outer loop
      vertex -2.25801 -6 52.3503
      vertex -1.7657 -6 51.9104
      vertex -1.70143 -6 51.9001
    endloop
  endfacet
  facet normal 0 -1 0
    outer loop
      vertex -1.29004 -6 51.9263
      vertex -1.41924 -6 51.9005
      vertex -1.35291 -6 51.9112
    endloop
  endfacet
  facet normal 0 -1 0
    outer loop
      vertex -2.27499 -6 52.4124
      vertex -1.70143 -6 51.9001
      vertex -1.63364 -6 51.8939
    endloop
  endfacet
  facet normal 0 -1 0
    outer loop
      vertex -1.23062 -6 51.9456
      vertex -1.41924 -6 51.9005
      vertex -1.29004 -6 51.9263
    endloop
  endfacet
  facet normal 0 -1 0
    outer loop
      vertex -2.28819 -6 52.4782
      vertex -1.63364 -6 51.8939
      vertex -1.5623 -6 51.8919
    endloop
  endfacet
  facet normal 0 -1 0
    outer loop
      vertex -2.29764 -6 52.548
      vertex -1.5623 -6 51.8919
      vertex -1.48904 -6 51.894
    endloop
  endfacet
  facet normal 0 -1 0
    outer loop
      vertex -15.732 -6 53
      vertex -16 -6 57
      vertex -16.4358 -6 56.981
    endloop
  endfacet
  facet normal 0 -1 0
    outer loop
      vertex -16 -6 57
      vertex -0.783829 -6 54.7353
      vertex 16 -6 57
    endloop
  endfacet
  facet normal 0 -1 0
    outer loop
      vertex -15.732 -6 53
      vertex -16.4358 -6 56.981
      vertex -16.8682 -6 56.924
    endloop
  endfacet
  facet normal 0 -1 0
    outer loop
      vertex -0.0836639 -6 54.7353
      vertex 16 -6 57
      vertex -0.783829 -6 54.7353
    endloop
  endfacet
  facet normal 0 -1 0
    outer loop
      vertex -15.732 -6 53
      vertex -16.8682 -6 56.924
      vertex -17.2941 -6 56.8296
    endloop
  endfacet
  facet normal 0 -1 0
    outer loop
      vertex 0.4561 -6 54.7353
      vertex 16 -6 57
      vertex -0.0836639 -6 54.7353
    endloop
  endfacet
  facet normal 0 -1 0
    outer loop
      vertex -15.732 -6 53
      vertex -17.2941 -6 56.8296
      vertex -17.7101 -6 56.6985
    endloop
  endfacet
  facet normal 0 -1 0
    outer loop
      vertex 1.95851 -6 54.7353
      vertex 16 -6 57
      vertex 0.4561 -6 54.7353
    endloop
  endfacet
  facet normal 0 -1 0
    outer loop
      vertex -15.732 -6 53
      vertex -17.7101 -6 56.6985
      vertex -18.1131 -6 56.5315
    endloop
  endfacet
  facet normal 0 -1 0
    outer loop
      vertex 2.07584 -6 54.7325
      vertex 16 -6 57
      vertex 1.95851 -6 54.7353
    endloop
  endfacet
  facet normal 0 -1 0
    outer loop
      vertex -15.732 -6 53
      vertex -18.1131 -6 56.5315
      vertex -18.5 -6 56.3301
    endloop
  endfacet
  facet normal 0 -1 0
    outer loop
      vertex 2.18764 -6 54.7242
      vertex 16 -6 57
      vertex 2.07584 -6 54.7325
    endloop
  endfacet
  facet normal 0 -1 0
    outer loop
      vertex -15.732 -6 53
      vertex -18.5 -6 56.3301
      vertex -18.8679 -6 56.0957
    endloop
  endfacet
  facet normal 0 -1 0
    outer loop
      vertex 2.2939 -6 54.7104
      vertex 16 -6 57
      vertex 2.18764 -6 54.7242
    endloop
  endfacet
  facet normal 0 -1 0
    outer loop
      vertex -15.732 -6 53
      vertex -18.8679 -6 56.0957
      vertex -19.2139 -6 55.8302
    endloop
  endfacet
  facet normal 0 -1 0
    outer loop
      vertex -16 -6 57
      vertex -2.30518 -6 54.7353
      vertex -0.783829 -6 54.7353
    endloop
  endfacet
  facet normal 0 -1 0
    outer loop
      vertex -15.732 -6 53
      vertex -19.2139 -6 55.8302
      vertex -19.5355 -6 55.5355
    endloop
  endfacet
  facet normal 0 -1 0
    outer loop
      vertex 2.39464 -6 54.691
      vertex 16 -6 57
      vertex 2.2939 -6 54.7104
    endloop
  endfacet
  facet normal 0 -1 0
    outer loop
      vertex -15.732 -6 53
      vertex -19.5355 -6 55.5355
      vertex -19.8302 -6 55.2139
    endloop
  endfacet
  facet normal 0 -1 0
    outer loop
      vertex -16 -6 57
      vertex -3.00536 -6 54.7353
      vertex -2.30518 -6 54.7353
    endloop
  endfacet
  facet normal 0 -1 0
    outer loop
      vertex -15.732 -6 53
      vertex -19.8302 -6 55.2139
      vertex -20.0957 -6 54.8679
    endloop
  endfacet
  facet normal 0 -1 0
    outer loop
      vertex 2.48985 -6 54.6661
      vertex 16 -6 57
      vertex 2.39464 -6 54.691
    endloop
  endfacet
  facet normal 0 -1 0
    outer loop
      vertex 2.57953 -6 54.6357
      vertex 16 -6 57
      vertex 2.48985 -6 54.6661
    endloop
  endfacet
  facet normal 0 -1 0
    outer loop
      vertex -15.732 -6 53
      vertex -20.0957 -6 54.8679
      vertex -20.3301 -6 54.5
    endloop
  endfacet
  facet normal 0 -1 0
    outer loop
      vertex -15.732 -6 53
      vertex -20.3301 -6 54.5
      vertex -20.5315 -6 54.1131
    endloop
  endfacet
  facet normal 0 -1 0
    outer loop
      vertex -15.732 -6 53
      vertex -20.5315 -6 54.1131
      vertex -20.6985 -6 53.7101
    endloop
  endfacet
  facet normal 0 -1 0
    outer loop
      vertex -15.732 -6 53
      vertex -20.6985 -6 53.7101
      vertex -20.8296 -6 53.2941
    endloop
  endfacet
  facet normal 0 -1 0
    outer loop
      vertex -16 -6 57
      vertex -15.732 -6 53
      vertex -12.268 -6 53
    endloop
  endfacet
  facet normal 0 -1 0
    outer loop
      vertex -16 -6 57
      vertex -12.268 -6 53
      vertex -3.00536 -6 54.7353
    endloop
  endfacet
  facet normal 0 -1 0
    outer loop
      vertex -12.268 -6 53
      vertex -3.00536 -6 52.6443
      vertex -3.00536 -6 54.7353
    endloop
  endfacet
  facet normal 0 -1 0
    outer loop
      vertex -10.5359 -6 50
      vertex -3.00536 -6 52.6443
      vertex -12.268 -6 53
    endloop
  endfacet
  facet normal 0 -1 -0
    outer loop
      vertex -3.00536 -6 52.6443
      vertex -10.5359 -6 50
      vertex -3.00169 -6 52.5219
    endloop
  endfacet
  facet normal 0 -1 -0
    outer loop
      vertex -3.00169 -6 52.5219
      vertex -10.5359 -6 50
      vertex -2.99069 -6 52.4052
    endloop
  endfacet
  facet normal 0 -1 -0
    outer loop
      vertex -2.99069 -6 52.4052
      vertex -10.5359 -6 50
      vertex -2.97235 -6 52.2944
    endloop
  endfacet
  facet normal 0 -1 -0
    outer loop
      vertex -2.97235 -6 52.2944
      vertex -10.5359 -6 50
      vertex -2.94669 -6 52.1893
    endloop
  endfacet
  facet normal 0 -1 -0
    outer loop
      vertex -2.94669 -6 52.1893
      vertex -10.5359 -6 50
      vertex -2.91368 -6 52.0901
    endloop
  endfacet
  facet normal 0 -1 -0
    outer loop
      vertex -2.91368 -6 52.0901
      vertex -10.5359 -6 50
      vertex -2.87335 -6 51.9966
    endloop
  endfacet
  facet normal 0 -1 -0
    outer loop
      vertex -2.87335 -6 51.9966
      vertex -10.5359 -6 50
      vertex -2.82567 -6 51.909
    endloop
  endfacet
  facet normal 0 -1 -0
    outer loop
      vertex -2.82567 -6 51.909
      vertex -10.5359 -6 50
      vertex -2.77068 -6 51.8271
    endloop
  endfacet
  facet normal 0 -1 -0
    outer loop
      vertex -2.77068 -6 51.8271
      vertex -10.5359 -6 50
      vertex -2.70833 -6 51.751
    endloop
  endfacet
  facet normal 0 -1 -0
    outer loop
      vertex -2.70833 -6 51.751
      vertex -10.5359 -6 50
      vertex -2.63866 -6 51.6806
    endloop
  endfacet
  facet normal 0 -1 0
    outer loop
      vertex -3.80356 -6 44.1568
      vertex -2.63866 -6 51.6806
      vertex -10.5359 -6 50
    endloop
  endfacet
  facet normal 0 -1 -0
    outer loop
      vertex -2.63866 -6 51.6806
      vertex -3.80356 -6 44.1568
      vertex -2.56209 -6 51.6166
    endloop
  endfacet
  facet normal -0 -1 0
    outer loop
      vertex -3.07818 -6 44.4572
      vertex -2.56209 -6 51.6166
      vertex -3.80356 -6 44.1568
    endloop
  endfacet
  facet normal 0 -1 -0
    outer loop
      vertex -2.56209 -6 51.6166
      vertex -3.07818 -6 44.4572
      vertex -2.47902 -6 51.5593
    endloop
  endfacet
  facet normal 0 -1 -0
    outer loop
      vertex -2.47902 -6 51.5593
      vertex -3.07818 -6 44.4572
      vertex -2.38948 -6 51.5088
    endloop
  endfacet
  facet normal 0 -1 -0
    outer loop
      vertex -2.38948 -6 51.5088
      vertex -3.07818 -6 44.4572
      vertex -2.29347 -6 51.465
    endloop
  endfacet
  facet normal 0 -1 -0
    outer loop
      vertex -2.082 -6 51.3976
      vertex -2.32937 -6 44.6933
      vertex -1.96655 -6 51.374
    endloop
  endfacet
  facet normal 0 -1 -0
    outer loop
      vertex -2.19098 -6 51.4279
      vertex -2.32937 -6 44.6933
      vertex -2.082 -6 51.3976
    endloop
  endfacet
  facet normal 0 -1 -0
    outer loop
      vertex -2.29347 -6 51.465
      vertex -2.32937 -6 44.6933
      vertex -2.19098 -6 51.4279
    endloop
  endfacet
  facet normal -0 -1 0
    outer loop
      vertex -2.32937 -6 44.6933
      vertex -2.29347 -6 51.465
      vertex -3.07818 -6 44.4572
    endloop
  endfacet
  facet normal 0 -1 0
    outer loop
      vertex 2.66367 -6 54.5998
      vertex 16 -6 57
      vertex 2.57953 -6 54.6357
    endloop
  endfacet
  facet normal 0 -1 0
    outer loop
      vertex 2.74229 -6 54.5583
      vertex 16 -6 57
      vertex 2.66367 -6 54.5998
    endloop
  endfacet
  facet normal 0 -1 0
    outer loop
      vertex 2.81537 -6 54.5113
      vertex 16 -6 57
      vertex 2.74229 -6 54.5583
    endloop
  endfacet
  facet normal 0 -1 0
    outer loop
      vertex 2.88293 -6 54.4588
      vertex 16 -6 57
      vertex 2.81537 -6 54.5113
    endloop
  endfacet
  facet normal 0 -1 0
    outer loop
      vertex 2.94449 -6 54.4012
      vertex 16 -6 57
      vertex 2.88293 -6 54.4588
    endloop
  endfacet
  facet normal 0 -1 0
    outer loop
      vertex 15.732 -6 53
      vertex 16 -6 57
      vertex 12.268 -6 53
    endloop
  endfacet
  facet normal 0 -1 -0
    outer loop
      vertex 16.4358 -6 56.981
      vertex 15.732 -6 53
      vertex 16.8682 -6 56.924
    endloop
  endfacet
  facet normal 0 -1 -0
    outer loop
      vertex 17.2941 -6 56.8296
      vertex 15.732 -6 53
      vertex 17.7101 -6 56.6985
    endloop
  endfacet
  facet normal 0 -1 -0
    outer loop
      vertex 17.7101 -6 56.6985
      vertex 15.732 -6 53
      vertex 18.1131 -6 56.5315
    endloop
  endfacet
  facet normal 0 -1 -0
    outer loop
      vertex 18.5 -6 56.3301
      vertex 15.732 -6 53
      vertex 18.8679 -6 56.0957
    endloop
  endfacet
  facet normal 0 -1 -0
    outer loop
      vertex 18.8679 -6 56.0957
      vertex 15.732 -6 53
      vertex 19.2139 -6 55.8302
    endloop
  endfacet
  facet normal 0 -1 -0
    outer loop
      vertex 19.2139 -6 55.8302
      vertex 15.732 -6 53
      vertex 19.5355 -6 55.5355
    endloop
  endfacet
  facet normal 0 -1 -0
    outer loop
      vertex 18.1131 -6 56.5315
      vertex 15.732 -6 53
      vertex 18.5 -6 56.3301
    endloop
  endfacet
  facet normal 0 -1 -0
    outer loop
      vertex 16.8682 -6 56.924
      vertex 15.732 -6 53
      vertex 17.2941 -6 56.8296
    endloop
  endfacet
  facet normal 0 -1 -0
    outer loop
      vertex 19.5355 -6 55.5355
      vertex 15.732 -6 53
      vertex 19.8302 -6 55.2139
    endloop
  endfacet
  facet normal 0 -1 -0
    outer loop
      vertex 16 -6 57
      vertex 15.732 -6 53
      vertex 16.4358 -6 56.981
    endloop
  endfacet
  facet normal 0 -1 0
    outer loop
      vertex 16 -6 57
      vertex 2.94449 -6 54.4012
      vertex 12.268 -6 53
    endloop
  endfacet
  facet normal 0 -1 0
    outer loop
      vertex 12.268 -6 53
      vertex 2.94449 -6 54.4012
      vertex 2.99957 -6 54.339
    endloop
  endfacet
  facet normal 0 -1 0
    outer loop
      vertex 12.268 -6 53
      vertex 2.99957 -6 54.339
      vertex 3.04817 -6 54.2722
    endloop
  endfacet
  facet normal 0 -1 0
    outer loop
      vertex 12.268 -6 53
      vertex 3.04817 -6 54.2722
      vertex 3.09029 -6 54.2009
    endloop
  endfacet
  facet normal 0 -1 0
    outer loop
      vertex 12.268 -6 53
      vertex 3.09029 -6 54.2009
      vertex 3.12593 -6 54.125
    endloop
  endfacet
  facet normal 0 -1 -0
    outer loop
      vertex 19.8302 -6 55.2139
      vertex 15.732 -6 53
      vertex 20.0957 -6 54.8679
    endloop
  endfacet
  facet normal 0 -1 0
    outer loop
      vertex 12.268 -6 53
      vertex 3.12593 -6 54.125
      vertex 3.15509 -6 54.0445
    endloop
  endfacet
  facet normal 0 -1 0
    outer loop
      vertex 12.268 -6 53
      vertex 3.15509 -6 54.0445
      vertex 3.17776 -6 53.9594
    endloop
  endfacet
  facet normal 0 -1 0
    outer loop
      vertex 12.268 -6 53
      vertex 3.17776 -6 53.9594
      vertex 3.19397 -6 53.8698
    endloop
  endfacet
  facet normal 0 -1 0
    outer loop
      vertex 12.268 -6 53
      vertex 3.19397 -6 53.8698
      vertex 3.20369 -6 53.7755
    endloop
  endfacet
  facet normal 0 -1 -0
    outer loop
      vertex 20.0957 -6 54.8679
      vertex 15.732 -6 53
      vertex 20.3301 -6 54.5
    endloop
  endfacet
  facet normal 0 -1 0
    outer loop
      vertex 12.268 -6 53
      vertex 3.20369 -6 53.7755
      vertex 3.20692 -6 53.6767
    endloop
  endfacet
  facet normal 0 -1 0
    outer loop
      vertex 12.268 -6 53
      vertex 3.20692 -6 53.6767
      vertex 3.20546 -6 53.6128
    endloop
  endfacet
  facet normal 0 -1 0
    outer loop
      vertex 12.268 -6 53
      vertex 3.20546 -6 53.6128
      vertex 3.20103 -6 53.5503
    endloop
  endfacet
  facet normal 0 -1 0
    outer loop
      vertex 12.268 -6 53
      vertex 3.20103 -6 53.5503
      vertex 3.19368 -6 53.4892
    endloop
  endfacet
  facet normal 0 -1 0
    outer loop
      vertex 12.268 -6 53
      vertex 3.19368 -6 53.4892
      vertex 3.18338 -6 53.4295
    endloop
  endfacet
  facet normal 0 -1 0
    outer loop
      vertex 12.268 -6 53
      vertex 3.18338 -6 53.4295
      vertex 3.17014 -6 53.3711
    endloop
  endfacet
  facet normal 0 -1 0
    outer loop
      vertex 12.268 -6 53
      vertex 3.17014 -6 53.3711
      vertex 3.15395 -6 53.3141
    endloop
  endfacet
  facet normal 0 -1 -0
    outer loop
      vertex 20.3301 -6 54.5
      vertex 15.732 -6 53
      vertex 20.5315 -6 54.1131
    endloop
  endfacet
  facet normal 0 -1 0
    outer loop
      vertex 12.268 -6 53
      vertex 3.15395 -6 53.3141
      vertex 3.13481 -6 53.2585
    endloop
  endfacet
  facet normal 0 -1 0
    outer loop
      vertex 12.268 -6 53
      vertex 3.13481 -6 53.2585
      vertex 3.11273 -6 53.2043
    endloop
  endfacet
  facet normal 0 -1 0
    outer loop
      vertex 12.268 -6 53
      vertex 3.11273 -6 53.2043
      vertex 3.08771 -6 53.1514
    endloop
  endfacet
  facet normal 0 -1 0
    outer loop
      vertex 12.268 -6 53
      vertex 3.08771 -6 53.1514
      vertex 3.05975 -6 53.1
    endloop
  endfacet
  facet normal 0 -1 0
    outer loop
      vertex 12.268 -6 53
      vertex 3.05975 -6 53.1
      vertex 3.02905 -6 53.0503
    endloop
  endfacet
  facet normal 0 -1 0
    outer loop
      vertex 12.268 -6 53
      vertex 3.02905 -6 53.0503
      vertex 2.99582 -6 53.003
    endloop
  endfacet
  facet normal 0 -1 -0
    outer loop
      vertex 20.5315 -6 54.1131
      vertex 15.732 -6 53
      vertex 20.6985 -6 53.7101
    endloop
  endfacet
  facet normal 0 -1 -0
    outer loop
      vertex 20.6985 -6 53.7101
      vertex 15.732 -6 53
      vertex 20.8296 -6 53.2941
    endloop
  endfacet
  facet normal 0 -1 0
    outer loop
      vertex 15.732 -6 53
      vertex 20.924 -6 52.8682
      vertex 20.8296 -6 53.2941
    endloop
  endfacet
  facet normal 0 -1 0
    outer loop
      vertex 17.4641 -6 50
      vertex 20.924 -6 52.8682
      vertex 15.732 -6 53
    endloop
  endfacet
  facet normal 0 -1 -0
    outer loop
      vertex 20.924 -6 52.8682
      vertex 17.4641 -6 50
      vertex 20.981 -6 52.4358
    endloop
  endfacet
  facet normal 0 -1 -0
    outer loop
      vertex 20.981 -6 52.4358
      vertex 17.4641 -6 50
      vertex 21 -6 52
    endloop
  endfacet
  facet normal 0 -1 0
    outer loop
      vertex 15.732 -6 47
      vertex 21 -6 52
      vertex 17.4641 -6 50
    endloop
  endfacet
  facet normal 0 -1 0
    outer loop
      vertex 3.07818 -6 44.4572
      vertex 1.15628 -6 51.3911
      vertex 2.32937 -6 44.6933
    endloop
  endfacet
  facet normal 0 -1 0
    outer loop
      vertex 2.74306 -6 52.7673
      vertex 3.07818 -6 44.4572
      vertex 3.80356 -6 44.1568
    endloop
  endfacet
  facet normal 0 -1 0
    outer loop
      vertex 2.79153 -6 52.8008
      vertex 3.80356 -6 44.1568
      vertex 10.5359 -6 50
    endloop
  endfacet
  facet normal 0 -1 0
    outer loop
      vertex 4.5 -6 43.7942
      vertex 10.5359 -6 50
      vertex 3.80356 -6 44.1568
    endloop
  endfacet
  facet normal 0 -1 0
    outer loop
      vertex 5.16219 -6 43.3724
      vertex 10.5359 -6 50
      vertex 4.5 -6 43.7942
    endloop
  endfacet
  facet normal 0 -1 -0
    outer loop
      vertex 10.5359 -6 50
      vertex 5.16219 -6 43.3724
      vertex 12.268 -6 47
    endloop
  endfacet
  facet normal 0 -1 0
    outer loop
      vertex 5.78509 -6 42.8944
      vertex 12.268 -6 47
      vertex 5.16219 -6 43.3724
    endloop
  endfacet
  facet normal 0 -1 0
    outer loop
      vertex 6.36396 -6 42.364
      vertex 12.268 -6 47
      vertex 5.78509 -6 42.8944
    endloop
  endfacet
  facet normal 0 -1 0
    outer loop
      vertex 12.268 -6 47
      vertex 6.36396 -6 42.364
      vertex 11.5 -6 42
    endloop
  endfacet
  facet normal 0 -1 0
    outer loop
      vertex 11.5 -6 42
      vertex 6.36396 -6 42.364
      vertex 6.69747 -6 42
    endloop
  endfacet
  facet normal 0 -1 -0
    outer loop
      vertex 12.268 -6 47
      vertex 11.5 -6 42
      vertex 15.732 -6 47
    endloop
  endfacet
  facet normal 0 -1 0
    outer loop
      vertex 15.732 -6 25
      vertex 15.732 -6 47
      vertex 11.5 -6 42
    endloop
  endfacet
  facet normal 0 -1 0
    outer loop
      vertex 15.732 -6 25
      vertex 11.5 -6 42
      vertex 12.268 -6 25
    endloop
  endfacet
  facet normal 0 -1 0
    outer loop
      vertex 15.732 -6 47
      vertex 15.732 -6 25
      vertex 21 -6 52
    endloop
  endfacet
  facet normal 0 -1 0
    outer loop
      vertex 17.4641 -6 22
      vertex 21 -6 52
      vertex 15.732 -6 25
    endloop
  endfacet
  facet normal 0 -1 0
    outer loop
      vertex 17.4641 -6 22
      vertex 21 -6 5
      vertex 21 -6 52
    endloop
  endfacet
  facet normal 0 -1 0
    outer loop
      vertex 21 -6 5
      vertex 17.4641 -6 22
      vertex 15.732 -6 19
    endloop
  endfacet
  facet normal 0 -1 0
    outer loop
      vertex -8.5 -6 4
      vertex 8.5 -6 24
      vertex -8.5 -6 24
    endloop
  endfacet
  facet normal 0 -1 -0
    outer loop
      vertex 8.5 -6 24
      vertex -8.5 -6 4
      vertex 8.5 -6 4
    endloop
  endfacet
  facet normal 0 -1 0
    outer loop
      vertex 1.15628 -6 53.1071
      vertex 1.88019 -6 54.1918
      vertex 1.15628 -6 54.1918
    endloop
  endfacet
  facet normal 0 -1 0
    outer loop
      vertex 1.88019 -6 54.1918
      vertex 1.89915 -6 53.1071
      vertex 1.99834 -6 54.1865
    endloop
  endfacet
  facet normal -0 -1 0
    outer loop
      vertex 1.95573 -6 53.1085
      vertex 1.99834 -6 54.1865
      vertex 1.89915 -6 53.1071
    endloop
  endfacet
  facet normal -0 -1 0
    outer loop
      vertex 2.00966 -6 53.1128
      vertex 1.99834 -6 54.1865
      vertex 1.95573 -6 53.1085
    endloop
  endfacet
  facet normal -0 -1 0
    outer loop
      vertex 2.50046 -6 53.612
      vertex 1.99834 -6 54.1865
      vertex 2.00966 -6 53.1128
    endloop
  endfacet
  facet normal 0 -1 0
    outer loop
      vertex 1.99834 -6 54.1865
      vertex 2.50203 -6 53.6648
      vertex 2.10405 -6 54.1707
    endloop
  endfacet
  facet normal -0 -1 -0
    outer loop
      vertex 2.4958 -6 53.7649
      vertex 2.10405 -6 54.1707
      vertex 2.50203 -6 53.6648
    endloop
  endfacet
  facet normal -0 -1 -0
    outer loop
      vertex 2.47716 -6 53.8545
      vertex 2.19733 -6 54.1443
      vertex 2.4958 -6 53.7649
    endloop
  endfacet
  facet normal 0 -1 0
    outer loop
      vertex 2.27817 -6 54.1074
      vertex 2.47716 -6 53.8545
      vertex 2.34657 -6 54.06
    endloop
  endfacet
  facet normal 0 -1 0
    outer loop
      vertex 2.34657 -6 54.06
      vertex 2.44606 -6 53.9336
      vertex 2.40253 -6 54.0021
    endloop
  endfacet
  facet normal -0 -1 -0
    outer loop
      vertex 2.44606 -6 53.9336
      vertex 2.34657 -6 54.06
      vertex 2.47716 -6 53.8545
    endloop
  endfacet
  facet normal 0 -1 0
    outer loop
      vertex 2.19733 -6 54.1443
      vertex 2.47716 -6 53.8545
      vertex 2.27817 -6 54.1074
    endloop
  endfacet
  facet normal 0 -1 0
    outer loop
      vertex 2.10405 -6 54.1707
      vertex 2.4958 -6 53.7649
      vertex 2.19733 -6 54.1443
    endloop
  endfacet
  facet normal 0 -1 0
    outer loop
      vertex 1.99834 -6 54.1865
      vertex 2.50046 -6 53.612
      vertex 2.50203 -6 53.6648
    endloop
  endfacet
  facet normal -0 -1 0
    outer loop
      vertex 2.06093 -6 53.12
      vertex 2.50046 -6 53.612
      vertex 2.00966 -6 53.1128
    endloop
  endfacet
  facet normal 0 -1 0
    outer loop
      vertex 2.50046 -6 53.612
      vertex 2.06093 -6 53.12
      vertex 2.49576 -6 53.5617
    endloop
  endfacet
  facet normal -0 -1 0
    outer loop
      vertex 2.10953 -6 53.13
      vertex 2.49576 -6 53.5617
      vertex 2.06093 -6 53.12
    endloop
  endfacet
  facet normal 0 -1 0
    outer loop
      vertex 2.49576 -6 53.5617
      vertex 2.10953 -6 53.13
      vertex 2.48793 -6 53.5139
    endloop
  endfacet
  facet normal -0 -1 0
    outer loop
      vertex 2.15549 -6 53.143
      vertex 2.48793 -6 53.5139
      vertex 2.10953 -6 53.13
    endloop
  endfacet
  facet normal 0 -1 0
    outer loop
      vertex 2.48793 -6 53.5139
      vertex 2.15549 -6 53.143
      vertex 2.47696 -6 53.4687
    endloop
  endfacet
  facet normal -0 -1 0
    outer loop
      vertex 2.19878 -6 53.1588
      vertex 2.47696 -6 53.4687
      vertex 2.15549 -6 53.143
    endloop
  endfacet
  facet normal 0 -1 0
    outer loop
      vertex 2.47696 -6 53.4687
      vertex 2.19878 -6 53.1588
      vertex 2.46286 -6 53.426
    endloop
  endfacet
  facet normal 0 -1 0
    outer loop
      vertex 2.44563 -6 53.3859
      vertex 2.19878 -6 53.1588
      vertex 2.42526 -6 53.3483
    endloop
  endfacet
  facet normal 0 -1 0
    outer loop
      vertex 2.42526 -6 53.3483
      vertex 2.19878 -6 53.1588
      vertex 2.40176 -6 53.3132
    endloop
  endfacet
  facet normal 0 -1 0
    outer loop
      vertex 2.3127 -6 53.2234
      vertex 2.23941 -6 53.1774
      vertex 2.27739 -6 53.199
    endloop
  endfacet
  facet normal 0 -1 0
    outer loop
      vertex 2.34537 -6 53.2507
      vertex 2.19878 -6 53.1588
      vertex 2.3127 -6 53.2234
    endloop
  endfacet
  facet normal 0 -1 0
    outer loop
      vertex 2.37514 -6 53.2807
      vertex 2.19878 -6 53.1588
      vertex 2.34537 -6 53.2507
    endloop
  endfacet
  facet normal 0 -1 0
    outer loop
      vertex 2.3127 -6 53.2234
      vertex 2.19878 -6 53.1588
      vertex 2.23941 -6 53.1774
    endloop
  endfacet
  facet normal 0 -1 0
    outer loop
      vertex 2.40176 -6 53.3132
      vertex 2.19878 -6 53.1588
      vertex 2.37514 -6 53.2807
    endloop
  endfacet
  facet normal 0 -1 -0
    outer loop
      vertex 1.88019 -6 54.1918
      vertex 1.15628 -6 53.1071
      vertex 1.89915 -6 53.1071
    endloop
  endfacet
  facet normal 0 -1 0
    outer loop
      vertex 2.46286 -6 53.426
      vertex 2.19878 -6 53.1588
      vertex 2.44563 -6 53.3859
    endloop
  endfacet
  facet normal 0.60881 0 -0.793316
    outer loop
      vertex 18.8679 -6 0.904251
      vertex 19.2139 0 1.16978
      vertex 19.2139 -6 1.16978
    endloop
  endfacet
  facet normal 0.60881 0 -0.793316
    outer loop
      vertex 19.2139 0 1.16978
      vertex 18.8679 -6 0.904251
      vertex 18.8679 0 0.904251
    endloop
  endfacet
  facet normal -0.300705 0 -0.953717
    outer loop
      vertex -17.7101 -6 0.301544
      vertex -17.2941 0 0.17038
      vertex -17.2941 -6 0.17038
    endloop
  endfacet
  facet normal -0.300705 0 -0.953717
    outer loop
      vertex -17.2941 0 0.17038
      vertex -17.7101 -6 0.301544
      vertex -17.7101 0 0.301544
    endloop
  endfacet
  facet normal -0.0435566 0 0.999051
    outer loop
      vertex -16.4358 0 56.981
      vertex -16 -6 57
      vertex -16 0 57
    endloop
  endfacet
  facet normal -0.0435566 0 0.999051
    outer loop
      vertex -16 -6 57
      vertex -16.4358 0 56.981
      vertex -16.4358 -6 56.981
    endloop
  endfacet
  facet normal 0.843369 -0 0.537335
    outer loop
      vertex 20.0957 -6 54.8679
      vertex 20.3301 0 54.5
      vertex 20.0957 0 54.8679
    endloop
  endfacet
  facet normal 0.843369 0 0.537335
    outer loop
      vertex 20.3301 0 54.5
      vertex 20.0957 -6 54.8679
      vertex 20.3301 -6 54.5
    endloop
  endfacet
  facet normal 0.537294 0 -0.843395
    outer loop
      vertex 18.5 -6 0.669876
      vertex 18.8679 0 0.904251
      vertex 18.8679 -6 0.904251
    endloop
  endfacet
  facet normal 0.537294 0 -0.843395
    outer loop
      vertex 18.8679 0 0.904251
      vertex 18.5 -6 0.669876
      vertex 18.5 0 0.669876
    endloop
  endfacet
  facet normal 0.537335 0 0.843369
    outer loop
      vertex 18.5 0 56.3301
      vertex 18.8679 -6 56.0957
      vertex 18.8679 0 56.0957
    endloop
  endfacet
  facet normal 0.537335 0 0.843369
    outer loop
      vertex 18.8679 -6 56.0957
      vertex 18.5 0 56.3301
      vertex 18.5 -6 56.3301
    endloop
  endfacet
  facet normal 0.843349 0 -0.537366
    outer loop
      vertex 20.3301 -6 2.5
      vertex 20.0957 0 2.13213
      vertex 20.3301 0 2.5
    endloop
  endfacet
  facet normal 0.843349 0 -0.537366
    outer loop
      vertex 20.0957 0 2.13213
      vertex 20.3301 -6 2.5
      vertex 20.0957 -6 2.13213
    endloop
  endfacet
  facet normal -0.976306 0 0.216396
    outer loop
      vertex -20.924 -6 52.8682
      vertex -20.8296 0 53.2941
      vertex -20.924 0 52.8682
    endloop
  endfacet
  facet normal -0.976306 0 0.216396
    outer loop
      vertex -20.8296 0 53.2941
      vertex -20.924 -6 52.8682
      vertex -20.8296 -6 53.2941
    endloop
  endfacet
  facet normal 0.6756 0 0.737268
    outer loop
      vertex 19.2139 0 55.8302
      vertex 19.5355 -6 55.5355
      vertex 19.5355 0 55.5355
    endloop
  endfacet
  facet normal 0.6756 0 0.737268
    outer loop
      vertex 19.5355 -6 55.5355
      vertex 19.2139 0 55.8302
      vertex 19.2139 -6 55.8302
    endloop
  endfacet
  facet normal 0.887018 -0 0.461735
    outer loop
      vertex 20.3301 -6 54.5
      vertex 20.5315 0 54.1131
      vertex 20.3301 0 54.5
    endloop
  endfacet
  facet normal 0.887018 0 0.461735
    outer loop
      vertex 20.5315 0 54.1131
      vertex 20.3301 -6 54.5
      vertex 20.5315 -6 54.1131
    endloop
  endfacet
  facet normal 0.923821 -0 0.382824
    outer loop
      vertex 20.5315 -6 54.1131
      vertex 20.6985 0 53.7101
      vertex 20.5315 0 54.1131
    endloop
  endfacet
  facet normal 0.923821 0 0.382824
    outer loop
      vertex 20.6985 0 53.7101
      vertex 20.5315 -6 54.1131
      vertex 20.6985 -6 53.7101
    endloop
  endfacet
  facet normal 0.461737 0 -0.887017
    outer loop
      vertex 18.1131 -6 0.468475
      vertex 18.5 0 0.669876
      vertex 18.5 -6 0.669876
    endloop
  endfacet
  facet normal 0.461737 0 -0.887017
    outer loop
      vertex 18.5 0 0.669876
      vertex 18.1131 -6 0.468475
      vertex 18.1131 0 0.468475
    endloop
  endfacet
  facet normal 0.608768 0 0.793348
    outer loop
      vertex 18.8679 0 56.0957
      vertex 19.2139 -6 55.8302
      vertex 19.2139 0 55.8302
    endloop
  endfacet
  facet normal 0.608768 0 0.793348
    outer loop
      vertex 19.2139 -6 55.8302
      vertex 18.8679 0 56.0957
      vertex 18.8679 -6 56.0957
    endloop
  endfacet
  facet normal 0.991425 0 -0.130674
    outer loop
      vertex 20.981 -6 4.56422
      vertex 20.924 0 4.13176
      vertex 20.981 0 4.56422
    endloop
  endfacet
  facet normal 0.991425 0 -0.130674
    outer loop
      vertex 20.924 0 4.13176
      vertex 20.981 -6 4.56422
      vertex 20.924 -6 4.13176
    endloop
  endfacet
  facet normal 0.04362 0 -0.999048
    outer loop
      vertex 16 -6 0
      vertex 16.4358 0 0.0190277
      vertex 16.4358 -6 0.0190277
    endloop
  endfacet
  facet normal 0.04362 0 -0.999048
    outer loop
      vertex 16.4358 0 0.0190277
      vertex 16 -6 0
      vertex 16 0 0
    endloop
  endfacet
  facet normal 0.793399 0 -0.608702
    outer loop
      vertex 20.0957 -6 2.13213
      vertex 19.8302 0 1.78607
      vertex 20.0957 0 2.13213
    endloop
  endfacet
  facet normal 0.793399 0 -0.608702
    outer loop
      vertex 19.8302 0 1.78607
      vertex 20.0957 -6 2.13213
      vertex 19.8302 -6 1.78607
    endloop
  endfacet
  facet normal -0.991423 0 0.130692
    outer loop
      vertex -20.981 -6 52.4358
      vertex -20.924 0 52.8682
      vertex -20.981 0 52.4358
    endloop
  endfacet
  facet normal -0.991423 0 0.130692
    outer loop
      vertex -20.924 0 52.8682
      vertex -20.981 -6 52.4358
      vertex -20.924 -6 52.8682
    endloop
  endfacet
  facet normal 0.0435566 0 0.999051
    outer loop
      vertex 16 0 57
      vertex 16.4358 -6 56.981
      vertex 16.4358 0 56.981
    endloop
  endfacet
  facet normal 0.0435566 0 0.999051
    outer loop
      vertex 16.4358 -6 56.981
      vertex 16 0 57
      vertex 16 -6 57
    endloop
  endfacet
  facet normal 0.216411 0 -0.976302
    outer loop
      vertex 16.8682 -6 0.0759735
      vertex 17.2941 0 0.17038
      vertex 17.2941 -6 0.17038
    endloop
  endfacet
  facet normal 0.216411 0 -0.976302
    outer loop
      vertex 17.2941 0 0.17038
      vertex 16.8682 -6 0.0759735
      vertex 16.8682 0 0.0759735
    endloop
  endfacet
  facet normal -0.300572 0 0.953759
    outer loop
      vertex -17.7101 0 56.6985
      vertex -17.2941 -6 56.8296
      vertex -17.2941 0 56.8296
    endloop
  endfacet
  facet normal -0.300572 0 0.953759
    outer loop
      vertex -17.2941 -6 56.8296
      vertex -17.7101 0 56.6985
      vertex -17.7101 -6 56.6985
    endloop
  endfacet
  facet normal 0.887028 0 -0.461717
    outer loop
      vertex 20.5315 -6 2.88692
      vertex 20.3301 0 2.5
      vertex 20.5315 0 2.88692
    endloop
  endfacet
  facet normal 0.887028 0 -0.461717
    outer loop
      vertex 20.3301 0 2.5
      vertex 20.5315 -6 2.88692
      vertex 20.3301 -6 2.5
    endloop
  endfacet
  facet normal 0.923815 0 -0.38284
    outer loop
      vertex 20.6985 -6 3.2899
      vertex 20.5315 0 2.88692
      vertex 20.6985 0 3.2899
    endloop
  endfacet
  facet normal 0.923815 0 -0.38284
    outer loop
      vertex 20.5315 0 2.88692
      vertex 20.6985 -6 3.2899
      vertex 20.5315 -6 2.88692
    endloop
  endfacet
  facet normal -0.608768 0 0.793348
    outer loop
      vertex -19.2139 0 55.8302
      vertex -18.8679 -6 56.0957
      vertex -18.8679 0 56.0957
    endloop
  endfacet
  facet normal -0.608768 0 0.793348
    outer loop
      vertex -18.8679 -6 56.0957
      vertex -19.2139 0 55.8302
      vertex -19.2139 -6 55.8302
    endloop
  endfacet
  facet normal 0.737258 0 -0.675611
    outer loop
      vertex 19.8302 -6 1.78607
      vertex 19.5355 0 1.46448
      vertex 19.8302 0 1.78607
    endloop
  endfacet
  facet normal 0.737258 0 -0.675611
    outer loop
      vertex 19.5355 0 1.46448
      vertex 19.8302 -6 1.78607
      vertex 19.5355 -6 1.46448
    endloop
  endfacet
  facet normal 0.737268 -0 0.6756
    outer loop
      vertex 19.5355 -6 55.5355
      vertex 19.8302 0 55.2139
      vertex 19.5355 0 55.5355
    endloop
  endfacet
  facet normal 0.737268 0 0.6756
    outer loop
      vertex 19.8302 0 55.2139
      vertex 19.5355 -6 55.5355
      vertex 19.8302 -6 55.2139
    endloop
  endfacet
  facet normal -0.793399 0 -0.608702
    outer loop
      vertex -19.8302 -6 1.78607
      vertex -20.0957 0 2.13213
      vertex -19.8302 0 1.78607
    endloop
  endfacet
  facet normal -0.793399 -0 -0.608702
    outer loop
      vertex -20.0957 0 2.13213
      vertex -19.8302 -6 1.78607
      vertex -20.0957 -6 2.13213
    endloop
  endfacet
  facet normal 0.300705 0 -0.953717
    outer loop
      vertex 17.2941 -6 0.17038
      vertex 17.7101 0 0.301544
      vertex 17.7101 -6 0.301544
    endloop
  endfacet
  facet normal 0.300705 0 -0.953717
    outer loop
      vertex 17.7101 0 0.301544
      vertex 17.2941 -6 0.17038
      vertex 17.2941 0 0.17038
    endloop
  endfacet
  facet normal -0.6756 0 0.737268
    outer loop
      vertex -19.5355 0 55.5355
      vertex -19.2139 -6 55.8302
      vertex -19.2139 0 55.8302
    endloop
  endfacet
  facet normal -0.6756 0 0.737268
    outer loop
      vertex -19.2139 -6 55.8302
      vertex -19.5355 0 55.5355
      vertex -19.5355 -6 55.5355
    endloop
  endfacet
  facet normal 0.382824 0 0.923821
    outer loop
      vertex 17.7101 0 56.6985
      vertex 18.1131 -6 56.5315
      vertex 18.1131 0 56.5315
    endloop
  endfacet
  facet normal 0.382824 0 0.923821
    outer loop
      vertex 18.1131 -6 56.5315
      vertex 17.7101 0 56.6985
      vertex 17.7101 -6 56.6985
    endloop
  endfacet
  facet normal -0.60881 0 -0.793316
    outer loop
      vertex -19.2139 -6 1.16978
      vertex -18.8679 0 0.904251
      vertex -18.8679 -6 0.904251
    endloop
  endfacet
  facet normal -0.60881 0 -0.793316
    outer loop
      vertex -18.8679 0 0.904251
      vertex -19.2139 -6 1.16978
      vertex -19.2139 0 1.16978
    endloop
  endfacet
  facet normal 0.13057 0 -0.991439
    outer loop
      vertex 16.4358 -6 0.0190277
      vertex 16.8682 0 0.0759735
      vertex 16.8682 -6 0.0759735
    endloop
  endfacet
  facet normal 0.13057 0 -0.991439
    outer loop
      vertex 16.8682 0 0.0759735
      vertex 16.4358 -6 0.0190277
      vertex 16.4358 0 0.0190277
    endloop
  endfacet
  facet normal -0.216396 0 0.976306
    outer loop
      vertex -17.2941 0 56.8296
      vertex -16.8682 -6 56.924
      vertex -16.8682 0 56.924
    endloop
  endfacet
  facet normal -0.216396 0 0.976306
    outer loop
      vertex -16.8682 -6 56.924
      vertex -17.2941 0 56.8296
      vertex -17.2941 -6 56.8296
    endloop
  endfacet
  facet normal -0.737268 0 0.6756
    outer loop
      vertex -19.8302 -6 55.2139
      vertex -19.5355 0 55.5355
      vertex -19.8302 0 55.2139
    endloop
  endfacet
  facet normal -0.737268 0 0.6756
    outer loop
      vertex -19.5355 0 55.5355
      vertex -19.8302 -6 55.2139
      vertex -19.5355 -6 55.5355
    endloop
  endfacet
  facet normal -0.737258 0 -0.675611
    outer loop
      vertex -19.5355 -6 1.46448
      vertex -19.8302 0 1.78607
      vertex -19.5355 0 1.46448
    endloop
  endfacet
  facet normal -0.737258 -0 -0.675611
    outer loop
      vertex -19.8302 0 1.78607
      vertex -19.5355 -6 1.46448
      vertex -19.8302 -6 1.78607
    endloop
  endfacet
  facet normal 0.999051 0 -0.0435586
    outer loop
      vertex 21 -6 5
      vertex 20.981 0 4.56422
      vertex 21 0 5
    endloop
  endfacet
  facet normal 0.999051 0 -0.0435586
    outer loop
      vertex 20.981 0 4.56422
      vertex 21 -6 5
      vertex 20.981 -6 4.56422
    endloop
  endfacet
  facet normal -0.843349 0 -0.537366
    outer loop
      vertex -20.0957 -6 2.13213
      vertex -20.3301 0 2.5
      vertex -20.0957 0 2.13213
    endloop
  endfacet
  facet normal -0.843349 -0 -0.537366
    outer loop
      vertex -20.3301 0 2.5
      vertex -20.0957 -6 2.13213
      vertex -20.3301 -6 2.5
    endloop
  endfacet
  facet normal -0.13057 0 -0.991439
    outer loop
      vertex -16.8682 -6 0.0759735
      vertex -16.4358 0 0.0190277
      vertex -16.4358 -6 0.0190277
    endloop
  endfacet
  facet normal -0.13057 0 -0.991439
    outer loop
      vertex -16.4358 0 0.0190277
      vertex -16.8682 -6 0.0759735
      vertex -16.8682 0 0.0759735
    endloop
  endfacet
  facet normal -0.216411 0 -0.976302
    outer loop
      vertex -17.2941 -6 0.17038
      vertex -16.8682 0 0.0759735
      vertex -16.8682 -6 0.0759735
    endloop
  endfacet
  facet normal -0.216411 0 -0.976302
    outer loop
      vertex -16.8682 0 0.0759735
      vertex -17.2941 -6 0.17038
      vertex -17.2941 0 0.17038
    endloop
  endfacet
  facet normal -0.6756 0 -0.737268
    outer loop
      vertex -19.5355 -6 1.46448
      vertex -19.2139 0 1.16978
      vertex -19.2139 -6 1.16978
    endloop
  endfacet
  facet normal -0.6756 0 -0.737268
    outer loop
      vertex -19.2139 0 1.16978
      vertex -19.5355 -6 1.46448
      vertex -19.5355 0 1.46448
    endloop
  endfacet
  facet normal -0.923815 0 -0.38284
    outer loop
      vertex -20.5315 -6 2.88692
      vertex -20.6985 0 3.2899
      vertex -20.5315 0 2.88692
    endloop
  endfacet
  facet normal -0.923815 -0 -0.38284
    outer loop
      vertex -20.6985 0 3.2899
      vertex -20.5315 -6 2.88692
      vertex -20.6985 -6 3.2899
    endloop
  endfacet
  facet normal -0.953763 0 -0.300559
    outer loop
      vertex -20.6985 -6 3.2899
      vertex -20.8296 0 3.70592
      vertex -20.6985 0 3.2899
    endloop
  endfacet
  facet normal -0.953763 -0 -0.300559
    outer loop
      vertex -20.8296 0 3.70592
      vertex -20.6985 -6 3.2899
      vertex -20.8296 -6 3.70592
    endloop
  endfacet
  facet normal -0 0 1
    outer loop
      vertex -7.25 -45 4
      vertex -5.25 -89 4
      vertex -5.25 -45 4
    endloop
  endfacet
  facet normal 0 0 1
    outer loop
      vertex -5.25 -89 4
      vertex -7.25 -45 4
      vertex -7.25 -89 4
    endloop
  endfacet
  facet normal 0 0 1
    outer loop
      vertex 4 -99 4
      vertex 7.25 -93 4
      vertex 5.25 -93 4
    endloop
  endfacet
  facet normal 0 0 1
    outer loop
      vertex 7.25 -93 4
      vertex 4 -99 4
      vertex 6.75 -105.5 4
    endloop
  endfacet
  facet normal -0 0 1
    outer loop
      vertex 4 -104 4
      vertex 6.75 -105.5 4
      vertex 4 -99 4
    endloop
  endfacet
  facet normal -0 0 1
    outer loop
      vertex -4 -104 4
      vertex 6.75 -105.5 4
      vertex 4 -104 4
    endloop
  endfacet
  facet normal 0 0 1
    outer loop
      vertex -5.25 -93 4
      vertex 5.25 -93 4
      vertex -5.25 -89 4
    endloop
  endfacet
  facet normal 0 0 1
    outer loop
      vertex 5.25 -93 4
      vertex -5.25 -93 4
      vertex -4 -99 4
    endloop
  endfacet
  facet normal -0 0 1
    outer loop
      vertex -7.25 -93 4
      vertex -4 -99 4
      vertex -5.25 -93 4
    endloop
  endfacet
  facet normal 0 0 1
    outer loop
      vertex -4 -104 4
      vertex -6.75 -105.5 4
      vertex 6.75 -105.5 4
    endloop
  endfacet
  facet normal 0 -0 1
    outer loop
      vertex -6.75 -105.5 4
      vertex -4 -99 4
      vertex -7.25 -93 4
    endloop
  endfacet
  facet normal 0 0 1
    outer loop
      vertex -8.5 -116 4
      vertex -6.75 -105.5 4
      vertex -7.25 -93 4
    endloop
  endfacet
  facet normal 0 0 1
    outer loop
      vertex -4 -99 4
      vertex -6.75 -105.5 4
      vertex -4 -104 4
    endloop
  endfacet
  facet normal -0 0 1
    outer loop
      vertex 5.25 -45 4
      vertex 7.25 -89 4
      vertex 7.25 -45 4
    endloop
  endfacet
  facet normal 0 0 1
    outer loop
      vertex 7.25 -89 4
      vertex 5.25 -45 4
      vertex 5.25 -89 4
    endloop
  endfacet
  facet normal 0 0 1
    outer loop
      vertex 7.25 -45 4
      vertex 8.5 -6 4
      vertex 7.25 -41 4
    endloop
  endfacet
  facet normal 0 0 1
    outer loop
      vertex 8.5 -6 4
      vertex 6.75 -26.5 4
      vertex 7.25 -41 4
    endloop
  endfacet
  facet normal 0 0 1
    outer loop
      vertex 8.5 -6 4
      vertex -6.75 -26.5 4
      vertex 6.75 -26.5 4
    endloop
  endfacet
  facet normal 0 0 1
    outer loop
      vertex -6.75 -26.5 4
      vertex -7.25 -41 4
      vertex -6.75 -28.5 4
    endloop
  endfacet
  facet normal 0 0 1
    outer loop
      vertex -8.5 -6 4
      vertex -7.25 -45 4
      vertex -7.25 -41 4
    endloop
  endfacet
  facet normal 0 0 1
    outer loop
      vertex -7.25 -45 4
      vertex -8.5 -116 4
      vertex -7.25 -89 4
    endloop
  endfacet
  facet normal 0 0 1
    outer loop
      vertex -7.25 -45 4
      vertex -8.5 -6 4
      vertex -8.5 -116 4
    endloop
  endfacet
  facet normal 0 0 1
    outer loop
      vertex -6.75 -26.5 4
      vertex -8.5 -6 4
      vertex -7.25 -41 4
    endloop
  endfacet
  facet normal -0 0 1
    outer loop
      vertex -8.5 -6 4
      vertex -6.75 -26.5 4
      vertex 8.5 -6 4
    endloop
  endfacet
  facet normal 0 0 1
    outer loop
      vertex 8.5 -6 4
      vertex 7.25 -45 4
      vertex 8.5 -116 4
    endloop
  endfacet
  facet normal -0 0 1
    outer loop
      vertex 7.25 -89 4
      vertex 8.5 -116 4
      vertex 7.25 -45 4
    endloop
  endfacet
  facet normal -0 0 1
    outer loop
      vertex 7.25 -93 4
      vertex 8.5 -116 4
      vertex 7.25 -89 4
    endloop
  endfacet
  facet normal -0 0 1
    outer loop
      vertex 6.75 -105.5 4
      vertex 8.5 -116 4
      vertex 7.25 -93 4
    endloop
  endfacet
  facet normal -0 0 1
    outer loop
      vertex 6.75 -107.5 4
      vertex 8.5 -116 4
      vertex 6.75 -105.5 4
    endloop
  endfacet
  facet normal -0 0 1
    outer loop
      vertex -6.75 -107.5 4
      vertex 8.5 -116 4
      vertex 6.75 -107.5 4
    endloop
  endfacet
  facet normal 0 0 1
    outer loop
      vertex -6.75 -107.5 4
      vertex -8.5 -116 4
      vertex 8.5 -116 4
    endloop
  endfacet
  facet normal 0 0 1
    outer loop
      vertex -6.75 -105.5 4
      vertex -8.5 -116 4
      vertex -6.75 -107.5 4
    endloop
  endfacet
  facet normal 0 0 1
    outer loop
      vertex -7.25 -89 4
      vertex -8.5 -116 4
      vertex -7.25 -93 4
    endloop
  endfacet
  facet normal -0 0 1
    outer loop
      vertex 6.75 -28.5 4
      vertex 7.25 -41 4
      vertex 6.75 -26.5 4
    endloop
  endfacet
  facet normal 0 0 1
    outer loop
      vertex 6.75 -28.5 4
      vertex 5.25 -41 4
      vertex 7.25 -41 4
    endloop
  endfacet
  facet normal -0 0 1
    outer loop
      vertex -5.25 -41 4
      vertex 5.25 -45 4
      vertex 5.25 -41 4
    endloop
  endfacet
  facet normal 0 0 1
    outer loop
      vertex -5.25 -45 4
      vertex 5.25 -45 4
      vertex -5.25 -41 4
    endloop
  endfacet
  facet normal 0 0 1
    outer loop
      vertex 5.25 -45 4
      vertex -5.25 -45 4
      vertex 5.25 -89 4
    endloop
  endfacet
  facet normal 0 0 1
    outer loop
      vertex 5.25 -93 4
      vertex -4 -99 4
      vertex 4 -99 4
    endloop
  endfacet
  facet normal 0 0 1
    outer loop
      vertex -5.25 -41 4
      vertex 5.25 -41 4
      vertex 6.75 -28.5 4
    endloop
  endfacet
  facet normal 0 0 1
    outer loop
      vertex -5.25 -89 4
      vertex 5.25 -89 4
      vertex -5.25 -45 4
    endloop
  endfacet
  facet normal -0 0 1
    outer loop
      vertex -5.25 -89 4
      vertex 5.25 -93 4
      vertex 5.25 -89 4
    endloop
  endfacet
  facet normal -0 0 1
    outer loop
      vertex -6.75 -28.5 4
      vertex -5.25 -41 4
      vertex 6.75 -28.5 4
    endloop
  endfacet
  facet normal 0 0 1
    outer loop
      vertex -5.25 -41 4
      vertex -6.75 -28.5 4
      vertex -7.25 -41 4
    endloop
  endfacet
  facet normal 0 -1 0
    outer loop
      vertex -4.05689 -30 37.087
      vertex -6.69747 -30 42
      vertex -8.5 -30 42
    endloop
  endfacet
  facet normal 0 -1 0
    outer loop
      vertex -6.69747 -30 42
      vertex 0 -30 40.2
      vertex 6.69747 -30 42
    endloop
  endfacet
  facet normal 0 -1 0
    outer loop
      vertex 0.366054 -30 40.184
      vertex 6.69747 -30 42
      vertex 0 -30 40.2
    endloop
  endfacet
  facet normal 0 -1 0
    outer loop
      vertex -6.69747 -30 42
      vertex -0.366054 -30 40.184
      vertex 0 -30 40.2
    endloop
  endfacet
  facet normal 0 -1 0
    outer loop
      vertex -6.69747 -30 42
      vertex -0.729321 -30 40.1362
      vertex -0.366054 -30 40.184
    endloop
  endfacet
  facet normal 0 -1 0
    outer loop
      vertex -6.69747 -30 42
      vertex -1.08704 -30 40.0569
      vertex -0.729321 -30 40.1362
    endloop
  endfacet
  facet normal 0 -1 0
    outer loop
      vertex -6.69747 -30 42
      vertex -1.43648 -30 39.9467
      vertex -1.08704 -30 40.0569
    endloop
  endfacet
  facet normal 0 -1 0
    outer loop
      vertex -6.69747 -30 42
      vertex -1.775 -30 39.8065
      vertex -1.43648 -30 39.9467
    endloop
  endfacet
  facet normal 0 -1 0
    outer loop
      vertex -6.69747 -30 42
      vertex -2.1 -30 39.6373
      vertex -1.775 -30 39.8065
    endloop
  endfacet
  facet normal 0 -1 0
    outer loop
      vertex -6.69747 -30 42
      vertex -2.40902 -30 39.4404
      vertex -2.1 -30 39.6373
    endloop
  endfacet
  facet normal 0 -1 0
    outer loop
      vertex -6.69747 -30 42
      vertex -2.69971 -30 39.2174
      vertex -2.40902 -30 39.4404
    endloop
  endfacet
  facet normal 0 -1 0
    outer loop
      vertex -6.69747 -30 42
      vertex -2.96985 -30 38.9698
      vertex -2.69971 -30 39.2174
    endloop
  endfacet
  facet normal 0 -1 0
    outer loop
      vertex -6.69747 -30 42
      vertex -3.21739 -30 38.6997
      vertex -2.96985 -30 38.9698
    endloop
  endfacet
  facet normal 0 -1 0
    outer loop
      vertex -6.69747 -30 42
      vertex -3.44044 -30 38.409
      vertex -3.21739 -30 38.6997
    endloop
  endfacet
  facet normal 0 -1 0
    outer loop
      vertex -6.69747 -30 42
      vertex -3.63731 -30 38.1
      vertex -3.44044 -30 38.409
    endloop
  endfacet
  facet normal 0 -1 0
    outer loop
      vertex -6.69747 -30 42
      vertex -3.80649 -30 37.775
      vertex -3.63731 -30 38.1
    endloop
  endfacet
  facet normal 0 -1 0
    outer loop
      vertex -6.69747 -30 42
      vertex -3.94671 -30 37.4365
      vertex -3.80649 -30 37.775
    endloop
  endfacet
  facet normal 0 -1 0
    outer loop
      vertex -6.69747 -30 42
      vertex -4.05689 -30 37.087
      vertex -3.94671 -30 37.4365
    endloop
  endfacet
  facet normal 0 -1 0
    outer loop
      vertex -8.5 -30 42
      vertex -4.13619 -30 36.7293
      vertex -4.05689 -30 37.087
    endloop
  endfacet
  facet normal 0 -1 0
    outer loop
      vertex -8.5 -30 42
      vertex -4.18402 -30 36.3661
      vertex -4.13619 -30 36.7293
    endloop
  endfacet
  facet normal 0 -1 0
    outer loop
      vertex -8.5 -30 42
      vertex -4.2 -30 36
      vertex -4.18402 -30 36.3661
    endloop
  endfacet
  facet normal 0 -1 0
    outer loop
      vertex -8.5 -30 42
      vertex -4.18402 -30 35.6339
      vertex -4.2 -30 36
    endloop
  endfacet
  facet normal 0 -1 0
    outer loop
      vertex -8.5 -30 42
      vertex -4.13619 -30 35.2707
      vertex -4.18402 -30 35.6339
    endloop
  endfacet
  facet normal 0 -1 0
    outer loop
      vertex -8.5 -30 24
      vertex -4.13619 -30 35.2707
      vertex -8.5 -30 42
    endloop
  endfacet
  facet normal 0 -1 -0
    outer loop
      vertex -4.13619 -30 35.2707
      vertex -8.5 -30 24
      vertex -4.05689 -30 34.913
    endloop
  endfacet
  facet normal 0 -1 -0
    outer loop
      vertex -4.05689 -30 34.913
      vertex -8.5 -30 24
      vertex -3.94671 -30 34.5635
    endloop
  endfacet
  facet normal 0 -1 -0
    outer loop
      vertex -3.94671 -30 34.5635
      vertex -8.5 -30 24
      vertex -3.80649 -30 34.225
    endloop
  endfacet
  facet normal 0 -1 -0
    outer loop
      vertex -0.366054 -30 31.816
      vertex -8.5 -30 24
      vertex 0 -30 31.8
    endloop
  endfacet
  facet normal 0 -1 -0
    outer loop
      vertex -0.729321 -30 31.8638
      vertex -8.5 -30 24
      vertex -0.366054 -30 31.816
    endloop
  endfacet
  facet normal 0 -1 -0
    outer loop
      vertex -1.08704 -30 31.9431
      vertex -8.5 -30 24
      vertex -0.729321 -30 31.8638
    endloop
  endfacet
  facet normal 0 -1 -0
    outer loop
      vertex -1.43648 -30 32.0533
      vertex -8.5 -30 24
      vertex -1.08704 -30 31.9431
    endloop
  endfacet
  facet normal 0 -1 -0
    outer loop
      vertex -1.775 -30 32.1935
      vertex -8.5 -30 24
      vertex -1.43648 -30 32.0533
    endloop
  endfacet
  facet normal 0 -1 -0
    outer loop
      vertex -2.1 -30 32.3627
      vertex -8.5 -30 24
      vertex -1.775 -30 32.1935
    endloop
  endfacet
  facet normal 0 -1 -0
    outer loop
      vertex -2.40902 -30 32.5596
      vertex -8.5 -30 24
      vertex -2.1 -30 32.3627
    endloop
  endfacet
  facet normal 0 -1 -0
    outer loop
      vertex -2.69971 -30 32.7826
      vertex -8.5 -30 24
      vertex -2.40902 -30 32.5596
    endloop
  endfacet
  facet normal 0 -1 -0
    outer loop
      vertex -2.96985 -30 33.0302
      vertex -8.5 -30 24
      vertex -2.69971 -30 32.7826
    endloop
  endfacet
  facet normal 0 -1 -0
    outer loop
      vertex -3.21739 -30 33.3003
      vertex -8.5 -30 24
      vertex -2.96985 -30 33.0302
    endloop
  endfacet
  facet normal 0 -1 -0
    outer loop
      vertex -3.44044 -30 33.591
      vertex -8.5 -30 24
      vertex -3.21739 -30 33.3003
    endloop
  endfacet
  facet normal 0 -1 -0
    outer loop
      vertex -3.63731 -30 33.9
      vertex -8.5 -30 24
      vertex -3.44044 -30 33.591
    endloop
  endfacet
  facet normal 0 -1 -0
    outer loop
      vertex -3.80649 -30 34.225
      vertex -8.5 -30 24
      vertex -3.63731 -30 33.9
    endloop
  endfacet
  facet normal 0 -1 0
    outer loop
      vertex -0.784401 -30 44.9658
      vertex 0.784401 -30 44.9658
      vertex 0 -30 45
    endloop
  endfacet
  facet normal 0 -1 0
    outer loop
      vertex -1.56283 -30 44.8633
      vertex 0.784401 -30 44.9658
      vertex -0.784401 -30 44.9658
    endloop
  endfacet
  facet normal 0 -1 0
    outer loop
      vertex -1.56283 -30 44.8633
      vertex 1.56283 -30 44.8633
      vertex 0.784401 -30 44.9658
    endloop
  endfacet
  facet normal 0 -1 0
    outer loop
      vertex -2.32937 -30 44.6933
      vertex 1.56283 -30 44.8633
      vertex -1.56283 -30 44.8633
    endloop
  endfacet
  facet normal 0 -1 0
    outer loop
      vertex -2.32937 -30 44.6933
      vertex 2.32937 -30 44.6933
      vertex 1.56283 -30 44.8633
    endloop
  endfacet
  facet normal 0 -1 0
    outer loop
      vertex -3.07818 -30 44.4572
      vertex 2.32937 -30 44.6933
      vertex -2.32937 -30 44.6933
    endloop
  endfacet
  facet normal 0 -1 0
    outer loop
      vertex -3.07818 -30 44.4572
      vertex 3.07818 -30 44.4572
      vertex 2.32937 -30 44.6933
    endloop
  endfacet
  facet normal 0 -1 0
    outer loop
      vertex -3.80356 -30 44.1568
      vertex 3.07818 -30 44.4572
      vertex -3.07818 -30 44.4572
    endloop
  endfacet
  facet normal 0 -1 0
    outer loop
      vertex -3.80356 -30 44.1568
      vertex 3.80356 -30 44.1568
      vertex 3.07818 -30 44.4572
    endloop
  endfacet
  facet normal 0 -1 0
    outer loop
      vertex -4.5 -30 43.7942
      vertex 3.80356 -30 44.1568
      vertex -3.80356 -30 44.1568
    endloop
  endfacet
  facet normal 0 -1 0
    outer loop
      vertex -4.5 -30 43.7942
      vertex 4.5 -30 43.7942
      vertex 3.80356 -30 44.1568
    endloop
  endfacet
  facet normal 0 -1 0
    outer loop
      vertex -5.16219 -30 43.3724
      vertex 4.5 -30 43.7942
      vertex -4.5 -30 43.7942
    endloop
  endfacet
  facet normal 0 -1 0
    outer loop
      vertex -5.16219 -30 43.3724
      vertex 5.16219 -30 43.3724
      vertex 4.5 -30 43.7942
    endloop
  endfacet
  facet normal 0 -1 0
    outer loop
      vertex -5.78509 -30 42.8944
      vertex 5.16219 -30 43.3724
      vertex -5.16219 -30 43.3724
    endloop
  endfacet
  facet normal 0 -1 0
    outer loop
      vertex -5.78509 -30 42.8944
      vertex 5.78509 -30 42.8944
      vertex 5.16219 -30 43.3724
    endloop
  endfacet
  facet normal 0 -1 0
    outer loop
      vertex -6.69747 -30 42
      vertex -5.78509 -30 42.8944
      vertex -6.36396 -30 42.364
    endloop
  endfacet
  facet normal 0 -1 -0
    outer loop
      vertex -5.78509 -30 42.8944
      vertex -6.69747 -30 42
      vertex 5.78509 -30 42.8944
    endloop
  endfacet
  facet normal 0 -1 0
    outer loop
      vertex 6.69747 -30 42
      vertex 5.78509 -30 42.8944
      vertex -6.69747 -30 42
    endloop
  endfacet
  facet normal 0 -1 0
    outer loop
      vertex 5.78509 -30 42.8944
      vertex 6.69747 -30 42
      vertex 6.36396 -30 42.364
    endloop
  endfacet
  facet normal 0 -1 0
    outer loop
      vertex 0.729321 -30 40.1362
      vertex 6.69747 -30 42
      vertex 0.366054 -30 40.184
    endloop
  endfacet
  facet normal 0 -1 0
    outer loop
      vertex 1.08704 -30 40.0569
      vertex 6.69747 -30 42
      vertex 0.729321 -30 40.1362
    endloop
  endfacet
  facet normal 0 -1 0
    outer loop
      vertex 1.43648 -30 39.9467
      vertex 6.69747 -30 42
      vertex 1.08704 -30 40.0569
    endloop
  endfacet
  facet normal 0 -1 0
    outer loop
      vertex 1.775 -30 39.8065
      vertex 6.69747 -30 42
      vertex 1.43648 -30 39.9467
    endloop
  endfacet
  facet normal 0 -1 0
    outer loop
      vertex 2.1 -30 39.6373
      vertex 6.69747 -30 42
      vertex 1.775 -30 39.8065
    endloop
  endfacet
  facet normal 0 -1 0
    outer loop
      vertex 2.40902 -30 39.4404
      vertex 6.69747 -30 42
      vertex 2.1 -30 39.6373
    endloop
  endfacet
  facet normal 0 -1 0
    outer loop
      vertex 2.69971 -30 39.2174
      vertex 6.69747 -30 42
      vertex 2.40902 -30 39.4404
    endloop
  endfacet
  facet normal 0 -1 0
    outer loop
      vertex 2.96985 -30 38.9698
      vertex 6.69747 -30 42
      vertex 2.69971 -30 39.2174
    endloop
  endfacet
  facet normal 0 -1 0
    outer loop
      vertex 3.21739 -30 38.6997
      vertex 6.69747 -30 42
      vertex 2.96985 -30 38.9698
    endloop
  endfacet
  facet normal 0 -1 0
    outer loop
      vertex 3.44044 -30 38.409
      vertex 6.69747 -30 42
      vertex 3.21739 -30 38.6997
    endloop
  endfacet
  facet normal 0 -1 0
    outer loop
      vertex 3.63731 -30 38.1
      vertex 6.69747 -30 42
      vertex 3.44044 -30 38.409
    endloop
  endfacet
  facet normal 0 -1 0
    outer loop
      vertex 3.80649 -30 37.775
      vertex 6.69747 -30 42
      vertex 3.63731 -30 38.1
    endloop
  endfacet
  facet normal 0 -1 0
    outer loop
      vertex 3.94671 -30 37.4365
      vertex 6.69747 -30 42
      vertex 3.80649 -30 37.775
    endloop
  endfacet
  facet normal 0 -1 0
    outer loop
      vertex 4.05689 -30 37.087
      vertex 6.69747 -30 42
      vertex 3.94671 -30 37.4365
    endloop
  endfacet
  facet normal 0 -1 -0
    outer loop
      vertex 6.69747 -30 42
      vertex 4.05689 -30 37.087
      vertex 8.5 -30 42
    endloop
  endfacet
  facet normal 0 -1 0
    outer loop
      vertex 4.13619 -30 36.7293
      vertex 8.5 -30 42
      vertex 4.05689 -30 37.087
    endloop
  endfacet
  facet normal 0 -1 0
    outer loop
      vertex 4.18402 -30 36.3661
      vertex 8.5 -30 42
      vertex 4.13619 -30 36.7293
    endloop
  endfacet
  facet normal 0 -1 0
    outer loop
      vertex 4.2 -30 36
      vertex 8.5 -30 42
      vertex 4.18402 -30 36.3661
    endloop
  endfacet
  facet normal 0 -1 0
    outer loop
      vertex 4.18402 -30 35.6339
      vertex 8.5 -30 42
      vertex 4.2 -30 36
    endloop
  endfacet
  facet normal 0 -1 0
    outer loop
      vertex 4.13619 -30 35.2707
      vertex 8.5 -30 42
      vertex 4.18402 -30 35.6339
    endloop
  endfacet
  facet normal 0 -1 0
    outer loop
      vertex 8.5 -30 24
      vertex 4.13619 -30 35.2707
      vertex 4.05689 -30 34.913
    endloop
  endfacet
  facet normal 0 -1 0
    outer loop
      vertex 8.5 -30 24
      vertex 4.05689 -30 34.913
      vertex 3.94671 -30 34.5635
    endloop
  endfacet
  facet normal 0 -1 0
    outer loop
      vertex 8.5 -30 24
      vertex 3.94671 -30 34.5635
      vertex 3.80649 -30 34.225
    endloop
  endfacet
  facet normal 0 -1 0
    outer loop
      vertex 8.5 -30 24
      vertex 3.80649 -30 34.225
      vertex 3.63731 -30 33.9
    endloop
  endfacet
  facet normal 0 -1 0
    outer loop
      vertex 8.5 -30 24
      vertex 0 -30 31.8
      vertex -8.5 -30 24
    endloop
  endfacet
  facet normal 0 -1 0
    outer loop
      vertex 0 -30 31.8
      vertex 8.5 -30 24
      vertex 0.366054 -30 31.816
    endloop
  endfacet
  facet normal 0 -1 0
    outer loop
      vertex 0.366054 -30 31.816
      vertex 8.5 -30 24
      vertex 0.729321 -30 31.8638
    endloop
  endfacet
  facet normal 0 -1 0
    outer loop
      vertex 0.729321 -30 31.8638
      vertex 8.5 -30 24
      vertex 1.08704 -30 31.9431
    endloop
  endfacet
  facet normal 0 -1 0
    outer loop
      vertex 1.08704 -30 31.9431
      vertex 8.5 -30 24
      vertex 1.43648 -30 32.0533
    endloop
  endfacet
  facet normal 0 -1 0
    outer loop
      vertex 1.43648 -30 32.0533
      vertex 8.5 -30 24
      vertex 1.775 -30 32.1935
    endloop
  endfacet
  facet normal 0 -1 0
    outer loop
      vertex 1.775 -30 32.1935
      vertex 8.5 -30 24
      vertex 2.1 -30 32.3627
    endloop
  endfacet
  facet normal 0 -1 0
    outer loop
      vertex 2.1 -30 32.3627
      vertex 8.5 -30 24
      vertex 2.40902 -30 32.5596
    endloop
  endfacet
  facet normal 0 -1 0
    outer loop
      vertex 4.13619 -30 35.2707
      vertex 8.5 -30 24
      vertex 8.5 -30 42
    endloop
  endfacet
  facet normal 0 -1 0
    outer loop
      vertex 3.44044 -30 33.591
      vertex 8.5 -30 24
      vertex 3.63731 -30 33.9
    endloop
  endfacet
  facet normal 0 -1 0
    outer loop
      vertex 3.21739 -30 33.3003
      vertex 8.5 -30 24
      vertex 3.44044 -30 33.591
    endloop
  endfacet
  facet normal 0 -1 0
    outer loop
      vertex 2.96985 -30 33.0302
      vertex 8.5 -30 24
      vertex 3.21739 -30 33.3003
    endloop
  endfacet
  facet normal 0 -1 0
    outer loop
      vertex 2.69971 -30 32.7826
      vertex 8.5 -30 24
      vertex 2.96985 -30 33.0302
    endloop
  endfacet
  facet normal 0 -1 0
    outer loop
      vertex 2.40902 -30 32.5596
      vertex 8.5 -30 24
      vertex 2.69971 -30 32.7826
    endloop
  endfacet
  facet normal 0 0 -1
    outer loop
      vertex -8.5 -30 24
      vertex 8.5 -6 24
      vertex 8.5 -30 24
    endloop
  endfacet
  facet normal -0 0 -1
    outer loop
      vertex 8.5 -6 24
      vertex -8.5 -30 24
      vertex -8.5 -6 24
    endloop
  endfacet
  facet normal -0.737312 0 0.675552
    outer loop
      vertex -6.69747 -30 42
      vertex -6.36396 -6 42.364
      vertex -6.69747 -6 42
    endloop
  endfacet
  facet normal -0.737312 0 0.675552
    outer loop
      vertex -6.36396 -6 42.364
      vertex -6.69747 -30 42
      vertex -6.36396 -30 42.364
    endloop
  endfacet
  facet normal -0.0435588 0 0.999051
    outer loop
      vertex -0.784401 -6 44.9658
      vertex 0 -30 45
      vertex 0 -6 45
    endloop
  endfacet
  facet normal -0.0435588 0 0.999051
    outer loop
      vertex 0 -30 45
      vertex -0.784401 -6 44.9658
      vertex -0.784401 -30 44.9658
    endloop
  endfacet
  facet normal 0.382616 0 0.923908
    outer loop
      vertex 3.07818 -6 44.4572
      vertex 3.80356 -30 44.1568
      vertex 3.80356 -6 44.1568
    endloop
  endfacet
  facet normal 0.382616 0 0.923908
    outer loop
      vertex 3.80356 -30 44.1568
      vertex 3.07818 -6 44.4572
      vertex 3.07818 -30 44.4572
    endloop
  endfacet
  facet normal -0.130549 0 0.991442
    outer loop
      vertex -1.56283 -6 44.8633
      vertex -0.784401 -30 44.9658
      vertex -0.784401 -6 44.9658
    endloop
  endfacet
  facet normal -0.130549 0 0.991442
    outer loop
      vertex -0.784401 -30 44.9658
      vertex -1.56283 -6 44.8633
      vertex -1.56283 -30 44.8633
    endloop
  endfacet
  facet normal -0.216515 0 0.976279
    outer loop
      vertex -2.32937 -6 44.6933
      vertex -1.56283 -30 44.8633
      vertex -1.56283 -6 44.8633
    endloop
  endfacet
  facet normal -0.216515 0 0.976279
    outer loop
      vertex -1.56283 -30 44.8633
      vertex -2.32937 -6 44.6933
      vertex -2.32937 -30 44.6933
    endloop
  endfacet
  facet normal 0.300707 0 0.953717
    outer loop
      vertex 2.32937 -6 44.6933
      vertex 3.07818 -30 44.4572
      vertex 3.07818 -6 44.4572
    endloop
  endfacet
  facet normal 0.300707 0 0.953717
    outer loop
      vertex 3.07818 -30 44.4572
      vertex 2.32937 -6 44.6933
      vertex 2.32937 -30 44.6933
    endloop
  endfacet
  facet normal 0.130549 0 0.991442
    outer loop
      vertex 0.784401 -6 44.9658
      vertex 1.56283 -30 44.8633
      vertex 1.56283 -6 44.8633
    endloop
  endfacet
  facet normal 0.130549 0 0.991442
    outer loop
      vertex 1.56283 -30 44.8633
      vertex 0.784401 -6 44.9658
      vertex 0.784401 -30 44.9658
    endloop
  endfacet
  facet normal -0.461805 0 0.886981
    outer loop
      vertex -4.5 -6 43.7942
      vertex -3.80356 -30 44.1568
      vertex -3.80356 -6 44.1568
    endloop
  endfacet
  facet normal -0.461805 0 0.886981
    outer loop
      vertex -3.80356 -30 44.1568
      vertex -4.5 -6 43.7942
      vertex -4.5 -30 43.7942
    endloop
  endfacet
  facet normal -0.675565 0 0.737301
    outer loop
      vertex -6.36396 -6 42.364
      vertex -5.78509 -30 42.8944
      vertex -5.78509 -6 42.8944
    endloop
  endfacet
  facet normal -0.675565 0 0.737301
    outer loop
      vertex -5.78509 -30 42.8944
      vertex -6.36396 -6 42.364
      vertex -6.36396 -30 42.364
    endloop
  endfacet
  facet normal 0.608787 0 0.793334
    outer loop
      vertex 5.16219 -6 43.3724
      vertex 5.78509 -30 42.8944
      vertex 5.78509 -6 42.8944
    endloop
  endfacet
  facet normal 0.608787 0 0.793334
    outer loop
      vertex 5.78509 -30 42.8944
      vertex 5.16219 -6 43.3724
      vertex 5.16219 -30 43.3724
    endloop
  endfacet
  facet normal -0.537244 0 0.843427
    outer loop
      vertex -5.16219 -6 43.3724
      vertex -4.5 -30 43.7942
      vertex -4.5 -6 43.7942
    endloop
  endfacet
  facet normal -0.537244 0 0.843427
    outer loop
      vertex -4.5 -30 43.7942
      vertex -5.16219 -6 43.3724
      vertex -5.16219 -30 43.3724
    endloop
  endfacet
  facet normal 0.537244 0 0.843427
    outer loop
      vertex 4.5 -6 43.7942
      vertex 5.16219 -30 43.3724
      vertex 5.16219 -6 43.3724
    endloop
  endfacet
  facet normal 0.537244 0 0.843427
    outer loop
      vertex 5.16219 -30 43.3724
      vertex 4.5 -6 43.7942
      vertex 4.5 -30 43.7942
    endloop
  endfacet
  facet normal 0.461805 0 0.886981
    outer loop
      vertex 3.80356 -6 44.1568
      vertex 4.5 -30 43.7942
      vertex 4.5 -6 43.7942
    endloop
  endfacet
  facet normal 0.461805 0 0.886981
    outer loop
      vertex 4.5 -30 43.7942
      vertex 3.80356 -6 44.1568
      vertex 3.80356 -30 44.1568
    endloop
  endfacet
  facet normal 0.675565 0 0.737301
    outer loop
      vertex 5.78509 -6 42.8944
      vertex 6.36396 -30 42.364
      vertex 6.36396 -6 42.364
    endloop
  endfacet
  facet normal 0.675565 0 0.737301
    outer loop
      vertex 6.36396 -30 42.364
      vertex 5.78509 -6 42.8944
      vertex 5.78509 -30 42.8944
    endloop
  endfacet
  facet normal -0.300707 0 0.953717
    outer loop
      vertex -3.07818 -6 44.4572
      vertex -2.32937 -30 44.6933
      vertex -2.32937 -6 44.6933
    endloop
  endfacet
  facet normal -0.300707 0 0.953717
    outer loop
      vertex -2.32937 -30 44.6933
      vertex -3.07818 -6 44.4572
      vertex -3.07818 -30 44.4572
    endloop
  endfacet
  facet normal -0.608787 0 0.793334
    outer loop
      vertex -5.78509 -6 42.8944
      vertex -5.16219 -30 43.3724
      vertex -5.16219 -6 43.3724
    endloop
  endfacet
  facet normal -0.608787 0 0.793334
    outer loop
      vertex -5.16219 -30 43.3724
      vertex -5.78509 -6 42.8944
      vertex -5.78509 -30 42.8944
    endloop
  endfacet
  facet normal 0.737312 -0 0.675552
    outer loop
      vertex 6.36396 -30 42.364
      vertex 6.69747 -6 42
      vertex 6.36396 -6 42.364
    endloop
  endfacet
  facet normal 0.737312 0 0.675552
    outer loop
      vertex 6.69747 -6 42
      vertex 6.36396 -30 42.364
      vertex 6.69747 -30 42
    endloop
  endfacet
  facet normal 0.216515 0 0.976279
    outer loop
      vertex 1.56283 -6 44.8633
      vertex 2.32937 -30 44.6933
      vertex 2.32937 -6 44.6933
    endloop
  endfacet
  facet normal 0.216515 0 0.976279
    outer loop
      vertex 2.32937 -30 44.6933
      vertex 1.56283 -6 44.8633
      vertex 1.56283 -30 44.8633
    endloop
  endfacet
  facet normal 0.0435588 0 0.999051
    outer loop
      vertex 0 -6 45
      vertex 0.784401 -30 44.9658
      vertex 0.784401 -6 44.9658
    endloop
  endfacet
  facet normal 0.0435588 0 0.999051
    outer loop
      vertex 0.784401 -30 44.9658
      vertex 0 -6 45
      vertex 0 -30 45
    endloop
  endfacet
  facet normal -0.382616 0 0.923908
    outer loop
      vertex -3.80356 -6 44.1568
      vertex -3.07818 -30 44.4572
      vertex -3.07818 -6 44.4572
    endloop
  endfacet
  facet normal -0.382616 0 0.923908
    outer loop
      vertex -3.07818 -30 44.4572
      vertex -3.80356 -6 44.1568
      vertex -3.80356 -30 44.1568
    endloop
  endfacet
  facet normal 0 1 0
    outer loop
      vertex 4.05689 -104 37.087
      vertex 6.69747 -104 42
      vertex 8.5 -104 42
    endloop
  endfacet
  facet normal 0 1 0
    outer loop
      vertex 6.69747 -104 42
      vertex 0 -104 40.2
      vertex -6.69747 -104 42
    endloop
  endfacet
  facet normal 0 1 -0
    outer loop
      vertex -0.366054 -104 40.184
      vertex -6.69747 -104 42
      vertex 0 -104 40.2
    endloop
  endfacet
  facet normal 0 1 0
    outer loop
      vertex 6.69747 -104 42
      vertex 0.366054 -104 40.184
      vertex 0 -104 40.2
    endloop
  endfacet
  facet normal 0 1 0
    outer loop
      vertex 6.69747 -104 42
      vertex 0.729321 -104 40.1362
      vertex 0.366054 -104 40.184
    endloop
  endfacet
  facet normal 0 1 0
    outer loop
      vertex 6.69747 -104 42
      vertex 1.08704 -104 40.0569
      vertex 0.729321 -104 40.1362
    endloop
  endfacet
  facet normal 0 1 0
    outer loop
      vertex 6.69747 -104 42
      vertex 1.43648 -104 39.9467
      vertex 1.08704 -104 40.0569
    endloop
  endfacet
  facet normal 0 1 0
    outer loop
      vertex 6.69747 -104 42
      vertex 1.775 -104 39.8065
      vertex 1.43648 -104 39.9467
    endloop
  endfacet
  facet normal 0 1 0
    outer loop
      vertex 6.69747 -104 42
      vertex 2.1 -104 39.6373
      vertex 1.775 -104 39.8065
    endloop
  endfacet
  facet normal 0 1 0
    outer loop
      vertex 6.69747 -104 42
      vertex 2.40902 -104 39.4404
      vertex 2.1 -104 39.6373
    endloop
  endfacet
  facet normal 0 1 0
    outer loop
      vertex 6.69747 -104 42
      vertex 2.69971 -104 39.2174
      vertex 2.40902 -104 39.4404
    endloop
  endfacet
  facet normal 0 1 0
    outer loop
      vertex 6.69747 -104 42
      vertex 2.96985 -104 38.9698
      vertex 2.69971 -104 39.2174
    endloop
  endfacet
  facet normal 0 1 0
    outer loop
      vertex 6.69747 -104 42
      vertex 3.21739 -104 38.6997
      vertex 2.96985 -104 38.9698
    endloop
  endfacet
  facet normal 0 1 0
    outer loop
      vertex 6.69747 -104 42
      vertex 3.44044 -104 38.409
      vertex 3.21739 -104 38.6997
    endloop
  endfacet
  facet normal 0 1 0
    outer loop
      vertex 6.69747 -104 42
      vertex 3.63731 -104 38.1
      vertex 3.44044 -104 38.409
    endloop
  endfacet
  facet normal 0 1 0
    outer loop
      vertex 6.69747 -104 42
      vertex 3.80649 -104 37.775
      vertex 3.63731 -104 38.1
    endloop
  endfacet
  facet normal 0 1 0
    outer loop
      vertex 6.69747 -104 42
      vertex 3.94671 -104 37.4365
      vertex 3.80649 -104 37.775
    endloop
  endfacet
  facet normal 0 1 0
    outer loop
      vertex 6.69747 -104 42
      vertex 4.05689 -104 37.087
      vertex 3.94671 -104 37.4365
    endloop
  endfacet
  facet normal 0 1 0
    outer loop
      vertex 8.5 -104 42
      vertex 4.13619 -104 36.7293
      vertex 4.05689 -104 37.087
    endloop
  endfacet
  facet normal 0 1 0
    outer loop
      vertex 8.5 -104 42
      vertex 4.18402 -104 36.3661
      vertex 4.13619 -104 36.7293
    endloop
  endfacet
  facet normal 0 1 0
    outer loop
      vertex 8.5 -104 42
      vertex 4.2 -104 36
      vertex 4.18402 -104 36.3661
    endloop
  endfacet
  facet normal 0 1 0
    outer loop
      vertex 8.5 -104 42
      vertex 4.18402 -104 35.6339
      vertex 4.2 -104 36
    endloop
  endfacet
  facet normal 0 1 0
    outer loop
      vertex 8.5 -104 42
      vertex 4.13619 -104 35.2707
      vertex 4.18402 -104 35.6339
    endloop
  endfacet
  facet normal 0 1 -0
    outer loop
      vertex 8.5 -104 24
      vertex 4.13619 -104 35.2707
      vertex 8.5 -104 42
    endloop
  endfacet
  facet normal 0 1 0
    outer loop
      vertex 4.13619 -104 35.2707
      vertex 8.5 -104 24
      vertex 4.05689 -104 34.913
    endloop
  endfacet
  facet normal 0 1 0
    outer loop
      vertex 4.05689 -104 34.913
      vertex 8.5 -104 24
      vertex 3.94671 -104 34.5635
    endloop
  endfacet
  facet normal 0 1 0
    outer loop
      vertex 3.94671 -104 34.5635
      vertex 8.5 -104 24
      vertex 3.80649 -104 34.225
    endloop
  endfacet
  facet normal 0 1 0
    outer loop
      vertex 0.366054 -104 31.816
      vertex 8.5 -104 24
      vertex 0 -104 31.8
    endloop
  endfacet
  facet normal 0 1 0
    outer loop
      vertex 0.729321 -104 31.8638
      vertex 8.5 -104 24
      vertex 0.366054 -104 31.816
    endloop
  endfacet
  facet normal 0 1 0
    outer loop
      vertex 1.08704 -104 31.9431
      vertex 8.5 -104 24
      vertex 0.729321 -104 31.8638
    endloop
  endfacet
  facet normal 0 1 0
    outer loop
      vertex 1.43648 -104 32.0533
      vertex 8.5 -104 24
      vertex 1.08704 -104 31.9431
    endloop
  endfacet
  facet normal 0 1 0
    outer loop
      vertex 1.775 -104 32.1935
      vertex 8.5 -104 24
      vertex 1.43648 -104 32.0533
    endloop
  endfacet
  facet normal 0 1 0
    outer loop
      vertex 2.1 -104 32.3627
      vertex 8.5 -104 24
      vertex 1.775 -104 32.1935
    endloop
  endfacet
  facet normal 0 1 0
    outer loop
      vertex 2.40902 -104 32.5596
      vertex 8.5 -104 24
      vertex 2.1 -104 32.3627
    endloop
  endfacet
  facet normal 0 1 0
    outer loop
      vertex 2.69971 -104 32.7826
      vertex 8.5 -104 24
      vertex 2.40902 -104 32.5596
    endloop
  endfacet
  facet normal 0 1 0
    outer loop
      vertex 2.96985 -104 33.0302
      vertex 8.5 -104 24
      vertex 2.69971 -104 32.7826
    endloop
  endfacet
  facet normal 0 1 0
    outer loop
      vertex 3.21739 -104 33.3003
      vertex 8.5 -104 24
      vertex 2.96985 -104 33.0302
    endloop
  endfacet
  facet normal 0 1 0
    outer loop
      vertex 3.44044 -104 33.591
      vertex 8.5 -104 24
      vertex 3.21739 -104 33.3003
    endloop
  endfacet
  facet normal 0 1 0
    outer loop
      vertex 3.63731 -104 33.9
      vertex 8.5 -104 24
      vertex 3.44044 -104 33.591
    endloop
  endfacet
  facet normal 0 1 0
    outer loop
      vertex 3.80649 -104 34.225
      vertex 8.5 -104 24
      vertex 3.63731 -104 33.9
    endloop
  endfacet
  facet normal 0 1 0
    outer loop
      vertex 0.784401 -104 44.9658
      vertex -0.784401 -104 44.9658
      vertex 0 -104 45
    endloop
  endfacet
  facet normal 0 1 0
    outer loop
      vertex 1.56283 -104 44.8633
      vertex -0.784401 -104 44.9658
      vertex 0.784401 -104 44.9658
    endloop
  endfacet
  facet normal 0 1 0
    outer loop
      vertex 1.56283 -104 44.8633
      vertex -1.56283 -104 44.8633
      vertex -0.784401 -104 44.9658
    endloop
  endfacet
  facet normal 0 1 0
    outer loop
      vertex 2.32937 -104 44.6933
      vertex -1.56283 -104 44.8633
      vertex 1.56283 -104 44.8633
    endloop
  endfacet
  facet normal 0 1 0
    outer loop
      vertex 2.32937 -104 44.6933
      vertex -2.32937 -104 44.6933
      vertex -1.56283 -104 44.8633
    endloop
  endfacet
  facet normal 0 1 0
    outer loop
      vertex 3.07818 -104 44.4572
      vertex -2.32937 -104 44.6933
      vertex 2.32937 -104 44.6933
    endloop
  endfacet
  facet normal 0 1 0
    outer loop
      vertex 3.07818 -104 44.4572
      vertex -3.07818 -104 44.4572
      vertex -2.32937 -104 44.6933
    endloop
  endfacet
  facet normal 0 1 0
    outer loop
      vertex 3.80356 -104 44.1568
      vertex -3.07818 -104 44.4572
      vertex 3.07818 -104 44.4572
    endloop
  endfacet
  facet normal 0 1 0
    outer loop
      vertex 3.80356 -104 44.1568
      vertex -3.80356 -104 44.1568
      vertex -3.07818 -104 44.4572
    endloop
  endfacet
  facet normal 0 1 0
    outer loop
      vertex 4.5 -104 43.7942
      vertex -3.80356 -104 44.1568
      vertex 3.80356 -104 44.1568
    endloop
  endfacet
  facet normal 0 1 0
    outer loop
      vertex 4.5 -104 43.7942
      vertex -4.5 -104 43.7942
      vertex -3.80356 -104 44.1568
    endloop
  endfacet
  facet normal 0 1 0
    outer loop
      vertex 5.16219 -104 43.3724
      vertex -4.5 -104 43.7942
      vertex 4.5 -104 43.7942
    endloop
  endfacet
  facet normal 0 1 0
    outer loop
      vertex 5.16219 -104 43.3724
      vertex -5.16219 -104 43.3724
      vertex -4.5 -104 43.7942
    endloop
  endfacet
  facet normal 0 1 0
    outer loop
      vertex 5.78509 -104 42.8944
      vertex -5.16219 -104 43.3724
      vertex 5.16219 -104 43.3724
    endloop
  endfacet
  facet normal 0 1 0
    outer loop
      vertex 5.78509 -104 42.8944
      vertex -5.78509 -104 42.8944
      vertex -5.16219 -104 43.3724
    endloop
  endfacet
  facet normal 0 1 0
    outer loop
      vertex 6.69747 -104 42
      vertex 5.78509 -104 42.8944
      vertex 6.36396 -104 42.364
    endloop
  endfacet
  facet normal 0 1 0
    outer loop
      vertex 5.78509 -104 42.8944
      vertex 6.69747 -104 42
      vertex -5.78509 -104 42.8944
    endloop
  endfacet
  facet normal 0 1 0
    outer loop
      vertex -6.69747 -104 42
      vertex -5.78509 -104 42.8944
      vertex 6.69747 -104 42
    endloop
  endfacet
  facet normal 0 1 0
    outer loop
      vertex -5.78509 -104 42.8944
      vertex -6.69747 -104 42
      vertex -6.36396 -104 42.364
    endloop
  endfacet
  facet normal 0 1 -0
    outer loop
      vertex -0.729321 -104 40.1362
      vertex -6.69747 -104 42
      vertex -0.366054 -104 40.184
    endloop
  endfacet
  facet normal 0 1 -0
    outer loop
      vertex -1.08704 -104 40.0569
      vertex -6.69747 -104 42
      vertex -0.729321 -104 40.1362
    endloop
  endfacet
  facet normal 0 1 -0
    outer loop
      vertex -1.43648 -104 39.9467
      vertex -6.69747 -104 42
      vertex -1.08704 -104 40.0569
    endloop
  endfacet
  facet normal 0 1 -0
    outer loop
      vertex -1.775 -104 39.8065
      vertex -6.69747 -104 42
      vertex -1.43648 -104 39.9467
    endloop
  endfacet
  facet normal 0 1 -0
    outer loop
      vertex -2.1 -104 39.6373
      vertex -6.69747 -104 42
      vertex -1.775 -104 39.8065
    endloop
  endfacet
  facet normal 0 1 -0
    outer loop
      vertex -2.40902 -104 39.4404
      vertex -6.69747 -104 42
      vertex -2.1 -104 39.6373
    endloop
  endfacet
  facet normal 0 1 -0
    outer loop
      vertex -2.69971 -104 39.2174
      vertex -6.69747 -104 42
      vertex -2.40902 -104 39.4404
    endloop
  endfacet
  facet normal 0 1 -0
    outer loop
      vertex -2.96985 -104 38.9698
      vertex -6.69747 -104 42
      vertex -2.69971 -104 39.2174
    endloop
  endfacet
  facet normal 0 1 -0
    outer loop
      vertex -3.21739 -104 38.6997
      vertex -6.69747 -104 42
      vertex -2.96985 -104 38.9698
    endloop
  endfacet
  facet normal 0 1 -0
    outer loop
      vertex -3.44044 -104 38.409
      vertex -6.69747 -104 42
      vertex -3.21739 -104 38.6997
    endloop
  endfacet
  facet normal 0 1 -0
    outer loop
      vertex -3.63731 -104 38.1
      vertex -6.69747 -104 42
      vertex -3.44044 -104 38.409
    endloop
  endfacet
  facet normal 0 1 -0
    outer loop
      vertex -3.80649 -104 37.775
      vertex -6.69747 -104 42
      vertex -3.63731 -104 38.1
    endloop
  endfacet
  facet normal 0 1 -0
    outer loop
      vertex -3.94671 -104 37.4365
      vertex -6.69747 -104 42
      vertex -3.80649 -104 37.775
    endloop
  endfacet
  facet normal 0 1 -0
    outer loop
      vertex -4.05689 -104 37.087
      vertex -6.69747 -104 42
      vertex -3.94671 -104 37.4365
    endloop
  endfacet
  facet normal 0 1 0
    outer loop
      vertex -6.69747 -104 42
      vertex -4.05689 -104 37.087
      vertex -8.5 -104 42
    endloop
  endfacet
  facet normal 0 1 -0
    outer loop
      vertex -4.13619 -104 36.7293
      vertex -8.5 -104 42
      vertex -4.05689 -104 37.087
    endloop
  endfacet
  facet normal 0 1 -0
    outer loop
      vertex -4.18402 -104 36.3661
      vertex -8.5 -104 42
      vertex -4.13619 -104 36.7293
    endloop
  endfacet
  facet normal 0 1 -0
    outer loop
      vertex -4.2 -104 36
      vertex -8.5 -104 42
      vertex -4.18402 -104 36.3661
    endloop
  endfacet
  facet normal 0 1 0
    outer loop
      vertex -4.18402 -104 35.6339
      vertex -8.5 -104 42
      vertex -4.2 -104 36
    endloop
  endfacet
  facet normal 0 1 0
    outer loop
      vertex -4.13619 -104 35.2707
      vertex -8.5 -104 42
      vertex -4.18402 -104 35.6339
    endloop
  endfacet
  facet normal 0 1 0
    outer loop
      vertex -8.5 -104 24
      vertex -4.13619 -104 35.2707
      vertex -4.05689 -104 34.913
    endloop
  endfacet
  facet normal 0 1 0
    outer loop
      vertex -8.5 -104 24
      vertex -4.05689 -104 34.913
      vertex -3.94671 -104 34.5635
    endloop
  endfacet
  facet normal 0 1 0
    outer loop
      vertex -8.5 -104 24
      vertex -3.94671 -104 34.5635
      vertex -3.80649 -104 34.225
    endloop
  endfacet
  facet normal 0 1 0
    outer loop
      vertex -8.5 -104 24
      vertex -3.80649 -104 34.225
      vertex -3.63731 -104 33.9
    endloop
  endfacet
  facet normal 0 1 0
    outer loop
      vertex -8.5 -104 24
      vertex 0 -104 31.8
      vertex 8.5 -104 24
    endloop
  endfacet
  facet normal 0 1 0
    outer loop
      vertex 0 -104 31.8
      vertex -8.5 -104 24
      vertex -0.366054 -104 31.816
    endloop
  endfacet
  facet normal 0 1 0
    outer loop
      vertex -0.366054 -104 31.816
      vertex -8.5 -104 24
      vertex -0.729321 -104 31.8638
    endloop
  endfacet
  facet normal 0 1 0
    outer loop
      vertex -0.729321 -104 31.8638
      vertex -8.5 -104 24
      vertex -1.08704 -104 31.9431
    endloop
  endfacet
  facet normal 0 1 0
    outer loop
      vertex -1.08704 -104 31.9431
      vertex -8.5 -104 24
      vertex -1.43648 -104 32.0533
    endloop
  endfacet
  facet normal 0 1 0
    outer loop
      vertex -1.43648 -104 32.0533
      vertex -8.5 -104 24
      vertex -1.775 -104 32.1935
    endloop
  endfacet
  facet normal 0 1 0
    outer loop
      vertex -1.775 -104 32.1935
      vertex -8.5 -104 24
      vertex -2.1 -104 32.3627
    endloop
  endfacet
  facet normal 0 1 0
    outer loop
      vertex -2.1 -104 32.3627
      vertex -8.5 -104 24
      vertex -2.40902 -104 32.5596
    endloop
  endfacet
  facet normal 0 1 0
    outer loop
      vertex -4.13619 -104 35.2707
      vertex -8.5 -104 24
      vertex -8.5 -104 42
    endloop
  endfacet
  facet normal 0 1 0
    outer loop
      vertex -3.44044 -104 33.591
      vertex -8.5 -104 24
      vertex -3.63731 -104 33.9
    endloop
  endfacet
  facet normal 0 1 0
    outer loop
      vertex -3.21739 -104 33.3003
      vertex -8.5 -104 24
      vertex -3.44044 -104 33.591
    endloop
  endfacet
  facet normal 0 1 0
    outer loop
      vertex -2.96985 -104 33.0302
      vertex -8.5 -104 24
      vertex -3.21739 -104 33.3003
    endloop
  endfacet
  facet normal 0 1 0
    outer loop
      vertex -2.69971 -104 32.7826
      vertex -8.5 -104 24
      vertex -2.96985 -104 33.0302
    endloop
  endfacet
  facet normal 0 1 0
    outer loop
      vertex -2.40902 -104 32.5596
      vertex -8.5 -104 24
      vertex -2.69971 -104 32.7826
    endloop
  endfacet
  facet normal 0 0 -1
    outer loop
      vertex -8.5 -116 24
      vertex 8.5 -104 24
      vertex 8.5 -116 24
    endloop
  endfacet
  facet normal -0 0 -1
    outer loop
      vertex 8.5 -104 24
      vertex -8.5 -116 24
      vertex -8.5 -104 24
    endloop
  endfacet
  facet normal -0.737312 0 0.675552
    outer loop
      vertex -6.69747 -116 42
      vertex -6.36396 -104 42.364
      vertex -6.69747 -104 42
    endloop
  endfacet
  facet normal -0.737312 0 0.675552
    outer loop
      vertex -6.36396 -104 42.364
      vertex -6.69747 -116 42
      vertex -6.36396 -116 42.364
    endloop
  endfacet
  facet normal -0.130549 0 0.991442
    outer loop
      vertex -1.56283 -104 44.8633
      vertex -0.784401 -116 44.9658
      vertex -0.784401 -104 44.9658
    endloop
  endfacet
  facet normal -0.130549 0 0.991442
    outer loop
      vertex -0.784401 -116 44.9658
      vertex -1.56283 -104 44.8633
      vertex -1.56283 -116 44.8633
    endloop
  endfacet
  facet normal 0.300707 0 0.953717
    outer loop
      vertex 2.32937 -104 44.6933
      vertex 3.07818 -116 44.4572
      vertex 3.07818 -104 44.4572
    endloop
  endfacet
  facet normal 0.300707 0 0.953717
    outer loop
      vertex 3.07818 -116 44.4572
      vertex 2.32937 -104 44.6933
      vertex 2.32937 -116 44.6933
    endloop
  endfacet
  facet normal 0.537244 0 0.843427
    outer loop
      vertex 4.5 -104 43.7942
      vertex 5.16219 -116 43.3724
      vertex 5.16219 -104 43.3724
    endloop
  endfacet
  facet normal 0.537244 0 0.843427
    outer loop
      vertex 5.16219 -116 43.3724
      vertex 4.5 -104 43.7942
      vertex 4.5 -116 43.7942
    endloop
  endfacet
  facet normal 0.0435588 0 0.999051
    outer loop
      vertex 0 -104 45
      vertex 0.784401 -116 44.9658
      vertex 0.784401 -104 44.9658
    endloop
  endfacet
  facet normal 0.0435588 0 0.999051
    outer loop
      vertex 0.784401 -116 44.9658
      vertex 0 -104 45
      vertex 0 -116 45
    endloop
  endfacet
  facet normal 0.608787 0 0.793334
    outer loop
      vertex 5.16219 -104 43.3724
      vertex 5.78509 -116 42.8944
      vertex 5.78509 -104 42.8944
    endloop
  endfacet
  facet normal 0.608787 0 0.793334
    outer loop
      vertex 5.78509 -116 42.8944
      vertex 5.16219 -104 43.3724
      vertex 5.16219 -116 43.3724
    endloop
  endfacet
  facet normal -0.461805 0 0.886981
    outer loop
      vertex -4.5 -104 43.7942
      vertex -3.80356 -116 44.1568
      vertex -3.80356 -104 44.1568
    endloop
  endfacet
  facet normal -0.461805 0 0.886981
    outer loop
      vertex -3.80356 -116 44.1568
      vertex -4.5 -104 43.7942
      vertex -4.5 -116 43.7942
    endloop
  endfacet
  facet normal -0.0435588 0 0.999051
    outer loop
      vertex -0.784401 -104 44.9658
      vertex 0 -116 45
      vertex 0 -104 45
    endloop
  endfacet
  facet normal -0.0435588 0 0.999051
    outer loop
      vertex 0 -116 45
      vertex -0.784401 -104 44.9658
      vertex -0.784401 -116 44.9658
    endloop
  endfacet
  facet normal -0.300707 0 0.953717
    outer loop
      vertex -3.07818 -104 44.4572
      vertex -2.32937 -116 44.6933
      vertex -2.32937 -104 44.6933
    endloop
  endfacet
  facet normal -0.300707 0 0.953717
    outer loop
      vertex -2.32937 -116 44.6933
      vertex -3.07818 -104 44.4572
      vertex -3.07818 -116 44.4572
    endloop
  endfacet
  facet normal -0.608787 0 0.793334
    outer loop
      vertex -5.78509 -104 42.8944
      vertex -5.16219 -116 43.3724
      vertex -5.16219 -104 43.3724
    endloop
  endfacet
  facet normal -0.608787 0 0.793334
    outer loop
      vertex -5.16219 -116 43.3724
      vertex -5.78509 -104 42.8944
      vertex -5.78509 -116 42.8944
    endloop
  endfacet
  facet normal 0.382616 0 0.923908
    outer loop
      vertex 3.07818 -104 44.4572
      vertex 3.80356 -116 44.1568
      vertex 3.80356 -104 44.1568
    endloop
  endfacet
  facet normal 0.382616 0 0.923908
    outer loop
      vertex 3.80356 -116 44.1568
      vertex 3.07818 -104 44.4572
      vertex 3.07818 -116 44.4572
    endloop
  endfacet
  facet normal -0.216515 0 0.976279
    outer loop
      vertex -2.32937 -104 44.6933
      vertex -1.56283 -116 44.8633
      vertex -1.56283 -104 44.8633
    endloop
  endfacet
  facet normal -0.216515 0 0.976279
    outer loop
      vertex -1.56283 -116 44.8633
      vertex -2.32937 -104 44.6933
      vertex -2.32937 -116 44.6933
    endloop
  endfacet
  facet normal 0.461805 0 0.886981
    outer loop
      vertex 3.80356 -104 44.1568
      vertex 4.5 -116 43.7942
      vertex 4.5 -104 43.7942
    endloop
  endfacet
  facet normal 0.461805 0 0.886981
    outer loop
      vertex 4.5 -116 43.7942
      vertex 3.80356 -104 44.1568
      vertex 3.80356 -116 44.1568
    endloop
  endfacet
  facet normal -0.382616 0 0.923908
    outer loop
      vertex -3.80356 -104 44.1568
      vertex -3.07818 -116 44.4572
      vertex -3.07818 -104 44.4572
    endloop
  endfacet
  facet normal -0.382616 0 0.923908
    outer loop
      vertex -3.07818 -116 44.4572
      vertex -3.80356 -104 44.1568
      vertex -3.80356 -116 44.1568
    endloop
  endfacet
  facet normal -0.675565 0 0.737301
    outer loop
      vertex -6.36396 -104 42.364
      vertex -5.78509 -116 42.8944
      vertex -5.78509 -104 42.8944
    endloop
  endfacet
  facet normal -0.675565 0 0.737301
    outer loop
      vertex -5.78509 -116 42.8944
      vertex -6.36396 -104 42.364
      vertex -6.36396 -116 42.364
    endloop
  endfacet
  facet normal -0.537244 0 0.843427
    outer loop
      vertex -5.16219 -104 43.3724
      vertex -4.5 -116 43.7942
      vertex -4.5 -104 43.7942
    endloop
  endfacet
  facet normal -0.537244 0 0.843427
    outer loop
      vertex -4.5 -116 43.7942
      vertex -5.16219 -104 43.3724
      vertex -5.16219 -116 43.3724
    endloop
  endfacet
  facet normal 0.130549 0 0.991442
    outer loop
      vertex 0.784401 -104 44.9658
      vertex 1.56283 -116 44.8633
      vertex 1.56283 -104 44.8633
    endloop
  endfacet
  facet normal 0.130549 0 0.991442
    outer loop
      vertex 1.56283 -116 44.8633
      vertex 0.784401 -104 44.9658
      vertex 0.784401 -116 44.9658
    endloop
  endfacet
  facet normal 0.737312 -0 0.675552
    outer loop
      vertex 6.36396 -116 42.364
      vertex 6.69747 -104 42
      vertex 6.36396 -104 42.364
    endloop
  endfacet
  facet normal 0.737312 0 0.675552
    outer loop
      vertex 6.69747 -104 42
      vertex 6.36396 -116 42.364
      vertex 6.69747 -116 42
    endloop
  endfacet
  facet normal 0.675565 0 0.737301
    outer loop
      vertex 5.78509 -104 42.8944
      vertex 6.36396 -116 42.364
      vertex 6.36396 -104 42.364
    endloop
  endfacet
  facet normal 0.675565 0 0.737301
    outer loop
      vertex 6.36396 -116 42.364
      vertex 5.78509 -104 42.8944
      vertex 5.78509 -116 42.8944
    endloop
  endfacet
  facet normal 0.216515 0 0.976279
    outer loop
      vertex 1.56283 -104 44.8633
      vertex 2.32937 -116 44.6933
      vertex 2.32937 -104 44.6933
    endloop
  endfacet
  facet normal 0.216515 0 0.976279
    outer loop
      vertex 2.32937 -116 44.6933
      vertex 1.56283 -104 44.8633
      vertex 1.56283 -116 44.8633
    endloop
  endfacet
  facet normal -0.79315 0 0.609026
    outer loop
      vertex -12.6977 -3 20.9073
      vertex -12.6074 0 21.0249
      vertex -12.6977 0 20.9073
    endloop
  endfacet
  facet normal -0.79315 0 0.609026
    outer loop
      vertex -12.6074 0 21.0249
      vertex -12.6977 -3 20.9073
      vertex -12.6074 -3 21.0249
    endloop
  endfacet
  facet normal -0.953685 0 0.300809
    outer loop
      vertex -12.4025 -3 21.4186
      vertex -12.3579 0 21.56
      vertex -12.4025 0 21.4186
    endloop
  endfacet
  facet normal -0.953685 0 0.300809
    outer loop
      vertex -12.3579 0 21.56
      vertex -12.4025 -3 21.4186
      vertex -12.3579 -3 21.56
    endloop
  endfacet
  facet normal -0.991491 0 -0.130175
    outer loop
      vertex -12.3065 -3 22.1482
      vertex -12.3258 0 22.2952
      vertex -12.3065 0 22.1482
    endloop
  endfacet
  facet normal -0.991491 -0 -0.130175
    outer loop
      vertex -12.3258 0 22.2952
      vertex -12.3065 -3 22.1482
      vertex -12.3258 -3 22.2952
    endloop
  endfacet
  facet normal 0.300809 0 -0.953685
    outer loop
      vertex -14.5814 -3 23.5975
      vertex -14.44 0 23.6421
      vertex -14.44 -3 23.6421
    endloop
  endfacet
  facet normal 0.300809 0 -0.953685
    outer loop
      vertex -14.44 0 23.6421
      vertex -14.5814 -3 23.5975
      vertex -14.5814 0 23.5975
    endloop
  endfacet
  facet normal -0.609026 0 0.79315
    outer loop
      vertex -13.0249 0 20.6074
      vertex -12.9073 -3 20.6977
      vertex -12.9073 0 20.6977
    endloop
  endfacet
  facet normal -0.609026 0 0.79315
    outer loop
      vertex -12.9073 -3 20.6977
      vertex -13.0249 0 20.6074
      vertex -13.0249 -3 20.6074
    endloop
  endfacet
  facet normal 0.737434 0 -0.675419
    outer loop
      vertex -15.2021 -3 23.2021
      vertex -15.3023 0 23.0927
      vertex -15.2021 0 23.2021
    endloop
  endfacet
  facet normal 0.737434 0 -0.675419
    outer loop
      vertex -15.3023 0 23.0927
      vertex -15.2021 -3 23.2021
      vertex -15.3023 -3 23.0927
    endloop
  endfacet
  facet normal -0.216431 0 -0.976298
    outer loop
      vertex -13.7048 -3 23.6742
      vertex -13.56 0 23.6421
      vertex -13.56 -3 23.6421
    endloop
  endfacet
  facet normal -0.216431 0 -0.976298
    outer loop
      vertex -13.56 0 23.6421
      vertex -13.7048 -3 23.6742
      vertex -13.7048 0 23.6742
    endloop
  endfacet
  facet normal 0.382749 0 -0.923853
    outer loop
      vertex -14.7185 -3 23.5407
      vertex -14.5814 0 23.5975
      vertex -14.5814 -3 23.5975
    endloop
  endfacet
  facet normal 0.382749 0 -0.923853
    outer loop
      vertex -14.5814 0 23.5975
      vertex -14.7185 -3 23.5407
      vertex -14.7185 0 23.5407
    endloop
  endfacet
  facet normal -0.923853 0 -0.382749
    outer loop
      vertex -12.4025 -3 22.5814
      vertex -12.4593 0 22.7185
      vertex -12.4025 0 22.5814
    endloop
  endfacet
  facet normal -0.923853 -0 -0.382749
    outer loop
      vertex -12.4593 0 22.7185
      vertex -12.4025 -3 22.5814
      vertex -12.4593 -3 22.7185
    endloop
  endfacet
  facet normal -0.737434 0 0.675419
    outer loop
      vertex -12.7979 -3 20.7979
      vertex -12.6977 0 20.9073
      vertex -12.7979 0 20.7979
    endloop
  endfacet
  facet normal -0.737434 0 0.675419
    outer loop
      vertex -12.6977 0 20.9073
      vertex -12.7979 -3 20.7979
      vertex -12.6977 -3 20.9073
    endloop
  endfacet
  facet normal -0.609026 0 -0.79315
    outer loop
      vertex -13.0249 -3 23.3926
      vertex -12.9073 0 23.3023
      vertex -12.9073 -3 23.3023
    endloop
  endfacet
  facet normal -0.609026 0 -0.79315
    outer loop
      vertex -12.9073 0 23.3023
      vertex -13.0249 -3 23.3926
      vertex -13.0249 0 23.3926
    endloop
  endfacet
  facet normal -0.300809 0 0.953685
    outer loop
      vertex -13.56 0 20.3579
      vertex -13.4186 -3 20.4025
      vertex -13.4186 0 20.4025
    endloop
  endfacet
  facet normal -0.300809 0 0.953685
    outer loop
      vertex -13.4186 -3 20.4025
      vertex -13.56 0 20.3579
      vertex -13.56 -3 20.3579
    endloop
  endfacet
  facet normal -0.886885 0 0.46199
    outer loop
      vertex -12.5278 -3 21.15
      vertex -12.4593 0 21.2815
      vertex -12.5278 0 21.15
    endloop
  endfacet
  facet normal -0.886885 0 0.46199
    outer loop
      vertex -12.4593 0 21.2815
      vertex -12.5278 -3 21.15
      vertex -12.4593 -3 21.2815
    endloop
  endfacet
  facet normal 0.216431 0 -0.976298
    outer loop
      vertex -14.44 -3 23.6421
      vertex -14.2952 0 23.6742
      vertex -14.2952 -3 23.6742
    endloop
  endfacet
  facet normal 0.216431 0 -0.976298
    outer loop
      vertex -14.2952 0 23.6742
      vertex -14.44 -3 23.6421
      vertex -14.44 0 23.6421
    endloop
  endfacet
  facet normal 0.923853 -0 0.382749
    outer loop
      vertex -15.5975 -3 21.4186
      vertex -15.5407 0 21.2815
      vertex -15.5975 0 21.4186
    endloop
  endfacet
  facet normal 0.923853 0 0.382749
    outer loop
      vertex -15.5407 0 21.2815
      vertex -15.5975 -3 21.4186
      vertex -15.5407 -3 21.2815
    endloop
  endfacet
  facet normal -0.843689 0 -0.536832
    outer loop
      vertex -12.5278 -3 22.85
      vertex -12.6074 0 22.9751
      vertex -12.5278 0 22.85
    endloop
  endfacet
  facet normal -0.843689 -0 -0.536832
    outer loop
      vertex -12.6074 0 22.9751
      vertex -12.5278 -3 22.85
      vertex -12.6074 -3 22.9751
    endloop
  endfacet
  facet normal -0.46199 0 -0.886885
    outer loop
      vertex -13.2815 -3 23.5407
      vertex -13.15 0 23.4722
      vertex -13.15 -3 23.4722
    endloop
  endfacet
  facet normal -0.46199 0 -0.886885
    outer loop
      vertex -13.15 0 23.4722
      vertex -13.2815 -3 23.5407
      vertex -13.2815 0 23.5407
    endloop
  endfacet
  facet normal 0.99904 0 -0.0438175
    outer loop
      vertex -15.6935 -3 22.1482
      vertex -15.7 0 22
      vertex -15.6935 0 22.1482
    endloop
  endfacet
  facet normal 0.99904 0 -0.0438175
    outer loop
      vertex -15.7 0 22
      vertex -15.6935 -3 22.1482
      vertex -15.7 -3 22
    endloop
  endfacet
  facet normal 0.382749 0 0.923853
    outer loop
      vertex -14.7185 0 20.4593
      vertex -14.5814 -3 20.4025
      vertex -14.5814 0 20.4025
    endloop
  endfacet
  facet normal 0.382749 0 0.923853
    outer loop
      vertex -14.5814 -3 20.4025
      vertex -14.7185 0 20.4593
      vertex -14.7185 -3 20.4593
    endloop
  endfacet
  facet normal -0.99904 0 -0.0438175
    outer loop
      vertex -12.3 -3 22
      vertex -12.3065 0 22.1482
      vertex -12.3 0 22
    endloop
  endfacet
  facet normal -0.99904 -0 -0.0438175
    outer loop
      vertex -12.3065 0 22.1482
      vertex -12.3 -3 22
      vertex -12.3065 -3 22.1482
    endloop
  endfacet
  facet normal 0.300809 0 0.953685
    outer loop
      vertex -14.5814 0 20.4025
      vertex -14.44 -3 20.3579
      vertex -14.44 0 20.3579
    endloop
  endfacet
  facet normal 0.300809 0 0.953685
    outer loop
      vertex -14.44 -3 20.3579
      vertex -14.5814 0 20.4025
      vertex -14.5814 -3 20.4025
    endloop
  endfacet
  facet normal -0.99904 0 0.0438175
    outer loop
      vertex -12.3065 -3 21.8518
      vertex -12.3 0 22
      vertex -12.3065 0 21.8518
    endloop
  endfacet
  facet normal -0.99904 0 0.0438175
    outer loop
      vertex -12.3 0 22
      vertex -12.3065 -3 21.8518
      vertex -12.3 -3 22
    endloop
  endfacet
  facet normal 0.536832 0 0.843689
    outer loop
      vertex -14.9751 0 20.6074
      vertex -14.85 -3 20.5278
      vertex -14.85 0 20.5278
    endloop
  endfacet
  facet normal 0.536832 0 0.843689
    outer loop
      vertex -14.85 -3 20.5278
      vertex -14.9751 0 20.6074
      vertex -14.9751 -3 20.6074
    endloop
  endfacet
  facet normal -0.976298 0 -0.216431
    outer loop
      vertex -12.3258 -3 22.2952
      vertex -12.3579 0 22.44
      vertex -12.3258 0 22.2952
    endloop
  endfacet
  facet normal -0.976298 -0 -0.216431
    outer loop
      vertex -12.3579 0 22.44
      vertex -12.3258 -3 22.2952
      vertex -12.3579 -3 22.44
    endloop
  endfacet
  facet normal 0.79315 -0 0.609026
    outer loop
      vertex -15.3926 -3 21.0249
      vertex -15.3023 0 20.9073
      vertex -15.3926 0 21.0249
    endloop
  endfacet
  facet normal 0.79315 0 0.609026
    outer loop
      vertex -15.3023 0 20.9073
      vertex -15.3926 -3 21.0249
      vertex -15.3023 -3 20.9073
    endloop
  endfacet
  facet normal 0.886885 -0 0.46199
    outer loop
      vertex -15.5407 -3 21.2815
      vertex -15.4722 0 21.15
      vertex -15.5407 0 21.2815
    endloop
  endfacet
  facet normal 0.886885 0 0.46199
    outer loop
      vertex -15.4722 0 21.15
      vertex -15.5407 -3 21.2815
      vertex -15.4722 -3 21.15
    endloop
  endfacet
  facet normal 0.46199 0 0.886885
    outer loop
      vertex -14.85 0 20.5278
      vertex -14.7185 -3 20.4593
      vertex -14.7185 0 20.4593
    endloop
  endfacet
  facet normal 0.46199 0 0.886885
    outer loop
      vertex -14.7185 -3 20.4593
      vertex -14.85 0 20.5278
      vertex -14.85 -3 20.5278
    endloop
  endfacet
  facet normal 0.675419 0 -0.737434
    outer loop
      vertex -15.2021 -3 23.2021
      vertex -15.0927 0 23.3023
      vertex -15.0927 -3 23.3023
    endloop
  endfacet
  facet normal 0.675419 0 -0.737434
    outer loop
      vertex -15.0927 0 23.3023
      vertex -15.2021 -3 23.2021
      vertex -15.2021 0 23.2021
    endloop
  endfacet
  facet normal 0.976298 -0 0.216431
    outer loop
      vertex -15.6742 -3 21.7048
      vertex -15.6421 0 21.56
      vertex -15.6742 0 21.7048
    endloop
  endfacet
  facet normal 0.976298 0 0.216431
    outer loop
      vertex -15.6421 0 21.56
      vertex -15.6742 -3 21.7048
      vertex -15.6421 -3 21.56
    endloop
  endfacet
  facet normal -0.536832 0 0.843689
    outer loop
      vertex -13.15 0 20.5278
      vertex -13.0249 -3 20.6074
      vertex -13.0249 0 20.6074
    endloop
  endfacet
  facet normal -0.536832 0 0.843689
    outer loop
      vertex -13.0249 -3 20.6074
      vertex -13.15 0 20.5278
      vertex -13.15 -3 20.5278
    endloop
  endfacet
  facet normal -0.923853 0 0.382749
    outer loop
      vertex -12.4593 -3 21.2815
      vertex -12.4025 0 21.4186
      vertex -12.4593 0 21.2815
    endloop
  endfacet
  facet normal -0.923853 0 0.382749
    outer loop
      vertex -12.4025 0 21.4186
      vertex -12.4593 -3 21.2815
      vertex -12.4025 -3 21.4186
    endloop
  endfacet
  facet normal -0.79315 0 -0.609026
    outer loop
      vertex -12.6074 -3 22.9751
      vertex -12.6977 0 23.0927
      vertex -12.6074 0 22.9751
    endloop
  endfacet
  facet normal -0.79315 -0 -0.609026
    outer loop
      vertex -12.6977 0 23.0927
      vertex -12.6074 -3 22.9751
      vertex -12.6977 -3 23.0927
    endloop
  endfacet
  facet normal -0.216431 0 0.976298
    outer loop
      vertex -13.7048 0 20.3258
      vertex -13.56 -3 20.3579
      vertex -13.56 0 20.3579
    endloop
  endfacet
  facet normal -0.216431 0 0.976298
    outer loop
      vertex -13.56 -3 20.3579
      vertex -13.7048 0 20.3258
      vertex -13.7048 -3 20.3258
    endloop
  endfacet
  facet normal 0.737434 -0 0.675419
    outer loop
      vertex -15.3023 -3 20.9073
      vertex -15.2021 0 20.7979
      vertex -15.3023 0 20.9073
    endloop
  endfacet
  facet normal 0.737434 0 0.675419
    outer loop
      vertex -15.2021 0 20.7979
      vertex -15.3023 -3 20.9073
      vertex -15.2021 -3 20.7979
    endloop
  endfacet
  facet normal 0.216431 0 0.976298
    outer loop
      vertex -14.44 0 20.3579
      vertex -14.2952 -3 20.3258
      vertex -14.2952 0 20.3258
    endloop
  endfacet
  facet normal 0.216431 0 0.976298
    outer loop
      vertex -14.2952 -3 20.3258
      vertex -14.44 0 20.3579
      vertex -14.44 -3 20.3579
    endloop
  endfacet
  facet normal 0.79315 0 -0.609026
    outer loop
      vertex -15.3023 -3 23.0927
      vertex -15.3926 0 22.9751
      vertex -15.3023 0 23.0927
    endloop
  endfacet
  facet normal 0.79315 0 -0.609026
    outer loop
      vertex -15.3926 0 22.9751
      vertex -15.3023 -3 23.0927
      vertex -15.3926 -3 22.9751
    endloop
  endfacet
  facet normal -0.953685 0 -0.300809
    outer loop
      vertex -12.3579 -3 22.44
      vertex -12.4025 0 22.5814
      vertex -12.3579 0 22.44
    endloop
  endfacet
  facet normal -0.953685 -0 -0.300809
    outer loop
      vertex -12.4025 0 22.5814
      vertex -12.3579 -3 22.44
      vertex -12.4025 -3 22.5814
    endloop
  endfacet
  facet normal 0.130175 0 -0.991491
    outer loop
      vertex -14.2952 -3 23.6742
      vertex -14.1482 0 23.6935
      vertex -14.1482 -3 23.6935
    endloop
  endfacet
  facet normal 0.130175 0 -0.991491
    outer loop
      vertex -14.1482 0 23.6935
      vertex -14.2952 -3 23.6742
      vertex -14.2952 0 23.6742
    endloop
  endfacet
  facet normal 0.0438175 0 0.99904
    outer loop
      vertex -14.1482 0 20.3065
      vertex -14 -3 20.3
      vertex -14 0 20.3
    endloop
  endfacet
  facet normal 0.0438175 0 0.99904
    outer loop
      vertex -14 -3 20.3
      vertex -14.1482 0 20.3065
      vertex -14.1482 -3 20.3065
    endloop
  endfacet
  facet normal 0.953685 0 -0.300809
    outer loop
      vertex -15.5975 -3 22.5814
      vertex -15.6421 0 22.44
      vertex -15.5975 0 22.5814
    endloop
  endfacet
  facet normal 0.953685 0 -0.300809
    outer loop
      vertex -15.6421 0 22.44
      vertex -15.5975 -3 22.5814
      vertex -15.6421 -3 22.44
    endloop
  endfacet
  facet normal -0.843689 0 0.536832
    outer loop
      vertex -12.6074 -3 21.0249
      vertex -12.5278 0 21.15
      vertex -12.6074 0 21.0249
    endloop
  endfacet
  facet normal -0.843689 0 0.536832
    outer loop
      vertex -12.5278 0 21.15
      vertex -12.6074 -3 21.0249
      vertex -12.5278 -3 21.15
    endloop
  endfacet
  facet normal 0.991491 -0 0.130175
    outer loop
      vertex -15.6935 -3 21.8518
      vertex -15.6742 0 21.7048
      vertex -15.6935 0 21.8518
    endloop
  endfacet
  facet normal 0.991491 0 0.130175
    outer loop
      vertex -15.6742 0 21.7048
      vertex -15.6935 -3 21.8518
      vertex -15.6742 -3 21.7048
    endloop
  endfacet
  facet normal -0.675419 0 -0.737434
    outer loop
      vertex -12.9073 -3 23.3023
      vertex -12.7979 0 23.2021
      vertex -12.7979 -3 23.2021
    endloop
  endfacet
  facet normal -0.675419 0 -0.737434
    outer loop
      vertex -12.7979 0 23.2021
      vertex -12.9073 -3 23.3023
      vertex -12.9073 0 23.3023
    endloop
  endfacet
  facet normal -0.886885 0 -0.46199
    outer loop
      vertex -12.4593 -3 22.7185
      vertex -12.5278 0 22.85
      vertex -12.4593 0 22.7185
    endloop
  endfacet
  facet normal -0.886885 -0 -0.46199
    outer loop
      vertex -12.5278 0 22.85
      vertex -12.4593 -3 22.7185
      vertex -12.5278 -3 22.85
    endloop
  endfacet
  facet normal -0.0438175 0 0.99904
    outer loop
      vertex -14 0 20.3
      vertex -13.8518 -3 20.3065
      vertex -13.8518 0 20.3065
    endloop
  endfacet
  facet normal -0.0438175 0 0.99904
    outer loop
      vertex -13.8518 -3 20.3065
      vertex -14 0 20.3
      vertex -14 -3 20.3
    endloop
  endfacet
  facet normal -0.991491 0 0.130175
    outer loop
      vertex -12.3258 -3 21.7048
      vertex -12.3065 0 21.8518
      vertex -12.3258 0 21.7048
    endloop
  endfacet
  facet normal -0.991491 0 0.130175
    outer loop
      vertex -12.3065 0 21.8518
      vertex -12.3258 -3 21.7048
      vertex -12.3065 -3 21.8518
    endloop
  endfacet
  facet normal -0.737434 0 -0.675419
    outer loop
      vertex -12.6977 -3 23.0927
      vertex -12.7979 0 23.2021
      vertex -12.6977 0 23.0927
    endloop
  endfacet
  facet normal -0.737434 -0 -0.675419
    outer loop
      vertex -12.7979 0 23.2021
      vertex -12.6977 -3 23.0927
      vertex -12.7979 -3 23.2021
    endloop
  endfacet
  facet normal -0.536832 0 -0.843689
    outer loop
      vertex -13.15 -3 23.4722
      vertex -13.0249 0 23.3926
      vertex -13.0249 -3 23.3926
    endloop
  endfacet
  facet normal -0.536832 0 -0.843689
    outer loop
      vertex -13.0249 0 23.3926
      vertex -13.15 -3 23.4722
      vertex -13.15 0 23.4722
    endloop
  endfacet
  facet normal 0.609026 0 -0.79315
    outer loop
      vertex -15.0927 -3 23.3023
      vertex -14.9751 0 23.3926
      vertex -14.9751 -3 23.3926
    endloop
  endfacet
  facet normal 0.609026 0 -0.79315
    outer loop
      vertex -14.9751 0 23.3926
      vertex -15.0927 -3 23.3023
      vertex -15.0927 0 23.3023
    endloop
  endfacet
  facet normal -0.382749 0 -0.923853
    outer loop
      vertex -13.4186 -3 23.5975
      vertex -13.2815 0 23.5407
      vertex -13.2815 -3 23.5407
    endloop
  endfacet
  facet normal -0.382749 0 -0.923853
    outer loop
      vertex -13.2815 0 23.5407
      vertex -13.4186 -3 23.5975
      vertex -13.4186 0 23.5975
    endloop
  endfacet
  facet normal 0.991491 0 -0.130175
    outer loop
      vertex -15.6742 -3 22.2952
      vertex -15.6935 0 22.1482
      vertex -15.6742 0 22.2952
    endloop
  endfacet
  facet normal 0.991491 0 -0.130175
    outer loop
      vertex -15.6935 0 22.1482
      vertex -15.6742 -3 22.2952
      vertex -15.6935 -3 22.1482
    endloop
  endfacet
  facet normal -0.675419 0 0.737434
    outer loop
      vertex -12.9073 0 20.6977
      vertex -12.7979 -3 20.7979
      vertex -12.7979 0 20.7979
    endloop
  endfacet
  facet normal -0.675419 0 0.737434
    outer loop
      vertex -12.7979 -3 20.7979
      vertex -12.9073 0 20.6977
      vertex -12.9073 -3 20.6977
    endloop
  endfacet
  facet normal 0.976298 0 -0.216431
    outer loop
      vertex -15.6421 -3 22.44
      vertex -15.6742 0 22.2952
      vertex -15.6421 0 22.44
    endloop
  endfacet
  facet normal 0.976298 0 -0.216431
    outer loop
      vertex -15.6742 0 22.2952
      vertex -15.6421 -3 22.44
      vertex -15.6742 -3 22.2952
    endloop
  endfacet
  facet normal 0.843689 0 -0.536832
    outer loop
      vertex -15.3926 -3 22.9751
      vertex -15.4722 0 22.85
      vertex -15.3926 0 22.9751
    endloop
  endfacet
  facet normal 0.843689 0 -0.536832
    outer loop
      vertex -15.4722 0 22.85
      vertex -15.3926 -3 22.9751
      vertex -15.4722 -3 22.85
    endloop
  endfacet
  facet normal -0.130175 0 0.991491
    outer loop
      vertex -13.8518 0 20.3065
      vertex -13.7048 -3 20.3258
      vertex -13.7048 0 20.3258
    endloop
  endfacet
  facet normal -0.130175 0 0.991491
    outer loop
      vertex -13.7048 -3 20.3258
      vertex -13.8518 0 20.3065
      vertex -13.8518 -3 20.3065
    endloop
  endfacet
  facet normal -0.976298 0 0.216431
    outer loop
      vertex -12.3579 -3 21.56
      vertex -12.3258 0 21.7048
      vertex -12.3579 0 21.56
    endloop
  endfacet
  facet normal -0.976298 0 0.216431
    outer loop
      vertex -12.3258 0 21.7048
      vertex -12.3579 -3 21.56
      vertex -12.3258 -3 21.7048
    endloop
  endfacet
  facet normal 0.843689 -0 0.536832
    outer loop
      vertex -15.4722 -3 21.15
      vertex -15.3926 0 21.0249
      vertex -15.4722 0 21.15
    endloop
  endfacet
  facet normal 0.843689 0 0.536832
    outer loop
      vertex -15.3926 0 21.0249
      vertex -15.4722 -3 21.15
      vertex -15.3926 -3 21.0249
    endloop
  endfacet
  facet normal 0.0438175 0 -0.99904
    outer loop
      vertex -14.1482 -3 23.6935
      vertex -14 0 23.7
      vertex -14 -3 23.7
    endloop
  endfacet
  facet normal 0.0438175 0 -0.99904
    outer loop
      vertex -14 0 23.7
      vertex -14.1482 -3 23.6935
      vertex -14.1482 0 23.6935
    endloop
  endfacet
  facet normal 0.923853 0 -0.382749
    outer loop
      vertex -15.5407 -3 22.7185
      vertex -15.5975 0 22.5814
      vertex -15.5407 0 22.7185
    endloop
  endfacet
  facet normal 0.923853 0 -0.382749
    outer loop
      vertex -15.5975 0 22.5814
      vertex -15.5407 -3 22.7185
      vertex -15.5975 -3 22.5814
    endloop
  endfacet
  facet normal 0.953685 -0 0.300809
    outer loop
      vertex -15.6421 -3 21.56
      vertex -15.5975 0 21.4186
      vertex -15.6421 0 21.56
    endloop
  endfacet
  facet normal 0.953685 0 0.300809
    outer loop
      vertex -15.5975 0 21.4186
      vertex -15.6421 -3 21.56
      vertex -15.5975 -3 21.4186
    endloop
  endfacet
  facet normal 0.675419 0 0.737434
    outer loop
      vertex -15.2021 0 20.7979
      vertex -15.0927 -3 20.6977
      vertex -15.0927 0 20.6977
    endloop
  endfacet
  facet normal 0.675419 0 0.737434
    outer loop
      vertex -15.0927 -3 20.6977
      vertex -15.2021 0 20.7979
      vertex -15.2021 -3 20.7979
    endloop
  endfacet
  facet normal -0.300809 0 -0.953685
    outer loop
      vertex -13.56 -3 23.6421
      vertex -13.4186 0 23.5975
      vertex -13.4186 -3 23.5975
    endloop
  endfacet
  facet normal -0.300809 0 -0.953685
    outer loop
      vertex -13.4186 0 23.5975
      vertex -13.56 -3 23.6421
      vertex -13.56 0 23.6421
    endloop
  endfacet
  facet normal -0.382749 0 0.923853
    outer loop
      vertex -13.4186 0 20.4025
      vertex -13.2815 -3 20.4593
      vertex -13.2815 0 20.4593
    endloop
  endfacet
  facet normal -0.382749 0 0.923853
    outer loop
      vertex -13.2815 -3 20.4593
      vertex -13.4186 0 20.4025
      vertex -13.4186 -3 20.4025
    endloop
  endfacet
  facet normal -0.46199 0 0.886885
    outer loop
      vertex -13.2815 0 20.4593
      vertex -13.15 -3 20.5278
      vertex -13.15 0 20.5278
    endloop
  endfacet
  facet normal -0.46199 0 0.886885
    outer loop
      vertex -13.15 -3 20.5278
      vertex -13.2815 0 20.4593
      vertex -13.2815 -3 20.4593
    endloop
  endfacet
  facet normal 0.536832 0 -0.843689
    outer loop
      vertex -14.9751 -3 23.3926
      vertex -14.85 0 23.4722
      vertex -14.85 -3 23.4722
    endloop
  endfacet
  facet normal 0.536832 0 -0.843689
    outer loop
      vertex -14.85 0 23.4722
      vertex -14.9751 -3 23.3926
      vertex -14.9751 0 23.3926
    endloop
  endfacet
  facet normal 0.46199 0 -0.886885
    outer loop
      vertex -14.85 -3 23.4722
      vertex -14.7185 0 23.5407
      vertex -14.7185 -3 23.5407
    endloop
  endfacet
  facet normal 0.46199 0 -0.886885
    outer loop
      vertex -14.7185 0 23.5407
      vertex -14.85 -3 23.4722
      vertex -14.85 0 23.4722
    endloop
  endfacet
  facet normal 0.886885 0 -0.46199
    outer loop
      vertex -15.4722 -3 22.85
      vertex -15.5407 0 22.7185
      vertex -15.4722 0 22.85
    endloop
  endfacet
  facet normal 0.886885 0 -0.46199
    outer loop
      vertex -15.5407 0 22.7185
      vertex -15.4722 -3 22.85
      vertex -15.5407 -3 22.7185
    endloop
  endfacet
  facet normal -0.0438175 0 -0.99904
    outer loop
      vertex -14 -3 23.7
      vertex -13.8518 0 23.6935
      vertex -13.8518 -3 23.6935
    endloop
  endfacet
  facet normal -0.0438175 0 -0.99904
    outer loop
      vertex -13.8518 0 23.6935
      vertex -14 -3 23.7
      vertex -14 0 23.7
    endloop
  endfacet
  facet normal 0.99904 -0 0.0438175
    outer loop
      vertex -15.7 -3 22
      vertex -15.6935 0 21.8518
      vertex -15.7 0 22
    endloop
  endfacet
  facet normal 0.99904 0 0.0438175
    outer loop
      vertex -15.6935 0 21.8518
      vertex -15.7 -3 22
      vertex -15.6935 -3 21.8518
    endloop
  endfacet
  facet normal 0.130175 0 0.991491
    outer loop
      vertex -14.2952 0 20.3258
      vertex -14.1482 -3 20.3065
      vertex -14.1482 0 20.3065
    endloop
  endfacet
  facet normal 0.130175 0 0.991491
    outer loop
      vertex -14.1482 -3 20.3065
      vertex -14.2952 0 20.3258
      vertex -14.2952 -3 20.3258
    endloop
  endfacet
  facet normal -0.130175 0 -0.991491
    outer loop
      vertex -13.8518 -3 23.6935
      vertex -13.7048 0 23.6742
      vertex -13.7048 -3 23.6742
    endloop
  endfacet
  facet normal -0.130175 0 -0.991491
    outer loop
      vertex -13.7048 0 23.6742
      vertex -13.8518 -3 23.6935
      vertex -13.8518 0 23.6935
    endloop
  endfacet
  facet normal 0.609026 0 0.79315
    outer loop
      vertex -15.0927 0 20.6977
      vertex -14.9751 -3 20.6074
      vertex -14.9751 0 20.6074
    endloop
  endfacet
  facet normal 0.609026 0 0.79315
    outer loop
      vertex -14.9751 -3 20.6074
      vertex -15.0927 0 20.6977
      vertex -15.0927 -3 20.6977
    endloop
  endfacet
  facet normal -0 0 1
    outer loop
      vertex -15.732 -3 19
      vertex -12.268 -6 19
      vertex -12.268 -3 19
    endloop
  endfacet
  facet normal 0 0 1
    outer loop
      vertex -12.268 -6 19
      vertex -15.732 -3 19
      vertex -15.732 -6 19
    endloop
  endfacet
  facet normal -0.866007 0 0.500032
    outer loop
      vertex -11.5 -6 20.3301
      vertex -12.268 -3 19
      vertex -12.268 -6 19
    endloop
  endfacet
  facet normal -0.866019 -1.28739e-05 0.500011
    outer loop
      vertex -12.268 -3 19
      vertex -11.5 -6 20.3301
      vertex -10.5359 -3 22
    endloop
  endfacet
  facet normal -0.866029 0 0.499993
    outer loop
      vertex -10.5359 -6.4 22
      vertex -11.5 -6 20.3301
      vertex -11.5 -6.4 20.3301
    endloop
  endfacet
  facet normal -0.866029 0 0.499993
    outer loop
      vertex -11.5 -6 20.3301
      vertex -10.5359 -6.4 22
      vertex -10.5359 -3 22
    endloop
  endfacet
  facet normal 0 0 -1
    outer loop
      vertex -15.732 -6 25
      vertex -12.268 -3 25
      vertex -12.268 -6 25
    endloop
  endfacet
  facet normal -0 0 -1
    outer loop
      vertex -12.268 -3 25
      vertex -15.732 -6 25
      vertex -15.732 -3 25
    endloop
  endfacet
  facet normal -0.866019 -1.28739e-05 -0.500011
    outer loop
      vertex -10.5359 -3 22
      vertex -11.5 -6 23.6699
      vertex -12.268 -3 25
    endloop
  endfacet
  facet normal -0.866029 0 -0.499993
    outer loop
      vertex -10.5359 -6.4 22
      vertex -11.5 -6 23.6699
      vertex -10.5359 -3 22
    endloop
  endfacet
  facet normal -0.866029 -0 -0.499993
    outer loop
      vertex -11.5 -6 23.6699
      vertex -10.5359 -6.4 22
      vertex -11.5 -6.4 23.6699
    endloop
  endfacet
  facet normal -0.866007 -0 -0.500032
    outer loop
      vertex -12.268 -3 25
      vertex -11.5 -6 23.6699
      vertex -12.268 -6 25
    endloop
  endfacet
  facet normal 0.866019 0 -0.500011
    outer loop
      vertex -15.732 -6 25
      vertex -17.4641 -3 22
      vertex -15.732 -3 25
    endloop
  endfacet
  facet normal 0.866019 0 -0.500011
    outer loop
      vertex -17.4641 -3 22
      vertex -15.732 -6 25
      vertex -17.4641 -6 22
    endloop
  endfacet
  facet normal 0.866019 -0 0.500011
    outer loop
      vertex -17.4641 -6 22
      vertex -15.732 -3 19
      vertex -17.4641 -3 22
    endloop
  endfacet
  facet normal 0.866019 0 0.500011
    outer loop
      vertex -15.732 -3 19
      vertex -17.4641 -6 22
      vertex -15.732 -6 19
    endloop
  endfacet
  facet normal 0 1 0
    outer loop
      vertex -11.5 -6.4 23.6699
      vertex -10.5359 -6.4 22
      vertex -11.5 -6.4 20.3301
    endloop
  endfacet
  facet normal 0 -1 0
    outer loop
      vertex -15.732 -3 25
      vertex -14 -3 23.7
      vertex -12.268 -3 25
    endloop
  endfacet
  facet normal 0 -1 0
    outer loop
      vertex -15.732 -3 25
      vertex -14.1482 -3 23.6935
      vertex -14 -3 23.7
    endloop
  endfacet
  facet normal 0 -1 0
    outer loop
      vertex -15.732 -3 25
      vertex -14.2952 -3 23.6742
      vertex -14.1482 -3 23.6935
    endloop
  endfacet
  facet normal 0 -1 0
    outer loop
      vertex -15.732 -3 25
      vertex -14.44 -3 23.6421
      vertex -14.2952 -3 23.6742
    endloop
  endfacet
  facet normal 0 -1 0
    outer loop
      vertex -15.732 -3 25
      vertex -14.5814 -3 23.5975
      vertex -14.44 -3 23.6421
    endloop
  endfacet
  facet normal 0 -1 0
    outer loop
      vertex -15.732 -3 25
      vertex -14.7185 -3 23.5407
      vertex -14.5814 -3 23.5975
    endloop
  endfacet
  facet normal 0 -1 0
    outer loop
      vertex -15.732 -3 25
      vertex -14.85 -3 23.4722
      vertex -14.7185 -3 23.5407
    endloop
  endfacet
  facet normal 0 -1 0
    outer loop
      vertex -15.732 -3 25
      vertex -14.9751 -3 23.3926
      vertex -14.85 -3 23.4722
    endloop
  endfacet
  facet normal 0 -1 0
    outer loop
      vertex -15.732 -3 25
      vertex -15.0927 -3 23.3023
      vertex -14.9751 -3 23.3926
    endloop
  endfacet
  facet normal 0 -1 0
    outer loop
      vertex -15.732 -3 25
      vertex -15.2021 -3 23.2021
      vertex -15.0927 -3 23.3023
    endloop
  endfacet
  facet normal 0 -1 0
    outer loop
      vertex -15.732 -3 25
      vertex -15.3023 -3 23.0927
      vertex -15.2021 -3 23.2021
    endloop
  endfacet
  facet normal 0 -1 0
    outer loop
      vertex -15.732 -3 25
      vertex -15.3926 -3 22.9751
      vertex -15.3023 -3 23.0927
    endloop
  endfacet
  facet normal 0 -1 0
    outer loop
      vertex -15.732 -3 25
      vertex -15.4722 -3 22.85
      vertex -15.3926 -3 22.9751
    endloop
  endfacet
  facet normal 0 -1 0
    outer loop
      vertex -17.4641 -3 22
      vertex -15.4722 -3 22.85
      vertex -15.732 -3 25
    endloop
  endfacet
  facet normal 0 -1 0
    outer loop
      vertex -15.4722 -3 22.85
      vertex -17.4641 -3 22
      vertex -15.5407 -3 22.7185
    endloop
  endfacet
  facet normal 0 -1 0
    outer loop
      vertex -15.5407 -3 22.7185
      vertex -17.4641 -3 22
      vertex -15.5975 -3 22.5814
    endloop
  endfacet
  facet normal 0 -1 0
    outer loop
      vertex -15.5975 -3 22.5814
      vertex -17.4641 -3 22
      vertex -15.6421 -3 22.44
    endloop
  endfacet
  facet normal 0 -1 0
    outer loop
      vertex -15.6421 -3 22.44
      vertex -17.4641 -3 22
      vertex -15.6742 -3 22.2952
    endloop
  endfacet
  facet normal 0 -1 0
    outer loop
      vertex -15.6742 -3 22.2952
      vertex -17.4641 -3 22
      vertex -15.6935 -3 22.1482
    endloop
  endfacet
  facet normal 0 -1 0
    outer loop
      vertex -17.4641 -3 22
      vertex -15.7 -3 22
      vertex -15.6935 -3 22.1482
    endloop
  endfacet
  facet normal 0 -1 0
    outer loop
      vertex -17.4641 -3 22
      vertex -15.6935 -3 21.8518
      vertex -15.7 -3 22
    endloop
  endfacet
  facet normal 0 -1 0
    outer loop
      vertex -17.4641 -3 22
      vertex -15.6742 -3 21.7048
      vertex -15.6935 -3 21.8518
    endloop
  endfacet
  facet normal 0 -1 0
    outer loop
      vertex -17.4641 -3 22
      vertex -15.6421 -3 21.56
      vertex -15.6742 -3 21.7048
    endloop
  endfacet
  facet normal 0 -1 0
    outer loop
      vertex -17.4641 -3 22
      vertex -15.5975 -3 21.4186
      vertex -15.6421 -3 21.56
    endloop
  endfacet
  facet normal 0 -1 0
    outer loop
      vertex -17.4641 -3 22
      vertex -15.5407 -3 21.2815
      vertex -15.5975 -3 21.4186
    endloop
  endfacet
  facet normal 0 -1 0
    outer loop
      vertex -17.4641 -3 22
      vertex -15.4722 -3 21.15
      vertex -15.5407 -3 21.2815
    endloop
  endfacet
  facet normal 0 -1 0
    outer loop
      vertex -15.732 -3 19
      vertex -15.4722 -3 21.15
      vertex -17.4641 -3 22
    endloop
  endfacet
  facet normal 0 -1 -0
    outer loop
      vertex -15.4722 -3 21.15
      vertex -15.732 -3 19
      vertex -15.3926 -3 21.0249
    endloop
  endfacet
  facet normal 0 -1 -0
    outer loop
      vertex -15.3926 -3 21.0249
      vertex -15.732 -3 19
      vertex -15.3023 -3 20.9073
    endloop
  endfacet
  facet normal 0 -1 -0
    outer loop
      vertex -15.3023 -3 20.9073
      vertex -15.732 -3 19
      vertex -15.2021 -3 20.7979
    endloop
  endfacet
  facet normal 0 -1 -0
    outer loop
      vertex -15.2021 -3 20.7979
      vertex -15.732 -3 19
      vertex -15.0927 -3 20.6977
    endloop
  endfacet
  facet normal 0 -1 -0
    outer loop
      vertex -15.0927 -3 20.6977
      vertex -15.732 -3 19
      vertex -14.9751 -3 20.6074
    endloop
  endfacet
  facet normal 0 -1 -0
    outer loop
      vertex -14.1482 -3 20.3065
      vertex -15.732 -3 19
      vertex -14 -3 20.3
    endloop
  endfacet
  facet normal 0 -1 -0
    outer loop
      vertex -14.2952 -3 20.3258
      vertex -15.732 -3 19
      vertex -14.1482 -3 20.3065
    endloop
  endfacet
  facet normal 0 -1 -0
    outer loop
      vertex -14.44 -3 20.3579
      vertex -15.732 -3 19
      vertex -14.2952 -3 20.3258
    endloop
  endfacet
  facet normal 0 -1 -0
    outer loop
      vertex -14.5814 -3 20.4025
      vertex -15.732 -3 19
      vertex -14.44 -3 20.3579
    endloop
  endfacet
  facet normal 0 -1 -0
    outer loop
      vertex -14.7185 -3 20.4593
      vertex -15.732 -3 19
      vertex -14.5814 -3 20.4025
    endloop
  endfacet
  facet normal 0 -1 -0
    outer loop
      vertex -14.85 -3 20.5278
      vertex -15.732 -3 19
      vertex -14.7185 -3 20.4593
    endloop
  endfacet
  facet normal 0 -1 -0
    outer loop
      vertex -14.9751 -3 20.6074
      vertex -15.732 -3 19
      vertex -14.85 -3 20.5278
    endloop
  endfacet
  facet normal 0 -1 0
    outer loop
      vertex -13.8518 -3 23.6935
      vertex -12.268 -3 25
      vertex -14 -3 23.7
    endloop
  endfacet
  facet normal 0 -1 0
    outer loop
      vertex -13.7048 -3 23.6742
      vertex -12.268 -3 25
      vertex -13.8518 -3 23.6935
    endloop
  endfacet
  facet normal 0 -1 0
    outer loop
      vertex -13.56 -3 23.6421
      vertex -12.268 -3 25
      vertex -13.7048 -3 23.6742
    endloop
  endfacet
  facet normal 0 -1 0
    outer loop
      vertex -13.4186 -3 23.5975
      vertex -12.268 -3 25
      vertex -13.56 -3 23.6421
    endloop
  endfacet
  facet normal 0 -1 0
    outer loop
      vertex -13.2815 -3 23.5407
      vertex -12.268 -3 25
      vertex -13.4186 -3 23.5975
    endloop
  endfacet
  facet normal 0 -1 0
    outer loop
      vertex -13.15 -3 23.4722
      vertex -12.268 -3 25
      vertex -13.2815 -3 23.5407
    endloop
  endfacet
  facet normal 0 -1 0
    outer loop
      vertex -13.0249 -3 23.3926
      vertex -12.268 -3 25
      vertex -13.15 -3 23.4722
    endloop
  endfacet
  facet normal 0 -1 0
    outer loop
      vertex -12.9073 -3 23.3023
      vertex -12.268 -3 25
      vertex -13.0249 -3 23.3926
    endloop
  endfacet
  facet normal 0 -1 0
    outer loop
      vertex -12.7979 -3 23.2021
      vertex -12.268 -3 25
      vertex -12.9073 -3 23.3023
    endloop
  endfacet
  facet normal 0 -1 0
    outer loop
      vertex -12.6977 -3 23.0927
      vertex -12.268 -3 25
      vertex -12.7979 -3 23.2021
    endloop
  endfacet
  facet normal 0 -1 0
    outer loop
      vertex -12.6074 -3 22.9751
      vertex -12.268 -3 25
      vertex -12.6977 -3 23.0927
    endloop
  endfacet
  facet normal 0 -1 0
    outer loop
      vertex -12.5278 -3 22.85
      vertex -12.268 -3 25
      vertex -12.6074 -3 22.9751
    endloop
  endfacet
  facet normal 0 -1 0
    outer loop
      vertex -10.5359 -3 22
      vertex -12.5278 -3 22.85
      vertex -12.4593 -3 22.7185
    endloop
  endfacet
  facet normal 0 -1 0
    outer loop
      vertex -10.5359 -3 22
      vertex -12.4593 -3 22.7185
      vertex -12.4025 -3 22.5814
    endloop
  endfacet
  facet normal 0 -1 0
    outer loop
      vertex -10.5359 -3 22
      vertex -12.4025 -3 22.5814
      vertex -12.3579 -3 22.44
    endloop
  endfacet
  facet normal 0 -1 0
    outer loop
      vertex -10.5359 -3 22
      vertex -12.3579 -3 22.44
      vertex -12.3258 -3 22.2952
    endloop
  endfacet
  facet normal 0 -1 0
    outer loop
      vertex -10.5359 -3 22
      vertex -12.3258 -3 22.2952
      vertex -12.3065 -3 22.1482
    endloop
  endfacet
  facet normal 0 -1 0
    outer loop
      vertex -10.5359 -3 22
      vertex -12.3065 -3 22.1482
      vertex -12.3 -3 22
    endloop
  endfacet
  facet normal 0 -1 0
    outer loop
      vertex -12.5278 -3 22.85
      vertex -10.5359 -3 22
      vertex -12.268 -3 25
    endloop
  endfacet
  facet normal 0 -1 0
    outer loop
      vertex -12.3065 -3 21.8518
      vertex -10.5359 -3 22
      vertex -12.3 -3 22
    endloop
  endfacet
  facet normal 0 -1 0
    outer loop
      vertex -12.3258 -3 21.7048
      vertex -10.5359 -3 22
      vertex -12.3065 -3 21.8518
    endloop
  endfacet
  facet normal 0 -1 0
    outer loop
      vertex -12.3579 -3 21.56
      vertex -10.5359 -3 22
      vertex -12.3258 -3 21.7048
    endloop
  endfacet
  facet normal 0 -1 0
    outer loop
      vertex -12.4025 -3 21.4186
      vertex -10.5359 -3 22
      vertex -12.3579 -3 21.56
    endloop
  endfacet
  facet normal 0 -1 0
    outer loop
      vertex -12.4593 -3 21.2815
      vertex -10.5359 -3 22
      vertex -12.4025 -3 21.4186
    endloop
  endfacet
  facet normal 0 -1 0
    outer loop
      vertex -12.5278 -3 21.15
      vertex -10.5359 -3 22
      vertex -12.4593 -3 21.2815
    endloop
  endfacet
  facet normal 0 -1 0
    outer loop
      vertex -12.268 -3 19
      vertex -12.5278 -3 21.15
      vertex -12.6074 -3 21.0249
    endloop
  endfacet
  facet normal 0 -1 0
    outer loop
      vertex -12.268 -3 19
      vertex -12.6074 -3 21.0249
      vertex -12.6977 -3 20.9073
    endloop
  endfacet
  facet normal 0 -1 0
    outer loop
      vertex -12.268 -3 19
      vertex -12.6977 -3 20.9073
      vertex -12.7979 -3 20.7979
    endloop
  endfacet
  facet normal 0 -1 0
    outer loop
      vertex -12.268 -3 19
      vertex -12.7979 -3 20.7979
      vertex -12.9073 -3 20.6977
    endloop
  endfacet
  facet normal 0 -1 0
    outer loop
      vertex -12.268 -3 19
      vertex -12.9073 -3 20.6977
      vertex -13.0249 -3 20.6074
    endloop
  endfacet
  facet normal 0 -1 0
    outer loop
      vertex -12.268 -3 19
      vertex -13.0249 -3 20.6074
      vertex -13.15 -3 20.5278
    endloop
  endfacet
  facet normal 0 -1 0
    outer loop
      vertex -12.268 -3 19
      vertex -14 -3 20.3
      vertex -15.732 -3 19
    endloop
  endfacet
  facet normal 0 -1 0
    outer loop
      vertex -14 -3 20.3
      vertex -12.268 -3 19
      vertex -13.8518 -3 20.3065
    endloop
  endfacet
  facet normal 0 -1 0
    outer loop
      vertex -13.8518 -3 20.3065
      vertex -12.268 -3 19
      vertex -13.7048 -3 20.3258
    endloop
  endfacet
  facet normal 0 -1 0
    outer loop
      vertex -13.7048 -3 20.3258
      vertex -12.268 -3 19
      vertex -13.56 -3 20.3579
    endloop
  endfacet
  facet normal 0 -1 0
    outer loop
      vertex -13.56 -3 20.3579
      vertex -12.268 -3 19
      vertex -13.4186 -3 20.4025
    endloop
  endfacet
  facet normal 0 -1 0
    outer loop
      vertex -13.4186 -3 20.4025
      vertex -12.268 -3 19
      vertex -13.2815 -3 20.4593
    endloop
  endfacet
  facet normal 0 -1 0
    outer loop
      vertex -13.2815 -3 20.4593
      vertex -12.268 -3 19
      vertex -13.15 -3 20.5278
    endloop
  endfacet
  facet normal 0 -1 0
    outer loop
      vertex -12.5278 -3 21.15
      vertex -12.268 -3 19
      vertex -10.5359 -3 22
    endloop
  endfacet
  facet normal -0.79315 0 0.609026
    outer loop
      vertex -12.6977 -3 48.9073
      vertex -12.6074 0 49.0249
      vertex -12.6977 0 48.9073
    endloop
  endfacet
  facet normal -0.79315 0 0.609026
    outer loop
      vertex -12.6074 0 49.0249
      vertex -12.6977 -3 48.9073
      vertex -12.6074 -3 49.0249
    endloop
  endfacet
  facet normal -0.953685 0 0.300809
    outer loop
      vertex -12.4025 -3 49.4186
      vertex -12.3579 0 49.56
      vertex -12.4025 0 49.4186
    endloop
  endfacet
  facet normal -0.953685 0 0.300809
    outer loop
      vertex -12.3579 0 49.56
      vertex -12.4025 -3 49.4186
      vertex -12.3579 -3 49.56
    endloop
  endfacet
  facet normal -0.991491 0 -0.130175
    outer loop
      vertex -12.3065 -3 50.1482
      vertex -12.3258 0 50.2952
      vertex -12.3065 0 50.1482
    endloop
  endfacet
  facet normal -0.991491 -0 -0.130175
    outer loop
      vertex -12.3258 0 50.2952
      vertex -12.3065 -3 50.1482
      vertex -12.3258 -3 50.2952
    endloop
  endfacet
  facet normal 0.300809 0 -0.953685
    outer loop
      vertex -14.5814 -3 51.5975
      vertex -14.44 0 51.6421
      vertex -14.44 -3 51.6421
    endloop
  endfacet
  facet normal 0.300809 0 -0.953685
    outer loop
      vertex -14.44 0 51.6421
      vertex -14.5814 -3 51.5975
      vertex -14.5814 0 51.5975
    endloop
  endfacet
  facet normal -0.609026 0 0.79315
    outer loop
      vertex -13.0249 0 48.6074
      vertex -12.9073 -3 48.6977
      vertex -12.9073 0 48.6977
    endloop
  endfacet
  facet normal -0.609026 0 0.79315
    outer loop
      vertex -12.9073 -3 48.6977
      vertex -13.0249 0 48.6074
      vertex -13.0249 -3 48.6074
    endloop
  endfacet
  facet normal 0.737434 0 -0.675419
    outer loop
      vertex -15.2021 -3 51.2021
      vertex -15.3023 0 51.0927
      vertex -15.2021 0 51.2021
    endloop
  endfacet
  facet normal 0.737434 0 -0.675419
    outer loop
      vertex -15.3023 0 51.0927
      vertex -15.2021 -3 51.2021
      vertex -15.3023 -3 51.0927
    endloop
  endfacet
  facet normal -0.216431 0 -0.976298
    outer loop
      vertex -13.7048 -3 51.6742
      vertex -13.56 0 51.6421
      vertex -13.56 -3 51.6421
    endloop
  endfacet
  facet normal -0.216431 0 -0.976298
    outer loop
      vertex -13.56 0 51.6421
      vertex -13.7048 -3 51.6742
      vertex -13.7048 0 51.6742
    endloop
  endfacet
  facet normal 0.382749 0 -0.923853
    outer loop
      vertex -14.7185 -3 51.5407
      vertex -14.5814 0 51.5975
      vertex -14.5814 -3 51.5975
    endloop
  endfacet
  facet normal 0.382749 0 -0.923853
    outer loop
      vertex -14.5814 0 51.5975
      vertex -14.7185 -3 51.5407
      vertex -14.7185 0 51.5407
    endloop
  endfacet
  facet normal -0.923853 0 -0.382749
    outer loop
      vertex -12.4025 -3 50.5814
      vertex -12.4593 0 50.7185
      vertex -12.4025 0 50.5814
    endloop
  endfacet
  facet normal -0.923853 -0 -0.382749
    outer loop
      vertex -12.4593 0 50.7185
      vertex -12.4025 -3 50.5814
      vertex -12.4593 -3 50.7185
    endloop
  endfacet
  facet normal -0.737434 0 0.675419
    outer loop
      vertex -12.7979 -3 48.7979
      vertex -12.6977 0 48.9073
      vertex -12.7979 0 48.7979
    endloop
  endfacet
  facet normal -0.737434 0 0.675419
    outer loop
      vertex -12.6977 0 48.9073
      vertex -12.7979 -3 48.7979
      vertex -12.6977 -3 48.9073
    endloop
  endfacet
  facet normal -0.609026 0 -0.79315
    outer loop
      vertex -13.0249 -3 51.3926
      vertex -12.9073 0 51.3023
      vertex -12.9073 -3 51.3023
    endloop
  endfacet
  facet normal -0.609026 0 -0.79315
    outer loop
      vertex -12.9073 0 51.3023
      vertex -13.0249 -3 51.3926
      vertex -13.0249 0 51.3926
    endloop
  endfacet
  facet normal -0.300809 0 0.953685
    outer loop
      vertex -13.56 0 48.3579
      vertex -13.4186 -3 48.4025
      vertex -13.4186 0 48.4025
    endloop
  endfacet
  facet normal -0.300809 0 0.953685
    outer loop
      vertex -13.4186 -3 48.4025
      vertex -13.56 0 48.3579
      vertex -13.56 -3 48.3579
    endloop
  endfacet
  facet normal -0.886885 0 0.46199
    outer loop
      vertex -12.5278 -3 49.15
      vertex -12.4593 0 49.2815
      vertex -12.5278 0 49.15
    endloop
  endfacet
  facet normal -0.886885 0 0.46199
    outer loop
      vertex -12.4593 0 49.2815
      vertex -12.5278 -3 49.15
      vertex -12.4593 -3 49.2815
    endloop
  endfacet
  facet normal 0.216431 0 -0.976298
    outer loop
      vertex -14.44 -3 51.6421
      vertex -14.2952 0 51.6742
      vertex -14.2952 -3 51.6742
    endloop
  endfacet
  facet normal 0.216431 0 -0.976298
    outer loop
      vertex -14.2952 0 51.6742
      vertex -14.44 -3 51.6421
      vertex -14.44 0 51.6421
    endloop
  endfacet
  facet normal 0.923853 -0 0.382749
    outer loop
      vertex -15.5975 -3 49.4186
      vertex -15.5407 0 49.2815
      vertex -15.5975 0 49.4186
    endloop
  endfacet
  facet normal 0.923853 0 0.382749
    outer loop
      vertex -15.5407 0 49.2815
      vertex -15.5975 -3 49.4186
      vertex -15.5407 -3 49.2815
    endloop
  endfacet
  facet normal -0.843689 0 -0.536832
    outer loop
      vertex -12.5278 -3 50.85
      vertex -12.6074 0 50.9751
      vertex -12.5278 0 50.85
    endloop
  endfacet
  facet normal -0.843689 -0 -0.536832
    outer loop
      vertex -12.6074 0 50.9751
      vertex -12.5278 -3 50.85
      vertex -12.6074 -3 50.9751
    endloop
  endfacet
  facet normal -0.46199 0 -0.886885
    outer loop
      vertex -13.2815 -3 51.5407
      vertex -13.15 0 51.4722
      vertex -13.15 -3 51.4722
    endloop
  endfacet
  facet normal -0.46199 0 -0.886885
    outer loop
      vertex -13.15 0 51.4722
      vertex -13.2815 -3 51.5407
      vertex -13.2815 0 51.5407
    endloop
  endfacet
  facet normal 0.99904 0 -0.0438175
    outer loop
      vertex -15.6935 -3 50.1482
      vertex -15.7 0 50
      vertex -15.6935 0 50.1482
    endloop
  endfacet
  facet normal 0.99904 0 -0.0438175
    outer loop
      vertex -15.7 0 50
      vertex -15.6935 -3 50.1482
      vertex -15.7 -3 50
    endloop
  endfacet
  facet normal 0.382749 0 0.923853
    outer loop
      vertex -14.7185 0 48.4593
      vertex -14.5814 -3 48.4025
      vertex -14.5814 0 48.4025
    endloop
  endfacet
  facet normal 0.382749 0 0.923853
    outer loop
      vertex -14.5814 -3 48.4025
      vertex -14.7185 0 48.4593
      vertex -14.7185 -3 48.4593
    endloop
  endfacet
  facet normal -0.99904 0 -0.0438175
    outer loop
      vertex -12.3 -3 50
      vertex -12.3065 0 50.1482
      vertex -12.3 0 50
    endloop
  endfacet
  facet normal -0.99904 -0 -0.0438175
    outer loop
      vertex -12.3065 0 50.1482
      vertex -12.3 -3 50
      vertex -12.3065 -3 50.1482
    endloop
  endfacet
  facet normal 0.300809 0 0.953685
    outer loop
      vertex -14.5814 0 48.4025
      vertex -14.44 -3 48.3579
      vertex -14.44 0 48.3579
    endloop
  endfacet
  facet normal 0.300809 0 0.953685
    outer loop
      vertex -14.44 -3 48.3579
      vertex -14.5814 0 48.4025
      vertex -14.5814 -3 48.4025
    endloop
  endfacet
  facet normal -0.99904 0 0.0438175
    outer loop
      vertex -12.3065 -3 49.8518
      vertex -12.3 0 50
      vertex -12.3065 0 49.8518
    endloop
  endfacet
  facet normal -0.99904 0 0.0438175
    outer loop
      vertex -12.3 0 50
      vertex -12.3065 -3 49.8518
      vertex -12.3 -3 50
    endloop
  endfacet
  facet normal 0.536832 0 0.843689
    outer loop
      vertex -14.9751 0 48.6074
      vertex -14.85 -3 48.5278
      vertex -14.85 0 48.5278
    endloop
  endfacet
  facet normal 0.536832 0 0.843689
    outer loop
      vertex -14.85 -3 48.5278
      vertex -14.9751 0 48.6074
      vertex -14.9751 -3 48.6074
    endloop
  endfacet
  facet normal -0.976298 0 -0.216431
    outer loop
      vertex -12.3258 -3 50.2952
      vertex -12.3579 0 50.44
      vertex -12.3258 0 50.2952
    endloop
  endfacet
  facet normal -0.976298 -0 -0.216431
    outer loop
      vertex -12.3579 0 50.44
      vertex -12.3258 -3 50.2952
      vertex -12.3579 -3 50.44
    endloop
  endfacet
  facet normal 0.79315 -0 0.609026
    outer loop
      vertex -15.3926 -3 49.0249
      vertex -15.3023 0 48.9073
      vertex -15.3926 0 49.0249
    endloop
  endfacet
  facet normal 0.79315 0 0.609026
    outer loop
      vertex -15.3023 0 48.9073
      vertex -15.3926 -3 49.0249
      vertex -15.3023 -3 48.9073
    endloop
  endfacet
  facet normal 0.886885 -0 0.46199
    outer loop
      vertex -15.5407 -3 49.2815
      vertex -15.4722 0 49.15
      vertex -15.5407 0 49.2815
    endloop
  endfacet
  facet normal 0.886885 0 0.46199
    outer loop
      vertex -15.4722 0 49.15
      vertex -15.5407 -3 49.2815
      vertex -15.4722 -3 49.15
    endloop
  endfacet
  facet normal 0.46199 0 0.886885
    outer loop
      vertex -14.85 0 48.5278
      vertex -14.7185 -3 48.4593
      vertex -14.7185 0 48.4593
    endloop
  endfacet
  facet normal 0.46199 0 0.886885
    outer loop
      vertex -14.7185 -3 48.4593
      vertex -14.85 0 48.5278
      vertex -14.85 -3 48.5278
    endloop
  endfacet
  facet normal 0.675419 0 -0.737434
    outer loop
      vertex -15.2021 -3 51.2021
      vertex -15.0927 0 51.3023
      vertex -15.0927 -3 51.3023
    endloop
  endfacet
  facet normal 0.675419 0 -0.737434
    outer loop
      vertex -15.0927 0 51.3023
      vertex -15.2021 -3 51.2021
      vertex -15.2021 0 51.2021
    endloop
  endfacet
  facet normal 0.976298 -0 0.216431
    outer loop
      vertex -15.6742 -3 49.7048
      vertex -15.6421 0 49.56
      vertex -15.6742 0 49.7048
    endloop
  endfacet
  facet normal 0.976298 0 0.216431
    outer loop
      vertex -15.6421 0 49.56
      vertex -15.6742 -3 49.7048
      vertex -15.6421 -3 49.56
    endloop
  endfacet
  facet normal -0.536832 0 0.843689
    outer loop
      vertex -13.15 0 48.5278
      vertex -13.0249 -3 48.6074
      vertex -13.0249 0 48.6074
    endloop
  endfacet
  facet normal -0.536832 0 0.843689
    outer loop
      vertex -13.0249 -3 48.6074
      vertex -13.15 0 48.5278
      vertex -13.15 -3 48.5278
    endloop
  endfacet
  facet normal -0.923853 0 0.382749
    outer loop
      vertex -12.4593 -3 49.2815
      vertex -12.4025 0 49.4186
      vertex -12.4593 0 49.2815
    endloop
  endfacet
  facet normal -0.923853 0 0.382749
    outer loop
      vertex -12.4025 0 49.4186
      vertex -12.4593 -3 49.2815
      vertex -12.4025 -3 49.4186
    endloop
  endfacet
  facet normal -0.79315 0 -0.609026
    outer loop
      vertex -12.6074 -3 50.9751
      vertex -12.6977 0 51.0927
      vertex -12.6074 0 50.9751
    endloop
  endfacet
  facet normal -0.79315 -0 -0.609026
    outer loop
      vertex -12.6977 0 51.0927
      vertex -12.6074 -3 50.9751
      vertex -12.6977 -3 51.0927
    endloop
  endfacet
  facet normal -0.216431 0 0.976298
    outer loop
      vertex -13.7048 0 48.3258
      vertex -13.56 -3 48.3579
      vertex -13.56 0 48.3579
    endloop
  endfacet
  facet normal -0.216431 0 0.976298
    outer loop
      vertex -13.56 -3 48.3579
      vertex -13.7048 0 48.3258
      vertex -13.7048 -3 48.3258
    endloop
  endfacet
  facet normal 0.737434 -0 0.675419
    outer loop
      vertex -15.3023 -3 48.9073
      vertex -15.2021 0 48.7979
      vertex -15.3023 0 48.9073
    endloop
  endfacet
  facet normal 0.737434 0 0.675419
    outer loop
      vertex -15.2021 0 48.7979
      vertex -15.3023 -3 48.9073
      vertex -15.2021 -3 48.7979
    endloop
  endfacet
  facet normal 0.216431 0 0.976298
    outer loop
      vertex -14.44 0 48.3579
      vertex -14.2952 -3 48.3258
      vertex -14.2952 0 48.3258
    endloop
  endfacet
  facet normal 0.216431 0 0.976298
    outer loop
      vertex -14.2952 -3 48.3258
      vertex -14.44 0 48.3579
      vertex -14.44 -3 48.3579
    endloop
  endfacet
  facet normal 0.79315 0 -0.609026
    outer loop
      vertex -15.3023 -3 51.0927
      vertex -15.3926 0 50.9751
      vertex -15.3023 0 51.0927
    endloop
  endfacet
  facet normal 0.79315 0 -0.609026
    outer loop
      vertex -15.3926 0 50.9751
      vertex -15.3023 -3 51.0927
      vertex -15.3926 -3 50.9751
    endloop
  endfacet
  facet normal -0.953685 0 -0.300809
    outer loop
      vertex -12.3579 -3 50.44
      vertex -12.4025 0 50.5814
      vertex -12.3579 0 50.44
    endloop
  endfacet
  facet normal -0.953685 -0 -0.300809
    outer loop
      vertex -12.4025 0 50.5814
      vertex -12.3579 -3 50.44
      vertex -12.4025 -3 50.5814
    endloop
  endfacet
  facet normal 0.130175 0 -0.991491
    outer loop
      vertex -14.2952 -3 51.6742
      vertex -14.1482 0 51.6935
      vertex -14.1482 -3 51.6935
    endloop
  endfacet
  facet normal 0.130175 0 -0.991491
    outer loop
      vertex -14.1482 0 51.6935
      vertex -14.2952 -3 51.6742
      vertex -14.2952 0 51.6742
    endloop
  endfacet
  facet normal 0.0438175 0 0.99904
    outer loop
      vertex -14.1482 0 48.3065
      vertex -14 -3 48.3
      vertex -14 0 48.3
    endloop
  endfacet
  facet normal 0.0438175 0 0.99904
    outer loop
      vertex -14 -3 48.3
      vertex -14.1482 0 48.3065
      vertex -14.1482 -3 48.3065
    endloop
  endfacet
  facet normal 0.953685 0 -0.300809
    outer loop
      vertex -15.5975 -3 50.5814
      vertex -15.6421 0 50.44
      vertex -15.5975 0 50.5814
    endloop
  endfacet
  facet normal 0.953685 0 -0.300809
    outer loop
      vertex -15.6421 0 50.44
      vertex -15.5975 -3 50.5814
      vertex -15.6421 -3 50.44
    endloop
  endfacet
  facet normal -0.843689 0 0.536832
    outer loop
      vertex -12.6074 -3 49.0249
      vertex -12.5278 0 49.15
      vertex -12.6074 0 49.0249
    endloop
  endfacet
  facet normal -0.843689 0 0.536832
    outer loop
      vertex -12.5278 0 49.15
      vertex -12.6074 -3 49.0249
      vertex -12.5278 -3 49.15
    endloop
  endfacet
  facet normal 0.991491 -0 0.130175
    outer loop
      vertex -15.6935 -3 49.8518
      vertex -15.6742 0 49.7048
      vertex -15.6935 0 49.8518
    endloop
  endfacet
  facet normal 0.991491 0 0.130175
    outer loop
      vertex -15.6742 0 49.7048
      vertex -15.6935 -3 49.8518
      vertex -15.6742 -3 49.7048
    endloop
  endfacet
  facet normal -0.675419 0 -0.737434
    outer loop
      vertex -12.9073 -3 51.3023
      vertex -12.7979 0 51.2021
      vertex -12.7979 -3 51.2021
    endloop
  endfacet
  facet normal -0.675419 0 -0.737434
    outer loop
      vertex -12.7979 0 51.2021
      vertex -12.9073 -3 51.3023
      vertex -12.9073 0 51.3023
    endloop
  endfacet
  facet normal -0.886885 0 -0.46199
    outer loop
      vertex -12.4593 -3 50.7185
      vertex -12.5278 0 50.85
      vertex -12.4593 0 50.7185
    endloop
  endfacet
  facet normal -0.886885 -0 -0.46199
    outer loop
      vertex -12.5278 0 50.85
      vertex -12.4593 -3 50.7185
      vertex -12.5278 -3 50.85
    endloop
  endfacet
  facet normal -0.0438175 0 0.99904
    outer loop
      vertex -14 0 48.3
      vertex -13.8518 -3 48.3065
      vertex -13.8518 0 48.3065
    endloop
  endfacet
  facet normal -0.0438175 0 0.99904
    outer loop
      vertex -13.8518 -3 48.3065
      vertex -14 0 48.3
      vertex -14 -3 48.3
    endloop
  endfacet
  facet normal -0.991491 0 0.130175
    outer loop
      vertex -12.3258 -3 49.7048
      vertex -12.3065 0 49.8518
      vertex -12.3258 0 49.7048
    endloop
  endfacet
  facet normal -0.991491 0 0.130175
    outer loop
      vertex -12.3065 0 49.8518
      vertex -12.3258 -3 49.7048
      vertex -12.3065 -3 49.8518
    endloop
  endfacet
  facet normal -0.737434 0 -0.675419
    outer loop
      vertex -12.6977 -3 51.0927
      vertex -12.7979 0 51.2021
      vertex -12.6977 0 51.0927
    endloop
  endfacet
  facet normal -0.737434 -0 -0.675419
    outer loop
      vertex -12.7979 0 51.2021
      vertex -12.6977 -3 51.0927
      vertex -12.7979 -3 51.2021
    endloop
  endfacet
  facet normal -0.536832 0 -0.843689
    outer loop
      vertex -13.15 -3 51.4722
      vertex -13.0249 0 51.3926
      vertex -13.0249 -3 51.3926
    endloop
  endfacet
  facet normal -0.536832 0 -0.843689
    outer loop
      vertex -13.0249 0 51.3926
      vertex -13.15 -3 51.4722
      vertex -13.15 0 51.4722
    endloop
  endfacet
  facet normal 0.609026 0 -0.79315
    outer loop
      vertex -15.0927 -3 51.3023
      vertex -14.9751 0 51.3926
      vertex -14.9751 -3 51.3926
    endloop
  endfacet
  facet normal 0.609026 0 -0.79315
    outer loop
      vertex -14.9751 0 51.3926
      vertex -15.0927 -3 51.3023
      vertex -15.0927 0 51.3023
    endloop
  endfacet
  facet normal -0.382749 0 -0.923853
    outer loop
      vertex -13.4186 -3 51.5975
      vertex -13.2815 0 51.5407
      vertex -13.2815 -3 51.5407
    endloop
  endfacet
  facet normal -0.382749 0 -0.923853
    outer loop
      vertex -13.2815 0 51.5407
      vertex -13.4186 -3 51.5975
      vertex -13.4186 0 51.5975
    endloop
  endfacet
  facet normal 0.991491 0 -0.130175
    outer loop
      vertex -15.6742 -3 50.2952
      vertex -15.6935 0 50.1482
      vertex -15.6742 0 50.2952
    endloop
  endfacet
  facet normal 0.991491 0 -0.130175
    outer loop
      vertex -15.6935 0 50.1482
      vertex -15.6742 -3 50.2952
      vertex -15.6935 -3 50.1482
    endloop
  endfacet
  facet normal -0.675419 0 0.737434
    outer loop
      vertex -12.9073 0 48.6977
      vertex -12.7979 -3 48.7979
      vertex -12.7979 0 48.7979
    endloop
  endfacet
  facet normal -0.675419 0 0.737434
    outer loop
      vertex -12.7979 -3 48.7979
      vertex -12.9073 0 48.6977
      vertex -12.9073 -3 48.6977
    endloop
  endfacet
  facet normal 0.976298 0 -0.216431
    outer loop
      vertex -15.6421 -3 50.44
      vertex -15.6742 0 50.2952
      vertex -15.6421 0 50.44
    endloop
  endfacet
  facet normal 0.976298 0 -0.216431
    outer loop
      vertex -15.6742 0 50.2952
      vertex -15.6421 -3 50.44
      vertex -15.6742 -3 50.2952
    endloop
  endfacet
  facet normal 0.843689 0 -0.536832
    outer loop
      vertex -15.3926 -3 50.9751
      vertex -15.4722 0 50.85
      vertex -15.3926 0 50.9751
    endloop
  endfacet
  facet normal 0.843689 0 -0.536832
    outer loop
      vertex -15.4722 0 50.85
      vertex -15.3926 -3 50.9751
      vertex -15.4722 -3 50.85
    endloop
  endfacet
  facet normal -0.130175 0 0.991491
    outer loop
      vertex -13.8518 0 48.3065
      vertex -13.7048 -3 48.3258
      vertex -13.7048 0 48.3258
    endloop
  endfacet
  facet normal -0.130175 0 0.991491
    outer loop
      vertex -13.7048 -3 48.3258
      vertex -13.8518 0 48.3065
      vertex -13.8518 -3 48.3065
    endloop
  endfacet
  facet normal -0.976298 0 0.216431
    outer loop
      vertex -12.3579 -3 49.56
      vertex -12.3258 0 49.7048
      vertex -12.3579 0 49.56
    endloop
  endfacet
  facet normal -0.976298 0 0.216431
    outer loop
      vertex -12.3258 0 49.7048
      vertex -12.3579 -3 49.56
      vertex -12.3258 -3 49.7048
    endloop
  endfacet
  facet normal 0.843689 -0 0.536832
    outer loop
      vertex -15.4722 -3 49.15
      vertex -15.3926 0 49.0249
      vertex -15.4722 0 49.15
    endloop
  endfacet
  facet normal 0.843689 0 0.536832
    outer loop
      vertex -15.3926 0 49.0249
      vertex -15.4722 -3 49.15
      vertex -15.3926 -3 49.0249
    endloop
  endfacet
  facet normal 0.0438175 0 -0.99904
    outer loop
      vertex -14.1482 -3 51.6935
      vertex -14 0 51.7
      vertex -14 -3 51.7
    endloop
  endfacet
  facet normal 0.0438175 0 -0.99904
    outer loop
      vertex -14 0 51.7
      vertex -14.1482 -3 51.6935
      vertex -14.1482 0 51.6935
    endloop
  endfacet
  facet normal 0.923853 0 -0.382749
    outer loop
      vertex -15.5407 -3 50.7185
      vertex -15.5975 0 50.5814
      vertex -15.5407 0 50.7185
    endloop
  endfacet
  facet normal 0.923853 0 -0.382749
    outer loop
      vertex -15.5975 0 50.5814
      vertex -15.5407 -3 50.7185
      vertex -15.5975 -3 50.5814
    endloop
  endfacet
  facet normal 0.953685 -0 0.300809
    outer loop
      vertex -15.6421 -3 49.56
      vertex -15.5975 0 49.4186
      vertex -15.6421 0 49.56
    endloop
  endfacet
  facet normal 0.953685 0 0.300809
    outer loop
      vertex -15.5975 0 49.4186
      vertex -15.6421 -3 49.56
      vertex -15.5975 -3 49.4186
    endloop
  endfacet
  facet normal 0.675419 0 0.737434
    outer loop
      vertex -15.2021 0 48.7979
      vertex -15.0927 -3 48.6977
      vertex -15.0927 0 48.6977
    endloop
  endfacet
  facet normal 0.675419 0 0.737434
    outer loop
      vertex -15.0927 -3 48.6977
      vertex -15.2021 0 48.7979
      vertex -15.2021 -3 48.7979
    endloop
  endfacet
  facet normal -0.300809 0 -0.953685
    outer loop
      vertex -13.56 -3 51.6421
      vertex -13.4186 0 51.5975
      vertex -13.4186 -3 51.5975
    endloop
  endfacet
  facet normal -0.300809 0 -0.953685
    outer loop
      vertex -13.4186 0 51.5975
      vertex -13.56 -3 51.6421
      vertex -13.56 0 51.6421
    endloop
  endfacet
  facet normal -0.382749 0 0.923853
    outer loop
      vertex -13.4186 0 48.4025
      vertex -13.2815 -3 48.4593
      vertex -13.2815 0 48.4593
    endloop
  endfacet
  facet normal -0.382749 0 0.923853
    outer loop
      vertex -13.2815 -3 48.4593
      vertex -13.4186 0 48.4025
      vertex -13.4186 -3 48.4025
    endloop
  endfacet
  facet normal -0.46199 0 0.886885
    outer loop
      vertex -13.2815 0 48.4593
      vertex -13.15 -3 48.5278
      vertex -13.15 0 48.5278
    endloop
  endfacet
  facet normal -0.46199 0 0.886885
    outer loop
      vertex -13.15 -3 48.5278
      vertex -13.2815 0 48.4593
      vertex -13.2815 -3 48.4593
    endloop
  endfacet
  facet normal 0.536832 0 -0.843689
    outer loop
      vertex -14.9751 -3 51.3926
      vertex -14.85 0 51.4722
      vertex -14.85 -3 51.4722
    endloop
  endfacet
  facet normal 0.536832 0 -0.843689
    outer loop
      vertex -14.85 0 51.4722
      vertex -14.9751 -3 51.3926
      vertex -14.9751 0 51.3926
    endloop
  endfacet
  facet normal 0.46199 0 -0.886885
    outer loop
      vertex -14.85 -3 51.4722
      vertex -14.7185 0 51.5407
      vertex -14.7185 -3 51.5407
    endloop
  endfacet
  facet normal 0.46199 0 -0.886885
    outer loop
      vertex -14.7185 0 51.5407
      vertex -14.85 -3 51.4722
      vertex -14.85 0 51.4722
    endloop
  endfacet
  facet normal 0.886885 0 -0.46199
    outer loop
      vertex -15.4722 -3 50.85
      vertex -15.5407 0 50.7185
      vertex -15.4722 0 50.85
    endloop
  endfacet
  facet normal 0.886885 0 -0.46199
    outer loop
      vertex -15.5407 0 50.7185
      vertex -15.4722 -3 50.85
      vertex -15.5407 -3 50.7185
    endloop
  endfacet
  facet normal -0.0438175 0 -0.99904
    outer loop
      vertex -14 -3 51.7
      vertex -13.8518 0 51.6935
      vertex -13.8518 -3 51.6935
    endloop
  endfacet
  facet normal -0.0438175 0 -0.99904
    outer loop
      vertex -13.8518 0 51.6935
      vertex -14 -3 51.7
      vertex -14 0 51.7
    endloop
  endfacet
  facet normal 0.99904 -0 0.0438175
    outer loop
      vertex -15.7 -3 50
      vertex -15.6935 0 49.8518
      vertex -15.7 0 50
    endloop
  endfacet
  facet normal 0.99904 0 0.0438175
    outer loop
      vertex -15.6935 0 49.8518
      vertex -15.7 -3 50
      vertex -15.6935 -3 49.8518
    endloop
  endfacet
  facet normal 0.130175 0 0.991491
    outer loop
      vertex -14.2952 0 48.3258
      vertex -14.1482 -3 48.3065
      vertex -14.1482 0 48.3065
    endloop
  endfacet
  facet normal 0.130175 0 0.991491
    outer loop
      vertex -14.1482 -3 48.3065
      vertex -14.2952 0 48.3258
      vertex -14.2952 -3 48.3258
    endloop
  endfacet
  facet normal -0.130175 0 -0.991491
    outer loop
      vertex -13.8518 -3 51.6935
      vertex -13.7048 0 51.6742
      vertex -13.7048 -3 51.6742
    endloop
  endfacet
  facet normal -0.130175 0 -0.991491
    outer loop
      vertex -13.7048 0 51.6742
      vertex -13.8518 -3 51.6935
      vertex -13.8518 0 51.6935
    endloop
  endfacet
  facet normal 0.609026 0 0.79315
    outer loop
      vertex -15.0927 0 48.6977
      vertex -14.9751 -3 48.6074
      vertex -14.9751 0 48.6074
    endloop
  endfacet
  facet normal 0.609026 0 0.79315
    outer loop
      vertex -14.9751 -3 48.6074
      vertex -15.0927 0 48.6977
      vertex -15.0927 -3 48.6977
    endloop
  endfacet
  facet normal -0 0 1
    outer loop
      vertex -15.732 -3 47
      vertex -12.268 -6 47
      vertex -12.268 -3 47
    endloop
  endfacet
  facet normal 0 0 1
    outer loop
      vertex -12.268 -6 47
      vertex -15.732 -3 47
      vertex -15.732 -6 47
    endloop
  endfacet
  facet normal -0.866019 0 0.500011
    outer loop
      vertex -12.268 -6 47
      vertex -10.5359 -3 50
      vertex -12.268 -3 47
    endloop
  endfacet
  facet normal -0.866019 0 0.500011
    outer loop
      vertex -10.5359 -3 50
      vertex -12.268 -6 47
      vertex -10.5359 -6 50
    endloop
  endfacet
  facet normal 0 0 -1
    outer loop
      vertex -15.732 -6 53
      vertex -12.268 -3 53
      vertex -12.268 -6 53
    endloop
  endfacet
  facet normal -0 0 -1
    outer loop
      vertex -12.268 -3 53
      vertex -15.732 -6 53
      vertex -15.732 -3 53
    endloop
  endfacet
  facet normal -0.866019 0 -0.500011
    outer loop
      vertex -10.5359 -6 50
      vertex -12.268 -3 53
      vertex -10.5359 -3 50
    endloop
  endfacet
  facet normal -0.866019 -0 -0.500011
    outer loop
      vertex -12.268 -3 53
      vertex -10.5359 -6 50
      vertex -12.268 -6 53
    endloop
  endfacet
  facet normal 0.866019 0 -0.500011
    outer loop
      vertex -15.732 -6 53
      vertex -17.4641 -3 50
      vertex -15.732 -3 53
    endloop
  endfacet
  facet normal 0.866019 0 -0.500011
    outer loop
      vertex -17.4641 -3 50
      vertex -15.732 -6 53
      vertex -17.4641 -6 50
    endloop
  endfacet
  facet normal 0.866019 -0 0.500011
    outer loop
      vertex -17.4641 -6 50
      vertex -15.732 -3 47
      vertex -17.4641 -3 50
    endloop
  endfacet
  facet normal 0.866019 0 0.500011
    outer loop
      vertex -15.732 -3 47
      vertex -17.4641 -6 50
      vertex -15.732 -6 47
    endloop
  endfacet
  facet normal 0 -1 0
    outer loop
      vertex -15.732 -3 53
      vertex -14 -3 51.7
      vertex -12.268 -3 53
    endloop
  endfacet
  facet normal 0 -1 0
    outer loop
      vertex -15.732 -3 53
      vertex -14.1482 -3 51.6935
      vertex -14 -3 51.7
    endloop
  endfacet
  facet normal 0 -1 0
    outer loop
      vertex -15.732 -3 53
      vertex -14.2952 -3 51.6742
      vertex -14.1482 -3 51.6935
    endloop
  endfacet
  facet normal 0 -1 0
    outer loop
      vertex -15.732 -3 53
      vertex -14.44 -3 51.6421
      vertex -14.2952 -3 51.6742
    endloop
  endfacet
  facet normal 0 -1 0
    outer loop
      vertex -15.732 -3 53
      vertex -14.5814 -3 51.5975
      vertex -14.44 -3 51.6421
    endloop
  endfacet
  facet normal 0 -1 0
    outer loop
      vertex -15.732 -3 53
      vertex -14.7185 -3 51.5407
      vertex -14.5814 -3 51.5975
    endloop
  endfacet
  facet normal 0 -1 0
    outer loop
      vertex -15.732 -3 53
      vertex -14.85 -3 51.4722
      vertex -14.7185 -3 51.5407
    endloop
  endfacet
  facet normal 0 -1 0
    outer loop
      vertex -15.732 -3 53
      vertex -14.9751 -3 51.3926
      vertex -14.85 -3 51.4722
    endloop
  endfacet
  facet normal 0 -1 0
    outer loop
      vertex -15.732 -3 53
      vertex -15.0927 -3 51.3023
      vertex -14.9751 -3 51.3926
    endloop
  endfacet
  facet normal 0 -1 0
    outer loop
      vertex -15.732 -3 53
      vertex -15.2021 -3 51.2021
      vertex -15.0927 -3 51.3023
    endloop
  endfacet
  facet normal 0 -1 0
    outer loop
      vertex -15.732 -3 53
      vertex -15.3023 -3 51.0927
      vertex -15.2021 -3 51.2021
    endloop
  endfacet
  facet normal 0 -1 0
    outer loop
      vertex -15.732 -3 53
      vertex -15.3926 -3 50.9751
      vertex -15.3023 -3 51.0927
    endloop
  endfacet
  facet normal 0 -1 0
    outer loop
      vertex -15.732 -3 53
      vertex -15.4722 -3 50.85
      vertex -15.3926 -3 50.9751
    endloop
  endfacet
  facet normal 0 -1 0
    outer loop
      vertex -17.4641 -3 50
      vertex -15.4722 -3 50.85
      vertex -15.732 -3 53
    endloop
  endfacet
  facet normal 0 -1 0
    outer loop
      vertex -15.4722 -3 50.85
      vertex -17.4641 -3 50
      vertex -15.5407 -3 50.7185
    endloop
  endfacet
  facet normal 0 -1 0
    outer loop
      vertex -15.5407 -3 50.7185
      vertex -17.4641 -3 50
      vertex -15.5975 -3 50.5814
    endloop
  endfacet
  facet normal 0 -1 0
    outer loop
      vertex -15.5975 -3 50.5814
      vertex -17.4641 -3 50
      vertex -15.6421 -3 50.44
    endloop
  endfacet
  facet normal 0 -1 0
    outer loop
      vertex -15.6421 -3 50.44
      vertex -17.4641 -3 50
      vertex -15.6742 -3 50.2952
    endloop
  endfacet
  facet normal 0 -1 0
    outer loop
      vertex -15.6742 -3 50.2952
      vertex -17.4641 -3 50
      vertex -15.6935 -3 50.1482
    endloop
  endfacet
  facet normal 0 -1 0
    outer loop
      vertex -17.4641 -3 50
      vertex -15.7 -3 50
      vertex -15.6935 -3 50.1482
    endloop
  endfacet
  facet normal 0 -1 0
    outer loop
      vertex -17.4641 -3 50
      vertex -15.6935 -3 49.8518
      vertex -15.7 -3 50
    endloop
  endfacet
  facet normal 0 -1 0
    outer loop
      vertex -17.4641 -3 50
      vertex -15.6742 -3 49.7048
      vertex -15.6935 -3 49.8518
    endloop
  endfacet
  facet normal 0 -1 0
    outer loop
      vertex -17.4641 -3 50
      vertex -15.6421 -3 49.56
      vertex -15.6742 -3 49.7048
    endloop
  endfacet
  facet normal 0 -1 0
    outer loop
      vertex -17.4641 -3 50
      vertex -15.5975 -3 49.4186
      vertex -15.6421 -3 49.56
    endloop
  endfacet
  facet normal 0 -1 0
    outer loop
      vertex -17.4641 -3 50
      vertex -15.5407 -3 49.2815
      vertex -15.5975 -3 49.4186
    endloop
  endfacet
  facet normal 0 -1 0
    outer loop
      vertex -17.4641 -3 50
      vertex -15.4722 -3 49.15
      vertex -15.5407 -3 49.2815
    endloop
  endfacet
  facet normal 0 -1 0
    outer loop
      vertex -15.732 -3 47
      vertex -15.4722 -3 49.15
      vertex -17.4641 -3 50
    endloop
  endfacet
  facet normal 0 -1 -0
    outer loop
      vertex -15.4722 -3 49.15
      vertex -15.732 -3 47
      vertex -15.3926 -3 49.0249
    endloop
  endfacet
  facet normal 0 -1 -0
    outer loop
      vertex -15.3926 -3 49.0249
      vertex -15.732 -3 47
      vertex -15.3023 -3 48.9073
    endloop
  endfacet
  facet normal 0 -1 -0
    outer loop
      vertex -15.3023 -3 48.9073
      vertex -15.732 -3 47
      vertex -15.2021 -3 48.7979
    endloop
  endfacet
  facet normal 0 -1 -0
    outer loop
      vertex -15.2021 -3 48.7979
      vertex -15.732 -3 47
      vertex -15.0927 -3 48.6977
    endloop
  endfacet
  facet normal 0 -1 -0
    outer loop
      vertex -15.0927 -3 48.6977
      vertex -15.732 -3 47
      vertex -14.9751 -3 48.6074
    endloop
  endfacet
  facet normal 0 -1 -0
    outer loop
      vertex -14.1482 -3 48.3065
      vertex -15.732 -3 47
      vertex -14 -3 48.3
    endloop
  endfacet
  facet normal 0 -1 -0
    outer loop
      vertex -14.2952 -3 48.3258
      vertex -15.732 -3 47
      vertex -14.1482 -3 48.3065
    endloop
  endfacet
  facet normal 0 -1 -0
    outer loop
      vertex -14.44 -3 48.3579
      vertex -15.732 -3 47
      vertex -14.2952 -3 48.3258
    endloop
  endfacet
  facet normal 0 -1 -0
    outer loop
      vertex -14.5814 -3 48.4025
      vertex -15.732 -3 47
      vertex -14.44 -3 48.3579
    endloop
  endfacet
  facet normal 0 -1 -0
    outer loop
      vertex -14.7185 -3 48.4593
      vertex -15.732 -3 47
      vertex -14.5814 -3 48.4025
    endloop
  endfacet
  facet normal 0 -1 -0
    outer loop
      vertex -14.85 -3 48.5278
      vertex -15.732 -3 47
      vertex -14.7185 -3 48.4593
    endloop
  endfacet
  facet normal 0 -1 -0
    outer loop
      vertex -14.9751 -3 48.6074
      vertex -15.732 -3 47
      vertex -14.85 -3 48.5278
    endloop
  endfacet
  facet normal 0 -1 0
    outer loop
      vertex -13.8518 -3 51.6935
      vertex -12.268 -3 53
      vertex -14 -3 51.7
    endloop
  endfacet
  facet normal 0 -1 0
    outer loop
      vertex -13.7048 -3 51.6742
      vertex -12.268 -3 53
      vertex -13.8518 -3 51.6935
    endloop
  endfacet
  facet normal 0 -1 0
    outer loop
      vertex -13.56 -3 51.6421
      vertex -12.268 -3 53
      vertex -13.7048 -3 51.6742
    endloop
  endfacet
  facet normal 0 -1 0
    outer loop
      vertex -13.4186 -3 51.5975
      vertex -12.268 -3 53
      vertex -13.56 -3 51.6421
    endloop
  endfacet
  facet normal 0 -1 0
    outer loop
      vertex -13.2815 -3 51.5407
      vertex -12.268 -3 53
      vertex -13.4186 -3 51.5975
    endloop
  endfacet
  facet normal 0 -1 0
    outer loop
      vertex -13.15 -3 51.4722
      vertex -12.268 -3 53
      vertex -13.2815 -3 51.5407
    endloop
  endfacet
  facet normal 0 -1 0
    outer loop
      vertex -13.0249 -3 51.3926
      vertex -12.268 -3 53
      vertex -13.15 -3 51.4722
    endloop
  endfacet
  facet normal 0 -1 0
    outer loop
      vertex -12.9073 -3 51.3023
      vertex -12.268 -3 53
      vertex -13.0249 -3 51.3926
    endloop
  endfacet
  facet normal 0 -1 0
    outer loop
      vertex -12.7979 -3 51.2021
      vertex -12.268 -3 53
      vertex -12.9073 -3 51.3023
    endloop
  endfacet
  facet normal 0 -1 0
    outer loop
      vertex -12.6977 -3 51.0927
      vertex -12.268 -3 53
      vertex -12.7979 -3 51.2021
    endloop
  endfacet
  facet normal 0 -1 0
    outer loop
      vertex -12.6074 -3 50.9751
      vertex -12.268 -3 53
      vertex -12.6977 -3 51.0927
    endloop
  endfacet
  facet normal 0 -1 0
    outer loop
      vertex -12.5278 -3 50.85
      vertex -12.268 -3 53
      vertex -12.6074 -3 50.9751
    endloop
  endfacet
  facet normal 0 -1 0
    outer loop
      vertex -10.5359 -3 50
      vertex -12.5278 -3 50.85
      vertex -12.4593 -3 50.7185
    endloop
  endfacet
  facet normal 0 -1 0
    outer loop
      vertex -10.5359 -3 50
      vertex -12.4593 -3 50.7185
      vertex -12.4025 -3 50.5814
    endloop
  endfacet
  facet normal 0 -1 0
    outer loop
      vertex -10.5359 -3 50
      vertex -12.4025 -3 50.5814
      vertex -12.3579 -3 50.44
    endloop
  endfacet
  facet normal 0 -1 0
    outer loop
      vertex -10.5359 -3 50
      vertex -12.3579 -3 50.44
      vertex -12.3258 -3 50.2952
    endloop
  endfacet
  facet normal 0 -1 0
    outer loop
      vertex -10.5359 -3 50
      vertex -12.3258 -3 50.2952
      vertex -12.3065 -3 50.1482
    endloop
  endfacet
  facet normal 0 -1 0
    outer loop
      vertex -10.5359 -3 50
      vertex -12.3065 -3 50.1482
      vertex -12.3 -3 50
    endloop
  endfacet
  facet normal 0 -1 0
    outer loop
      vertex -12.5278 -3 50.85
      vertex -10.5359 -3 50
      vertex -12.268 -3 53
    endloop
  endfacet
  facet normal 0 -1 0
    outer loop
      vertex -12.3065 -3 49.8518
      vertex -10.5359 -3 50
      vertex -12.3 -3 50
    endloop
  endfacet
  facet normal 0 -1 0
    outer loop
      vertex -12.3258 -3 49.7048
      vertex -10.5359 -3 50
      vertex -12.3065 -3 49.8518
    endloop
  endfacet
  facet normal 0 -1 0
    outer loop
      vertex -12.3579 -3 49.56
      vertex -10.5359 -3 50
      vertex -12.3258 -3 49.7048
    endloop
  endfacet
  facet normal 0 -1 0
    outer loop
      vertex -12.4025 -3 49.4186
      vertex -10.5359 -3 50
      vertex -12.3579 -3 49.56
    endloop
  endfacet
  facet normal 0 -1 0
    outer loop
      vertex -12.4593 -3 49.2815
      vertex -10.5359 -3 50
      vertex -12.4025 -3 49.4186
    endloop
  endfacet
  facet normal 0 -1 0
    outer loop
      vertex -12.5278 -3 49.15
      vertex -10.5359 -3 50
      vertex -12.4593 -3 49.2815
    endloop
  endfacet
  facet normal 0 -1 0
    outer loop
      vertex -12.268 -3 47
      vertex -12.5278 -3 49.15
      vertex -12.6074 -3 49.0249
    endloop
  endfacet
  facet normal 0 -1 0
    outer loop
      vertex -12.268 -3 47
      vertex -12.6074 -3 49.0249
      vertex -12.6977 -3 48.9073
    endloop
  endfacet
  facet normal 0 -1 0
    outer loop
      vertex -12.268 -3 47
      vertex -12.6977 -3 48.9073
      vertex -12.7979 -3 48.7979
    endloop
  endfacet
  facet normal 0 -1 0
    outer loop
      vertex -12.268 -3 47
      vertex -12.7979 -3 48.7979
      vertex -12.9073 -3 48.6977
    endloop
  endfacet
  facet normal 0 -1 0
    outer loop
      vertex -12.268 -3 47
      vertex -12.9073 -3 48.6977
      vertex -13.0249 -3 48.6074
    endloop
  endfacet
  facet normal 0 -1 0
    outer loop
      vertex -12.268 -3 47
      vertex -13.0249 -3 48.6074
      vertex -13.15 -3 48.5278
    endloop
  endfacet
  facet normal 0 -1 0
    outer loop
      vertex -12.268 -3 47
      vertex -14 -3 48.3
      vertex -15.732 -3 47
    endloop
  endfacet
  facet normal 0 -1 0
    outer loop
      vertex -14 -3 48.3
      vertex -12.268 -3 47
      vertex -13.8518 -3 48.3065
    endloop
  endfacet
  facet normal 0 -1 0
    outer loop
      vertex -13.8518 -3 48.3065
      vertex -12.268 -3 47
      vertex -13.7048 -3 48.3258
    endloop
  endfacet
  facet normal 0 -1 0
    outer loop
      vertex -13.7048 -3 48.3258
      vertex -12.268 -3 47
      vertex -13.56 -3 48.3579
    endloop
  endfacet
  facet normal 0 -1 0
    outer loop
      vertex -13.56 -3 48.3579
      vertex -12.268 -3 47
      vertex -13.4186 -3 48.4025
    endloop
  endfacet
  facet normal 0 -1 0
    outer loop
      vertex -13.4186 -3 48.4025
      vertex -12.268 -3 47
      vertex -13.2815 -3 48.4593
    endloop
  endfacet
  facet normal 0 -1 0
    outer loop
      vertex -13.2815 -3 48.4593
      vertex -12.268 -3 47
      vertex -13.15 -3 48.5278
    endloop
  endfacet
  facet normal 0 -1 0
    outer loop
      vertex -12.5278 -3 49.15
      vertex -12.268 -3 47
      vertex -10.5359 -3 50
    endloop
  endfacet
  facet normal -0.79315 0 0.609026
    outer loop
      vertex 15.3023 -3 20.9073
      vertex 15.3926 0 21.0249
      vertex 15.3023 0 20.9073
    endloop
  endfacet
  facet normal -0.79315 0 0.609026
    outer loop
      vertex 15.3926 0 21.0249
      vertex 15.3023 -3 20.9073
      vertex 15.3926 -3 21.0249
    endloop
  endfacet
  facet normal -0.953685 0 0.300809
    outer loop
      vertex 15.5975 -3 21.4186
      vertex 15.6421 0 21.56
      vertex 15.5975 0 21.4186
    endloop
  endfacet
  facet normal -0.953685 0 0.300809
    outer loop
      vertex 15.6421 0 21.56
      vertex 15.5975 -3 21.4186
      vertex 15.6421 -3 21.56
    endloop
  endfacet
  facet normal -0.991491 0 -0.130175
    outer loop
      vertex 15.6935 -3 22.1482
      vertex 15.6742 0 22.2952
      vertex 15.6935 0 22.1482
    endloop
  endfacet
  facet normal -0.991491 -0 -0.130175
    outer loop
      vertex 15.6742 0 22.2952
      vertex 15.6935 -3 22.1482
      vertex 15.6742 -3 22.2952
    endloop
  endfacet
  facet normal 0.300809 0 -0.953685
    outer loop
      vertex 13.4186 -3 23.5975
      vertex 13.56 0 23.6421
      vertex 13.56 -3 23.6421
    endloop
  endfacet
  facet normal 0.300809 0 -0.953685
    outer loop
      vertex 13.56 0 23.6421
      vertex 13.4186 -3 23.5975
      vertex 13.4186 0 23.5975
    endloop
  endfacet
  facet normal -0.609026 0 0.79315
    outer loop
      vertex 14.9751 0 20.6074
      vertex 15.0927 -3 20.6977
      vertex 15.0927 0 20.6977
    endloop
  endfacet
  facet normal -0.609026 0 0.79315
    outer loop
      vertex 15.0927 -3 20.6977
      vertex 14.9751 0 20.6074
      vertex 14.9751 -3 20.6074
    endloop
  endfacet
  facet normal 0.737434 0 -0.675419
    outer loop
      vertex 12.7979 -3 23.2021
      vertex 12.6977 0 23.0927
      vertex 12.7979 0 23.2021
    endloop
  endfacet
  facet normal 0.737434 0 -0.675419
    outer loop
      vertex 12.6977 0 23.0927
      vertex 12.7979 -3 23.2021
      vertex 12.6977 -3 23.0927
    endloop
  endfacet
  facet normal -0.216431 0 -0.976298
    outer loop
      vertex 14.2952 -3 23.6742
      vertex 14.44 0 23.6421
      vertex 14.44 -3 23.6421
    endloop
  endfacet
  facet normal -0.216431 0 -0.976298
    outer loop
      vertex 14.44 0 23.6421
      vertex 14.2952 -3 23.6742
      vertex 14.2952 0 23.6742
    endloop
  endfacet
  facet normal 0.382749 0 -0.923853
    outer loop
      vertex 13.2815 -3 23.5407
      vertex 13.4186 0 23.5975
      vertex 13.4186 -3 23.5975
    endloop
  endfacet
  facet normal 0.382749 0 -0.923853
    outer loop
      vertex 13.4186 0 23.5975
      vertex 13.2815 -3 23.5407
      vertex 13.2815 0 23.5407
    endloop
  endfacet
  facet normal -0.923853 0 -0.382749
    outer loop
      vertex 15.5975 -3 22.5814
      vertex 15.5407 0 22.7185
      vertex 15.5975 0 22.5814
    endloop
  endfacet
  facet normal -0.923853 -0 -0.382749
    outer loop
      vertex 15.5407 0 22.7185
      vertex 15.5975 -3 22.5814
      vertex 15.5407 -3 22.7185
    endloop
  endfacet
  facet normal -0.737434 0 0.675419
    outer loop
      vertex 15.2021 -3 20.7979
      vertex 15.3023 0 20.9073
      vertex 15.2021 0 20.7979
    endloop
  endfacet
  facet normal -0.737434 0 0.675419
    outer loop
      vertex 15.3023 0 20.9073
      vertex 15.2021 -3 20.7979
      vertex 15.3023 -3 20.9073
    endloop
  endfacet
  facet normal -0.609026 0 -0.79315
    outer loop
      vertex 14.9751 -3 23.3926
      vertex 15.0927 0 23.3023
      vertex 15.0927 -3 23.3023
    endloop
  endfacet
  facet normal -0.609026 0 -0.79315
    outer loop
      vertex 15.0927 0 23.3023
      vertex 14.9751 -3 23.3926
      vertex 14.9751 0 23.3926
    endloop
  endfacet
  facet normal -0.300809 0 0.953685
    outer loop
      vertex 14.44 0 20.3579
      vertex 14.5814 -3 20.4025
      vertex 14.5814 0 20.4025
    endloop
  endfacet
  facet normal -0.300809 0 0.953685
    outer loop
      vertex 14.5814 -3 20.4025
      vertex 14.44 0 20.3579
      vertex 14.44 -3 20.3579
    endloop
  endfacet
  facet normal -0.886885 0 0.46199
    outer loop
      vertex 15.4722 -3 21.15
      vertex 15.5407 0 21.2815
      vertex 15.4722 0 21.15
    endloop
  endfacet
  facet normal -0.886885 0 0.46199
    outer loop
      vertex 15.5407 0 21.2815
      vertex 15.4722 -3 21.15
      vertex 15.5407 -3 21.2815
    endloop
  endfacet
  facet normal 0.216431 0 -0.976298
    outer loop
      vertex 13.56 -3 23.6421
      vertex 13.7048 0 23.6742
      vertex 13.7048 -3 23.6742
    endloop
  endfacet
  facet normal 0.216431 0 -0.976298
    outer loop
      vertex 13.7048 0 23.6742
      vertex 13.56 -3 23.6421
      vertex 13.56 0 23.6421
    endloop
  endfacet
  facet normal 0.923853 -0 0.382749
    outer loop
      vertex 12.4025 -3 21.4186
      vertex 12.4593 0 21.2815
      vertex 12.4025 0 21.4186
    endloop
  endfacet
  facet normal 0.923853 0 0.382749
    outer loop
      vertex 12.4593 0 21.2815
      vertex 12.4025 -3 21.4186
      vertex 12.4593 -3 21.2815
    endloop
  endfacet
  facet normal -0.843689 0 -0.536832
    outer loop
      vertex 15.4722 -3 22.85
      vertex 15.3926 0 22.9751
      vertex 15.4722 0 22.85
    endloop
  endfacet
  facet normal -0.843689 -0 -0.536832
    outer loop
      vertex 15.3926 0 22.9751
      vertex 15.4722 -3 22.85
      vertex 15.3926 -3 22.9751
    endloop
  endfacet
  facet normal -0.46199 0 -0.886885
    outer loop
      vertex 14.7185 -3 23.5407
      vertex 14.85 0 23.4722
      vertex 14.85 -3 23.4722
    endloop
  endfacet
  facet normal -0.46199 0 -0.886885
    outer loop
      vertex 14.85 0 23.4722
      vertex 14.7185 -3 23.5407
      vertex 14.7185 0 23.5407
    endloop
  endfacet
  facet normal 0.99904 0 -0.0438175
    outer loop
      vertex 12.3065 -3 22.1482
      vertex 12.3 0 22
      vertex 12.3065 0 22.1482
    endloop
  endfacet
  facet normal 0.99904 0 -0.0438175
    outer loop
      vertex 12.3 0 22
      vertex 12.3065 -3 22.1482
      vertex 12.3 -3 22
    endloop
  endfacet
  facet normal 0.382749 0 0.923853
    outer loop
      vertex 13.2815 0 20.4593
      vertex 13.4186 -3 20.4025
      vertex 13.4186 0 20.4025
    endloop
  endfacet
  facet normal 0.382749 0 0.923853
    outer loop
      vertex 13.4186 -3 20.4025
      vertex 13.2815 0 20.4593
      vertex 13.2815 -3 20.4593
    endloop
  endfacet
  facet normal -0.99904 0 -0.0438175
    outer loop
      vertex 15.7 -3 22
      vertex 15.6935 0 22.1482
      vertex 15.7 0 22
    endloop
  endfacet
  facet normal -0.99904 -0 -0.0438175
    outer loop
      vertex 15.6935 0 22.1482
      vertex 15.7 -3 22
      vertex 15.6935 -3 22.1482
    endloop
  endfacet
  facet normal 0.300809 0 0.953685
    outer loop
      vertex 13.4186 0 20.4025
      vertex 13.56 -3 20.3579
      vertex 13.56 0 20.3579
    endloop
  endfacet
  facet normal 0.300809 0 0.953685
    outer loop
      vertex 13.56 -3 20.3579
      vertex 13.4186 0 20.4025
      vertex 13.4186 -3 20.4025
    endloop
  endfacet
  facet normal -0.99904 0 0.0438175
    outer loop
      vertex 15.6935 -3 21.8518
      vertex 15.7 0 22
      vertex 15.6935 0 21.8518
    endloop
  endfacet
  facet normal -0.99904 0 0.0438175
    outer loop
      vertex 15.7 0 22
      vertex 15.6935 -3 21.8518
      vertex 15.7 -3 22
    endloop
  endfacet
  facet normal 0.536832 0 0.843689
    outer loop
      vertex 13.0249 0 20.6074
      vertex 13.15 -3 20.5278
      vertex 13.15 0 20.5278
    endloop
  endfacet
  facet normal 0.536832 0 0.843689
    outer loop
      vertex 13.15 -3 20.5278
      vertex 13.0249 0 20.6074
      vertex 13.0249 -3 20.6074
    endloop
  endfacet
  facet normal -0.976298 0 -0.216431
    outer loop
      vertex 15.6742 -3 22.2952
      vertex 15.6421 0 22.44
      vertex 15.6742 0 22.2952
    endloop
  endfacet
  facet normal -0.976298 -0 -0.216431
    outer loop
      vertex 15.6421 0 22.44
      vertex 15.6742 -3 22.2952
      vertex 15.6421 -3 22.44
    endloop
  endfacet
  facet normal 0.79315 -0 0.609026
    outer loop
      vertex 12.6074 -3 21.0249
      vertex 12.6977 0 20.9073
      vertex 12.6074 0 21.0249
    endloop
  endfacet
  facet normal 0.79315 0 0.609026
    outer loop
      vertex 12.6977 0 20.9073
      vertex 12.6074 -3 21.0249
      vertex 12.6977 -3 20.9073
    endloop
  endfacet
  facet normal 0.886885 -0 0.46199
    outer loop
      vertex 12.4593 -3 21.2815
      vertex 12.5278 0 21.15
      vertex 12.4593 0 21.2815
    endloop
  endfacet
  facet normal 0.886885 0 0.46199
    outer loop
      vertex 12.5278 0 21.15
      vertex 12.4593 -3 21.2815
      vertex 12.5278 -3 21.15
    endloop
  endfacet
  facet normal 0.46199 0 0.886885
    outer loop
      vertex 13.15 0 20.5278
      vertex 13.2815 -3 20.4593
      vertex 13.2815 0 20.4593
    endloop
  endfacet
  facet normal 0.46199 0 0.886885
    outer loop
      vertex 13.2815 -3 20.4593
      vertex 13.15 0 20.5278
      vertex 13.15 -3 20.5278
    endloop
  endfacet
  facet normal 0.675419 0 -0.737434
    outer loop
      vertex 12.7979 -3 23.2021
      vertex 12.9073 0 23.3023
      vertex 12.9073 -3 23.3023
    endloop
  endfacet
  facet normal 0.675419 0 -0.737434
    outer loop
      vertex 12.9073 0 23.3023
      vertex 12.7979 -3 23.2021
      vertex 12.7979 0 23.2021
    endloop
  endfacet
  facet normal 0.976298 -0 0.216431
    outer loop
      vertex 12.3258 -3 21.7048
      vertex 12.3579 0 21.56
      vertex 12.3258 0 21.7048
    endloop
  endfacet
  facet normal 0.976298 0 0.216431
    outer loop
      vertex 12.3579 0 21.56
      vertex 12.3258 -3 21.7048
      vertex 12.3579 -3 21.56
    endloop
  endfacet
  facet normal -0.536832 0 0.843689
    outer loop
      vertex 14.85 0 20.5278
      vertex 14.9751 -3 20.6074
      vertex 14.9751 0 20.6074
    endloop
  endfacet
  facet normal -0.536832 0 0.843689
    outer loop
      vertex 14.9751 -3 20.6074
      vertex 14.85 0 20.5278
      vertex 14.85 -3 20.5278
    endloop
  endfacet
  facet normal -0.923853 0 0.382749
    outer loop
      vertex 15.5407 -3 21.2815
      vertex 15.5975 0 21.4186
      vertex 15.5407 0 21.2815
    endloop
  endfacet
  facet normal -0.923853 0 0.382749
    outer loop
      vertex 15.5975 0 21.4186
      vertex 15.5407 -3 21.2815
      vertex 15.5975 -3 21.4186
    endloop
  endfacet
  facet normal -0.79315 0 -0.609026
    outer loop
      vertex 15.3926 -3 22.9751
      vertex 15.3023 0 23.0927
      vertex 15.3926 0 22.9751
    endloop
  endfacet
  facet normal -0.79315 -0 -0.609026
    outer loop
      vertex 15.3023 0 23.0927
      vertex 15.3926 -3 22.9751
      vertex 15.3023 -3 23.0927
    endloop
  endfacet
  facet normal -0.216431 0 0.976298
    outer loop
      vertex 14.2952 0 20.3258
      vertex 14.44 -3 20.3579
      vertex 14.44 0 20.3579
    endloop
  endfacet
  facet normal -0.216431 0 0.976298
    outer loop
      vertex 14.44 -3 20.3579
      vertex 14.2952 0 20.3258
      vertex 14.2952 -3 20.3258
    endloop
  endfacet
  facet normal 0.737434 -0 0.675419
    outer loop
      vertex 12.6977 -3 20.9073
      vertex 12.7979 0 20.7979
      vertex 12.6977 0 20.9073
    endloop
  endfacet
  facet normal 0.737434 0 0.675419
    outer loop
      vertex 12.7979 0 20.7979
      vertex 12.6977 -3 20.9073
      vertex 12.7979 -3 20.7979
    endloop
  endfacet
  facet normal 0.216431 0 0.976298
    outer loop
      vertex 13.56 0 20.3579
      vertex 13.7048 -3 20.3258
      vertex 13.7048 0 20.3258
    endloop
  endfacet
  facet normal 0.216431 0 0.976298
    outer loop
      vertex 13.7048 -3 20.3258
      vertex 13.56 0 20.3579
      vertex 13.56 -3 20.3579
    endloop
  endfacet
  facet normal 0.79315 0 -0.609026
    outer loop
      vertex 12.6977 -3 23.0927
      vertex 12.6074 0 22.9751
      vertex 12.6977 0 23.0927
    endloop
  endfacet
  facet normal 0.79315 0 -0.609026
    outer loop
      vertex 12.6074 0 22.9751
      vertex 12.6977 -3 23.0927
      vertex 12.6074 -3 22.9751
    endloop
  endfacet
  facet normal -0.953685 0 -0.300809
    outer loop
      vertex 15.6421 -3 22.44
      vertex 15.5975 0 22.5814
      vertex 15.6421 0 22.44
    endloop
  endfacet
  facet normal -0.953685 -0 -0.300809
    outer loop
      vertex 15.5975 0 22.5814
      vertex 15.6421 -3 22.44
      vertex 15.5975 -3 22.5814
    endloop
  endfacet
  facet normal 0.130175 0 -0.991491
    outer loop
      vertex 13.7048 -3 23.6742
      vertex 13.8518 0 23.6935
      vertex 13.8518 -3 23.6935
    endloop
  endfacet
  facet normal 0.130175 0 -0.991491
    outer loop
      vertex 13.8518 0 23.6935
      vertex 13.7048 -3 23.6742
      vertex 13.7048 0 23.6742
    endloop
  endfacet
  facet normal 0.0438175 0 0.99904
    outer loop
      vertex 13.8518 0 20.3065
      vertex 14 -3 20.3
      vertex 14 0 20.3
    endloop
  endfacet
  facet normal 0.0438175 0 0.99904
    outer loop
      vertex 14 -3 20.3
      vertex 13.8518 0 20.3065
      vertex 13.8518 -3 20.3065
    endloop
  endfacet
  facet normal 0.953685 0 -0.300809
    outer loop
      vertex 12.4025 -3 22.5814
      vertex 12.3579 0 22.44
      vertex 12.4025 0 22.5814
    endloop
  endfacet
  facet normal 0.953685 0 -0.300809
    outer loop
      vertex 12.3579 0 22.44
      vertex 12.4025 -3 22.5814
      vertex 12.3579 -3 22.44
    endloop
  endfacet
  facet normal -0.843689 0 0.536832
    outer loop
      vertex 15.3926 -3 21.0249
      vertex 15.4722 0 21.15
      vertex 15.3926 0 21.0249
    endloop
  endfacet
  facet normal -0.843689 0 0.536832
    outer loop
      vertex 15.4722 0 21.15
      vertex 15.3926 -3 21.0249
      vertex 15.4722 -3 21.15
    endloop
  endfacet
  facet normal 0.991491 -0 0.130175
    outer loop
      vertex 12.3065 -3 21.8518
      vertex 12.3258 0 21.7048
      vertex 12.3065 0 21.8518
    endloop
  endfacet
  facet normal 0.991491 0 0.130175
    outer loop
      vertex 12.3258 0 21.7048
      vertex 12.3065 -3 21.8518
      vertex 12.3258 -3 21.7048
    endloop
  endfacet
  facet normal -0.675419 0 -0.737434
    outer loop
      vertex 15.0927 -3 23.3023
      vertex 15.2021 0 23.2021
      vertex 15.2021 -3 23.2021
    endloop
  endfacet
  facet normal -0.675419 0 -0.737434
    outer loop
      vertex 15.2021 0 23.2021
      vertex 15.0927 -3 23.3023
      vertex 15.0927 0 23.3023
    endloop
  endfacet
  facet normal -0.886885 0 -0.46199
    outer loop
      vertex 15.5407 -3 22.7185
      vertex 15.4722 0 22.85
      vertex 15.5407 0 22.7185
    endloop
  endfacet
  facet normal -0.886885 -0 -0.46199
    outer loop
      vertex 15.4722 0 22.85
      vertex 15.5407 -3 22.7185
      vertex 15.4722 -3 22.85
    endloop
  endfacet
  facet normal -0.0438175 0 0.99904
    outer loop
      vertex 14 0 20.3
      vertex 14.1482 -3 20.3065
      vertex 14.1482 0 20.3065
    endloop
  endfacet
  facet normal -0.0438175 0 0.99904
    outer loop
      vertex 14.1482 -3 20.3065
      vertex 14 0 20.3
      vertex 14 -3 20.3
    endloop
  endfacet
  facet normal -0.991491 0 0.130175
    outer loop
      vertex 15.6742 -3 21.7048
      vertex 15.6935 0 21.8518
      vertex 15.6742 0 21.7048
    endloop
  endfacet
  facet normal -0.991491 0 0.130175
    outer loop
      vertex 15.6935 0 21.8518
      vertex 15.6742 -3 21.7048
      vertex 15.6935 -3 21.8518
    endloop
  endfacet
  facet normal -0.737434 0 -0.675419
    outer loop
      vertex 15.3023 -3 23.0927
      vertex 15.2021 0 23.2021
      vertex 15.3023 0 23.0927
    endloop
  endfacet
  facet normal -0.737434 -0 -0.675419
    outer loop
      vertex 15.2021 0 23.2021
      vertex 15.3023 -3 23.0927
      vertex 15.2021 -3 23.2021
    endloop
  endfacet
  facet normal -0.536832 0 -0.843689
    outer loop
      vertex 14.85 -3 23.4722
      vertex 14.9751 0 23.3926
      vertex 14.9751 -3 23.3926
    endloop
  endfacet
  facet normal -0.536832 0 -0.843689
    outer loop
      vertex 14.9751 0 23.3926
      vertex 14.85 -3 23.4722
      vertex 14.85 0 23.4722
    endloop
  endfacet
  facet normal 0.609026 0 -0.79315
    outer loop
      vertex 12.9073 -3 23.3023
      vertex 13.0249 0 23.3926
      vertex 13.0249 -3 23.3926
    endloop
  endfacet
  facet normal 0.609026 0 -0.79315
    outer loop
      vertex 13.0249 0 23.3926
      vertex 12.9073 -3 23.3023
      vertex 12.9073 0 23.3023
    endloop
  endfacet
  facet normal -0.382749 0 -0.923853
    outer loop
      vertex 14.5814 -3 23.5975
      vertex 14.7185 0 23.5407
      vertex 14.7185 -3 23.5407
    endloop
  endfacet
  facet normal -0.382749 0 -0.923853
    outer loop
      vertex 14.7185 0 23.5407
      vertex 14.5814 -3 23.5975
      vertex 14.5814 0 23.5975
    endloop
  endfacet
  facet normal 0.991491 0 -0.130175
    outer loop
      vertex 12.3258 -3 22.2952
      vertex 12.3065 0 22.1482
      vertex 12.3258 0 22.2952
    endloop
  endfacet
  facet normal 0.991491 0 -0.130175
    outer loop
      vertex 12.3065 0 22.1482
      vertex 12.3258 -3 22.2952
      vertex 12.3065 -3 22.1482
    endloop
  endfacet
  facet normal -0.675419 0 0.737434
    outer loop
      vertex 15.0927 0 20.6977
      vertex 15.2021 -3 20.7979
      vertex 15.2021 0 20.7979
    endloop
  endfacet
  facet normal -0.675419 0 0.737434
    outer loop
      vertex 15.2021 -3 20.7979
      vertex 15.0927 0 20.6977
      vertex 15.0927 -3 20.6977
    endloop
  endfacet
  facet normal 0.976298 0 -0.216431
    outer loop
      vertex 12.3579 -3 22.44
      vertex 12.3258 0 22.2952
      vertex 12.3579 0 22.44
    endloop
  endfacet
  facet normal 0.976298 0 -0.216431
    outer loop
      vertex 12.3258 0 22.2952
      vertex 12.3579 -3 22.44
      vertex 12.3258 -3 22.2952
    endloop
  endfacet
  facet normal 0.843689 0 -0.536832
    outer loop
      vertex 12.6074 -3 22.9751
      vertex 12.5278 0 22.85
      vertex 12.6074 0 22.9751
    endloop
  endfacet
  facet normal 0.843689 0 -0.536832
    outer loop
      vertex 12.5278 0 22.85
      vertex 12.6074 -3 22.9751
      vertex 12.5278 -3 22.85
    endloop
  endfacet
  facet normal -0.130175 0 0.991491
    outer loop
      vertex 14.1482 0 20.3065
      vertex 14.2952 -3 20.3258
      vertex 14.2952 0 20.3258
    endloop
  endfacet
  facet normal -0.130175 0 0.991491
    outer loop
      vertex 14.2952 -3 20.3258
      vertex 14.1482 0 20.3065
      vertex 14.1482 -3 20.3065
    endloop
  endfacet
  facet normal -0.976298 0 0.216431
    outer loop
      vertex 15.6421 -3 21.56
      vertex 15.6742 0 21.7048
      vertex 15.6421 0 21.56
    endloop
  endfacet
  facet normal -0.976298 0 0.216431
    outer loop
      vertex 15.6742 0 21.7048
      vertex 15.6421 -3 21.56
      vertex 15.6742 -3 21.7048
    endloop
  endfacet
  facet normal 0.843689 -0 0.536832
    outer loop
      vertex 12.5278 -3 21.15
      vertex 12.6074 0 21.0249
      vertex 12.5278 0 21.15
    endloop
  endfacet
  facet normal 0.843689 0 0.536832
    outer loop
      vertex 12.6074 0 21.0249
      vertex 12.5278 -3 21.15
      vertex 12.6074 -3 21.0249
    endloop
  endfacet
  facet normal 0.0438175 0 -0.99904
    outer loop
      vertex 13.8518 -3 23.6935
      vertex 14 0 23.7
      vertex 14 -3 23.7
    endloop
  endfacet
  facet normal 0.0438175 0 -0.99904
    outer loop
      vertex 14 0 23.7
      vertex 13.8518 -3 23.6935
      vertex 13.8518 0 23.6935
    endloop
  endfacet
  facet normal 0.923853 0 -0.382749
    outer loop
      vertex 12.4593 -3 22.7185
      vertex 12.4025 0 22.5814
      vertex 12.4593 0 22.7185
    endloop
  endfacet
  facet normal 0.923853 0 -0.382749
    outer loop
      vertex 12.4025 0 22.5814
      vertex 12.4593 -3 22.7185
      vertex 12.4025 -3 22.5814
    endloop
  endfacet
  facet normal 0.953685 -0 0.300809
    outer loop
      vertex 12.3579 -3 21.56
      vertex 12.4025 0 21.4186
      vertex 12.3579 0 21.56
    endloop
  endfacet
  facet normal 0.953685 0 0.300809
    outer loop
      vertex 12.4025 0 21.4186
      vertex 12.3579 -3 21.56
      vertex 12.4025 -3 21.4186
    endloop
  endfacet
  facet normal 0.675419 0 0.737434
    outer loop
      vertex 12.7979 0 20.7979
      vertex 12.9073 -3 20.6977
      vertex 12.9073 0 20.6977
    endloop
  endfacet
  facet normal 0.675419 0 0.737434
    outer loop
      vertex 12.9073 -3 20.6977
      vertex 12.7979 0 20.7979
      vertex 12.7979 -3 20.7979
    endloop
  endfacet
  facet normal -0.300809 0 -0.953685
    outer loop
      vertex 14.44 -3 23.6421
      vertex 14.5814 0 23.5975
      vertex 14.5814 -3 23.5975
    endloop
  endfacet
  facet normal -0.300809 0 -0.953685
    outer loop
      vertex 14.5814 0 23.5975
      vertex 14.44 -3 23.6421
      vertex 14.44 0 23.6421
    endloop
  endfacet
  facet normal -0.382749 0 0.923853
    outer loop
      vertex 14.5814 0 20.4025
      vertex 14.7185 -3 20.4593
      vertex 14.7185 0 20.4593
    endloop
  endfacet
  facet normal -0.382749 0 0.923853
    outer loop
      vertex 14.7185 -3 20.4593
      vertex 14.5814 0 20.4025
      vertex 14.5814 -3 20.4025
    endloop
  endfacet
  facet normal -0.46199 0 0.886885
    outer loop
      vertex 14.7185 0 20.4593
      vertex 14.85 -3 20.5278
      vertex 14.85 0 20.5278
    endloop
  endfacet
  facet normal -0.46199 0 0.886885
    outer loop
      vertex 14.85 -3 20.5278
      vertex 14.7185 0 20.4593
      vertex 14.7185 -3 20.4593
    endloop
  endfacet
  facet normal 0.536832 0 -0.843689
    outer loop
      vertex 13.0249 -3 23.3926
      vertex 13.15 0 23.4722
      vertex 13.15 -3 23.4722
    endloop
  endfacet
  facet normal 0.536832 0 -0.843689
    outer loop
      vertex 13.15 0 23.4722
      vertex 13.0249 -3 23.3926
      vertex 13.0249 0 23.3926
    endloop
  endfacet
  facet normal 0.46199 0 -0.886885
    outer loop
      vertex 13.15 -3 23.4722
      vertex 13.2815 0 23.5407
      vertex 13.2815 -3 23.5407
    endloop
  endfacet
  facet normal 0.46199 0 -0.886885
    outer loop
      vertex 13.2815 0 23.5407
      vertex 13.15 -3 23.4722
      vertex 13.15 0 23.4722
    endloop
  endfacet
  facet normal 0.886885 0 -0.46199
    outer loop
      vertex 12.5278 -3 22.85
      vertex 12.4593 0 22.7185
      vertex 12.5278 0 22.85
    endloop
  endfacet
  facet normal 0.886885 0 -0.46199
    outer loop
      vertex 12.4593 0 22.7185
      vertex 12.5278 -3 22.85
      vertex 12.4593 -3 22.7185
    endloop
  endfacet
  facet normal -0.0438175 0 -0.99904
    outer loop
      vertex 14 -3 23.7
      vertex 14.1482 0 23.6935
      vertex 14.1482 -3 23.6935
    endloop
  endfacet
  facet normal -0.0438175 0 -0.99904
    outer loop
      vertex 14.1482 0 23.6935
      vertex 14 -3 23.7
      vertex 14 0 23.7
    endloop
  endfacet
  facet normal 0.99904 -0 0.0438175
    outer loop
      vertex 12.3 -3 22
      vertex 12.3065 0 21.8518
      vertex 12.3 0 22
    endloop
  endfacet
  facet normal 0.99904 0 0.0438175
    outer loop
      vertex 12.3065 0 21.8518
      vertex 12.3 -3 22
      vertex 12.3065 -3 21.8518
    endloop
  endfacet
  facet normal 0.130175 0 0.991491
    outer loop
      vertex 13.7048 0 20.3258
      vertex 13.8518 -3 20.3065
      vertex 13.8518 0 20.3065
    endloop
  endfacet
  facet normal 0.130175 0 0.991491
    outer loop
      vertex 13.8518 -3 20.3065
      vertex 13.7048 0 20.3258
      vertex 13.7048 -3 20.3258
    endloop
  endfacet
  facet normal -0.130175 0 -0.991491
    outer loop
      vertex 14.1482 -3 23.6935
      vertex 14.2952 0 23.6742
      vertex 14.2952 -3 23.6742
    endloop
  endfacet
  facet normal -0.130175 0 -0.991491
    outer loop
      vertex 14.2952 0 23.6742
      vertex 14.1482 -3 23.6935
      vertex 14.1482 0 23.6935
    endloop
  endfacet
  facet normal 0.609026 0 0.79315
    outer loop
      vertex 12.9073 0 20.6977
      vertex 13.0249 -3 20.6074
      vertex 13.0249 0 20.6074
    endloop
  endfacet
  facet normal 0.609026 0 0.79315
    outer loop
      vertex 13.0249 -3 20.6074
      vertex 12.9073 0 20.6977
      vertex 12.9073 -3 20.6977
    endloop
  endfacet
  facet normal -0 0 1
    outer loop
      vertex 12.268 -3 19
      vertex 15.732 -6 19
      vertex 15.732 -3 19
    endloop
  endfacet
  facet normal 0 0 1
    outer loop
      vertex 15.732 -6 19
      vertex 12.268 -3 19
      vertex 12.268 -6 19
    endloop
  endfacet
  facet normal -0.866019 0 0.500011
    outer loop
      vertex 15.732 -6 19
      vertex 17.4641 -3 22
      vertex 15.732 -3 19
    endloop
  endfacet
  facet normal -0.866019 0 0.500011
    outer loop
      vertex 17.4641 -3 22
      vertex 15.732 -6 19
      vertex 17.4641 -6 22
    endloop
  endfacet
  facet normal 0 0 -1
    outer loop
      vertex 12.268 -6 25
      vertex 15.732 -3 25
      vertex 15.732 -6 25
    endloop
  endfacet
  facet normal -0 0 -1
    outer loop
      vertex 15.732 -3 25
      vertex 12.268 -6 25
      vertex 12.268 -3 25
    endloop
  endfacet
  facet normal -0.866019 0 -0.500011
    outer loop
      vertex 17.4641 -6 22
      vertex 15.732 -3 25
      vertex 17.4641 -3 22
    endloop
  endfacet
  facet normal -0.866019 -0 -0.500011
    outer loop
      vertex 15.732 -3 25
      vertex 17.4641 -6 22
      vertex 15.732 -6 25
    endloop
  endfacet
  facet normal 0.866007 0 -0.500032
    outer loop
      vertex 11.5 -6 23.6699
      vertex 12.268 -3 25
      vertex 12.268 -6 25
    endloop
  endfacet
  facet normal 0.866019 -1.28739e-05 -0.500011
    outer loop
      vertex 12.268 -3 25
      vertex 11.5 -6 23.6699
      vertex 10.5359 -3 22
    endloop
  endfacet
  facet normal 0.866029 0 -0.499993
    outer loop
      vertex 10.5359 -6.4 22
      vertex 11.5 -6 23.6699
      vertex 11.5 -6.4 23.6699
    endloop
  endfacet
  facet normal 0.866029 0 -0.499993
    outer loop
      vertex 11.5 -6 23.6699
      vertex 10.5359 -6.4 22
      vertex 10.5359 -3 22
    endloop
  endfacet
  facet normal 0.866019 -1.28739e-05 0.500011
    outer loop
      vertex 10.5359 -3 22
      vertex 11.5 -6 20.3301
      vertex 12.268 -3 19
    endloop
  endfacet
  facet normal 0.866029 -0 0.499993
    outer loop
      vertex 10.5359 -6.4 22
      vertex 11.5 -6 20.3301
      vertex 10.5359 -3 22
    endloop
  endfacet
  facet normal 0.866029 0 0.499993
    outer loop
      vertex 11.5 -6 20.3301
      vertex 10.5359 -6.4 22
      vertex 11.5 -6.4 20.3301
    endloop
  endfacet
  facet normal 0.866007 0 0.500032
    outer loop
      vertex 12.268 -3 19
      vertex 11.5 -6 20.3301
      vertex 12.268 -6 19
    endloop
  endfacet
  facet normal 0 1 0
    outer loop
      vertex 11.5 -6.4 23.6699
      vertex 11.5 -6.4 20.3301
      vertex 10.5359 -6.4 22
    endloop
  endfacet
  facet normal 0 -1 0
    outer loop
      vertex 12.268 -3 25
      vertex 14 -3 23.7
      vertex 15.732 -3 25
    endloop
  endfacet
  facet normal 0 -1 0
    outer loop
      vertex 12.268 -3 25
      vertex 13.8518 -3 23.6935
      vertex 14 -3 23.7
    endloop
  endfacet
  facet normal 0 -1 0
    outer loop
      vertex 12.268 -3 25
      vertex 13.7048 -3 23.6742
      vertex 13.8518 -3 23.6935
    endloop
  endfacet
  facet normal 0 -1 0
    outer loop
      vertex 12.268 -3 25
      vertex 13.56 -3 23.6421
      vertex 13.7048 -3 23.6742
    endloop
  endfacet
  facet normal 0 -1 0
    outer loop
      vertex 12.268 -3 25
      vertex 13.4186 -3 23.5975
      vertex 13.56 -3 23.6421
    endloop
  endfacet
  facet normal 0 -1 0
    outer loop
      vertex 12.268 -3 25
      vertex 13.2815 -3 23.5407
      vertex 13.4186 -3 23.5975
    endloop
  endfacet
  facet normal 0 -1 0
    outer loop
      vertex 12.268 -3 25
      vertex 13.15 -3 23.4722
      vertex 13.2815 -3 23.5407
    endloop
  endfacet
  facet normal 0 -1 0
    outer loop
      vertex 12.268 -3 25
      vertex 13.0249 -3 23.3926
      vertex 13.15 -3 23.4722
    endloop
  endfacet
  facet normal 0 -1 0
    outer loop
      vertex 12.268 -3 25
      vertex 12.9073 -3 23.3023
      vertex 13.0249 -3 23.3926
    endloop
  endfacet
  facet normal 0 -1 0
    outer loop
      vertex 12.268 -3 25
      vertex 12.7979 -3 23.2021
      vertex 12.9073 -3 23.3023
    endloop
  endfacet
  facet normal 0 -1 0
    outer loop
      vertex 12.268 -3 25
      vertex 12.6977 -3 23.0927
      vertex 12.7979 -3 23.2021
    endloop
  endfacet
  facet normal 0 -1 0
    outer loop
      vertex 12.268 -3 25
      vertex 12.6074 -3 22.9751
      vertex 12.6977 -3 23.0927
    endloop
  endfacet
  facet normal 0 -1 0
    outer loop
      vertex 12.268 -3 25
      vertex 12.5278 -3 22.85
      vertex 12.6074 -3 22.9751
    endloop
  endfacet
  facet normal 0 -1 0
    outer loop
      vertex 10.5359 -3 22
      vertex 12.5278 -3 22.85
      vertex 12.268 -3 25
    endloop
  endfacet
  facet normal 0 -1 0
    outer loop
      vertex 12.5278 -3 22.85
      vertex 10.5359 -3 22
      vertex 12.4593 -3 22.7185
    endloop
  endfacet
  facet normal 0 -1 0
    outer loop
      vertex 12.4593 -3 22.7185
      vertex 10.5359 -3 22
      vertex 12.4025 -3 22.5814
    endloop
  endfacet
  facet normal 0 -1 0
    outer loop
      vertex 12.4025 -3 22.5814
      vertex 10.5359 -3 22
      vertex 12.3579 -3 22.44
    endloop
  endfacet
  facet normal 0 -1 0
    outer loop
      vertex 12.3579 -3 22.44
      vertex 10.5359 -3 22
      vertex 12.3258 -3 22.2952
    endloop
  endfacet
  facet normal 0 -1 0
    outer loop
      vertex 12.3258 -3 22.2952
      vertex 10.5359 -3 22
      vertex 12.3065 -3 22.1482
    endloop
  endfacet
  facet normal 0 -1 0
    outer loop
      vertex 10.5359 -3 22
      vertex 12.3 -3 22
      vertex 12.3065 -3 22.1482
    endloop
  endfacet
  facet normal 0 -1 0
    outer loop
      vertex 10.5359 -3 22
      vertex 12.3065 -3 21.8518
      vertex 12.3 -3 22
    endloop
  endfacet
  facet normal 0 -1 0
    outer loop
      vertex 10.5359 -3 22
      vertex 12.3258 -3 21.7048
      vertex 12.3065 -3 21.8518
    endloop
  endfacet
  facet normal 0 -1 0
    outer loop
      vertex 10.5359 -3 22
      vertex 12.3579 -3 21.56
      vertex 12.3258 -3 21.7048
    endloop
  endfacet
  facet normal 0 -1 0
    outer loop
      vertex 10.5359 -3 22
      vertex 12.4025 -3 21.4186
      vertex 12.3579 -3 21.56
    endloop
  endfacet
  facet normal 0 -1 0
    outer loop
      vertex 10.5359 -3 22
      vertex 12.4593 -3 21.2815
      vertex 12.4025 -3 21.4186
    endloop
  endfacet
  facet normal 0 -1 0
    outer loop
      vertex 10.5359 -3 22
      vertex 12.5278 -3 21.15
      vertex 12.4593 -3 21.2815
    endloop
  endfacet
  facet normal 0 -1 0
    outer loop
      vertex 12.268 -3 19
      vertex 12.5278 -3 21.15
      vertex 10.5359 -3 22
    endloop
  endfacet
  facet normal 0 -1 -0
    outer loop
      vertex 12.5278 -3 21.15
      vertex 12.268 -3 19
      vertex 12.6074 -3 21.0249
    endloop
  endfacet
  facet normal 0 -1 -0
    outer loop
      vertex 12.6074 -3 21.0249
      vertex 12.268 -3 19
      vertex 12.6977 -3 20.9073
    endloop
  endfacet
  facet normal 0 -1 -0
    outer loop
      vertex 12.6977 -3 20.9073
      vertex 12.268 -3 19
      vertex 12.7979 -3 20.7979
    endloop
  endfacet
  facet normal 0 -1 -0
    outer loop
      vertex 12.7979 -3 20.7979
      vertex 12.268 -3 19
      vertex 12.9073 -3 20.6977
    endloop
  endfacet
  facet normal 0 -1 -0
    outer loop
      vertex 12.9073 -3 20.6977
      vertex 12.268 -3 19
      vertex 13.0249 -3 20.6074
    endloop
  endfacet
  facet normal 0 -1 -0
    outer loop
      vertex 13.8518 -3 20.3065
      vertex 12.268 -3 19
      vertex 14 -3 20.3
    endloop
  endfacet
  facet normal 0 -1 -0
    outer loop
      vertex 13.7048 -3 20.3258
      vertex 12.268 -3 19
      vertex 13.8518 -3 20.3065
    endloop
  endfacet
  facet normal 0 -1 -0
    outer loop
      vertex 13.56 -3 20.3579
      vertex 12.268 -3 19
      vertex 13.7048 -3 20.3258
    endloop
  endfacet
  facet normal 0 -1 -0
    outer loop
      vertex 13.4186 -3 20.4025
      vertex 12.268 -3 19
      vertex 13.56 -3 20.3579
    endloop
  endfacet
  facet normal 0 -1 -0
    outer loop
      vertex 13.2815 -3 20.4593
      vertex 12.268 -3 19
      vertex 13.4186 -3 20.4025
    endloop
  endfacet
  facet normal 0 -1 -0
    outer loop
      vertex 13.15 -3 20.5278
      vertex 12.268 -3 19
      vertex 13.2815 -3 20.4593
    endloop
  endfacet
  facet normal 0 -1 -0
    outer loop
      vertex 13.0249 -3 20.6074
      vertex 12.268 -3 19
      vertex 13.15 -3 20.5278
    endloop
  endfacet
  facet normal 0 -1 0
    outer loop
      vertex 14.1482 -3 23.6935
      vertex 15.732 -3 25
      vertex 14 -3 23.7
    endloop
  endfacet
  facet normal 0 -1 0
    outer loop
      vertex 14.2952 -3 23.6742
      vertex 15.732 -3 25
      vertex 14.1482 -3 23.6935
    endloop
  endfacet
  facet normal 0 -1 0
    outer loop
      vertex 14.44 -3 23.6421
      vertex 15.732 -3 25
      vertex 14.2952 -3 23.6742
    endloop
  endfacet
  facet normal 0 -1 0
    outer loop
      vertex 14.5814 -3 23.5975
      vertex 15.732 -3 25
      vertex 14.44 -3 23.6421
    endloop
  endfacet
  facet normal 0 -1 0
    outer loop
      vertex 14.7185 -3 23.5407
      vertex 15.732 -3 25
      vertex 14.5814 -3 23.5975
    endloop
  endfacet
  facet normal 0 -1 0
    outer loop
      vertex 14.85 -3 23.4722
      vertex 15.732 -3 25
      vertex 14.7185 -3 23.5407
    endloop
  endfacet
  facet normal 0 -1 0
    outer loop
      vertex 14.9751 -3 23.3926
      vertex 15.732 -3 25
      vertex 14.85 -3 23.4722
    endloop
  endfacet
  facet normal 0 -1 0
    outer loop
      vertex 15.0927 -3 23.3023
      vertex 15.732 -3 25
      vertex 14.9751 -3 23.3926
    endloop
  endfacet
  facet normal 0 -1 0
    outer loop
      vertex 15.2021 -3 23.2021
      vertex 15.732 -3 25
      vertex 15.0927 -3 23.3023
    endloop
  endfacet
  facet normal 0 -1 0
    outer loop
      vertex 15.3023 -3 23.0927
      vertex 15.732 -3 25
      vertex 15.2021 -3 23.2021
    endloop
  endfacet
  facet normal 0 -1 0
    outer loop
      vertex 15.3926 -3 22.9751
      vertex 15.732 -3 25
      vertex 15.3023 -3 23.0927
    endloop
  endfacet
  facet normal 0 -1 0
    outer loop
      vertex 15.4722 -3 22.85
      vertex 15.732 -3 25
      vertex 15.3926 -3 22.9751
    endloop
  endfacet
  facet normal 0 -1 0
    outer loop
      vertex 17.4641 -3 22
      vertex 15.4722 -3 22.85
      vertex 15.5407 -3 22.7185
    endloop
  endfacet
  facet normal 0 -1 0
    outer loop
      vertex 17.4641 -3 22
      vertex 15.5407 -3 22.7185
      vertex 15.5975 -3 22.5814
    endloop
  endfacet
  facet normal 0 -1 0
    outer loop
      vertex 17.4641 -3 22
      vertex 15.5975 -3 22.5814
      vertex 15.6421 -3 22.44
    endloop
  endfacet
  facet normal 0 -1 0
    outer loop
      vertex 17.4641 -3 22
      vertex 15.6421 -3 22.44
      vertex 15.6742 -3 22.2952
    endloop
  endfacet
  facet normal 0 -1 0
    outer loop
      vertex 17.4641 -3 22
      vertex 15.6742 -3 22.2952
      vertex 15.6935 -3 22.1482
    endloop
  endfacet
  facet normal 0 -1 0
    outer loop
      vertex 17.4641 -3 22
      vertex 15.6935 -3 22.1482
      vertex 15.7 -3 22
    endloop
  endfacet
  facet normal 0 -1 0
    outer loop
      vertex 15.4722 -3 22.85
      vertex 17.4641 -3 22
      vertex 15.732 -3 25
    endloop
  endfacet
  facet normal 0 -1 0
    outer loop
      vertex 15.6935 -3 21.8518
      vertex 17.4641 -3 22
      vertex 15.7 -3 22
    endloop
  endfacet
  facet normal 0 -1 0
    outer loop
      vertex 15.6742 -3 21.7048
      vertex 17.4641 -3 22
      vertex 15.6935 -3 21.8518
    endloop
  endfacet
  facet normal 0 -1 0
    outer loop
      vertex 15.6421 -3 21.56
      vertex 17.4641 -3 22
      vertex 15.6742 -3 21.7048
    endloop
  endfacet
  facet normal 0 -1 0
    outer loop
      vertex 15.5975 -3 21.4186
      vertex 17.4641 -3 22
      vertex 15.6421 -3 21.56
    endloop
  endfacet
  facet normal 0 -1 0
    outer loop
      vertex 15.5407 -3 21.2815
      vertex 17.4641 -3 22
      vertex 15.5975 -3 21.4186
    endloop
  endfacet
  facet normal 0 -1 0
    outer loop
      vertex 15.4722 -3 21.15
      vertex 17.4641 -3 22
      vertex 15.5407 -3 21.2815
    endloop
  endfacet
  facet normal 0 -1 0
    outer loop
      vertex 15.732 -3 19
      vertex 15.4722 -3 21.15
      vertex 15.3926 -3 21.0249
    endloop
  endfacet
  facet normal 0 -1 0
    outer loop
      vertex 15.732 -3 19
      vertex 15.3926 -3 21.0249
      vertex 15.3023 -3 20.9073
    endloop
  endfacet
  facet normal 0 -1 0
    outer loop
      vertex 15.732 -3 19
      vertex 15.3023 -3 20.9073
      vertex 15.2021 -3 20.7979
    endloop
  endfacet
  facet normal 0 -1 0
    outer loop
      vertex 15.732 -3 19
      vertex 15.2021 -3 20.7979
      vertex 15.0927 -3 20.6977
    endloop
  endfacet
  facet normal 0 -1 0
    outer loop
      vertex 15.732 -3 19
      vertex 15.0927 -3 20.6977
      vertex 14.9751 -3 20.6074
    endloop
  endfacet
  facet normal 0 -1 0
    outer loop
      vertex 15.732 -3 19
      vertex 14.9751 -3 20.6074
      vertex 14.85 -3 20.5278
    endloop
  endfacet
  facet normal 0 -1 0
    outer loop
      vertex 15.732 -3 19
      vertex 14 -3 20.3
      vertex 12.268 -3 19
    endloop
  endfacet
  facet normal 0 -1 0
    outer loop
      vertex 14 -3 20.3
      vertex 15.732 -3 19
      vertex 14.1482 -3 20.3065
    endloop
  endfacet
  facet normal 0 -1 0
    outer loop
      vertex 14.1482 -3 20.3065
      vertex 15.732 -3 19
      vertex 14.2952 -3 20.3258
    endloop
  endfacet
  facet normal 0 -1 0
    outer loop
      vertex 14.2952 -3 20.3258
      vertex 15.732 -3 19
      vertex 14.44 -3 20.3579
    endloop
  endfacet
  facet normal 0 -1 0
    outer loop
      vertex 14.44 -3 20.3579
      vertex 15.732 -3 19
      vertex 14.5814 -3 20.4025
    endloop
  endfacet
  facet normal 0 -1 0
    outer loop
      vertex 14.5814 -3 20.4025
      vertex 15.732 -3 19
      vertex 14.7185 -3 20.4593
    endloop
  endfacet
  facet normal 0 -1 0
    outer loop
      vertex 14.7185 -3 20.4593
      vertex 15.732 -3 19
      vertex 14.85 -3 20.5278
    endloop
  endfacet
  facet normal 0 -1 0
    outer loop
      vertex 15.4722 -3 21.15
      vertex 15.732 -3 19
      vertex 17.4641 -3 22
    endloop
  endfacet
  facet normal -0.79315 0 0.609026
    outer loop
      vertex 15.3023 -3 48.9073
      vertex 15.3926 0 49.0249
      vertex 15.3023 0 48.9073
    endloop
  endfacet
  facet normal -0.79315 0 0.609026
    outer loop
      vertex 15.3926 0 49.0249
      vertex 15.3023 -3 48.9073
      vertex 15.3926 -3 49.0249
    endloop
  endfacet
  facet normal -0.953685 0 0.300809
    outer loop
      vertex 15.5975 -3 49.4186
      vertex 15.6421 0 49.56
      vertex 15.5975 0 49.4186
    endloop
  endfacet
  facet normal -0.953685 0 0.300809
    outer loop
      vertex 15.6421 0 49.56
      vertex 15.5975 -3 49.4186
      vertex 15.6421 -3 49.56
    endloop
  endfacet
  facet normal -0.991491 0 -0.130175
    outer loop
      vertex 15.6935 -3 50.1482
      vertex 15.6742 0 50.2952
      vertex 15.6935 0 50.1482
    endloop
  endfacet
  facet normal -0.991491 -0 -0.130175
    outer loop
      vertex 15.6742 0 50.2952
      vertex 15.6935 -3 50.1482
      vertex 15.6742 -3 50.2952
    endloop
  endfacet
  facet normal 0.300809 0 -0.953685
    outer loop
      vertex 13.4186 -3 51.5975
      vertex 13.56 0 51.6421
      vertex 13.56 -3 51.6421
    endloop
  endfacet
  facet normal 0.300809 0 -0.953685
    outer loop
      vertex 13.56 0 51.6421
      vertex 13.4186 -3 51.5975
      vertex 13.4186 0 51.5975
    endloop
  endfacet
  facet normal -0.609026 0 0.79315
    outer loop
      vertex 14.9751 0 48.6074
      vertex 15.0927 -3 48.6977
      vertex 15.0927 0 48.6977
    endloop
  endfacet
  facet normal -0.609026 0 0.79315
    outer loop
      vertex 15.0927 -3 48.6977
      vertex 14.9751 0 48.6074
      vertex 14.9751 -3 48.6074
    endloop
  endfacet
  facet normal 0.737434 0 -0.675419
    outer loop
      vertex 12.7979 -3 51.2021
      vertex 12.6977 0 51.0927
      vertex 12.7979 0 51.2021
    endloop
  endfacet
  facet normal 0.737434 0 -0.675419
    outer loop
      vertex 12.6977 0 51.0927
      vertex 12.7979 -3 51.2021
      vertex 12.6977 -3 51.0927
    endloop
  endfacet
  facet normal -0.216431 0 -0.976298
    outer loop
      vertex 14.2952 -3 51.6742
      vertex 14.44 0 51.6421
      vertex 14.44 -3 51.6421
    endloop
  endfacet
  facet normal -0.216431 0 -0.976298
    outer loop
      vertex 14.44 0 51.6421
      vertex 14.2952 -3 51.6742
      vertex 14.2952 0 51.6742
    endloop
  endfacet
  facet normal 0.382749 0 -0.923853
    outer loop
      vertex 13.2815 -3 51.5407
      vertex 13.4186 0 51.5975
      vertex 13.4186 -3 51.5975
    endloop
  endfacet
  facet normal 0.382749 0 -0.923853
    outer loop
      vertex 13.4186 0 51.5975
      vertex 13.2815 -3 51.5407
      vertex 13.2815 0 51.5407
    endloop
  endfacet
  facet normal -0.923853 0 -0.382749
    outer loop
      vertex 15.5975 -3 50.5814
      vertex 15.5407 0 50.7185
      vertex 15.5975 0 50.5814
    endloop
  endfacet
  facet normal -0.923853 -0 -0.382749
    outer loop
      vertex 15.5407 0 50.7185
      vertex 15.5975 -3 50.5814
      vertex 15.5407 -3 50.7185
    endloop
  endfacet
  facet normal -0.737434 0 0.675419
    outer loop
      vertex 15.2021 -3 48.7979
      vertex 15.3023 0 48.9073
      vertex 15.2021 0 48.7979
    endloop
  endfacet
  facet normal -0.737434 0 0.675419
    outer loop
      vertex 15.3023 0 48.9073
      vertex 15.2021 -3 48.7979
      vertex 15.3023 -3 48.9073
    endloop
  endfacet
  facet normal -0.609026 0 -0.79315
    outer loop
      vertex 14.9751 -3 51.3926
      vertex 15.0927 0 51.3023
      vertex 15.0927 -3 51.3023
    endloop
  endfacet
  facet normal -0.609026 0 -0.79315
    outer loop
      vertex 15.0927 0 51.3023
      vertex 14.9751 -3 51.3926
      vertex 14.9751 0 51.3926
    endloop
  endfacet
  facet normal -0.300809 0 0.953685
    outer loop
      vertex 14.44 0 48.3579
      vertex 14.5814 -3 48.4025
      vertex 14.5814 0 48.4025
    endloop
  endfacet
  facet normal -0.300809 0 0.953685
    outer loop
      vertex 14.5814 -3 48.4025
      vertex 14.44 0 48.3579
      vertex 14.44 -3 48.3579
    endloop
  endfacet
  facet normal -0.886885 0 0.46199
    outer loop
      vertex 15.4722 -3 49.15
      vertex 15.5407 0 49.2815
      vertex 15.4722 0 49.15
    endloop
  endfacet
  facet normal -0.886885 0 0.46199
    outer loop
      vertex 15.5407 0 49.2815
      vertex 15.4722 -3 49.15
      vertex 15.5407 -3 49.2815
    endloop
  endfacet
  facet normal 0.216431 0 -0.976298
    outer loop
      vertex 13.56 -3 51.6421
      vertex 13.7048 0 51.6742
      vertex 13.7048 -3 51.6742
    endloop
  endfacet
  facet normal 0.216431 0 -0.976298
    outer loop
      vertex 13.7048 0 51.6742
      vertex 13.56 -3 51.6421
      vertex 13.56 0 51.6421
    endloop
  endfacet
  facet normal 0.923853 -0 0.382749
    outer loop
      vertex 12.4025 -3 49.4186
      vertex 12.4593 0 49.2815
      vertex 12.4025 0 49.4186
    endloop
  endfacet
  facet normal 0.923853 0 0.382749
    outer loop
      vertex 12.4593 0 49.2815
      vertex 12.4025 -3 49.4186
      vertex 12.4593 -3 49.2815
    endloop
  endfacet
  facet normal -0.843689 0 -0.536832
    outer loop
      vertex 15.4722 -3 50.85
      vertex 15.3926 0 50.9751
      vertex 15.4722 0 50.85
    endloop
  endfacet
  facet normal -0.843689 -0 -0.536832
    outer loop
      vertex 15.3926 0 50.9751
      vertex 15.4722 -3 50.85
      vertex 15.3926 -3 50.9751
    endloop
  endfacet
  facet normal -0.46199 0 -0.886885
    outer loop
      vertex 14.7185 -3 51.5407
      vertex 14.85 0 51.4722
      vertex 14.85 -3 51.4722
    endloop
  endfacet
  facet normal -0.46199 0 -0.886885
    outer loop
      vertex 14.85 0 51.4722
      vertex 14.7185 -3 51.5407
      vertex 14.7185 0 51.5407
    endloop
  endfacet
  facet normal 0.99904 0 -0.0438175
    outer loop
      vertex 12.3065 -3 50.1482
      vertex 12.3 0 50
      vertex 12.3065 0 50.1482
    endloop
  endfacet
  facet normal 0.99904 0 -0.0438175
    outer loop
      vertex 12.3 0 50
      vertex 12.3065 -3 50.1482
      vertex 12.3 -3 50
    endloop
  endfacet
  facet normal 0.382749 0 0.923853
    outer loop
      vertex 13.2815 0 48.4593
      vertex 13.4186 -3 48.4025
      vertex 13.4186 0 48.4025
    endloop
  endfacet
  facet normal 0.382749 0 0.923853
    outer loop
      vertex 13.4186 -3 48.4025
      vertex 13.2815 0 48.4593
      vertex 13.2815 -3 48.4593
    endloop
  endfacet
  facet normal -0.99904 0 -0.0438175
    outer loop
      vertex 15.7 -3 50
      vertex 15.6935 0 50.1482
      vertex 15.7 0 50
    endloop
  endfacet
  facet normal -0.99904 -0 -0.0438175
    outer loop
      vertex 15.6935 0 50.1482
      vertex 15.7 -3 50
      vertex 15.6935 -3 50.1482
    endloop
  endfacet
  facet normal 0.300809 0 0.953685
    outer loop
      vertex 13.4186 0 48.4025
      vertex 13.56 -3 48.3579
      vertex 13.56 0 48.3579
    endloop
  endfacet
  facet normal 0.300809 0 0.953685
    outer loop
      vertex 13.56 -3 48.3579
      vertex 13.4186 0 48.4025
      vertex 13.4186 -3 48.4025
    endloop
  endfacet
  facet normal -0.99904 0 0.0438175
    outer loop
      vertex 15.6935 -3 49.8518
      vertex 15.7 0 50
      vertex 15.6935 0 49.8518
    endloop
  endfacet
  facet normal -0.99904 0 0.0438175
    outer loop
      vertex 15.7 0 50
      vertex 15.6935 -3 49.8518
      vertex 15.7 -3 50
    endloop
  endfacet
  facet normal 0.536832 0 0.843689
    outer loop
      vertex 13.0249 0 48.6074
      vertex 13.15 -3 48.5278
      vertex 13.15 0 48.5278
    endloop
  endfacet
  facet normal 0.536832 0 0.843689
    outer loop
      vertex 13.15 -3 48.5278
      vertex 13.0249 0 48.6074
      vertex 13.0249 -3 48.6074
    endloop
  endfacet
  facet normal -0.976298 0 -0.216431
    outer loop
      vertex 15.6742 -3 50.2952
      vertex 15.6421 0 50.44
      vertex 15.6742 0 50.2952
    endloop
  endfacet
  facet normal -0.976298 -0 -0.216431
    outer loop
      vertex 15.6421 0 50.44
      vertex 15.6742 -3 50.2952
      vertex 15.6421 -3 50.44
    endloop
  endfacet
  facet normal 0.79315 -0 0.609026
    outer loop
      vertex 12.6074 -3 49.0249
      vertex 12.6977 0 48.9073
      vertex 12.6074 0 49.0249
    endloop
  endfacet
  facet normal 0.79315 0 0.609026
    outer loop
      vertex 12.6977 0 48.9073
      vertex 12.6074 -3 49.0249
      vertex 12.6977 -3 48.9073
    endloop
  endfacet
  facet normal 0.886885 -0 0.46199
    outer loop
      vertex 12.4593 -3 49.2815
      vertex 12.5278 0 49.15
      vertex 12.4593 0 49.2815
    endloop
  endfacet
  facet normal 0.886885 0 0.46199
    outer loop
      vertex 12.5278 0 49.15
      vertex 12.4593 -3 49.2815
      vertex 12.5278 -3 49.15
    endloop
  endfacet
  facet normal 0.46199 0 0.886885
    outer loop
      vertex 13.15 0 48.5278
      vertex 13.2815 -3 48.4593
      vertex 13.2815 0 48.4593
    endloop
  endfacet
  facet normal 0.46199 0 0.886885
    outer loop
      vertex 13.2815 -3 48.4593
      vertex 13.15 0 48.5278
      vertex 13.15 -3 48.5278
    endloop
  endfacet
  facet normal 0.675419 0 -0.737434
    outer loop
      vertex 12.7979 -3 51.2021
      vertex 12.9073 0 51.3023
      vertex 12.9073 -3 51.3023
    endloop
  endfacet
  facet normal 0.675419 0 -0.737434
    outer loop
      vertex 12.9073 0 51.3023
      vertex 12.7979 -3 51.2021
      vertex 12.7979 0 51.2021
    endloop
  endfacet
  facet normal 0.976298 -0 0.216431
    outer loop
      vertex 12.3258 -3 49.7048
      vertex 12.3579 0 49.56
      vertex 12.3258 0 49.7048
    endloop
  endfacet
  facet normal 0.976298 0 0.216431
    outer loop
      vertex 12.3579 0 49.56
      vertex 12.3258 -3 49.7048
      vertex 12.3579 -3 49.56
    endloop
  endfacet
  facet normal -0.536832 0 0.843689
    outer loop
      vertex 14.85 0 48.5278
      vertex 14.9751 -3 48.6074
      vertex 14.9751 0 48.6074
    endloop
  endfacet
  facet normal -0.536832 0 0.843689
    outer loop
      vertex 14.9751 -3 48.6074
      vertex 14.85 0 48.5278
      vertex 14.85 -3 48.5278
    endloop
  endfacet
  facet normal -0.923853 0 0.382749
    outer loop
      vertex 15.5407 -3 49.2815
      vertex 15.5975 0 49.4186
      vertex 15.5407 0 49.2815
    endloop
  endfacet
  facet normal -0.923853 0 0.382749
    outer loop
      vertex 15.5975 0 49.4186
      vertex 15.5407 -3 49.2815
      vertex 15.5975 -3 49.4186
    endloop
  endfacet
  facet normal -0.79315 0 -0.609026
    outer loop
      vertex 15.3926 -3 50.9751
      vertex 15.3023 0 51.0927
      vertex 15.3926 0 50.9751
    endloop
  endfacet
  facet normal -0.79315 -0 -0.609026
    outer loop
      vertex 15.3023 0 51.0927
      vertex 15.3926 -3 50.9751
      vertex 15.3023 -3 51.0927
    endloop
  endfacet
  facet normal -0.216431 0 0.976298
    outer loop
      vertex 14.2952 0 48.3258
      vertex 14.44 -3 48.3579
      vertex 14.44 0 48.3579
    endloop
  endfacet
  facet normal -0.216431 0 0.976298
    outer loop
      vertex 14.44 -3 48.3579
      vertex 14.2952 0 48.3258
      vertex 14.2952 -3 48.3258
    endloop
  endfacet
  facet normal 0.737434 -0 0.675419
    outer loop
      vertex 12.6977 -3 48.9073
      vertex 12.7979 0 48.7979
      vertex 12.6977 0 48.9073
    endloop
  endfacet
  facet normal 0.737434 0 0.675419
    outer loop
      vertex 12.7979 0 48.7979
      vertex 12.6977 -3 48.9073
      vertex 12.7979 -3 48.7979
    endloop
  endfacet
  facet normal 0.216431 0 0.976298
    outer loop
      vertex 13.56 0 48.3579
      vertex 13.7048 -3 48.3258
      vertex 13.7048 0 48.3258
    endloop
  endfacet
  facet normal 0.216431 0 0.976298
    outer loop
      vertex 13.7048 -3 48.3258
      vertex 13.56 0 48.3579
      vertex 13.56 -3 48.3579
    endloop
  endfacet
  facet normal 0.79315 0 -0.609026
    outer loop
      vertex 12.6977 -3 51.0927
      vertex 12.6074 0 50.9751
      vertex 12.6977 0 51.0927
    endloop
  endfacet
  facet normal 0.79315 0 -0.609026
    outer loop
      vertex 12.6074 0 50.9751
      vertex 12.6977 -3 51.0927
      vertex 12.6074 -3 50.9751
    endloop
  endfacet
  facet normal -0.953685 0 -0.300809
    outer loop
      vertex 15.6421 -3 50.44
      vertex 15.5975 0 50.5814
      vertex 15.6421 0 50.44
    endloop
  endfacet
  facet normal -0.953685 -0 -0.300809
    outer loop
      vertex 15.5975 0 50.5814
      vertex 15.6421 -3 50.44
      vertex 15.5975 -3 50.5814
    endloop
  endfacet
  facet normal 0.130175 0 -0.991491
    outer loop
      vertex 13.7048 -3 51.6742
      vertex 13.8518 0 51.6935
      vertex 13.8518 -3 51.6935
    endloop
  endfacet
  facet normal 0.130175 0 -0.991491
    outer loop
      vertex 13.8518 0 51.6935
      vertex 13.7048 -3 51.6742
      vertex 13.7048 0 51.6742
    endloop
  endfacet
  facet normal 0.0438175 0 0.99904
    outer loop
      vertex 13.8518 0 48.3065
      vertex 14 -3 48.3
      vertex 14 0 48.3
    endloop
  endfacet
  facet normal 0.0438175 0 0.99904
    outer loop
      vertex 14 -3 48.3
      vertex 13.8518 0 48.3065
      vertex 13.8518 -3 48.3065
    endloop
  endfacet
  facet normal 0.953685 0 -0.300809
    outer loop
      vertex 12.4025 -3 50.5814
      vertex 12.3579 0 50.44
      vertex 12.4025 0 50.5814
    endloop
  endfacet
  facet normal 0.953685 0 -0.300809
    outer loop
      vertex 12.3579 0 50.44
      vertex 12.4025 -3 50.5814
      vertex 12.3579 -3 50.44
    endloop
  endfacet
  facet normal -0.843689 0 0.536832
    outer loop
      vertex 15.3926 -3 49.0249
      vertex 15.4722 0 49.15
      vertex 15.3926 0 49.0249
    endloop
  endfacet
  facet normal -0.843689 0 0.536832
    outer loop
      vertex 15.4722 0 49.15
      vertex 15.3926 -3 49.0249
      vertex 15.4722 -3 49.15
    endloop
  endfacet
  facet normal 0.991491 -0 0.130175
    outer loop
      vertex 12.3065 -3 49.8518
      vertex 12.3258 0 49.7048
      vertex 12.3065 0 49.8518
    endloop
  endfacet
  facet normal 0.991491 0 0.130175
    outer loop
      vertex 12.3258 0 49.7048
      vertex 12.3065 -3 49.8518
      vertex 12.3258 -3 49.7048
    endloop
  endfacet
  facet normal -0.675419 0 -0.737434
    outer loop
      vertex 15.0927 -3 51.3023
      vertex 15.2021 0 51.2021
      vertex 15.2021 -3 51.2021
    endloop
  endfacet
  facet normal -0.675419 0 -0.737434
    outer loop
      vertex 15.2021 0 51.2021
      vertex 15.0927 -3 51.3023
      vertex 15.0927 0 51.3023
    endloop
  endfacet
  facet normal -0.886885 0 -0.46199
    outer loop
      vertex 15.5407 -3 50.7185
      vertex 15.4722 0 50.85
      vertex 15.5407 0 50.7185
    endloop
  endfacet
  facet normal -0.886885 -0 -0.46199
    outer loop
      vertex 15.4722 0 50.85
      vertex 15.5407 -3 50.7185
      vertex 15.4722 -3 50.85
    endloop
  endfacet
  facet normal -0.0438175 0 0.99904
    outer loop
      vertex 14 0 48.3
      vertex 14.1482 -3 48.3065
      vertex 14.1482 0 48.3065
    endloop
  endfacet
  facet normal -0.0438175 0 0.99904
    outer loop
      vertex 14.1482 -3 48.3065
      vertex 14 0 48.3
      vertex 14 -3 48.3
    endloop
  endfacet
  facet normal -0.991491 0 0.130175
    outer loop
      vertex 15.6742 -3 49.7048
      vertex 15.6935 0 49.8518
      vertex 15.6742 0 49.7048
    endloop
  endfacet
  facet normal -0.991491 0 0.130175
    outer loop
      vertex 15.6935 0 49.8518
      vertex 15.6742 -3 49.7048
      vertex 15.6935 -3 49.8518
    endloop
  endfacet
  facet normal -0.737434 0 -0.675419
    outer loop
      vertex 15.3023 -3 51.0927
      vertex 15.2021 0 51.2021
      vertex 15.3023 0 51.0927
    endloop
  endfacet
  facet normal -0.737434 -0 -0.675419
    outer loop
      vertex 15.2021 0 51.2021
      vertex 15.3023 -3 51.0927
      vertex 15.2021 -3 51.2021
    endloop
  endfacet
  facet normal -0.536832 0 -0.843689
    outer loop
      vertex 14.85 -3 51.4722
      vertex 14.9751 0 51.3926
      vertex 14.9751 -3 51.3926
    endloop
  endfacet
  facet normal -0.536832 0 -0.843689
    outer loop
      vertex 14.9751 0 51.3926
      vertex 14.85 -3 51.4722
      vertex 14.85 0 51.4722
    endloop
  endfacet
  facet normal 0.609026 0 -0.79315
    outer loop
      vertex 12.9073 -3 51.3023
      vertex 13.0249 0 51.3926
      vertex 13.0249 -3 51.3926
    endloop
  endfacet
  facet normal 0.609026 0 -0.79315
    outer loop
      vertex 13.0249 0 51.3926
      vertex 12.9073 -3 51.3023
      vertex 12.9073 0 51.3023
    endloop
  endfacet
  facet normal -0.382749 0 -0.923853
    outer loop
      vertex 14.5814 -3 51.5975
      vertex 14.7185 0 51.5407
      vertex 14.7185 -3 51.5407
    endloop
  endfacet
  facet normal -0.382749 0 -0.923853
    outer loop
      vertex 14.7185 0 51.5407
      vertex 14.5814 -3 51.5975
      vertex 14.5814 0 51.5975
    endloop
  endfacet
  facet normal 0.991491 0 -0.130175
    outer loop
      vertex 12.3258 -3 50.2952
      vertex 12.3065 0 50.1482
      vertex 12.3258 0 50.2952
    endloop
  endfacet
  facet normal 0.991491 0 -0.130175
    outer loop
      vertex 12.3065 0 50.1482
      vertex 12.3258 -3 50.2952
      vertex 12.3065 -3 50.1482
    endloop
  endfacet
  facet normal -0.675419 0 0.737434
    outer loop
      vertex 15.0927 0 48.6977
      vertex 15.2021 -3 48.7979
      vertex 15.2021 0 48.7979
    endloop
  endfacet
  facet normal -0.675419 0 0.737434
    outer loop
      vertex 15.2021 -3 48.7979
      vertex 15.0927 0 48.6977
      vertex 15.0927 -3 48.6977
    endloop
  endfacet
  facet normal 0.976298 0 -0.216431
    outer loop
      vertex 12.3579 -3 50.44
      vertex 12.3258 0 50.2952
      vertex 12.3579 0 50.44
    endloop
  endfacet
  facet normal 0.976298 0 -0.216431
    outer loop
      vertex 12.3258 0 50.2952
      vertex 12.3579 -3 50.44
      vertex 12.3258 -3 50.2952
    endloop
  endfacet
  facet normal 0.843689 0 -0.536832
    outer loop
      vertex 12.6074 -3 50.9751
      vertex 12.5278 0 50.85
      vertex 12.6074 0 50.9751
    endloop
  endfacet
  facet normal 0.843689 0 -0.536832
    outer loop
      vertex 12.5278 0 50.85
      vertex 12.6074 -3 50.9751
      vertex 12.5278 -3 50.85
    endloop
  endfacet
  facet normal -0.130175 0 0.991491
    outer loop
      vertex 14.1482 0 48.3065
      vertex 14.2952 -3 48.3258
      vertex 14.2952 0 48.3258
    endloop
  endfacet
  facet normal -0.130175 0 0.991491
    outer loop
      vertex 14.2952 -3 48.3258
      vertex 14.1482 0 48.3065
      vertex 14.1482 -3 48.3065
    endloop
  endfacet
  facet normal -0.976298 0 0.216431
    outer loop
      vertex 15.6421 -3 49.56
      vertex 15.6742 0 49.7048
      vertex 15.6421 0 49.56
    endloop
  endfacet
  facet normal -0.976298 0 0.216431
    outer loop
      vertex 15.6742 0 49.7048
      vertex 15.6421 -3 49.56
      vertex 15.6742 -3 49.7048
    endloop
  endfacet
  facet normal 0.843689 -0 0.536832
    outer loop
      vertex 12.5278 -3 49.15
      vertex 12.6074 0 49.0249
      vertex 12.5278 0 49.15
    endloop
  endfacet
  facet normal 0.843689 0 0.536832
    outer loop
      vertex 12.6074 0 49.0249
      vertex 12.5278 -3 49.15
      vertex 12.6074 -3 49.0249
    endloop
  endfacet
  facet normal 0.0438175 0 -0.99904
    outer loop
      vertex 13.8518 -3 51.6935
      vertex 14 0 51.7
      vertex 14 -3 51.7
    endloop
  endfacet
  facet normal 0.0438175 0 -0.99904
    outer loop
      vertex 14 0 51.7
      vertex 13.8518 -3 51.6935
      vertex 13.8518 0 51.6935
    endloop
  endfacet
  facet normal 0.923853 0 -0.382749
    outer loop
      vertex 12.4593 -3 50.7185
      vertex 12.4025 0 50.5814
      vertex 12.4593 0 50.7185
    endloop
  endfacet
  facet normal 0.923853 0 -0.382749
    outer loop
      vertex 12.4025 0 50.5814
      vertex 12.4593 -3 50.7185
      vertex 12.4025 -3 50.5814
    endloop
  endfacet
  facet normal 0.953685 -0 0.300809
    outer loop
      vertex 12.3579 -3 49.56
      vertex 12.4025 0 49.4186
      vertex 12.3579 0 49.56
    endloop
  endfacet
  facet normal 0.953685 0 0.300809
    outer loop
      vertex 12.4025 0 49.4186
      vertex 12.3579 -3 49.56
      vertex 12.4025 -3 49.4186
    endloop
  endfacet
  facet normal 0.675419 0 0.737434
    outer loop
      vertex 12.7979 0 48.7979
      vertex 12.9073 -3 48.6977
      vertex 12.9073 0 48.6977
    endloop
  endfacet
  facet normal 0.675419 0 0.737434
    outer loop
      vertex 12.9073 -3 48.6977
      vertex 12.7979 0 48.7979
      vertex 12.7979 -3 48.7979
    endloop
  endfacet
  facet normal -0.300809 0 -0.953685
    outer loop
      vertex 14.44 -3 51.6421
      vertex 14.5814 0 51.5975
      vertex 14.5814 -3 51.5975
    endloop
  endfacet
  facet normal -0.300809 0 -0.953685
    outer loop
      vertex 14.5814 0 51.5975
      vertex 14.44 -3 51.6421
      vertex 14.44 0 51.6421
    endloop
  endfacet
  facet normal -0.382749 0 0.923853
    outer loop
      vertex 14.5814 0 48.4025
      vertex 14.7185 -3 48.4593
      vertex 14.7185 0 48.4593
    endloop
  endfacet
  facet normal -0.382749 0 0.923853
    outer loop
      vertex 14.7185 -3 48.4593
      vertex 14.5814 0 48.4025
      vertex 14.5814 -3 48.4025
    endloop
  endfacet
  facet normal -0.46199 0 0.886885
    outer loop
      vertex 14.7185 0 48.4593
      vertex 14.85 -3 48.5278
      vertex 14.85 0 48.5278
    endloop
  endfacet
  facet normal -0.46199 0 0.886885
    outer loop
      vertex 14.85 -3 48.5278
      vertex 14.7185 0 48.4593
      vertex 14.7185 -3 48.4593
    endloop
  endfacet
  facet normal 0.536832 0 -0.843689
    outer loop
      vertex 13.0249 -3 51.3926
      vertex 13.15 0 51.4722
      vertex 13.15 -3 51.4722
    endloop
  endfacet
  facet normal 0.536832 0 -0.843689
    outer loop
      vertex 13.15 0 51.4722
      vertex 13.0249 -3 51.3926
      vertex 13.0249 0 51.3926
    endloop
  endfacet
  facet normal 0.46199 0 -0.886885
    outer loop
      vertex 13.15 -3 51.4722
      vertex 13.2815 0 51.5407
      vertex 13.2815 -3 51.5407
    endloop
  endfacet
  facet normal 0.46199 0 -0.886885
    outer loop
      vertex 13.2815 0 51.5407
      vertex 13.15 -3 51.4722
      vertex 13.15 0 51.4722
    endloop
  endfacet
  facet normal 0.886885 0 -0.46199
    outer loop
      vertex 12.5278 -3 50.85
      vertex 12.4593 0 50.7185
      vertex 12.5278 0 50.85
    endloop
  endfacet
  facet normal 0.886885 0 -0.46199
    outer loop
      vertex 12.4593 0 50.7185
      vertex 12.5278 -3 50.85
      vertex 12.4593 -3 50.7185
    endloop
  endfacet
  facet normal -0.0438175 0 -0.99904
    outer loop
      vertex 14 -3 51.7
      vertex 14.1482 0 51.6935
      vertex 14.1482 -3 51.6935
    endloop
  endfacet
  facet normal -0.0438175 0 -0.99904
    outer loop
      vertex 14.1482 0 51.6935
      vertex 14 -3 51.7
      vertex 14 0 51.7
    endloop
  endfacet
  facet normal 0.99904 -0 0.0438175
    outer loop
      vertex 12.3 -3 50
      vertex 12.3065 0 49.8518
      vertex 12.3 0 50
    endloop
  endfacet
  facet normal 0.99904 0 0.0438175
    outer loop
      vertex 12.3065 0 49.8518
      vertex 12.3 -3 50
      vertex 12.3065 -3 49.8518
    endloop
  endfacet
  facet normal 0.130175 0 0.991491
    outer loop
      vertex 13.7048 0 48.3258
      vertex 13.8518 -3 48.3065
      vertex 13.8518 0 48.3065
    endloop
  endfacet
  facet normal 0.130175 0 0.991491
    outer loop
      vertex 13.8518 -3 48.3065
      vertex 13.7048 0 48.3258
      vertex 13.7048 -3 48.3258
    endloop
  endfacet
  facet normal -0.130175 0 -0.991491
    outer loop
      vertex 14.1482 -3 51.6935
      vertex 14.2952 0 51.6742
      vertex 14.2952 -3 51.6742
    endloop
  endfacet
  facet normal -0.130175 0 -0.991491
    outer loop
      vertex 14.2952 0 51.6742
      vertex 14.1482 -3 51.6935
      vertex 14.1482 0 51.6935
    endloop
  endfacet
  facet normal 0.609026 0 0.79315
    outer loop
      vertex 12.9073 0 48.6977
      vertex 13.0249 -3 48.6074
      vertex 13.0249 0 48.6074
    endloop
  endfacet
  facet normal 0.609026 0 0.79315
    outer loop
      vertex 13.0249 -3 48.6074
      vertex 12.9073 0 48.6977
      vertex 12.9073 -3 48.6977
    endloop
  endfacet
  facet normal -0 0 1
    outer loop
      vertex 12.268 -3 47
      vertex 15.732 -6 47
      vertex 15.732 -3 47
    endloop
  endfacet
  facet normal 0 0 1
    outer loop
      vertex 15.732 -6 47
      vertex 12.268 -3 47
      vertex 12.268 -6 47
    endloop
  endfacet
  facet normal -0.866019 0 0.500011
    outer loop
      vertex 15.732 -6 47
      vertex 17.4641 -3 50
      vertex 15.732 -3 47
    endloop
  endfacet
  facet normal -0.866019 0 0.500011
    outer loop
      vertex 17.4641 -3 50
      vertex 15.732 -6 47
      vertex 17.4641 -6 50
    endloop
  endfacet
  facet normal 0 0 -1
    outer loop
      vertex 12.268 -6 53
      vertex 15.732 -3 53
      vertex 15.732 -6 53
    endloop
  endfacet
  facet normal -0 0 -1
    outer loop
      vertex 15.732 -3 53
      vertex 12.268 -6 53
      vertex 12.268 -3 53
    endloop
  endfacet
  facet normal -0.866019 0 -0.500011
    outer loop
      vertex 17.4641 -6 50
      vertex 15.732 -3 53
      vertex 17.4641 -3 50
    endloop
  endfacet
  facet normal -0.866019 -0 -0.500011
    outer loop
      vertex 15.732 -3 53
      vertex 17.4641 -6 50
      vertex 15.732 -6 53
    endloop
  endfacet
  facet normal 0.866019 0 -0.500011
    outer loop
      vertex 12.268 -6 53
      vertex 10.5359 -3 50
      vertex 12.268 -3 53
    endloop
  endfacet
  facet normal 0.866019 0 -0.500011
    outer loop
      vertex 10.5359 -3 50
      vertex 12.268 -6 53
      vertex 10.5359 -6 50
    endloop
  endfacet
  facet normal 0.866019 -0 0.500011
    outer loop
      vertex 10.5359 -6 50
      vertex 12.268 -3 47
      vertex 10.5359 -3 50
    endloop
  endfacet
  facet normal 0.866019 0 0.500011
    outer loop
      vertex 12.268 -3 47
      vertex 10.5359 -6 50
      vertex 12.268 -6 47
    endloop
  endfacet
  facet normal 0 -1 0
    outer loop
      vertex 12.268 -3 53
      vertex 14 -3 51.7
      vertex 15.732 -3 53
    endloop
  endfacet
  facet normal 0 -1 0
    outer loop
      vertex 12.268 -3 53
      vertex 13.8518 -3 51.6935
      vertex 14 -3 51.7
    endloop
  endfacet
  facet normal 0 -1 0
    outer loop
      vertex 12.268 -3 53
      vertex 13.7048 -3 51.6742
      vertex 13.8518 -3 51.6935
    endloop
  endfacet
  facet normal 0 -1 0
    outer loop
      vertex 12.268 -3 53
      vertex 13.56 -3 51.6421
      vertex 13.7048 -3 51.6742
    endloop
  endfacet
  facet normal 0 -1 0
    outer loop
      vertex 12.268 -3 53
      vertex 13.4186 -3 51.5975
      vertex 13.56 -3 51.6421
    endloop
  endfacet
  facet normal 0 -1 0
    outer loop
      vertex 12.268 -3 53
      vertex 13.2815 -3 51.5407
      vertex 13.4186 -3 51.5975
    endloop
  endfacet
  facet normal 0 -1 0
    outer loop
      vertex 12.268 -3 53
      vertex 13.15 -3 51.4722
      vertex 13.2815 -3 51.5407
    endloop
  endfacet
  facet normal 0 -1 0
    outer loop
      vertex 12.268 -3 53
      vertex 13.0249 -3 51.3926
      vertex 13.15 -3 51.4722
    endloop
  endfacet
  facet normal 0 -1 0
    outer loop
      vertex 12.268 -3 53
      vertex 12.9073 -3 51.3023
      vertex 13.0249 -3 51.3926
    endloop
  endfacet
  facet normal 0 -1 0
    outer loop
      vertex 12.268 -3 53
      vertex 12.7979 -3 51.2021
      vertex 12.9073 -3 51.3023
    endloop
  endfacet
  facet normal 0 -1 0
    outer loop
      vertex 12.268 -3 53
      vertex 12.6977 -3 51.0927
      vertex 12.7979 -3 51.2021
    endloop
  endfacet
  facet normal 0 -1 0
    outer loop
      vertex 12.268 -3 53
      vertex 12.6074 -3 50.9751
      vertex 12.6977 -3 51.0927
    endloop
  endfacet
  facet normal 0 -1 0
    outer loop
      vertex 12.268 -3 53
      vertex 12.5278 -3 50.85
      vertex 12.6074 -3 50.9751
    endloop
  endfacet
  facet normal 0 -1 0
    outer loop
      vertex 10.5359 -3 50
      vertex 12.5278 -3 50.85
      vertex 12.268 -3 53
    endloop
  endfacet
  facet normal 0 -1 0
    outer loop
      vertex 12.5278 -3 50.85
      vertex 10.5359 -3 50
      vertex 12.4593 -3 50.7185
    endloop
  endfacet
  facet normal 0 -1 0
    outer loop
      vertex 12.4593 -3 50.7185
      vertex 10.5359 -3 50
      vertex 12.4025 -3 50.5814
    endloop
  endfacet
  facet normal 0 -1 0
    outer loop
      vertex 12.4025 -3 50.5814
      vertex 10.5359 -3 50
      vertex 12.3579 -3 50.44
    endloop
  endfacet
  facet normal 0 -1 0
    outer loop
      vertex 12.3579 -3 50.44
      vertex 10.5359 -3 50
      vertex 12.3258 -3 50.2952
    endloop
  endfacet
  facet normal 0 -1 0
    outer loop
      vertex 12.3258 -3 50.2952
      vertex 10.5359 -3 50
      vertex 12.3065 -3 50.1482
    endloop
  endfacet
  facet normal 0 -1 0
    outer loop
      vertex 10.5359 -3 50
      vertex 12.3 -3 50
      vertex 12.3065 -3 50.1482
    endloop
  endfacet
  facet normal 0 -1 0
    outer loop
      vertex 10.5359 -3 50
      vertex 12.3065 -3 49.8518
      vertex 12.3 -3 50
    endloop
  endfacet
  facet normal 0 -1 0
    outer loop
      vertex 10.5359 -3 50
      vertex 12.3258 -3 49.7048
      vertex 12.3065 -3 49.8518
    endloop
  endfacet
  facet normal 0 -1 0
    outer loop
      vertex 10.5359 -3 50
      vertex 12.3579 -3 49.56
      vertex 12.3258 -3 49.7048
    endloop
  endfacet
  facet normal 0 -1 0
    outer loop
      vertex 10.5359 -3 50
      vertex 12.4025 -3 49.4186
      vertex 12.3579 -3 49.56
    endloop
  endfacet
  facet normal 0 -1 0
    outer loop
      vertex 10.5359 -3 50
      vertex 12.4593 -3 49.2815
      vertex 12.4025 -3 49.4186
    endloop
  endfacet
  facet normal 0 -1 0
    outer loop
      vertex 10.5359 -3 50
      vertex 12.5278 -3 49.15
      vertex 12.4593 -3 49.2815
    endloop
  endfacet
  facet normal 0 -1 0
    outer loop
      vertex 12.268 -3 47
      vertex 12.5278 -3 49.15
      vertex 10.5359 -3 50
    endloop
  endfacet
  facet normal 0 -1 -0
    outer loop
      vertex 12.5278 -3 49.15
      vertex 12.268 -3 47
      vertex 12.6074 -3 49.0249
    endloop
  endfacet
  facet normal 0 -1 -0
    outer loop
      vertex 12.6074 -3 49.0249
      vertex 12.268 -3 47
      vertex 12.6977 -3 48.9073
    endloop
  endfacet
  facet normal 0 -1 -0
    outer loop
      vertex 12.6977 -3 48.9073
      vertex 12.268 -3 47
      vertex 12.7979 -3 48.7979
    endloop
  endfacet
  facet normal 0 -1 -0
    outer loop
      vertex 12.7979 -3 48.7979
      vertex 12.268 -3 47
      vertex 12.9073 -3 48.6977
    endloop
  endfacet
  facet normal 0 -1 -0
    outer loop
      vertex 12.9073 -3 48.6977
      vertex 12.268 -3 47
      vertex 13.0249 -3 48.6074
    endloop
  endfacet
  facet normal 0 -1 -0
    outer loop
      vertex 13.8518 -3 48.3065
      vertex 12.268 -3 47
      vertex 14 -3 48.3
    endloop
  endfacet
  facet normal 0 -1 -0
    outer loop
      vertex 13.7048 -3 48.3258
      vertex 12.268 -3 47
      vertex 13.8518 -3 48.3065
    endloop
  endfacet
  facet normal 0 -1 -0
    outer loop
      vertex 13.56 -3 48.3579
      vertex 12.268 -3 47
      vertex 13.7048 -3 48.3258
    endloop
  endfacet
  facet normal 0 -1 -0
    outer loop
      vertex 13.4186 -3 48.4025
      vertex 12.268 -3 47
      vertex 13.56 -3 48.3579
    endloop
  endfacet
  facet normal 0 -1 -0
    outer loop
      vertex 13.2815 -3 48.4593
      vertex 12.268 -3 47
      vertex 13.4186 -3 48.4025
    endloop
  endfacet
  facet normal 0 -1 -0
    outer loop
      vertex 13.15 -3 48.5278
      vertex 12.268 -3 47
      vertex 13.2815 -3 48.4593
    endloop
  endfacet
  facet normal 0 -1 -0
    outer loop
      vertex 13.0249 -3 48.6074
      vertex 12.268 -3 47
      vertex 13.15 -3 48.5278
    endloop
  endfacet
  facet normal 0 -1 0
    outer loop
      vertex 14.1482 -3 51.6935
      vertex 15.732 -3 53
      vertex 14 -3 51.7
    endloop
  endfacet
  facet normal 0 -1 0
    outer loop
      vertex 14.2952 -3 51.6742
      vertex 15.732 -3 53
      vertex 14.1482 -3 51.6935
    endloop
  endfacet
  facet normal 0 -1 0
    outer loop
      vertex 14.44 -3 51.6421
      vertex 15.732 -3 53
      vertex 14.2952 -3 51.6742
    endloop
  endfacet
  facet normal 0 -1 0
    outer loop
      vertex 14.5814 -3 51.5975
      vertex 15.732 -3 53
      vertex 14.44 -3 51.6421
    endloop
  endfacet
  facet normal 0 -1 0
    outer loop
      vertex 14.7185 -3 51.5407
      vertex 15.732 -3 53
      vertex 14.5814 -3 51.5975
    endloop
  endfacet
  facet normal 0 -1 0
    outer loop
      vertex 14.85 -3 51.4722
      vertex 15.732 -3 53
      vertex 14.7185 -3 51.5407
    endloop
  endfacet
  facet normal 0 -1 0
    outer loop
      vertex 14.9751 -3 51.3926
      vertex 15.732 -3 53
      vertex 14.85 -3 51.4722
    endloop
  endfacet
  facet normal 0 -1 0
    outer loop
      vertex 15.0927 -3 51.3023
      vertex 15.732 -3 53
      vertex 14.9751 -3 51.3926
    endloop
  endfacet
  facet normal 0 -1 0
    outer loop
      vertex 15.2021 -3 51.2021
      vertex 15.732 -3 53
      vertex 15.0927 -3 51.3023
    endloop
  endfacet
  facet normal 0 -1 0
    outer loop
      vertex 15.3023 -3 51.0927
      vertex 15.732 -3 53
      vertex 15.2021 -3 51.2021
    endloop
  endfacet
  facet normal 0 -1 0
    outer loop
      vertex 15.3926 -3 50.9751
      vertex 15.732 -3 53
      vertex 15.3023 -3 51.0927
    endloop
  endfacet
  facet normal 0 -1 0
    outer loop
      vertex 15.4722 -3 50.85
      vertex 15.732 -3 53
      vertex 15.3926 -3 50.9751
    endloop
  endfacet
  facet normal 0 -1 0
    outer loop
      vertex 17.4641 -3 50
      vertex 15.4722 -3 50.85
      vertex 15.5407 -3 50.7185
    endloop
  endfacet
  facet normal 0 -1 0
    outer loop
      vertex 17.4641 -3 50
      vertex 15.5407 -3 50.7185
      vertex 15.5975 -3 50.5814
    endloop
  endfacet
  facet normal 0 -1 0
    outer loop
      vertex 17.4641 -3 50
      vertex 15.5975 -3 50.5814
      vertex 15.6421 -3 50.44
    endloop
  endfacet
  facet normal 0 -1 0
    outer loop
      vertex 17.4641 -3 50
      vertex 15.6421 -3 50.44
      vertex 15.6742 -3 50.2952
    endloop
  endfacet
  facet normal 0 -1 0
    outer loop
      vertex 17.4641 -3 50
      vertex 15.6742 -3 50.2952
      vertex 15.6935 -3 50.1482
    endloop
  endfacet
  facet normal 0 -1 0
    outer loop
      vertex 17.4641 -3 50
      vertex 15.6935 -3 50.1482
      vertex 15.7 -3 50
    endloop
  endfacet
  facet normal 0 -1 0
    outer loop
      vertex 15.4722 -3 50.85
      vertex 17.4641 -3 50
      vertex 15.732 -3 53
    endloop
  endfacet
  facet normal 0 -1 0
    outer loop
      vertex 15.6935 -3 49.8518
      vertex 17.4641 -3 50
      vertex 15.7 -3 50
    endloop
  endfacet
  facet normal 0 -1 0
    outer loop
      vertex 15.6742 -3 49.7048
      vertex 17.4641 -3 50
      vertex 15.6935 -3 49.8518
    endloop
  endfacet
  facet normal 0 -1 0
    outer loop
      vertex 15.6421 -3 49.56
      vertex 17.4641 -3 50
      vertex 15.6742 -3 49.7048
    endloop
  endfacet
  facet normal 0 -1 0
    outer loop
      vertex 15.5975 -3 49.4186
      vertex 17.4641 -3 50
      vertex 15.6421 -3 49.56
    endloop
  endfacet
  facet normal 0 -1 0
    outer loop
      vertex 15.5407 -3 49.2815
      vertex 17.4641 -3 50
      vertex 15.5975 -3 49.4186
    endloop
  endfacet
  facet normal 0 -1 0
    outer loop
      vertex 15.4722 -3 49.15
      vertex 17.4641 -3 50
      vertex 15.5407 -3 49.2815
    endloop
  endfacet
  facet normal 0 -1 0
    outer loop
      vertex 15.732 -3 47
      vertex 15.4722 -3 49.15
      vertex 15.3926 -3 49.0249
    endloop
  endfacet
  facet normal 0 -1 0
    outer loop
      vertex 15.732 -3 47
      vertex 15.3926 -3 49.0249
      vertex 15.3023 -3 48.9073
    endloop
  endfacet
  facet normal 0 -1 0
    outer loop
      vertex 15.732 -3 47
      vertex 15.3023 -3 48.9073
      vertex 15.2021 -3 48.7979
    endloop
  endfacet
  facet normal 0 -1 0
    outer loop
      vertex 15.732 -3 47
      vertex 15.2021 -3 48.7979
      vertex 15.0927 -3 48.6977
    endloop
  endfacet
  facet normal 0 -1 0
    outer loop
      vertex 15.732 -3 47
      vertex 15.0927 -3 48.6977
      vertex 14.9751 -3 48.6074
    endloop
  endfacet
  facet normal 0 -1 0
    outer loop
      vertex 15.732 -3 47
      vertex 14.9751 -3 48.6074
      vertex 14.85 -3 48.5278
    endloop
  endfacet
  facet normal 0 -1 0
    outer loop
      vertex 15.732 -3 47
      vertex 14 -3 48.3
      vertex 12.268 -3 47
    endloop
  endfacet
  facet normal 0 -1 0
    outer loop
      vertex 14 -3 48.3
      vertex 15.732 -3 47
      vertex 14.1482 -3 48.3065
    endloop
  endfacet
  facet normal 0 -1 0
    outer loop
      vertex 14.1482 -3 48.3065
      vertex 15.732 -3 47
      vertex 14.2952 -3 48.3258
    endloop
  endfacet
  facet normal 0 -1 0
    outer loop
      vertex 14.2952 -3 48.3258
      vertex 15.732 -3 47
      vertex 14.44 -3 48.3579
    endloop
  endfacet
  facet normal 0 -1 0
    outer loop
      vertex 14.44 -3 48.3579
      vertex 15.732 -3 47
      vertex 14.5814 -3 48.4025
    endloop
  endfacet
  facet normal 0 -1 0
    outer loop
      vertex 14.5814 -3 48.4025
      vertex 15.732 -3 47
      vertex 14.7185 -3 48.4593
    endloop
  endfacet
  facet normal 0 -1 0
    outer loop
      vertex 14.7185 -3 48.4593
      vertex 15.732 -3 47
      vertex 14.85 -3 48.5278
    endloop
  endfacet
  facet normal 0 -1 0
    outer loop
      vertex 15.4722 -3 49.15
      vertex 15.732 -3 47
      vertex 17.4641 -3 50
    endloop
  endfacet
  facet normal -1 0 0
    outer loop
      vertex -5.25 -45 0
      vertex -5.25 -41 4
      vertex -5.25 -41 0
    endloop
  endfacet
  facet normal -1 -0 0
    outer loop
      vertex -5.25 -41 4
      vertex -5.25 -45 0
      vertex -5.25 -45 4
    endloop
  endfacet
  facet normal 0 1 -0
    outer loop
      vertex -5.25 -45 0
      vertex -7.25 -45 4
      vertex -5.25 -45 4
    endloop
  endfacet
  facet normal 0 1 0
    outer loop
      vertex -7.25 -45 4
      vertex -5.25 -45 0
      vertex -7.25 -45 0
    endloop
  endfacet
  facet normal 0 -1 0
    outer loop
      vertex -7.25 -41 0
      vertex -5.25 -41 4
      vertex -7.25 -41 4
    endloop
  endfacet
  facet normal 0 -1 -0
    outer loop
      vertex -5.25 -41 4
      vertex -7.25 -41 0
      vertex -5.25 -41 0
    endloop
  endfacet
  facet normal 1 -0 0
    outer loop
      vertex -7.25 -45 4
      vertex -7.25 -41 0
      vertex -7.25 -41 4
    endloop
  endfacet
  facet normal 1 0 0
    outer loop
      vertex -7.25 -41 0
      vertex -7.25 -45 4
      vertex -7.25 -45 0
    endloop
  endfacet
  facet normal -1 0 0
    outer loop
      vertex 7.25 -45 0
      vertex 7.25 -41 4
      vertex 7.25 -41 0
    endloop
  endfacet
  facet normal -1 -0 0
    outer loop
      vertex 7.25 -41 4
      vertex 7.25 -45 0
      vertex 7.25 -45 4
    endloop
  endfacet
  facet normal 0 1 -0
    outer loop
      vertex 7.25 -45 0
      vertex 5.25 -45 4
      vertex 7.25 -45 4
    endloop
  endfacet
  facet normal 0 1 0
    outer loop
      vertex 5.25 -45 4
      vertex 7.25 -45 0
      vertex 5.25 -45 0
    endloop
  endfacet
  facet normal 0 -1 0
    outer loop
      vertex 5.25 -41 0
      vertex 7.25 -41 4
      vertex 5.25 -41 4
    endloop
  endfacet
  facet normal 0 -1 -0
    outer loop
      vertex 7.25 -41 4
      vertex 5.25 -41 0
      vertex 7.25 -41 0
    endloop
  endfacet
  facet normal 1 -0 0
    outer loop
      vertex 5.25 -45 4
      vertex 5.25 -41 0
      vertex 5.25 -41 4
    endloop
  endfacet
  facet normal 1 0 0
    outer loop
      vertex 5.25 -41 0
      vertex 5.25 -45 4
      vertex 5.25 -45 0
    endloop
  endfacet
  facet normal -1 0 0
    outer loop
      vertex -5.25 -93 0
      vertex -5.25 -89 4
      vertex -5.25 -89 0
    endloop
  endfacet
  facet normal -1 -0 0
    outer loop
      vertex -5.25 -89 4
      vertex -5.25 -93 0
      vertex -5.25 -93 4
    endloop
  endfacet
  facet normal 0 1 -0
    outer loop
      vertex -5.25 -93 0
      vertex -7.25 -93 4
      vertex -5.25 -93 4
    endloop
  endfacet
  facet normal 0 1 0
    outer loop
      vertex -7.25 -93 4
      vertex -5.25 -93 0
      vertex -7.25 -93 0
    endloop
  endfacet
  facet normal 0 -1 0
    outer loop
      vertex -7.25 -89 0
      vertex -5.25 -89 4
      vertex -7.25 -89 4
    endloop
  endfacet
  facet normal 0 -1 -0
    outer loop
      vertex -5.25 -89 4
      vertex -7.25 -89 0
      vertex -5.25 -89 0
    endloop
  endfacet
  facet normal 1 -0 0
    outer loop
      vertex -7.25 -93 4
      vertex -7.25 -89 0
      vertex -7.25 -89 4
    endloop
  endfacet
  facet normal 1 0 0
    outer loop
      vertex -7.25 -89 0
      vertex -7.25 -93 4
      vertex -7.25 -93 0
    endloop
  endfacet
  facet normal -1 0 0
    outer loop
      vertex 7.25 -93 0
      vertex 7.25 -89 4
      vertex 7.25 -89 0
    endloop
  endfacet
  facet normal -1 -0 0
    outer loop
      vertex 7.25 -89 4
      vertex 7.25 -93 0
      vertex 7.25 -93 4
    endloop
  endfacet
  facet normal 0 1 -0
    outer loop
      vertex 7.25 -93 0
      vertex 5.25 -93 4
      vertex 7.25 -93 4
    endloop
  endfacet
  facet normal 0 1 0
    outer loop
      vertex 5.25 -93 4
      vertex 7.25 -93 0
      vertex 5.25 -93 0
    endloop
  endfacet
  facet normal 0 -1 0
    outer loop
      vertex 5.25 -89 0
      vertex 7.25 -89 4
      vertex 5.25 -89 4
    endloop
  endfacet
  facet normal 0 -1 -0
    outer loop
      vertex 7.25 -89 4
      vertex 5.25 -89 0
      vertex 7.25 -89 0
    endloop
  endfacet
  facet normal 1 -0 0
    outer loop
      vertex 5.25 -93 4
      vertex 5.25 -89 0
      vertex 5.25 -89 4
    endloop
  endfacet
  facet normal 1 0 0
    outer loop
      vertex 5.25 -89 0
      vertex 5.25 -93 4
      vertex 5.25 -93 0
    endloop
  endfacet
  facet normal 0.130459 0 0.991454
    outer loop
      vertex -0.729321 -104 31.8638
      vertex -0.366054 -116 31.816
      vertex -0.366054 -104 31.816
    endloop
  endfacet
  facet normal 0.130459 0 0.991454
    outer loop
      vertex -0.366054 -116 31.816
      vertex -0.729321 -104 31.8638
      vertex -0.729321 -116 31.8638
    endloop
  endfacet
  facet normal 0.130459 0 0.991454
    outer loop
      vertex -0.729321 -16.2 31.8638
      vertex -0.366054 -30 31.816
      vertex -0.366054 -16.2 31.816
    endloop
  endfacet
  facet normal 0.130459 0 0.991454
    outer loop
      vertex -0.366054 -30 31.816
      vertex -0.729321 -16.2 31.8638
      vertex -0.729321 -30 31.8638
    endloop
  endfacet
  facet normal 0.130459 0 0.991454
    outer loop
      vertex -0.729321 -0.99 31.8638
      vertex -0.366054 -13.8 31.816
      vertex -0.366054 -0.99 31.816
    endloop
  endfacet
  facet normal 0.130459 0 0.991454
    outer loop
      vertex -0.366054 -13.8 31.816
      vertex -0.729321 -0.99 31.8638
      vertex -0.729321 -13.8 31.8638
    endloop
  endfacet
  facet normal -0.99144 0 -0.130563
    outer loop
      vertex 4.18402 -116 36.3661
      vertex 4.13619 -104 36.7293
      vertex 4.18402 -104 36.3661
    endloop
  endfacet
  facet normal -0.99144 -0 -0.130563
    outer loop
      vertex 4.13619 -104 36.7293
      vertex 4.18402 -116 36.3661
      vertex 4.13619 -116 36.7293
    endloop
  endfacet
  facet normal -0.99144 0 -0.130563
    outer loop
      vertex 4.18402 -30 36.3661
      vertex 4.13619 -16.2 36.7293
      vertex 4.18402 -16.2 36.3661
    endloop
  endfacet
  facet normal -0.99144 -0 -0.130563
    outer loop
      vertex 4.13619 -16.2 36.7293
      vertex 4.18402 -30 36.3661
      vertex 4.13619 -30 36.7293
    endloop
  endfacet
  facet normal -0.99144 0 -0.130563
    outer loop
      vertex 4.18402 -13.8 36.3661
      vertex 4.13619 -0.99 36.7293
      vertex 4.18402 -0.99 36.3661
    endloop
  endfacet
  facet normal -0.99144 -0 -0.130563
    outer loop
      vertex 4.13619 -0.99 36.7293
      vertex 4.18402 -13.8 36.3661
      vertex 4.13619 -13.8 36.7293
    endloop
  endfacet
  facet normal -0.999049 0 -0.0436078
    outer loop
      vertex 4.2 -116 36
      vertex 4.18402 -104 36.3661
      vertex 4.2 -104 36
    endloop
  endfacet
  facet normal -0.999049 -0 -0.0436078
    outer loop
      vertex 4.18402 -104 36.3661
      vertex 4.2 -116 36
      vertex 4.18402 -116 36.3661
    endloop
  endfacet
  facet normal -0.999049 0 -0.0436078
    outer loop
      vertex 4.2 -30 36
      vertex 4.18402 -16.2 36.3661
      vertex 4.2 -16.2 36
    endloop
  endfacet
  facet normal -0.999049 -0 -0.0436078
    outer loop
      vertex 4.18402 -16.2 36.3661
      vertex 4.2 -30 36
      vertex 4.18402 -30 36.3661
    endloop
  endfacet
  facet normal -0.999049 0 -0.0436078
    outer loop
      vertex 4.2 -13.8 36
      vertex 4.18402 -0.99 36.3661
      vertex 4.2 -0.99 36
    endloop
  endfacet
  facet normal -0.999049 -0 -0.0436078
    outer loop
      vertex 4.18402 -0.99 36.3661
      vertex 4.2 -13.8 36
      vertex 4.18402 -13.8 36.3661
    endloop
  endfacet
  facet normal 0.793369 0 -0.608741
    outer loop
      vertex -3.21739 -116 38.6997
      vertex -3.44044 -104 38.409
      vertex -3.21739 -104 38.6997
    endloop
  endfacet
  facet normal 0.793369 0 -0.608741
    outer loop
      vertex -3.44044 -104 38.409
      vertex -3.21739 -116 38.6997
      vertex -3.44044 -116 38.409
    endloop
  endfacet
  facet normal 0.793369 0 -0.608741
    outer loop
      vertex -3.21739 -30 38.6997
      vertex -3.44044 -16.2 38.409
      vertex -3.21739 -16.2 38.6997
    endloop
  endfacet
  facet normal 0.793369 0 -0.608741
    outer loop
      vertex -3.44044 -16.2 38.409
      vertex -3.21739 -30 38.6997
      vertex -3.44044 -30 38.409
    endloop
  endfacet
  facet normal 0.793369 0 -0.608741
    outer loop
      vertex -3.21739 -13.8 38.6997
      vertex -3.44044 -0.99 38.409
      vertex -3.21739 -0.99 38.6997
    endloop
  endfacet
  facet normal 0.793369 0 -0.608741
    outer loop
      vertex -3.44044 -0.99 38.409
      vertex -3.21739 -13.8 38.6997
      vertex -3.44044 -13.8 38.409
    endloop
  endfacet
  facet normal -0.382638 0 0.923898
    outer loop
      vertex 1.43648 -104 32.0533
      vertex 1.775 -116 32.1935
      vertex 1.775 -104 32.1935
    endloop
  endfacet
  facet normal -0.382638 0 0.923898
    outer loop
      vertex 1.775 -116 32.1935
      vertex 1.43648 -104 32.0533
      vertex 1.43648 -116 32.0533
    endloop
  endfacet
  facet normal -0.382638 0 0.923898
    outer loop
      vertex 1.43648 -16.2 32.0533
      vertex 1.775 -30 32.1935
      vertex 1.775 -16.2 32.1935
    endloop
  endfacet
  facet normal -0.382638 0 0.923898
    outer loop
      vertex 1.775 -30 32.1935
      vertex 1.43648 -16.2 32.0533
      vertex 1.43648 -30 32.0533
    endloop
  endfacet
  facet normal -0.382638 0 0.923898
    outer loop
      vertex 1.43648 -0.99 32.0533
      vertex 1.775 -13.8 32.1935
      vertex 1.775 -0.99 32.1935
    endloop
  endfacet
  facet normal -0.382638 0 0.923898
    outer loop
      vertex 1.775 -13.8 32.1935
      vertex 1.43648 -0.99 32.0533
      vertex 1.43648 -13.8 32.0533
    endloop
  endfacet
  facet normal -0.130459 0 -0.991454
    outer loop
      vertex 0.366054 -116 40.184
      vertex 0.729321 -104 40.1362
      vertex 0.729321 -116 40.1362
    endloop
  endfacet
  facet normal -0.130459 0 -0.991454
    outer loop
      vertex 0.729321 -104 40.1362
      vertex 0.366054 -116 40.184
      vertex 0.366054 -104 40.184
    endloop
  endfacet
  facet normal -0.130459 0 -0.991454
    outer loop
      vertex 0.366054 -30 40.184
      vertex 0.729321 -16.2 40.1362
      vertex 0.729321 -30 40.1362
    endloop
  endfacet
  facet normal -0.130459 0 -0.991454
    outer loop
      vertex 0.729321 -16.2 40.1362
      vertex 0.366054 -30 40.184
      vertex 0.366054 -16.2 40.184
    endloop
  endfacet
  facet normal -0.130459 0 -0.991454
    outer loop
      vertex 0.366054 -13.8 40.184
      vertex 0.729321 -0.99 40.1362
      vertex 0.729321 -13.8 40.1362
    endloop
  endfacet
  facet normal -0.130459 0 -0.991454
    outer loop
      vertex 0.729321 -0.99 40.1362
      vertex 0.366054 -13.8 40.184
      vertex 0.366054 -0.99 40.184
    endloop
  endfacet
  facet normal 0.608668 0 0.793425
    outer loop
      vertex -2.69971 -104 32.7826
      vertex -2.40902 -116 32.5596
      vertex -2.40902 -104 32.5596
    endloop
  endfacet
  facet normal 0.608668 0 0.793425
    outer loop
      vertex -2.40902 -116 32.5596
      vertex -2.69971 -104 32.7826
      vertex -2.69971 -116 32.7826
    endloop
  endfacet
  facet normal 0.608668 0 0.793425
    outer loop
      vertex -2.69971 -16.2 32.7826
      vertex -2.40902 -30 32.5596
      vertex -2.40902 -16.2 32.5596
    endloop
  endfacet
  facet normal 0.608668 0 0.793425
    outer loop
      vertex -2.40902 -30 32.5596
      vertex -2.69971 -16.2 32.7826
      vertex -2.69971 -30 32.7826
    endloop
  endfacet
  facet normal 0.608668 0 0.793425
    outer loop
      vertex -2.69971 -0.99 32.7826
      vertex -2.40902 -13.8 32.5596
      vertex -2.40902 -0.99 32.5596
    endloop
  endfacet
  facet normal 0.608668 0 0.793425
    outer loop
      vertex -2.40902 -13.8 32.5596
      vertex -2.69971 -0.99 32.7826
      vertex -2.69971 -13.8 32.7826
    endloop
  endfacet
  facet normal -0.737224 0 0.675648
    outer loop
      vertex 2.96985 -116 33.0302
      vertex 3.21739 -104 33.3003
      vertex 2.96985 -104 33.0302
    endloop
  endfacet
  facet normal -0.737224 0 0.675648
    outer loop
      vertex 3.21739 -104 33.3003
      vertex 2.96985 -116 33.0302
      vertex 3.21739 -116 33.3003
    endloop
  endfacet
  facet normal -0.737224 0 0.675648
    outer loop
      vertex 2.96985 -30 33.0302
      vertex 3.21739 -16.2 33.3003
      vertex 2.96985 -16.2 33.0302
    endloop
  endfacet
  facet normal -0.737224 0 0.675648
    outer loop
      vertex 3.21739 -16.2 33.3003
      vertex 2.96985 -30 33.0302
      vertex 3.21739 -30 33.3003
    endloop
  endfacet
  facet normal -0.737224 0 0.675648
    outer loop
      vertex 2.96985 -13.8 33.0302
      vertex 3.21739 -0.99 33.3003
      vertex 2.96985 -0.99 33.0302
    endloop
  endfacet
  facet normal -0.737224 0 0.675648
    outer loop
      vertex 3.21739 -0.99 33.3003
      vertex 2.96985 -13.8 33.0302
      vertex 3.21739 -13.8 33.3003
    endloop
  endfacet
  facet normal 0.216428 0 -0.976299
    outer loop
      vertex -1.08704 -116 40.0569
      vertex -0.729321 -104 40.1362
      vertex -0.729321 -116 40.1362
    endloop
  endfacet
  facet normal 0.216428 0 -0.976299
    outer loop
      vertex -0.729321 -104 40.1362
      vertex -1.08704 -116 40.0569
      vertex -1.08704 -104 40.0569
    endloop
  endfacet
  facet normal 0.216428 0 -0.976299
    outer loop
      vertex -1.08704 -30 40.0569
      vertex -0.729321 -16.2 40.1362
      vertex -0.729321 -30 40.1362
    endloop
  endfacet
  facet normal 0.216428 0 -0.976299
    outer loop
      vertex -0.729321 -16.2 40.1362
      vertex -1.08704 -30 40.0569
      vertex -1.08704 -16.2 40.0569
    endloop
  endfacet
  facet normal 0.216428 0 -0.976299
    outer loop
      vertex -1.08704 -13.8 40.0569
      vertex -0.729321 -0.99 40.1362
      vertex -0.729321 -13.8 40.1362
    endloop
  endfacet
  facet normal 0.216428 0 -0.976299
    outer loop
      vertex -0.729321 -0.99 40.1362
      vertex -1.08704 -13.8 40.0569
      vertex -1.08704 -0.99 40.0569
    endloop
  endfacet
  facet normal -0.130459 0 0.991454
    outer loop
      vertex 0.366054 -104 31.816
      vertex 0.729321 -116 31.8638
      vertex 0.729321 -104 31.8638
    endloop
  endfacet
  facet normal -0.130459 0 0.991454
    outer loop
      vertex 0.729321 -116 31.8638
      vertex 0.366054 -104 31.816
      vertex 0.366054 -116 31.816
    endloop
  endfacet
  facet normal -0.130459 0 0.991454
    outer loop
      vertex 0.366054 -16.2 31.816
      vertex 0.729321 -30 31.8638
      vertex 0.729321 -16.2 31.8638
    endloop
  endfacet
  facet normal -0.130459 0 0.991454
    outer loop
      vertex 0.729321 -30 31.8638
      vertex 0.366054 -16.2 31.816
      vertex 0.366054 -30 31.816
    endloop
  endfacet
  facet normal -0.130459 0 0.991454
    outer loop
      vertex 0.366054 -0.99 31.816
      vertex 0.729321 -13.8 31.8638
      vertex 0.729321 -0.99 31.8638
    endloop
  endfacet
  facet normal -0.130459 0 0.991454
    outer loop
      vertex 0.729321 -13.8 31.8638
      vertex 0.366054 -0.99 31.816
      vertex 0.366054 -13.8 31.816
    endloop
  endfacet
  facet normal 0.887016 0 -0.461739
    outer loop
      vertex -3.63731 -116 38.1
      vertex -3.80649 -104 37.775
      vertex -3.63731 -104 38.1
    endloop
  endfacet
  facet normal 0.887016 0 -0.461739
    outer loop
      vertex -3.80649 -104 37.775
      vertex -3.63731 -116 38.1
      vertex -3.80649 -116 37.775
    endloop
  endfacet
  facet normal 0.887016 0 -0.461739
    outer loop
      vertex -3.63731 -30 38.1
      vertex -3.80649 -16.2 37.775
      vertex -3.63731 -16.2 38.1
    endloop
  endfacet
  facet normal 0.887016 0 -0.461739
    outer loop
      vertex -3.80649 -16.2 37.775
      vertex -3.63731 -30 38.1
      vertex -3.80649 -30 37.775
    endloop
  endfacet
  facet normal 0.887016 0 -0.461739
    outer loop
      vertex -3.63731 -13.8 38.1
      vertex -3.80649 -0.99 37.775
      vertex -3.63731 -0.99 38.1
    endloop
  endfacet
  facet normal 0.887016 0 -0.461739
    outer loop
      vertex -3.80649 -0.99 37.775
      vertex -3.63731 -13.8 38.1
      vertex -3.80649 -13.8 37.775
    endloop
  endfacet
  facet normal -0.95373 0 -0.300664
    outer loop
      vertex 4.05689 -116 37.087
      vertex 3.94671 -104 37.4365
      vertex 4.05689 -104 37.087
    endloop
  endfacet
  facet normal -0.95373 -0 -0.300664
    outer loop
      vertex 3.94671 -104 37.4365
      vertex 4.05689 -116 37.087
      vertex 3.94671 -116 37.4365
    endloop
  endfacet
  facet normal -0.95373 0 -0.300664
    outer loop
      vertex 4.05689 -30 37.087
      vertex 3.94671 -16.2 37.4365
      vertex 4.05689 -16.2 37.087
    endloop
  endfacet
  facet normal -0.95373 -0 -0.300664
    outer loop
      vertex 3.94671 -16.2 37.4365
      vertex 4.05689 -30 37.087
      vertex 3.94671 -30 37.4365
    endloop
  endfacet
  facet normal -0.95373 0 -0.300664
    outer loop
      vertex 4.05689 -13.8 37.087
      vertex 3.94671 -0.99 37.4365
      vertex 4.05689 -0.99 37.087
    endloop
  endfacet
  facet normal -0.95373 -0 -0.300664
    outer loop
      vertex 3.94671 -0.99 37.4365
      vertex 4.05689 -13.8 37.087
      vertex 3.94671 -13.8 37.4365
    endloop
  endfacet
  facet normal 0.537363 0 -0.843351
    outer loop
      vertex -2.40902 -116 39.4404
      vertex -2.1 -104 39.6373
      vertex -2.1 -116 39.6373
    endloop
  endfacet
  facet normal 0.537363 0 -0.843351
    outer loop
      vertex -2.1 -104 39.6373
      vertex -2.40902 -116 39.4404
      vertex -2.40902 -104 39.4404
    endloop
  endfacet
  facet normal 0.537363 0 -0.843351
    outer loop
      vertex -2.40902 -30 39.4404
      vertex -2.1 -16.2 39.6373
      vertex -2.1 -30 39.6373
    endloop
  endfacet
  facet normal 0.537363 0 -0.843351
    outer loop
      vertex -2.1 -16.2 39.6373
      vertex -2.40902 -30 39.4404
      vertex -2.40902 -16.2 39.4404
    endloop
  endfacet
  facet normal 0.537363 0 -0.843351
    outer loop
      vertex -2.40902 -13.8 39.4404
      vertex -2.1 -0.99 39.6373
      vertex -2.1 -13.8 39.6373
    endloop
  endfacet
  facet normal 0.537363 0 -0.843351
    outer loop
      vertex -2.1 -0.99 39.6373
      vertex -2.40902 -13.8 39.4404
      vertex -2.40902 -0.99 39.4404
    endloop
  endfacet
  facet normal -0.608668 0 -0.793425
    outer loop
      vertex 2.40902 -116 39.4404
      vertex 2.69971 -104 39.2174
      vertex 2.69971 -116 39.2174
    endloop
  endfacet
  facet normal -0.608668 0 -0.793425
    outer loop
      vertex 2.69971 -104 39.2174
      vertex 2.40902 -116 39.4404
      vertex 2.40902 -104 39.4404
    endloop
  endfacet
  facet normal -0.608668 0 -0.793425
    outer loop
      vertex 2.40902 -30 39.4404
      vertex 2.69971 -16.2 39.2174
      vertex 2.69971 -30 39.2174
    endloop
  endfacet
  facet normal -0.608668 0 -0.793425
    outer loop
      vertex 2.69971 -16.2 39.2174
      vertex 2.40902 -30 39.4404
      vertex 2.40902 -16.2 39.4404
    endloop
  endfacet
  facet normal -0.608668 0 -0.793425
    outer loop
      vertex 2.40902 -13.8 39.4404
      vertex 2.69971 -0.99 39.2174
      vertex 2.69971 -13.8 39.2174
    endloop
  endfacet
  facet normal -0.608668 0 -0.793425
    outer loop
      vertex 2.69971 -0.99 39.2174
      vertex 2.40902 -13.8 39.4404
      vertex 2.40902 -0.99 39.4404
    endloop
  endfacet
  facet normal 0.95373 -0 0.300664
    outer loop
      vertex -4.05689 -116 34.913
      vertex -3.94671 -104 34.5635
      vertex -4.05689 -104 34.913
    endloop
  endfacet
  facet normal 0.95373 0 0.300664
    outer loop
      vertex -3.94671 -104 34.5635
      vertex -4.05689 -116 34.913
      vertex -3.94671 -116 34.5635
    endloop
  endfacet
  facet normal 0.95373 -0 0.300664
    outer loop
      vertex -4.05689 -30 34.913
      vertex -3.94671 -16.2 34.5635
      vertex -4.05689 -16.2 34.913
    endloop
  endfacet
  facet normal 0.95373 0 0.300664
    outer loop
      vertex -3.94671 -16.2 34.5635
      vertex -4.05689 -30 34.913
      vertex -3.94671 -30 34.5635
    endloop
  endfacet
  facet normal 0.95373 -0 0.300664
    outer loop
      vertex -4.05689 -13.8 34.913
      vertex -3.94671 -0.99 34.5635
      vertex -4.05689 -0.99 34.913
    endloop
  endfacet
  facet normal 0.95373 0 0.300664
    outer loop
      vertex -3.94671 -0.99 34.5635
      vertex -4.05689 -13.8 34.913
      vertex -3.94671 -13.8 34.5635
    endloop
  endfacet
  facet normal -0.793369 0 0.608741
    outer loop
      vertex 3.21739 -116 33.3003
      vertex 3.44044 -104 33.591
      vertex 3.21739 -104 33.3003
    endloop
  endfacet
  facet normal -0.793369 0 0.608741
    outer loop
      vertex 3.44044 -104 33.591
      vertex 3.21739 -116 33.3003
      vertex 3.44044 -116 33.591
    endloop
  endfacet
  facet normal -0.793369 0 0.608741
    outer loop
      vertex 3.21739 -30 33.3003
      vertex 3.44044 -16.2 33.591
      vertex 3.21739 -16.2 33.3003
    endloop
  endfacet
  facet normal -0.793369 0 0.608741
    outer loop
      vertex 3.44044 -16.2 33.591
      vertex 3.21739 -30 33.3003
      vertex 3.44044 -30 33.591
    endloop
  endfacet
  facet normal -0.793369 0 0.608741
    outer loop
      vertex 3.21739 -13.8 33.3003
      vertex 3.44044 -0.99 33.591
      vertex 3.21739 -0.99 33.3003
    endloop
  endfacet
  facet normal -0.793369 0 0.608741
    outer loop
      vertex 3.44044 -0.99 33.591
      vertex 3.21739 -13.8 33.3003
      vertex 3.44044 -13.8 33.591
    endloop
  endfacet
  facet normal -0.793369 0 -0.608741
    outer loop
      vertex 3.44044 -116 38.409
      vertex 3.21739 -104 38.6997
      vertex 3.44044 -104 38.409
    endloop
  endfacet
  facet normal -0.793369 -0 -0.608741
    outer loop
      vertex 3.21739 -104 38.6997
      vertex 3.44044 -116 38.409
      vertex 3.21739 -116 38.6997
    endloop
  endfacet
  facet normal -0.793369 0 -0.608741
    outer loop
      vertex 3.44044 -30 38.409
      vertex 3.21739 -16.2 38.6997
      vertex 3.44044 -16.2 38.409
    endloop
  endfacet
  facet normal -0.793369 -0 -0.608741
    outer loop
      vertex 3.21739 -16.2 38.6997
      vertex 3.44044 -30 38.409
      vertex 3.21739 -30 38.6997
    endloop
  endfacet
  facet normal -0.793369 0 -0.608741
    outer loop
      vertex 3.44044 -13.8 38.409
      vertex 3.21739 -0.99 38.6997
      vertex 3.44044 -0.99 38.409
    endloop
  endfacet
  facet normal -0.793369 -0 -0.608741
    outer loop
      vertex 3.21739 -0.99 38.6997
      vertex 3.44044 -13.8 38.409
      vertex 3.21739 -13.8 38.6997
    endloop
  endfacet
  facet normal 0.461782 0 -0.886993
    outer loop
      vertex -2.1 -116 39.6373
      vertex -1.775 -104 39.8065
      vertex -1.775 -116 39.8065
    endloop
  endfacet
  facet normal 0.461782 0 -0.886993
    outer loop
      vertex -1.775 -104 39.8065
      vertex -2.1 -116 39.6373
      vertex -2.1 -104 39.6373
    endloop
  endfacet
  facet normal 0.461782 0 -0.886993
    outer loop
      vertex -2.1 -30 39.6373
      vertex -1.775 -16.2 39.8065
      vertex -1.775 -30 39.8065
    endloop
  endfacet
  facet normal 0.461782 0 -0.886993
    outer loop
      vertex -1.775 -16.2 39.8065
      vertex -2.1 -30 39.6373
      vertex -2.1 -16.2 39.6373
    endloop
  endfacet
  facet normal 0.461782 0 -0.886993
    outer loop
      vertex -2.1 -13.8 39.6373
      vertex -1.775 -0.99 39.8065
      vertex -1.775 -13.8 39.8065
    endloop
  endfacet
  facet normal 0.461782 0 -0.886993
    outer loop
      vertex -1.775 -0.99 39.8065
      vertex -2.1 -13.8 39.6373
      vertex -2.1 -0.99 39.6373
    endloop
  endfacet
  facet normal -0.976296 0 0.216439
    outer loop
      vertex 4.05689 -116 34.913
      vertex 4.13619 -104 35.2707
      vertex 4.05689 -104 34.913
    endloop
  endfacet
  facet normal -0.976296 0 0.216439
    outer loop
      vertex 4.13619 -104 35.2707
      vertex 4.05689 -116 34.913
      vertex 4.13619 -116 35.2707
    endloop
  endfacet
  facet normal -0.976296 0 0.216439
    outer loop
      vertex 4.05689 -30 34.913
      vertex 4.13619 -16.2 35.2707
      vertex 4.05689 -16.2 34.913
    endloop
  endfacet
  facet normal -0.976296 0 0.216439
    outer loop
      vertex 4.13619 -16.2 35.2707
      vertex 4.05689 -30 34.913
      vertex 4.13619 -30 35.2707
    endloop
  endfacet
  facet normal -0.976296 0 0.216439
    outer loop
      vertex 4.05689 -13.8 34.913
      vertex 4.13619 -0.99 35.2707
      vertex 4.05689 -0.99 34.913
    endloop
  endfacet
  facet normal -0.976296 0 0.216439
    outer loop
      vertex 4.13619 -0.99 35.2707
      vertex 4.05689 -13.8 34.913
      vertex 4.13619 -13.8 35.2707
    endloop
  endfacet
  facet normal 0.30076 0 0.9537
    outer loop
      vertex -1.43648 -104 32.0533
      vertex -1.08704 -116 31.9431
      vertex -1.08704 -104 31.9431
    endloop
  endfacet
  facet normal 0.30076 0 0.9537
    outer loop
      vertex -1.08704 -116 31.9431
      vertex -1.43648 -104 32.0533
      vertex -1.43648 -116 32.0533
    endloop
  endfacet
  facet normal 0.30076 0 0.9537
    outer loop
      vertex -1.43648 -16.2 32.0533
      vertex -1.08704 -30 31.9431
      vertex -1.08704 -16.2 31.9431
    endloop
  endfacet
  facet normal 0.30076 0 0.9537
    outer loop
      vertex -1.08704 -30 31.9431
      vertex -1.43648 -16.2 32.0533
      vertex -1.43648 -30 32.0533
    endloop
  endfacet
  facet normal 0.30076 0 0.9537
    outer loop
      vertex -1.43648 -0.99 32.0533
      vertex -1.08704 -13.8 31.9431
      vertex -1.08704 -0.99 31.9431
    endloop
  endfacet
  facet normal 0.30076 0 0.9537
    outer loop
      vertex -1.08704 -13.8 31.9431
      vertex -1.43648 -0.99 32.0533
      vertex -1.43648 -13.8 32.0533
    endloop
  endfacet
  facet normal -0.675683 0 0.737193
    outer loop
      vertex 2.69971 -104 32.7826
      vertex 2.96985 -116 33.0302
      vertex 2.96985 -104 33.0302
    endloop
  endfacet
  facet normal -0.675683 0 0.737193
    outer loop
      vertex 2.96985 -116 33.0302
      vertex 2.69971 -104 32.7826
      vertex 2.69971 -116 32.7826
    endloop
  endfacet
  facet normal -0.675683 0 0.737193
    outer loop
      vertex 2.69971 -16.2 32.7826
      vertex 2.96985 -30 33.0302
      vertex 2.96985 -16.2 33.0302
    endloop
  endfacet
  facet normal -0.675683 0 0.737193
    outer loop
      vertex 2.96985 -30 33.0302
      vertex 2.69971 -16.2 32.7826
      vertex 2.69971 -30 32.7826
    endloop
  endfacet
  facet normal -0.675683 0 0.737193
    outer loop
      vertex 2.69971 -0.99 32.7826
      vertex 2.96985 -13.8 33.0302
      vertex 2.96985 -0.99 33.0302
    endloop
  endfacet
  facet normal -0.675683 0 0.737193
    outer loop
      vertex 2.96985 -13.8 33.0302
      vertex 2.69971 -0.99 32.7826
      vertex 2.69971 -13.8 32.7826
    endloop
  endfacet
  facet normal 0.793369 -0 0.608741
    outer loop
      vertex -3.44044 -116 33.591
      vertex -3.21739 -104 33.3003
      vertex -3.44044 -104 33.591
    endloop
  endfacet
  facet normal 0.793369 0 0.608741
    outer loop
      vertex -3.21739 -104 33.3003
      vertex -3.44044 -116 33.591
      vertex -3.21739 -116 33.3003
    endloop
  endfacet
  facet normal 0.793369 -0 0.608741
    outer loop
      vertex -3.44044 -30 33.591
      vertex -3.21739 -16.2 33.3003
      vertex -3.44044 -16.2 33.591
    endloop
  endfacet
  facet normal 0.793369 0 0.608741
    outer loop
      vertex -3.21739 -16.2 33.3003
      vertex -3.44044 -30 33.591
      vertex -3.21739 -30 33.3003
    endloop
  endfacet
  facet normal 0.793369 -0 0.608741
    outer loop
      vertex -3.44044 -13.8 33.591
      vertex -3.21739 -0.99 33.3003
      vertex -3.44044 -0.99 33.591
    endloop
  endfacet
  facet normal 0.793369 0 0.608741
    outer loop
      vertex -3.21739 -0.99 33.3003
      vertex -3.44044 -13.8 33.591
      vertex -3.21739 -13.8 33.3003
    endloop
  endfacet
  facet normal -0.461782 0 -0.886993
    outer loop
      vertex 1.775 -116 39.8065
      vertex 2.1 -104 39.6373
      vertex 2.1 -116 39.6373
    endloop
  endfacet
  facet normal -0.461782 0 -0.886993
    outer loop
      vertex 2.1 -104 39.6373
      vertex 1.775 -116 39.8065
      vertex 1.775 -104 39.8065
    endloop
  endfacet
  facet normal -0.461782 0 -0.886993
    outer loop
      vertex 1.775 -30 39.8065
      vertex 2.1 -16.2 39.6373
      vertex 2.1 -30 39.6373
    endloop
  endfacet
  facet normal -0.461782 0 -0.886993
    outer loop
      vertex 2.1 -16.2 39.6373
      vertex 1.775 -30 39.8065
      vertex 1.775 -16.2 39.8065
    endloop
  endfacet
  facet normal -0.461782 0 -0.886993
    outer loop
      vertex 1.775 -13.8 39.8065
      vertex 2.1 -0.99 39.6373
      vertex 2.1 -13.8 39.6373
    endloop
  endfacet
  facet normal -0.461782 0 -0.886993
    outer loop
      vertex 2.1 -0.99 39.6373
      vertex 1.775 -13.8 39.8065
      vertex 1.775 -0.99 39.8065
    endloop
  endfacet
  facet normal -0.537363 0 -0.843351
    outer loop
      vertex 2.1 -116 39.6373
      vertex 2.40902 -104 39.4404
      vertex 2.40902 -116 39.4404
    endloop
  endfacet
  facet normal -0.537363 0 -0.843351
    outer loop
      vertex 2.40902 -104 39.4404
      vertex 2.1 -116 39.6373
      vertex 2.1 -104 39.6373
    endloop
  endfacet
  facet normal -0.537363 0 -0.843351
    outer loop
      vertex 2.1 -30 39.6373
      vertex 2.40902 -16.2 39.4404
      vertex 2.40902 -30 39.4404
    endloop
  endfacet
  facet normal -0.537363 0 -0.843351
    outer loop
      vertex 2.40902 -16.2 39.4404
      vertex 2.1 -30 39.6373
      vertex 2.1 -16.2 39.6373
    endloop
  endfacet
  facet normal -0.537363 0 -0.843351
    outer loop
      vertex 2.1 -13.8 39.6373
      vertex 2.40902 -0.99 39.4404
      vertex 2.40902 -13.8 39.4404
    endloop
  endfacet
  facet normal -0.537363 0 -0.843351
    outer loop
      vertex 2.40902 -0.99 39.4404
      vertex 2.1 -13.8 39.6373
      vertex 2.1 -0.99 39.6373
    endloop
  endfacet
  facet normal 0.608668 0 -0.793425
    outer loop
      vertex -2.69971 -116 39.2174
      vertex -2.40902 -104 39.4404
      vertex -2.40902 -116 39.4404
    endloop
  endfacet
  facet normal 0.608668 0 -0.793425
    outer loop
      vertex -2.40902 -104 39.4404
      vertex -2.69971 -116 39.2174
      vertex -2.69971 -104 39.2174
    endloop
  endfacet
  facet normal 0.608668 0 -0.793425
    outer loop
      vertex -2.69971 -30 39.2174
      vertex -2.40902 -16.2 39.4404
      vertex -2.40902 -30 39.4404
    endloop
  endfacet
  facet normal 0.608668 0 -0.793425
    outer loop
      vertex -2.40902 -16.2 39.4404
      vertex -2.69971 -30 39.2174
      vertex -2.69971 -16.2 39.2174
    endloop
  endfacet
  facet normal 0.608668 0 -0.793425
    outer loop
      vertex -2.69971 -13.8 39.2174
      vertex -2.40902 -0.99 39.4404
      vertex -2.40902 -13.8 39.4404
    endloop
  endfacet
  facet normal 0.608668 0 -0.793425
    outer loop
      vertex -2.40902 -0.99 39.4404
      vertex -2.69971 -13.8 39.2174
      vertex -2.69971 -0.99 39.2174
    endloop
  endfacet
  facet normal -0.923871 0 -0.382704
    outer loop
      vertex 3.94671 -116 37.4365
      vertex 3.80649 -104 37.775
      vertex 3.94671 -104 37.4365
    endloop
  endfacet
  facet normal -0.923871 -0 -0.382704
    outer loop
      vertex 3.80649 -104 37.775
      vertex 3.94671 -116 37.4365
      vertex 3.80649 -116 37.775
    endloop
  endfacet
  facet normal -0.923871 0 -0.382704
    outer loop
      vertex 3.94671 -30 37.4365
      vertex 3.80649 -16.2 37.775
      vertex 3.94671 -16.2 37.4365
    endloop
  endfacet
  facet normal -0.923871 -0 -0.382704
    outer loop
      vertex 3.80649 -16.2 37.775
      vertex 3.94671 -30 37.4365
      vertex 3.80649 -30 37.775
    endloop
  endfacet
  facet normal -0.923871 0 -0.382704
    outer loop
      vertex 3.94671 -13.8 37.4365
      vertex 3.80649 -0.99 37.775
      vertex 3.94671 -0.99 37.4365
    endloop
  endfacet
  facet normal -0.923871 -0 -0.382704
    outer loop
      vertex 3.80649 -0.99 37.775
      vertex 3.94671 -13.8 37.4365
      vertex 3.80649 -13.8 37.775
    endloop
  endfacet
  facet normal 0.537363 0 0.843351
    outer loop
      vertex -2.40902 -104 32.5596
      vertex -2.1 -116 32.3627
      vertex -2.1 -104 32.3627
    endloop
  endfacet
  facet normal 0.537363 0 0.843351
    outer loop
      vertex -2.1 -116 32.3627
      vertex -2.40902 -104 32.5596
      vertex -2.40902 -116 32.5596
    endloop
  endfacet
  facet normal 0.537363 0 0.843351
    outer loop
      vertex -2.40902 -16.2 32.5596
      vertex -2.1 -30 32.3627
      vertex -2.1 -16.2 32.3627
    endloop
  endfacet
  facet normal 0.537363 0 0.843351
    outer loop
      vertex -2.1 -30 32.3627
      vertex -2.40902 -16.2 32.5596
      vertex -2.40902 -30 32.5596
    endloop
  endfacet
  facet normal 0.537363 0 0.843351
    outer loop
      vertex -2.40902 -0.99 32.5596
      vertex -2.1 -13.8 32.3627
      vertex -2.1 -0.99 32.3627
    endloop
  endfacet
  facet normal 0.537363 0 0.843351
    outer loop
      vertex -2.1 -13.8 32.3627
      vertex -2.40902 -0.99 32.5596
      vertex -2.40902 -13.8 32.5596
    endloop
  endfacet
  facet normal -0.923871 0 0.382704
    outer loop
      vertex 3.80649 -116 34.225
      vertex 3.94671 -104 34.5635
      vertex 3.80649 -104 34.225
    endloop
  endfacet
  facet normal -0.923871 0 0.382704
    outer loop
      vertex 3.94671 -104 34.5635
      vertex 3.80649 -116 34.225
      vertex 3.94671 -116 34.5635
    endloop
  endfacet
  facet normal -0.923871 0 0.382704
    outer loop
      vertex 3.80649 -30 34.225
      vertex 3.94671 -16.2 34.5635
      vertex 3.80649 -16.2 34.225
    endloop
  endfacet
  facet normal -0.923871 0 0.382704
    outer loop
      vertex 3.94671 -16.2 34.5635
      vertex 3.80649 -30 34.225
      vertex 3.94671 -30 34.5635
    endloop
  endfacet
  facet normal -0.923871 0 0.382704
    outer loop
      vertex 3.80649 -13.8 34.225
      vertex 3.94671 -0.99 34.5635
      vertex 3.80649 -0.99 34.225
    endloop
  endfacet
  facet normal -0.923871 0 0.382704
    outer loop
      vertex 3.94671 -0.99 34.5635
      vertex 3.80649 -13.8 34.225
      vertex 3.94671 -13.8 34.5635
    endloop
  endfacet
  facet normal -0.382638 0 -0.923898
    outer loop
      vertex 1.43648 -116 39.9467
      vertex 1.775 -104 39.8065
      vertex 1.775 -116 39.8065
    endloop
  endfacet
  facet normal -0.382638 0 -0.923898
    outer loop
      vertex 1.775 -104 39.8065
      vertex 1.43648 -116 39.9467
      vertex 1.43648 -104 39.9467
    endloop
  endfacet
  facet normal -0.382638 0 -0.923898
    outer loop
      vertex 1.43648 -30 39.9467
      vertex 1.775 -16.2 39.8065
      vertex 1.775 -30 39.8065
    endloop
  endfacet
  facet normal -0.382638 0 -0.923898
    outer loop
      vertex 1.775 -16.2 39.8065
      vertex 1.43648 -30 39.9467
      vertex 1.43648 -16.2 39.9467
    endloop
  endfacet
  facet normal -0.382638 0 -0.923898
    outer loop
      vertex 1.43648 -13.8 39.9467
      vertex 1.775 -0.99 39.8065
      vertex 1.775 -13.8 39.8065
    endloop
  endfacet
  facet normal -0.382638 0 -0.923898
    outer loop
      vertex 1.775 -0.99 39.8065
      vertex 1.43648 -13.8 39.9467
      vertex 1.43648 -0.99 39.9467
    endloop
  endfacet
  facet normal -0.99144 0 0.130563
    outer loop
      vertex 4.13619 -116 35.2707
      vertex 4.18402 -104 35.6339
      vertex 4.13619 -104 35.2707
    endloop
  endfacet
  facet normal -0.99144 0 0.130563
    outer loop
      vertex 4.18402 -104 35.6339
      vertex 4.13619 -116 35.2707
      vertex 4.18402 -116 35.6339
    endloop
  endfacet
  facet normal -0.99144 0 0.130563
    outer loop
      vertex 4.13619 -30 35.2707
      vertex 4.18402 -16.2 35.6339
      vertex 4.13619 -16.2 35.2707
    endloop
  endfacet
  facet normal -0.99144 0 0.130563
    outer loop
      vertex 4.18402 -16.2 35.6339
      vertex 4.13619 -30 35.2707
      vertex 4.18402 -30 35.6339
    endloop
  endfacet
  facet normal -0.99144 0 0.130563
    outer loop
      vertex 4.13619 -13.8 35.2707
      vertex 4.18402 -0.99 35.6339
      vertex 4.13619 -0.99 35.2707
    endloop
  endfacet
  facet normal -0.99144 0 0.130563
    outer loop
      vertex 4.18402 -0.99 35.6339
      vertex 4.13619 -13.8 35.2707
      vertex 4.18402 -13.8 35.6339
    endloop
  endfacet
  facet normal -0.999049 0 0.0436078
    outer loop
      vertex 4.18402 -116 35.6339
      vertex 4.2 -104 36
      vertex 4.18402 -104 35.6339
    endloop
  endfacet
  facet normal -0.999049 0 0.0436078
    outer loop
      vertex 4.2 -104 36
      vertex 4.18402 -116 35.6339
      vertex 4.2 -116 36
    endloop
  endfacet
  facet normal -0.999049 0 0.0436078
    outer loop
      vertex 4.18402 -30 35.6339
      vertex 4.2 -16.2 36
      vertex 4.18402 -16.2 35.6339
    endloop
  endfacet
  facet normal -0.999049 0 0.0436078
    outer loop
      vertex 4.2 -16.2 36
      vertex 4.18402 -30 35.6339
      vertex 4.2 -30 36
    endloop
  endfacet
  facet normal -0.999049 0 0.0436078
    outer loop
      vertex 4.18402 -13.8 35.6339
      vertex 4.2 -0.99 36
      vertex 4.18402 -0.99 35.6339
    endloop
  endfacet
  facet normal -0.999049 0 0.0436078
    outer loop
      vertex 4.2 -0.99 36
      vertex 4.18402 -13.8 35.6339
      vertex 4.2 -13.8 36
    endloop
  endfacet
  facet normal -0.737224 0 -0.675648
    outer loop
      vertex 3.21739 -116 38.6997
      vertex 2.96985 -104 38.9698
      vertex 3.21739 -104 38.6997
    endloop
  endfacet
  facet normal -0.737224 -0 -0.675648
    outer loop
      vertex 2.96985 -104 38.9698
      vertex 3.21739 -116 38.6997
      vertex 2.96985 -116 38.9698
    endloop
  endfacet
  facet normal -0.737224 0 -0.675648
    outer loop
      vertex 3.21739 -30 38.6997
      vertex 2.96985 -16.2 38.9698
      vertex 3.21739 -16.2 38.6997
    endloop
  endfacet
  facet normal -0.737224 -0 -0.675648
    outer loop
      vertex 2.96985 -16.2 38.9698
      vertex 3.21739 -30 38.6997
      vertex 2.96985 -30 38.9698
    endloop
  endfacet
  facet normal -0.737224 0 -0.675648
    outer loop
      vertex 3.21739 -13.8 38.6997
      vertex 2.96985 -0.99 38.9698
      vertex 3.21739 -0.99 38.6997
    endloop
  endfacet
  facet normal -0.737224 -0 -0.675648
    outer loop
      vertex 2.96985 -0.99 38.9698
      vertex 3.21739 -13.8 38.6997
      vertex 2.96985 -13.8 38.9698
    endloop
  endfacet
  facet normal 0.737224 0 -0.675648
    outer loop
      vertex -2.96985 -116 38.9698
      vertex -3.21739 -104 38.6997
      vertex -2.96985 -104 38.9698
    endloop
  endfacet
  facet normal 0.737224 0 -0.675648
    outer loop
      vertex -3.21739 -104 38.6997
      vertex -2.96985 -116 38.9698
      vertex -3.21739 -116 38.6997
    endloop
  endfacet
  facet normal 0.737224 0 -0.675648
    outer loop
      vertex -2.96985 -30 38.9698
      vertex -3.21739 -16.2 38.6997
      vertex -2.96985 -16.2 38.9698
    endloop
  endfacet
  facet normal 0.737224 0 -0.675648
    outer loop
      vertex -3.21739 -16.2 38.6997
      vertex -2.96985 -30 38.9698
      vertex -3.21739 -30 38.6997
    endloop
  endfacet
  facet normal 0.737224 0 -0.675648
    outer loop
      vertex -2.96985 -13.8 38.9698
      vertex -3.21739 -0.99 38.6997
      vertex -2.96985 -0.99 38.9698
    endloop
  endfacet
  facet normal 0.737224 0 -0.675648
    outer loop
      vertex -3.21739 -0.99 38.6997
      vertex -2.96985 -13.8 38.9698
      vertex -3.21739 -13.8 38.6997
    endloop
  endfacet
  facet normal -0.537363 0 0.843351
    outer loop
      vertex 2.1 -104 32.3627
      vertex 2.40902 -116 32.5596
      vertex 2.40902 -104 32.5596
    endloop
  endfacet
  facet normal -0.537363 0 0.843351
    outer loop
      vertex 2.40902 -116 32.5596
      vertex 2.1 -104 32.3627
      vertex 2.1 -116 32.3627
    endloop
  endfacet
  facet normal -0.537363 0 0.843351
    outer loop
      vertex 2.1 -16.2 32.3627
      vertex 2.40902 -30 32.5596
      vertex 2.40902 -16.2 32.5596
    endloop
  endfacet
  facet normal -0.537363 0 0.843351
    outer loop
      vertex 2.40902 -30 32.5596
      vertex 2.1 -16.2 32.3627
      vertex 2.1 -30 32.3627
    endloop
  endfacet
  facet normal -0.537363 0 0.843351
    outer loop
      vertex 2.1 -0.99 32.3627
      vertex 2.40902 -13.8 32.5596
      vertex 2.40902 -0.99 32.5596
    endloop
  endfacet
  facet normal -0.537363 0 0.843351
    outer loop
      vertex 2.40902 -13.8 32.5596
      vertex 2.1 -0.99 32.3627
      vertex 2.1 -13.8 32.3627
    endloop
  endfacet
  facet normal -0.461782 0 0.886993
    outer loop
      vertex 1.775 -104 32.1935
      vertex 2.1 -116 32.3627
      vertex 2.1 -104 32.3627
    endloop
  endfacet
  facet normal -0.461782 0 0.886993
    outer loop
      vertex 2.1 -116 32.3627
      vertex 1.775 -104 32.1935
      vertex 1.775 -116 32.1935
    endloop
  endfacet
  facet normal -0.461782 0 0.886993
    outer loop
      vertex 1.775 -16.2 32.1935
      vertex 2.1 -30 32.3627
      vertex 2.1 -16.2 32.3627
    endloop
  endfacet
  facet normal -0.461782 0 0.886993
    outer loop
      vertex 2.1 -30 32.3627
      vertex 1.775 -16.2 32.1935
      vertex 1.775 -30 32.1935
    endloop
  endfacet
  facet normal -0.461782 0 0.886993
    outer loop
      vertex 1.775 -0.99 32.1935
      vertex 2.1 -13.8 32.3627
      vertex 2.1 -0.99 32.3627
    endloop
  endfacet
  facet normal -0.461782 0 0.886993
    outer loop
      vertex 2.1 -13.8 32.3627
      vertex 1.775 -0.99 32.1935
      vertex 1.775 -13.8 32.1935
    endloop
  endfacet
  facet normal -0.0436677 0 0.999046
    outer loop
      vertex 0 -104 31.8
      vertex 0.366054 -116 31.816
      vertex 0.366054 -104 31.816
    endloop
  endfacet
  facet normal -0.0436677 0 0.999046
    outer loop
      vertex 0.366054 -116 31.816
      vertex 0 -104 31.8
      vertex 0 -116 31.8
    endloop
  endfacet
  facet normal -0.0436677 0 0.999046
    outer loop
      vertex 0 -16.2 31.8
      vertex 0.366054 -30 31.816
      vertex 0.366054 -16.2 31.816
    endloop
  endfacet
  facet normal -0.0436677 0 0.999046
    outer loop
      vertex 0.366054 -30 31.816
      vertex 0 -16.2 31.8
      vertex 0 -30 31.8
    endloop
  endfacet
  facet normal -0.0436677 0 0.999046
    outer loop
      vertex 0 -0.99 31.8
      vertex 0.366054 -13.8 31.816
      vertex 0.366054 -0.99 31.816
    endloop
  endfacet
  facet normal -0.0436677 0 0.999046
    outer loop
      vertex 0.366054 -13.8 31.816
      vertex 0 -0.99 31.8
      vertex 0 -13.8 31.8
    endloop
  endfacet
  facet normal -0.30076 0 0.9537
    outer loop
      vertex 1.08704 -104 31.9431
      vertex 1.43648 -116 32.0533
      vertex 1.43648 -104 32.0533
    endloop
  endfacet
  facet normal -0.30076 0 0.9537
    outer loop
      vertex 1.43648 -116 32.0533
      vertex 1.08704 -104 31.9431
      vertex 1.08704 -116 31.9431
    endloop
  endfacet
  facet normal -0.30076 0 0.9537
    outer loop
      vertex 1.08704 -16.2 31.9431
      vertex 1.43648 -30 32.0533
      vertex 1.43648 -16.2 32.0533
    endloop
  endfacet
  facet normal -0.30076 0 0.9537
    outer loop
      vertex 1.43648 -30 32.0533
      vertex 1.08704 -16.2 31.9431
      vertex 1.08704 -30 31.9431
    endloop
  endfacet
  facet normal -0.30076 0 0.9537
    outer loop
      vertex 1.08704 -0.99 31.9431
      vertex 1.43648 -13.8 32.0533
      vertex 1.43648 -0.99 32.0533
    endloop
  endfacet
  facet normal -0.30076 0 0.9537
    outer loop
      vertex 1.43648 -13.8 32.0533
      vertex 1.08704 -0.99 31.9431
      vertex 1.08704 -13.8 31.9431
    endloop
  endfacet
  facet normal -0.95373 0 0.300664
    outer loop
      vertex 3.94671 -116 34.5635
      vertex 4.05689 -104 34.913
      vertex 3.94671 -104 34.5635
    endloop
  endfacet
  facet normal -0.95373 0 0.300664
    outer loop
      vertex 4.05689 -104 34.913
      vertex 3.94671 -116 34.5635
      vertex 4.05689 -116 34.913
    endloop
  endfacet
  facet normal -0.95373 0 0.300664
    outer loop
      vertex 3.94671 -30 34.5635
      vertex 4.05689 -16.2 34.913
      vertex 3.94671 -16.2 34.5635
    endloop
  endfacet
  facet normal -0.95373 0 0.300664
    outer loop
      vertex 4.05689 -16.2 34.913
      vertex 3.94671 -30 34.5635
      vertex 4.05689 -30 34.913
    endloop
  endfacet
  facet normal -0.95373 0 0.300664
    outer loop
      vertex 3.94671 -13.8 34.5635
      vertex 4.05689 -0.99 34.913
      vertex 3.94671 -0.99 34.5635
    endloop
  endfacet
  facet normal -0.95373 0 0.300664
    outer loop
      vertex 4.05689 -0.99 34.913
      vertex 3.94671 -13.8 34.5635
      vertex 4.05689 -13.8 34.913
    endloop
  endfacet
  facet normal -0.843373 0 0.537329
    outer loop
      vertex 3.44044 -116 33.591
      vertex 3.63731 -104 33.9
      vertex 3.44044 -104 33.591
    endloop
  endfacet
  facet normal -0.843373 0 0.537329
    outer loop
      vertex 3.63731 -104 33.9
      vertex 3.44044 -116 33.591
      vertex 3.63731 -116 33.9
    endloop
  endfacet
  facet normal -0.843373 0 0.537329
    outer loop
      vertex 3.44044 -30 33.591
      vertex 3.63731 -16.2 33.9
      vertex 3.44044 -16.2 33.591
    endloop
  endfacet
  facet normal -0.843373 0 0.537329
    outer loop
      vertex 3.63731 -16.2 33.9
      vertex 3.44044 -30 33.591
      vertex 3.63731 -30 33.9
    endloop
  endfacet
  facet normal -0.843373 0 0.537329
    outer loop
      vertex 3.44044 -13.8 33.591
      vertex 3.63731 -0.99 33.9
      vertex 3.44044 -0.99 33.591
    endloop
  endfacet
  facet normal -0.843373 0 0.537329
    outer loop
      vertex 3.63731 -0.99 33.9
      vertex 3.44044 -13.8 33.591
      vertex 3.63731 -13.8 33.9
    endloop
  endfacet
  facet normal 0.843373 -0 0.537329
    outer loop
      vertex -3.63731 -116 33.9
      vertex -3.44044 -104 33.591
      vertex -3.63731 -104 33.9
    endloop
  endfacet
  facet normal 0.843373 0 0.537329
    outer loop
      vertex -3.44044 -104 33.591
      vertex -3.63731 -116 33.9
      vertex -3.44044 -116 33.591
    endloop
  endfacet
  facet normal 0.843373 -0 0.537329
    outer loop
      vertex -3.63731 -30 33.9
      vertex -3.44044 -16.2 33.591
      vertex -3.63731 -16.2 33.9
    endloop
  endfacet
  facet normal 0.843373 0 0.537329
    outer loop
      vertex -3.44044 -16.2 33.591
      vertex -3.63731 -30 33.9
      vertex -3.44044 -30 33.591
    endloop
  endfacet
  facet normal 0.843373 -0 0.537329
    outer loop
      vertex -3.63731 -13.8 33.9
      vertex -3.44044 -0.99 33.591
      vertex -3.63731 -0.99 33.9
    endloop
  endfacet
  facet normal 0.843373 0 0.537329
    outer loop
      vertex -3.44044 -0.99 33.591
      vertex -3.63731 -13.8 33.9
      vertex -3.44044 -13.8 33.591
    endloop
  endfacet
  facet normal 0.130459 0 -0.991454
    outer loop
      vertex -0.729321 -116 40.1362
      vertex -0.366054 -104 40.184
      vertex -0.366054 -116 40.184
    endloop
  endfacet
  facet normal 0.130459 0 -0.991454
    outer loop
      vertex -0.366054 -104 40.184
      vertex -0.729321 -116 40.1362
      vertex -0.729321 -104 40.1362
    endloop
  endfacet
  facet normal 0.130459 0 -0.991454
    outer loop
      vertex -0.729321 -30 40.1362
      vertex -0.366054 -16.2 40.184
      vertex -0.366054 -30 40.184
    endloop
  endfacet
  facet normal 0.130459 0 -0.991454
    outer loop
      vertex -0.366054 -16.2 40.184
      vertex -0.729321 -30 40.1362
      vertex -0.729321 -16.2 40.1362
    endloop
  endfacet
  facet normal 0.130459 0 -0.991454
    outer loop
      vertex -0.729321 -13.8 40.1362
      vertex -0.366054 -0.99 40.184
      vertex -0.366054 -13.8 40.184
    endloop
  endfacet
  facet normal 0.130459 0 -0.991454
    outer loop
      vertex -0.366054 -0.99 40.184
      vertex -0.729321 -13.8 40.1362
      vertex -0.729321 -0.99 40.1362
    endloop
  endfacet
  facet normal 0.0436677 0 0.999046
    outer loop
      vertex -0.366054 -104 31.816
      vertex 0 -116 31.8
      vertex 0 -104 31.8
    endloop
  endfacet
  facet normal 0.0436677 0 0.999046
    outer loop
      vertex 0 -116 31.8
      vertex -0.366054 -104 31.816
      vertex -0.366054 -116 31.816
    endloop
  endfacet
  facet normal 0.0436677 0 0.999046
    outer loop
      vertex -0.366054 -16.2 31.816
      vertex 0 -30 31.8
      vertex 0 -16.2 31.8
    endloop
  endfacet
  facet normal 0.0436677 0 0.999046
    outer loop
      vertex 0 -30 31.8
      vertex -0.366054 -16.2 31.816
      vertex -0.366054 -30 31.816
    endloop
  endfacet
  facet normal 0.0436677 0 0.999046
    outer loop
      vertex -0.366054 -0.99 31.816
      vertex 0 -13.8 31.8
      vertex 0 -0.99 31.8
    endloop
  endfacet
  facet normal 0.0436677 0 0.999046
    outer loop
      vertex 0 -13.8 31.8
      vertex -0.366054 -0.99 31.816
      vertex -0.366054 -13.8 31.816
    endloop
  endfacet
  facet normal 0.976296 -0 0.216439
    outer loop
      vertex -4.13619 -116 35.2707
      vertex -4.05689 -104 34.913
      vertex -4.13619 -104 35.2707
    endloop
  endfacet
  facet normal 0.976296 0 0.216439
    outer loop
      vertex -4.05689 -104 34.913
      vertex -4.13619 -116 35.2707
      vertex -4.05689 -116 34.913
    endloop
  endfacet
  facet normal 0.976296 -0 0.216439
    outer loop
      vertex -4.13619 -30 35.2707
      vertex -4.05689 -16.2 34.913
      vertex -4.13619 -16.2 35.2707
    endloop
  endfacet
  facet normal 0.976296 0 0.216439
    outer loop
      vertex -4.05689 -16.2 34.913
      vertex -4.13619 -30 35.2707
      vertex -4.05689 -30 34.913
    endloop
  endfacet
  facet normal 0.976296 -0 0.216439
    outer loop
      vertex -4.13619 -13.8 35.2707
      vertex -4.05689 -0.99 34.913
      vertex -4.13619 -0.99 35.2707
    endloop
  endfacet
  facet normal 0.976296 0 0.216439
    outer loop
      vertex -4.05689 -0.99 34.913
      vertex -4.13619 -13.8 35.2707
      vertex -4.05689 -13.8 34.913
    endloop
  endfacet
  facet normal -0.887016 0 -0.461739
    outer loop
      vertex 3.80649 -116 37.775
      vertex 3.63731 -104 38.1
      vertex 3.80649 -104 37.775
    endloop
  endfacet
  facet normal -0.887016 -0 -0.461739
    outer loop
      vertex 3.63731 -104 38.1
      vertex 3.80649 -116 37.775
      vertex 3.63731 -116 38.1
    endloop
  endfacet
  facet normal -0.887016 0 -0.461739
    outer loop
      vertex 3.80649 -30 37.775
      vertex 3.63731 -16.2 38.1
      vertex 3.80649 -16.2 37.775
    endloop
  endfacet
  facet normal -0.887016 -0 -0.461739
    outer loop
      vertex 3.63731 -16.2 38.1
      vertex 3.80649 -30 37.775
      vertex 3.63731 -30 38.1
    endloop
  endfacet
  facet normal -0.887016 0 -0.461739
    outer loop
      vertex 3.80649 -13.8 37.775
      vertex 3.63731 -0.99 38.1
      vertex 3.80649 -0.99 37.775
    endloop
  endfacet
  facet normal -0.887016 -0 -0.461739
    outer loop
      vertex 3.63731 -0.99 38.1
      vertex 3.80649 -13.8 37.775
      vertex 3.63731 -13.8 38.1
    endloop
  endfacet
  facet normal 0.887016 -0 0.461739
    outer loop
      vertex -3.80649 -116 34.225
      vertex -3.63731 -104 33.9
      vertex -3.80649 -104 34.225
    endloop
  endfacet
  facet normal 0.887016 0 0.461739
    outer loop
      vertex -3.63731 -104 33.9
      vertex -3.80649 -116 34.225
      vertex -3.63731 -116 33.9
    endloop
  endfacet
  facet normal 0.887016 -0 0.461739
    outer loop
      vertex -3.80649 -30 34.225
      vertex -3.63731 -16.2 33.9
      vertex -3.80649 -16.2 34.225
    endloop
  endfacet
  facet normal 0.887016 0 0.461739
    outer loop
      vertex -3.63731 -16.2 33.9
      vertex -3.80649 -30 34.225
      vertex -3.63731 -30 33.9
    endloop
  endfacet
  facet normal 0.887016 -0 0.461739
    outer loop
      vertex -3.80649 -13.8 34.225
      vertex -3.63731 -0.99 33.9
      vertex -3.80649 -0.99 34.225
    endloop
  endfacet
  facet normal 0.887016 0 0.461739
    outer loop
      vertex -3.63731 -0.99 33.9
      vertex -3.80649 -13.8 34.225
      vertex -3.63731 -13.8 33.9
    endloop
  endfacet
  facet normal -0.843373 0 -0.537329
    outer loop
      vertex 3.63731 -116 38.1
      vertex 3.44044 -104 38.409
      vertex 3.63731 -104 38.1
    endloop
  endfacet
  facet normal -0.843373 -0 -0.537329
    outer loop
      vertex 3.44044 -104 38.409
      vertex 3.63731 -116 38.1
      vertex 3.44044 -116 38.409
    endloop
  endfacet
  facet normal -0.843373 0 -0.537329
    outer loop
      vertex 3.63731 -30 38.1
      vertex 3.44044 -16.2 38.409
      vertex 3.63731 -16.2 38.1
    endloop
  endfacet
  facet normal -0.843373 -0 -0.537329
    outer loop
      vertex 3.44044 -16.2 38.409
      vertex 3.63731 -30 38.1
      vertex 3.44044 -30 38.409
    endloop
  endfacet
  facet normal -0.843373 0 -0.537329
    outer loop
      vertex 3.63731 -13.8 38.1
      vertex 3.44044 -0.99 38.409
      vertex 3.63731 -0.99 38.1
    endloop
  endfacet
  facet normal -0.843373 -0 -0.537329
    outer loop
      vertex 3.44044 -0.99 38.409
      vertex 3.63731 -13.8 38.1
      vertex 3.44044 -13.8 38.409
    endloop
  endfacet
  facet normal -0.0436677 0 -0.999046
    outer loop
      vertex 0 -116 40.2
      vertex 0.366054 -104 40.184
      vertex 0.366054 -116 40.184
    endloop
  endfacet
  facet normal -0.0436677 0 -0.999046
    outer loop
      vertex 0.366054 -104 40.184
      vertex 0 -116 40.2
      vertex 0 -104 40.2
    endloop
  endfacet
  facet normal -0.0436677 0 -0.999046
    outer loop
      vertex 0 -30 40.2
      vertex 0.366054 -16.2 40.184
      vertex 0.366054 -30 40.184
    endloop
  endfacet
  facet normal -0.0436677 0 -0.999046
    outer loop
      vertex 0.366054 -16.2 40.184
      vertex 0 -30 40.2
      vertex 0 -16.2 40.2
    endloop
  endfacet
  facet normal -0.0436677 0 -0.999046
    outer loop
      vertex 0 -13.8 40.2
      vertex 0.366054 -0.99 40.184
      vertex 0.366054 -13.8 40.184
    endloop
  endfacet
  facet normal -0.0436677 0 -0.999046
    outer loop
      vertex 0.366054 -0.99 40.184
      vertex 0 -13.8 40.2
      vertex 0 -0.99 40.2
    endloop
  endfacet
  facet normal 0.675683 0 -0.737193
    outer loop
      vertex -2.96985 -116 38.9698
      vertex -2.69971 -104 39.2174
      vertex -2.69971 -116 39.2174
    endloop
  endfacet
  facet normal 0.675683 0 -0.737193
    outer loop
      vertex -2.69971 -104 39.2174
      vertex -2.96985 -116 38.9698
      vertex -2.96985 -104 38.9698
    endloop
  endfacet
  facet normal 0.675683 0 -0.737193
    outer loop
      vertex -2.96985 -30 38.9698
      vertex -2.69971 -16.2 39.2174
      vertex -2.69971 -30 39.2174
    endloop
  endfacet
  facet normal 0.675683 0 -0.737193
    outer loop
      vertex -2.69971 -16.2 39.2174
      vertex -2.96985 -30 38.9698
      vertex -2.96985 -16.2 38.9698
    endloop
  endfacet
  facet normal 0.675683 0 -0.737193
    outer loop
      vertex -2.96985 -13.8 38.9698
      vertex -2.69971 -0.99 39.2174
      vertex -2.69971 -13.8 39.2174
    endloop
  endfacet
  facet normal 0.675683 0 -0.737193
    outer loop
      vertex -2.69971 -0.99 39.2174
      vertex -2.96985 -13.8 38.9698
      vertex -2.96985 -0.99 38.9698
    endloop
  endfacet
  facet normal 0.843373 0 -0.537329
    outer loop
      vertex -3.44044 -116 38.409
      vertex -3.63731 -104 38.1
      vertex -3.44044 -104 38.409
    endloop
  endfacet
  facet normal 0.843373 0 -0.537329
    outer loop
      vertex -3.63731 -104 38.1
      vertex -3.44044 -116 38.409
      vertex -3.63731 -116 38.1
    endloop
  endfacet
  facet normal 0.843373 0 -0.537329
    outer loop
      vertex -3.44044 -30 38.409
      vertex -3.63731 -16.2 38.1
      vertex -3.44044 -16.2 38.409
    endloop
  endfacet
  facet normal 0.843373 0 -0.537329
    outer loop
      vertex -3.63731 -16.2 38.1
      vertex -3.44044 -30 38.409
      vertex -3.63731 -30 38.1
    endloop
  endfacet
  facet normal 0.843373 0 -0.537329
    outer loop
      vertex -3.44044 -13.8 38.409
      vertex -3.63731 -0.99 38.1
      vertex -3.44044 -0.99 38.409
    endloop
  endfacet
  facet normal 0.843373 0 -0.537329
    outer loop
      vertex -3.63731 -0.99 38.1
      vertex -3.44044 -13.8 38.409
      vertex -3.63731 -13.8 38.1
    endloop
  endfacet
  facet normal 0.30076 0 -0.9537
    outer loop
      vertex -1.43648 -116 39.9467
      vertex -1.08704 -104 40.0569
      vertex -1.08704 -116 40.0569
    endloop
  endfacet
  facet normal 0.30076 0 -0.9537
    outer loop
      vertex -1.08704 -104 40.0569
      vertex -1.43648 -116 39.9467
      vertex -1.43648 -104 39.9467
    endloop
  endfacet
  facet normal 0.30076 0 -0.9537
    outer loop
      vertex -1.43648 -30 39.9467
      vertex -1.08704 -16.2 40.0569
      vertex -1.08704 -30 40.0569
    endloop
  endfacet
  facet normal 0.30076 0 -0.9537
    outer loop
      vertex -1.08704 -16.2 40.0569
      vertex -1.43648 -30 39.9467
      vertex -1.43648 -16.2 39.9467
    endloop
  endfacet
  facet normal 0.30076 0 -0.9537
    outer loop
      vertex -1.43648 -13.8 39.9467
      vertex -1.08704 -0.99 40.0569
      vertex -1.08704 -13.8 40.0569
    endloop
  endfacet
  facet normal 0.30076 0 -0.9537
    outer loop
      vertex -1.08704 -0.99 40.0569
      vertex -1.43648 -13.8 39.9467
      vertex -1.43648 -0.99 39.9467
    endloop
  endfacet
  facet normal 0.999049 -0 0.0436078
    outer loop
      vertex -4.2 -116 36
      vertex -4.18402 -104 35.6339
      vertex -4.2 -104 36
    endloop
  endfacet
  facet normal 0.999049 0 0.0436078
    outer loop
      vertex -4.18402 -104 35.6339
      vertex -4.2 -116 36
      vertex -4.18402 -116 35.6339
    endloop
  endfacet
  facet normal 0.999049 -0 0.0436078
    outer loop
      vertex -4.2 -30 36
      vertex -4.18402 -16.2 35.6339
      vertex -4.2 -16.2 36
    endloop
  endfacet
  facet normal 0.999049 0 0.0436078
    outer loop
      vertex -4.18402 -16.2 35.6339
      vertex -4.2 -30 36
      vertex -4.18402 -30 35.6339
    endloop
  endfacet
  facet normal 0.999049 -0 0.0436078
    outer loop
      vertex -4.2 -13.8 36
      vertex -4.18402 -0.99 35.6339
      vertex -4.2 -0.99 36
    endloop
  endfacet
  facet normal 0.999049 0 0.0436078
    outer loop
      vertex -4.18402 -0.99 35.6339
      vertex -4.2 -13.8 36
      vertex -4.18402 -13.8 35.6339
    endloop
  endfacet
  facet normal 0.216428 0 0.976299
    outer loop
      vertex -1.08704 -104 31.9431
      vertex -0.729321 -116 31.8638
      vertex -0.729321 -104 31.8638
    endloop
  endfacet
  facet normal 0.216428 0 0.976299
    outer loop
      vertex -0.729321 -116 31.8638
      vertex -1.08704 -104 31.9431
      vertex -1.08704 -116 31.9431
    endloop
  endfacet
  facet normal 0.216428 0 0.976299
    outer loop
      vertex -1.08704 -16.2 31.9431
      vertex -0.729321 -30 31.8638
      vertex -0.729321 -16.2 31.8638
    endloop
  endfacet
  facet normal 0.216428 0 0.976299
    outer loop
      vertex -0.729321 -30 31.8638
      vertex -1.08704 -16.2 31.9431
      vertex -1.08704 -30 31.9431
    endloop
  endfacet
  facet normal 0.216428 0 0.976299
    outer loop
      vertex -1.08704 -0.99 31.9431
      vertex -0.729321 -13.8 31.8638
      vertex -0.729321 -0.99 31.8638
    endloop
  endfacet
  facet normal 0.216428 0 0.976299
    outer loop
      vertex -0.729321 -13.8 31.8638
      vertex -1.08704 -0.99 31.9431
      vertex -1.08704 -13.8 31.9431
    endloop
  endfacet
  facet normal 0.0436677 0 -0.999046
    outer loop
      vertex -0.366054 -116 40.184
      vertex 0 -104 40.2
      vertex 0 -116 40.2
    endloop
  endfacet
  facet normal 0.0436677 0 -0.999046
    outer loop
      vertex 0 -104 40.2
      vertex -0.366054 -116 40.184
      vertex -0.366054 -104 40.184
    endloop
  endfacet
  facet normal 0.0436677 0 -0.999046
    outer loop
      vertex -0.366054 -30 40.184
      vertex 0 -16.2 40.2
      vertex 0 -30 40.2
    endloop
  endfacet
  facet normal 0.0436677 0 -0.999046
    outer loop
      vertex 0 -16.2 40.2
      vertex -0.366054 -30 40.184
      vertex -0.366054 -16.2 40.184
    endloop
  endfacet
  facet normal 0.0436677 0 -0.999046
    outer loop
      vertex -0.366054 -13.8 40.184
      vertex 0 -0.99 40.2
      vertex 0 -13.8 40.2
    endloop
  endfacet
  facet normal 0.0436677 0 -0.999046
    outer loop
      vertex 0 -0.99 40.2
      vertex -0.366054 -13.8 40.184
      vertex -0.366054 -0.99 40.184
    endloop
  endfacet
  facet normal -0.216428 0 -0.976299
    outer loop
      vertex 0.729321 -116 40.1362
      vertex 1.08704 -104 40.0569
      vertex 1.08704 -116 40.0569
    endloop
  endfacet
  facet normal -0.216428 0 -0.976299
    outer loop
      vertex 1.08704 -104 40.0569
      vertex 0.729321 -116 40.1362
      vertex 0.729321 -104 40.1362
    endloop
  endfacet
  facet normal -0.216428 0 -0.976299
    outer loop
      vertex 0.729321 -30 40.1362
      vertex 1.08704 -16.2 40.0569
      vertex 1.08704 -30 40.0569
    endloop
  endfacet
  facet normal -0.216428 0 -0.976299
    outer loop
      vertex 1.08704 -16.2 40.0569
      vertex 0.729321 -30 40.1362
      vertex 0.729321 -16.2 40.1362
    endloop
  endfacet
  facet normal -0.216428 0 -0.976299
    outer loop
      vertex 0.729321 -13.8 40.1362
      vertex 1.08704 -0.99 40.0569
      vertex 1.08704 -13.8 40.0569
    endloop
  endfacet
  facet normal -0.216428 0 -0.976299
    outer loop
      vertex 1.08704 -0.99 40.0569
      vertex 0.729321 -13.8 40.1362
      vertex 0.729321 -0.99 40.1362
    endloop
  endfacet
  facet normal -0.30076 0 -0.9537
    outer loop
      vertex 1.08704 -116 40.0569
      vertex 1.43648 -104 39.9467
      vertex 1.43648 -116 39.9467
    endloop
  endfacet
  facet normal -0.30076 0 -0.9537
    outer loop
      vertex 1.43648 -104 39.9467
      vertex 1.08704 -116 40.0569
      vertex 1.08704 -104 40.0569
    endloop
  endfacet
  facet normal -0.30076 0 -0.9537
    outer loop
      vertex 1.08704 -30 40.0569
      vertex 1.43648 -16.2 39.9467
      vertex 1.43648 -30 39.9467
    endloop
  endfacet
  facet normal -0.30076 0 -0.9537
    outer loop
      vertex 1.43648 -16.2 39.9467
      vertex 1.08704 -30 40.0569
      vertex 1.08704 -16.2 40.0569
    endloop
  endfacet
  facet normal -0.30076 0 -0.9537
    outer loop
      vertex 1.08704 -13.8 40.0569
      vertex 1.43648 -0.99 39.9467
      vertex 1.43648 -13.8 39.9467
    endloop
  endfacet
  facet normal -0.30076 0 -0.9537
    outer loop
      vertex 1.43648 -0.99 39.9467
      vertex 1.08704 -13.8 40.0569
      vertex 1.08704 -0.99 40.0569
    endloop
  endfacet
  facet normal -0.216428 0 0.976299
    outer loop
      vertex 0.729321 -104 31.8638
      vertex 1.08704 -116 31.9431
      vertex 1.08704 -104 31.9431
    endloop
  endfacet
  facet normal -0.216428 0 0.976299
    outer loop
      vertex 1.08704 -116 31.9431
      vertex 0.729321 -104 31.8638
      vertex 0.729321 -116 31.8638
    endloop
  endfacet
  facet normal -0.216428 0 0.976299
    outer loop
      vertex 0.729321 -16.2 31.8638
      vertex 1.08704 -30 31.9431
      vertex 1.08704 -16.2 31.9431
    endloop
  endfacet
  facet normal -0.216428 0 0.976299
    outer loop
      vertex 1.08704 -30 31.9431
      vertex 0.729321 -16.2 31.8638
      vertex 0.729321 -30 31.8638
    endloop
  endfacet
  facet normal -0.216428 0 0.976299
    outer loop
      vertex 0.729321 -0.99 31.8638
      vertex 1.08704 -13.8 31.9431
      vertex 1.08704 -0.99 31.9431
    endloop
  endfacet
  facet normal -0.216428 0 0.976299
    outer loop
      vertex 1.08704 -13.8 31.9431
      vertex 0.729321 -0.99 31.8638
      vertex 0.729321 -13.8 31.8638
    endloop
  endfacet
  facet normal 0.737224 -0 0.675648
    outer loop
      vertex -3.21739 -116 33.3003
      vertex -2.96985 -104 33.0302
      vertex -3.21739 -104 33.3003
    endloop
  endfacet
  facet normal 0.737224 0 0.675648
    outer loop
      vertex -2.96985 -104 33.0302
      vertex -3.21739 -116 33.3003
      vertex -2.96985 -116 33.0302
    endloop
  endfacet
  facet normal 0.737224 -0 0.675648
    outer loop
      vertex -3.21739 -30 33.3003
      vertex -2.96985 -16.2 33.0302
      vertex -3.21739 -16.2 33.3003
    endloop
  endfacet
  facet normal 0.737224 0 0.675648
    outer loop
      vertex -2.96985 -16.2 33.0302
      vertex -3.21739 -30 33.3003
      vertex -2.96985 -30 33.0302
    endloop
  endfacet
  facet normal 0.737224 -0 0.675648
    outer loop
      vertex -3.21739 -13.8 33.3003
      vertex -2.96985 -0.99 33.0302
      vertex -3.21739 -0.99 33.3003
    endloop
  endfacet
  facet normal 0.737224 0 0.675648
    outer loop
      vertex -2.96985 -0.99 33.0302
      vertex -3.21739 -13.8 33.3003
      vertex -2.96985 -13.8 33.0302
    endloop
  endfacet
  facet normal 0.99144 -0 0.130563
    outer loop
      vertex -4.18402 -116 35.6339
      vertex -4.13619 -104 35.2707
      vertex -4.18402 -104 35.6339
    endloop
  endfacet
  facet normal 0.99144 0 0.130563
    outer loop
      vertex -4.13619 -104 35.2707
      vertex -4.18402 -116 35.6339
      vertex -4.13619 -116 35.2707
    endloop
  endfacet
  facet normal 0.99144 -0 0.130563
    outer loop
      vertex -4.18402 -30 35.6339
      vertex -4.13619 -16.2 35.2707
      vertex -4.18402 -16.2 35.6339
    endloop
  endfacet
  facet normal 0.99144 0 0.130563
    outer loop
      vertex -4.13619 -16.2 35.2707
      vertex -4.18402 -30 35.6339
      vertex -4.13619 -30 35.2707
    endloop
  endfacet
  facet normal 0.99144 -0 0.130563
    outer loop
      vertex -4.18402 -13.8 35.6339
      vertex -4.13619 -0.99 35.2707
      vertex -4.18402 -0.99 35.6339
    endloop
  endfacet
  facet normal 0.99144 0 0.130563
    outer loop
      vertex -4.13619 -0.99 35.2707
      vertex -4.18402 -13.8 35.6339
      vertex -4.13619 -13.8 35.2707
    endloop
  endfacet
  facet normal 0.95373 0 -0.300664
    outer loop
      vertex -3.94671 -116 37.4365
      vertex -4.05689 -104 37.087
      vertex -3.94671 -104 37.4365
    endloop
  endfacet
  facet normal 0.95373 0 -0.300664
    outer loop
      vertex -4.05689 -104 37.087
      vertex -3.94671 -116 37.4365
      vertex -4.05689 -116 37.087
    endloop
  endfacet
  facet normal 0.95373 0 -0.300664
    outer loop
      vertex -3.94671 -30 37.4365
      vertex -4.05689 -16.2 37.087
      vertex -3.94671 -16.2 37.4365
    endloop
  endfacet
  facet normal 0.95373 0 -0.300664
    outer loop
      vertex -4.05689 -16.2 37.087
      vertex -3.94671 -30 37.4365
      vertex -4.05689 -30 37.087
    endloop
  endfacet
  facet normal 0.95373 0 -0.300664
    outer loop
      vertex -3.94671 -13.8 37.4365
      vertex -4.05689 -0.99 37.087
      vertex -3.94671 -0.99 37.4365
    endloop
  endfacet
  facet normal 0.95373 0 -0.300664
    outer loop
      vertex -4.05689 -0.99 37.087
      vertex -3.94671 -13.8 37.4365
      vertex -4.05689 -13.8 37.087
    endloop
  endfacet
  facet normal 0.976296 0 -0.216439
    outer loop
      vertex -4.05689 -116 37.087
      vertex -4.13619 -104 36.7293
      vertex -4.05689 -104 37.087
    endloop
  endfacet
  facet normal 0.976296 0 -0.216439
    outer loop
      vertex -4.13619 -104 36.7293
      vertex -4.05689 -116 37.087
      vertex -4.13619 -116 36.7293
    endloop
  endfacet
  facet normal 0.976296 0 -0.216439
    outer loop
      vertex -4.05689 -30 37.087
      vertex -4.13619 -16.2 36.7293
      vertex -4.05689 -16.2 37.087
    endloop
  endfacet
  facet normal 0.976296 0 -0.216439
    outer loop
      vertex -4.13619 -16.2 36.7293
      vertex -4.05689 -30 37.087
      vertex -4.13619 -30 36.7293
    endloop
  endfacet
  facet normal 0.976296 0 -0.216439
    outer loop
      vertex -4.05689 -13.8 37.087
      vertex -4.13619 -0.99 36.7293
      vertex -4.05689 -0.99 37.087
    endloop
  endfacet
  facet normal 0.976296 0 -0.216439
    outer loop
      vertex -4.13619 -0.99 36.7293
      vertex -4.05689 -13.8 37.087
      vertex -4.13619 -13.8 36.7293
    endloop
  endfacet
  facet normal 0.923871 -0 0.382704
    outer loop
      vertex -3.94671 -116 34.5635
      vertex -3.80649 -104 34.225
      vertex -3.94671 -104 34.5635
    endloop
  endfacet
  facet normal 0.923871 0 0.382704
    outer loop
      vertex -3.80649 -104 34.225
      vertex -3.94671 -116 34.5635
      vertex -3.80649 -116 34.225
    endloop
  endfacet
  facet normal 0.923871 -0 0.382704
    outer loop
      vertex -3.94671 -30 34.5635
      vertex -3.80649 -16.2 34.225
      vertex -3.94671 -16.2 34.5635
    endloop
  endfacet
  facet normal 0.923871 0 0.382704
    outer loop
      vertex -3.80649 -16.2 34.225
      vertex -3.94671 -30 34.5635
      vertex -3.80649 -30 34.225
    endloop
  endfacet
  facet normal 0.923871 -0 0.382704
    outer loop
      vertex -3.94671 -13.8 34.5635
      vertex -3.80649 -0.99 34.225
      vertex -3.94671 -0.99 34.5635
    endloop
  endfacet
  facet normal 0.923871 0 0.382704
    outer loop
      vertex -3.80649 -0.99 34.225
      vertex -3.94671 -13.8 34.5635
      vertex -3.80649 -13.8 34.225
    endloop
  endfacet
  facet normal -0.887016 0 0.461739
    outer loop
      vertex 3.63731 -116 33.9
      vertex 3.80649 -104 34.225
      vertex 3.63731 -104 33.9
    endloop
  endfacet
  facet normal -0.887016 0 0.461739
    outer loop
      vertex 3.80649 -104 34.225
      vertex 3.63731 -116 33.9
      vertex 3.80649 -116 34.225
    endloop
  endfacet
  facet normal -0.887016 0 0.461739
    outer loop
      vertex 3.63731 -30 33.9
      vertex 3.80649 -16.2 34.225
      vertex 3.63731 -16.2 33.9
    endloop
  endfacet
  facet normal -0.887016 0 0.461739
    outer loop
      vertex 3.80649 -16.2 34.225
      vertex 3.63731 -30 33.9
      vertex 3.80649 -30 34.225
    endloop
  endfacet
  facet normal -0.887016 0 0.461739
    outer loop
      vertex 3.63731 -13.8 33.9
      vertex 3.80649 -0.99 34.225
      vertex 3.63731 -0.99 33.9
    endloop
  endfacet
  facet normal -0.887016 0 0.461739
    outer loop
      vertex 3.80649 -0.99 34.225
      vertex 3.63731 -13.8 33.9
      vertex 3.80649 -13.8 34.225
    endloop
  endfacet
  facet normal -0.675683 0 -0.737193
    outer loop
      vertex 2.69971 -116 39.2174
      vertex 2.96985 -104 38.9698
      vertex 2.96985 -116 38.9698
    endloop
  endfacet
  facet normal -0.675683 0 -0.737193
    outer loop
      vertex 2.96985 -104 38.9698
      vertex 2.69971 -116 39.2174
      vertex 2.69971 -104 39.2174
    endloop
  endfacet
  facet normal -0.675683 0 -0.737193
    outer loop
      vertex 2.69971 -30 39.2174
      vertex 2.96985 -16.2 38.9698
      vertex 2.96985 -30 38.9698
    endloop
  endfacet
  facet normal -0.675683 0 -0.737193
    outer loop
      vertex 2.96985 -16.2 38.9698
      vertex 2.69971 -30 39.2174
      vertex 2.69971 -16.2 39.2174
    endloop
  endfacet
  facet normal -0.675683 0 -0.737193
    outer loop
      vertex 2.69971 -13.8 39.2174
      vertex 2.96985 -0.99 38.9698
      vertex 2.96985 -13.8 38.9698
    endloop
  endfacet
  facet normal -0.675683 0 -0.737193
    outer loop
      vertex 2.96985 -0.99 38.9698
      vertex 2.69971 -13.8 39.2174
      vertex 2.69971 -0.99 39.2174
    endloop
  endfacet
  facet normal 0.675683 0 0.737193
    outer loop
      vertex -2.96985 -104 33.0302
      vertex -2.69971 -116 32.7826
      vertex -2.69971 -104 32.7826
    endloop
  endfacet
  facet normal 0.675683 0 0.737193
    outer loop
      vertex -2.69971 -116 32.7826
      vertex -2.96985 -104 33.0302
      vertex -2.96985 -116 33.0302
    endloop
  endfacet
  facet normal 0.675683 0 0.737193
    outer loop
      vertex -2.96985 -16.2 33.0302
      vertex -2.69971 -30 32.7826
      vertex -2.69971 -16.2 32.7826
    endloop
  endfacet
  facet normal 0.675683 0 0.737193
    outer loop
      vertex -2.69971 -30 32.7826
      vertex -2.96985 -16.2 33.0302
      vertex -2.96985 -30 33.0302
    endloop
  endfacet
  facet normal 0.675683 0 0.737193
    outer loop
      vertex -2.96985 -0.99 33.0302
      vertex -2.69971 -13.8 32.7826
      vertex -2.69971 -0.99 32.7826
    endloop
  endfacet
  facet normal 0.675683 0 0.737193
    outer loop
      vertex -2.69971 -13.8 32.7826
      vertex -2.96985 -0.99 33.0302
      vertex -2.96985 -13.8 33.0302
    endloop
  endfacet
  facet normal -0.976296 0 -0.216439
    outer loop
      vertex 4.13619 -116 36.7293
      vertex 4.05689 -104 37.087
      vertex 4.13619 -104 36.7293
    endloop
  endfacet
  facet normal -0.976296 -0 -0.216439
    outer loop
      vertex 4.05689 -104 37.087
      vertex 4.13619 -116 36.7293
      vertex 4.05689 -116 37.087
    endloop
  endfacet
  facet normal -0.976296 0 -0.216439
    outer loop
      vertex 4.13619 -30 36.7293
      vertex 4.05689 -16.2 37.087
      vertex 4.13619 -16.2 36.7293
    endloop
  endfacet
  facet normal -0.976296 -0 -0.216439
    outer loop
      vertex 4.05689 -16.2 37.087
      vertex 4.13619 -30 36.7293
      vertex 4.05689 -30 37.087
    endloop
  endfacet
  facet normal -0.976296 0 -0.216439
    outer loop
      vertex 4.13619 -13.8 36.7293
      vertex 4.05689 -0.99 37.087
      vertex 4.13619 -0.99 36.7293
    endloop
  endfacet
  facet normal -0.976296 -0 -0.216439
    outer loop
      vertex 4.05689 -0.99 37.087
      vertex 4.13619 -13.8 36.7293
      vertex 4.05689 -13.8 37.087
    endloop
  endfacet
  facet normal 0.99144 0 -0.130563
    outer loop
      vertex -4.13619 -116 36.7293
      vertex -4.18402 -104 36.3661
      vertex -4.13619 -104 36.7293
    endloop
  endfacet
  facet normal 0.99144 0 -0.130563
    outer loop
      vertex -4.18402 -104 36.3661
      vertex -4.13619 -116 36.7293
      vertex -4.18402 -116 36.3661
    endloop
  endfacet
  facet normal 0.99144 0 -0.130563
    outer loop
      vertex -4.13619 -30 36.7293
      vertex -4.18402 -16.2 36.3661
      vertex -4.13619 -16.2 36.7293
    endloop
  endfacet
  facet normal 0.99144 0 -0.130563
    outer loop
      vertex -4.18402 -16.2 36.3661
      vertex -4.13619 -30 36.7293
      vertex -4.18402 -30 36.3661
    endloop
  endfacet
  facet normal 0.99144 0 -0.130563
    outer loop
      vertex -4.13619 -13.8 36.7293
      vertex -4.18402 -0.99 36.3661
      vertex -4.13619 -0.99 36.7293
    endloop
  endfacet
  facet normal 0.99144 0 -0.130563
    outer loop
      vertex -4.18402 -0.99 36.3661
      vertex -4.13619 -13.8 36.7293
      vertex -4.18402 -13.8 36.3661
    endloop
  endfacet
  facet normal 0.999049 0 -0.0436078
    outer loop
      vertex -4.18402 -116 36.3661
      vertex -4.2 -104 36
      vertex -4.18402 -104 36.3661
    endloop
  endfacet
  facet normal 0.999049 0 -0.0436078
    outer loop
      vertex -4.2 -104 36
      vertex -4.18402 -116 36.3661
      vertex -4.2 -116 36
    endloop
  endfacet
  facet normal 0.999049 0 -0.0436078
    outer loop
      vertex -4.18402 -30 36.3661
      vertex -4.2 -16.2 36
      vertex -4.18402 -16.2 36.3661
    endloop
  endfacet
  facet normal 0.999049 0 -0.0436078
    outer loop
      vertex -4.2 -16.2 36
      vertex -4.18402 -30 36.3661
      vertex -4.2 -30 36
    endloop
  endfacet
  facet normal 0.999049 0 -0.0436078
    outer loop
      vertex -4.18402 -13.8 36.3661
      vertex -4.2 -0.99 36
      vertex -4.18402 -0.99 36.3661
    endloop
  endfacet
  facet normal 0.999049 0 -0.0436078
    outer loop
      vertex -4.2 -0.99 36
      vertex -4.18402 -13.8 36.3661
      vertex -4.2 -13.8 36
    endloop
  endfacet
  facet normal -0.608668 0 0.793425
    outer loop
      vertex 2.40902 -104 32.5596
      vertex 2.69971 -116 32.7826
      vertex 2.69971 -104 32.7826
    endloop
  endfacet
  facet normal -0.608668 0 0.793425
    outer loop
      vertex 2.69971 -116 32.7826
      vertex 2.40902 -104 32.5596
      vertex 2.40902 -116 32.5596
    endloop
  endfacet
  facet normal -0.608668 0 0.793425
    outer loop
      vertex 2.40902 -16.2 32.5596
      vertex 2.69971 -30 32.7826
      vertex 2.69971 -16.2 32.7826
    endloop
  endfacet
  facet normal -0.608668 0 0.793425
    outer loop
      vertex 2.69971 -30 32.7826
      vertex 2.40902 -16.2 32.5596
      vertex 2.40902 -30 32.5596
    endloop
  endfacet
  facet normal -0.608668 0 0.793425
    outer loop
      vertex 2.40902 -0.99 32.5596
      vertex 2.69971 -13.8 32.7826
      vertex 2.69971 -0.99 32.7826
    endloop
  endfacet
  facet normal -0.608668 0 0.793425
    outer loop
      vertex 2.69971 -13.8 32.7826
      vertex 2.40902 -0.99 32.5596
      vertex 2.40902 -13.8 32.5596
    endloop
  endfacet
  facet normal 0.382638 0 0.923898
    outer loop
      vertex -1.775 -104 32.1935
      vertex -1.43648 -116 32.0533
      vertex -1.43648 -104 32.0533
    endloop
  endfacet
  facet normal 0.382638 0 0.923898
    outer loop
      vertex -1.43648 -116 32.0533
      vertex -1.775 -104 32.1935
      vertex -1.775 -116 32.1935
    endloop
  endfacet
  facet normal 0.382638 0 0.923898
    outer loop
      vertex -1.775 -16.2 32.1935
      vertex -1.43648 -30 32.0533
      vertex -1.43648 -16.2 32.0533
    endloop
  endfacet
  facet normal 0.382638 0 0.923898
    outer loop
      vertex -1.43648 -30 32.0533
      vertex -1.775 -16.2 32.1935
      vertex -1.775 -30 32.1935
    endloop
  endfacet
  facet normal 0.382638 0 0.923898
    outer loop
      vertex -1.775 -0.99 32.1935
      vertex -1.43648 -13.8 32.0533
      vertex -1.43648 -0.99 32.0533
    endloop
  endfacet
  facet normal 0.382638 0 0.923898
    outer loop
      vertex -1.43648 -13.8 32.0533
      vertex -1.775 -0.99 32.1935
      vertex -1.775 -13.8 32.1935
    endloop
  endfacet
  facet normal 0.382638 0 -0.923898
    outer loop
      vertex -1.775 -116 39.8065
      vertex -1.43648 -104 39.9467
      vertex -1.43648 -116 39.9467
    endloop
  endfacet
  facet normal 0.382638 0 -0.923898
    outer loop
      vertex -1.43648 -104 39.9467
      vertex -1.775 -116 39.8065
      vertex -1.775 -104 39.8065
    endloop
  endfacet
  facet normal 0.382638 0 -0.923898
    outer loop
      vertex -1.775 -30 39.8065
      vertex -1.43648 -16.2 39.9467
      vertex -1.43648 -30 39.9467
    endloop
  endfacet
  facet normal 0.382638 0 -0.923898
    outer loop
      vertex -1.43648 -16.2 39.9467
      vertex -1.775 -30 39.8065
      vertex -1.775 -16.2 39.8065
    endloop
  endfacet
  facet normal 0.382638 0 -0.923898
    outer loop
      vertex -1.775 -13.8 39.8065
      vertex -1.43648 -0.99 39.9467
      vertex -1.43648 -13.8 39.9467
    endloop
  endfacet
  facet normal 0.382638 0 -0.923898
    outer loop
      vertex -1.43648 -0.99 39.9467
      vertex -1.775 -13.8 39.8065
      vertex -1.775 -0.99 39.8065
    endloop
  endfacet
  facet normal 0.923871 0 -0.382704
    outer loop
      vertex -3.80649 -116 37.775
      vertex -3.94671 -104 37.4365
      vertex -3.80649 -104 37.775
    endloop
  endfacet
  facet normal 0.923871 0 -0.382704
    outer loop
      vertex -3.94671 -104 37.4365
      vertex -3.80649 -116 37.775
      vertex -3.94671 -116 37.4365
    endloop
  endfacet
  facet normal 0.923871 0 -0.382704
    outer loop
      vertex -3.80649 -30 37.775
      vertex -3.94671 -16.2 37.4365
      vertex -3.80649 -16.2 37.775
    endloop
  endfacet
  facet normal 0.923871 0 -0.382704
    outer loop
      vertex -3.94671 -16.2 37.4365
      vertex -3.80649 -30 37.775
      vertex -3.94671 -30 37.4365
    endloop
  endfacet
  facet normal 0.923871 0 -0.382704
    outer loop
      vertex -3.80649 -13.8 37.775
      vertex -3.94671 -0.99 37.4365
      vertex -3.80649 -0.99 37.775
    endloop
  endfacet
  facet normal 0.923871 0 -0.382704
    outer loop
      vertex -3.94671 -0.99 37.4365
      vertex -3.80649 -13.8 37.775
      vertex -3.94671 -13.8 37.4365
    endloop
  endfacet
  facet normal 0.461782 0 0.886993
    outer loop
      vertex -2.1 -104 32.3627
      vertex -1.775 -116 32.1935
      vertex -1.775 -104 32.1935
    endloop
  endfacet
  facet normal 0.461782 0 0.886993
    outer loop
      vertex -1.775 -116 32.1935
      vertex -2.1 -104 32.3627
      vertex -2.1 -116 32.3627
    endloop
  endfacet
  facet normal 0.461782 0 0.886993
    outer loop
      vertex -2.1 -16.2 32.3627
      vertex -1.775 -30 32.1935
      vertex -1.775 -16.2 32.1935
    endloop
  endfacet
  facet normal 0.461782 0 0.886993
    outer loop
      vertex -1.775 -30 32.1935
      vertex -2.1 -16.2 32.3627
      vertex -2.1 -30 32.3627
    endloop
  endfacet
  facet normal 0.461782 0 0.886993
    outer loop
      vertex -2.1 -0.99 32.3627
      vertex -1.775 -13.8 32.1935
      vertex -1.775 -0.99 32.1935
    endloop
  endfacet
  facet normal 0.461782 0 0.886993
    outer loop
      vertex -1.775 -13.8 32.1935
      vertex -2.1 -0.99 32.3627
      vertex -2.1 -13.8 32.3627
    endloop
  endfacet
  facet normal -0.70677 0.70677 -0.0308572
    outer loop
      vertex 5.17041 0 36.4487
      vertex 5.19 0 36
      vertex 4.2 -0.99 36
    endloop
  endfacet
  facet normal -0.561241 0.706783 -0.430658
    outer loop
      vertex 3.978 0 39.3332
      vertex 4.2514 0 38.9769
      vertex 3.44044 -0.99 38.409
    endloop
  endfacet
  facet normal 0.654185 0.70674 -0.26937
    outer loop
      vertex -3.80649 -0.99 37.775
      vertex -4.70514 0 38.19
      vertex -4.70374 0 38.1934
    endloop
  endfacet
  facet normal 0.653586 0.70677 -0.270741
    outer loop
      vertex -4.70514 0 38.19
      vertex -3.80649 -0.99 37.775
      vertex -3.94671 -0.99 37.4365
    endloop
  endfacet
  facet normal -0.701397 0.706765 -0.092333
    outer loop
      vertex 5.11163 0 36.8976
      vertex 5.17025 0 36.4523
      vertex 4.18402 -0.99 36.3661
    endloop
  endfacet
  facet normal -0.426704 0.706655 0.564413
    outer loop
      vertex 3.33316 0 32.022
      vertex 2.69971 -0.99 32.7826
      vertex 3.33607 0 32.0242
    endloop
  endfacet
  facet normal -0.430602 0.706764 0.561308
    outer loop
      vertex 2.69971 -0.99 32.7826
      vertex 3.33316 0 32.022
      vertex 2.40902 -0.99 32.5596
    endloop
  endfacet
  facet normal -0.674701 0.706771 -0.212728
    outer loop
      vertex 4.87701 0 37.7751
      vertex 5.01205 0 37.3468
      vertex 3.94671 -0.99 37.4365
    endloop
  endfacet
  facet normal -0.384337 0.706884 0.593801
    outer loop
      vertex 2.97377 0 31.7466
      vertex 2.40902 -0.99 32.5596
      vertex 2.97686 0 31.7486
    endloop
  endfacet
  facet normal -0.380142 0.706792 0.596604
    outer loop
      vertex 2.40902 -0.99 32.5596
      vertex 2.97377 0 31.7466
      vertex 2.1 -0.99 32.3627
    endloop
  endfacet
  facet normal -0.270773 0.70677 -0.653573
    outer loop
      vertex 1.77508 0 40.877
      vertex 2.19 0 40.7051
      vertex 1.43648 -0.99 39.9467
    endloop
  endfacet
  facet normal -0.0308745 0.70677 0.70677
    outer loop
      vertex 0 -0.99 31.8
      vertex 0.448677 0 30.8296
      vertex 0 0 30.81
    endloop
  endfacet
  facet normal -0.212805 0.706773 -0.674675
    outer loop
      vertex 1.77508 0 40.877
      vertex 1.43648 -0.99 39.9467
      vertex 1.34676 0 41.0121
    endloop
  endfacet
  facet normal -0.153108 0.706782 0.690664
    outer loop
      vertex 0.904811 0 30.8896
      vertex 0.729321 -0.99 31.8638
      vertex 1.08704 -0.99 31.9431
    endloop
  endfacet
  facet normal -0.154409 0.706755 0.690402
    outer loop
      vertex 0.729321 -0.99 31.8638
      vertex 0.904811 0 30.8896
      vertex 0.901234 0 30.8888
    endloop
  endfacet
  facet normal 0.477991 0.706794 -0.521504
    outer loop
      vertex -2.96985 -0.99 38.9698
      vertex -3.66718 0 39.6724
      vertex -2.69971 -0.99 39.2174
    endloop
  endfacet
  facet normal 0.480581 0.706861 -0.519028
    outer loop
      vertex -3.66718 0 39.6724
      vertex -2.96985 -0.99 38.9698
      vertex -3.66988 0 39.6699
    endloop
  endfacet
  facet normal -0.69097 0.706802 -0.15163
    outer loop
      vertex 4.13619 -0.99 36.7293
      vertex 5.11036 0 36.9048
      vertex 5.11115 0 36.9012
    endloop
  endfacet
  facet normal -0.690672 0.706772 -0.153118
    outer loop
      vertex 5.11036 0 36.9048
      vertex 4.13619 -0.99 36.7293
      vertex 4.05689 -0.99 37.087
    endloop
  endfacet
  facet normal -0.625646 0.706675 0.330419
    outer loop
      vertex 4.70205 0 33.8034
      vertex 3.80649 -0.99 34.225
      vertex 4.70374 0 33.8066
    endloop
  endfacet
  facet normal -0.627517 0.706765 0.326657
    outer loop
      vertex 3.80649 -0.99 34.225
      vertex 4.70205 0 33.8034
      vertex 3.63731 -0.99 33.9
    endloop
  endfacet
  facet normal 0.701397 0.706765 0.092333
    outer loop
      vertex -4.18402 -0.99 35.6339
      vertex -5.11163 0 35.1024
      vertex -5.17025 0 35.5477
    endloop
  endfacet
  facet normal 0.70677 0.70677 -0.0308572
    outer loop
      vertex -5.17041 0 36.4487
      vertex -4.2 -0.99 36
      vertex -5.19 0 36
    endloop
  endfacet
  facet normal -0.077487 0.706377 -0.703582
    outer loop
      vertex 0.729321 -0.99 40.1362
      vertex 0.897602 0 41.1116
      vertex 0.901234 0 41.1112
    endloop
  endfacet
  facet normal -0.0922943 0.706756 -0.701412
    outer loop
      vertex 0.897602 0 41.1116
      vertex 0.729321 -0.99 40.1362
      vertex 0.366054 -0.99 40.184
    endloop
  endfacet
  facet normal -0.690673 0.706776 0.153098
    outer loop
      vertex 5.11036 0 35.0952
      vertex 5.01316 0 34.6567
      vertex 4.05689 -0.99 34.913
    endloop
  endfacet
  facet normal -0.27005 0.706738 -0.653907
    outer loop
      vertex 1.775 -0.99 39.8065
      vertex 2.19 0 40.7051
      vertex 2.19339 0 40.7037
    endloop
  endfacet
  facet normal -0.270701 0.706753 -0.653622
    outer loop
      vertex 2.19 0 40.7051
      vertex 1.775 -0.99 39.8065
      vertex 1.43648 -0.99 39.9467
    endloop
  endfacet
  facet normal -0.596668 0.706769 0.380085
    outer loop
      vertex 4.49467 0 33.405
      vertex 4.25337 0 33.0262
      vertex 3.63731 -0.99 33.9
    endloop
  endfacet
  facet normal -0.67436 0.706752 -0.213868
    outer loop
      vertex 4.05689 -0.99 37.087
      vertex 5.01205 0 37.3468
      vertex 5.01316 0 37.3433
    endloop
  endfacet
  facet normal -0.674703 0.706777 -0.2127
    outer loop
      vertex 5.01205 0 37.3468
      vertex 4.05689 -0.99 37.087
      vertex 3.94671 -0.99 37.4365
    endloop
  endfacet
  facet normal 0.690672 0.706772 -0.153118
    outer loop
      vertex -4.13619 -0.99 36.7293
      vertex -5.11036 0 36.9048
      vertex -4.05689 -0.99 37.087
    endloop
  endfacet
  facet normal 0.69097 0.706802 -0.15163
    outer loop
      vertex -5.11036 0 36.9048
      vertex -4.13619 -0.99 36.7293
      vertex -5.11115 0 36.9012
    endloop
  endfacet
  facet normal -0.596668 0.706769 -0.380085
    outer loop
      vertex 4.25337 0 38.9738
      vertex 4.49467 0 38.595
      vertex 3.63731 -0.99 38.1
    endloop
  endfacet
  facet normal -0.597086 0.706764 -0.379438
    outer loop
      vertex 4.25337 0 38.9738
      vertex 3.44044 -0.99 38.409
      vertex 4.2514 0 38.9769
    endloop
  endfacet
  facet normal -0.59663 0.70678 -0.380125
    outer loop
      vertex 3.44044 -0.99 38.409
      vertex 4.25337 0 38.9738
      vertex 3.63731 -0.99 38.1
    endloop
  endfacet
  facet normal 0.70677 0.70677 0.0308572
    outer loop
      vertex -4.2 -0.99 36
      vertex -5.17041 0 35.5513
      vertex -5.19 0 36
    endloop
  endfacet
  facet normal 0.52099 0.706802 -0.478539
    outer loop
      vertex -2.96985 -0.99 38.9698
      vertex -3.67236 0 39.6672
      vertex -3.66988 0 39.6699
    endloop
  endfacet
  facet normal 0.521532 0.706787 -0.477971
    outer loop
      vertex -3.67236 0 39.6672
      vertex -2.96985 -0.99 38.9698
      vertex -3.21739 -0.99 38.6997
    endloop
  endfacet
  facet normal -0.521532 0.706787 0.477971
    outer loop
      vertex 3.67236 0 32.3328
      vertex 2.96985 -0.99 33.0302
      vertex 3.21739 -0.99 33.3003
    endloop
  endfacet
  facet normal -0.52099 0.706802 0.478539
    outer loop
      vertex 2.96985 -0.99 33.0302
      vertex 3.67236 0 32.3328
      vertex 3.66988 0 32.3301
    endloop
  endfacet
  facet normal -0.59663 0.70678 0.380125
    outer loop
      vertex 4.25337 0 33.0262
      vertex 3.44044 -0.99 33.591
      vertex 3.63731 -0.99 33.9
    endloop
  endfacet
  facet normal -0.597086 0.706764 0.379438
    outer loop
      vertex 3.44044 -0.99 33.591
      vertex 4.25337 0 33.0262
      vertex 4.2514 0 33.0231
    endloop
  endfacet
  facet normal 0.627517 0.706765 0.326657
    outer loop
      vertex -4.70205 0 33.8034
      vertex -3.80649 -0.99 34.225
      vertex -3.63731 -0.99 33.9
    endloop
  endfacet
  facet normal 0.625646 0.706675 0.330419
    outer loop
      vertex -3.80649 -0.99 34.225
      vertex -4.70205 0 33.8034
      vertex -4.70374 0 33.8066
    endloop
  endfacet
  facet normal -0.212768 0.706781 0.674678
    outer loop
      vertex 1.34676 0 30.9879
      vertex 1.08704 -0.99 31.9431
      vertex 1.43648 -0.99 32.0533
    endloop
  endfacet
  facet normal -0.212659 0.706783 0.67471
    outer loop
      vertex 1.08704 -0.99 31.9431
      vertex 1.34676 0 30.9879
      vertex 1.34327 0 30.9868
    endloop
  endfacet
  facet normal -0.327919 0.706724 -0.626905
    outer loop
      vertex 2.19664 0 40.702
      vertex 1.775 -0.99 39.8065
      vertex 2.19339 0 40.7037
    endloop
  endfacet
  facet normal -0.326693 0.706752 -0.627513
    outer loop
      vertex 1.775 -0.99 39.8065
      vertex 2.19664 0 40.702
      vertex 2.1 -0.99 39.6373
    endloop
  endfacet
  facet normal 0.706736 0.70678 -0.0314105
    outer loop
      vertex -4.18402 -0.99 36.3661
      vertex -5.17041 0 36.4487
      vertex -5.17025 0 36.4523
    endloop
  endfacet
  facet normal 0.706772 0.706769 -0.0308501
    outer loop
      vertex -5.17041 0 36.4487
      vertex -4.18402 -0.99 36.3661
      vertex -4.2 -0.99 36
    endloop
  endfacet
  facet normal -0.0308745 0.70677 -0.70677
    outer loop
      vertex 0 0 41.19
      vertex 0.448677 0 41.1704
      vertex 0 -0.99 40.2
    endloop
  endfacet
  facet normal -0.384337 0.706884 -0.593801
    outer loop
      vertex 2.40902 -0.99 39.4404
      vertex 2.97377 0 40.2534
      vertex 2.97686 0 40.2514
    endloop
  endfacet
  facet normal -0.380142 0.706792 -0.596604
    outer loop
      vertex 2.97377 0 40.2534
      vertex 2.40902 -0.99 39.4404
      vertex 2.1 -0.99 39.6373
    endloop
  endfacet
  facet normal 0.430602 0.706764 0.561308
    outer loop
      vertex -3.33316 0 32.022
      vertex -2.69971 -0.99 32.7826
      vertex -2.40902 -0.99 32.5596
    endloop
  endfacet
  facet normal 0.426704 0.706655 0.564413
    outer loop
      vertex -2.69971 -0.99 32.7826
      vertex -3.33316 0 32.022
      vertex -3.33607 0 32.0242
    endloop
  endfacet
  facet normal 0.327919 0.706724 -0.626905
    outer loop
      vertex -1.775 -0.99 39.8065
      vertex -2.19664 0 40.702
      vertex -2.19339 0 40.7037
    endloop
  endfacet
  facet normal 0.326693 0.706752 -0.627513
    outer loop
      vertex -2.19664 0 40.702
      vertex -1.775 -0.99 39.8065
      vertex -2.1 -0.99 39.6373
    endloop
  endfacet
  facet normal -0.654185 0.70674 -0.26937
    outer loop
      vertex 4.70514 0 38.19
      vertex 3.80649 -0.99 37.775
      vertex 4.70374 0 38.1934
    endloop
  endfacet
  facet normal -0.653586 0.70677 -0.270741
    outer loop
      vertex 3.80649 -0.99 37.775
      vertex 4.70514 0 38.19
      vertex 3.94671 -0.99 37.4365
    endloop
  endfacet
  facet normal -0.0385931 0.706906 0.706254
    outer loop
      vertex 0.448677 0 30.8296
      vertex 0.366054 -0.99 31.816
      vertex 0.452337 0 30.8298
    endloop
  endfacet
  facet normal -0.0308923 0.706773 0.706765
    outer loop
      vertex 0.366054 -0.99 31.816
      vertex 0.448677 0 30.8296
      vertex 0 -0.99 31.8
    endloop
  endfacet
  facet normal 0.701385 0.706772 0.0923658
    outer loop
      vertex -4.13619 -0.99 35.2707
      vertex -5.11163 0 35.1024
      vertex -4.18402 -0.99 35.6339
    endloop
  endfacet
  facet normal 0.701213 0.706795 0.0934951
    outer loop
      vertex -5.11163 0 35.1024
      vertex -4.13619 -0.99 35.2707
      vertex -5.11115 0 35.0988
    endloop
  endfacet
  facet normal 0.477933 0.706774 -0.521584
    outer loop
      vertex -3.33607 0 39.9758
      vertex -2.69971 -0.99 39.2174
      vertex -3.66718 0 39.6724
    endloop
  endfacet
  facet normal -0.627521 0.706768 -0.326645
    outer loop
      vertex 4.49467 0 38.595
      vertex 4.70205 0 38.1966
      vertex 3.63731 -0.99 38.1
    endloop
  endfacet
  facet normal -0.70677 0.70677 0.0308572
    outer loop
      vertex 5.19 0 36
      vertex 5.17041 0 35.5513
      vertex 4.2 -0.99 36
    endloop
  endfacet
  facet normal -0.52099 0.706802 -0.478539
    outer loop
      vertex 3.67236 0 39.6672
      vertex 2.96985 -0.99 38.9698
      vertex 3.66988 0 39.6699
    endloop
  endfacet
  facet normal -0.521532 0.706787 -0.477971
    outer loop
      vertex 2.96985 -0.99 38.9698
      vertex 3.67236 0 39.6672
      vertex 3.21739 -0.99 38.6997
    endloop
  endfacet
  facet normal -0.690673 0.706776 -0.153098
    outer loop
      vertex 5.01316 0 37.3433
      vertex 5.11036 0 36.9048
      vertex 4.05689 -0.99 37.087
    endloop
  endfacet
  facet normal -0.326566 0.706779 -0.627549
    outer loop
      vertex 2.19664 0 40.702
      vertex 2.595 0 40.4947
      vertex 2.1 -0.99 39.6373
    endloop
  endfacet
  facet normal 0.212659 0.706783 -0.67471
    outer loop
      vertex -1.08704 -0.99 40.0569
      vertex -1.34676 0 41.0121
      vertex -1.34327 0 41.0132
    endloop
  endfacet
  facet normal 0.212768 0.706781 -0.674678
    outer loop
      vertex -1.34676 0 41.0121
      vertex -1.08704 -0.99 40.0569
      vertex -1.43648 -0.99 39.9467
    endloop
  endfacet
  facet normal -0.09231 0.706759 -0.701406
    outer loop
      vertex 0.452337 0 41.1702
      vertex 0.897602 0 41.1116
      vertex 0.366054 -0.99 40.184
    endloop
  endfacet
  facet normal -0.3801 0.706781 -0.596645
    outer loop
      vertex 2.595 0 40.4947
      vertex 2.97377 0 40.2534
      vertex 2.1 -0.99 39.6373
    endloop
  endfacet
  facet normal -0.09231 0.706759 0.701406
    outer loop
      vertex 0.897602 0 30.8884
      vertex 0.452337 0 30.8298
      vertex 0.366054 -0.99 31.816
    endloop
  endfacet
  facet normal -0.154409 0.706755 -0.690402
    outer loop
      vertex 0.904811 0 41.1104
      vertex 0.729321 -0.99 40.1362
      vertex 0.901234 0 41.1112
    endloop
  endfacet
  facet normal -0.153108 0.706782 -0.690664
    outer loop
      vertex 0.729321 -0.99 40.1362
      vertex 0.904811 0 41.1104
      vertex 1.08704 -0.99 40.0569
    endloop
  endfacet
  facet normal -0.430659 0.706781 -0.561243
    outer loop
      vertex 2.97686 0 40.2514
      vertex 3.33316 0 39.978
      vertex 2.40902 -0.99 39.4404
    endloop
  endfacet
  facet normal 0.212805 0.706773 0.674675
    outer loop
      vertex -1.43648 -0.99 32.0533
      vertex -1.34676 0 30.9879
      vertex -1.77508 0 31.123
    endloop
  endfacet
  facet normal -0.561241 0.706783 0.430658
    outer loop
      vertex 4.2514 0 33.0231
      vertex 3.978 0 32.6668
      vertex 3.44044 -0.99 33.591
    endloop
  endfacet
  facet normal -0.426704 0.706655 -0.564413
    outer loop
      vertex 2.69971 -0.99 39.2174
      vertex 3.33316 0 39.978
      vertex 3.33607 0 39.9758
    endloop
  endfacet
  facet normal -0.430602 0.706764 -0.561308
    outer loop
      vertex 3.33316 0 39.978
      vertex 2.69971 -0.99 39.2174
      vertex 2.40902 -0.99 39.4404
    endloop
  endfacet
  facet normal 0.627517 0.706765 -0.326657
    outer loop
      vertex -3.80649 -0.99 37.775
      vertex -4.70205 0 38.1966
      vertex -3.63731 -0.99 38.1
    endloop
  endfacet
  facet normal 0.625646 0.706675 -0.330419
    outer loop
      vertex -4.70205 0 38.1966
      vertex -3.80649 -0.99 37.775
      vertex -4.70374 0 38.1934
    endloop
  endfacet
  facet normal 0.3801 0.706781 -0.596645
    outer loop
      vertex -2.595 0 40.4947
      vertex -2.1 -0.99 39.6373
      vertex -2.97377 0 40.2534
    endloop
  endfacet
  facet normal -0.69097 0.706802 0.15163
    outer loop
      vertex 5.11036 0 35.0952
      vertex 4.13619 -0.99 35.2707
      vertex 5.11115 0 35.0988
    endloop
  endfacet
  facet normal -0.690672 0.706772 0.153118
    outer loop
      vertex 4.13619 -0.99 35.2707
      vertex 5.11036 0 35.0952
      vertex 4.05689 -0.99 34.913
    endloop
  endfacet
  facet normal 0.0308745 0.70677 0.70677
    outer loop
      vertex 0 -0.99 31.8
      vertex 0 0 30.81
      vertex -0.448677 0 30.8296
    endloop
  endfacet
  facet normal -0.625646 0.706675 -0.330419
    outer loop
      vertex 3.80649 -0.99 37.775
      vertex 4.70205 0 38.1966
      vertex 4.70374 0 38.1934
    endloop
  endfacet
  facet normal -0.627517 0.706765 -0.326657
    outer loop
      vertex 4.70205 0 38.1966
      vertex 3.80649 -0.99 37.775
      vertex 3.63731 -0.99 38.1
    endloop
  endfacet
  facet normal 0.561241 0.706783 -0.430658
    outer loop
      vertex -3.978 0 39.3332
      vertex -3.44044 -0.99 38.409
      vertex -4.2514 0 38.9769
    endloop
  endfacet
  facet normal 0.690673 0.706776 -0.153098
    outer loop
      vertex -5.01316 0 37.3433
      vertex -4.05689 -0.99 37.087
      vertex -5.11036 0 36.9048
    endloop
  endfacet
  facet normal 0.326566 0.706779 -0.627549
    outer loop
      vertex -2.19664 0 40.702
      vertex -2.1 -0.99 39.6373
      vertex -2.595 0 40.4947
    endloop
  endfacet
  facet normal -0.15311 0.706782 -0.690664
    outer loop
      vertex 1.34327 0 41.0132
      vertex 1.08704 -0.99 40.0569
      vertex 0.904811 0 41.1104
    endloop
  endfacet
  facet normal -0.326566 0.706779 0.627549
    outer loop
      vertex 2.595 0 31.5053
      vertex 2.19664 0 31.298
      vertex 2.1 -0.99 32.3627
    endloop
  endfacet
  facet normal -0.56079 0.706793 -0.431228
    outer loop
      vertex 3.978 0 39.3332
      vertex 3.21739 -0.99 38.6997
      vertex 3.97577 0 39.3361
    endloop
  endfacet
  facet normal -0.561257 0.706779 -0.430644
    outer loop
      vertex 3.21739 -0.99 38.6997
      vertex 3.978 0 39.3332
      vertex 3.44044 -0.99 38.409
    endloop
  endfacet
  facet normal -0.653584 0.706771 0.270744
    outer loop
      vertex 4.87701 0 34.2249
      vertex 4.70514 0 33.81
      vertex 3.94671 -0.99 34.5635
    endloop
  endfacet
  facet normal -0.653584 0.706771 -0.270744
    outer loop
      vertex 4.70514 0 38.19
      vertex 4.87701 0 37.7751
      vertex 3.94671 -0.99 37.4365
    endloop
  endfacet
  facet normal -0.15311 0.706782 0.690664
    outer loop
      vertex 1.08704 -0.99 31.9431
      vertex 1.34327 0 30.9868
      vertex 0.904811 0 30.8896
    endloop
  endfacet
  facet normal -0.627521 0.706768 0.326645
    outer loop
      vertex 4.70205 0 33.8034
      vertex 4.49467 0 33.405
      vertex 3.63731 -0.99 33.9
    endloop
  endfacet
  facet normal 0.653584 0.706771 0.270744
    outer loop
      vertex -3.94671 -0.99 34.5635
      vertex -4.70514 0 33.81
      vertex -4.87701 0 34.2249
    endloop
  endfacet
  facet normal 0.477933 0.706774 0.521584
    outer loop
      vertex -2.69971 -0.99 32.7826
      vertex -3.33607 0 32.0242
      vertex -3.66718 0 32.3276
    endloop
  endfacet
  facet normal -0.653586 0.70677 0.270741
    outer loop
      vertex 4.70514 0 33.81
      vertex 3.80649 -0.99 34.225
      vertex 3.94671 -0.99 34.5635
    endloop
  endfacet
  facet normal -0.654185 0.70674 0.26937
    outer loop
      vertex 3.80649 -0.99 34.225
      vertex 4.70514 0 33.81
      vertex 4.70374 0 33.8066
    endloop
  endfacet
  facet normal -0.701397 0.706765 0.092333
    outer loop
      vertex 5.17025 0 35.5477
      vertex 5.11163 0 35.1024
      vertex 4.18402 -0.99 35.6339
    endloop
  endfacet
  facet normal -0.706772 0.706769 0.0308501
    outer loop
      vertex 5.17041 0 35.5513
      vertex 4.18402 -0.99 35.6339
      vertex 4.2 -0.99 36
    endloop
  endfacet
  facet normal -0.706736 0.70678 0.0314105
    outer loop
      vertex 4.18402 -0.99 35.6339
      vertex 5.17041 0 35.5513
      vertex 5.17025 0 35.5477
    endloop
  endfacet
  facet normal 0.09231 0.706759 -0.701406
    outer loop
      vertex -0.452337 0 41.1702
      vertex -0.366054 -0.99 40.184
      vertex -0.897602 0 41.1116
    endloop
  endfacet
  facet normal -0.521566 0.706778 -0.477947
    outer loop
      vertex 3.67236 0 39.6672
      vertex 3.97577 0 39.3361
      vertex 3.21739 -0.99 38.6997
    endloop
  endfacet
  facet normal -0.477933 0.706774 -0.521584
    outer loop
      vertex 3.33607 0 39.9758
      vertex 3.66718 0 39.6724
      vertex 2.69971 -0.99 39.2174
    endloop
  endfacet
  facet normal -0.561257 0.706779 0.430644
    outer loop
      vertex 3.978 0 32.6668
      vertex 3.21739 -0.99 33.3003
      vertex 3.44044 -0.99 33.591
    endloop
  endfacet
  facet normal -0.56079 0.706793 0.431228
    outer loop
      vertex 3.21739 -0.99 33.3003
      vertex 3.978 0 32.6668
      vertex 3.97577 0 32.6639
    endloop
  endfacet
  facet normal -0.270773 0.70677 0.653573
    outer loop
      vertex 2.19 0 31.2949
      vertex 1.77508 0 31.123
      vertex 1.43648 -0.99 32.0533
    endloop
  endfacet
  facet normal 0.154409 0.706755 -0.690402
    outer loop
      vertex -0.729321 -0.99 40.1362
      vertex -0.904811 0 41.1104
      vertex -0.901234 0 41.1112
    endloop
  endfacet
  facet normal 0.153108 0.706782 -0.690664
    outer loop
      vertex -0.904811 0 41.1104
      vertex -0.729321 -0.99 40.1362
      vertex -1.08704 -0.99 40.0569
    endloop
  endfacet
  facet normal -0.212805 0.706773 0.674675
    outer loop
      vertex 1.43648 -0.99 32.0533
      vertex 1.77508 0 31.123
      vertex 1.34676 0 30.9879
    endloop
  endfacet
  facet normal 0.270773 0.70677 -0.653573
    outer loop
      vertex -1.77508 0 40.877
      vertex -1.43648 -0.99 39.9467
      vertex -2.19 0 40.7051
    endloop
  endfacet
  facet normal 0.0308923 0.706773 -0.706765
    outer loop
      vertex -0.366054 -0.99 40.184
      vertex -0.448677 0 41.1704
      vertex 0 -0.99 40.2
    endloop
  endfacet
  facet normal 0.0385931 0.706906 -0.706254
    outer loop
      vertex -0.448677 0 41.1704
      vertex -0.366054 -0.99 40.184
      vertex -0.452337 0 41.1702
    endloop
  endfacet
  facet normal -0.077487 0.706377 0.703582
    outer loop
      vertex 0.897602 0 30.8884
      vertex 0.729321 -0.99 31.8638
      vertex 0.901234 0 30.8888
    endloop
  endfacet
  facet normal -0.0922943 0.706756 0.701412
    outer loop
      vertex 0.729321 -0.99 31.8638
      vertex 0.897602 0 30.8884
      vertex 0.366054 -0.99 31.816
    endloop
  endfacet
  facet normal -0.212659 0.706783 -0.67471
    outer loop
      vertex 1.34676 0 41.0121
      vertex 1.08704 -0.99 40.0569
      vertex 1.34327 0 41.0132
    endloop
  endfacet
  facet normal -0.212768 0.706781 -0.674678
    outer loop
      vertex 1.08704 -0.99 40.0569
      vertex 1.34676 0 41.0121
      vertex 1.43648 -0.99 39.9467
    endloop
  endfacet
  facet normal -0.480581 0.706861 -0.519028
    outer loop
      vertex 2.96985 -0.99 38.9698
      vertex 3.66718 0 39.6724
      vertex 3.66988 0 39.6699
    endloop
  endfacet
  facet normal -0.477991 0.706794 -0.521504
    outer loop
      vertex 3.66718 0 39.6724
      vertex 2.96985 -0.99 38.9698
      vertex 2.69971 -0.99 39.2174
    endloop
  endfacet
  facet normal 0.09231 0.706759 0.701406
    outer loop
      vertex -0.366054 -0.99 31.816
      vertex -0.452337 0 30.8298
      vertex -0.897602 0 30.8884
    endloop
  endfacet
  facet normal 0.521566 0.706778 0.477947
    outer loop
      vertex -3.21739 -0.99 33.3003
      vertex -3.67236 0 32.3328
      vertex -3.97577 0 32.6639
    endloop
  endfacet
  facet normal 0.69097 0.706802 0.15163
    outer loop
      vertex -4.13619 -0.99 35.2707
      vertex -5.11036 0 35.0952
      vertex -5.11115 0 35.0988
    endloop
  endfacet
  facet normal 0.690672 0.706772 0.153118
    outer loop
      vertex -5.11036 0 35.0952
      vertex -4.13619 -0.99 35.2707
      vertex -4.05689 -0.99 34.913
    endloop
  endfacet
  facet normal 0.270701 0.706753 -0.653622
    outer loop
      vertex -1.775 -0.99 39.8065
      vertex -2.19 0 40.7051
      vertex -1.43648 -0.99 39.9467
    endloop
  endfacet
  facet normal 0.27005 0.706738 -0.653907
    outer loop
      vertex -2.19 0 40.7051
      vertex -1.775 -0.99 39.8065
      vertex -2.19339 0 40.7037
    endloop
  endfacet
  facet normal 0.521566 0.706778 -0.477947
    outer loop
      vertex -3.67236 0 39.6672
      vertex -3.21739 -0.99 38.6997
      vertex -3.97577 0 39.3361
    endloop
  endfacet
  facet normal -0.480581 0.706861 0.519028
    outer loop
      vertex 3.66718 0 32.3276
      vertex 2.96985 -0.99 33.0302
      vertex 3.66988 0 32.3301
    endloop
  endfacet
  facet normal -0.477991 0.706794 0.521504
    outer loop
      vertex 2.96985 -0.99 33.0302
      vertex 3.66718 0 32.3276
      vertex 2.69971 -0.99 32.7826
    endloop
  endfacet
  facet normal 0.15311 0.706782 0.690664
    outer loop
      vertex -1.08704 -0.99 31.9431
      vertex -0.904811 0 30.8896
      vertex -1.34327 0 30.9868
    endloop
  endfacet
  facet normal 0.653584 0.706771 -0.270744
    outer loop
      vertex -4.70514 0 38.19
      vertex -3.94671 -0.99 37.4365
      vertex -4.87701 0 37.7751
    endloop
  endfacet
  facet normal -0.0385931 0.706906 -0.706254
    outer loop
      vertex 0.366054 -0.99 40.184
      vertex 0.448677 0 41.1704
      vertex 0.452337 0 41.1702
    endloop
  endfacet
  facet normal -0.0308923 0.706773 -0.706765
    outer loop
      vertex 0.448677 0 41.1704
      vertex 0.366054 -0.99 40.184
      vertex 0 -0.99 40.2
    endloop
  endfacet
  facet normal 0.0922943 0.706756 0.701412
    outer loop
      vertex -0.897602 0 30.8884
      vertex -0.729321 -0.99 31.8638
      vertex -0.366054 -0.99 31.816
    endloop
  endfacet
  facet normal 0.077487 0.706377 0.703582
    outer loop
      vertex -0.729321 -0.99 31.8638
      vertex -0.897602 0 30.8884
      vertex -0.901234 0 30.8888
    endloop
  endfacet
  facet normal -0.27005 0.706738 0.653907
    outer loop
      vertex 2.19 0 31.2949
      vertex 1.775 -0.99 32.1935
      vertex 2.19339 0 31.2963
    endloop
  endfacet
  facet normal -0.270701 0.706753 0.653622
    outer loop
      vertex 1.775 -0.99 32.1935
      vertex 2.19 0 31.2949
      vertex 1.43648 -0.99 32.0533
    endloop
  endfacet
  facet normal 0.153108 0.706782 0.690664
    outer loop
      vertex -0.729321 -0.99 31.8638
      vertex -0.904811 0 30.8896
      vertex -1.08704 -0.99 31.9431
    endloop
  endfacet
  facet normal 0.154409 0.706755 0.690402
    outer loop
      vertex -0.904811 0 30.8896
      vertex -0.729321 -0.99 31.8638
      vertex -0.901234 0 30.8888
    endloop
  endfacet
  facet normal 0.477991 0.706794 0.521504
    outer loop
      vertex -3.66718 0 32.3276
      vertex -2.96985 -0.99 33.0302
      vertex -2.69971 -0.99 32.7826
    endloop
  endfacet
  facet normal 0.480581 0.706861 0.519028
    outer loop
      vertex -2.96985 -0.99 33.0302
      vertex -3.66718 0 32.3276
      vertex -3.66988 0 32.3301
    endloop
  endfacet
  facet normal 0.596668 0.706769 -0.380085
    outer loop
      vertex -4.25337 0 38.9738
      vertex -3.63731 -0.99 38.1
      vertex -4.49467 0 38.595
    endloop
  endfacet
  facet normal 0.674701 0.706771 0.212728
    outer loop
      vertex -3.94671 -0.99 34.5635
      vertex -4.87701 0 34.2249
      vertex -5.01205 0 34.6532
    endloop
  endfacet
  facet normal -0.521566 0.706778 0.477947
    outer loop
      vertex 3.97577 0 32.6639
      vertex 3.67236 0 32.3328
      vertex 3.21739 -0.99 33.3003
    endloop
  endfacet
  facet normal -0.430659 0.706781 0.561243
    outer loop
      vertex 3.33316 0 32.022
      vertex 2.97686 0 31.7486
      vertex 2.40902 -0.99 32.5596
    endloop
  endfacet
  facet normal 0.627521 0.706768 0.326645
    outer loop
      vertex -3.63731 -0.99 33.9
      vertex -4.49467 0 33.405
      vertex -4.70205 0 33.8034
    endloop
  endfacet
  facet normal 0.674701 0.706771 -0.212728
    outer loop
      vertex -4.87701 0 37.7751
      vertex -3.94671 -0.99 37.4365
      vertex -5.01205 0 37.3468
    endloop
  endfacet
  facet normal 0.674703 0.706777 -0.2127
    outer loop
      vertex -4.05689 -0.99 37.087
      vertex -5.01205 0 37.3468
      vertex -3.94671 -0.99 37.4365
    endloop
  endfacet
  facet normal 0.67436 0.706752 -0.213868
    outer loop
      vertex -5.01205 0 37.3468
      vertex -4.05689 -0.99 37.087
      vertex -5.01316 0 37.3433
    endloop
  endfacet
  facet normal 0.56079 0.706793 -0.431228
    outer loop
      vertex -3.21739 -0.99 38.6997
      vertex -3.978 0 39.3332
      vertex -3.97577 0 39.3361
    endloop
  endfacet
  facet normal 0.561257 0.706779 -0.430644
    outer loop
      vertex -3.978 0 39.3332
      vertex -3.21739 -0.99 38.6997
      vertex -3.44044 -0.99 38.409
    endloop
  endfacet
  facet normal 0.561257 0.706779 0.430644
    outer loop
      vertex -3.21739 -0.99 33.3003
      vertex -3.978 0 32.6668
      vertex -3.44044 -0.99 33.591
    endloop
  endfacet
  facet normal 0.56079 0.706793 0.431228
    outer loop
      vertex -3.978 0 32.6668
      vertex -3.21739 -0.99 33.3003
      vertex -3.97577 0 32.6639
    endloop
  endfacet
  facet normal 0.597086 0.706764 -0.379438
    outer loop
      vertex -3.44044 -0.99 38.409
      vertex -4.25337 0 38.9738
      vertex -4.2514 0 38.9769
    endloop
  endfacet
  facet normal 0.59663 0.70678 -0.380125
    outer loop
      vertex -4.25337 0 38.9738
      vertex -3.44044 -0.99 38.409
      vertex -3.63731 -0.99 38.1
    endloop
  endfacet
  facet normal 0.627521 0.706768 -0.326645
    outer loop
      vertex -4.49467 0 38.595
      vertex -3.63731 -0.99 38.1
      vertex -4.70205 0 38.1966
    endloop
  endfacet
  facet normal -0.674701 0.706771 0.212728
    outer loop
      vertex 5.01205 0 34.6532
      vertex 4.87701 0 34.2249
      vertex 3.94671 -0.99 34.5635
    endloop
  endfacet
  facet normal 0.212805 0.706773 -0.674675
    outer loop
      vertex -1.34676 0 41.0121
      vertex -1.43648 -0.99 39.9467
      vertex -1.77508 0 40.877
    endloop
  endfacet
  facet normal 0.701213 0.706795 -0.0934951
    outer loop
      vertex -4.13619 -0.99 36.7293
      vertex -5.11163 0 36.8976
      vertex -5.11115 0 36.9012
    endloop
  endfacet
  facet normal 0.701385 0.706772 -0.0923658
    outer loop
      vertex -5.11163 0 36.8976
      vertex -4.13619 -0.99 36.7293
      vertex -4.18402 -0.99 36.3661
    endloop
  endfacet
  facet normal 0.15311 0.706782 -0.690664
    outer loop
      vertex -0.904811 0 41.1104
      vertex -1.08704 -0.99 40.0569
      vertex -1.34327 0 41.0132
    endloop
  endfacet
  facet normal -0.3801 0.706781 0.596645
    outer loop
      vertex 2.97377 0 31.7466
      vertex 2.595 0 31.5053
      vertex 2.1 -0.99 32.3627
    endloop
  endfacet
  facet normal -0.326693 0.706752 0.627513
    outer loop
      vertex 2.19664 0 31.298
      vertex 1.775 -0.99 32.1935
      vertex 2.1 -0.99 32.3627
    endloop
  endfacet
  facet normal -0.327919 0.706724 0.626905
    outer loop
      vertex 1.775 -0.99 32.1935
      vertex 2.19664 0 31.298
      vertex 2.19339 0 31.2963
    endloop
  endfacet
  facet normal 0.270773 0.70677 0.653573
    outer loop
      vertex -1.43648 -0.99 32.0533
      vertex -1.77508 0 31.123
      vertex -2.19 0 31.2949
    endloop
  endfacet
  facet normal 0.67436 0.706752 0.213868
    outer loop
      vertex -4.05689 -0.99 34.913
      vertex -5.01205 0 34.6532
      vertex -5.01316 0 34.6567
    endloop
  endfacet
  facet normal 0.674703 0.706777 0.2127
    outer loop
      vertex -5.01205 0 34.6532
      vertex -4.05689 -0.99 34.913
      vertex -3.94671 -0.99 34.5635
    endloop
  endfacet
  facet normal -0.701213 0.706795 -0.0934951
    outer loop
      vertex 5.11163 0 36.8976
      vertex 4.13619 -0.99 36.7293
      vertex 5.11115 0 36.9012
    endloop
  endfacet
  facet normal -0.701385 0.706772 -0.0923658
    outer loop
      vertex 4.13619 -0.99 36.7293
      vertex 5.11163 0 36.8976
      vertex 4.18402 -0.99 36.3661
    endloop
  endfacet
  facet normal -0.701385 0.706772 0.0923658
    outer loop
      vertex 5.11163 0 35.1024
      vertex 4.13619 -0.99 35.2707
      vertex 4.18402 -0.99 35.6339
    endloop
  endfacet
  facet normal -0.701213 0.706795 0.0934951
    outer loop
      vertex 4.13619 -0.99 35.2707
      vertex 5.11163 0 35.1024
      vertex 5.11115 0 35.0988
    endloop
  endfacet
  facet normal 0.270701 0.706753 0.653622
    outer loop
      vertex -2.19 0 31.2949
      vertex -1.775 -0.99 32.1935
      vertex -1.43648 -0.99 32.0533
    endloop
  endfacet
  facet normal 0.27005 0.706738 0.653907
    outer loop
      vertex -1.775 -0.99 32.1935
      vertex -2.19 0 31.2949
      vertex -2.19339 0 31.2963
    endloop
  endfacet
  facet normal 0.326693 0.706752 0.627513
    outer loop
      vertex -1.775 -0.99 32.1935
      vertex -2.19664 0 31.298
      vertex -2.1 -0.99 32.3627
    endloop
  endfacet
  facet normal 0.327919 0.706724 0.626905
    outer loop
      vertex -2.19664 0 31.298
      vertex -1.775 -0.99 32.1935
      vertex -2.19339 0 31.2963
    endloop
  endfacet
  facet normal -0.477933 0.706774 0.521584
    outer loop
      vertex 3.66718 0 32.3276
      vertex 3.33607 0 32.0242
      vertex 2.69971 -0.99 32.7826
    endloop
  endfacet
  facet normal 0.701397 0.706765 -0.092333
    outer loop
      vertex -5.11163 0 36.8976
      vertex -4.18402 -0.99 36.3661
      vertex -5.17025 0 36.4523
    endloop
  endfacet
  facet normal 0.380142 0.706792 0.596604
    outer loop
      vertex -2.97377 0 31.7466
      vertex -2.40902 -0.99 32.5596
      vertex -2.1 -0.99 32.3627
    endloop
  endfacet
  facet normal 0.384337 0.706884 0.593801
    outer loop
      vertex -2.40902 -0.99 32.5596
      vertex -2.97377 0 31.7466
      vertex -2.97686 0 31.7486
    endloop
  endfacet
  facet normal 0.0308745 0.70677 -0.70677
    outer loop
      vertex 0 0 41.19
      vertex 0 -0.99 40.2
      vertex -0.448677 0 41.1704
    endloop
  endfacet
  facet normal 0.596668 0.706769 0.380085
    outer loop
      vertex -3.63731 -0.99 33.9
      vertex -4.25337 0 33.0262
      vertex -4.49467 0 33.405
    endloop
  endfacet
  facet normal 0.326566 0.706779 0.627549
    outer loop
      vertex -2.1 -0.99 32.3627
      vertex -2.19664 0 31.298
      vertex -2.595 0 31.5053
    endloop
  endfacet
  facet normal 0.521532 0.706787 0.477971
    outer loop
      vertex -2.96985 -0.99 33.0302
      vertex -3.67236 0 32.3328
      vertex -3.21739 -0.99 33.3003
    endloop
  endfacet
  facet normal 0.52099 0.706802 0.478539
    outer loop
      vertex -3.67236 0 32.3328
      vertex -2.96985 -0.99 33.0302
      vertex -3.66988 0 32.3301
    endloop
  endfacet
  facet normal 0.430659 0.706781 0.561243
    outer loop
      vertex -2.40902 -0.99 32.5596
      vertex -2.97686 0 31.7486
      vertex -3.33316 0 32.022
    endloop
  endfacet
  facet normal -0.67436 0.706752 0.213868
    outer loop
      vertex 5.01205 0 34.6532
      vertex 4.05689 -0.99 34.913
      vertex 5.01316 0 34.6567
    endloop
  endfacet
  facet normal -0.674703 0.706777 0.2127
    outer loop
      vertex 4.05689 -0.99 34.913
      vertex 5.01205 0 34.6532
      vertex 3.94671 -0.99 34.5635
    endloop
  endfacet
  facet normal 0.0308923 0.706773 0.706765
    outer loop
      vertex -0.448677 0 30.8296
      vertex -0.366054 -0.99 31.816
      vertex 0 -0.99 31.8
    endloop
  endfacet
  facet normal 0.0385931 0.706906 0.706254
    outer loop
      vertex -0.366054 -0.99 31.816
      vertex -0.448677 0 30.8296
      vertex -0.452337 0 30.8298
    endloop
  endfacet
  facet normal 0.3801 0.706781 0.596645
    outer loop
      vertex -2.1 -0.99 32.3627
      vertex -2.595 0 31.5053
      vertex -2.97377 0 31.7466
    endloop
  endfacet
  facet normal 0.430659 0.706781 -0.561243
    outer loop
      vertex -2.97686 0 40.2514
      vertex -2.40902 -0.99 39.4404
      vertex -3.33316 0 39.978
    endloop
  endfacet
  facet normal 0.0922943 0.706756 -0.701412
    outer loop
      vertex -0.729321 -0.99 40.1362
      vertex -0.897602 0 41.1116
      vertex -0.366054 -0.99 40.184
    endloop
  endfacet
  facet normal 0.077487 0.706377 -0.703582
    outer loop
      vertex -0.897602 0 41.1116
      vertex -0.729321 -0.99 40.1362
      vertex -0.901234 0 41.1112
    endloop
  endfacet
  facet normal 0.653586 0.70677 0.270741
    outer loop
      vertex -3.80649 -0.99 34.225
      vertex -4.70514 0 33.81
      vertex -3.94671 -0.99 34.5635
    endloop
  endfacet
  facet normal 0.654185 0.70674 0.26937
    outer loop
      vertex -4.70514 0 33.81
      vertex -3.80649 -0.99 34.225
      vertex -4.70374 0 33.8066
    endloop
  endfacet
  facet normal 0.706772 0.706769 0.0308501
    outer loop
      vertex -4.18402 -0.99 35.6339
      vertex -5.17041 0 35.5513
      vertex -4.2 -0.99 36
    endloop
  endfacet
  facet normal 0.706736 0.70678 0.0314105
    outer loop
      vertex -5.17041 0 35.5513
      vertex -4.18402 -0.99 35.6339
      vertex -5.17025 0 35.5477
    endloop
  endfacet
  facet normal -0.706736 0.70678 -0.0314105
    outer loop
      vertex 5.17041 0 36.4487
      vertex 4.18402 -0.99 36.3661
      vertex 5.17025 0 36.4523
    endloop
  endfacet
  facet normal -0.706772 0.706769 -0.0308501
    outer loop
      vertex 4.18402 -0.99 36.3661
      vertex 5.17041 0 36.4487
      vertex 4.2 -0.99 36
    endloop
  endfacet
  facet normal 0.212768 0.706781 0.674678
    outer loop
      vertex -1.08704 -0.99 31.9431
      vertex -1.34676 0 30.9879
      vertex -1.43648 -0.99 32.0533
    endloop
  endfacet
  facet normal 0.212659 0.706783 0.67471
    outer loop
      vertex -1.34676 0 30.9879
      vertex -1.08704 -0.99 31.9431
      vertex -1.34327 0 30.9868
    endloop
  endfacet
  facet normal 0.690673 0.706776 0.153098
    outer loop
      vertex -4.05689 -0.99 34.913
      vertex -5.01316 0 34.6567
      vertex -5.11036 0 35.0952
    endloop
  endfacet
  facet normal 0.380142 0.706792 -0.596604
    outer loop
      vertex -2.40902 -0.99 39.4404
      vertex -2.97377 0 40.2534
      vertex -2.1 -0.99 39.6373
    endloop
  endfacet
  facet normal 0.384337 0.706884 -0.593801
    outer loop
      vertex -2.97377 0 40.2534
      vertex -2.40902 -0.99 39.4404
      vertex -2.97686 0 40.2514
    endloop
  endfacet
  facet normal 0.430602 0.706764 -0.561308
    outer loop
      vertex -2.69971 -0.99 39.2174
      vertex -3.33316 0 39.978
      vertex -2.40902 -0.99 39.4404
    endloop
  endfacet
  facet normal 0.426704 0.706655 -0.564413
    outer loop
      vertex -3.33316 0 39.978
      vertex -2.69971 -0.99 39.2174
      vertex -3.33607 0 39.9758
    endloop
  endfacet
  facet normal 0.59663 0.70678 0.380125
    outer loop
      vertex -3.44044 -0.99 33.591
      vertex -4.25337 0 33.0262
      vertex -3.63731 -0.99 33.9
    endloop
  endfacet
  facet normal 0.597086 0.706764 0.379438
    outer loop
      vertex -4.25337 0 33.0262
      vertex -3.44044 -0.99 33.591
      vertex -4.2514 0 33.0231
    endloop
  endfacet
  facet normal 0.561241 0.706783 0.430658
    outer loop
      vertex -3.44044 -0.99 33.591
      vertex -3.978 0 32.6668
      vertex -4.2514 0 33.0231
    endloop
  endfacet
  facet normal -0.999048 0 0.0436175
    outer loop
      vertex 5.57869 -16.2 35.5119
      vertex 5.6 -13.8 36
      vertex 5.57869 -13.8 35.5119
    endloop
  endfacet
  facet normal -0.999048 0 0.0436175
    outer loop
      vertex 5.6 -13.8 36
      vertex 5.57869 -16.2 35.5119
      vertex 5.6 -16.2 36
    endloop
  endfacet
  facet normal -0.991442 0 -0.130548
    outer loop
      vertex 5.57869 -16.2 36.4881
      vertex 5.51492 -13.8 36.9724
      vertex 5.57869 -13.8 36.4881
    endloop
  endfacet
  facet normal -0.991442 -0 -0.130548
    outer loop
      vertex 5.51492 -13.8 36.9724
      vertex 5.57869 -16.2 36.4881
      vertex 5.51492 -16.2 36.9724
    endloop
  endfacet
  facet normal -0.999048 0 -0.0436175
    outer loop
      vertex 5.6 -16.2 36
      vertex 5.57869 -13.8 36.4881
      vertex 5.6 -13.8 36
    endloop
  endfacet
  facet normal -0.999048 -0 -0.0436175
    outer loop
      vertex 5.57869 -13.8 36.4881
      vertex 5.6 -16.2 36
      vertex 5.57869 -16.2 36.4881
    endloop
  endfacet
  facet normal -0.9763 0 -0.216423
    outer loop
      vertex 5.51492 -16.2 36.9724
      vertex 5.40918 -13.8 37.4494
      vertex 5.51492 -13.8 36.9724
    endloop
  endfacet
  facet normal -0.9763 -0 -0.216423
    outer loop
      vertex 5.40918 -13.8 37.4494
      vertex 5.51492 -16.2 36.9724
      vertex 5.40918 -16.2 37.4494
    endloop
  endfacet
  facet normal 0.130593 0 -0.991436
    outer loop
      vertex -0.972429 -16.2 41.5149
      vertex -0.488071 -13.8 41.5787
      vertex -0.488071 -16.2 41.5787
    endloop
  endfacet
  facet normal 0.130593 0 -0.991436
    outer loop
      vertex -0.488071 -13.8 41.5787
      vertex -0.972429 -16.2 41.5149
      vertex -0.972429 -13.8 41.5149
    endloop
  endfacet
  facet normal 0.953716 -0 0.30071
    outer loop
      vertex -5.40918 -16.2 34.5506
      vertex -5.26228 -13.8 34.0847
      vertex -5.40918 -13.8 34.5506
    endloop
  endfacet
  facet normal 0.953716 0 0.30071
    outer loop
      vertex -5.26228 -13.8 34.0847
      vertex -5.40918 -16.2 34.5506
      vertex -5.26228 -16.2 34.0847
    endloop
  endfacet
  facet normal -0.382762 0 0.923847
    outer loop
      vertex 1.91531 -13.8 30.7377
      vertex 2.36666 -16.2 30.9247
      vertex 2.36666 -13.8 30.9247
    endloop
  endfacet
  facet normal -0.382762 0 0.923847
    outer loop
      vertex 2.36666 -16.2 30.9247
      vertex 1.91531 -13.8 30.7377
      vertex 1.91531 -16.2 30.7377
    endloop
  endfacet
  facet normal -0.130593 0 -0.991436
    outer loop
      vertex 0.488071 -16.2 41.5787
      vertex 0.972429 -13.8 41.5149
      vertex 0.972429 -16.2 41.5149
    endloop
  endfacet
  facet normal -0.130593 0 -0.991436
    outer loop
      vertex 0.972429 -13.8 41.5149
      vertex 0.488071 -16.2 41.5787
      vertex 0.488071 -13.8 41.5787
    endloop
  endfacet
  facet normal -0.216362 0 0.976313
    outer loop
      vertex 0.972429 -13.8 30.4851
      vertex 1.44939 -16.2 30.5908
      vertex 1.44939 -13.8 30.5908
    endloop
  endfacet
  facet normal -0.216362 0 0.976313
    outer loop
      vertex 1.44939 -16.2 30.5908
      vertex 0.972429 -13.8 30.4851
      vertex 0.972429 -16.2 30.4851
    endloop
  endfacet
  facet normal 0.675531 0 0.737332
    outer loop
      vertex -3.9598 -13.8 32.0402
      vertex -3.59961 -16.2 31.7102
      vertex -3.59961 -13.8 31.7102
    endloop
  endfacet
  facet normal 0.675531 0 0.737332
    outer loop
      vertex -3.59961 -16.2 31.7102
      vertex -3.9598 -13.8 32.0402
      vertex -3.9598 -16.2 32.0402
    endloop
  endfacet
  facet normal 0.793369 -0 0.608741
    outer loop
      vertex -4.58725 -16.2 32.788
      vertex -4.28985 -13.8 32.4004
      vertex -4.58725 -13.8 32.788
    endloop
  endfacet
  facet normal 0.793369 0 0.608741
    outer loop
      vertex -4.28985 -13.8 32.4004
      vertex -4.58725 -16.2 32.788
      vertex -4.28985 -16.2 32.4004
    endloop
  endfacet
  facet normal 0.461777 0 -0.886996
    outer loop
      vertex -2.8 -16.2 40.8497
      vertex -2.36666 -13.8 41.0753
      vertex -2.36666 -16.2 41.0753
    endloop
  endfacet
  facet normal 0.461777 0 -0.886996
    outer loop
      vertex -2.36666 -13.8 41.0753
      vertex -2.8 -16.2 40.8497
      vertex -2.8 -13.8 40.8497
    endloop
  endfacet
  facet normal -0.130593 0 0.991436
    outer loop
      vertex 0.488071 -13.8 30.4213
      vertex 0.972429 -16.2 30.4851
      vertex 0.972429 -13.8 30.4851
    endloop
  endfacet
  facet normal -0.130593 0 0.991436
    outer loop
      vertex 0.972429 -16.2 30.4851
      vertex 0.488071 -13.8 30.4213
      vertex 0.488071 -16.2 30.4213
    endloop
  endfacet
  facet normal 0.886995 -0 0.461778
    outer loop
      vertex -5.07532 -16.2 33.6333
      vertex -4.84974 -13.8 33.2
      vertex -5.07532 -13.8 33.6333
    endloop
  endfacet
  facet normal 0.886995 0 0.461778
    outer loop
      vertex -4.84974 -13.8 33.2
      vertex -5.07532 -16.2 33.6333
      vertex -4.84974 -16.2 33.2
    endloop
  endfacet
  facet normal -0.537311 0 -0.843384
    outer loop
      vertex 2.8 -16.2 40.8497
      vertex 3.21203 -13.8 40.5872
      vertex 3.21203 -16.2 40.5872
    endloop
  endfacet
  facet normal -0.537311 0 -0.843384
    outer loop
      vertex 3.21203 -13.8 40.5872
      vertex 2.8 -16.2 40.8497
      vertex 2.8 -13.8 40.8497
    endloop
  endfacet
  facet normal -0.923891 0 -0.382655
    outer loop
      vertex 5.26228 -16.2 37.9153
      vertex 5.07532 -13.8 38.3667
      vertex 5.26228 -13.8 37.9153
    endloop
  endfacet
  facet normal -0.923891 -0 -0.382655
    outer loop
      vertex 5.07532 -13.8 38.3667
      vertex 5.26228 -16.2 37.9153
      vertex 5.07532 -16.2 38.3667
    endloop
  endfacet
  facet normal -0.73729 0 0.675576
    outer loop
      vertex 3.9598 -16.2 32.0402
      vertex 4.28985 -13.8 32.4004
      vertex 3.9598 -13.8 32.0402
    endloop
  endfacet
  facet normal -0.73729 0 0.675576
    outer loop
      vertex 4.28985 -13.8 32.4004
      vertex 3.9598 -16.2 32.0402
      vertex 4.28985 -16.2 32.4004
    endloop
  endfacet
  facet normal 0 -1 0
    outer loop
      vertex 0 -13.8 40.2
      vertex 0 -13.8 41.6
      vertex -0.488071 -13.8 41.5787
    endloop
  endfacet
  facet normal 0 -1 0
    outer loop
      vertex -0.366054 -13.8 40.184
      vertex -0.488071 -13.8 41.5787
      vertex -0.972429 -13.8 41.5149
    endloop
  endfacet
  facet normal 0 -1 0
    outer loop
      vertex 0 -13.8 41.6
      vertex 0 -13.8 40.2
      vertex 0.488071 -13.8 41.5787
    endloop
  endfacet
  facet normal 0 -1 0
    outer loop
      vertex -0.729321 -13.8 40.1362
      vertex -0.972429 -13.8 41.5149
      vertex -1.44939 -13.8 41.4092
    endloop
  endfacet
  facet normal 0 -1 0
    outer loop
      vertex 0.366054 -13.8 40.184
      vertex 0.488071 -13.8 41.5787
      vertex 0 -13.8 40.2
    endloop
  endfacet
  facet normal 0 -1 0
    outer loop
      vertex -1.08704 -13.8 40.0569
      vertex -1.44939 -13.8 41.4092
      vertex -1.91531 -13.8 41.2623
    endloop
  endfacet
  facet normal 0 -1 -0
    outer loop
      vertex 0.488071 -13.8 41.5787
      vertex 0.366054 -13.8 40.184
      vertex 0.972429 -13.8 41.5149
    endloop
  endfacet
  facet normal 0 -1 0
    outer loop
      vertex -1.43648 -13.8 39.9467
      vertex -1.91531 -13.8 41.2623
      vertex -2.36666 -13.8 41.0753
    endloop
  endfacet
  facet normal 0 -1 0
    outer loop
      vertex 0.729321 -13.8 40.1362
      vertex 0.972429 -13.8 41.5149
      vertex 0.366054 -13.8 40.184
    endloop
  endfacet
  facet normal 0 -1 0
    outer loop
      vertex -1.775 -13.8 39.8065
      vertex -2.36666 -13.8 41.0753
      vertex -2.8 -13.8 40.8497
    endloop
  endfacet
  facet normal 0 -1 -0
    outer loop
      vertex 0.972429 -13.8 41.5149
      vertex 0.729321 -13.8 40.1362
      vertex 1.44939 -13.8 41.4092
    endloop
  endfacet
  facet normal 0 -1 0
    outer loop
      vertex -2.1 -13.8 39.6373
      vertex -2.8 -13.8 40.8497
      vertex -3.21203 -13.8 40.5872
    endloop
  endfacet
  facet normal 0 -1 0
    outer loop
      vertex 1.08704 -13.8 40.0569
      vertex 1.44939 -13.8 41.4092
      vertex 0.729321 -13.8 40.1362
    endloop
  endfacet
  facet normal 0 -1 0
    outer loop
      vertex -2.40902 -13.8 39.4404
      vertex -3.21203 -13.8 40.5872
      vertex -3.59961 -13.8 40.2898
    endloop
  endfacet
  facet normal 0 -1 -0
    outer loop
      vertex 1.44939 -13.8 41.4092
      vertex 1.08704 -13.8 40.0569
      vertex 1.91531 -13.8 41.2623
    endloop
  endfacet
  facet normal 0 -1 0
    outer loop
      vertex 1.43648 -13.8 39.9467
      vertex 1.91531 -13.8 41.2623
      vertex 1.08704 -13.8 40.0569
    endloop
  endfacet
  facet normal 0 -1 0
    outer loop
      vertex -0.488071 -13.8 41.5787
      vertex -0.366054 -13.8 40.184
      vertex 0 -13.8 40.2
    endloop
  endfacet
  facet normal 0 -1 0
    outer loop
      vertex -0.972429 -13.8 41.5149
      vertex -0.729321 -13.8 40.1362
      vertex -0.366054 -13.8 40.184
    endloop
  endfacet
  facet normal 0 -1 0
    outer loop
      vertex -1.44939 -13.8 41.4092
      vertex -1.08704 -13.8 40.0569
      vertex -0.729321 -13.8 40.1362
    endloop
  endfacet
  facet normal 0 -1 0
    outer loop
      vertex -2.69971 -13.8 39.2174
      vertex -3.59961 -13.8 40.2898
      vertex -3.9598 -13.8 39.9598
    endloop
  endfacet
  facet normal 0 -1 0
    outer loop
      vertex -1.91531 -13.8 41.2623
      vertex -1.43648 -13.8 39.9467
      vertex -1.08704 -13.8 40.0569
    endloop
  endfacet
  facet normal 0 -1 0
    outer loop
      vertex -2.36666 -13.8 41.0753
      vertex -1.775 -13.8 39.8065
      vertex -1.43648 -13.8 39.9467
    endloop
  endfacet
  facet normal 0 -1 0
    outer loop
      vertex -2.8 -13.8 40.8497
      vertex -2.1 -13.8 39.6373
      vertex -1.775 -13.8 39.8065
    endloop
  endfacet
  facet normal 0 -1 0
    outer loop
      vertex -2.96985 -13.8 38.9698
      vertex -3.9598 -13.8 39.9598
      vertex -4.28985 -13.8 39.5996
    endloop
  endfacet
  facet normal 0 -1 0
    outer loop
      vertex -3.21203 -13.8 40.5872
      vertex -2.40902 -13.8 39.4404
      vertex -2.1 -13.8 39.6373
    endloop
  endfacet
  facet normal 0 -1 0
    outer loop
      vertex -3.59961 -13.8 40.2898
      vertex -2.69971 -13.8 39.2174
      vertex -2.40902 -13.8 39.4404
    endloop
  endfacet
  facet normal 0 -1 0
    outer loop
      vertex -3.21739 -13.8 38.6997
      vertex -4.28985 -13.8 39.5996
      vertex -4.58725 -13.8 39.212
    endloop
  endfacet
  facet normal 0 -1 0
    outer loop
      vertex -3.9598 -13.8 39.9598
      vertex -2.96985 -13.8 38.9698
      vertex -2.69971 -13.8 39.2174
    endloop
  endfacet
  facet normal 0 -1 0
    outer loop
      vertex -3.44044 -13.8 38.409
      vertex -4.58725 -13.8 39.212
      vertex -4.84974 -13.8 38.8
    endloop
  endfacet
  facet normal 0 -1 0
    outer loop
      vertex -4.28985 -13.8 39.5996
      vertex -3.21739 -13.8 38.6997
      vertex -2.96985 -13.8 38.9698
    endloop
  endfacet
  facet normal 0 -1 0
    outer loop
      vertex -4.58725 -13.8 39.212
      vertex -3.44044 -13.8 38.409
      vertex -3.21739 -13.8 38.6997
    endloop
  endfacet
  facet normal 0 -1 0
    outer loop
      vertex -3.63731 -13.8 38.1
      vertex -4.84974 -13.8 38.8
      vertex -5.07532 -13.8 38.3667
    endloop
  endfacet
  facet normal 0 -1 0
    outer loop
      vertex -4.84974 -13.8 38.8
      vertex -3.63731 -13.8 38.1
      vertex -3.44044 -13.8 38.409
    endloop
  endfacet
  facet normal 0 -1 0
    outer loop
      vertex -3.80649 -13.8 37.775
      vertex -5.07532 -13.8 38.3667
      vertex -5.26228 -13.8 37.9153
    endloop
  endfacet
  facet normal 0 -1 0
    outer loop
      vertex -5.07532 -13.8 38.3667
      vertex -3.80649 -13.8 37.775
      vertex -3.63731 -13.8 38.1
    endloop
  endfacet
  facet normal 0 -1 0
    outer loop
      vertex -3.94671 -13.8 37.4365
      vertex -5.26228 -13.8 37.9153
      vertex -5.40918 -13.8 37.4494
    endloop
  endfacet
  facet normal 0 -1 0
    outer loop
      vertex -5.26228 -13.8 37.9153
      vertex -3.94671 -13.8 37.4365
      vertex -3.80649 -13.8 37.775
    endloop
  endfacet
  facet normal 0 -1 0
    outer loop
      vertex -5.40918 -13.8 37.4494
      vertex -4.05689 -13.8 37.087
      vertex -3.94671 -13.8 37.4365
    endloop
  endfacet
  facet normal 0 -1 0
    outer loop
      vertex -5.51492 -13.8 36.9724
      vertex -4.05689 -13.8 37.087
      vertex -5.40918 -13.8 37.4494
    endloop
  endfacet
  facet normal 0 -1 0
    outer loop
      vertex -5.51492 -13.8 36.9724
      vertex -4.13619 -13.8 36.7293
      vertex -4.05689 -13.8 37.087
    endloop
  endfacet
  facet normal 0 -1 0
    outer loop
      vertex -5.57869 -13.8 36.4881
      vertex -4.13619 -13.8 36.7293
      vertex -5.51492 -13.8 36.9724
    endloop
  endfacet
  facet normal 0 -1 0
    outer loop
      vertex -5.57869 -13.8 36.4881
      vertex -4.18402 -13.8 36.3661
      vertex -4.13619 -13.8 36.7293
    endloop
  endfacet
  facet normal 0 -1 0
    outer loop
      vertex -5.6 -13.8 36
      vertex -4.18402 -13.8 36.3661
      vertex -5.57869 -13.8 36.4881
    endloop
  endfacet
  facet normal 0 -1 0
    outer loop
      vertex -5.6 -13.8 36
      vertex -4.2 -13.8 36
      vertex -4.18402 -13.8 36.3661
    endloop
  endfacet
  facet normal 0 -1 0
    outer loop
      vertex -5.6 -13.8 36
      vertex -4.18402 -13.8 35.6339
      vertex -4.2 -13.8 36
    endloop
  endfacet
  facet normal 0 -1 0
    outer loop
      vertex -5.57869 -13.8 35.5119
      vertex -4.18402 -13.8 35.6339
      vertex -5.6 -13.8 36
    endloop
  endfacet
  facet normal 0 -1 0
    outer loop
      vertex -5.57869 -13.8 35.5119
      vertex -4.13619 -13.8 35.2707
      vertex -4.18402 -13.8 35.6339
    endloop
  endfacet
  facet normal 0 -1 0
    outer loop
      vertex -5.51492 -13.8 35.0276
      vertex -4.13619 -13.8 35.2707
      vertex -5.57869 -13.8 35.5119
    endloop
  endfacet
  facet normal 0 -1 0
    outer loop
      vertex -5.51492 -13.8 35.0276
      vertex -4.05689 -13.8 34.913
      vertex -4.13619 -13.8 35.2707
    endloop
  endfacet
  facet normal 0 -1 0
    outer loop
      vertex -5.40918 -13.8 34.5506
      vertex -4.05689 -13.8 34.913
      vertex -5.51492 -13.8 35.0276
    endloop
  endfacet
  facet normal 0 -1 -0
    outer loop
      vertex -4.05689 -13.8 34.913
      vertex -5.40918 -13.8 34.5506
      vertex -3.94671 -13.8 34.5635
    endloop
  endfacet
  facet normal 0 -1 0
    outer loop
      vertex -5.26228 -13.8 34.0847
      vertex -3.94671 -13.8 34.5635
      vertex -5.40918 -13.8 34.5506
    endloop
  endfacet
  facet normal 0 -1 -0
    outer loop
      vertex -3.94671 -13.8 34.5635
      vertex -5.26228 -13.8 34.0847
      vertex -3.80649 -13.8 34.225
    endloop
  endfacet
  facet normal 0 -1 0
    outer loop
      vertex -5.07532 -13.8 33.6333
      vertex -3.80649 -13.8 34.225
      vertex -5.26228 -13.8 34.0847
    endloop
  endfacet
  facet normal 0 -1 -0
    outer loop
      vertex -3.80649 -13.8 34.225
      vertex -5.07532 -13.8 33.6333
      vertex -3.63731 -13.8 33.9
    endloop
  endfacet
  facet normal 0 -1 0
    outer loop
      vertex -4.84974 -13.8 33.2
      vertex -3.63731 -13.8 33.9
      vertex -5.07532 -13.8 33.6333
    endloop
  endfacet
  facet normal 0 -1 -0
    outer loop
      vertex -3.63731 -13.8 33.9
      vertex -4.84974 -13.8 33.2
      vertex -3.44044 -13.8 33.591
    endloop
  endfacet
  facet normal 0 -1 0
    outer loop
      vertex -4.58725 -13.8 32.788
      vertex -3.44044 -13.8 33.591
      vertex -4.84974 -13.8 33.2
    endloop
  endfacet
  facet normal 0 -1 -0
    outer loop
      vertex -3.44044 -13.8 33.591
      vertex -4.58725 -13.8 32.788
      vertex -3.21739 -13.8 33.3003
    endloop
  endfacet
  facet normal 0 -1 0
    outer loop
      vertex -4.28985 -13.8 32.4004
      vertex -3.21739 -13.8 33.3003
      vertex -4.58725 -13.8 32.788
    endloop
  endfacet
  facet normal 0 -1 -0
    outer loop
      vertex -3.21739 -13.8 33.3003
      vertex -4.28985 -13.8 32.4004
      vertex -2.96985 -13.8 33.0302
    endloop
  endfacet
  facet normal 0 -1 0
    outer loop
      vertex -3.9598 -13.8 32.0402
      vertex -2.96985 -13.8 33.0302
      vertex -4.28985 -13.8 32.4004
    endloop
  endfacet
  facet normal 0 -1 -0
    outer loop
      vertex -2.96985 -13.8 33.0302
      vertex -3.9598 -13.8 32.0402
      vertex -2.69971 -13.8 32.7826
    endloop
  endfacet
  facet normal 0 -1 0
    outer loop
      vertex -3.59961 -13.8 31.7102
      vertex -2.69971 -13.8 32.7826
      vertex -3.9598 -13.8 32.0402
    endloop
  endfacet
  facet normal 0 -1 -0
    outer loop
      vertex -2.69971 -13.8 32.7826
      vertex -3.59961 -13.8 31.7102
      vertex -2.40902 -13.8 32.5596
    endloop
  endfacet
  facet normal 0 -1 0
    outer loop
      vertex -3.21203 -13.8 31.4128
      vertex -2.40902 -13.8 32.5596
      vertex -3.59961 -13.8 31.7102
    endloop
  endfacet
  facet normal 0 -1 -0
    outer loop
      vertex -2.40902 -13.8 32.5596
      vertex -3.21203 -13.8 31.4128
      vertex -2.1 -13.8 32.3627
    endloop
  endfacet
  facet normal 0 -1 0
    outer loop
      vertex -2.8 -13.8 31.1503
      vertex -2.1 -13.8 32.3627
      vertex -3.21203 -13.8 31.4128
    endloop
  endfacet
  facet normal 0 -1 -0
    outer loop
      vertex -2.1 -13.8 32.3627
      vertex -2.8 -13.8 31.1503
      vertex -1.775 -13.8 32.1935
    endloop
  endfacet
  facet normal 0 -1 0
    outer loop
      vertex -2.36666 -13.8 30.9247
      vertex -1.775 -13.8 32.1935
      vertex -2.8 -13.8 31.1503
    endloop
  endfacet
  facet normal 0 -1 0
    outer loop
      vertex -1.91531 -13.8 30.7377
      vertex -1.43648 -13.8 32.0533
      vertex -2.36666 -13.8 30.9247
    endloop
  endfacet
  facet normal 0 -1 -0
    outer loop
      vertex -1.775 -13.8 32.1935
      vertex -2.36666 -13.8 30.9247
      vertex -1.43648 -13.8 32.0533
    endloop
  endfacet
  facet normal 0 -1 -0
    outer loop
      vertex 1.91531 -13.8 41.2623
      vertex 1.43648 -13.8 39.9467
      vertex 2.36666 -13.8 41.0753
    endloop
  endfacet
  facet normal 0 -1 0
    outer loop
      vertex 1.775 -13.8 39.8065
      vertex 2.36666 -13.8 41.0753
      vertex 1.43648 -13.8 39.9467
    endloop
  endfacet
  facet normal 0 -1 -0
    outer loop
      vertex 2.36666 -13.8 41.0753
      vertex 1.775 -13.8 39.8065
      vertex 2.8 -13.8 40.8497
    endloop
  endfacet
  facet normal 0 -1 0
    outer loop
      vertex 2.1 -13.8 39.6373
      vertex 2.8 -13.8 40.8497
      vertex 1.775 -13.8 39.8065
    endloop
  endfacet
  facet normal 0 -1 -0
    outer loop
      vertex 2.8 -13.8 40.8497
      vertex 2.1 -13.8 39.6373
      vertex 3.21203 -13.8 40.5872
    endloop
  endfacet
  facet normal 0 -1 0
    outer loop
      vertex 2.40902 -13.8 39.4404
      vertex 3.21203 -13.8 40.5872
      vertex 2.1 -13.8 39.6373
    endloop
  endfacet
  facet normal 0 -1 -0
    outer loop
      vertex 3.21203 -13.8 40.5872
      vertex 2.40902 -13.8 39.4404
      vertex 3.59961 -13.8 40.2898
    endloop
  endfacet
  facet normal 0 -1 0
    outer loop
      vertex 2.69971 -13.8 39.2174
      vertex 3.59961 -13.8 40.2898
      vertex 2.40902 -13.8 39.4404
    endloop
  endfacet
  facet normal 0 -1 -0
    outer loop
      vertex 3.59961 -13.8 40.2898
      vertex 2.69971 -13.8 39.2174
      vertex 3.9598 -13.8 39.9598
    endloop
  endfacet
  facet normal 0 -1 0
    outer loop
      vertex 2.96985 -13.8 38.9698
      vertex 3.9598 -13.8 39.9598
      vertex 2.69971 -13.8 39.2174
    endloop
  endfacet
  facet normal 0 -1 -0
    outer loop
      vertex 3.9598 -13.8 39.9598
      vertex 2.96985 -13.8 38.9698
      vertex 4.28985 -13.8 39.5996
    endloop
  endfacet
  facet normal 0 -1 0
    outer loop
      vertex 3.21739 -13.8 38.6997
      vertex 4.28985 -13.8 39.5996
      vertex 2.96985 -13.8 38.9698
    endloop
  endfacet
  facet normal 0 -1 -0
    outer loop
      vertex 4.28985 -13.8 39.5996
      vertex 3.21739 -13.8 38.6997
      vertex 4.58725 -13.8 39.212
    endloop
  endfacet
  facet normal 0 -1 0
    outer loop
      vertex 3.44044 -13.8 38.409
      vertex 4.58725 -13.8 39.212
      vertex 3.21739 -13.8 38.6997
    endloop
  endfacet
  facet normal 0 -1 -0
    outer loop
      vertex 4.58725 -13.8 39.212
      vertex 3.44044 -13.8 38.409
      vertex 4.84974 -13.8 38.8
    endloop
  endfacet
  facet normal 0 -1 0
    outer loop
      vertex 3.63731 -13.8 38.1
      vertex 4.84974 -13.8 38.8
      vertex 3.44044 -13.8 38.409
    endloop
  endfacet
  facet normal 0 -1 -0
    outer loop
      vertex 4.84974 -13.8 38.8
      vertex 3.63731 -13.8 38.1
      vertex 5.07532 -13.8 38.3667
    endloop
  endfacet
  facet normal 0 -1 0
    outer loop
      vertex 3.80649 -13.8 37.775
      vertex 5.07532 -13.8 38.3667
      vertex 3.63731 -13.8 38.1
    endloop
  endfacet
  facet normal 0 -1 -0
    outer loop
      vertex 5.07532 -13.8 38.3667
      vertex 3.80649 -13.8 37.775
      vertex 5.26228 -13.8 37.9153
    endloop
  endfacet
  facet normal 0 -1 0
    outer loop
      vertex 3.94671 -13.8 37.4365
      vertex 5.26228 -13.8 37.9153
      vertex 3.80649 -13.8 37.775
    endloop
  endfacet
  facet normal 0 -1 -0
    outer loop
      vertex 5.26228 -13.8 37.9153
      vertex 3.94671 -13.8 37.4365
      vertex 5.40918 -13.8 37.4494
    endloop
  endfacet
  facet normal 0 -1 0
    outer loop
      vertex 4.05689 -13.8 37.087
      vertex 5.40918 -13.8 37.4494
      vertex 3.94671 -13.8 37.4365
    endloop
  endfacet
  facet normal 0 -1 0
    outer loop
      vertex 4.05689 -13.8 37.087
      vertex 5.51492 -13.8 36.9724
      vertex 5.40918 -13.8 37.4494
    endloop
  endfacet
  facet normal 0 -1 0
    outer loop
      vertex 4.13619 -13.8 36.7293
      vertex 5.51492 -13.8 36.9724
      vertex 4.05689 -13.8 37.087
    endloop
  endfacet
  facet normal 0 -1 0
    outer loop
      vertex 4.13619 -13.8 36.7293
      vertex 5.57869 -13.8 36.4881
      vertex 5.51492 -13.8 36.9724
    endloop
  endfacet
  facet normal 0 -1 0
    outer loop
      vertex 4.18402 -13.8 36.3661
      vertex 5.57869 -13.8 36.4881
      vertex 4.13619 -13.8 36.7293
    endloop
  endfacet
  facet normal 0 -1 0
    outer loop
      vertex 4.2 -13.8 36
      vertex 5.57869 -13.8 36.4881
      vertex 4.18402 -13.8 36.3661
    endloop
  endfacet
  facet normal 0 -1 0
    outer loop
      vertex 4.2 -13.8 36
      vertex 5.6 -13.8 36
      vertex 5.57869 -13.8 36.4881
    endloop
  endfacet
  facet normal 0 -1 0
    outer loop
      vertex 4.18402 -13.8 35.6339
      vertex 5.6 -13.8 36
      vertex 4.2 -13.8 36
    endloop
  endfacet
  facet normal 0 -1 0
    outer loop
      vertex 4.18402 -13.8 35.6339
      vertex 5.57869 -13.8 35.5119
      vertex 5.6 -13.8 36
    endloop
  endfacet
  facet normal 0 -1 0
    outer loop
      vertex 4.13619 -13.8 35.2707
      vertex 5.57869 -13.8 35.5119
      vertex 4.18402 -13.8 35.6339
    endloop
  endfacet
  facet normal 0 -1 0
    outer loop
      vertex 4.13619 -13.8 35.2707
      vertex 5.51492 -13.8 35.0276
      vertex 5.57869 -13.8 35.5119
    endloop
  endfacet
  facet normal 0 -1 0
    outer loop
      vertex 4.05689 -13.8 34.913
      vertex 5.51492 -13.8 35.0276
      vertex 4.13619 -13.8 35.2707
    endloop
  endfacet
  facet normal 0 -1 0
    outer loop
      vertex 5.40918 -13.8 34.5506
      vertex 4.05689 -13.8 34.913
      vertex 3.94671 -13.8 34.5635
    endloop
  endfacet
  facet normal 0 -1 0
    outer loop
      vertex 4.05689 -13.8 34.913
      vertex 5.40918 -13.8 34.5506
      vertex 5.51492 -13.8 35.0276
    endloop
  endfacet
  facet normal 0 -1 0
    outer loop
      vertex 5.26228 -13.8 34.0847
      vertex 3.94671 -13.8 34.5635
      vertex 3.80649 -13.8 34.225
    endloop
  endfacet
  facet normal 0 -1 0
    outer loop
      vertex 3.94671 -13.8 34.5635
      vertex 5.26228 -13.8 34.0847
      vertex 5.40918 -13.8 34.5506
    endloop
  endfacet
  facet normal 0 -1 0
    outer loop
      vertex 5.07532 -13.8 33.6333
      vertex 3.80649 -13.8 34.225
      vertex 3.63731 -13.8 33.9
    endloop
  endfacet
  facet normal 0 -1 0
    outer loop
      vertex 3.80649 -13.8 34.225
      vertex 5.07532 -13.8 33.6333
      vertex 5.26228 -13.8 34.0847
    endloop
  endfacet
  facet normal 0 -1 0
    outer loop
      vertex 4.84974 -13.8 33.2
      vertex 3.63731 -13.8 33.9
      vertex 3.44044 -13.8 33.591
    endloop
  endfacet
  facet normal 0 -1 0
    outer loop
      vertex 4.58725 -13.8 32.788
      vertex 3.44044 -13.8 33.591
      vertex 3.21739 -13.8 33.3003
    endloop
  endfacet
  facet normal 0 -1 0
    outer loop
      vertex 3.63731 -13.8 33.9
      vertex 4.84974 -13.8 33.2
      vertex 5.07532 -13.8 33.6333
    endloop
  endfacet
  facet normal 0 -1 0
    outer loop
      vertex 4.28985 -13.8 32.4004
      vertex 3.21739 -13.8 33.3003
      vertex 2.96985 -13.8 33.0302
    endloop
  endfacet
  facet normal 0 -1 0
    outer loop
      vertex 3.44044 -13.8 33.591
      vertex 4.58725 -13.8 32.788
      vertex 4.84974 -13.8 33.2
    endloop
  endfacet
  facet normal 0 -1 0
    outer loop
      vertex 3.9598 -13.8 32.0402
      vertex 2.96985 -13.8 33.0302
      vertex 2.69971 -13.8 32.7826
    endloop
  endfacet
  facet normal 0 -1 0
    outer loop
      vertex 3.59961 -13.8 31.7102
      vertex 2.69971 -13.8 32.7826
      vertex 2.40902 -13.8 32.5596
    endloop
  endfacet
  facet normal 0 -1 0
    outer loop
      vertex 3.21739 -13.8 33.3003
      vertex 4.28985 -13.8 32.4004
      vertex 4.58725 -13.8 32.788
    endloop
  endfacet
  facet normal 0 -1 0
    outer loop
      vertex 3.21203 -13.8 31.4128
      vertex 2.40902 -13.8 32.5596
      vertex 2.1 -13.8 32.3627
    endloop
  endfacet
  facet normal 0 -1 0
    outer loop
      vertex 2.8 -13.8 31.1503
      vertex 2.1 -13.8 32.3627
      vertex 1.775 -13.8 32.1935
    endloop
  endfacet
  facet normal 0 -1 0
    outer loop
      vertex 2.36666 -13.8 30.9247
      vertex 1.775 -13.8 32.1935
      vertex 1.43648 -13.8 32.0533
    endloop
  endfacet
  facet normal 0 -1 0
    outer loop
      vertex 2.96985 -13.8 33.0302
      vertex 3.9598 -13.8 32.0402
      vertex 4.28985 -13.8 32.4004
    endloop
  endfacet
  facet normal 0 -1 0
    outer loop
      vertex 1.91531 -13.8 30.7377
      vertex 1.43648 -13.8 32.0533
      vertex 1.08704 -13.8 31.9431
    endloop
  endfacet
  facet normal 0 -1 0
    outer loop
      vertex 1.44939 -13.8 30.5908
      vertex 1.08704 -13.8 31.9431
      vertex 0.729321 -13.8 31.8638
    endloop
  endfacet
  facet normal 0 -1 0
    outer loop
      vertex 0.972429 -13.8 30.4851
      vertex 0.729321 -13.8 31.8638
      vertex 0.366054 -13.8 31.816
    endloop
  endfacet
  facet normal 0 -1 0
    outer loop
      vertex 2.69971 -13.8 32.7826
      vertex 3.59961 -13.8 31.7102
      vertex 3.9598 -13.8 32.0402
    endloop
  endfacet
  facet normal 0 -1 0
    outer loop
      vertex 0.488071 -13.8 30.4213
      vertex 0.366054 -13.8 31.816
      vertex 0 -13.8 31.8
    endloop
  endfacet
  facet normal 0 -1 -0
    outer loop
      vertex -1.43648 -13.8 32.0533
      vertex -1.91531 -13.8 30.7377
      vertex -1.08704 -13.8 31.9431
    endloop
  endfacet
  facet normal 0 -1 0
    outer loop
      vertex -1.44939 -13.8 30.5908
      vertex -1.08704 -13.8 31.9431
      vertex -1.91531 -13.8 30.7377
    endloop
  endfacet
  facet normal 0 -1 0
    outer loop
      vertex 2.40902 -13.8 32.5596
      vertex 3.21203 -13.8 31.4128
      vertex 3.59961 -13.8 31.7102
    endloop
  endfacet
  facet normal 0 -1 -0
    outer loop
      vertex -1.08704 -13.8 31.9431
      vertex -1.44939 -13.8 30.5908
      vertex -0.729321 -13.8 31.8638
    endloop
  endfacet
  facet normal 0 -1 0
    outer loop
      vertex 2.1 -13.8 32.3627
      vertex 2.8 -13.8 31.1503
      vertex 3.21203 -13.8 31.4128
    endloop
  endfacet
  facet normal 0 -1 0
    outer loop
      vertex -0.972429 -13.8 30.4851
      vertex -0.729321 -13.8 31.8638
      vertex -1.44939 -13.8 30.5908
    endloop
  endfacet
  facet normal 0 -1 0
    outer loop
      vertex 1.775 -13.8 32.1935
      vertex 2.36666 -13.8 30.9247
      vertex 2.8 -13.8 31.1503
    endloop
  endfacet
  facet normal 0 -1 -0
    outer loop
      vertex -0.729321 -13.8 31.8638
      vertex -0.972429 -13.8 30.4851
      vertex -0.366054 -13.8 31.816
    endloop
  endfacet
  facet normal 0 -1 0
    outer loop
      vertex 1.43648 -13.8 32.0533
      vertex 1.91531 -13.8 30.7377
      vertex 2.36666 -13.8 30.9247
    endloop
  endfacet
  facet normal 0 -1 0
    outer loop
      vertex -0.488071 -13.8 30.4213
      vertex -0.366054 -13.8 31.816
      vertex -0.972429 -13.8 30.4851
    endloop
  endfacet
  facet normal 0 -1 0
    outer loop
      vertex 1.08704 -13.8 31.9431
      vertex 1.44939 -13.8 30.5908
      vertex 1.91531 -13.8 30.7377
    endloop
  endfacet
  facet normal 0 -1 -0
    outer loop
      vertex -0.366054 -13.8 31.816
      vertex -0.488071 -13.8 30.4213
      vertex 0 -13.8 31.8
    endloop
  endfacet
  facet normal 0 -1 0
    outer loop
      vertex 0.729321 -13.8 31.8638
      vertex 0.972429 -13.8 30.4851
      vertex 1.44939 -13.8 30.5908
    endloop
  endfacet
  facet normal 0 -1 0
    outer loop
      vertex 0 -13.8 30.4
      vertex 0 -13.8 31.8
      vertex -0.488071 -13.8 30.4213
    endloop
  endfacet
  facet normal 0 -1 0
    outer loop
      vertex 0.366054 -13.8 31.816
      vertex 0.488071 -13.8 30.4213
      vertex 0.972429 -13.8 30.4851
    endloop
  endfacet
  facet normal 0 -1 0
    outer loop
      vertex 0 -13.8 31.8
      vertex 0 -13.8 30.4
      vertex 0.488071 -13.8 30.4213
    endloop
  endfacet
  facet normal -0.675531 0 -0.737332
    outer loop
      vertex 3.59961 -16.2 40.2898
      vertex 3.9598 -13.8 39.9598
      vertex 3.9598 -16.2 39.9598
    endloop
  endfacet
  facet normal -0.675531 0 -0.737332
    outer loop
      vertex 3.9598 -13.8 39.9598
      vertex 3.59961 -16.2 40.2898
      vertex 3.59961 -13.8 40.2898
    endloop
  endfacet
  facet normal -0.608761 0 -0.793354
    outer loop
      vertex 3.21203 -16.2 40.5872
      vertex 3.59961 -13.8 40.2898
      vertex 3.59961 -16.2 40.2898
    endloop
  endfacet
  facet normal -0.608761 0 -0.793354
    outer loop
      vertex 3.59961 -13.8 40.2898
      vertex 3.21203 -16.2 40.5872
      vertex 3.21203 -13.8 40.5872
    endloop
  endfacet
  facet normal -0.843376 0 -0.537324
    outer loop
      vertex 4.84974 -16.2 38.8
      vertex 4.58725 -13.8 39.212
      vertex 4.84974 -13.8 38.8
    endloop
  endfacet
  facet normal -0.843376 -0 -0.537324
    outer loop
      vertex 4.58725 -13.8 39.212
      vertex 4.84974 -16.2 38.8
      vertex 4.58725 -16.2 39.212
    endloop
  endfacet
  facet normal 0.0435997 0 -0.999049
    outer loop
      vertex -0.488071 -16.2 41.5787
      vertex 0 -13.8 41.6
      vertex 0 -16.2 41.6
    endloop
  endfacet
  facet normal 0.0435997 0 -0.999049
    outer loop
      vertex 0 -13.8 41.6
      vertex -0.488071 -16.2 41.5787
      vertex -0.488071 -13.8 41.5787
    endloop
  endfacet
  facet normal 0.537311 0 0.843384
    outer loop
      vertex -3.21203 -13.8 31.4128
      vertex -2.8 -16.2 31.1503
      vertex -2.8 -13.8 31.1503
    endloop
  endfacet
  facet normal 0.537311 0 0.843384
    outer loop
      vertex -2.8 -16.2 31.1503
      vertex -3.21203 -13.8 31.4128
      vertex -3.21203 -16.2 31.4128
    endloop
  endfacet
  facet normal 0.953716 0 -0.30071
    outer loop
      vertex -5.26228 -16.2 37.9153
      vertex -5.40918 -13.8 37.4494
      vertex -5.26228 -13.8 37.9153
    endloop
  endfacet
  facet normal 0.953716 0 -0.30071
    outer loop
      vertex -5.40918 -13.8 37.4494
      vertex -5.26228 -16.2 37.9153
      vertex -5.40918 -16.2 37.4494
    endloop
  endfacet
  facet normal -0.216362 0 -0.976313
    outer loop
      vertex 0.972429 -16.2 41.5149
      vertex 1.44939 -13.8 41.4092
      vertex 1.44939 -16.2 41.4092
    endloop
  endfacet
  facet normal -0.216362 0 -0.976313
    outer loop
      vertex 1.44939 -13.8 41.4092
      vertex 0.972429 -16.2 41.5149
      vertex 0.972429 -13.8 41.5149
    endloop
  endfacet
  facet normal 0.9763 -0 0.216423
    outer loop
      vertex -5.51492 -16.2 35.0276
      vertex -5.40918 -13.8 34.5506
      vertex -5.51492 -13.8 35.0276
    endloop
  endfacet
  facet normal 0.9763 0 0.216423
    outer loop
      vertex -5.40918 -13.8 34.5506
      vertex -5.51492 -16.2 35.0276
      vertex -5.40918 -16.2 34.5506
    endloop
  endfacet
  facet normal 0.300698 0 -0.953719
    outer loop
      vertex -1.91531 -16.2 41.2623
      vertex -1.44939 -13.8 41.4092
      vertex -1.44939 -16.2 41.4092
    endloop
  endfacet
  facet normal 0.300698 0 -0.953719
    outer loop
      vertex -1.44939 -13.8 41.4092
      vertex -1.91531 -16.2 41.2623
      vertex -1.91531 -13.8 41.2623
    endloop
  endfacet
  facet normal -0.886995 0 0.461778
    outer loop
      vertex 4.84974 -16.2 33.2
      vertex 5.07532 -13.8 33.6333
      vertex 4.84974 -13.8 33.2
    endloop
  endfacet
  facet normal -0.886995 0 0.461778
    outer loop
      vertex 5.07532 -13.8 33.6333
      vertex 4.84974 -16.2 33.2
      vertex 5.07532 -16.2 33.6333
    endloop
  endfacet
  facet normal 0 1 0
    outer loop
      vertex 0 -16.2 40.2
      vertex 0 -16.2 41.6
      vertex 0.488071 -16.2 41.5787
    endloop
  endfacet
  facet normal 0 1 0
    outer loop
      vertex 0.366054 -16.2 40.184
      vertex 0.488071 -16.2 41.5787
      vertex 0.972429 -16.2 41.5149
    endloop
  endfacet
  facet normal 0 1 0
    outer loop
      vertex 0 -16.2 41.6
      vertex 0 -16.2 40.2
      vertex -0.488071 -16.2 41.5787
    endloop
  endfacet
  facet normal 0 1 0
    outer loop
      vertex 0.729321 -16.2 40.1362
      vertex 0.972429 -16.2 41.5149
      vertex 1.44939 -16.2 41.4092
    endloop
  endfacet
  facet normal 0 1 -0
    outer loop
      vertex -0.366054 -16.2 40.184
      vertex -0.488071 -16.2 41.5787
      vertex 0 -16.2 40.2
    endloop
  endfacet
  facet normal 0 1 0
    outer loop
      vertex 1.08704 -16.2 40.0569
      vertex 1.44939 -16.2 41.4092
      vertex 1.91531 -16.2 41.2623
    endloop
  endfacet
  facet normal 0 1 0
    outer loop
      vertex -0.488071 -16.2 41.5787
      vertex -0.366054 -16.2 40.184
      vertex -0.972429 -16.2 41.5149
    endloop
  endfacet
  facet normal 0 1 0
    outer loop
      vertex 1.43648 -16.2 39.9467
      vertex 1.91531 -16.2 41.2623
      vertex 2.36666 -16.2 41.0753
    endloop
  endfacet
  facet normal 0 1 -0
    outer loop
      vertex -0.729321 -16.2 40.1362
      vertex -0.972429 -16.2 41.5149
      vertex -0.366054 -16.2 40.184
    endloop
  endfacet
  facet normal 0 1 0
    outer loop
      vertex 1.775 -16.2 39.8065
      vertex 2.36666 -16.2 41.0753
      vertex 2.8 -16.2 40.8497
    endloop
  endfacet
  facet normal 0 1 0
    outer loop
      vertex -0.972429 -16.2 41.5149
      vertex -0.729321 -16.2 40.1362
      vertex -1.44939 -16.2 41.4092
    endloop
  endfacet
  facet normal 0 1 0
    outer loop
      vertex 2.1 -16.2 39.6373
      vertex 2.8 -16.2 40.8497
      vertex 3.21203 -16.2 40.5872
    endloop
  endfacet
  facet normal 0 1 -0
    outer loop
      vertex -1.08704 -16.2 40.0569
      vertex -1.44939 -16.2 41.4092
      vertex -0.729321 -16.2 40.1362
    endloop
  endfacet
  facet normal 0 1 0
    outer loop
      vertex 2.40902 -16.2 39.4404
      vertex 3.21203 -16.2 40.5872
      vertex 3.59961 -16.2 40.2898
    endloop
  endfacet
  facet normal 0 1 0
    outer loop
      vertex -1.44939 -16.2 41.4092
      vertex -1.08704 -16.2 40.0569
      vertex -1.91531 -16.2 41.2623
    endloop
  endfacet
  facet normal 0 1 -0
    outer loop
      vertex -1.43648 -16.2 39.9467
      vertex -1.91531 -16.2 41.2623
      vertex -1.08704 -16.2 40.0569
    endloop
  endfacet
  facet normal 0 1 0
    outer loop
      vertex 0.488071 -16.2 41.5787
      vertex 0.366054 -16.2 40.184
      vertex 0 -16.2 40.2
    endloop
  endfacet
  facet normal 0 1 0
    outer loop
      vertex 0.972429 -16.2 41.5149
      vertex 0.729321 -16.2 40.1362
      vertex 0.366054 -16.2 40.184
    endloop
  endfacet
  facet normal 0 1 0
    outer loop
      vertex 1.44939 -16.2 41.4092
      vertex 1.08704 -16.2 40.0569
      vertex 0.729321 -16.2 40.1362
    endloop
  endfacet
  facet normal 0 1 0
    outer loop
      vertex 2.69971 -16.2 39.2174
      vertex 3.59961 -16.2 40.2898
      vertex 3.9598 -16.2 39.9598
    endloop
  endfacet
  facet normal 0 1 0
    outer loop
      vertex 1.91531 -16.2 41.2623
      vertex 1.43648 -16.2 39.9467
      vertex 1.08704 -16.2 40.0569
    endloop
  endfacet
  facet normal 0 1 0
    outer loop
      vertex 2.36666 -16.2 41.0753
      vertex 1.775 -16.2 39.8065
      vertex 1.43648 -16.2 39.9467
    endloop
  endfacet
  facet normal 0 1 0
    outer loop
      vertex 2.8 -16.2 40.8497
      vertex 2.1 -16.2 39.6373
      vertex 1.775 -16.2 39.8065
    endloop
  endfacet
  facet normal 0 1 0
    outer loop
      vertex 2.96985 -16.2 38.9698
      vertex 3.9598 -16.2 39.9598
      vertex 4.28985 -16.2 39.5996
    endloop
  endfacet
  facet normal 0 1 0
    outer loop
      vertex 3.21203 -16.2 40.5872
      vertex 2.40902 -16.2 39.4404
      vertex 2.1 -16.2 39.6373
    endloop
  endfacet
  facet normal 0 1 0
    outer loop
      vertex 3.59961 -16.2 40.2898
      vertex 2.69971 -16.2 39.2174
      vertex 2.40902 -16.2 39.4404
    endloop
  endfacet
  facet normal 0 1 0
    outer loop
      vertex 3.21739 -16.2 38.6997
      vertex 4.28985 -16.2 39.5996
      vertex 4.58725 -16.2 39.212
    endloop
  endfacet
  facet normal 0 1 0
    outer loop
      vertex 3.9598 -16.2 39.9598
      vertex 2.96985 -16.2 38.9698
      vertex 2.69971 -16.2 39.2174
    endloop
  endfacet
  facet normal 0 1 0
    outer loop
      vertex 3.44044 -16.2 38.409
      vertex 4.58725 -16.2 39.212
      vertex 4.84974 -16.2 38.8
    endloop
  endfacet
  facet normal 0 1 0
    outer loop
      vertex 4.28985 -16.2 39.5996
      vertex 3.21739 -16.2 38.6997
      vertex 2.96985 -16.2 38.9698
    endloop
  endfacet
  facet normal 0 1 0
    outer loop
      vertex 4.58725 -16.2 39.212
      vertex 3.44044 -16.2 38.409
      vertex 3.21739 -16.2 38.6997
    endloop
  endfacet
  facet normal 0 1 0
    outer loop
      vertex 3.63731 -16.2 38.1
      vertex 4.84974 -16.2 38.8
      vertex 5.07532 -16.2 38.3667
    endloop
  endfacet
  facet normal 0 1 0
    outer loop
      vertex 4.84974 -16.2 38.8
      vertex 3.63731 -16.2 38.1
      vertex 3.44044 -16.2 38.409
    endloop
  endfacet
  facet normal 0 1 0
    outer loop
      vertex 3.80649 -16.2 37.775
      vertex 5.07532 -16.2 38.3667
      vertex 5.26228 -16.2 37.9153
    endloop
  endfacet
  facet normal 0 1 0
    outer loop
      vertex 5.07532 -16.2 38.3667
      vertex 3.80649 -16.2 37.775
      vertex 3.63731 -16.2 38.1
    endloop
  endfacet
  facet normal 0 1 0
    outer loop
      vertex 3.94671 -16.2 37.4365
      vertex 5.26228 -16.2 37.9153
      vertex 5.40918 -16.2 37.4494
    endloop
  endfacet
  facet normal 0 1 0
    outer loop
      vertex 5.26228 -16.2 37.9153
      vertex 3.94671 -16.2 37.4365
      vertex 3.80649 -16.2 37.775
    endloop
  endfacet
  facet normal 0 1 0
    outer loop
      vertex 5.40918 -16.2 37.4494
      vertex 4.05689 -16.2 37.087
      vertex 3.94671 -16.2 37.4365
    endloop
  endfacet
  facet normal 0 1 0
    outer loop
      vertex 5.51492 -16.2 36.9724
      vertex 4.05689 -16.2 37.087
      vertex 5.40918 -16.2 37.4494
    endloop
  endfacet
  facet normal 0 1 0
    outer loop
      vertex 5.51492 -16.2 36.9724
      vertex 4.13619 -16.2 36.7293
      vertex 4.05689 -16.2 37.087
    endloop
  endfacet
  facet normal 0 1 0
    outer loop
      vertex 5.57869 -16.2 36.4881
      vertex 4.13619 -16.2 36.7293
      vertex 5.51492 -16.2 36.9724
    endloop
  endfacet
  facet normal 0 1 0
    outer loop
      vertex 5.57869 -16.2 36.4881
      vertex 4.18402 -16.2 36.3661
      vertex 4.13619 -16.2 36.7293
    endloop
  endfacet
  facet normal 0 1 0
    outer loop
      vertex 5.6 -16.2 36
      vertex 4.18402 -16.2 36.3661
      vertex 5.57869 -16.2 36.4881
    endloop
  endfacet
  facet normal 0 1 0
    outer loop
      vertex 5.6 -16.2 36
      vertex 4.2 -16.2 36
      vertex 4.18402 -16.2 36.3661
    endloop
  endfacet
  facet normal 0 1 0
    outer loop
      vertex 5.6 -16.2 36
      vertex 4.18402 -16.2 35.6339
      vertex 4.2 -16.2 36
    endloop
  endfacet
  facet normal 0 1 -0
    outer loop
      vertex 5.57869 -16.2 35.5119
      vertex 4.18402 -16.2 35.6339
      vertex 5.6 -16.2 36
    endloop
  endfacet
  facet normal 0 1 0
    outer loop
      vertex 5.57869 -16.2 35.5119
      vertex 4.13619 -16.2 35.2707
      vertex 4.18402 -16.2 35.6339
    endloop
  endfacet
  facet normal 0 1 -0
    outer loop
      vertex 5.51492 -16.2 35.0276
      vertex 4.13619 -16.2 35.2707
      vertex 5.57869 -16.2 35.5119
    endloop
  endfacet
  facet normal 0 1 0
    outer loop
      vertex 5.51492 -16.2 35.0276
      vertex 4.05689 -16.2 34.913
      vertex 4.13619 -16.2 35.2707
    endloop
  endfacet
  facet normal 0 1 -0
    outer loop
      vertex 5.40918 -16.2 34.5506
      vertex 4.05689 -16.2 34.913
      vertex 5.51492 -16.2 35.0276
    endloop
  endfacet
  facet normal 0 1 0
    outer loop
      vertex 4.05689 -16.2 34.913
      vertex 5.40918 -16.2 34.5506
      vertex 3.94671 -16.2 34.5635
    endloop
  endfacet
  facet normal 0 1 -0
    outer loop
      vertex 5.26228 -16.2 34.0847
      vertex 3.94671 -16.2 34.5635
      vertex 5.40918 -16.2 34.5506
    endloop
  endfacet
  facet normal 0 1 0
    outer loop
      vertex 3.94671 -16.2 34.5635
      vertex 5.26228 -16.2 34.0847
      vertex 3.80649 -16.2 34.225
    endloop
  endfacet
  facet normal 0 1 -0
    outer loop
      vertex 5.07532 -16.2 33.6333
      vertex 3.80649 -16.2 34.225
      vertex 5.26228 -16.2 34.0847
    endloop
  endfacet
  facet normal 0 1 0
    outer loop
      vertex 3.80649 -16.2 34.225
      vertex 5.07532 -16.2 33.6333
      vertex 3.63731 -16.2 33.9
    endloop
  endfacet
  facet normal 0 1 -0
    outer loop
      vertex 4.84974 -16.2 33.2
      vertex 3.63731 -16.2 33.9
      vertex 5.07532 -16.2 33.6333
    endloop
  endfacet
  facet normal 0 1 0
    outer loop
      vertex 3.63731 -16.2 33.9
      vertex 4.84974 -16.2 33.2
      vertex 3.44044 -16.2 33.591
    endloop
  endfacet
  facet normal 0 1 -0
    outer loop
      vertex 4.58725 -16.2 32.788
      vertex 3.44044 -16.2 33.591
      vertex 4.84974 -16.2 33.2
    endloop
  endfacet
  facet normal 0 1 0
    outer loop
      vertex 3.44044 -16.2 33.591
      vertex 4.58725 -16.2 32.788
      vertex 3.21739 -16.2 33.3003
    endloop
  endfacet
  facet normal 0 1 -0
    outer loop
      vertex 4.28985 -16.2 32.4004
      vertex 3.21739 -16.2 33.3003
      vertex 4.58725 -16.2 32.788
    endloop
  endfacet
  facet normal 0 1 0
    outer loop
      vertex 3.21739 -16.2 33.3003
      vertex 4.28985 -16.2 32.4004
      vertex 2.96985 -16.2 33.0302
    endloop
  endfacet
  facet normal 0 1 -0
    outer loop
      vertex 3.9598 -16.2 32.0402
      vertex 2.96985 -16.2 33.0302
      vertex 4.28985 -16.2 32.4004
    endloop
  endfacet
  facet normal 0 1 0
    outer loop
      vertex 2.96985 -16.2 33.0302
      vertex 3.9598 -16.2 32.0402
      vertex 2.69971 -16.2 32.7826
    endloop
  endfacet
  facet normal 0 1 -0
    outer loop
      vertex 3.59961 -16.2 31.7102
      vertex 2.69971 -16.2 32.7826
      vertex 3.9598 -16.2 32.0402
    endloop
  endfacet
  facet normal 0 1 0
    outer loop
      vertex 2.69971 -16.2 32.7826
      vertex 3.59961 -16.2 31.7102
      vertex 2.40902 -16.2 32.5596
    endloop
  endfacet
  facet normal 0 1 -0
    outer loop
      vertex 3.21203 -16.2 31.4128
      vertex 2.40902 -16.2 32.5596
      vertex 3.59961 -16.2 31.7102
    endloop
  endfacet
  facet normal 0 1 0
    outer loop
      vertex 2.40902 -16.2 32.5596
      vertex 3.21203 -16.2 31.4128
      vertex 2.1 -16.2 32.3627
    endloop
  endfacet
  facet normal 0 1 -0
    outer loop
      vertex 2.8 -16.2 31.1503
      vertex 2.1 -16.2 32.3627
      vertex 3.21203 -16.2 31.4128
    endloop
  endfacet
  facet normal 0 1 0
    outer loop
      vertex 2.1 -16.2 32.3627
      vertex 2.8 -16.2 31.1503
      vertex 1.775 -16.2 32.1935
    endloop
  endfacet
  facet normal 0 1 -0
    outer loop
      vertex 2.36666 -16.2 30.9247
      vertex 1.775 -16.2 32.1935
      vertex 2.8 -16.2 31.1503
    endloop
  endfacet
  facet normal 0 1 -0
    outer loop
      vertex 1.91531 -16.2 30.7377
      vertex 1.43648 -16.2 32.0533
      vertex 2.36666 -16.2 30.9247
    endloop
  endfacet
  facet normal 0 1 0
    outer loop
      vertex 1.775 -16.2 32.1935
      vertex 2.36666 -16.2 30.9247
      vertex 1.43648 -16.2 32.0533
    endloop
  endfacet
  facet normal 0 1 0
    outer loop
      vertex -1.91531 -16.2 41.2623
      vertex -1.43648 -16.2 39.9467
      vertex -2.36666 -16.2 41.0753
    endloop
  endfacet
  facet normal 0 1 -0
    outer loop
      vertex -1.775 -16.2 39.8065
      vertex -2.36666 -16.2 41.0753
      vertex -1.43648 -16.2 39.9467
    endloop
  endfacet
  facet normal 0 1 0
    outer loop
      vertex -2.36666 -16.2 41.0753
      vertex -1.775 -16.2 39.8065
      vertex -2.8 -16.2 40.8497
    endloop
  endfacet
  facet normal 0 1 -0
    outer loop
      vertex -2.1 -16.2 39.6373
      vertex -2.8 -16.2 40.8497
      vertex -1.775 -16.2 39.8065
    endloop
  endfacet
  facet normal 0 1 0
    outer loop
      vertex -2.8 -16.2 40.8497
      vertex -2.1 -16.2 39.6373
      vertex -3.21203 -16.2 40.5872
    endloop
  endfacet
  facet normal 0 1 -0
    outer loop
      vertex -2.40902 -16.2 39.4404
      vertex -3.21203 -16.2 40.5872
      vertex -2.1 -16.2 39.6373
    endloop
  endfacet
  facet normal 0 1 0
    outer loop
      vertex -3.21203 -16.2 40.5872
      vertex -2.40902 -16.2 39.4404
      vertex -3.59961 -16.2 40.2898
    endloop
  endfacet
  facet normal 0 1 -0
    outer loop
      vertex -2.69971 -16.2 39.2174
      vertex -3.59961 -16.2 40.2898
      vertex -2.40902 -16.2 39.4404
    endloop
  endfacet
  facet normal 0 1 0
    outer loop
      vertex -3.59961 -16.2 40.2898
      vertex -2.69971 -16.2 39.2174
      vertex -3.9598 -16.2 39.9598
    endloop
  endfacet
  facet normal 0 1 -0
    outer loop
      vertex -2.96985 -16.2 38.9698
      vertex -3.9598 -16.2 39.9598
      vertex -2.69971 -16.2 39.2174
    endloop
  endfacet
  facet normal 0 1 0
    outer loop
      vertex -3.9598 -16.2 39.9598
      vertex -2.96985 -16.2 38.9698
      vertex -4.28985 -16.2 39.5996
    endloop
  endfacet
  facet normal 0 1 -0
    outer loop
      vertex -3.21739 -16.2 38.6997
      vertex -4.28985 -16.2 39.5996
      vertex -2.96985 -16.2 38.9698
    endloop
  endfacet
  facet normal 0 1 0
    outer loop
      vertex -4.28985 -16.2 39.5996
      vertex -3.21739 -16.2 38.6997
      vertex -4.58725 -16.2 39.212
    endloop
  endfacet
  facet normal 0 1 -0
    outer loop
      vertex -3.44044 -16.2 38.409
      vertex -4.58725 -16.2 39.212
      vertex -3.21739 -16.2 38.6997
    endloop
  endfacet
  facet normal 0 1 0
    outer loop
      vertex -4.58725 -16.2 39.212
      vertex -3.44044 -16.2 38.409
      vertex -4.84974 -16.2 38.8
    endloop
  endfacet
  facet normal 0 1 -0
    outer loop
      vertex -3.63731 -16.2 38.1
      vertex -4.84974 -16.2 38.8
      vertex -3.44044 -16.2 38.409
    endloop
  endfacet
  facet normal 0 1 0
    outer loop
      vertex -4.84974 -16.2 38.8
      vertex -3.63731 -16.2 38.1
      vertex -5.07532 -16.2 38.3667
    endloop
  endfacet
  facet normal 0 1 -0
    outer loop
      vertex -3.80649 -16.2 37.775
      vertex -5.07532 -16.2 38.3667
      vertex -3.63731 -16.2 38.1
    endloop
  endfacet
  facet normal 0 1 0
    outer loop
      vertex -5.07532 -16.2 38.3667
      vertex -3.80649 -16.2 37.775
      vertex -5.26228 -16.2 37.9153
    endloop
  endfacet
  facet normal 0 1 -0
    outer loop
      vertex -3.94671 -16.2 37.4365
      vertex -5.26228 -16.2 37.9153
      vertex -3.80649 -16.2 37.775
    endloop
  endfacet
  facet normal 0 1 0
    outer loop
      vertex -5.26228 -16.2 37.9153
      vertex -3.94671 -16.2 37.4365
      vertex -5.40918 -16.2 37.4494
    endloop
  endfacet
  facet normal 0 1 -0
    outer loop
      vertex -4.05689 -16.2 37.087
      vertex -5.40918 -16.2 37.4494
      vertex -3.94671 -16.2 37.4365
    endloop
  endfacet
  facet normal 0 1 0
    outer loop
      vertex -4.05689 -16.2 37.087
      vertex -5.51492 -16.2 36.9724
      vertex -5.40918 -16.2 37.4494
    endloop
  endfacet
  facet normal 0 1 -0
    outer loop
      vertex -4.13619 -16.2 36.7293
      vertex -5.51492 -16.2 36.9724
      vertex -4.05689 -16.2 37.087
    endloop
  endfacet
  facet normal 0 1 0
    outer loop
      vertex -4.13619 -16.2 36.7293
      vertex -5.57869 -16.2 36.4881
      vertex -5.51492 -16.2 36.9724
    endloop
  endfacet
  facet normal 0 1 -0
    outer loop
      vertex -4.18402 -16.2 36.3661
      vertex -5.57869 -16.2 36.4881
      vertex -4.13619 -16.2 36.7293
    endloop
  endfacet
  facet normal 0 1 -0
    outer loop
      vertex -4.2 -16.2 36
      vertex -5.57869 -16.2 36.4881
      vertex -4.18402 -16.2 36.3661
    endloop
  endfacet
  facet normal 0 1 0
    outer loop
      vertex -4.2 -16.2 36
      vertex -5.6 -16.2 36
      vertex -5.57869 -16.2 36.4881
    endloop
  endfacet
  facet normal 0 1 0
    outer loop
      vertex -4.18402 -16.2 35.6339
      vertex -5.6 -16.2 36
      vertex -4.2 -16.2 36
    endloop
  endfacet
  facet normal 0 1 0
    outer loop
      vertex -4.18402 -16.2 35.6339
      vertex -5.57869 -16.2 35.5119
      vertex -5.6 -16.2 36
    endloop
  endfacet
  facet normal 0 1 0
    outer loop
      vertex -4.13619 -16.2 35.2707
      vertex -5.57869 -16.2 35.5119
      vertex -4.18402 -16.2 35.6339
    endloop
  endfacet
  facet normal 0 1 0
    outer loop
      vertex -4.13619 -16.2 35.2707
      vertex -5.51492 -16.2 35.0276
      vertex -5.57869 -16.2 35.5119
    endloop
  endfacet
  facet normal 0 1 0
    outer loop
      vertex -4.05689 -16.2 34.913
      vertex -5.51492 -16.2 35.0276
      vertex -4.13619 -16.2 35.2707
    endloop
  endfacet
  facet normal 0 1 0
    outer loop
      vertex -5.40918 -16.2 34.5506
      vertex -4.05689 -16.2 34.913
      vertex -3.94671 -16.2 34.5635
    endloop
  endfacet
  facet normal 0 1 0
    outer loop
      vertex -4.05689 -16.2 34.913
      vertex -5.40918 -16.2 34.5506
      vertex -5.51492 -16.2 35.0276
    endloop
  endfacet
  facet normal 0 1 0
    outer loop
      vertex -5.26228 -16.2 34.0847
      vertex -3.94671 -16.2 34.5635
      vertex -3.80649 -16.2 34.225
    endloop
  endfacet
  facet normal 0 1 0
    outer loop
      vertex -3.94671 -16.2 34.5635
      vertex -5.26228 -16.2 34.0847
      vertex -5.40918 -16.2 34.5506
    endloop
  endfacet
  facet normal 0 1 0
    outer loop
      vertex -5.07532 -16.2 33.6333
      vertex -3.80649 -16.2 34.225
      vertex -3.63731 -16.2 33.9
    endloop
  endfacet
  facet normal 0 1 0
    outer loop
      vertex -3.80649 -16.2 34.225
      vertex -5.07532 -16.2 33.6333
      vertex -5.26228 -16.2 34.0847
    endloop
  endfacet
  facet normal 0 1 0
    outer loop
      vertex -4.84974 -16.2 33.2
      vertex -3.63731 -16.2 33.9
      vertex -3.44044 -16.2 33.591
    endloop
  endfacet
  facet normal 0 1 0
    outer loop
      vertex -4.58725 -16.2 32.788
      vertex -3.44044 -16.2 33.591
      vertex -3.21739 -16.2 33.3003
    endloop
  endfacet
  facet normal 0 1 0
    outer loop
      vertex -3.63731 -16.2 33.9
      vertex -4.84974 -16.2 33.2
      vertex -5.07532 -16.2 33.6333
    endloop
  endfacet
  facet normal 0 1 0
    outer loop
      vertex -4.28985 -16.2 32.4004
      vertex -3.21739 -16.2 33.3003
      vertex -2.96985 -16.2 33.0302
    endloop
  endfacet
  facet normal 0 1 0
    outer loop
      vertex -3.44044 -16.2 33.591
      vertex -4.58725 -16.2 32.788
      vertex -4.84974 -16.2 33.2
    endloop
  endfacet
  facet normal 0 1 0
    outer loop
      vertex -3.9598 -16.2 32.0402
      vertex -2.96985 -16.2 33.0302
      vertex -2.69971 -16.2 32.7826
    endloop
  endfacet
  facet normal 0 1 0
    outer loop
      vertex -3.59961 -16.2 31.7102
      vertex -2.69971 -16.2 32.7826
      vertex -2.40902 -16.2 32.5596
    endloop
  endfacet
  facet normal 0 1 0
    outer loop
      vertex -3.21739 -16.2 33.3003
      vertex -4.28985 -16.2 32.4004
      vertex -4.58725 -16.2 32.788
    endloop
  endfacet
  facet normal 0 1 0
    outer loop
      vertex -3.21203 -16.2 31.4128
      vertex -2.40902 -16.2 32.5596
      vertex -2.1 -16.2 32.3627
    endloop
  endfacet
  facet normal 0 1 0
    outer loop
      vertex -2.8 -16.2 31.1503
      vertex -2.1 -16.2 32.3627
      vertex -1.775 -16.2 32.1935
    endloop
  endfacet
  facet normal 0 1 0
    outer loop
      vertex -2.36666 -16.2 30.9247
      vertex -1.775 -16.2 32.1935
      vertex -1.43648 -16.2 32.0533
    endloop
  endfacet
  facet normal 0 1 0
    outer loop
      vertex -2.96985 -16.2 33.0302
      vertex -3.9598 -16.2 32.0402
      vertex -4.28985 -16.2 32.4004
    endloop
  endfacet
  facet normal 0 1 0
    outer loop
      vertex -1.91531 -16.2 30.7377
      vertex -1.43648 -16.2 32.0533
      vertex -1.08704 -16.2 31.9431
    endloop
  endfacet
  facet normal 0 1 0
    outer loop
      vertex -1.44939 -16.2 30.5908
      vertex -1.08704 -16.2 31.9431
      vertex -0.729321 -16.2 31.8638
    endloop
  endfacet
  facet normal 0 1 0
    outer loop
      vertex -0.972429 -16.2 30.4851
      vertex -0.729321 -16.2 31.8638
      vertex -0.366054 -16.2 31.816
    endloop
  endfacet
  facet normal 0 1 0
    outer loop
      vertex -2.69971 -16.2 32.7826
      vertex -3.59961 -16.2 31.7102
      vertex -3.9598 -16.2 32.0402
    endloop
  endfacet
  facet normal 0 1 0
    outer loop
      vertex -0.488071 -16.2 30.4213
      vertex -0.366054 -16.2 31.816
      vertex 0 -16.2 31.8
    endloop
  endfacet
  facet normal 0 1 0
    outer loop
      vertex 1.43648 -16.2 32.0533
      vertex 1.91531 -16.2 30.7377
      vertex 1.08704 -16.2 31.9431
    endloop
  endfacet
  facet normal 0 1 -0
    outer loop
      vertex 1.44939 -16.2 30.5908
      vertex 1.08704 -16.2 31.9431
      vertex 1.91531 -16.2 30.7377
    endloop
  endfacet
  facet normal 0 1 0
    outer loop
      vertex -2.40902 -16.2 32.5596
      vertex -3.21203 -16.2 31.4128
      vertex -3.59961 -16.2 31.7102
    endloop
  endfacet
  facet normal 0 1 0
    outer loop
      vertex 1.08704 -16.2 31.9431
      vertex 1.44939 -16.2 30.5908
      vertex 0.729321 -16.2 31.8638
    endloop
  endfacet
  facet normal 0 1 0
    outer loop
      vertex -2.1 -16.2 32.3627
      vertex -2.8 -16.2 31.1503
      vertex -3.21203 -16.2 31.4128
    endloop
  endfacet
  facet normal 0 1 -0
    outer loop
      vertex 0.972429 -16.2 30.4851
      vertex 0.729321 -16.2 31.8638
      vertex 1.44939 -16.2 30.5908
    endloop
  endfacet
  facet normal 0 1 0
    outer loop
      vertex -1.775 -16.2 32.1935
      vertex -2.36666 -16.2 30.9247
      vertex -2.8 -16.2 31.1503
    endloop
  endfacet
  facet normal 0 1 0
    outer loop
      vertex 0.729321 -16.2 31.8638
      vertex 0.972429 -16.2 30.4851
      vertex 0.366054 -16.2 31.816
    endloop
  endfacet
  facet normal 0 1 0
    outer loop
      vertex -1.43648 -16.2 32.0533
      vertex -1.91531 -16.2 30.7377
      vertex -2.36666 -16.2 30.9247
    endloop
  endfacet
  facet normal 0 1 -0
    outer loop
      vertex 0.488071 -16.2 30.4213
      vertex 0.366054 -16.2 31.816
      vertex 0.972429 -16.2 30.4851
    endloop
  endfacet
  facet normal 0 1 0
    outer loop
      vertex -1.08704 -16.2 31.9431
      vertex -1.44939 -16.2 30.5908
      vertex -1.91531 -16.2 30.7377
    endloop
  endfacet
  facet normal 0 1 0
    outer loop
      vertex 0.366054 -16.2 31.816
      vertex 0.488071 -16.2 30.4213
      vertex 0 -16.2 31.8
    endloop
  endfacet
  facet normal 0 1 0
    outer loop
      vertex -0.729321 -16.2 31.8638
      vertex -0.972429 -16.2 30.4851
      vertex -1.44939 -16.2 30.5908
    endloop
  endfacet
  facet normal 0 1 0
    outer loop
      vertex 0 -16.2 30.4
      vertex 0 -16.2 31.8
      vertex 0.488071 -16.2 30.4213
    endloop
  endfacet
  facet normal 0 1 0
    outer loop
      vertex -0.366054 -16.2 31.816
      vertex -0.488071 -16.2 30.4213
      vertex -0.972429 -16.2 30.4851
    endloop
  endfacet
  facet normal 0 1 0
    outer loop
      vertex 0 -16.2 31.8
      vertex 0 -16.2 30.4
      vertex -0.488071 -16.2 30.4213
    endloop
  endfacet
  facet normal 0.0435997 0 0.999049
    outer loop
      vertex -0.488071 -13.8 30.4213
      vertex 0 -16.2 30.4
      vertex 0 -13.8 30.4
    endloop
  endfacet
  facet normal 0.0435997 0 0.999049
    outer loop
      vertex 0 -16.2 30.4
      vertex -0.488071 -13.8 30.4213
      vertex -0.488071 -16.2 30.4213
    endloop
  endfacet
  facet normal 0.382762 0 0.923847
    outer loop
      vertex -2.36666 -13.8 30.9247
      vertex -1.91531 -16.2 30.7377
      vertex -1.91531 -13.8 30.7377
    endloop
  endfacet
  facet normal 0.382762 0 0.923847
    outer loop
      vertex -1.91531 -16.2 30.7377
      vertex -2.36666 -13.8 30.9247
      vertex -2.36666 -16.2 30.9247
    endloop
  endfacet
  facet normal -0.0435997 0 -0.999049
    outer loop
      vertex 0 -16.2 41.6
      vertex 0.488071 -13.8 41.5787
      vertex 0.488071 -16.2 41.5787
    endloop
  endfacet
  facet normal -0.0435997 0 -0.999049
    outer loop
      vertex 0.488071 -13.8 41.5787
      vertex 0 -16.2 41.6
      vertex 0 -13.8 41.6
    endloop
  endfacet
  facet normal 0.73729 0 -0.675576
    outer loop
      vertex -3.9598 -16.2 39.9598
      vertex -4.28985 -13.8 39.5996
      vertex -3.9598 -13.8 39.9598
    endloop
  endfacet
  facet normal 0.73729 0 -0.675576
    outer loop
      vertex -4.28985 -13.8 39.5996
      vertex -3.9598 -16.2 39.9598
      vertex -4.28985 -16.2 39.5996
    endloop
  endfacet
  facet normal -0.953716 0 -0.30071
    outer loop
      vertex 5.40918 -16.2 37.4494
      vertex 5.26228 -13.8 37.9153
      vertex 5.40918 -13.8 37.4494
    endloop
  endfacet
  facet normal -0.953716 -0 -0.30071
    outer loop
      vertex 5.26228 -13.8 37.9153
      vertex 5.40918 -16.2 37.4494
      vertex 5.26228 -16.2 37.9153
    endloop
  endfacet
  facet normal 0.9763 0 -0.216423
    outer loop
      vertex -5.40918 -16.2 37.4494
      vertex -5.51492 -13.8 36.9724
      vertex -5.40918 -13.8 37.4494
    endloop
  endfacet
  facet normal 0.9763 0 -0.216423
    outer loop
      vertex -5.51492 -13.8 36.9724
      vertex -5.40918 -16.2 37.4494
      vertex -5.51492 -16.2 36.9724
    endloop
  endfacet
  facet normal 0.73729 -0 0.675576
    outer loop
      vertex -4.28985 -16.2 32.4004
      vertex -3.9598 -13.8 32.0402
      vertex -4.28985 -13.8 32.4004
    endloop
  endfacet
  facet normal 0.73729 0 0.675576
    outer loop
      vertex -3.9598 -13.8 32.0402
      vertex -4.28985 -16.2 32.4004
      vertex -3.9598 -16.2 32.0402
    endloop
  endfacet
  facet normal -0.953716 0 0.30071
    outer loop
      vertex 5.26228 -16.2 34.0847
      vertex 5.40918 -13.8 34.5506
      vertex 5.26228 -13.8 34.0847
    endloop
  endfacet
  facet normal -0.953716 0 0.30071
    outer loop
      vertex 5.40918 -13.8 34.5506
      vertex 5.26228 -16.2 34.0847
      vertex 5.40918 -16.2 34.5506
    endloop
  endfacet
  facet normal -0.9763 0 0.216423
    outer loop
      vertex 5.40918 -16.2 34.5506
      vertex 5.51492 -13.8 35.0276
      vertex 5.40918 -13.8 34.5506
    endloop
  endfacet
  facet normal -0.9763 0 0.216423
    outer loop
      vertex 5.51492 -13.8 35.0276
      vertex 5.40918 -16.2 34.5506
      vertex 5.51492 -16.2 35.0276
    endloop
  endfacet
  facet normal -0.73729 0 -0.675576
    outer loop
      vertex 4.28985 -16.2 39.5996
      vertex 3.9598 -13.8 39.9598
      vertex 4.28985 -13.8 39.5996
    endloop
  endfacet
  facet normal -0.73729 -0 -0.675576
    outer loop
      vertex 3.9598 -13.8 39.9598
      vertex 4.28985 -16.2 39.5996
      vertex 3.9598 -16.2 39.9598
    endloop
  endfacet
  facet normal 0.537311 0 -0.843384
    outer loop
      vertex -3.21203 -16.2 40.5872
      vertex -2.8 -13.8 40.8497
      vertex -2.8 -16.2 40.8497
    endloop
  endfacet
  facet normal 0.537311 0 -0.843384
    outer loop
      vertex -2.8 -13.8 40.8497
      vertex -3.21203 -16.2 40.5872
      vertex -3.21203 -13.8 40.5872
    endloop
  endfacet
  facet normal -0.991442 0 0.130548
    outer loop
      vertex 5.51492 -16.2 35.0276
      vertex 5.57869 -13.8 35.5119
      vertex 5.51492 -13.8 35.0276
    endloop
  endfacet
  facet normal -0.991442 0 0.130548
    outer loop
      vertex 5.57869 -13.8 35.5119
      vertex 5.51492 -16.2 35.0276
      vertex 5.57869 -16.2 35.5119
    endloop
  endfacet
  facet normal -0.382762 0 -0.923847
    outer loop
      vertex 1.91531 -16.2 41.2623
      vertex 2.36666 -13.8 41.0753
      vertex 2.36666 -16.2 41.0753
    endloop
  endfacet
  facet normal -0.382762 0 -0.923847
    outer loop
      vertex 2.36666 -13.8 41.0753
      vertex 1.91531 -16.2 41.2623
      vertex 1.91531 -13.8 41.2623
    endloop
  endfacet
  facet normal 0.216362 0 -0.976313
    outer loop
      vertex -1.44939 -16.2 41.4092
      vertex -0.972429 -13.8 41.5149
      vertex -0.972429 -16.2 41.5149
    endloop
  endfacet
  facet normal 0.216362 0 -0.976313
    outer loop
      vertex -0.972429 -13.8 41.5149
      vertex -1.44939 -16.2 41.4092
      vertex -1.44939 -13.8 41.4092
    endloop
  endfacet
  facet normal -0.0435997 0 0.999049
    outer loop
      vertex 0 -13.8 30.4
      vertex 0.488071 -16.2 30.4213
      vertex 0.488071 -13.8 30.4213
    endloop
  endfacet
  facet normal -0.0435997 0 0.999049
    outer loop
      vertex 0.488071 -16.2 30.4213
      vertex 0 -13.8 30.4
      vertex 0 -16.2 30.4
    endloop
  endfacet
  facet normal 0.216362 0 0.976313
    outer loop
      vertex -1.44939 -13.8 30.5908
      vertex -0.972429 -16.2 30.4851
      vertex -0.972429 -13.8 30.4851
    endloop
  endfacet
  facet normal 0.216362 0 0.976313
    outer loop
      vertex -0.972429 -16.2 30.4851
      vertex -1.44939 -13.8 30.5908
      vertex -1.44939 -16.2 30.5908
    endloop
  endfacet
  facet normal -0.923891 0 0.382655
    outer loop
      vertex 5.07532 -16.2 33.6333
      vertex 5.26228 -13.8 34.0847
      vertex 5.07532 -13.8 33.6333
    endloop
  endfacet
  facet normal -0.923891 0 0.382655
    outer loop
      vertex 5.26228 -13.8 34.0847
      vertex 5.07532 -16.2 33.6333
      vertex 5.26228 -16.2 34.0847
    endloop
  endfacet
  facet normal -0.461777 0 -0.886996
    outer loop
      vertex 2.36666 -16.2 41.0753
      vertex 2.8 -13.8 40.8497
      vertex 2.8 -16.2 40.8497
    endloop
  endfacet
  facet normal -0.461777 0 -0.886996
    outer loop
      vertex 2.8 -13.8 40.8497
      vertex 2.36666 -16.2 41.0753
      vertex 2.36666 -13.8 41.0753
    endloop
  endfacet
  facet normal 0.130593 0 0.991436
    outer loop
      vertex -0.972429 -13.8 30.4851
      vertex -0.488071 -16.2 30.4213
      vertex -0.488071 -13.8 30.4213
    endloop
  endfacet
  facet normal 0.130593 0 0.991436
    outer loop
      vertex -0.488071 -16.2 30.4213
      vertex -0.972429 -13.8 30.4851
      vertex -0.972429 -16.2 30.4851
    endloop
  endfacet
  facet normal -0.886995 0 -0.461778
    outer loop
      vertex 5.07532 -16.2 38.3667
      vertex 4.84974 -13.8 38.8
      vertex 5.07532 -13.8 38.3667
    endloop
  endfacet
  facet normal -0.886995 -0 -0.461778
    outer loop
      vertex 4.84974 -13.8 38.8
      vertex 5.07532 -16.2 38.3667
      vertex 4.84974 -16.2 38.8
    endloop
  endfacet
  facet normal 0.461777 0 0.886996
    outer loop
      vertex -2.8 -13.8 31.1503
      vertex -2.36666 -16.2 30.9247
      vertex -2.36666 -13.8 30.9247
    endloop
  endfacet
  facet normal 0.461777 0 0.886996
    outer loop
      vertex -2.36666 -16.2 30.9247
      vertex -2.8 -13.8 31.1503
      vertex -2.8 -16.2 31.1503
    endloop
  endfacet
  facet normal 0.675531 0 -0.737332
    outer loop
      vertex -3.9598 -16.2 39.9598
      vertex -3.59961 -13.8 40.2898
      vertex -3.59961 -16.2 40.2898
    endloop
  endfacet
  facet normal 0.675531 0 -0.737332
    outer loop
      vertex -3.59961 -13.8 40.2898
      vertex -3.9598 -16.2 39.9598
      vertex -3.9598 -13.8 39.9598
    endloop
  endfacet
  facet normal 0.923891 0 -0.382655
    outer loop
      vertex -5.07532 -16.2 38.3667
      vertex -5.26228 -13.8 37.9153
      vertex -5.07532 -13.8 38.3667
    endloop
  endfacet
  facet normal 0.923891 0 -0.382655
    outer loop
      vertex -5.26228 -13.8 37.9153
      vertex -5.07532 -16.2 38.3667
      vertex -5.26228 -16.2 37.9153
    endloop
  endfacet
  facet normal 0.608761 0 -0.793354
    outer loop
      vertex -3.59961 -16.2 40.2898
      vertex -3.21203 -13.8 40.5872
      vertex -3.21203 -16.2 40.5872
    endloop
  endfacet
  facet normal 0.608761 0 -0.793354
    outer loop
      vertex -3.21203 -13.8 40.5872
      vertex -3.59961 -16.2 40.2898
      vertex -3.59961 -13.8 40.2898
    endloop
  endfacet
  facet normal -0.793369 0 -0.608741
    outer loop
      vertex 4.58725 -16.2 39.212
      vertex 4.28985 -13.8 39.5996
      vertex 4.58725 -13.8 39.212
    endloop
  endfacet
  facet normal -0.793369 -0 -0.608741
    outer loop
      vertex 4.28985 -13.8 39.5996
      vertex 4.58725 -16.2 39.212
      vertex 4.28985 -16.2 39.5996
    endloop
  endfacet
  facet normal -0.793369 0 0.608741
    outer loop
      vertex 4.28985 -16.2 32.4004
      vertex 4.58725 -13.8 32.788
      vertex 4.28985 -13.8 32.4004
    endloop
  endfacet
  facet normal -0.793369 0 0.608741
    outer loop
      vertex 4.58725 -13.8 32.788
      vertex 4.28985 -16.2 32.4004
      vertex 4.58725 -16.2 32.788
    endloop
  endfacet
  facet normal 0.991442 -0 0.130548
    outer loop
      vertex -5.57869 -16.2 35.5119
      vertex -5.51492 -13.8 35.0276
      vertex -5.57869 -13.8 35.5119
    endloop
  endfacet
  facet normal 0.991442 0 0.130548
    outer loop
      vertex -5.51492 -13.8 35.0276
      vertex -5.57869 -16.2 35.5119
      vertex -5.51492 -16.2 35.0276
    endloop
  endfacet
  facet normal -0.300698 0 0.953719
    outer loop
      vertex 1.44939 -13.8 30.5908
      vertex 1.91531 -16.2 30.7377
      vertex 1.91531 -13.8 30.7377
    endloop
  endfacet
  facet normal -0.300698 0 0.953719
    outer loop
      vertex 1.91531 -16.2 30.7377
      vertex 1.44939 -13.8 30.5908
      vertex 1.44939 -16.2 30.5908
    endloop
  endfacet
  facet normal 0.382762 0 -0.923847
    outer loop
      vertex -2.36666 -16.2 41.0753
      vertex -1.91531 -13.8 41.2623
      vertex -1.91531 -16.2 41.2623
    endloop
  endfacet
  facet normal 0.382762 0 -0.923847
    outer loop
      vertex -1.91531 -13.8 41.2623
      vertex -2.36666 -16.2 41.0753
      vertex -2.36666 -13.8 41.0753
    endloop
  endfacet
  facet normal 0.999048 -0 0.0436175
    outer loop
      vertex -5.6 -16.2 36
      vertex -5.57869 -13.8 35.5119
      vertex -5.6 -13.8 36
    endloop
  endfacet
  facet normal 0.999048 0 0.0436175
    outer loop
      vertex -5.57869 -13.8 35.5119
      vertex -5.6 -16.2 36
      vertex -5.57869 -16.2 35.5119
    endloop
  endfacet
  facet normal 0.843376 -0 0.537324
    outer loop
      vertex -4.84974 -16.2 33.2
      vertex -4.58725 -13.8 32.788
      vertex -4.84974 -13.8 33.2
    endloop
  endfacet
  facet normal 0.843376 0 0.537324
    outer loop
      vertex -4.58725 -13.8 32.788
      vertex -4.84974 -16.2 33.2
      vertex -4.58725 -16.2 32.788
    endloop
  endfacet
  facet normal -0.461777 0 0.886996
    outer loop
      vertex 2.36666 -13.8 30.9247
      vertex 2.8 -16.2 31.1503
      vertex 2.8 -13.8 31.1503
    endloop
  endfacet
  facet normal -0.461777 0 0.886996
    outer loop
      vertex 2.8 -16.2 31.1503
      vertex 2.36666 -13.8 30.9247
      vertex 2.36666 -16.2 30.9247
    endloop
  endfacet
  facet normal 0.608761 0 0.793354
    outer loop
      vertex -3.59961 -13.8 31.7102
      vertex -3.21203 -16.2 31.4128
      vertex -3.21203 -13.8 31.4128
    endloop
  endfacet
  facet normal 0.608761 0 0.793354
    outer loop
      vertex -3.21203 -16.2 31.4128
      vertex -3.59961 -13.8 31.7102
      vertex -3.59961 -16.2 31.7102
    endloop
  endfacet
  facet normal 0.843376 0 -0.537324
    outer loop
      vertex -4.58725 -16.2 39.212
      vertex -4.84974 -13.8 38.8
      vertex -4.58725 -13.8 39.212
    endloop
  endfacet
  facet normal 0.843376 0 -0.537324
    outer loop
      vertex -4.84974 -13.8 38.8
      vertex -4.58725 -16.2 39.212
      vertex -4.84974 -16.2 38.8
    endloop
  endfacet
  facet normal -0.843376 0 0.537324
    outer loop
      vertex 4.58725 -16.2 32.788
      vertex 4.84974 -13.8 33.2
      vertex 4.58725 -13.8 32.788
    endloop
  endfacet
  facet normal -0.843376 0 0.537324
    outer loop
      vertex 4.84974 -13.8 33.2
      vertex 4.58725 -16.2 32.788
      vertex 4.84974 -16.2 33.2
    endloop
  endfacet
  facet normal -0.608761 0 0.793354
    outer loop
      vertex 3.21203 -13.8 31.4128
      vertex 3.59961 -16.2 31.7102
      vertex 3.59961 -13.8 31.7102
    endloop
  endfacet
  facet normal -0.608761 0 0.793354
    outer loop
      vertex 3.59961 -16.2 31.7102
      vertex 3.21203 -13.8 31.4128
      vertex 3.21203 -16.2 31.4128
    endloop
  endfacet
  facet normal -0.537311 0 0.843384
    outer loop
      vertex 2.8 -13.8 31.1503
      vertex 3.21203 -16.2 31.4128
      vertex 3.21203 -13.8 31.4128
    endloop
  endfacet
  facet normal -0.537311 0 0.843384
    outer loop
      vertex 3.21203 -16.2 31.4128
      vertex 2.8 -13.8 31.1503
      vertex 2.8 -16.2 31.1503
    endloop
  endfacet
  facet normal 0.923891 -0 0.382655
    outer loop
      vertex -5.26228 -16.2 34.0847
      vertex -5.07532 -13.8 33.6333
      vertex -5.26228 -13.8 34.0847
    endloop
  endfacet
  facet normal 0.923891 0 0.382655
    outer loop
      vertex -5.07532 -13.8 33.6333
      vertex -5.26228 -16.2 34.0847
      vertex -5.07532 -16.2 33.6333
    endloop
  endfacet
  facet normal 0.991442 0 -0.130548
    outer loop
      vertex -5.51492 -16.2 36.9724
      vertex -5.57869 -13.8 36.4881
      vertex -5.51492 -13.8 36.9724
    endloop
  endfacet
  facet normal 0.991442 0 -0.130548
    outer loop
      vertex -5.57869 -13.8 36.4881
      vertex -5.51492 -16.2 36.9724
      vertex -5.57869 -16.2 36.4881
    endloop
  endfacet
  facet normal 0.999048 0 -0.0436175
    outer loop
      vertex -5.57869 -16.2 36.4881
      vertex -5.6 -13.8 36
      vertex -5.57869 -13.8 36.4881
    endloop
  endfacet
  facet normal 0.999048 0 -0.0436175
    outer loop
      vertex -5.6 -13.8 36
      vertex -5.57869 -16.2 36.4881
      vertex -5.6 -16.2 36
    endloop
  endfacet
  facet normal 0.300698 0 0.953719
    outer loop
      vertex -1.91531 -13.8 30.7377
      vertex -1.44939 -16.2 30.5908
      vertex -1.44939 -13.8 30.5908
    endloop
  endfacet
  facet normal 0.300698 0 0.953719
    outer loop
      vertex -1.44939 -16.2 30.5908
      vertex -1.91531 -13.8 30.7377
      vertex -1.91531 -16.2 30.7377
    endloop
  endfacet
  facet normal -0.300698 0 -0.953719
    outer loop
      vertex 1.44939 -16.2 41.4092
      vertex 1.91531 -13.8 41.2623
      vertex 1.91531 -16.2 41.2623
    endloop
  endfacet
  facet normal -0.300698 0 -0.953719
    outer loop
      vertex 1.91531 -13.8 41.2623
      vertex 1.44939 -16.2 41.4092
      vertex 1.44939 -13.8 41.4092
    endloop
  endfacet
  facet normal -0.675531 0 0.737332
    outer loop
      vertex 3.59961 -13.8 31.7102
      vertex 3.9598 -16.2 32.0402
      vertex 3.9598 -13.8 32.0402
    endloop
  endfacet
  facet normal -0.675531 0 0.737332
    outer loop
      vertex 3.9598 -16.2 32.0402
      vertex 3.59961 -13.8 31.7102
      vertex 3.59961 -16.2 31.7102
    endloop
  endfacet
  facet normal 0.886995 0 -0.461778
    outer loop
      vertex -4.84974 -16.2 38.8
      vertex -5.07532 -13.8 38.3667
      vertex -4.84974 -13.8 38.8
    endloop
  endfacet
  facet normal 0.886995 0 -0.461778
    outer loop
      vertex -5.07532 -13.8 38.3667
      vertex -4.84974 -16.2 38.8
      vertex -5.07532 -16.2 38.3667
    endloop
  endfacet
  facet normal 0.793369 0 -0.608741
    outer loop
      vertex -4.28985 -16.2 39.5996
      vertex -4.58725 -13.8 39.212
      vertex -4.28985 -13.8 39.5996
    endloop
  endfacet
  facet normal 0.793369 0 -0.608741
    outer loop
      vertex -4.58725 -13.8 39.212
      vertex -4.28985 -16.2 39.5996
      vertex -4.58725 -16.2 39.212
    endloop
  endfacet
  facet normal -1 0 0
    outer loop
      vertex 4 -104 0
      vertex 4 -99 4
      vertex 4 -99 0
    endloop
  endfacet
  facet normal -1 -0 0
    outer loop
      vertex 4 -99 4
      vertex 4 -104 0
      vertex 4 -104 4
    endloop
  endfacet
  facet normal 0 1 -0
    outer loop
      vertex 4 -104 0
      vertex -4 -104 4
      vertex 4 -104 4
    endloop
  endfacet
  facet normal 0 1 0
    outer loop
      vertex -4 -104 4
      vertex 4 -104 0
      vertex -4 -104 0
    endloop
  endfacet
  facet normal 0 -1 0
    outer loop
      vertex -4 -99 0
      vertex 4 -99 4
      vertex -4 -99 4
    endloop
  endfacet
  facet normal 0 -1 -0
    outer loop
      vertex 4 -99 4
      vertex -4 -99 0
      vertex 4 -99 0
    endloop
  endfacet
  facet normal 1 -0 0
    outer loop
      vertex -4 -104 4
      vertex -4 -99 0
      vertex -4 -99 4
    endloop
  endfacet
  facet normal 1 0 0
    outer loop
      vertex -4 -99 0
      vertex -4 -104 4
      vertex -4 -104 0
    endloop
  endfacet
  facet normal 0 -1 0
    outer loop
      vertex -3.00536 -5.4 54.7353
      vertex -2.30518 -5.4 52.6989
      vertex -2.30518 -5.4 54.7353
    endloop
  endfacet
  facet normal 0 -1 0
    outer loop
      vertex -3.00536 -5.4 52.6443
      vertex -2.30518 -5.4 52.6989
      vertex -3.00536 -5.4 54.7353
    endloop
  endfacet
  facet normal 0 -1 0
    outer loop
      vertex -3.00536 -5.4 52.6443
      vertex -2.3033 -5.4 52.6215
      vertex -2.30518 -5.4 52.6989
    endloop
  endfacet
  facet normal 0 -1 0
    outer loop
      vertex -3.00169 -5.4 52.5219
      vertex -2.3033 -5.4 52.6215
      vertex -3.00536 -5.4 52.6443
    endloop
  endfacet
  facet normal 0 -1 -0
    outer loop
      vertex -2.3033 -5.4 52.6215
      vertex -3.00169 -5.4 52.5219
      vertex -2.29764 -5.4 52.548
    endloop
  endfacet
  facet normal 0 -1 0
    outer loop
      vertex -2.99069 -5.4 52.4052
      vertex -2.29764 -5.4 52.548
      vertex -3.00169 -5.4 52.5219
    endloop
  endfacet
  facet normal 0 -1 -0
    outer loop
      vertex -2.29764 -5.4 52.548
      vertex -2.99069 -5.4 52.4052
      vertex -2.28819 -5.4 52.4782
    endloop
  endfacet
  facet normal 0 -1 0
    outer loop
      vertex -2.97235 -5.4 52.2944
      vertex -2.28819 -5.4 52.4782
      vertex -2.99069 -5.4 52.4052
    endloop
  endfacet
  facet normal 0 -1 -0
    outer loop
      vertex -2.28819 -5.4 52.4782
      vertex -2.97235 -5.4 52.2944
      vertex -2.27499 -5.4 52.4124
    endloop
  endfacet
  facet normal 0 -1 0
    outer loop
      vertex -2.94669 -5.4 52.1893
      vertex -2.27499 -5.4 52.4124
      vertex -2.97235 -5.4 52.2944
    endloop
  endfacet
  facet normal 0 -1 -0
    outer loop
      vertex -2.27499 -5.4 52.4124
      vertex -2.94669 -5.4 52.1893
      vertex -2.25801 -5.4 52.3503
    endloop
  endfacet
  facet normal 0 -1 0
    outer loop
      vertex -2.91368 -5.4 52.0901
      vertex -2.25801 -5.4 52.3503
      vertex -2.94669 -5.4 52.1893
    endloop
  endfacet
  facet normal 0 -1 -0
    outer loop
      vertex -2.25801 -5.4 52.3503
      vertex -2.91368 -5.4 52.0901
      vertex -2.23726 -5.4 52.292
    endloop
  endfacet
  facet normal 0 -1 0
    outer loop
      vertex -2.87335 -5.4 51.9966
      vertex -2.23726 -5.4 52.292
      vertex -2.91368 -5.4 52.0901
    endloop
  endfacet
  facet normal 0 -1 -0
    outer loop
      vertex -2.23726 -5.4 52.292
      vertex -2.87335 -5.4 51.9966
      vertex -2.21272 -5.4 52.2376
    endloop
  endfacet
  facet normal 0 -1 0
    outer loop
      vertex -2.82567 -5.4 51.909
      vertex -2.21272 -5.4 52.2376
      vertex -2.87335 -5.4 51.9966
    endloop
  endfacet
  facet normal 0 -1 0
    outer loop
      vertex -2.77068 -5.4 51.8271
      vertex -2.21272 -5.4 52.2376
      vertex -2.82567 -5.4 51.909
    endloop
  endfacet
  facet normal 0 -1 -0
    outer loop
      vertex -2.21272 -5.4 52.2376
      vertex -2.77068 -5.4 51.8271
      vertex -2.18442 -5.4 52.187
    endloop
  endfacet
  facet normal 0 -1 0
    outer loop
      vertex -2.70833 -5.4 51.751
      vertex -2.18442 -5.4 52.187
      vertex -2.77068 -5.4 51.8271
    endloop
  endfacet
  facet normal 0 -1 -0
    outer loop
      vertex -2.18442 -5.4 52.187
      vertex -2.70833 -5.4 51.751
      vertex -2.15234 -5.4 52.1402
    endloop
  endfacet
  facet normal 0 -1 0
    outer loop
      vertex -2.63866 -5.4 51.6806
      vertex -2.15234 -5.4 52.1402
      vertex -2.70833 -5.4 51.751
    endloop
  endfacet
  facet normal 0 -1 -0
    outer loop
      vertex -2.15234 -5.4 52.1402
      vertex -2.63866 -5.4 51.6806
      vertex -2.1165 -5.4 52.0972
    endloop
  endfacet
  facet normal 0 -1 0
    outer loop
      vertex -2.56209 -5.4 51.6166
      vertex -2.1165 -5.4 52.0972
      vertex -2.63866 -5.4 51.6806
    endloop
  endfacet
  facet normal 0 -1 0
    outer loop
      vertex -2.47902 -5.4 51.5593
      vertex -2.1165 -5.4 52.0972
      vertex -2.56209 -5.4 51.6166
    endloop
  endfacet
  facet normal 0 -1 -0
    outer loop
      vertex -2.1165 -5.4 52.0972
      vertex -2.47902 -5.4 51.5593
      vertex -2.077 -5.4 52.0582
    endloop
  endfacet
  facet normal 0 -1 0
    outer loop
      vertex -2.38948 -5.4 51.5088
      vertex -2.077 -5.4 52.0582
      vertex -2.47902 -5.4 51.5593
    endloop
  endfacet
  facet normal 0 -1 -0
    outer loop
      vertex -2.077 -5.4 52.0582
      vertex -2.38948 -5.4 51.5088
      vertex -2.03395 -5.4 52.0233
    endloop
  endfacet
  facet normal 0 -1 0
    outer loop
      vertex -2.29347 -5.4 51.465
      vertex -2.03395 -5.4 52.0233
      vertex -2.38948 -5.4 51.5088
    endloop
  endfacet
  facet normal 0 -1 -0
    outer loop
      vertex -2.03395 -5.4 52.0233
      vertex -2.29347 -5.4 51.465
      vertex -1.98737 -5.4 51.9925
    endloop
  endfacet
  facet normal 0 -1 0
    outer loop
      vertex -2.19098 -5.4 51.4279
      vertex -1.98737 -5.4 51.9925
      vertex -2.29347 -5.4 51.465
    endloop
  endfacet
  facet normal 0 -1 -0
    outer loop
      vertex -1.98737 -5.4 51.9925
      vertex -2.19098 -5.4 51.4279
      vertex -1.93726 -5.4 51.9658
    endloop
  endfacet
  facet normal -0 -1 0
    outer loop
      vertex -1.30927 -5.4 51.3577
      vertex -1.5623 -5.4 51.8919
      vertex -1.44209 -5.4 51.3471
    endloop
  endfacet
  facet normal 0 -1 0
    outer loop
      vertex -2.082 -5.4 51.3976
      vertex -1.93726 -5.4 51.9658
      vertex -2.19098 -5.4 51.4279
    endloop
  endfacet
  facet normal -0 -1 0
    outer loop
      vertex -1.18282 -5.4 51.3752
      vertex -1.5623 -5.4 51.8919
      vertex -1.30927 -5.4 51.3577
    endloop
  endfacet
  facet normal 0 -1 -0
    outer loop
      vertex -1.93726 -5.4 51.9658
      vertex -2.082 -5.4 51.3976
      vertex -1.88361 -5.4 51.9432
    endloop
  endfacet
  facet normal -0 -1 0
    outer loop
      vertex -1.06276 -5.4 51.3997
      vertex -1.5623 -5.4 51.8919
      vertex -1.18282 -5.4 51.3752
    endloop
  endfacet
  facet normal 0 -1 0
    outer loop
      vertex -1.96655 -5.4 51.374
      vertex -1.88361 -5.4 51.9432
      vertex -2.082 -5.4 51.3976
    endloop
  endfacet
  facet normal -0 -1 0
    outer loop
      vertex -0.949081 -5.4 51.4312
      vertex -1.5623 -5.4 51.8919
      vertex -1.06276 -5.4 51.3997
    endloop
  endfacet
  facet normal 0 -1 -0
    outer loop
      vertex -1.88361 -5.4 51.9432
      vertex -1.96655 -5.4 51.374
      vertex -1.82642 -5.4 51.9247
    endloop
  endfacet
  facet normal -0 -1 0
    outer loop
      vertex -0.841782 -5.4 51.4697
      vertex -1.5623 -5.4 51.8919
      vertex -0.949081 -5.4 51.4312
    endloop
  endfacet
  facet normal 0 -1 0
    outer loop
      vertex -1.84462 -5.4 51.3571
      vertex -1.82642 -5.4 51.9247
      vertex -1.96655 -5.4 51.374
    endloop
  endfacet
  facet normal 0 -1 0
    outer loop
      vertex -1.5623 -5.4 51.8919
      vertex -0.401825 -5.4 51.7666
      vertex -0.335052 -5.4 51.8452
    endloop
  endfacet
  facet normal 0 -1 -0
    outer loop
      vertex -1.82642 -5.4 51.9247
      vertex -1.84462 -5.4 51.3571
      vertex -1.7657 -5.4 51.9104
    endloop
  endfacet
  facet normal 0 -1 0
    outer loop
      vertex -1.5623 -5.4 51.8919
      vertex -0.476471 -5.4 51.6937
      vertex -0.401825 -5.4 51.7666
    endloop
  endfacet
  facet normal 0 -1 -0
    outer loop
      vertex -1.7657 -5.4 51.9104
      vertex -1.84462 -5.4 51.3571
      vertex -1.70143 -5.4 51.9001
    endloop
  endfacet
  facet normal 0 -1 0
    outer loop
      vertex -1.5623 -5.4 51.8919
      vertex -0.558212 -5.4 51.6272
      vertex -0.476471 -5.4 51.6937
    endloop
  endfacet
  facet normal 0 -1 0
    outer loop
      vertex -1.7162 -5.4 51.347
      vertex -1.70143 -5.4 51.9001
      vertex -1.84462 -5.4 51.3571
    endloop
  endfacet
  facet normal 0 -1 0
    outer loop
      vertex -1.5623 -5.4 51.8919
      vertex -0.740875 -5.4 51.5152
      vertex -0.646362 -5.4 51.5677
    endloop
  endfacet
  facet normal 0 -1 -0
    outer loop
      vertex -1.70143 -5.4 51.9001
      vertex -1.7162 -5.4 51.347
      vertex -1.63364 -5.4 51.8939
    endloop
  endfacet
  facet normal 0 -1 0
    outer loop
      vertex -1.5623 -5.4 51.8919
      vertex -0.646362 -5.4 51.5677
      vertex -0.558212 -5.4 51.6272
    endloop
  endfacet
  facet normal 0 -1 0
    outer loop
      vertex -1.58131 -5.4 51.3436
      vertex -1.63364 -5.4 51.8939
      vertex -1.7162 -5.4 51.347
    endloop
  endfacet
  facet normal 0 -1 0
    outer loop
      vertex -1.5623 -5.4 51.8919
      vertex -0.841782 -5.4 51.4697
      vertex -0.740875 -5.4 51.5152
    endloop
  endfacet
  facet normal 0 -1 0
    outer loop
      vertex -1.63364 -5.4 51.8939
      vertex -1.58131 -5.4 51.3436
      vertex -1.5623 -5.4 51.8919
    endloop
  endfacet
  facet normal 0 -1 -0
    outer loop
      vertex -1.5623 -5.4 51.8919
      vertex -1.58131 -5.4 51.3436
      vertex -1.44209 -5.4 51.3471
    endloop
  endfacet
  facet normal 0 -1 0
    outer loop
      vertex -0.783829 -5.4 52.7226
      vertex -0.0836639 -5.4 54.7353
      vertex -0.783829 -5.4 54.7353
    endloop
  endfacet
  facet normal 0 -1 0
    outer loop
      vertex -0.783829 -5.4 52.7226
      vertex -0.0836639 -5.4 52.6799
      vertex -0.0836639 -5.4 54.7353
    endloop
  endfacet
  facet normal 0 -1 0
    outer loop
      vertex -0.785858 -5.4 52.6443
      vertex -0.0836639 -5.4 52.6799
      vertex -0.783829 -5.4 52.7226
    endloop
  endfacet
  facet normal 0 -1 0
    outer loop
      vertex -0.0875854 -5.4 52.5555
      vertex -0.785858 -5.4 52.6443
      vertex -0.791901 -5.4 52.5696
    endloop
  endfacet
  facet normal 0 -1 0
    outer loop
      vertex -0.785858 -5.4 52.6443
      vertex -0.0875854 -5.4 52.5555
      vertex -0.0836639 -5.4 52.6799
    endloop
  endfacet
  facet normal 0 -1 0
    outer loop
      vertex -0.0993652 -5.4 52.4369
      vertex -0.791901 -5.4 52.5696
      vertex -0.801987 -5.4 52.4987
    endloop
  endfacet
  facet normal 0 -1 0
    outer loop
      vertex -0.791901 -5.4 52.5696
      vertex -0.0993652 -5.4 52.4369
      vertex -0.0875854 -5.4 52.5555
    endloop
  endfacet
  facet normal 0 -1 0
    outer loop
      vertex -0.119019 -5.4 52.324
      vertex -0.801987 -5.4 52.4987
      vertex -0.816116 -5.4 52.4315
    endloop
  endfacet
  facet normal 0 -1 0
    outer loop
      vertex -0.146515 -5.4 52.2168
      vertex -0.816116 -5.4 52.4315
      vertex -0.834274 -5.4 52.3681
    endloop
  endfacet
  facet normal 0 -1 0
    outer loop
      vertex -0.801987 -5.4 52.4987
      vertex -0.119019 -5.4 52.324
      vertex -0.0993652 -5.4 52.4369
    endloop
  endfacet
  facet normal 0 -1 0
    outer loop
      vertex -0.181854 -5.4 52.1153
      vertex -0.834274 -5.4 52.3681
      vertex -0.856461 -5.4 52.3083
    endloop
  endfacet
  facet normal 0 -1 0
    outer loop
      vertex -0.276138 -5.4 51.9295
      vertex -0.856461 -5.4 52.3083
      vertex -0.88269 -5.4 52.2523
    endloop
  endfacet
  facet normal 0 -1 0
    outer loop
      vertex -0.816116 -5.4 52.4315
      vertex -0.146515 -5.4 52.2168
      vertex -0.119019 -5.4 52.324
    endloop
  endfacet
  facet normal 0 -1 0
    outer loop
      vertex -0.335052 -5.4 51.8452
      vertex -0.88269 -5.4 52.2523
      vertex -0.912949 -5.4 52.2001
    endloop
  endfacet
  facet normal 0 -1 0
    outer loop
      vertex -0.335052 -5.4 51.8452
      vertex -0.912949 -5.4 52.2001
      vertex -0.94725 -5.4 52.1515
    endloop
  endfacet
  facet normal 0 -1 0
    outer loop
      vertex -0.834274 -5.4 52.3681
      vertex -0.181854 -5.4 52.1153
      vertex -0.146515 -5.4 52.2168
    endloop
  endfacet
  facet normal 0 -1 0
    outer loop
      vertex -0.335052 -5.4 51.8452
      vertex -0.94725 -5.4 52.1515
      vertex -0.98558 -5.4 52.1067
    endloop
  endfacet
  facet normal 0 -1 0
    outer loop
      vertex -0.335052 -5.4 51.8452
      vertex -0.98558 -5.4 52.1067
      vertex -1.02765 -5.4 52.0659
    endloop
  endfacet
  facet normal 0 -1 0
    outer loop
      vertex -0.335052 -5.4 51.8452
      vertex -1.02765 -5.4 52.0659
      vertex -1.0732 -5.4 52.0293
    endloop
  endfacet
  facet normal 0 -1 0
    outer loop
      vertex -0.856461 -5.4 52.3083
      vertex -0.225067 -5.4 52.0195
      vertex -0.181854 -5.4 52.1153
    endloop
  endfacet
  facet normal 0 -1 0
    outer loop
      vertex -0.335052 -5.4 51.8452
      vertex -1.0732 -5.4 52.0293
      vertex -1.12221 -5.4 51.9971
    endloop
  endfacet
  facet normal 0 -1 0
    outer loop
      vertex -0.335052 -5.4 51.8452
      vertex -1.12221 -5.4 51.9971
      vertex -1.17468 -5.4 51.9692
    endloop
  endfacet
  facet normal 0 -1 0
    outer loop
      vertex -0.335052 -5.4 51.8452
      vertex -1.17468 -5.4 51.9692
      vertex -1.23062 -5.4 51.9456
    endloop
  endfacet
  facet normal 0 -1 0
    outer loop
      vertex -0.856461 -5.4 52.3083
      vertex -0.276138 -5.4 51.9295
      vertex -0.225067 -5.4 52.0195
    endloop
  endfacet
  facet normal 0 -1 0
    outer loop
      vertex -0.335052 -5.4 51.8452
      vertex -1.23062 -5.4 51.9456
      vertex -1.29004 -5.4 51.9263
    endloop
  endfacet
  facet normal 0 -1 0
    outer loop
      vertex -0.335052 -5.4 51.8452
      vertex -1.29004 -5.4 51.9263
      vertex -1.35291 -5.4 51.9112
    endloop
  endfacet
  facet normal 0 -1 0
    outer loop
      vertex -0.335052 -5.4 51.8452
      vertex -1.35291 -5.4 51.9112
      vertex -1.41924 -5.4 51.9005
    endloop
  endfacet
  facet normal 0 -1 0
    outer loop
      vertex -0.335052 -5.4 51.8452
      vertex -1.41924 -5.4 51.9005
      vertex -1.48904 -5.4 51.894
    endloop
  endfacet
  facet normal 0 -1 0
    outer loop
      vertex -0.335052 -5.4 51.8452
      vertex -1.48904 -5.4 51.894
      vertex -1.5623 -5.4 51.8919
    endloop
  endfacet
  facet normal 0 -1 0
    outer loop
      vertex -0.88269 -5.4 52.2523
      vertex -0.335052 -5.4 51.8452
      vertex -0.276138 -5.4 51.9295
    endloop
  endfacet
  facet normal 0 -1 0
    outer loop
      vertex 1.15628 -5.4 54.1918
      vertex 1.95851 -5.4 54.7353
      vertex 0.4561 -5.4 54.7353
    endloop
  endfacet
  facet normal 0 -1 0
    outer loop
      vertex 1.88019 -5.4 54.1918
      vertex 1.95851 -5.4 54.7353
      vertex 1.15628 -5.4 54.1918
    endloop
  endfacet
  facet normal 0 -1 0
    outer loop
      vertex 1.99834 -5.4 54.1865
      vertex 1.95851 -5.4 54.7353
      vertex 1.88019 -5.4 54.1918
    endloop
  endfacet
  facet normal 0 -1 0
    outer loop
      vertex 1.95851 -5.4 54.7353
      vertex 1.99834 -5.4 54.1865
      vertex 2.07584 -5.4 54.7325
    endloop
  endfacet
  facet normal 0 -1 0
    outer loop
      vertex 2.10405 -5.4 54.1707
      vertex 2.07584 -5.4 54.7325
      vertex 1.99834 -5.4 54.1865
    endloop
  endfacet
  facet normal 0 -1 0
    outer loop
      vertex 2.07584 -5.4 54.7325
      vertex 2.10405 -5.4 54.1707
      vertex 2.18764 -5.4 54.7242
    endloop
  endfacet
  facet normal 0 -1 0
    outer loop
      vertex 2.19733 -5.4 54.1443
      vertex 2.2939 -5.4 54.7104
      vertex 2.10405 -5.4 54.1707
    endloop
  endfacet
  facet normal 0 -1 -0
    outer loop
      vertex 2.2939 -5.4 54.7104
      vertex 2.19733 -5.4 54.1443
      vertex 2.39464 -5.4 54.691
    endloop
  endfacet
  facet normal 0 -1 0
    outer loop
      vertex 2.27817 -5.4 54.1074
      vertex 2.39464 -5.4 54.691
      vertex 2.19733 -5.4 54.1443
    endloop
  endfacet
  facet normal 0 -1 -0
    outer loop
      vertex 2.39464 -5.4 54.691
      vertex 2.27817 -5.4 54.1074
      vertex 2.48985 -5.4 54.6661
    endloop
  endfacet
  facet normal 0 -1 -0
    outer loop
      vertex 2.48985 -5.4 54.6661
      vertex 2.27817 -5.4 54.1074
      vertex 2.57953 -5.4 54.6357
    endloop
  endfacet
  facet normal 0 -1 0
    outer loop
      vertex 2.34657 -5.4 54.06
      vertex 2.57953 -5.4 54.6357
      vertex 2.27817 -5.4 54.1074
    endloop
  endfacet
  facet normal 0 -1 -0
    outer loop
      vertex 2.66367 -5.4 54.5998
      vertex 2.34657 -5.4 54.06
      vertex 2.74229 -5.4 54.5583
    endloop
  endfacet
  facet normal 0 -1 -0
    outer loop
      vertex 2.74229 -5.4 54.5583
      vertex 2.34657 -5.4 54.06
      vertex 2.81537 -5.4 54.5113
    endloop
  endfacet
  facet normal 0 -1 -0
    outer loop
      vertex 2.18764 -5.4 54.7242
      vertex 2.10405 -5.4 54.1707
      vertex 2.2939 -5.4 54.7104
    endloop
  endfacet
  facet normal 0 -1 0
    outer loop
      vertex 0.4561 -5.4 54.7353
      vertex 1.15628 -5.4 53.1071
      vertex 1.15628 -5.4 54.1918
    endloop
  endfacet
  facet normal 0 -1 0
    outer loop
      vertex 1.15628 -5.4 52.5683
      vertex 1.89915 -5.4 53.1071
      vertex 1.15628 -5.4 53.1071
    endloop
  endfacet
  facet normal 0 -1 0
    outer loop
      vertex 1.89915 -5.4 53.1071
      vertex 3.02905 -5.4 53.0503
      vertex 3.05975 -5.4 53.1
    endloop
  endfacet
  facet normal 0 -1 0
    outer loop
      vertex 1.89915 -5.4 53.1071
      vertex 2.99582 -5.4 53.003
      vertex 3.02905 -5.4 53.0503
    endloop
  endfacet
  facet normal 0 -1 0
    outer loop
      vertex 1.89915 -5.4 53.1071
      vertex 2.96004 -5.4 52.958
      vertex 2.99582 -5.4 53.003
    endloop
  endfacet
  facet normal 0 -1 0
    outer loop
      vertex 1.89915 -5.4 53.1071
      vertex 2.92172 -5.4 52.9152
      vertex 2.96004 -5.4 52.958
    endloop
  endfacet
  facet normal 0 -1 0
    outer loop
      vertex 1.89915 -5.4 53.1071
      vertex 2.88086 -5.4 52.8748
      vertex 2.92172 -5.4 52.9152
    endloop
  endfacet
  facet normal 0 -1 0
    outer loop
      vertex 1.89915 -5.4 53.1071
      vertex 2.83748 -5.4 52.8367
      vertex 2.88086 -5.4 52.8748
    endloop
  endfacet
  facet normal 0 -1 0
    outer loop
      vertex 1.89915 -5.4 53.1071
      vertex 2.79153 -5.4 52.8008
      vertex 2.83748 -5.4 52.8367
    endloop
  endfacet
  facet normal 0 -1 0
    outer loop
      vertex 1.89915 -5.4 53.1071
      vertex 2.74306 -5.4 52.7673
      vertex 2.79153 -5.4 52.8008
    endloop
  endfacet
  facet normal 0 -1 0
    outer loop
      vertex 1.89915 -5.4 53.1071
      vertex 2.69205 -5.4 52.7361
      vertex 2.74306 -5.4 52.7673
    endloop
  endfacet
  facet normal 0 -1 0
    outer loop
      vertex 1.89915 -5.4 53.1071
      vertex 2.63849 -5.4 52.7072
      vertex 2.69205 -5.4 52.7361
    endloop
  endfacet
  facet normal 0 -1 0
    outer loop
      vertex 1.89915 -5.4 53.1071
      vertex 2.58264 -5.4 52.6808
      vertex 2.63849 -5.4 52.7072
    endloop
  endfacet
  facet normal 0 -1 0
    outer loop
      vertex 1.89915 -5.4 53.1071
      vertex 2.52472 -5.4 52.6572
      vertex 2.58264 -5.4 52.6808
    endloop
  endfacet
  facet normal 0 -1 0
    outer loop
      vertex 1.89915 -5.4 53.1071
      vertex 2.46472 -5.4 52.6364
      vertex 2.52472 -5.4 52.6572
    endloop
  endfacet
  facet normal 0 -1 0
    outer loop
      vertex 1.89915 -5.4 53.1071
      vertex 2.40266 -5.4 52.6183
      vertex 2.46472 -5.4 52.6364
    endloop
  endfacet
  facet normal 0 -1 0
    outer loop
      vertex 1.89915 -5.4 53.1071
      vertex 2.33855 -5.4 52.603
      vertex 2.40266 -5.4 52.6183
    endloop
  endfacet
  facet normal 0 -1 0
    outer loop
      vertex 1.89915 -5.4 53.1071
      vertex 2.27237 -5.4 52.5905
      vertex 2.33855 -5.4 52.603
    endloop
  endfacet
  facet normal 0 -1 0
    outer loop
      vertex 1.89915 -5.4 53.1071
      vertex 2.20412 -5.4 52.5808
      vertex 2.27237 -5.4 52.5905
    endloop
  endfacet
  facet normal 0 -1 0
    outer loop
      vertex 1.89915 -5.4 53.1071
      vertex 2.1338 -5.4 52.5739
      vertex 2.20412 -5.4 52.5808
    endloop
  endfacet
  facet normal 0 -1 0
    outer loop
      vertex 1.89915 -5.4 53.1071
      vertex 2.06142 -5.4 52.5697
      vertex 2.1338 -5.4 52.5739
    endloop
  endfacet
  facet normal 0 -1 -0
    outer loop
      vertex 1.89915 -5.4 53.1071
      vertex 1.15628 -5.4 52.5683
      vertex 1.98697 -5.4 52.5683
    endloop
  endfacet
  facet normal 0 -1 0
    outer loop
      vertex 0.4561 -5.4 51.3911
      vertex 1.15628 -5.4 53.1071
      vertex 0.4561 -5.4 54.7353
    endloop
  endfacet
  facet normal 0 -1 -0
    outer loop
      vertex 1.15628 -5.4 53.1071
      vertex 0.4561 -5.4 51.3911
      vertex 1.15628 -5.4 52.5683
    endloop
  endfacet
  facet normal 0 -1 -0
    outer loop
      vertex 1.15628 -5.4 52.5683
      vertex 0.4561 -5.4 51.3911
      vertex 1.15628 -5.4 51.3911
    endloop
  endfacet
  facet normal 0 -1 -0
    outer loop
      vertex 2.57953 -5.4 54.6357
      vertex 2.34657 -5.4 54.06
      vertex 2.66367 -5.4 54.5998
    endloop
  endfacet
  facet normal 0 -1 0
    outer loop
      vertex 2.40253 -5.4 54.0021
      vertex 2.81537 -5.4 54.5113
      vertex 2.34657 -5.4 54.06
    endloop
  endfacet
  facet normal 0 -1 -0
    outer loop
      vertex 2.81537 -5.4 54.5113
      vertex 2.40253 -5.4 54.0021
      vertex 2.88293 -5.4 54.4588
    endloop
  endfacet
  facet normal 0 -1 -0
    outer loop
      vertex 2.88293 -5.4 54.4588
      vertex 2.40253 -5.4 54.0021
      vertex 2.94449 -5.4 54.4012
    endloop
  endfacet
  facet normal 0 -1 0
    outer loop
      vertex 2.44606 -5.4 53.9336
      vertex 2.94449 -5.4 54.4012
      vertex 2.40253 -5.4 54.0021
    endloop
  endfacet
  facet normal 0 -1 -0
    outer loop
      vertex 2.94449 -5.4 54.4012
      vertex 2.44606 -5.4 53.9336
      vertex 2.99957 -5.4 54.339
    endloop
  endfacet
  facet normal 0 -1 -0
    outer loop
      vertex 2.99957 -5.4 54.339
      vertex 2.44606 -5.4 53.9336
      vertex 3.04817 -5.4 54.2722
    endloop
  endfacet
  facet normal 0 -1 -0
    outer loop
      vertex 3.04817 -5.4 54.2722
      vertex 2.44606 -5.4 53.9336
      vertex 3.09029 -5.4 54.2009
    endloop
  endfacet
  facet normal 0 -1 0
    outer loop
      vertex 2.47716 -5.4 53.8545
      vertex 3.09029 -5.4 54.2009
      vertex 2.44606 -5.4 53.9336
    endloop
  endfacet
  facet normal 0 -1 -0
    outer loop
      vertex 3.09029 -5.4 54.2009
      vertex 2.47716 -5.4 53.8545
      vertex 3.12593 -5.4 54.125
    endloop
  endfacet
  facet normal 0 -1 -0
    outer loop
      vertex 3.12593 -5.4 54.125
      vertex 2.47716 -5.4 53.8545
      vertex 3.15509 -5.4 54.0445
    endloop
  endfacet
  facet normal 0 -1 -0
    outer loop
      vertex 3.15509 -5.4 54.0445
      vertex 2.47716 -5.4 53.8545
      vertex 3.17776 -5.4 53.9594
    endloop
  endfacet
  facet normal 0 -1 0
    outer loop
      vertex 2.4958 -5.4 53.7649
      vertex 3.17776 -5.4 53.9594
      vertex 2.47716 -5.4 53.8545
    endloop
  endfacet
  facet normal 0 -1 -0
    outer loop
      vertex 3.17776 -5.4 53.9594
      vertex 2.4958 -5.4 53.7649
      vertex 3.19397 -5.4 53.8698
    endloop
  endfacet
  facet normal 0 -1 -0
    outer loop
      vertex 3.19397 -5.4 53.8698
      vertex 2.4958 -5.4 53.7649
      vertex 3.20369 -5.4 53.7755
    endloop
  endfacet
  facet normal 0 -1 0
    outer loop
      vertex 2.50203 -5.4 53.6648
      vertex 3.20369 -5.4 53.7755
      vertex 2.4958 -5.4 53.7649
    endloop
  endfacet
  facet normal 0 -1 -0
    outer loop
      vertex 3.20369 -5.4 53.7755
      vertex 2.50203 -5.4 53.6648
      vertex 3.20692 -5.4 53.6767
    endloop
  endfacet
  facet normal 0 -1 0
    outer loop
      vertex 2.50203 -5.4 53.6648
      vertex 3.20546 -5.4 53.6128
      vertex 3.20692 -5.4 53.6767
    endloop
  endfacet
  facet normal 0 -1 0
    outer loop
      vertex 2.50046 -5.4 53.612
      vertex 3.20546 -5.4 53.6128
      vertex 2.50203 -5.4 53.6648
    endloop
  endfacet
  facet normal 0 -1 0
    outer loop
      vertex 3.19368 -5.4 53.4892
      vertex 2.50046 -5.4 53.612
      vertex 2.49576 -5.4 53.5617
    endloop
  endfacet
  facet normal 0 -1 0
    outer loop
      vertex 2.50046 -5.4 53.612
      vertex 3.20103 -5.4 53.5503
      vertex 3.20546 -5.4 53.6128
    endloop
  endfacet
  facet normal 0 -1 0
    outer loop
      vertex 3.18338 -5.4 53.4295
      vertex 2.49576 -5.4 53.5617
      vertex 2.48793 -5.4 53.5139
    endloop
  endfacet
  facet normal 0 -1 0
    outer loop
      vertex 2.50046 -5.4 53.612
      vertex 3.19368 -5.4 53.4892
      vertex 3.20103 -5.4 53.5503
    endloop
  endfacet
  facet normal 0 -1 0
    outer loop
      vertex 3.15395 -5.4 53.3141
      vertex 2.48793 -5.4 53.5139
      vertex 2.47696 -5.4 53.4687
    endloop
  endfacet
  facet normal 0 -1 0
    outer loop
      vertex 2.49576 -5.4 53.5617
      vertex 3.18338 -5.4 53.4295
      vertex 3.19368 -5.4 53.4892
    endloop
  endfacet
  facet normal 0 -1 0
    outer loop
      vertex 3.11273 -5.4 53.2043
      vertex 2.47696 -5.4 53.4687
      vertex 2.46286 -5.4 53.426
    endloop
  endfacet
  facet normal 0 -1 0
    outer loop
      vertex 3.05975 -5.4 53.1
      vertex 2.46286 -5.4 53.426
      vertex 2.44563 -5.4 53.3859
    endloop
  endfacet
  facet normal 0 -1 0
    outer loop
      vertex 2.48793 -5.4 53.5139
      vertex 3.17014 -5.4 53.3711
      vertex 3.18338 -5.4 53.4295
    endloop
  endfacet
  facet normal 0 -1 0
    outer loop
      vertex 3.05975 -5.4 53.1
      vertex 2.44563 -5.4 53.3859
      vertex 2.42526 -5.4 53.3483
    endloop
  endfacet
  facet normal 0 -1 0
    outer loop
      vertex 2.48793 -5.4 53.5139
      vertex 3.15395 -5.4 53.3141
      vertex 3.17014 -5.4 53.3711
    endloop
  endfacet
  facet normal 0 -1 0
    outer loop
      vertex 3.05975 -5.4 53.1
      vertex 2.42526 -5.4 53.3483
      vertex 2.40176 -5.4 53.3132
    endloop
  endfacet
  facet normal 0 -1 0
    outer loop
      vertex 3.05975 -5.4 53.1
      vertex 2.40176 -5.4 53.3132
      vertex 2.37514 -5.4 53.2807
    endloop
  endfacet
  facet normal 0 -1 0
    outer loop
      vertex 2.47696 -5.4 53.4687
      vertex 3.13481 -5.4 53.2585
      vertex 3.15395 -5.4 53.3141
    endloop
  endfacet
  facet normal 0 -1 0
    outer loop
      vertex 3.05975 -5.4 53.1
      vertex 2.37514 -5.4 53.2807
      vertex 2.34537 -5.4 53.2507
    endloop
  endfacet
  facet normal 0 -1 0
    outer loop
      vertex 3.05975 -5.4 53.1
      vertex 2.34537 -5.4 53.2507
      vertex 2.3127 -5.4 53.2234
    endloop
  endfacet
  facet normal 0 -1 0
    outer loop
      vertex 2.47696 -5.4 53.4687
      vertex 3.11273 -5.4 53.2043
      vertex 3.13481 -5.4 53.2585
    endloop
  endfacet
  facet normal 0 -1 0
    outer loop
      vertex 3.05975 -5.4 53.1
      vertex 2.3127 -5.4 53.2234
      vertex 2.27739 -5.4 53.199
    endloop
  endfacet
  facet normal 0 -1 0
    outer loop
      vertex 3.05975 -5.4 53.1
      vertex 2.27739 -5.4 53.199
      vertex 2.23941 -5.4 53.1774
    endloop
  endfacet
  facet normal 0 -1 0
    outer loop
      vertex 3.05975 -5.4 53.1
      vertex 2.23941 -5.4 53.1774
      vertex 2.19878 -5.4 53.1588
    endloop
  endfacet
  facet normal 0 -1 0
    outer loop
      vertex 2.46286 -5.4 53.426
      vertex 3.08771 -5.4 53.1514
      vertex 3.11273 -5.4 53.2043
    endloop
  endfacet
  facet normal 0 -1 0
    outer loop
      vertex 3.05975 -5.4 53.1
      vertex 2.19878 -5.4 53.1588
      vertex 2.15549 -5.4 53.143
    endloop
  endfacet
  facet normal 0 -1 0
    outer loop
      vertex 3.05975 -5.4 53.1
      vertex 2.15549 -5.4 53.143
      vertex 2.10953 -5.4 53.13
    endloop
  endfacet
  facet normal 0 -1 0
    outer loop
      vertex 3.05975 -5.4 53.1
      vertex 2.10953 -5.4 53.13
      vertex 2.06093 -5.4 53.12
    endloop
  endfacet
  facet normal 0 -1 0
    outer loop
      vertex 3.05975 -5.4 53.1
      vertex 2.06093 -5.4 53.12
      vertex 2.00966 -5.4 53.1128
    endloop
  endfacet
  facet normal 0 -1 0
    outer loop
      vertex 3.05975 -5.4 53.1
      vertex 2.00966 -5.4 53.1128
      vertex 1.95573 -5.4 53.1085
    endloop
  endfacet
  facet normal 0 -1 0
    outer loop
      vertex 2.46286 -5.4 53.426
      vertex 3.05975 -5.4 53.1
      vertex 3.08771 -5.4 53.1514
    endloop
  endfacet
  facet normal 0 -1 0
    outer loop
      vertex 3.05975 -5.4 53.1
      vertex 1.95573 -5.4 53.1085
      vertex 1.89915 -5.4 53.1071
    endloop
  endfacet
  facet normal 0 -1 0
    outer loop
      vertex 1.89915 -5.4 53.1071
      vertex 1.98697 -5.4 52.5683
      vertex 2.06142 -5.4 52.5697
    endloop
  endfacet
  facet normal -0.0795543 0 0.996831
    outer loop
      vertex -1.44209 -5.4 51.3471
      vertex -1.30927 -6 51.3577
      vertex -1.30927 -5.4 51.3577
    endloop
  endfacet
  facet normal -0.0795543 0 0.996831
    outer loop
      vertex -1.30927 -6 51.3577
      vertex -1.44209 -5.4 51.3471
      vertex -1.44209 -6 51.3471
    endloop
  endfacet
  facet normal -0.137088 0 0.990559
    outer loop
      vertex -1.30927 -5.4 51.3577
      vertex -1.18282 -6 51.3752
      vertex -1.18282 -5.4 51.3752
    endloop
  endfacet
  facet normal -0.137088 0 0.990559
    outer loop
      vertex -1.18282 -6 51.3752
      vertex -1.30927 -5.4 51.3577
      vertex -1.30927 -6 51.3577
    endloop
  endfacet
  facet normal -0.199944 0 0.979807
    outer loop
      vertex -1.18282 -5.4 51.3752
      vertex -1.06276 -6 51.3997
      vertex -1.06276 -5.4 51.3997
    endloop
  endfacet
  facet normal -0.199944 0 0.979807
    outer loop
      vertex -1.06276 -6 51.3997
      vertex -1.18282 -5.4 51.3752
      vertex -1.18282 -6 51.3752
    endloop
  endfacet
  facet normal -0.267034 0 0.963687
    outer loop
      vertex -1.06276 -5.4 51.3997
      vertex -0.949081 -6 51.4312
      vertex -0.949081 -5.4 51.4312
    endloop
  endfacet
  facet normal -0.267034 0 0.963687
    outer loop
      vertex -0.949081 -6 51.4312
      vertex -1.06276 -5.4 51.3997
      vertex -1.06276 -6 51.3997
    endloop
  endfacet
  facet normal -0.337728 0 0.941244
    outer loop
      vertex -0.949081 -5.4 51.4312
      vertex -0.841782 -6 51.4697
      vertex -0.841782 -5.4 51.4697
    endloop
  endfacet
  facet normal -0.337728 0 0.941244
    outer loop
      vertex -0.841782 -6 51.4697
      vertex -0.949081 -5.4 51.4312
      vertex -0.949081 -6 51.4312
    endloop
  endfacet
  facet normal -0.411055 0 0.911611
    outer loop
      vertex -0.841782 -5.4 51.4697
      vertex -0.740875 -6 51.5152
      vertex -0.740875 -5.4 51.5152
    endloop
  endfacet
  facet normal -0.411055 0 0.911611
    outer loop
      vertex -0.740875 -6 51.5152
      vertex -0.841782 -5.4 51.4697
      vertex -0.841782 -6 51.4697
    endloop
  endfacet
  facet normal -0.485592 0 0.874186
    outer loop
      vertex -0.740875 -5.4 51.5152
      vertex -0.646362 -6 51.5677
      vertex -0.646362 -5.4 51.5677
    endloop
  endfacet
  facet normal -0.485592 0 0.874186
    outer loop
      vertex -0.646362 -6 51.5677
      vertex -0.740875 -5.4 51.5152
      vertex -0.740875 -6 51.5152
    endloop
  endfacet
  facet normal -0.559465 0 0.828854
    outer loop
      vertex -0.646362 -5.4 51.5677
      vertex -0.558212 -6 51.6272
      vertex -0.558212 -5.4 51.6272
    endloop
  endfacet
  facet normal -0.559465 0 0.828854
    outer loop
      vertex -0.558212 -6 51.6272
      vertex -0.646362 -5.4 51.5677
      vertex -0.646362 -6 51.5677
    endloop
  endfacet
  facet normal -0.631081 0 0.775717
    outer loop
      vertex -0.558212 -5.4 51.6272
      vertex -0.476471 -6 51.6937
      vertex -0.476471 -5.4 51.6937
    endloop
  endfacet
  facet normal -0.631081 0 0.775717
    outer loop
      vertex -0.476471 -6 51.6937
      vertex -0.558212 -5.4 51.6272
      vertex -0.558212 -6 51.6272
    endloop
  endfacet
  facet normal -0.69869 0 0.715424
    outer loop
      vertex -0.476471 -5.4 51.6937
      vertex -0.401825 -6 51.7666
      vertex -0.401825 -5.4 51.7666
    endloop
  endfacet
  facet normal -0.69869 0 0.715424
    outer loop
      vertex -0.401825 -6 51.7666
      vertex -0.476471 -5.4 51.6937
      vertex -0.476471 -6 51.6937
    endloop
  endfacet
  facet normal -0.762116 0 0.64744
    outer loop
      vertex -0.401825 -6 51.7666
      vertex -0.335052 -5.4 51.8452
      vertex -0.401825 -5.4 51.7666
    endloop
  endfacet
  facet normal -0.762116 0 0.64744
    outer loop
      vertex -0.335052 -5.4 51.8452
      vertex -0.401825 -6 51.7666
      vertex -0.335052 -6 51.8452
    endloop
  endfacet
  facet normal -0.81967 0 0.572836
    outer loop
      vertex -0.335052 -6 51.8452
      vertex -0.276138 -5.4 51.9295
      vertex -0.335052 -5.4 51.8452
    endloop
  endfacet
  facet normal -0.81967 0 0.572836
    outer loop
      vertex -0.276138 -5.4 51.9295
      vertex -0.335052 -6 51.8452
      vertex -0.276138 -6 51.9295
    endloop
  endfacet
  facet normal -0.869728 0 0.493532
    outer loop
      vertex -0.276138 -6 51.9295
      vertex -0.225067 -5.4 52.0195
      vertex -0.276138 -5.4 51.9295
    endloop
  endfacet
  facet normal -0.869728 0 0.493532
    outer loop
      vertex -0.225067 -5.4 52.0195
      vertex -0.276138 -6 51.9295
      vertex -0.225067 -6 52.0195
    endloop
  endfacet
  facet normal -0.911554 0 0.41118
    outer loop
      vertex -0.225067 -6 52.0195
      vertex -0.181854 -5.4 52.1153
      vertex -0.225067 -5.4 52.0195
    endloop
  endfacet
  facet normal -0.911554 0 0.41118
    outer loop
      vertex -0.181854 -5.4 52.1153
      vertex -0.225067 -6 52.0195
      vertex -0.181854 -6 52.1153
    endloop
  endfacet
  facet normal -0.944397 0 0.328808
    outer loop
      vertex -0.181854 -6 52.1153
      vertex -0.146515 -5.4 52.2168
      vertex -0.181854 -5.4 52.1153
    endloop
  endfacet
  facet normal -0.944397 0 0.328808
    outer loop
      vertex -0.146515 -5.4 52.2168
      vertex -0.181854 -6 52.1153
      vertex -0.146515 -6 52.2168
    endloop
  endfacet
  facet normal -0.968645 0 0.24845
    outer loop
      vertex -0.146515 -6 52.2168
      vertex -0.119019 -5.4 52.324
      vertex -0.146515 -5.4 52.2168
    endloop
  endfacet
  facet normal -0.968645 0 0.24845
    outer loop
      vertex -0.119019 -5.4 52.324
      vertex -0.146515 -6 52.2168
      vertex -0.119019 -6 52.324
    endloop
  endfacet
  facet normal -0.985184 0 0.171502
    outer loop
      vertex -0.119019 -6 52.324
      vertex -0.0993652 -5.4 52.4369
      vertex -0.119019 -5.4 52.324
    endloop
  endfacet
  facet normal -0.985184 0 0.171502
    outer loop
      vertex -0.0993652 -5.4 52.4369
      vertex -0.119019 -6 52.324
      vertex -0.0993652 -6 52.4369
    endloop
  endfacet
  facet normal -0.995104 0 0.0988374
    outer loop
      vertex -0.0993652 -6 52.4369
      vertex -0.0875854 -5.4 52.5555
      vertex -0.0993652 -5.4 52.4369
    endloop
  endfacet
  facet normal -0.995104 0 0.0988374
    outer loop
      vertex -0.0875854 -5.4 52.5555
      vertex -0.0993652 -6 52.4369
      vertex -0.0875854 -6 52.5555
    endloop
  endfacet
  facet normal -0.999504 0 0.0315077
    outer loop
      vertex -0.0875854 -6 52.5555
      vertex -0.0836639 -5.4 52.6799
      vertex -0.0875854 -5.4 52.5555
    endloop
  endfacet
  facet normal -0.999504 0 0.0315077
    outer loop
      vertex -0.0836639 -5.4 52.6799
      vertex -0.0875854 -6 52.5555
      vertex -0.0836639 -6 52.6799
    endloop
  endfacet
  facet normal -1 0 0
    outer loop
      vertex -0.0836639 -6 52.6799
      vertex -0.0836639 -5.4 54.7353
      vertex -0.0836639 -5.4 52.6799
    endloop
  endfacet
  facet normal -1 -0 0
    outer loop
      vertex -0.0836639 -5.4 54.7353
      vertex -0.0836639 -6 52.6799
      vertex -0.0836639 -6 54.7353
    endloop
  endfacet
  facet normal 0 0 -1
    outer loop
      vertex -0.783829 -6 54.7353
      vertex -0.0836639 -5.4 54.7353
      vertex -0.0836639 -6 54.7353
    endloop
  endfacet
  facet normal -0 0 -1
    outer loop
      vertex -0.0836639 -5.4 54.7353
      vertex -0.783829 -6 54.7353
      vertex -0.783829 -5.4 54.7353
    endloop
  endfacet
  facet normal 1 -0 0
    outer loop
      vertex -0.783829 -6 54.7353
      vertex -0.783829 -5.4 52.7226
      vertex -0.783829 -5.4 54.7353
    endloop
  endfacet
  facet normal 1 0 0
    outer loop
      vertex -0.783829 -5.4 52.7226
      vertex -0.783829 -6 54.7353
      vertex -0.783829 -6 52.7226
    endloop
  endfacet
  facet normal 0.999664 0 -0.0259045
    outer loop
      vertex -0.783829 -6 52.7226
      vertex -0.785858 -5.4 52.6443
      vertex -0.783829 -5.4 52.7226
    endloop
  endfacet
  facet normal 0.999664 0 -0.0259045
    outer loop
      vertex -0.785858 -5.4 52.6443
      vertex -0.783829 -6 52.7226
      vertex -0.785858 -6 52.6443
    endloop
  endfacet
  facet normal 0.996744 0 -0.0806335
    outer loop
      vertex -0.785858 -6 52.6443
      vertex -0.791901 -5.4 52.5696
      vertex -0.785858 -5.4 52.6443
    endloop
  endfacet
  facet normal 0.996744 0 -0.0806335
    outer loop
      vertex -0.791901 -5.4 52.5696
      vertex -0.785858 -6 52.6443
      vertex -0.791901 -6 52.5696
    endloop
  endfacet
  facet normal 0.990033 0 -0.140839
    outer loop
      vertex -0.791901 -6 52.5696
      vertex -0.801987 -5.4 52.4987
      vertex -0.791901 -5.4 52.5696
    endloop
  endfacet
  facet normal 0.990033 0 -0.140839
    outer loop
      vertex -0.801987 -5.4 52.4987
      vertex -0.791901 -6 52.5696
      vertex -0.801987 -6 52.4987
    endloop
  endfacet
  facet normal 0.978604 0 -0.205754
    outer loop
      vertex -0.801987 -6 52.4987
      vertex -0.816116 -5.4 52.4315
      vertex -0.801987 -5.4 52.4987
    endloop
  endfacet
  facet normal 0.978604 0 -0.205754
    outer loop
      vertex -0.816116 -5.4 52.4315
      vertex -0.801987 -6 52.4987
      vertex -0.816116 -6 52.4315
    endloop
  endfacet
  facet normal 0.961349 0 -0.275334
    outer loop
      vertex -0.816116 -6 52.4315
      vertex -0.834274 -5.4 52.3681
      vertex -0.816116 -5.4 52.4315
    endloop
  endfacet
  facet normal 0.961349 0 -0.275334
    outer loop
      vertex -0.834274 -5.4 52.3681
      vertex -0.816116 -6 52.4315
      vertex -0.834274 -6 52.3681
    endloop
  endfacet
  facet normal 0.93755 0 -0.34785
    outer loop
      vertex -0.834274 -6 52.3681
      vertex -0.856461 -5.4 52.3083
      vertex -0.834274 -5.4 52.3681
    endloop
  endfacet
  facet normal 0.93755 0 -0.34785
    outer loop
      vertex -0.856461 -5.4 52.3083
      vertex -0.834274 -6 52.3681
      vertex -0.856461 -6 52.3083
    endloop
  endfacet
  facet normal 0.905589 0 -0.424155
    outer loop
      vertex -0.856461 -6 52.3083
      vertex -0.88269 -5.4 52.2523
      vertex -0.856461 -5.4 52.3083
    endloop
  endfacet
  facet normal 0.905589 0 -0.424155
    outer loop
      vertex -0.88269 -5.4 52.2523
      vertex -0.856461 -6 52.3083
      vertex -0.88269 -6 52.2523
    endloop
  endfacet
  facet normal 0.865153 0 -0.501507
    outer loop
      vertex -0.88269 -6 52.2523
      vertex -0.912949 -5.4 52.2001
      vertex -0.88269 -5.4 52.2523
    endloop
  endfacet
  facet normal 0.865153 0 -0.501507
    outer loop
      vertex -0.912949 -5.4 52.2001
      vertex -0.88269 -6 52.2523
      vertex -0.912949 -6 52.2001
    endloop
  endfacet
  facet normal 0.817007 0 -0.576628
    outer loop
      vertex -0.912949 -6 52.2001
      vertex -0.94725 -5.4 52.1515
      vertex -0.912949 -5.4 52.2001
    endloop
  endfacet
  facet normal 0.817007 0 -0.576628
    outer loop
      vertex -0.94725 -5.4 52.1515
      vertex -0.912949 -6 52.2001
      vertex -0.94725 -6 52.1515
    endloop
  endfacet
  facet normal 0.759843 0 -0.650107
    outer loop
      vertex -0.94725 -6 52.1515
      vertex -0.98558 -5.4 52.1067
      vertex -0.94725 -5.4 52.1515
    endloop
  endfacet
  facet normal 0.759843 0 -0.650107
    outer loop
      vertex -0.98558 -5.4 52.1067
      vertex -0.94725 -6 52.1515
      vertex -0.98558 -6 52.1067
    endloop
  endfacet
  facet normal 0.696188 0 -0.717859
    outer loop
      vertex -1.02765 -6 52.0659
      vertex -0.98558 -5.4 52.1067
      vertex -0.98558 -6 52.1067
    endloop
  endfacet
  facet normal 0.696188 0 -0.717859
    outer loop
      vertex -0.98558 -5.4 52.1067
      vertex -1.02765 -6 52.0659
      vertex -1.02765 -5.4 52.0659
    endloop
  endfacet
  facet normal 0.626363 0 -0.779531
    outer loop
      vertex -1.0732 -6 52.0293
      vertex -1.02765 -5.4 52.0659
      vertex -1.02765 -6 52.0659
    endloop
  endfacet
  facet normal 0.626363 0 -0.779531
    outer loop
      vertex -1.02765 -5.4 52.0659
      vertex -1.0732 -6 52.0293
      vertex -1.0732 -5.4 52.0293
    endloop
  endfacet
  facet normal 0.5491 0 -0.835757
    outer loop
      vertex -1.12221 -6 51.9971
      vertex -1.0732 -5.4 52.0293
      vertex -1.0732 -6 52.0293
    endloop
  endfacet
  facet normal 0.5491 0 -0.835757
    outer loop
      vertex -1.0732 -5.4 52.0293
      vertex -1.12221 -6 51.9971
      vertex -1.12221 -5.4 51.9971
    endloop
  endfacet
  facet normal 0.469487 0 -0.882939
    outer loop
      vertex -1.17468 -6 51.9692
      vertex -1.12221 -5.4 51.9971
      vertex -1.12221 -6 51.9971
    endloop
  endfacet
  facet normal 0.469487 0 -0.882939
    outer loop
      vertex -1.12221 -5.4 51.9971
      vertex -1.17468 -6 51.9692
      vertex -1.17468 -5.4 51.9692
    endloop
  endfacet
  facet normal 0.388705 0 -0.921362
    outer loop
      vertex -1.23062 -6 51.9456
      vertex -1.17468 -5.4 51.9692
      vertex -1.17468 -6 51.9692
    endloop
  endfacet
  facet normal 0.388705 0 -0.921362
    outer loop
      vertex -1.17468 -5.4 51.9692
      vertex -1.23062 -6 51.9456
      vertex -1.23062 -5.4 51.9456
    endloop
  endfacet
  facet normal 0.30892 0 -0.951088
    outer loop
      vertex -1.29004 -6 51.9263
      vertex -1.23062 -5.4 51.9456
      vertex -1.23062 -6 51.9456
    endloop
  endfacet
  facet normal 0.30892 0 -0.951088
    outer loop
      vertex -1.23062 -5.4 51.9456
      vertex -1.29004 -6 51.9263
      vertex -1.29004 -5.4 51.9263
    endloop
  endfacet
  facet normal 0.233537 0 -0.972348
    outer loop
      vertex -1.35291 -6 51.9112
      vertex -1.29004 -5.4 51.9263
      vertex -1.29004 -6 51.9263
    endloop
  endfacet
  facet normal 0.233537 0 -0.972348
    outer loop
      vertex -1.29004 -5.4 51.9263
      vertex -1.35291 -6 51.9112
      vertex -1.35291 -5.4 51.9112
    endloop
  endfacet
  facet normal 0.159256 0 -0.987237
    outer loop
      vertex -1.41924 -6 51.9005
      vertex -1.35291 -5.4 51.9112
      vertex -1.35291 -6 51.9112
    endloop
  endfacet
  facet normal 0.159256 0 -0.987237
    outer loop
      vertex -1.35291 -5.4 51.9112
      vertex -1.41924 -6 51.9005
      vertex -1.41924 -5.4 51.9005
    endloop
  endfacet
  facet normal 0.092722 0 -0.995692
    outer loop
      vertex -1.48904 -6 51.894
      vertex -1.41924 -5.4 51.9005
      vertex -1.41924 -6 51.9005
    endloop
  endfacet
  facet normal 0.092722 0 -0.995692
    outer loop
      vertex -1.41924 -5.4 51.9005
      vertex -1.48904 -6 51.894
      vertex -1.48904 -5.4 51.894
    endloop
  endfacet
  facet normal 0.0286533 0 -0.999589
    outer loop
      vertex -1.5623 -6 51.8919
      vertex -1.48904 -5.4 51.894
      vertex -1.48904 -6 51.894
    endloop
  endfacet
  facet normal 0.0286533 0 -0.999589
    outer loop
      vertex -1.48904 -5.4 51.894
      vertex -1.5623 -6 51.8919
      vertex -1.5623 -5.4 51.8919
    endloop
  endfacet
  facet normal -0.0280238 0 -0.999607
    outer loop
      vertex -1.63364 -6 51.8939
      vertex -1.5623 -5.4 51.8919
      vertex -1.5623 -6 51.8919
    endloop
  endfacet
  facet normal -0.0280238 0 -0.999607
    outer loop
      vertex -1.5623 -5.4 51.8919
      vertex -1.63364 -6 51.8939
      vertex -1.63364 -5.4 51.8939
    endloop
  endfacet
  facet normal -0.0910788 0 -0.995844
    outer loop
      vertex -1.70143 -6 51.9001
      vertex -1.63364 -5.4 51.8939
      vertex -1.63364 -6 51.8939
    endloop
  endfacet
  facet normal -0.0910788 0 -0.995844
    outer loop
      vertex -1.63364 -5.4 51.8939
      vertex -1.70143 -6 51.9001
      vertex -1.70143 -5.4 51.9001
    endloop
  endfacet
  facet normal -0.158242 0 -0.9874
    outer loop
      vertex -1.7657 -6 51.9104
      vertex -1.70143 -5.4 51.9001
      vertex -1.70143 -6 51.9001
    endloop
  endfacet
  facet normal -0.158242 0 -0.9874
    outer loop
      vertex -1.70143 -5.4 51.9001
      vertex -1.7657 -6 51.9104
      vertex -1.7657 -5.4 51.9104
    endloop
  endfacet
  facet normal -0.229236 0 -0.973371
    outer loop
      vertex -1.82642 -6 51.9247
      vertex -1.7657 -5.4 51.9104
      vertex -1.7657 -6 51.9104
    endloop
  endfacet
  facet normal -0.229236 0 -0.973371
    outer loop
      vertex -1.7657 -5.4 51.9104
      vertex -1.82642 -6 51.9247
      vertex -1.82642 -5.4 51.9247
    endloop
  endfacet
  facet normal -0.30778 0 -0.951457
    outer loop
      vertex -1.88361 -6 51.9432
      vertex -1.82642 -5.4 51.9247
      vertex -1.82642 -6 51.9247
    endloop
  endfacet
  facet normal -0.30778 0 -0.951457
    outer loop
      vertex -1.82642 -5.4 51.9247
      vertex -1.88361 -6 51.9432
      vertex -1.88361 -5.4 51.9432
    endloop
  endfacet
  facet normal -0.388211 0 -0.921571
    outer loop
      vertex -1.93726 -6 51.9658
      vertex -1.88361 -5.4 51.9432
      vertex -1.88361 -6 51.9432
    endloop
  endfacet
  facet normal -0.388211 0 -0.921571
    outer loop
      vertex -1.88361 -5.4 51.9432
      vertex -1.93726 -6 51.9658
      vertex -1.93726 -5.4 51.9658
    endloop
  endfacet
  facet normal -0.470241 0 -0.882538
    outer loop
      vertex -1.98737 -6 51.9925
      vertex -1.93726 -5.4 51.9658
      vertex -1.93726 -6 51.9658
    endloop
  endfacet
  facet normal -0.470241 0 -0.882538
    outer loop
      vertex -1.93726 -5.4 51.9658
      vertex -1.98737 -6 51.9925
      vertex -1.98737 -5.4 51.9925
    endloop
  endfacet
  facet normal -0.551556 0 -0.834138
    outer loop
      vertex -2.03395 -6 52.0233
      vertex -1.98737 -5.4 51.9925
      vertex -1.98737 -6 51.9925
    endloop
  endfacet
  facet normal -0.551556 0 -0.834138
    outer loop
      vertex -1.98737 -5.4 51.9925
      vertex -2.03395 -6 52.0233
      vertex -2.03395 -5.4 52.0233
    endloop
  endfacet
  facet normal -0.629743 0 -0.776803
    outer loop
      vertex -2.077 -6 52.0582
      vertex -2.03395 -5.4 52.0233
      vertex -2.03395 -6 52.0233
    endloop
  endfacet
  facet normal -0.629743 0 -0.776803
    outer loop
      vertex -2.03395 -5.4 52.0233
      vertex -2.077 -6 52.0582
      vertex -2.077 -5.4 52.0582
    endloop
  endfacet
  facet normal -0.702589 0 -0.711596
    outer loop
      vertex -2.1165 -6 52.0972
      vertex -2.077 -5.4 52.0582
      vertex -2.077 -6 52.0582
    endloop
  endfacet
  facet normal -0.702589 0 -0.711596
    outer loop
      vertex -2.077 -5.4 52.0582
      vertex -2.1165 -6 52.0972
      vertex -2.1165 -5.4 52.0972
    endloop
  endfacet
  facet normal -0.768163 0 -0.640255
    outer loop
      vertex -2.1165 -6 52.0972
      vertex -2.15234 -5.4 52.1402
      vertex -2.1165 -5.4 52.0972
    endloop
  endfacet
  facet normal -0.768163 -0 -0.640255
    outer loop
      vertex -2.15234 -5.4 52.1402
      vertex -2.1165 -6 52.0972
      vertex -2.15234 -6 52.1402
    endloop
  endfacet
  facet normal -0.824823 0 -0.565391
    outer loop
      vertex -2.15234 -6 52.1402
      vertex -2.18442 -5.4 52.187
      vertex -2.15234 -5.4 52.1402
    endloop
  endfacet
  facet normal -0.824823 -0 -0.565391
    outer loop
      vertex -2.18442 -5.4 52.187
      vertex -2.15234 -6 52.1402
      vertex -2.18442 -6 52.187
    endloop
  endfacet
  facet normal -0.872771 0 -0.488131
    outer loop
      vertex -2.18442 -6 52.187
      vertex -2.21272 -5.4 52.2376
      vertex -2.18442 -5.4 52.187
    endloop
  endfacet
  facet normal -0.872771 -0 -0.488131
    outer loop
      vertex -2.21272 -5.4 52.2376
      vertex -2.18442 -6 52.187
      vertex -2.21272 -6 52.2376
    endloop
  endfacet
  facet normal -0.911545 0 -0.411201
    outer loop
      vertex -2.21272 -6 52.2376
      vertex -2.23726 -5.4 52.292
      vertex -2.21272 -5.4 52.2376
    endloop
  endfacet
  facet normal -0.911545 -0 -0.411201
    outer loop
      vertex -2.23726 -5.4 52.292
      vertex -2.21272 -6 52.2376
      vertex -2.23726 -6 52.292
    endloop
  endfacet
  facet normal -0.942107 0 -0.335313
    outer loop
      vertex -2.23726 -6 52.292
      vertex -2.25801 -5.4 52.3503
      vertex -2.23726 -5.4 52.292
    endloop
  endfacet
  facet normal -0.942107 -0 -0.335313
    outer loop
      vertex -2.25801 -5.4 52.3503
      vertex -2.23726 -6 52.292
      vertex -2.25801 -6 52.3503
    endloop
  endfacet
  facet normal -0.964592 0 -0.263748
    outer loop
      vertex -2.25801 -6 52.3503
      vertex -2.27499 -5.4 52.4124
      vertex -2.25801 -5.4 52.3503
    endloop
  endfacet
  facet normal -0.964592 -0 -0.263748
    outer loop
      vertex -2.27499 -5.4 52.4124
      vertex -2.25801 -6 52.3503
      vertex -2.27499 -6 52.4124
    endloop
  endfacet
  facet normal -0.980466 0 -0.196689
    outer loop
      vertex -2.27499 -6 52.4124
      vertex -2.28819 -5.4 52.4782
      vertex -2.27499 -5.4 52.4124
    endloop
  endfacet
  facet normal -0.980466 -0 -0.196689
    outer loop
      vertex -2.28819 -5.4 52.4782
      vertex -2.27499 -6 52.4124
      vertex -2.28819 -6 52.4782
    endloop
  endfacet
  facet normal -0.990959 0 -0.134163
    outer loop
      vertex -2.28819 -6 52.4782
      vertex -2.29764 -5.4 52.548
      vertex -2.28819 -5.4 52.4782
    endloop
  endfacet
  facet normal -0.990959 -0 -0.134163
    outer loop
      vertex -2.29764 -5.4 52.548
      vertex -2.28819 -6 52.4782
      vertex -2.29764 -6 52.548
    endloop
  endfacet
  facet normal -0.997048 0 -0.0767795
    outer loop
      vertex -2.29764 -6 52.548
      vertex -2.3033 -5.4 52.6215
      vertex -2.29764 -5.4 52.548
    endloop
  endfacet
  facet normal -0.997048 -0 -0.0767795
    outer loop
      vertex -2.3033 -5.4 52.6215
      vertex -2.29764 -6 52.548
      vertex -2.3033 -6 52.6215
    endloop
  endfacet
  facet normal -0.999705 0 -0.0242822
    outer loop
      vertex -2.3033 -6 52.6215
      vertex -2.30518 -5.4 52.6989
      vertex -2.3033 -5.4 52.6215
    endloop
  endfacet
  facet normal -0.999705 -0 -0.0242822
    outer loop
      vertex -2.30518 -5.4 52.6989
      vertex -2.3033 -6 52.6215
      vertex -2.30518 -6 52.6989
    endloop
  endfacet
  facet normal -1 0 0
    outer loop
      vertex -2.30518 -6 52.6989
      vertex -2.30518 -5.4 54.7353
      vertex -2.30518 -5.4 52.6989
    endloop
  endfacet
  facet normal -1 -0 0
    outer loop
      vertex -2.30518 -5.4 54.7353
      vertex -2.30518 -6 52.6989
      vertex -2.30518 -6 54.7353
    endloop
  endfacet
  facet normal 0 0 -1
    outer loop
      vertex -3.00536 -6 54.7353
      vertex -2.30518 -5.4 54.7353
      vertex -2.30518 -6 54.7353
    endloop
  endfacet
  facet normal -0 0 -1
    outer loop
      vertex -2.30518 -5.4 54.7353
      vertex -3.00536 -6 54.7353
      vertex -3.00536 -5.4 54.7353
    endloop
  endfacet
  facet normal 1 -0 0
    outer loop
      vertex -3.00536 -6 54.7353
      vertex -3.00536 -5.4 52.6443
      vertex -3.00536 -5.4 54.7353
    endloop
  endfacet
  facet normal 1 0 0
    outer loop
      vertex -3.00536 -5.4 52.6443
      vertex -3.00536 -6 54.7353
      vertex -3.00536 -6 52.6443
    endloop
  endfacet
  facet normal 0.999551 -0 0.0299702
    outer loop
      vertex -3.00536 -6 52.6443
      vertex -3.00169 -5.4 52.5219
      vertex -3.00536 -5.4 52.6443
    endloop
  endfacet
  facet normal 0.999551 0 0.0299702
    outer loop
      vertex -3.00169 -5.4 52.5219
      vertex -3.00536 -6 52.6443
      vertex -3.00169 -6 52.5219
    endloop
  endfacet
  facet normal 0.995587 -0 0.0938428
    outer loop
      vertex -3.00169 -6 52.5219
      vertex -2.99069 -5.4 52.4052
      vertex -3.00169 -5.4 52.5219
    endloop
  endfacet
  facet normal 0.995587 0 0.0938428
    outer loop
      vertex -2.99069 -5.4 52.4052
      vertex -3.00169 -6 52.5219
      vertex -2.99069 -6 52.4052
    endloop
  endfacet
  facet normal 0.986576 -0 0.163302
    outer loop
      vertex -2.99069 -6 52.4052
      vertex -2.97235 -5.4 52.2944
      vertex -2.99069 -5.4 52.4052
    endloop
  endfacet
  facet normal 0.986576 0 0.163302
    outer loop
      vertex -2.97235 -5.4 52.2944
      vertex -2.99069 -6 52.4052
      vertex -2.97235 -6 52.2944
    endloop
  endfacet
  facet normal 0.971465 -0 0.237182
    outer loop
      vertex -2.97235 -6 52.2944
      vertex -2.94669 -5.4 52.1893
      vertex -2.97235 -5.4 52.2944
    endloop
  endfacet
  facet normal 0.971465 0 0.237182
    outer loop
      vertex -2.94669 -5.4 52.1893
      vertex -2.97235 -6 52.2944
      vertex -2.94669 -6 52.1893
    endloop
  endfacet
  facet normal 0.948846 -0 0.31574
    outer loop
      vertex -2.94669 -6 52.1893
      vertex -2.91368 -5.4 52.0901
      vertex -2.94669 -5.4 52.1893
    endloop
  endfacet
  facet normal 0.948846 0 0.31574
    outer loop
      vertex -2.91368 -5.4 52.0901
      vertex -2.94669 -6 52.1893
      vertex -2.91368 -6 52.0901
    endloop
  endfacet
  facet normal 0.918223 -0 0.396064
    outer loop
      vertex -2.91368 -6 52.0901
      vertex -2.87335 -5.4 51.9966
      vertex -2.91368 -5.4 52.0901
    endloop
  endfacet
  facet normal 0.918223 0 0.396064
    outer loop
      vertex -2.87335 -5.4 51.9966
      vertex -2.91368 -6 52.0901
      vertex -2.87335 -6 51.9966
    endloop
  endfacet
  facet normal 0.878324 -0 0.478065
    outer loop
      vertex -2.87335 -6 51.9966
      vertex -2.82567 -5.4 51.909
      vertex -2.87335 -5.4 51.9966
    endloop
  endfacet
  facet normal 0.878324 0 0.478065
    outer loop
      vertex -2.82567 -5.4 51.909
      vertex -2.87335 -6 51.9966
      vertex -2.82567 -6 51.909
    endloop
  endfacet
  facet normal 0.830221 -0 0.557434
    outer loop
      vertex -2.82567 -6 51.909
      vertex -2.77068 -5.4 51.8271
      vertex -2.82567 -5.4 51.909
    endloop
  endfacet
  facet normal 0.830221 0 0.557434
    outer loop
      vertex -2.77068 -5.4 51.8271
      vertex -2.82567 -6 51.909
      vertex -2.77068 -6 51.8271
    endloop
  endfacet
  facet normal 0.773527 -0 0.633763
    outer loop
      vertex -2.77068 -6 51.8271
      vertex -2.70833 -5.4 51.751
      vertex -2.77068 -5.4 51.8271
    endloop
  endfacet
  facet normal 0.773527 0 0.633763
    outer loop
      vertex -2.70833 -5.4 51.751
      vertex -2.77068 -6 51.8271
      vertex -2.70833 -6 51.751
    endloop
  endfacet
  facet normal 0.710782 -0 0.703412
    outer loop
      vertex -2.70833 -6 51.751
      vertex -2.63866 -5.4 51.6806
      vertex -2.70833 -5.4 51.751
    endloop
  endfacet
  facet normal 0.710782 0 0.703412
    outer loop
      vertex -2.63866 -5.4 51.6806
      vertex -2.70833 -6 51.751
      vertex -2.63866 -6 51.6806
    endloop
  endfacet
  facet normal 0.641317 0 0.767276
    outer loop
      vertex -2.63866 -5.4 51.6806
      vertex -2.56209 -6 51.6166
      vertex -2.56209 -5.4 51.6166
    endloop
  endfacet
  facet normal 0.641317 0 0.767276
    outer loop
      vertex -2.56209 -6 51.6166
      vertex -2.63866 -5.4 51.6806
      vertex -2.63866 -6 51.6806
    endloop
  endfacet
  facet normal 0.567802 0 0.823165
    outer loop
      vertex -2.56209 -5.4 51.6166
      vertex -2.47902 -6 51.5593
      vertex -2.47902 -5.4 51.5593
    endloop
  endfacet
  facet normal 0.567802 0 0.823165
    outer loop
      vertex -2.47902 -6 51.5593
      vertex -2.56209 -5.4 51.6166
      vertex -2.56209 -6 51.6166
    endloop
  endfacet
  facet normal 0.491249 0 0.871019
    outer loop
      vertex -2.47902 -5.4 51.5593
      vertex -2.38948 -6 51.5088
      vertex -2.38948 -5.4 51.5088
    endloop
  endfacet
  facet normal 0.491249 0 0.871019
    outer loop
      vertex -2.38948 -6 51.5088
      vertex -2.47902 -5.4 51.5593
      vertex -2.47902 -6 51.5593
    endloop
  endfacet
  facet normal 0.415052 0 0.909798
    outer loop
      vertex -2.38948 -5.4 51.5088
      vertex -2.29347 -6 51.465
      vertex -2.29347 -5.4 51.465
    endloop
  endfacet
  facet normal 0.415052 0 0.909798
    outer loop
      vertex -2.29347 -6 51.465
      vertex -2.38948 -5.4 51.5088
      vertex -2.38948 -6 51.5088
    endloop
  endfacet
  facet normal 0.340373 0 0.940291
    outer loop
      vertex -2.29347 -5.4 51.465
      vertex -2.19098 -6 51.4279
      vertex -2.19098 -5.4 51.4279
    endloop
  endfacet
  facet normal 0.340373 0 0.940291
    outer loop
      vertex -2.19098 -6 51.4279
      vertex -2.29347 -5.4 51.465
      vertex -2.29347 -6 51.465
    endloop
  endfacet
  facet normal 0.267872 0 0.963455
    outer loop
      vertex -2.19098 -5.4 51.4279
      vertex -2.082 -6 51.3976
      vertex -2.082 -5.4 51.3976
    endloop
  endfacet
  facet normal 0.267872 0 0.963455
    outer loop
      vertex -2.082 -6 51.3976
      vertex -2.19098 -5.4 51.4279
      vertex -2.19098 -6 51.4279
    endloop
  endfacet
  facet normal 0.200276 0 0.97974
    outer loop
      vertex -2.082 -5.4 51.3976
      vertex -1.96655 -6 51.374
      vertex -1.96655 -5.4 51.374
    endloop
  endfacet
  facet normal 0.200276 0 0.97974
    outer loop
      vertex -1.96655 -6 51.374
      vertex -2.082 -5.4 51.3976
      vertex -2.082 -6 51.3976
    endloop
  endfacet
  facet normal 0.137292 0 0.990531
    outer loop
      vertex -1.96655 -5.4 51.374
      vertex -1.84462 -6 51.3571
      vertex -1.84462 -5.4 51.3571
    endloop
  endfacet
  facet normal 0.137292 0 0.990531
    outer loop
      vertex -1.84462 -6 51.3571
      vertex -1.96655 -5.4 51.374
      vertex -1.96655 -6 51.374
    endloop
  endfacet
  facet normal 0.0784061 0 0.996922
    outer loop
      vertex -1.84462 -5.4 51.3571
      vertex -1.7162 -6 51.347
      vertex -1.7162 -5.4 51.347
    endloop
  endfacet
  facet normal 0.0784061 0 0.996922
    outer loop
      vertex -1.7162 -6 51.347
      vertex -1.84462 -5.4 51.3571
      vertex -1.84462 -6 51.3571
    endloop
  endfacet
  facet normal 0.0251977 0 0.999682
    outer loop
      vertex -1.7162 -5.4 51.347
      vertex -1.58131 -6 51.3436
      vertex -1.58131 -5.4 51.3436
    endloop
  endfacet
  facet normal 0.0251977 0 0.999682
    outer loop
      vertex -1.58131 -6 51.3436
      vertex -1.7162 -5.4 51.347
      vertex -1.7162 -6 51.347
    endloop
  endfacet
  facet normal -0.0251321 0 0.999684
    outer loop
      vertex -1.58131 -5.4 51.3436
      vertex -1.44209 -6 51.3471
      vertex -1.44209 -5.4 51.3471
    endloop
  endfacet
  facet normal -0.0251321 0 0.999684
    outer loop
      vertex -1.44209 -6 51.3471
      vertex -1.58131 -5.4 51.3436
      vertex -1.58131 -6 51.3436
    endloop
  endfacet
  facet normal -0 0 1
    outer loop
      vertex 1.15628 -5.4 52.5683
      vertex 1.98697 -6 52.5683
      vertex 1.98697 -5.4 52.5683
    endloop
  endfacet
  facet normal 0 0 1
    outer loop
      vertex 1.98697 -6 52.5683
      vertex 1.15628 -5.4 52.5683
      vertex 1.15628 -6 52.5683
    endloop
  endfacet
  facet normal -0.0188012 0 0.999823
    outer loop
      vertex 1.98697 -5.4 52.5683
      vertex 2.06142 -6 52.5697
      vertex 2.06142 -5.4 52.5697
    endloop
  endfacet
  facet normal -0.0188012 0 0.999823
    outer loop
      vertex 2.06142 -6 52.5697
      vertex 1.98697 -5.4 52.5683
      vertex 1.98697 -6 52.5683
    endloop
  endfacet
  facet normal -0.0579296 0 0.998321
    outer loop
      vertex 2.06142 -5.4 52.5697
      vertex 2.1338 -6 52.5739
      vertex 2.1338 -5.4 52.5739
    endloop
  endfacet
  facet normal -0.0579296 0 0.998321
    outer loop
      vertex 2.1338 -6 52.5739
      vertex 2.06142 -5.4 52.5697
      vertex 2.06142 -6 52.5697
    endloop
  endfacet
  facet normal -0.0976539 0 0.99522
    outer loop
      vertex 2.1338 -5.4 52.5739
      vertex 2.20412 -6 52.5808
      vertex 2.20412 -5.4 52.5808
    endloop
  endfacet
  facet normal -0.0976539 0 0.99522
    outer loop
      vertex 2.20412 -6 52.5808
      vertex 2.1338 -5.4 52.5739
      vertex 2.1338 -6 52.5739
    endloop
  endfacet
  facet normal -0.140711 0 0.990051
    outer loop
      vertex 2.20412 -5.4 52.5808
      vertex 2.27237 -6 52.5905
      vertex 2.27237 -5.4 52.5905
    endloop
  endfacet
  facet normal -0.140711 0 0.990051
    outer loop
      vertex 2.27237 -6 52.5905
      vertex 2.20412 -5.4 52.5808
      vertex 2.20412 -6 52.5808
    endloop
  endfacet
  facet normal -0.185597 0 0.982626
    outer loop
      vertex 2.27237 -5.4 52.5905
      vertex 2.33855 -6 52.603
      vertex 2.33855 -5.4 52.603
    endloop
  endfacet
  facet normal -0.185597 0 0.982626
    outer loop
      vertex 2.33855 -6 52.603
      vertex 2.27237 -5.4 52.5905
      vertex 2.27237 -6 52.5905
    endloop
  endfacet
  facet normal -0.232133 0 0.972684
    outer loop
      vertex 2.33855 -5.4 52.603
      vertex 2.40266 -6 52.6183
      vertex 2.40266 -5.4 52.6183
    endloop
  endfacet
  facet normal -0.232133 0 0.972684
    outer loop
      vertex 2.40266 -6 52.6183
      vertex 2.33855 -5.4 52.603
      vertex 2.33855 -6 52.603
    endloop
  endfacet
  facet normal -0.279988 0 0.960003
    outer loop
      vertex 2.40266 -5.4 52.6183
      vertex 2.46472 -6 52.6364
      vertex 2.46472 -5.4 52.6364
    endloop
  endfacet
  facet normal -0.279988 0 0.960003
    outer loop
      vertex 2.46472 -6 52.6364
      vertex 2.40266 -5.4 52.6183
      vertex 2.40266 -6 52.6183
    endloop
  endfacet
  facet normal -0.327543 0 0.944836
    outer loop
      vertex 2.46472 -5.4 52.6364
      vertex 2.52472 -6 52.6572
      vertex 2.52472 -5.4 52.6572
    endloop
  endfacet
  facet normal -0.327543 0 0.944836
    outer loop
      vertex 2.52472 -6 52.6572
      vertex 2.46472 -5.4 52.6364
      vertex 2.46472 -6 52.6364
    endloop
  endfacet
  facet normal -0.377338 0 0.926076
    outer loop
      vertex 2.52472 -5.4 52.6572
      vertex 2.58264 -6 52.6808
      vertex 2.58264 -5.4 52.6808
    endloop
  endfacet
  facet normal -0.377338 0 0.926076
    outer loop
      vertex 2.58264 -6 52.6808
      vertex 2.52472 -5.4 52.6572
      vertex 2.52472 -6 52.6572
    endloop
  endfacet
  facet normal -0.427356 0 0.904084
    outer loop
      vertex 2.58264 -5.4 52.6808
      vertex 2.63849 -6 52.7072
      vertex 2.63849 -5.4 52.7072
    endloop
  endfacet
  facet normal -0.427356 0 0.904084
    outer loop
      vertex 2.63849 -6 52.7072
      vertex 2.58264 -5.4 52.6808
      vertex 2.58264 -6 52.6808
    endloop
  endfacet
  facet normal -0.474864 0 0.880059
    outer loop
      vertex 2.63849 -5.4 52.7072
      vertex 2.69205 -6 52.7361
      vertex 2.69205 -5.4 52.7361
    endloop
  endfacet
  facet normal -0.474864 0 0.880059
    outer loop
      vertex 2.69205 -6 52.7361
      vertex 2.63849 -5.4 52.7072
      vertex 2.63849 -6 52.7072
    endloop
  endfacet
  facet normal -0.521781 0 0.853079
    outer loop
      vertex 2.69205 -5.4 52.7361
      vertex 2.74306 -6 52.7673
      vertex 2.74306 -5.4 52.7673
    endloop
  endfacet
  facet normal -0.521781 0 0.853079
    outer loop
      vertex 2.74306 -6 52.7673
      vertex 2.69205 -5.4 52.7361
      vertex 2.69205 -6 52.7361
    endloop
  endfacet
  facet normal -0.568566 0 0.822638
    outer loop
      vertex 2.74306 -5.4 52.7673
      vertex 2.79153 -6 52.8008
      vertex 2.79153 -5.4 52.8008
    endloop
  endfacet
  facet normal -0.568566 0 0.822638
    outer loop
      vertex 2.79153 -6 52.8008
      vertex 2.74306 -5.4 52.7673
      vertex 2.74306 -6 52.7673
    endloop
  endfacet
  facet normal -0.615661 0 0.788011
    outer loop
      vertex 2.79153 -5.4 52.8008
      vertex 2.83748 -6 52.8367
      vertex 2.83748 -5.4 52.8367
    endloop
  endfacet
  facet normal -0.615661 0 0.788011
    outer loop
      vertex 2.83748 -6 52.8367
      vertex 2.79153 -5.4 52.8008
      vertex 2.79153 -6 52.8008
    endloop
  endfacet
  facet normal -0.659901 0 0.751352
    outer loop
      vertex 2.83748 -5.4 52.8367
      vertex 2.88086 -6 52.8748
      vertex 2.88086 -5.4 52.8748
    endloop
  endfacet
  facet normal -0.659901 0 0.751352
    outer loop
      vertex 2.88086 -6 52.8748
      vertex 2.83748 -5.4 52.8367
      vertex 2.83748 -6 52.8367
    endloop
  endfacet
  facet normal -0.703093 0 0.711098
    outer loop
      vertex 2.88086 -5.4 52.8748
      vertex 2.92172 -6 52.9152
      vertex 2.92172 -5.4 52.9152
    endloop
  endfacet
  facet normal -0.703093 0 0.711098
    outer loop
      vertex 2.92172 -6 52.9152
      vertex 2.88086 -5.4 52.8748
      vertex 2.88086 -6 52.8748
    endloop
  endfacet
  facet normal -0.745023 0 0.667039
    outer loop
      vertex 2.92172 -6 52.9152
      vertex 2.96004 -5.4 52.958
      vertex 2.92172 -5.4 52.9152
    endloop
  endfacet
  facet normal -0.745023 0 0.667039
    outer loop
      vertex 2.96004 -5.4 52.958
      vertex 2.92172 -6 52.9152
      vertex 2.96004 -6 52.958
    endloop
  endfacet
  facet normal -0.782732 0 0.622359
    outer loop
      vertex 2.96004 -6 52.958
      vertex 2.99582 -5.4 53.003
      vertex 2.96004 -5.4 52.958
    endloop
  endfacet
  facet normal -0.782732 0 0.622359
    outer loop
      vertex 2.99582 -5.4 53.003
      vertex 2.96004 -6 52.958
      vertex 2.99582 -6 53.003
    endloop
  endfacet
  facet normal -0.818255 0 0.574855
    outer loop
      vertex 2.99582 -6 53.003
      vertex 3.02905 -5.4 53.0503
      vertex 2.99582 -5.4 53.003
    endloop
  endfacet
  facet normal -0.818255 0 0.574855
    outer loop
      vertex 3.02905 -5.4 53.0503
      vertex 2.99582 -6 53.003
      vertex 3.02905 -6 53.0503
    endloop
  endfacet
  facet normal -0.850775 0 0.525529
    outer loop
      vertex 3.02905 -6 53.0503
      vertex 3.05975 -5.4 53.1
      vertex 3.02905 -5.4 53.0503
    endloop
  endfacet
  facet normal -0.850775 0 0.525529
    outer loop
      vertex 3.05975 -5.4 53.1
      vertex 3.02905 -6 53.0503
      vertex 3.05975 -6 53.1
    endloop
  endfacet
  facet normal -0.878444 0 0.477846
    outer loop
      vertex 3.05975 -6 53.1
      vertex 3.08771 -5.4 53.1514
      vertex 3.05975 -5.4 53.1
    endloop
  endfacet
  facet normal -0.878444 0 0.477846
    outer loop
      vertex 3.08771 -5.4 53.1514
      vertex 3.05975 -6 53.1
      vertex 3.08771 -6 53.1514
    endloop
  endfacet
  facet normal -0.903988 0 0.427557
    outer loop
      vertex 3.08771 -6 53.1514
      vertex 3.11273 -5.4 53.2043
      vertex 3.08771 -5.4 53.1514
    endloop
  endfacet
  facet normal -0.903988 0 0.427557
    outer loop
      vertex 3.11273 -5.4 53.2043
      vertex 3.08771 -6 53.1514
      vertex 3.11273 -6 53.2043
    endloop
  endfacet
  facet normal -0.926101 0 0.377275
    outer loop
      vertex 3.11273 -6 53.2043
      vertex 3.13481 -5.4 53.2585
      vertex 3.11273 -5.4 53.2043
    endloop
  endfacet
  facet normal -0.926101 0 0.377275
    outer loop
      vertex 3.13481 -5.4 53.2585
      vertex 3.11273 -6 53.2043
      vertex 3.13481 -6 53.2585
    endloop
  endfacet
  facet normal -0.945543 0 0.325498
    outer loop
      vertex 3.13481 -6 53.2585
      vertex 3.15395 -5.4 53.3141
      vertex 3.13481 -5.4 53.2585
    endloop
  endfacet
  facet normal -0.945543 0 0.325498
    outer loop
      vertex 3.15395 -5.4 53.3141
      vertex 3.13481 -6 53.2585
      vertex 3.15395 -6 53.3141
    endloop
  endfacet
  facet normal -0.961949 0 0.273227
    outer loop
      vertex 3.15395 -6 53.3141
      vertex 3.17014 -5.4 53.3711
      vertex 3.15395 -5.4 53.3141
    endloop
  endfacet
  facet normal -0.961949 0 0.273227
    outer loop
      vertex 3.17014 -5.4 53.3711
      vertex 3.15395 -6 53.3141
      vertex 3.17014 -6 53.3711
    endloop
  endfacet
  facet normal -0.975251 0 0.221101
    outer loop
      vertex 3.17014 -6 53.3711
      vertex 3.18338 -5.4 53.4295
      vertex 3.17014 -5.4 53.3711
    endloop
  endfacet
  facet normal -0.975251 0 0.221101
    outer loop
      vertex 3.18338 -5.4 53.4295
      vertex 3.17014 -6 53.3711
      vertex 3.18338 -6 53.4295
    endloop
  endfacet
  facet normal -0.985441 0 0.170017
    outer loop
      vertex 3.18338 -6 53.4295
      vertex 3.19368 -5.4 53.4892
      vertex 3.18338 -5.4 53.4295
    endloop
  endfacet
  facet normal -0.985441 0 0.170017
    outer loop
      vertex 3.19368 -5.4 53.4892
      vertex 3.18338 -6 53.4295
      vertex 3.19368 -6 53.4892
    endloop
  endfacet
  facet normal -0.992842 0 0.119434
    outer loop
      vertex 3.19368 -6 53.4892
      vertex 3.20103 -5.4 53.5503
      vertex 3.19368 -5.4 53.4892
    endloop
  endfacet
  facet normal -0.992842 0 0.119434
    outer loop
      vertex 3.20103 -5.4 53.5503
      vertex 3.19368 -6 53.4892
      vertex 3.20103 -6 53.5503
    endloop
  endfacet
  facet normal -0.997497 0 0.0707026
    outer loop
      vertex 3.20103 -6 53.5503
      vertex 3.20546 -5.4 53.6128
      vertex 3.20103 -5.4 53.5503
    endloop
  endfacet
  facet normal -0.997497 0 0.0707026
    outer loop
      vertex 3.20546 -5.4 53.6128
      vertex 3.20103 -6 53.5503
      vertex 3.20546 -6 53.6128
    endloop
  endfacet
  facet normal -0.999739 0 0.0228422
    outer loop
      vertex 3.20546 -6 53.6128
      vertex 3.20692 -5.4 53.6767
      vertex 3.20546 -5.4 53.6128
    endloop
  endfacet
  facet normal -0.999739 0 0.0228422
    outer loop
      vertex 3.20692 -5.4 53.6767
      vertex 3.20546 -6 53.6128
      vertex 3.20692 -6 53.6767
    endloop
  endfacet
  facet normal -0.999466 0 -0.0326749
    outer loop
      vertex 3.20692 -6 53.6767
      vertex 3.20369 -5.4 53.7755
      vertex 3.20692 -5.4 53.6767
    endloop
  endfacet
  facet normal -0.999466 -0 -0.0326749
    outer loop
      vertex 3.20369 -5.4 53.7755
      vertex 3.20692 -6 53.6767
      vertex 3.20369 -6 53.7755
    endloop
  endfacet
  facet normal -0.99473 0 -0.102532
    outer loop
      vertex 3.20369 -6 53.7755
      vertex 3.19397 -5.4 53.8698
      vertex 3.20369 -5.4 53.7755
    endloop
  endfacet
  facet normal -0.99473 -0 -0.102532
    outer loop
      vertex 3.19397 -5.4 53.8698
      vertex 3.20369 -6 53.7755
      vertex 3.19397 -6 53.8698
    endloop
  endfacet
  facet normal -0.984026 0 -0.178025
    outer loop
      vertex 3.19397 -6 53.8698
      vertex 3.17776 -5.4 53.9594
      vertex 3.19397 -5.4 53.8698
    endloop
  endfacet
  facet normal -0.984026 -0 -0.178025
    outer loop
      vertex 3.17776 -5.4 53.9594
      vertex 3.19397 -6 53.8698
      vertex 3.17776 -6 53.9594
    endloop
  endfacet
  facet normal -0.966301 0 -0.257415
    outer loop
      vertex 3.17776 -6 53.9594
      vertex 3.15509 -5.4 54.0445
      vertex 3.17776 -5.4 53.9594
    endloop
  endfacet
  facet normal -0.966301 -0 -0.257415
    outer loop
      vertex 3.15509 -5.4 54.0445
      vertex 3.17776 -6 53.9594
      vertex 3.15509 -6 54.0445
    endloop
  endfacet
  facet normal -0.940216 0 -0.34058
    outer loop
      vertex 3.15509 -6 54.0445
      vertex 3.12593 -5.4 54.125
      vertex 3.15509 -5.4 54.0445
    endloop
  endfacet
  facet normal -0.940216 -0 -0.34058
    outer loop
      vertex 3.12593 -5.4 54.125
      vertex 3.15509 -6 54.0445
      vertex 3.12593 -6 54.125
    endloop
  endfacet
  facet normal -0.905175 0 -0.425039
    outer loop
      vertex 3.12593 -6 54.125
      vertex 3.09029 -5.4 54.2009
      vertex 3.12593 -5.4 54.125
    endloop
  endfacet
  facet normal -0.905175 -0 -0.425039
    outer loop
      vertex 3.09029 -5.4 54.2009
      vertex 3.12593 -6 54.125
      vertex 3.09029 -6 54.2009
    endloop
  endfacet
  facet normal -0.860989 0 -0.508624
    outer loop
      vertex 3.09029 -6 54.2009
      vertex 3.04817 -5.4 54.2722
      vertex 3.09029 -5.4 54.2009
    endloop
  endfacet
  facet normal -0.860989 -0 -0.508624
    outer loop
      vertex 3.04817 -5.4 54.2722
      vertex 3.09029 -6 54.2009
      vertex 3.04817 -6 54.2722
    endloop
  endfacet
  facet normal -0.808631 0 -0.588316
    outer loop
      vertex 3.04817 -6 54.2722
      vertex 2.99957 -5.4 54.339
      vertex 3.04817 -5.4 54.2722
    endloop
  endfacet
  facet normal -0.808631 -0 -0.588316
    outer loop
      vertex 2.99957 -5.4 54.339
      vertex 3.04817 -6 54.2722
      vertex 2.99957 -6 54.339
    endloop
  endfacet
  facet normal -0.748656 0 -0.662958
    outer loop
      vertex 2.99957 -6 54.339
      vertex 2.94449 -5.4 54.4012
      vertex 2.99957 -5.4 54.339
    endloop
  endfacet
  facet normal -0.748656 -0 -0.662958
    outer loop
      vertex 2.94449 -5.4 54.4012
      vertex 2.99957 -6 54.339
      vertex 2.94449 -6 54.4012
    endloop
  endfacet
  facet normal -0.683231 0 -0.730203
    outer loop
      vertex 2.88293 -6 54.4588
      vertex 2.94449 -5.4 54.4012
      vertex 2.94449 -6 54.4012
    endloop
  endfacet
  facet normal -0.683231 0 -0.730203
    outer loop
      vertex 2.94449 -5.4 54.4012
      vertex 2.88293 -6 54.4588
      vertex 2.88293 -5.4 54.4588
    endloop
  endfacet
  facet normal -0.613601 0 -0.789616
    outer loop
      vertex 2.81537 -6 54.5113
      vertex 2.88293 -5.4 54.4588
      vertex 2.88293 -6 54.4588
    endloop
  endfacet
  facet normal -0.613601 0 -0.789616
    outer loop
      vertex 2.88293 -5.4 54.4588
      vertex 2.81537 -6 54.5113
      vertex 2.81537 -5.4 54.5113
    endloop
  endfacet
  facet normal -0.54092 0 -0.841074
    outer loop
      vertex 2.74229 -6 54.5583
      vertex 2.81537 -5.4 54.5113
      vertex 2.81537 -6 54.5113
    endloop
  endfacet
  facet normal -0.54092 0 -0.841074
    outer loop
      vertex 2.81537 -5.4 54.5113
      vertex 2.74229 -6 54.5583
      vertex 2.74229 -5.4 54.5583
    endloop
  endfacet
  facet normal -0.466812 0 -0.884356
    outer loop
      vertex 2.66367 -6 54.5998
      vertex 2.74229 -5.4 54.5583
      vertex 2.74229 -6 54.5583
    endloop
  endfacet
  facet normal -0.466812 0 -0.884356
    outer loop
      vertex 2.74229 -5.4 54.5583
      vertex 2.66367 -6 54.5998
      vertex 2.66367 -5.4 54.5998
    endloop
  endfacet
  facet normal -0.392441 0 -0.919777
    outer loop
      vertex 2.57953 -6 54.6357
      vertex 2.66367 -5.4 54.5998
      vertex 2.66367 -6 54.5998
    endloop
  endfacet
  facet normal -0.392441 0 -0.919777
    outer loop
      vertex 2.66367 -5.4 54.5998
      vertex 2.57953 -6 54.6357
      vertex 2.57953 -5.4 54.6357
    endloop
  endfacet
  facet normal -0.321039 0 -0.947066
    outer loop
      vertex 2.48985 -6 54.6661
      vertex 2.57953 -5.4 54.6357
      vertex 2.57953 -6 54.6357
    endloop
  endfacet
  facet normal -0.321039 0 -0.947066
    outer loop
      vertex 2.57953 -5.4 54.6357
      vertex 2.48985 -6 54.6661
      vertex 2.48985 -5.4 54.6661
    endloop
  endfacet
  facet normal -0.253018 0 -0.967462
    outer loop
      vertex 2.39464 -6 54.691
      vertex 2.48985 -5.4 54.6661
      vertex 2.48985 -6 54.6661
    endloop
  endfacet
  facet normal -0.253018 0 -0.967462
    outer loop
      vertex 2.48985 -5.4 54.6661
      vertex 2.39464 -6 54.691
      vertex 2.39464 -5.4 54.691
    endloop
  endfacet
  facet normal -0.1891 0 -0.981958
    outer loop
      vertex 2.2939 -6 54.7104
      vertex 2.39464 -5.4 54.691
      vertex 2.39464 -6 54.691
    endloop
  endfacet
  facet normal -0.1891 0 -0.981958
    outer loop
      vertex 2.39464 -5.4 54.691
      vertex 2.2939 -6 54.7104
      vertex 2.2939 -5.4 54.7104
    endloop
  endfacet
  facet normal -0.128789 0 -0.991672
    outer loop
      vertex 2.18764 -6 54.7242
      vertex 2.2939 -5.4 54.7104
      vertex 2.2939 -6 54.7104
    endloop
  endfacet
  facet normal -0.128789 0 -0.991672
    outer loop
      vertex 2.2939 -5.4 54.7104
      vertex 2.18764 -6 54.7242
      vertex 2.18764 -5.4 54.7242
    endloop
  endfacet
  facet normal -0.074036 0 -0.997256
    outer loop
      vertex 2.07584 -6 54.7325
      vertex 2.18764 -5.4 54.7242
      vertex 2.18764 -6 54.7242
    endloop
  endfacet
  facet normal -0.074036 0 -0.997256
    outer loop
      vertex 2.18764 -5.4 54.7242
      vertex 2.07584 -6 54.7325
      vertex 2.07584 -5.4 54.7325
    endloop
  endfacet
  facet normal -0.0238575 0 -0.999715
    outer loop
      vertex 1.95851 -6 54.7353
      vertex 2.07584 -5.4 54.7325
      vertex 2.07584 -6 54.7325
    endloop
  endfacet
  facet normal -0.0238575 0 -0.999715
    outer loop
      vertex 2.07584 -5.4 54.7325
      vertex 1.95851 -6 54.7353
      vertex 1.95851 -5.4 54.7353
    endloop
  endfacet
  facet normal 0 0 -1
    outer loop
      vertex 0.4561 -6 54.7353
      vertex 1.95851 -5.4 54.7353
      vertex 1.95851 -6 54.7353
    endloop
  endfacet
  facet normal -0 0 -1
    outer loop
      vertex 1.95851 -5.4 54.7353
      vertex 0.4561 -6 54.7353
      vertex 0.4561 -5.4 54.7353
    endloop
  endfacet
  facet normal 1 -0 0
    outer loop
      vertex 0.4561 -6 54.7353
      vertex 0.4561 -5.4 51.3911
      vertex 0.4561 -5.4 54.7353
    endloop
  endfacet
  facet normal 1 0 0
    outer loop
      vertex 0.4561 -5.4 51.3911
      vertex 0.4561 -6 54.7353
      vertex 0.4561 -6 51.3911
    endloop
  endfacet
  facet normal -0 0 1
    outer loop
      vertex 0.4561 -5.4 51.3911
      vertex 1.15628 -6 51.3911
      vertex 1.15628 -5.4 51.3911
    endloop
  endfacet
  facet normal 0 0 1
    outer loop
      vertex 1.15628 -6 51.3911
      vertex 0.4561 -5.4 51.3911
      vertex 0.4561 -6 51.3911
    endloop
  endfacet
  facet normal -1 0 0
    outer loop
      vertex 1.15628 -6 51.3911
      vertex 1.15628 -5.4 52.5683
      vertex 1.15628 -5.4 51.3911
    endloop
  endfacet
  facet normal -1 -0 0
    outer loop
      vertex 1.15628 -5.4 52.5683
      vertex 1.15628 -6 51.3911
      vertex 1.15628 -6 52.5683
    endloop
  endfacet
  facet normal -1 0 0
    outer loop
      vertex 1.15628 -6 53.1071
      vertex 1.15628 -5.4 54.1918
      vertex 1.15628 -5.4 53.1071
    endloop
  endfacet
  facet normal -1 -0 0
    outer loop
      vertex 1.15628 -5.4 54.1918
      vertex 1.15628 -6 53.1071
      vertex 1.15628 -6 54.1918
    endloop
  endfacet
  facet normal -0 0 1
    outer loop
      vertex 1.15628 -5.4 54.1918
      vertex 1.88019 -6 54.1918
      vertex 1.88019 -5.4 54.1918
    endloop
  endfacet
  facet normal 0 0 1
    outer loop
      vertex 1.88019 -6 54.1918
      vertex 1.15628 -5.4 54.1918
      vertex 1.15628 -6 54.1918
    endloop
  endfacet
  facet normal 0.0448132 0 0.998995
    outer loop
      vertex 1.88019 -5.4 54.1918
      vertex 1.99834 -6 54.1865
      vertex 1.99834 -5.4 54.1865
    endloop
  endfacet
  facet normal 0.0448132 0 0.998995
    outer loop
      vertex 1.99834 -6 54.1865
      vertex 1.88019 -5.4 54.1918
      vertex 1.88019 -6 54.1918
    endloop
  endfacet
  facet normal 0.147823 0 0.989014
    outer loop
      vertex 1.99834 -5.4 54.1865
      vertex 2.10405 -6 54.1707
      vertex 2.10405 -5.4 54.1707
    endloop
  endfacet
  facet normal 0.147823 0 0.989014
    outer loop
      vertex 2.10405 -6 54.1707
      vertex 1.99834 -5.4 54.1865
      vertex 1.99834 -6 54.1865
    endloop
  endfacet
  facet normal 0.272322 0 0.962206
    outer loop
      vertex 2.10405 -5.4 54.1707
      vertex 2.19733 -6 54.1443
      vertex 2.19733 -5.4 54.1443
    endloop
  endfacet
  facet normal 0.272322 0 0.962206
    outer loop
      vertex 2.19733 -6 54.1443
      vertex 2.10405 -5.4 54.1707
      vertex 2.10405 -6 54.1707
    endloop
  endfacet
  facet normal 0.415244 0 0.90971
    outer loop
      vertex 2.19733 -5.4 54.1443
      vertex 2.27817 -6 54.1074
      vertex 2.27817 -5.4 54.1074
    endloop
  endfacet
  facet normal 0.415244 0 0.90971
    outer loop
      vertex 2.27817 -6 54.1074
      vertex 2.19733 -5.4 54.1443
      vertex 2.19733 -6 54.1443
    endloop
  endfacet
  facet normal 0.569585 0 0.821933
    outer loop
      vertex 2.27817 -5.4 54.1074
      vertex 2.34657 -6 54.06
      vertex 2.34657 -5.4 54.06
    endloop
  endfacet
  facet normal 0.569585 0 0.821933
    outer loop
      vertex 2.34657 -6 54.06
      vertex 2.27817 -5.4 54.1074
      vertex 2.27817 -6 54.1074
    endloop
  endfacet
  facet normal 0.71905 -0 0.694958
    outer loop
      vertex 2.34657 -6 54.06
      vertex 2.40253 -5.4 54.0021
      vertex 2.34657 -5.4 54.06
    endloop
  endfacet
  facet normal 0.71905 0 0.694958
    outer loop
      vertex 2.40253 -5.4 54.0021
      vertex 2.34657 -6 54.06
      vertex 2.40253 -6 54.0021
    endloop
  endfacet
  facet normal 0.844001 -0 0.536341
    outer loop
      vertex 2.40253 -6 54.0021
      vertex 2.44606 -5.4 53.9336
      vertex 2.40253 -5.4 54.0021
    endloop
  endfacet
  facet normal 0.844001 0 0.536341
    outer loop
      vertex 2.44606 -5.4 53.9336
      vertex 2.40253 -6 54.0021
      vertex 2.44606 -6 53.9336
    endloop
  endfacet
  facet normal 0.930651 -0 0.365907
    outer loop
      vertex 2.44606 -6 53.9336
      vertex 2.47716 -5.4 53.8545
      vertex 2.44606 -5.4 53.9336
    endloop
  endfacet
  facet normal 0.930651 0 0.365907
    outer loop
      vertex 2.47716 -5.4 53.8545
      vertex 2.44606 -6 53.9336
      vertex 2.47716 -6 53.8545
    endloop
  endfacet
  facet normal 0.979039 -0 0.203675
    outer loop
      vertex 2.47716 -6 53.8545
      vertex 2.4958 -5.4 53.7649
      vertex 2.47716 -5.4 53.8545
    endloop
  endfacet
  facet normal 0.979039 0 0.203675
    outer loop
      vertex 2.4958 -5.4 53.7649
      vertex 2.47716 -6 53.8545
      vertex 2.4958 -6 53.7649
    endloop
  endfacet
  facet normal 0.998069 -0 0.0621176
    outer loop
      vertex 2.4958 -6 53.7649
      vertex 2.50203 -5.4 53.6648
      vertex 2.4958 -5.4 53.7649
    endloop
  endfacet
  facet normal 0.998069 0 0.0621176
    outer loop
      vertex 2.50203 -5.4 53.6648
      vertex 2.4958 -6 53.7649
      vertex 2.50203 -6 53.6648
    endloop
  endfacet
  facet normal 0.999558 0 -0.0297217
    outer loop
      vertex 2.50203 -6 53.6648
      vertex 2.50046 -5.4 53.612
      vertex 2.50203 -5.4 53.6648
    endloop
  endfacet
  facet normal 0.999558 0 -0.0297217
    outer loop
      vertex 2.50046 -5.4 53.612
      vertex 2.50203 -6 53.6648
      vertex 2.50046 -6 53.612
    endloop
  endfacet
  facet normal 0.995663 0 -0.0930341
    outer loop
      vertex 2.50046 -6 53.612
      vertex 2.49576 -5.4 53.5617
      vertex 2.50046 -5.4 53.612
    endloop
  endfacet
  facet normal 0.995663 0 -0.0930341
    outer loop
      vertex 2.49576 -5.4 53.5617
      vertex 2.50046 -6 53.612
      vertex 2.49576 -6 53.5617
    endloop
  endfacet
  facet normal 0.986848 0 -0.161653
    outer loop
      vertex 2.49576 -6 53.5617
      vertex 2.48793 -5.4 53.5139
      vertex 2.49576 -5.4 53.5617
    endloop
  endfacet
  facet normal 0.986848 0 -0.161653
    outer loop
      vertex 2.48793 -5.4 53.5139
      vertex 2.49576 -6 53.5617
      vertex 2.48793 -6 53.5139
    endloop
  endfacet
  facet normal 0.971789 0 -0.235852
    outer loop
      vertex 2.48793 -6 53.5139
      vertex 2.47696 -5.4 53.4687
      vertex 2.48793 -5.4 53.5139
    endloop
  endfacet
  facet normal 0.971789 0 -0.235852
    outer loop
      vertex 2.47696 -5.4 53.4687
      vertex 2.48793 -6 53.5139
      vertex 2.47696 -6 53.4687
    endloop
  endfacet
  facet normal 0.949569 0 -0.313558
    outer loop
      vertex 2.47696 -6 53.4687
      vertex 2.46286 -5.4 53.426
      vertex 2.47696 -5.4 53.4687
    endloop
  endfacet
  facet normal 0.949569 0 -0.313558
    outer loop
      vertex 2.46286 -5.4 53.426
      vertex 2.47696 -6 53.4687
      vertex 2.46286 -6 53.426
    endloop
  endfacet
  facet normal 0.918777 0 -0.394776
    outer loop
      vertex 2.46286 -6 53.426
      vertex 2.44563 -5.4 53.3859
      vertex 2.46286 -5.4 53.426
    endloop
  endfacet
  facet normal 0.918777 0 -0.394776
    outer loop
      vertex 2.44563 -5.4 53.3859
      vertex 2.46286 -6 53.426
      vertex 2.44563 -6 53.3859
    endloop
  endfacet
  facet normal 0.879259 0 -0.476343
    outer loop
      vertex 2.44563 -6 53.3859
      vertex 2.42526 -5.4 53.3483
      vertex 2.44563 -5.4 53.3859
    endloop
  endfacet
  facet normal 0.879259 0 -0.476343
    outer loop
      vertex 2.42526 -5.4 53.3483
      vertex 2.44563 -6 53.3859
      vertex 2.42526 -6 53.3483
    endloop
  endfacet
  facet normal 0.830956 0 -0.556338
    outer loop
      vertex 2.42526 -6 53.3483
      vertex 2.40176 -5.4 53.3132
      vertex 2.42526 -5.4 53.3483
    endloop
  endfacet
  facet normal 0.830956 0 -0.556338
    outer loop
      vertex 2.40176 -5.4 53.3132
      vertex 2.42526 -6 53.3483
      vertex 2.40176 -6 53.3132
    endloop
  endfacet
  facet normal 0.773618 0 -0.633652
    outer loop
      vertex 2.40176 -6 53.3132
      vertex 2.37514 -5.4 53.2807
      vertex 2.40176 -5.4 53.3132
    endloop
  endfacet
  facet normal 0.773618 0 -0.633652
    outer loop
      vertex 2.37514 -5.4 53.2807
      vertex 2.40176 -6 53.3132
      vertex 2.37514 -6 53.2807
    endloop
  endfacet
  facet normal 0.709823 0 -0.704381
    outer loop
      vertex 2.37514 -6 53.2807
      vertex 2.34537 -5.4 53.2507
      vertex 2.37514 -5.4 53.2807
    endloop
  endfacet
  facet normal 0.709823 0 -0.704381
    outer loop
      vertex 2.34537 -5.4 53.2507
      vertex 2.37514 -6 53.2807
      vertex 2.34537 -6 53.2507
    endloop
  endfacet
  facet normal 0.641223 0 -0.767354
    outer loop
      vertex 2.3127 -6 53.2234
      vertex 2.34537 -5.4 53.2507
      vertex 2.34537 -6 53.2507
    endloop
  endfacet
  facet normal 0.641223 0 -0.767354
    outer loop
      vertex 2.34537 -5.4 53.2507
      vertex 2.3127 -6 53.2234
      vertex 2.3127 -5.4 53.2234
    endloop
  endfacet
  facet normal 0.568495 0 -0.822687
    outer loop
      vertex 2.27739 -6 53.199
      vertex 2.3127 -5.4 53.2234
      vertex 2.3127 -6 53.2234
    endloop
  endfacet
  facet normal 0.568495 0 -0.822687
    outer loop
      vertex 2.3127 -5.4 53.2234
      vertex 2.27739 -6 53.199
      vertex 2.27739 -5.4 53.199
    endloop
  endfacet
  facet normal 0.494363 0 -0.869255
    outer loop
      vertex 2.23941 -6 53.1774
      vertex 2.27739 -5.4 53.199
      vertex 2.27739 -6 53.199
    endloop
  endfacet
  facet normal 0.494363 0 -0.869255
    outer loop
      vertex 2.27739 -5.4 53.199
      vertex 2.23941 -6 53.1774
      vertex 2.23941 -5.4 53.1774
    endloop
  endfacet
  facet normal 0.416246 0 -0.909252
    outer loop
      vertex 2.19878 -6 53.1588
      vertex 2.23941 -5.4 53.1774
      vertex 2.23941 -6 53.1774
    endloop
  endfacet
  facet normal 0.416246 0 -0.909252
    outer loop
      vertex 2.23941 -5.4 53.1774
      vertex 2.19878 -6 53.1588
      vertex 2.19878 -5.4 53.1588
    endloop
  endfacet
  facet normal 0.342858 0 -0.939387
    outer loop
      vertex 2.15549 -6 53.143
      vertex 2.19878 -5.4 53.1588
      vertex 2.19878 -6 53.1588
    endloop
  endfacet
  facet normal 0.342858 0 -0.939387
    outer loop
      vertex 2.19878 -5.4 53.1588
      vertex 2.15549 -6 53.143
      vertex 2.15549 -5.4 53.143
    endloop
  endfacet
  facet normal 0.272176 0 -0.962247
    outer loop
      vertex 2.10953 -6 53.13
      vertex 2.15549 -5.4 53.143
      vertex 2.15549 -6 53.143
    endloop
  endfacet
  facet normal 0.272176 0 -0.962247
    outer loop
      vertex 2.15549 -5.4 53.143
      vertex 2.10953 -6 53.13
      vertex 2.10953 -5.4 53.13
    endloop
  endfacet
  facet normal 0.201539 0 -0.97948
    outer loop
      vertex 2.06093 -6 53.12
      vertex 2.10953 -5.4 53.13
      vertex 2.10953 -6 53.13
    endloop
  endfacet
  facet normal 0.201539 0 -0.97948
    outer loop
      vertex 2.10953 -5.4 53.13
      vertex 2.06093 -6 53.12
      vertex 2.06093 -5.4 53.12
    endloop
  endfacet
  facet normal 0.139068 0 -0.990283
    outer loop
      vertex 2.00966 -6 53.1128
      vertex 2.06093 -5.4 53.12
      vertex 2.06093 -6 53.12
    endloop
  endfacet
  facet normal 0.139068 0 -0.990283
    outer loop
      vertex 2.06093 -5.4 53.12
      vertex 2.00966 -6 53.1128
      vertex 2.00966 -5.4 53.1128
    endloop
  endfacet
  facet normal 0.0794807 0 -0.996836
    outer loop
      vertex 1.95573 -6 53.1085
      vertex 2.00966 -5.4 53.1128
      vertex 2.00966 -6 53.1128
    endloop
  endfacet
  facet normal 0.0794807 0 -0.996836
    outer loop
      vertex 2.00966 -5.4 53.1128
      vertex 1.95573 -6 53.1085
      vertex 1.95573 -5.4 53.1085
    endloop
  endfacet
  facet normal 0.0247362 0 -0.999694
    outer loop
      vertex 1.89915 -6 53.1071
      vertex 1.95573 -5.4 53.1085
      vertex 1.95573 -6 53.1085
    endloop
  endfacet
  facet normal 0.0247362 0 -0.999694
    outer loop
      vertex 1.95573 -5.4 53.1085
      vertex 1.89915 -6 53.1071
      vertex 1.89915 -5.4 53.1071
    endloop
  endfacet
  facet normal 0 0 -1
    outer loop
      vertex 1.15628 -6 53.1071
      vertex 1.89915 -5.4 53.1071
      vertex 1.89915 -6 53.1071
    endloop
  endfacet
  facet normal -0 0 -1
    outer loop
      vertex 1.89915 -5.4 53.1071
      vertex 1.15628 -6 53.1071
      vertex 1.15628 -5.4 53.1071
    endloop
  endfacet
endsolid OpenSCAD_Model
