solid OpenSCAD_Model
  facet normal -0 0 1
    outer loop
      vertex 1.3 18 54
      vertex 4.5 13.2466 54
      vertex 4.5 22.5 54
    endloop
  endfacet
  facet normal -0 0 1
    outer loop
      vertex 1.2216 17.5554 54
      vertex 4.5 13.2466 54
      vertex 1.2557 17.6635 54
    endloop
  endfacet
  facet normal -0 0 1
    outer loop
      vertex 1.1782 17.4506 54
      vertex 4.5 13.2466 54
      vertex 1.2216 17.5554 54
    endloop
  endfacet
  facet normal -0 0 1
    outer loop
      vertex 1.12583 17.35 54
      vertex 4.5 13.2466 54
      vertex 1.1782 17.4506 54
    endloop
  endfacet
  facet normal 0 0 1
    outer loop
      vertex 4.5 13.2466 54
      vertex 1.3 18 54
      vertex 1.29505 17.8867 54
    endloop
  endfacet
  facet normal 0 0 1
    outer loop
      vertex 4.5 22.5 54
      vertex 1.29505 18.1133 54
      vertex 1.3 18 54
    endloop
  endfacet
  facet normal 0 0 1
    outer loop
      vertex 4.5 22.5 54
      vertex 1.28025 18.2257 54
      vertex 1.29505 18.1133 54
    endloop
  endfacet
  facet normal 0 0 1
    outer loop
      vertex 4.5 22.5 54
      vertex 1.2557 18.3365 54
      vertex 1.28025 18.2257 54
    endloop
  endfacet
  facet normal 0 0 1
    outer loop
      vertex 4.5 22.5 54
      vertex 1.2216 18.4446 54
      vertex 1.2557 18.3365 54
    endloop
  endfacet
  facet normal 0 0 1
    outer loop
      vertex 4.5 22.5 54
      vertex 1.1782 18.5494 54
      vertex 1.2216 18.4446 54
    endloop
  endfacet
  facet normal 0 0 1
    outer loop
      vertex 4.5 22.5 54
      vertex 1.12583 18.65 54
      vertex 1.1782 18.5494 54
    endloop
  endfacet
  facet normal 0 0 1
    outer loop
      vertex 4.5 22.5 54
      vertex 1.0649 18.7456 54
      vertex 1.12583 18.65 54
    endloop
  endfacet
  facet normal 0 0 1
    outer loop
      vertex 4.5 22.5 54
      vertex 0.995857 18.8356 54
      vertex 1.0649 18.7456 54
    endloop
  endfacet
  facet normal 0 0 1
    outer loop
      vertex 4.5 22.5 54
      vertex 0.919238 18.9192 54
      vertex 0.995857 18.8356 54
    endloop
  endfacet
  facet normal 0 0 1
    outer loop
      vertex 4.5 22.5 54
      vertex 0.835624 18.9959 54
      vertex 0.919238 18.9192 54
    endloop
  endfacet
  facet normal 0 0 1
    outer loop
      vertex 4.5 22.5 54
      vertex 0.745649 19.0649 54
      vertex 0.835624 18.9959 54
    endloop
  endfacet
  facet normal 0 0 1
    outer loop
      vertex 4.5 22.5 54
      vertex 0.65 19.1258 54
      vertex 0.745649 19.0649 54
    endloop
  endfacet
  facet normal 0 0 1
    outer loop
      vertex 4.5 22.5 54
      vertex 0.549403 19.1782 54
      vertex 0.65 19.1258 54
    endloop
  endfacet
  facet normal 0 0 1
    outer loop
      vertex 4.5 22.5 54
      vertex 0.444626 19.2216 54
      vertex 0.549403 19.1782 54
    endloop
  endfacet
  facet normal 0 0 1
    outer loop
      vertex 4.5 22.5 54
      vertex 0.336464 19.2557 54
      vertex 0.444626 19.2216 54
    endloop
  endfacet
  facet normal 0 0 1
    outer loop
      vertex 4.5 22.5 54
      vertex 0.225742 19.2803 54
      vertex 0.336464 19.2557 54
    endloop
  endfacet
  facet normal 0 0 1
    outer loop
      vertex 4.5 22.5 54
      vertex 0.113302 19.2951 54
      vertex 0.225742 19.2803 54
    endloop
  endfacet
  facet normal 0 0 1
    outer loop
      vertex 4.5 22.5 54
      vertex 0 19.3 54
      vertex 0.113302 19.2951 54
    endloop
  endfacet
  facet normal -0 0 1
    outer loop
      vertex -4.5 22.5 54
      vertex 0 19.3 54
      vertex 4.5 22.5 54
    endloop
  endfacet
  facet normal 0 0 1
    outer loop
      vertex 0 19.3 54
      vertex -4.5 22.5 54
      vertex -0.113302 19.2951 54
    endloop
  endfacet
  facet normal 0 0 1
    outer loop
      vertex -0.113302 19.2951 54
      vertex -4.5 22.5 54
      vertex -0.225742 19.2803 54
    endloop
  endfacet
  facet normal 0 0 1
    outer loop
      vertex -0.225742 19.2803 54
      vertex -4.5 22.5 54
      vertex -0.336464 19.2557 54
    endloop
  endfacet
  facet normal 0 0 1
    outer loop
      vertex -0.336464 19.2557 54
      vertex -4.5 22.5 54
      vertex -0.444626 19.2216 54
    endloop
  endfacet
  facet normal 0 0 1
    outer loop
      vertex -0.444626 19.2216 54
      vertex -4.5 22.5 54
      vertex -0.549403 19.1782 54
    endloop
  endfacet
  facet normal 0 0 1
    outer loop
      vertex -0.549403 19.1782 54
      vertex -4.5 22.5 54
      vertex -0.65 19.1258 54
    endloop
  endfacet
  facet normal 0 0 1
    outer loop
      vertex -0.745649 16.9351 54
      vertex -2.45878 9.1763 54
      vertex -1.64966 9.35567 54
    endloop
  endfacet
  facet normal 0 0 1
    outer loop
      vertex -4.5 22.5 54
      vertex -1.3 18 54
      vertex -1.29505 18.1133 54
    endloop
  endfacet
  facet normal 0 0 1
    outer loop
      vertex -1.29505 17.8867 54
      vertex -4.5 13.2466 54
      vertex -2.45878 9.1763 54
    endloop
  endfacet
  facet normal 0 0 1
    outer loop
      vertex -4.5 22.5 54
      vertex -1.29505 18.1133 54
      vertex -1.28025 18.2257 54
    endloop
  endfacet
  facet normal 0 0 1
    outer loop
      vertex -2.45878 9.1763 54
      vertex -4.5 13.2466 54
      vertex -3.24919 8.92708 54
    endloop
  endfacet
  facet normal 0 0 1
    outer loop
      vertex -4.5 22.5 54
      vertex -1.28025 18.2257 54
      vertex -1.2557 18.3365 54
    endloop
  endfacet
  facet normal 0 0 1
    outer loop
      vertex -0.65 19.1258 54
      vertex -4.5 22.5 54
      vertex -0.745649 19.0649 54
    endloop
  endfacet
  facet normal 0 0 1
    outer loop
      vertex -4.5 22.5 54
      vertex -0.835624 18.9959 54
      vertex -0.745649 19.0649 54
    endloop
  endfacet
  facet normal 0 0 1
    outer loop
      vertex -4.5 22.5 54
      vertex -0.919238 18.9192 54
      vertex -0.835624 18.9959 54
    endloop
  endfacet
  facet normal 0 0 1
    outer loop
      vertex -4.5 22.5 54
      vertex -0.995857 18.8356 54
      vertex -0.919238 18.9192 54
    endloop
  endfacet
  facet normal 0 0 1
    outer loop
      vertex -4.5 22.5 54
      vertex -1.0649 18.7456 54
      vertex -0.995857 18.8356 54
    endloop
  endfacet
  facet normal 0 0 1
    outer loop
      vertex -4.5 22.5 54
      vertex -1.12583 18.65 54
      vertex -1.0649 18.7456 54
    endloop
  endfacet
  facet normal 0 0 1
    outer loop
      vertex -4.5 22.5 54
      vertex -1.1782 18.5494 54
      vertex -1.12583 18.65 54
    endloop
  endfacet
  facet normal 0 0 1
    outer loop
      vertex -4.5 22.5 54
      vertex -1.2216 18.4446 54
      vertex -1.1782 18.5494 54
    endloop
  endfacet
  facet normal 0 0 1
    outer loop
      vertex -4.5 22.5 54
      vertex -1.2557 18.3365 54
      vertex -1.2216 18.4446 54
    endloop
  endfacet
  facet normal 0 0 1
    outer loop
      vertex -1.3 18 54
      vertex -4.5 22.5 54
      vertex -4.5 13.2466 54
    endloop
  endfacet
  facet normal -0 0 1
    outer loop
      vertex -4.78828 13.1557 54
      vertex -3.24919 8.92708 54
      vertex -4.5 13.2466 54
    endloop
  endfacet
  facet normal 0 0 1
    outer loop
      vertex -3.24919 8.92708 54
      vertex -4.78828 13.1557 54
      vertex -4.01487 8.60992 54
    endloop
  endfacet
  facet normal -0 0 1
    outer loop
      vertex -5.91666 12.6883 54
      vertex -4.01487 8.60992 54
      vertex -4.78828 13.1557 54
    endloop
  endfacet
  facet normal 0 0 1
    outer loop
      vertex -4.01487 8.60992 54
      vertex -5.91666 12.6883 54
      vertex -4.75 8.22724 54
    endloop
  endfacet
  facet normal -0 0 1
    outer loop
      vertex -7 12.1244 54
      vertex -4.75 8.22724 54
      vertex -5.91666 12.6883 54
    endloop
  endfacet
  facet normal 0 0 1
    outer loop
      vertex -4.75 8.22724 54
      vertex -7 12.1244 54
      vertex -5.44898 7.78194 54
    endloop
  endfacet
  facet normal -0 0 1
    outer loop
      vertex -8.03007 11.4681 54
      vertex -5.44898 7.78194 54
      vertex -7 12.1244 54
    endloop
  endfacet
  facet normal 0 0 1
    outer loop
      vertex -5.44898 7.78194 54
      vertex -8.03007 11.4681 54
      vertex -6.10648 7.27742 54
    endloop
  endfacet
  facet normal -0 0 1
    outer loop
      vertex -8.99903 10.7246 54
      vertex -6.10648 7.27742 54
      vertex -8.03007 11.4681 54
    endloop
  endfacet
  facet normal 0 0 1
    outer loop
      vertex -6.10648 7.27742 54
      vertex -8.99903 10.7246 54
      vertex -6.71751 6.71751 54
    endloop
  endfacet
  facet normal -0 0 1
    outer loop
      vertex -9.89949 9.89949 54
      vertex -6.71751 6.71751 54
      vertex -8.99903 10.7246 54
    endloop
  endfacet
  facet normal 0 0 1
    outer loop
      vertex -6.71751 6.71751 54
      vertex -9.89949 9.89949 54
      vertex -7.27742 6.10648 54
    endloop
  endfacet
  facet normal -0 0 1
    outer loop
      vertex -10.7246 8.99903 54
      vertex -7.27742 6.10648 54
      vertex -9.89949 9.89949 54
    endloop
  endfacet
  facet normal 0 0 1
    outer loop
      vertex -7.27742 6.10648 54
      vertex -10.7246 8.99903 54
      vertex -7.78194 5.44898 54
    endloop
  endfacet
  facet normal -0 0 1
    outer loop
      vertex -11.4681 8.03007 54
      vertex -7.78194 5.44898 54
      vertex -10.7246 8.99903 54
    endloop
  endfacet
  facet normal 0 0 1
    outer loop
      vertex -7.78194 5.44898 54
      vertex -11.4681 8.03007 54
      vertex -8.22724 4.75 54
    endloop
  endfacet
  facet normal -0 0 1
    outer loop
      vertex -12.1244 7 54
      vertex -8.22724 4.75 54
      vertex -11.4681 8.03007 54
    endloop
  endfacet
  facet normal 0 0 1
    outer loop
      vertex -8.22724 4.75 54
      vertex -12.1244 7 54
      vertex -8.60992 4.01487 54
    endloop
  endfacet
  facet normal 0 0 1
    outer loop
      vertex -8.60992 4.01487 54
      vertex -12.6883 5.91666 54
      vertex -8.92708 3.24919 54
    endloop
  endfacet
  facet normal -0 0 1
    outer loop
      vertex -12.6883 5.91666 54
      vertex -8.60992 4.01487 54
      vertex -12.1244 7 54
    endloop
  endfacet
  facet normal 0 0 1
    outer loop
      vertex 9.18933 2.4 54
      vertex 13.7873 2.43107 54
      vertex 13.523 3.62347 54
    endloop
  endfacet
  facet normal 0 0 1
    outer loop
      vertex 9.1763 2.45878 54
      vertex 13.523 3.62347 54
      vertex 13.1557 4.78828 54
    endloop
  endfacet
  facet normal 0 0 1
    outer loop
      vertex 8.92708 3.24919 54
      vertex 13.1557 4.78828 54
      vertex 12.6883 5.91666 54
    endloop
  endfacet
  facet normal 0 0 1
    outer loop
      vertex 8.60992 4.01487 54
      vertex 12.6883 5.91666 54
      vertex 12.1244 7 54
    endloop
  endfacet
  facet normal 0 0 1
    outer loop
      vertex 8.22724 4.75 54
      vertex 12.1244 7 54
      vertex 11.4681 8.03007 54
    endloop
  endfacet
  facet normal 0 0 1
    outer loop
      vertex 7.78194 5.44898 54
      vertex 11.4681 8.03007 54
      vertex 10.7246 8.99903 54
    endloop
  endfacet
  facet normal 0 0 1
    outer loop
      vertex 7.27742 6.10648 54
      vertex 10.7246 8.99903 54
      vertex 9.89949 9.89949 54
    endloop
  endfacet
  facet normal 0 0 1
    outer loop
      vertex 12.6883 5.91666 54
      vertex 8.60992 4.01487 54
      vertex 8.92708 3.24919 54
    endloop
  endfacet
  facet normal 0 0 1
    outer loop
      vertex 13.7873 2.43107 54
      vertex 9.18933 2.4 54
      vertex 13.7914 2.4 54
    endloop
  endfacet
  facet normal 0 0 1
    outer loop
      vertex 6.71751 6.71751 54
      vertex 9.89949 9.89949 54
      vertex 8.99903 10.7246 54
    endloop
  endfacet
  facet normal 0 -0 1
    outer loop
      vertex 9.18933 2.4 54
      vertex 13.523 3.62347 54
      vertex 9.1763 2.45878 54
    endloop
  endfacet
  facet normal 0 -0 1
    outer loop
      vertex 9.1763 2.45878 54
      vertex 13.1557 4.78828 54
      vertex 8.92708 3.24919 54
    endloop
  endfacet
  facet normal 0 0 1
    outer loop
      vertex 12.1244 7 54
      vertex 8.22724 4.75 54
      vertex 8.60992 4.01487 54
    endloop
  endfacet
  facet normal 0 0 1
    outer loop
      vertex 6.10648 7.27742 54
      vertex 8.99903 10.7246 54
      vertex 8.03007 11.4681 54
    endloop
  endfacet
  facet normal 0 0 1
    outer loop
      vertex 11.4681 8.03007 54
      vertex 7.78194 5.44898 54
      vertex 8.22724 4.75 54
    endloop
  endfacet
  facet normal 0 0 1
    outer loop
      vertex 10.7246 8.99903 54
      vertex 7.27742 6.10648 54
      vertex 7.78194 5.44898 54
    endloop
  endfacet
  facet normal 0 0 1
    outer loop
      vertex 5.44898 7.78194 54
      vertex 8.03007 11.4681 54
      vertex 7 12.1244 54
    endloop
  endfacet
  facet normal 0 0 1
    outer loop
      vertex 9.89949 9.89949 54
      vertex 6.71751 6.71751 54
      vertex 7.27742 6.10648 54
    endloop
  endfacet
  facet normal 0 0 1
    outer loop
      vertex 8.99903 10.7246 54
      vertex 6.10648 7.27742 54
      vertex 6.71751 6.71751 54
    endloop
  endfacet
  facet normal 0 0 1
    outer loop
      vertex 4.75 8.22724 54
      vertex 7 12.1244 54
      vertex 5.91666 12.6883 54
    endloop
  endfacet
  facet normal 0 0 1
    outer loop
      vertex 8.03007 11.4681 54
      vertex 5.44898 7.78194 54
      vertex 6.10648 7.27742 54
    endloop
  endfacet
  facet normal 0 0 1
    outer loop
      vertex 4.01487 8.60992 54
      vertex 5.91666 12.6883 54
      vertex 4.78828 13.1557 54
    endloop
  endfacet
  facet normal 0 0 1
    outer loop
      vertex 7 12.1244 54
      vertex 4.75 8.22724 54
      vertex 5.44898 7.78194 54
    endloop
  endfacet
  facet normal 0 0 1
    outer loop
      vertex 4.01487 8.60992 54
      vertex 4.78828 13.1557 54
      vertex 4.5 13.2466 54
    endloop
  endfacet
  facet normal 0 0 1
    outer loop
      vertex 5.91666 12.6883 54
      vertex 4.01487 8.60992 54
      vertex 4.75 8.22724 54
    endloop
  endfacet
  facet normal 0 0 1
    outer loop
      vertex 4.5 13.2466 54
      vertex 1.29505 17.8867 54
      vertex 1.28025 17.7743 54
    endloop
  endfacet
  facet normal 0 0 1
    outer loop
      vertex 4.5 13.2466 54
      vertex 1.28025 17.7743 54
      vertex 1.2557 17.6635 54
    endloop
  endfacet
  facet normal -0 0 1
    outer loop
      vertex 1.0649 17.2543 54
      vertex 4.5 13.2466 54
      vertex 1.12583 17.35 54
    endloop
  endfacet
  facet normal -0 0 1
    outer loop
      vertex 0.995857 17.1644 54
      vertex 4.5 13.2466 54
      vertex 1.0649 17.2543 54
    endloop
  endfacet
  facet normal 0 0 1
    outer loop
      vertex 4.5 13.2466 54
      vertex 3.24919 8.92708 54
      vertex 4.01487 8.60992 54
    endloop
  endfacet
  facet normal -0 0 1
    outer loop
      vertex 0.919238 17.0808 54
      vertex 4.5 13.2466 54
      vertex 0.995857 17.1644 54
    endloop
  endfacet
  facet normal -0 0 1
    outer loop
      vertex 0.835624 17.0041 54
      vertex 4.5 13.2466 54
      vertex 0.919238 17.0808 54
    endloop
  endfacet
  facet normal 0 0 1
    outer loop
      vertex 4.5 13.2466 54
      vertex 2.45878 9.1763 54
      vertex 3.24919 8.92708 54
    endloop
  endfacet
  facet normal -0 0 1
    outer loop
      vertex 0.745649 16.9351 54
      vertex 4.5 13.2466 54
      vertex 0.835624 17.0041 54
    endloop
  endfacet
  facet normal -0 0 1
    outer loop
      vertex 0.65 16.8742 54
      vertex 4.5 13.2466 54
      vertex 0.745649 16.9351 54
    endloop
  endfacet
  facet normal 0 0 1
    outer loop
      vertex 4.5 13.2466 54
      vertex 1.64966 9.35567 54
      vertex 2.45878 9.1763 54
    endloop
  endfacet
  facet normal -0 0 1
    outer loop
      vertex 0.549403 16.8218 54
      vertex 4.5 13.2466 54
      vertex 0.65 16.8742 54
    endloop
  endfacet
  facet normal -0 0 1
    outer loop
      vertex 0.444626 16.7784 54
      vertex 4.5 13.2466 54
      vertex 0.549403 16.8218 54
    endloop
  endfacet
  facet normal -0 0 1
    outer loop
      vertex 0.336464 16.7443 54
      vertex 4.5 13.2466 54
      vertex 0.444626 16.7784 54
    endloop
  endfacet
  facet normal 0 0 1
    outer loop
      vertex 4.5 13.2466 54
      vertex 0.827979 9.46385 54
      vertex 1.64966 9.35567 54
    endloop
  endfacet
  facet normal -0 0 1
    outer loop
      vertex 0.225742 16.7197 54
      vertex 4.5 13.2466 54
      vertex 0.336464 16.7443 54
    endloop
  endfacet
  facet normal 0 0 1
    outer loop
      vertex 4.5 13.2466 54
      vertex 0.225742 16.7197 54
      vertex 0.827979 9.46385 54
    endloop
  endfacet
  facet normal -0 0 1
    outer loop
      vertex 0.113302 16.7049 54
      vertex 0.827979 9.46385 54
      vertex 0.225742 16.7197 54
    endloop
  endfacet
  facet normal 0 0 1
    outer loop
      vertex 0 9.5 54
      vertex 0.113302 16.7049 54
      vertex 0 16.7 54
    endloop
  endfacet
  facet normal 0 0 1
    outer loop
      vertex 0.113302 16.7049 54
      vertex 0 9.5 54
      vertex 0.827979 9.46385 54
    endloop
  endfacet
  facet normal 0 0 1
    outer loop
      vertex -0.113302 16.7049 54
      vertex 0 9.5 54
      vertex 0 16.7 54
    endloop
  endfacet
  facet normal 0 0 1
    outer loop
      vertex -0.827979 9.46385 54
      vertex -0.113302 16.7049 54
      vertex -0.225742 16.7197 54
    endloop
  endfacet
  facet normal 0 0 1
    outer loop
      vertex -0.827979 9.46385 54
      vertex -0.225742 16.7197 54
      vertex -0.336464 16.7443 54
    endloop
  endfacet
  facet normal 0 0 1
    outer loop
      vertex -0.827979 9.46385 54
      vertex -0.336464 16.7443 54
      vertex -0.444626 16.7784 54
    endloop
  endfacet
  facet normal 0 0 1
    outer loop
      vertex -1.64966 9.35567 54
      vertex -0.444626 16.7784 54
      vertex -0.549403 16.8218 54
    endloop
  endfacet
  facet normal 0 0 1
    outer loop
      vertex -1.64966 9.35567 54
      vertex -0.549403 16.8218 54
      vertex -0.65 16.8742 54
    endloop
  endfacet
  facet normal 0 0 1
    outer loop
      vertex -1.64966 9.35567 54
      vertex -0.65 16.8742 54
      vertex -0.745649 16.9351 54
    endloop
  endfacet
  facet normal 0 0 1
    outer loop
      vertex -0.113302 16.7049 54
      vertex -0.827979 9.46385 54
      vertex 0 9.5 54
    endloop
  endfacet
  facet normal 0 0 1
    outer loop
      vertex -2.45878 9.1763 54
      vertex -0.745649 16.9351 54
      vertex -0.835624 17.0041 54
    endloop
  endfacet
  facet normal 0 0 1
    outer loop
      vertex -2.45878 9.1763 54
      vertex -0.835624 17.0041 54
      vertex -0.919238 17.0808 54
    endloop
  endfacet
  facet normal 0 0 1
    outer loop
      vertex -2.45878 9.1763 54
      vertex -0.919238 17.0808 54
      vertex -0.995857 17.1644 54
    endloop
  endfacet
  facet normal 0 0 1
    outer loop
      vertex -2.45878 9.1763 54
      vertex -0.995857 17.1644 54
      vertex -1.0649 17.2543 54
    endloop
  endfacet
  facet normal 0 0 1
    outer loop
      vertex -2.45878 9.1763 54
      vertex -1.0649 17.2543 54
      vertex -1.12583 17.35 54
    endloop
  endfacet
  facet normal 0 0 1
    outer loop
      vertex -2.45878 9.1763 54
      vertex -1.12583 17.35 54
      vertex -1.1782 17.4506 54
    endloop
  endfacet
  facet normal 0 0 1
    outer loop
      vertex -2.45878 9.1763 54
      vertex -1.1782 17.4506 54
      vertex -1.2216 17.5554 54
    endloop
  endfacet
  facet normal 0 0 1
    outer loop
      vertex -2.45878 9.1763 54
      vertex -1.2216 17.5554 54
      vertex -1.2557 17.6635 54
    endloop
  endfacet
  facet normal 0 0 1
    outer loop
      vertex -2.45878 9.1763 54
      vertex -1.2557 17.6635 54
      vertex -1.28025 17.7743 54
    endloop
  endfacet
  facet normal 0 0 1
    outer loop
      vertex -2.45878 9.1763 54
      vertex -1.28025 17.7743 54
      vertex -1.29505 17.8867 54
    endloop
  endfacet
  facet normal 0 0 1
    outer loop
      vertex -0.444626 16.7784 54
      vertex -1.64966 9.35567 54
      vertex -0.827979 9.46385 54
    endloop
  endfacet
  facet normal 0 0 1
    outer loop
      vertex -4.5 13.2466 54
      vertex -1.29505 17.8867 54
      vertex -1.3 18 54
    endloop
  endfacet
  facet normal 0 0 1
    outer loop
      vertex -5.91666 -12.6883 54
      vertex -4.01487 -8.60992 54
      vertex -4.75 -8.22724 54
    endloop
  endfacet
  facet normal 0 0 1
    outer loop
      vertex -4.01487 -8.60992 54
      vertex -4.78828 -13.1557 54
      vertex -4.5 -13.2466 54
    endloop
  endfacet
  facet normal 0 0 1
    outer loop
      vertex -7 -12.1244 54
      vertex -4.75 -8.22724 54
      vertex -5.44898 -7.78194 54
    endloop
  endfacet
  facet normal 0 0 1
    outer loop
      vertex -4.01487 -8.60992 54
      vertex -5.91666 -12.6883 54
      vertex -4.78828 -13.1557 54
    endloop
  endfacet
  facet normal 0 0 1
    outer loop
      vertex -8.03007 -11.4681 54
      vertex -5.44898 -7.78194 54
      vertex -6.10648 -7.27742 54
    endloop
  endfacet
  facet normal 0 0 1
    outer loop
      vertex -8.99903 -10.7246 54
      vertex -6.10648 -7.27742 54
      vertex -6.71751 -6.71751 54
    endloop
  endfacet
  facet normal 0 0 1
    outer loop
      vertex -4.75 -8.22724 54
      vertex -7 -12.1244 54
      vertex -5.91666 -12.6883 54
    endloop
  endfacet
  facet normal 0 0 1
    outer loop
      vertex -9.89949 -9.89949 54
      vertex -6.71751 -6.71751 54
      vertex -7.27742 -6.10648 54
    endloop
  endfacet
  facet normal 0 0 1
    outer loop
      vertex -10.7246 -8.99903 54
      vertex -7.27742 -6.10648 54
      vertex -7.78194 -5.44898 54
    endloop
  endfacet
  facet normal 0 0 1
    outer loop
      vertex -5.44898 -7.78194 54
      vertex -8.03007 -11.4681 54
      vertex -7 -12.1244 54
    endloop
  endfacet
  facet normal 0 0 1
    outer loop
      vertex -11.4681 -8.03007 54
      vertex -7.78194 -5.44898 54
      vertex -8.22724 -4.75 54
    endloop
  endfacet
  facet normal 0 0 1
    outer loop
      vertex -12.1244 -7 54
      vertex -8.22724 -4.75 54
      vertex -8.60992 -4.01487 54
    endloop
  endfacet
  facet normal 0 0 1
    outer loop
      vertex -12.6883 -5.91666 54
      vertex -8.60992 -4.01487 54
      vertex -8.92708 -3.24919 54
    endloop
  endfacet
  facet normal 0 0 1
    outer loop
      vertex -6.10648 -7.27742 54
      vertex -8.99903 -10.7246 54
      vertex -8.03007 -11.4681 54
    endloop
  endfacet
  facet normal 0 0 1
    outer loop
      vertex -13.1557 -4.78828 54
      vertex -8.92708 -3.24919 54
      vertex -9.1763 -2.45878 54
    endloop
  endfacet
  facet normal 0 0 1
    outer loop
      vertex -13.523 -3.62347 54
      vertex -9.1763 -2.45878 54
      vertex -9.35567 -1.64966 54
    endloop
  endfacet
  facet normal 0 0 1
    outer loop
      vertex -13.7873 -2.43107 54
      vertex -9.35567 -1.64966 54
      vertex -9.46385 -0.827979 54
    endloop
  endfacet
  facet normal 0 0 1
    outer loop
      vertex -6.71751 -6.71751 54
      vertex -9.89949 -9.89949 54
      vertex -8.99903 -10.7246 54
    endloop
  endfacet
  facet normal 0 0 1
    outer loop
      vertex -13.9467 -1.22018 54
      vertex -9.46385 -0.827979 54
      vertex -9.5 0 54
    endloop
  endfacet
  facet normal -0 0 1
    outer loop
      vertex -13.1557 4.78828 54
      vertex -8.92708 3.24919 54
      vertex -12.6883 5.91666 54
    endloop
  endfacet
  facet normal 0 0 1
    outer loop
      vertex -8.92708 3.24919 54
      vertex -13.1557 4.78828 54
      vertex -9.1763 2.45878 54
    endloop
  endfacet
  facet normal 0 0 1
    outer loop
      vertex -7.27742 -6.10648 54
      vertex -10.7246 -8.99903 54
      vertex -9.89949 -9.89949 54
    endloop
  endfacet
  facet normal -0 0 1
    outer loop
      vertex -13.523 3.62347 54
      vertex -9.1763 2.45878 54
      vertex -13.1557 4.78828 54
    endloop
  endfacet
  facet normal 0 0 1
    outer loop
      vertex -7.78194 -5.44898 54
      vertex -11.4681 -8.03007 54
      vertex -10.7246 -8.99903 54
    endloop
  endfacet
  facet normal 0 0 1
    outer loop
      vertex -9.1763 2.45878 54
      vertex -13.523 3.62347 54
      vertex -9.35567 1.64966 54
    endloop
  endfacet
  facet normal 0 0 1
    outer loop
      vertex -8.22724 -4.75 54
      vertex -12.1244 -7 54
      vertex -11.4681 -8.03007 54
    endloop
  endfacet
  facet normal -0 0 1
    outer loop
      vertex -13.7873 2.43107 54
      vertex -9.35567 1.64966 54
      vertex -13.523 3.62347 54
    endloop
  endfacet
  facet normal 0 0 1
    outer loop
      vertex -8.60992 -4.01487 54
      vertex -12.6883 -5.91666 54
      vertex -12.1244 -7 54
    endloop
  endfacet
  facet normal 0 0 1
    outer loop
      vertex -9.35567 1.64966 54
      vertex -13.7873 2.43107 54
      vertex -9.46385 0.827979 54
    endloop
  endfacet
  facet normal 0 0 1
    outer loop
      vertex -8.92708 -3.24919 54
      vertex -13.1557 -4.78828 54
      vertex -12.6883 -5.91666 54
    endloop
  endfacet
  facet normal -0 0 1
    outer loop
      vertex -13.9467 1.22018 54
      vertex -9.46385 0.827979 54
      vertex -13.7873 2.43107 54
    endloop
  endfacet
  facet normal 0 0 1
    outer loop
      vertex -9.1763 -2.45878 54
      vertex -13.523 -3.62347 54
      vertex -13.1557 -4.78828 54
    endloop
  endfacet
  facet normal 0 0 1
    outer loop
      vertex -9.46385 0.827979 54
      vertex -13.9467 1.22018 54
      vertex -9.5 0 54
    endloop
  endfacet
  facet normal 0 0 1
    outer loop
      vertex -9.35567 -1.64966 54
      vertex -13.7873 -2.43107 54
      vertex -13.523 -3.62347 54
    endloop
  endfacet
  facet normal 0 0 1
    outer loop
      vertex -14 0 54
      vertex -9.5 0 54
      vertex -13.9467 1.22018 54
    endloop
  endfacet
  facet normal 0 0 1
    outer loop
      vertex -9.46385 -0.827979 54
      vertex -13.9467 -1.22018 54
      vertex -13.7873 -2.43107 54
    endloop
  endfacet
  facet normal 0 0 1
    outer loop
      vertex -9.5 0 54
      vertex -14 0 54
      vertex -13.9467 -1.22018 54
    endloop
  endfacet
  facet normal 0 0 1
    outer loop
      vertex 4.5 -13.2466 54
      vertex 1.29505 -17.8867 54
      vertex 1.3 -18 54
    endloop
  endfacet
  facet normal 0 0 1
    outer loop
      vertex 4.5 -13.2466 54
      vertex 1.28025 -17.7743 54
      vertex 1.29505 -17.8867 54
    endloop
  endfacet
  facet normal 0 0 1
    outer loop
      vertex 4.5 -13.2466 54
      vertex 1.2557 -17.6635 54
      vertex 1.28025 -17.7743 54
    endloop
  endfacet
  facet normal 0 0 1
    outer loop
      vertex 4.5 -13.2466 54
      vertex 1.2216 -17.5554 54
      vertex 1.2557 -17.6635 54
    endloop
  endfacet
  facet normal 0 0 1
    outer loop
      vertex 4.5 -13.2466 54
      vertex 1.1782 -17.4506 54
      vertex 1.2216 -17.5554 54
    endloop
  endfacet
  facet normal 0 0 1
    outer loop
      vertex 4.5 -13.2466 54
      vertex 1.12583 -17.35 54
      vertex 1.1782 -17.4506 54
    endloop
  endfacet
  facet normal 0 0 1
    outer loop
      vertex 4.5 -13.2466 54
      vertex 1.0649 -17.2543 54
      vertex 1.12583 -17.35 54
    endloop
  endfacet
  facet normal 0 0 1
    outer loop
      vertex 4.5 -13.2466 54
      vertex 0.995857 -17.1644 54
      vertex 1.0649 -17.2543 54
    endloop
  endfacet
  facet normal 0 0 1
    outer loop
      vertex 4.5 -13.2466 54
      vertex 0.919238 -17.0808 54
      vertex 0.995857 -17.1644 54
    endloop
  endfacet
  facet normal 0 0 1
    outer loop
      vertex 4.5 -13.2466 54
      vertex 0.835624 -17.0041 54
      vertex 0.919238 -17.0808 54
    endloop
  endfacet
  facet normal 0 0 1
    outer loop
      vertex 0.225742 -16.7197 54
      vertex 4.5 -13.2466 54
      vertex 0.827979 -9.46385 54
    endloop
  endfacet
  facet normal 0 0 1
    outer loop
      vertex 4.5 -13.2466 54
      vertex 0.745649 -16.9351 54
      vertex 0.835624 -17.0041 54
    endloop
  endfacet
  facet normal 0 0 1
    outer loop
      vertex 4.5 -13.2466 54
      vertex 0.65 -16.8742 54
      vertex 0.745649 -16.9351 54
    endloop
  endfacet
  facet normal 0 0 1
    outer loop
      vertex 4.5 -13.2466 54
      vertex 0.549403 -16.8218 54
      vertex 0.65 -16.8742 54
    endloop
  endfacet
  facet normal 0 0 1
    outer loop
      vertex 4.5 -13.2466 54
      vertex 0.444626 -16.7784 54
      vertex 0.549403 -16.8218 54
    endloop
  endfacet
  facet normal 0 0 1
    outer loop
      vertex 4.5 -13.2466 54
      vertex 0.336464 -16.7443 54
      vertex 0.444626 -16.7784 54
    endloop
  endfacet
  facet normal 0 0 1
    outer loop
      vertex 4.5 -13.2466 54
      vertex 0.225742 -16.7197 54
      vertex 0.336464 -16.7443 54
    endloop
  endfacet
  facet normal 0 0 1
    outer loop
      vertex 0.827979 -9.46385 54
      vertex 0.113302 -16.7049 54
      vertex 0.225742 -16.7197 54
    endloop
  endfacet
  facet normal -0 0 1
    outer loop
      vertex 0 -9.5 54
      vertex 0.113302 -16.7049 54
      vertex 0.827979 -9.46385 54
    endloop
  endfacet
  facet normal 0 0 1
    outer loop
      vertex 0 -9.5 54
      vertex 0 -16.7 54
      vertex 0.113302 -16.7049 54
    endloop
  endfacet
  facet normal 0 0 1
    outer loop
      vertex 0 -9.5 54
      vertex -0.113302 -16.7049 54
      vertex 0 -16.7 54
    endloop
  endfacet
  facet normal 0 0 1
    outer loop
      vertex -0.827979 -9.46385 54
      vertex -0.113302 -16.7049 54
      vertex 0 -9.5 54
    endloop
  endfacet
  facet normal 0 0 1
    outer loop
      vertex -0.113302 -16.7049 54
      vertex -0.827979 -9.46385 54
      vertex -0.225742 -16.7197 54
    endloop
  endfacet
  facet normal -0 0 1
    outer loop
      vertex -4.5 -13.2466 54
      vertex -0.225742 -16.7197 54
      vertex -0.827979 -9.46385 54
    endloop
  endfacet
  facet normal 0 0 1
    outer loop
      vertex -0.225742 -16.7197 54
      vertex -4.5 -13.2466 54
      vertex -0.336464 -16.7443 54
    endloop
  endfacet
  facet normal 0 0 1
    outer loop
      vertex -0.336464 -16.7443 54
      vertex -4.5 -13.2466 54
      vertex -0.444626 -16.7784 54
    endloop
  endfacet
  facet normal 0 0 1
    outer loop
      vertex -0.444626 -16.7784 54
      vertex -4.5 -13.2466 54
      vertex -0.549403 -16.8218 54
    endloop
  endfacet
  facet normal 0 0 1
    outer loop
      vertex -0.549403 -16.8218 54
      vertex -4.5 -13.2466 54
      vertex -0.65 -16.8742 54
    endloop
  endfacet
  facet normal 0 0 1
    outer loop
      vertex -0.65 -16.8742 54
      vertex -4.5 -13.2466 54
      vertex -0.745649 -16.9351 54
    endloop
  endfacet
  facet normal 0 0 1
    outer loop
      vertex -0.745649 -16.9351 54
      vertex -4.5 -13.2466 54
      vertex -0.835624 -17.0041 54
    endloop
  endfacet
  facet normal 0 0 1
    outer loop
      vertex -0.835624 -17.0041 54
      vertex -4.5 -13.2466 54
      vertex -0.919238 -17.0808 54
    endloop
  endfacet
  facet normal 0 0 1
    outer loop
      vertex -0.919238 -17.0808 54
      vertex -4.5 -13.2466 54
      vertex -0.995857 -17.1644 54
    endloop
  endfacet
  facet normal 0 0 1
    outer loop
      vertex -0.995857 -17.1644 54
      vertex -4.5 -13.2466 54
      vertex -1.0649 -17.2543 54
    endloop
  endfacet
  facet normal 0 0 1
    outer loop
      vertex -1.0649 -17.2543 54
      vertex -4.5 -13.2466 54
      vertex -1.12583 -17.35 54
    endloop
  endfacet
  facet normal 0 0 1
    outer loop
      vertex -1.12583 -17.35 54
      vertex -4.5 -13.2466 54
      vertex -1.1782 -17.4506 54
    endloop
  endfacet
  facet normal 0 0 1
    outer loop
      vertex -1.1782 -17.4506 54
      vertex -4.5 -13.2466 54
      vertex -1.2216 -17.5554 54
    endloop
  endfacet
  facet normal 0 0 1
    outer loop
      vertex -1.2216 -17.5554 54
      vertex -4.5 -13.2466 54
      vertex -1.2557 -17.6635 54
    endloop
  endfacet
  facet normal 0 0 1
    outer loop
      vertex -1.2557 -17.6635 54
      vertex -4.5 -13.2466 54
      vertex -1.28025 -17.7743 54
    endloop
  endfacet
  facet normal 0 0 1
    outer loop
      vertex -1.28025 -17.7743 54
      vertex -4.5 -13.2466 54
      vertex -1.29505 -17.8867 54
    endloop
  endfacet
  facet normal 0 0 1
    outer loop
      vertex -4.5 -13.2466 54
      vertex -0.827979 -9.46385 54
      vertex -1.64966 -9.35567 54
    endloop
  endfacet
  facet normal -0 0 1
    outer loop
      vertex 9.18933 -2.4 54
      vertex 13.7873 -2.43107 54
      vertex 13.7914 -2.4 54
    endloop
  endfacet
  facet normal 0 0 1
    outer loop
      vertex 13.7873 -2.43107 54
      vertex 9.18933 -2.4 54
      vertex 13.523 -3.62347 54
    endloop
  endfacet
  facet normal 0 0 1
    outer loop
      vertex 13.523 -3.62347 54
      vertex 9.1763 -2.45878 54
      vertex 13.1557 -4.78828 54
    endloop
  endfacet
  facet normal 0 0 1
    outer loop
      vertex 13.1557 -4.78828 54
      vertex 8.92708 -3.24919 54
      vertex 12.6883 -5.91666 54
    endloop
  endfacet
  facet normal -0 0 1
    outer loop
      vertex 8.60992 -4.01487 54
      vertex 12.6883 -5.91666 54
      vertex 8.92708 -3.24919 54
    endloop
  endfacet
  facet normal -0 0 1
    outer loop
      vertex 8.22724 -4.75 54
      vertex 12.1244 -7 54
      vertex 8.60992 -4.01487 54
    endloop
  endfacet
  facet normal 0 0 1
    outer loop
      vertex 12.1244 -7 54
      vertex 8.22724 -4.75 54
      vertex 11.4681 -8.03007 54
    endloop
  endfacet
  facet normal 0 0 1
    outer loop
      vertex 13.523 -3.62347 54
      vertex 9.18933 -2.4 54
      vertex 9.1763 -2.45878 54
    endloop
  endfacet
  facet normal 0 0 1
    outer loop
      vertex 13.1557 -4.78828 54
      vertex 9.1763 -2.45878 54
      vertex 8.92708 -3.24919 54
    endloop
  endfacet
  facet normal 0 0 1
    outer loop
      vertex 12.6883 -5.91666 54
      vertex 8.60992 -4.01487 54
      vertex 12.1244 -7 54
    endloop
  endfacet
  facet normal -0 0 1
    outer loop
      vertex 7.78194 -5.44898 54
      vertex 11.4681 -8.03007 54
      vertex 8.22724 -4.75 54
    endloop
  endfacet
  facet normal 0 0 1
    outer loop
      vertex 11.4681 -8.03007 54
      vertex 7.78194 -5.44898 54
      vertex 10.7246 -8.99903 54
    endloop
  endfacet
  facet normal -0 0 1
    outer loop
      vertex 7.27742 -6.10648 54
      vertex 10.7246 -8.99903 54
      vertex 7.78194 -5.44898 54
    endloop
  endfacet
  facet normal 0 0 1
    outer loop
      vertex 10.7246 -8.99903 54
      vertex 7.27742 -6.10648 54
      vertex 9.89949 -9.89949 54
    endloop
  endfacet
  facet normal -0 0 1
    outer loop
      vertex 6.71751 -6.71751 54
      vertex 9.89949 -9.89949 54
      vertex 7.27742 -6.10648 54
    endloop
  endfacet
  facet normal 0 0 1
    outer loop
      vertex 9.89949 -9.89949 54
      vertex 6.71751 -6.71751 54
      vertex 8.99903 -10.7246 54
    endloop
  endfacet
  facet normal -0 0 1
    outer loop
      vertex 6.10648 -7.27742 54
      vertex 8.99903 -10.7246 54
      vertex 6.71751 -6.71751 54
    endloop
  endfacet
  facet normal 0 0 1
    outer loop
      vertex 8.99903 -10.7246 54
      vertex 6.10648 -7.27742 54
      vertex 8.03007 -11.4681 54
    endloop
  endfacet
  facet normal -0 0 1
    outer loop
      vertex 5.44898 -7.78194 54
      vertex 8.03007 -11.4681 54
      vertex 6.10648 -7.27742 54
    endloop
  endfacet
  facet normal 0 0 1
    outer loop
      vertex 8.03007 -11.4681 54
      vertex 5.44898 -7.78194 54
      vertex 7 -12.1244 54
    endloop
  endfacet
  facet normal -0 0 1
    outer loop
      vertex 4.75 -8.22724 54
      vertex 7 -12.1244 54
      vertex 5.44898 -7.78194 54
    endloop
  endfacet
  facet normal 0 0 1
    outer loop
      vertex 7 -12.1244 54
      vertex 4.75 -8.22724 54
      vertex 5.91666 -12.6883 54
    endloop
  endfacet
  facet normal -0 0 1
    outer loop
      vertex 4.01487 -8.60992 54
      vertex 5.91666 -12.6883 54
      vertex 4.75 -8.22724 54
    endloop
  endfacet
  facet normal 0 0 1
    outer loop
      vertex 5.91666 -12.6883 54
      vertex 4.01487 -8.60992 54
      vertex 4.78828 -13.1557 54
    endloop
  endfacet
  facet normal -0 0 1
    outer loop
      vertex 3.24919 -8.92708 54
      vertex 4.78828 -13.1557 54
      vertex 4.01487 -8.60992 54
    endloop
  endfacet
  facet normal 0 0 1
    outer loop
      vertex 4.78828 -13.1557 54
      vertex 3.24919 -8.92708 54
      vertex 4.5 -13.2466 54
    endloop
  endfacet
  facet normal -0 0 1
    outer loop
      vertex 2.45878 -9.1763 54
      vertex 4.5 -13.2466 54
      vertex 3.24919 -8.92708 54
    endloop
  endfacet
  facet normal -0 0 1
    outer loop
      vertex 1.64966 -9.35567 54
      vertex 4.5 -13.2466 54
      vertex 2.45878 -9.1763 54
    endloop
  endfacet
  facet normal -0 0 1
    outer loop
      vertex 0.827979 -9.46385 54
      vertex 4.5 -13.2466 54
      vertex 1.64966 -9.35567 54
    endloop
  endfacet
  facet normal 0 0 1
    outer loop
      vertex 4.5 -13.2466 54
      vertex 1.3 -18 54
      vertex 4.5 -22.5 54
    endloop
  endfacet
  facet normal -0 0 1
    outer loop
      vertex 1.29505 -18.1133 54
      vertex 4.5 -22.5 54
      vertex 1.3 -18 54
    endloop
  endfacet
  facet normal -0 0 1
    outer loop
      vertex 1.28025 -18.2257 54
      vertex 4.5 -22.5 54
      vertex 1.29505 -18.1133 54
    endloop
  endfacet
  facet normal -0 0 1
    outer loop
      vertex 1.2557 -18.3365 54
      vertex 4.5 -22.5 54
      vertex 1.28025 -18.2257 54
    endloop
  endfacet
  facet normal -0 0 1
    outer loop
      vertex 1.2216 -18.4446 54
      vertex 4.5 -22.5 54
      vertex 1.2557 -18.3365 54
    endloop
  endfacet
  facet normal -0 0 1
    outer loop
      vertex 1.1782 -18.5494 54
      vertex 4.5 -22.5 54
      vertex 1.2216 -18.4446 54
    endloop
  endfacet
  facet normal -0 0 1
    outer loop
      vertex 1.12583 -18.65 54
      vertex 4.5 -22.5 54
      vertex 1.1782 -18.5494 54
    endloop
  endfacet
  facet normal -0 0 1
    outer loop
      vertex 1.0649 -18.7456 54
      vertex 4.5 -22.5 54
      vertex 1.12583 -18.65 54
    endloop
  endfacet
  facet normal -0 0 1
    outer loop
      vertex 0.995857 -18.8356 54
      vertex 4.5 -22.5 54
      vertex 1.0649 -18.7456 54
    endloop
  endfacet
  facet normal -0 0 1
    outer loop
      vertex 0.919238 -18.9192 54
      vertex 4.5 -22.5 54
      vertex 0.995857 -18.8356 54
    endloop
  endfacet
  facet normal -0 0 1
    outer loop
      vertex 0.835624 -18.9959 54
      vertex 4.5 -22.5 54
      vertex 0.919238 -18.9192 54
    endloop
  endfacet
  facet normal -0 0 1
    outer loop
      vertex 0.745649 -19.0649 54
      vertex 4.5 -22.5 54
      vertex 0.835624 -18.9959 54
    endloop
  endfacet
  facet normal -0 0 1
    outer loop
      vertex 0.65 -19.1258 54
      vertex 4.5 -22.5 54
      vertex 0.745649 -19.0649 54
    endloop
  endfacet
  facet normal -0 0 1
    outer loop
      vertex 0.549403 -19.1782 54
      vertex 4.5 -22.5 54
      vertex 0.65 -19.1258 54
    endloop
  endfacet
  facet normal -0 0 1
    outer loop
      vertex 0.444626 -19.2216 54
      vertex 4.5 -22.5 54
      vertex 0.549403 -19.1782 54
    endloop
  endfacet
  facet normal -0 0 1
    outer loop
      vertex 0.336464 -19.2557 54
      vertex 4.5 -22.5 54
      vertex 0.444626 -19.2216 54
    endloop
  endfacet
  facet normal -0 0 1
    outer loop
      vertex 0.225742 -19.2803 54
      vertex 4.5 -22.5 54
      vertex 0.336464 -19.2557 54
    endloop
  endfacet
  facet normal -0 0 1
    outer loop
      vertex 0.113302 -19.2951 54
      vertex 4.5 -22.5 54
      vertex 0.225742 -19.2803 54
    endloop
  endfacet
  facet normal -0 0 1
    outer loop
      vertex 0 -19.3 54
      vertex 4.5 -22.5 54
      vertex 0.113302 -19.2951 54
    endloop
  endfacet
  facet normal 0 0 1
    outer loop
      vertex -4.5 -22.5 54
      vertex 0 -19.3 54
      vertex -0.113302 -19.2951 54
    endloop
  endfacet
  facet normal 0 0 1
    outer loop
      vertex -4.5 -22.5 54
      vertex -0.113302 -19.2951 54
      vertex -0.225742 -19.2803 54
    endloop
  endfacet
  facet normal 0 0 1
    outer loop
      vertex -4.5 -22.5 54
      vertex -0.225742 -19.2803 54
      vertex -0.336464 -19.2557 54
    endloop
  endfacet
  facet normal 0 0 1
    outer loop
      vertex -4.5 -22.5 54
      vertex -0.336464 -19.2557 54
      vertex -0.444626 -19.2216 54
    endloop
  endfacet
  facet normal 0 0 1
    outer loop
      vertex -4.5 -22.5 54
      vertex -0.444626 -19.2216 54
      vertex -0.549403 -19.1782 54
    endloop
  endfacet
  facet normal 0 0 1
    outer loop
      vertex -4.5 -22.5 54
      vertex -0.549403 -19.1782 54
      vertex -0.65 -19.1258 54
    endloop
  endfacet
  facet normal 0 0 1
    outer loop
      vertex -4.5 -22.5 54
      vertex -0.65 -19.1258 54
      vertex -0.745649 -19.0649 54
    endloop
  endfacet
  facet normal 0 0 1
    outer loop
      vertex -4.5 -13.2466 54
      vertex -1.64966 -9.35567 54
      vertex -2.45878 -9.1763 54
    endloop
  endfacet
  facet normal 0 0 1
    outer loop
      vertex -1.29505 -17.8867 54
      vertex -4.5 -13.2466 54
      vertex -1.3 -18 54
    endloop
  endfacet
  facet normal 0 0 1
    outer loop
      vertex -4.5 -13.2466 54
      vertex -2.45878 -9.1763 54
      vertex -3.24919 -8.92708 54
    endloop
  endfacet
  facet normal 0 0 1
    outer loop
      vertex -4.5 -22.5 54
      vertex -1.3 -18 54
      vertex -4.5 -13.2466 54
    endloop
  endfacet
  facet normal 0 0 1
    outer loop
      vertex -4.5 -13.2466 54
      vertex -3.24919 -8.92708 54
      vertex -4.01487 -8.60992 54
    endloop
  endfacet
  facet normal 0 0 1
    outer loop
      vertex -1.3 -18 54
      vertex -4.5 -22.5 54
      vertex -1.29505 -18.1133 54
    endloop
  endfacet
  facet normal 0 0 1
    outer loop
      vertex -1.29505 -18.1133 54
      vertex -4.5 -22.5 54
      vertex -1.28025 -18.2257 54
    endloop
  endfacet
  facet normal 0 0 1
    outer loop
      vertex -1.28025 -18.2257 54
      vertex -4.5 -22.5 54
      vertex -1.2557 -18.3365 54
    endloop
  endfacet
  facet normal 0 0 1
    outer loop
      vertex -1.2557 -18.3365 54
      vertex -4.5 -22.5 54
      vertex -1.2216 -18.4446 54
    endloop
  endfacet
  facet normal 0 0 1
    outer loop
      vertex -1.2216 -18.4446 54
      vertex -4.5 -22.5 54
      vertex -1.1782 -18.5494 54
    endloop
  endfacet
  facet normal 0 0 1
    outer loop
      vertex 0 -19.3 54
      vertex -4.5 -22.5 54
      vertex 4.5 -22.5 54
    endloop
  endfacet
  facet normal 0 0 1
    outer loop
      vertex -0.835624 -18.9959 54
      vertex -4.5 -22.5 54
      vertex -0.745649 -19.0649 54
    endloop
  endfacet
  facet normal 0 0 1
    outer loop
      vertex -0.919238 -18.9192 54
      vertex -4.5 -22.5 54
      vertex -0.835624 -18.9959 54
    endloop
  endfacet
  facet normal 0 0 1
    outer loop
      vertex -0.995857 -18.8356 54
      vertex -4.5 -22.5 54
      vertex -0.919238 -18.9192 54
    endloop
  endfacet
  facet normal 0 0 1
    outer loop
      vertex -1.0649 -18.7456 54
      vertex -4.5 -22.5 54
      vertex -0.995857 -18.8356 54
    endloop
  endfacet
  facet normal 0 0 1
    outer loop
      vertex -1.12583 -18.65 54
      vertex -4.5 -22.5 54
      vertex -1.0649 -18.7456 54
    endloop
  endfacet
  facet normal 0 0 1
    outer loop
      vertex -1.1782 -18.5494 54
      vertex -4.5 -22.5 54
      vertex -1.12583 -18.65 54
    endloop
  endfacet
  facet normal -1.1351e-05 0.632829 -0.774292
    outer loop
      vertex 4.5 13.2466 42.4371
      vertex 1.29505 17.8867 46.2295
      vertex 1.3 18 46.3221
    endloop
  endfacet
  facet normal 0.000354548 0.632947 -0.774195
    outer loop
      vertex 3.62347 13.523 42.663
      vertex 1.28025 17.7743 46.1376
      vertex 1.29505 17.8867 46.2295
    endloop
  endfacet
  facet normal -0.000517062 0.632659 -0.77443
    outer loop
      vertex 3.62347 13.523 42.663
      vertex 1.2557 17.6635 46.0471
      vertex 1.28025 17.7743 46.1376
    endloop
  endfacet
  facet normal 0.0003879 0.632969 -0.774177
    outer loop
      vertex 3.62347 13.523 42.663
      vertex 1.2216 17.5554 45.9587
      vertex 1.2557 17.6635 46.0471
    endloop
  endfacet
  facet normal 5.34166e-05 0.632846 -0.774278
    outer loop
      vertex 0.835624 17.0041 45.5082
      vertex 2.43107 13.7873 42.8791
      vertex 1.22018 13.9467 43.0093
    endloop
  endfacet
  facet normal -0.000391846 0.632691 -0.774404
    outer loop
      vertex 3.62347 13.523 42.663
      vertex 1.1782 17.4506 45.8731
      vertex 1.2216 17.5554 45.9587
    endloop
  endfacet
  facet normal -0.000178158 0.63279 -0.774323
    outer loop
      vertex 2.43107 13.7873 42.8791
      vertex 1.12583 17.35 45.7909
      vertex 1.1782 17.4506 45.8731
    endloop
  endfacet
  facet normal -0.000127065 0.632801 -0.774314
    outer loop
      vertex 2.43107 13.7873 42.8791
      vertex 1.0649 17.2543 45.7127
      vertex 1.12583 17.35 45.7909
    endloop
  endfacet
  facet normal 0.000179267 0.632874 -0.774255
    outer loop
      vertex 2.43107 13.7873 42.8791
      vertex 0.995857 17.1644 45.6392
      vertex 1.0649 17.2543 45.7127
    endloop
  endfacet
  facet normal 0.000509564 0.632958 -0.774186
    outer loop
      vertex 2.43107 13.7873 42.8791
      vertex 0.919238 17.0808 45.5708
      vertex 0.995857 17.1644 45.6392
    endloop
  endfacet
  facet normal -0.000554667 0.632665 -0.774425
    outer loop
      vertex 2.43107 13.7873 42.8791
      vertex 0.835624 17.0041 45.5082
      vertex 0.919238 17.0808 45.5708
    endloop
  endfacet
  facet normal 3.40389e-05 0.632844 -0.774279
    outer loop
      vertex 1.22018 13.9467 43.0093
      vertex 0.745649 16.9351 45.4518
      vertex 0.835624 17.0041 45.5082
    endloop
  endfacet
  facet normal 0.000182216 0.632859 -0.774267
    outer loop
      vertex 1.22018 13.9467 43.0093
      vertex 0.65 16.8742 45.402
      vertex 0.745649 16.9351 45.4518
    endloop
  endfacet
  facet normal -0.000192111 0.632815 -0.774303
    outer loop
      vertex 1.22018 13.9467 43.0093
      vertex 0.549403 16.8218 45.3592
      vertex 0.65 16.8742 45.402
    endloop
  endfacet
  facet normal 0.000188411 0.632868 -0.77426
    outer loop
      vertex 1.22018 13.9467 43.0093
      vertex 0.444626 16.7784 45.3237
      vertex 0.549403 16.8218 45.3592
    endloop
  endfacet
  facet normal 0.000194048 0.632869 -0.774259
    outer loop
      vertex 1.22018 13.9467 43.0093
      vertex 0.336464 16.7443 45.2958
      vertex 0.444626 16.7784 45.3237
    endloop
  endfacet
  facet normal -2.41294e-05 0.632828 -0.774293
    outer loop
      vertex 0 14 43.0529
      vertex 0.336464 16.7443 45.2958
      vertex 1.22018 13.9467 43.0093
    endloop
  endfacet
  facet normal -0.00075791 0.632881 -0.774248
    outer loop
      vertex 0.336464 16.7443 45.2958
      vertex 0 14 43.0529
      vertex 0.225742 16.7197 45.2758
    endloop
  endfacet
  facet normal 2.41913e-05 0.632843 -0.77428
    outer loop
      vertex 0.225742 16.7197 45.2758
      vertex 0 14 43.0529
      vertex 0.113302 16.7049 45.2637
    endloop
  endfacet
  facet normal 0.000650915 0.632827 -0.774293
    outer loop
      vertex 0 14 43.0529
      vertex 0 16.7 45.2596
      vertex 0.113302 16.7049 45.2637
    endloop
  endfacet
  facet normal -0.000650915 0.632827 -0.774293
    outer loop
      vertex 0 14 43.0529
      vertex -0.113302 16.7049 45.2637
      vertex 0 16.7 45.2596
    endloop
  endfacet
  facet normal -2.41913e-05 0.632843 -0.77428
    outer loop
      vertex 0 14 43.0529
      vertex -0.225742 16.7197 45.2758
      vertex -0.113302 16.7049 45.2637
    endloop
  endfacet
  facet normal 0.00075791 0.632881 -0.774248
    outer loop
      vertex 0 14 43.0529
      vertex -0.336464 16.7443 45.2958
      vertex -0.225742 16.7197 45.2758
    endloop
  endfacet
  facet normal 2.41294e-05 0.632828 -0.774293
    outer loop
      vertex -1.22018 13.9467 43.0093
      vertex -0.336464 16.7443 45.2958
      vertex 0 14 43.0529
    endloop
  endfacet
  facet normal -0.000194048 0.632869 -0.774259
    outer loop
      vertex -0.336464 16.7443 45.2958
      vertex -1.22018 13.9467 43.0093
      vertex -0.444626 16.7784 45.3237
    endloop
  endfacet
  facet normal -0.000188411 0.632868 -0.77426
    outer loop
      vertex -0.444626 16.7784 45.3237
      vertex -1.22018 13.9467 43.0093
      vertex -0.549403 16.8218 45.3592
    endloop
  endfacet
  facet normal 0.000192111 0.632815 -0.774303
    outer loop
      vertex -0.549403 16.8218 45.3592
      vertex -1.22018 13.9467 43.0093
      vertex -0.65 16.8742 45.402
    endloop
  endfacet
  facet normal -0.000182216 0.632859 -0.774267
    outer loop
      vertex -0.65 16.8742 45.402
      vertex -1.22018 13.9467 43.0093
      vertex -0.745649 16.9351 45.4518
    endloop
  endfacet
  facet normal -3.40389e-05 0.632844 -0.774279
    outer loop
      vertex -0.745649 16.9351 45.4518
      vertex -1.22018 13.9467 43.0093
      vertex -0.835624 17.0041 45.5082
    endloop
  endfacet
  facet normal -5.34166e-05 0.632846 -0.774278
    outer loop
      vertex -2.43107 13.7873 42.8791
      vertex -0.835624 17.0041 45.5082
      vertex -1.22018 13.9467 43.0093
    endloop
  endfacet
  facet normal 0.000554667 0.632665 -0.774425
    outer loop
      vertex -0.835624 17.0041 45.5082
      vertex -2.43107 13.7873 42.8791
      vertex -0.919238 17.0808 45.5708
    endloop
  endfacet
  facet normal -0.000509564 0.632958 -0.774186
    outer loop
      vertex -0.919238 17.0808 45.5708
      vertex -2.43107 13.7873 42.8791
      vertex -0.995857 17.1644 45.6392
    endloop
  endfacet
  facet normal -0.000179267 0.632874 -0.774255
    outer loop
      vertex -0.995857 17.1644 45.6392
      vertex -2.43107 13.7873 42.8791
      vertex -1.0649 17.2543 45.7127
    endloop
  endfacet
  facet normal 0.000127065 0.632801 -0.774314
    outer loop
      vertex -1.0649 17.2543 45.7127
      vertex -2.43107 13.7873 42.8791
      vertex -1.12583 17.35 45.7909
    endloop
  endfacet
  facet normal 0.000178158 0.63279 -0.774323
    outer loop
      vertex -1.12583 17.35 45.7909
      vertex -2.43107 13.7873 42.8791
      vertex -1.1782 17.4506 45.8731
    endloop
  endfacet
  facet normal 6.23224e-05 0.632814 -0.774304
    outer loop
      vertex -3.62347 13.523 42.663
      vertex -1.1782 17.4506 45.8731
      vertex -2.43107 13.7873 42.8791
    endloop
  endfacet
  facet normal 0.000391846 0.632691 -0.774404
    outer loop
      vertex -1.1782 17.4506 45.8731
      vertex -3.62347 13.523 42.663
      vertex -1.2216 17.5554 45.9587
    endloop
  endfacet
  facet normal -0.0003879 0.632969 -0.774177
    outer loop
      vertex -1.2216 17.5554 45.9587
      vertex -3.62347 13.523 42.663
      vertex -1.2557 17.6635 46.0471
    endloop
  endfacet
  facet normal 0.000517062 0.632659 -0.77443
    outer loop
      vertex -1.2557 17.6635 46.0471
      vertex -3.62347 13.523 42.663
      vertex -1.28025 17.7743 46.1376
    endloop
  endfacet
  facet normal -2.70862e-06 0.632831 -0.77429
    outer loop
      vertex -4.5 13.2466 42.4371
      vertex -1.28025 17.7743 46.1376
      vertex -3.62347 13.523 42.663
    endloop
  endfacet
  facet normal 5.05508e-06 0.632835 -0.774286
    outer loop
      vertex 1.29505 17.8867 46.2295
      vertex 4.5 13.2466 42.4371
      vertex 3.62347 13.523 42.663
    endloop
  endfacet
  facet normal -6.23224e-05 0.632814 -0.774304
    outer loop
      vertex 1.1782 17.4506 45.8731
      vertex 3.62347 13.523 42.663
      vertex 2.43107 13.7873 42.8791
    endloop
  endfacet
  facet normal 7.80802e-07 0.632834 -0.774288
    outer loop
      vertex 4.5 13.2466 42.4371
      vertex 1.3 18 46.3221
      vertex 4.5 22.5 50
    endloop
  endfacet
  facet normal 1.22129e-05 0.632829 -0.774292
    outer loop
      vertex 1.29505 18.1133 46.4147
      vertex 4.5 22.5 50
      vertex 1.3 18 46.3221
    endloop
  endfacet
  facet normal -0.000273159 0.632954 -0.77419
    outer loop
      vertex 1.28025 18.2257 46.5066
      vertex 4.5 22.5 50
      vertex 1.29505 18.1133 46.4147
    endloop
  endfacet
  facet normal 0.00041025 0.632645 -0.774442
    outer loop
      vertex 1.2557 18.3365 46.5971
      vertex 4.5 22.5 50
      vertex 1.28025 18.2257 46.5066
    endloop
  endfacet
  facet normal -0.000314123 0.632983 -0.774165
    outer loop
      vertex 1.2216 18.4446 46.6855
      vertex 4.5 22.5 50
      vertex 1.2557 18.3365 46.5971
    endloop
  endfacet
  facet normal 0.000323968 0.632674 -0.774418
    outer loop
      vertex 1.1782 18.5494 46.7711
      vertex 4.5 22.5 50
      vertex 1.2216 18.4446 46.6855
    endloop
  endfacet
  facet normal -0.000439282 0.633059 -0.774104
    outer loop
      vertex 1.12583 18.65 46.8534
      vertex 4.5 22.5 50
      vertex 1.1782 18.5494 46.7711
    endloop
  endfacet
  facet normal 0.000180628 0.632733 -0.77437
    outer loop
      vertex 1.0649 18.7456 46.9315
      vertex 4.5 22.5 50
      vertex 1.12583 18.65 46.8534
    endloop
  endfacet
  facet normal -0.000216359 0.632951 -0.774192
    outer loop
      vertex 0.995857 18.8356 47.0051
      vertex 4.5 22.5 50
      vertex 1.0649 18.7456 46.9315
    endloop
  endfacet
  facet normal 0.000128387 0.632753 -0.774353
    outer loop
      vertex 0.919238 18.9192 47.0734
      vertex 4.5 22.5 50
      vertex 0.995857 18.8356 47.0051
    endloop
  endfacet
  facet normal 0.000421133 0.632578 -0.774497
    outer loop
      vertex 0.835624 18.9959 47.136
      vertex 4.5 22.5 50
      vertex 0.919238 18.9192 47.0734
    endloop
  endfacet
  facet normal -0.000498171 0.633154 -0.774026
    outer loop
      vertex 0.745649 19.0649 47.1925
      vertex 4.5 22.5 50
      vertex 0.835624 18.9959 47.136
    endloop
  endfacet
  facet normal -0.000126762 0.632911 -0.774225
    outer loop
      vertex 0.65 19.1258 47.2423
      vertex 4.5 22.5 50
      vertex 0.745649 19.0649 47.1925
    endloop
  endfacet
  facet normal 0.000125518 0.632738 -0.774366
    outer loop
      vertex 0.549403 19.1782 47.2851
      vertex 4.5 22.5 50
      vertex 0.65 19.1258 47.2423
    endloop
  endfacet
  facet normal 0.000350258 0.632578 -0.774497
    outer loop
      vertex 0.444626 19.2216 47.3205
      vertex 4.5 22.5 50
      vertex 0.549403 19.1782 47.2851
    endloop
  endfacet
  facet normal -0.000151434 0.63295 -0.774193
    outer loop
      vertex 0.336464 19.2557 47.3484
      vertex 4.5 22.5 50
      vertex 0.444626 19.2216 47.3205
    endloop
  endfacet
  facet normal 3.17514e-05 0.632809 -0.774308
    outer loop
      vertex 0.225742 19.2803 47.3685
      vertex 4.5 22.5 50
      vertex 0.336464 19.2557 47.3484
    endloop
  endfacet
  facet normal -2.21568e-05 0.632852 -0.774273
    outer loop
      vertex 0.113302 19.2951 47.3806
      vertex 4.5 22.5 50
      vertex 0.225742 19.2803 47.3685
    endloop
  endfacet
  facet normal 3.1124e-05 0.632808 -0.774309
    outer loop
      vertex 0 19.3 47.3846
      vertex 4.5 22.5 50
      vertex 0.113302 19.2951 47.3806
    endloop
  endfacet
  facet normal -3.1124e-05 0.632808 -0.774309
    outer loop
      vertex -4.5 22.5 50
      vertex 0 19.3 47.3846
      vertex -0.113302 19.2951 47.3806
    endloop
  endfacet
  facet normal 2.21568e-05 0.632852 -0.774273
    outer loop
      vertex -4.5 22.5 50
      vertex -0.113302 19.2951 47.3806
      vertex -0.225742 19.2803 47.3685
    endloop
  endfacet
  facet normal -3.17514e-05 0.632809 -0.774308
    outer loop
      vertex -4.5 22.5 50
      vertex -0.225742 19.2803 47.3685
      vertex -0.336464 19.2557 47.3484
    endloop
  endfacet
  facet normal 0.000151434 0.63295 -0.774193
    outer loop
      vertex -4.5 22.5 50
      vertex -0.336464 19.2557 47.3484
      vertex -0.444626 19.2216 47.3205
    endloop
  endfacet
  facet normal -0.000350258 0.632578 -0.774497
    outer loop
      vertex -4.5 22.5 50
      vertex -0.444626 19.2216 47.3205
      vertex -0.549403 19.1782 47.2851
    endloop
  endfacet
  facet normal -0.000125518 0.632738 -0.774366
    outer loop
      vertex -4.5 22.5 50
      vertex -0.549403 19.1782 47.2851
      vertex -0.65 19.1258 47.2423
    endloop
  endfacet
  facet normal 0.000126762 0.632911 -0.774225
    outer loop
      vertex -4.5 22.5 50
      vertex -0.65 19.1258 47.2423
      vertex -0.745649 19.0649 47.1925
    endloop
  endfacet
  facet normal -0.000287774 0.632952 -0.774191
    outer loop
      vertex -1.28025 17.7743 46.1376
      vertex -4.5 13.2466 42.4371
      vertex -1.29505 17.8867 46.2295
    endloop
  endfacet
  facet normal 1.1351e-05 0.632829 -0.774292
    outer loop
      vertex -1.29505 17.8867 46.2295
      vertex -4.5 13.2466 42.4371
      vertex -1.3 18 46.3221
    endloop
  endfacet
  facet normal -7.80802e-07 0.632834 -0.774288
    outer loop
      vertex -4.5 22.5 50
      vertex -1.3 18 46.3221
      vertex -4.5 13.2466 42.4371
    endloop
  endfacet
  facet normal -1.22129e-05 0.632829 -0.774292
    outer loop
      vertex -1.3 18 46.3221
      vertex -4.5 22.5 50
      vertex -1.29505 18.1133 46.4147
    endloop
  endfacet
  facet normal 0.000273159 0.632954 -0.77419
    outer loop
      vertex -1.29505 18.1133 46.4147
      vertex -4.5 22.5 50
      vertex -1.28025 18.2257 46.5066
    endloop
  endfacet
  facet normal -0.00041025 0.632645 -0.774442
    outer loop
      vertex -1.28025 18.2257 46.5066
      vertex -4.5 22.5 50
      vertex -1.2557 18.3365 46.5971
    endloop
  endfacet
  facet normal 0.000314123 0.632983 -0.774165
    outer loop
      vertex -1.2557 18.3365 46.5971
      vertex -4.5 22.5 50
      vertex -1.2216 18.4446 46.6855
    endloop
  endfacet
  facet normal -0.000323968 0.632674 -0.774418
    outer loop
      vertex -1.2216 18.4446 46.6855
      vertex -4.5 22.5 50
      vertex -1.1782 18.5494 46.7711
    endloop
  endfacet
  facet normal 0 0.632835 -0.774287
    outer loop
      vertex 0 19.3 47.3846
      vertex -4.5 22.5 50
      vertex 4.5 22.5 50
    endloop
  endfacet
  facet normal 0.000498171 0.633154 -0.774026
    outer loop
      vertex -0.835624 18.9959 47.136
      vertex -4.5 22.5 50
      vertex -0.745649 19.0649 47.1925
    endloop
  endfacet
  facet normal -0.000421133 0.632578 -0.774497
    outer loop
      vertex -0.919238 18.9192 47.0734
      vertex -4.5 22.5 50
      vertex -0.835624 18.9959 47.136
    endloop
  endfacet
  facet normal -0.000128387 0.632753 -0.774353
    outer loop
      vertex -0.995857 18.8356 47.0051
      vertex -4.5 22.5 50
      vertex -0.919238 18.9192 47.0734
    endloop
  endfacet
  facet normal 0.000216359 0.632951 -0.774192
    outer loop
      vertex -1.0649 18.7456 46.9315
      vertex -4.5 22.5 50
      vertex -0.995857 18.8356 47.0051
    endloop
  endfacet
  facet normal -0.000180628 0.632733 -0.77437
    outer loop
      vertex -1.12583 18.65 46.8534
      vertex -4.5 22.5 50
      vertex -1.0649 18.7456 46.9315
    endloop
  endfacet
  facet normal 0.000439282 0.633059 -0.774104
    outer loop
      vertex -1.1782 18.5494 46.7711
      vertex -4.5 22.5 50
      vertex -1.12583 18.65 46.8534
    endloop
  endfacet
  facet normal -1 0 0
    outer loop
      vertex -4.5 13.2466 54
      vertex -4.5 22.5 50
      vertex -4.5 13.2466 42.4371
    endloop
  endfacet
  facet normal -1 0 0
    outer loop
      vertex -4.5 22.5 50
      vertex -4.5 13.2466 54
      vertex -4.5 22.5 54
    endloop
  endfacet
  facet normal 1 -0 0
    outer loop
      vertex 4.5 13.2466 54
      vertex 4.5 22.5 50
      vertex 4.5 22.5 54
    endloop
  endfacet
  facet normal 1 0 0
    outer loop
      vertex 4.5 22.5 50
      vertex 4.5 13.2466 54
      vertex 4.5 13.2466 42.4371
    endloop
  endfacet
  facet normal 0 1 -0
    outer loop
      vertex 4.5 22.5 50
      vertex -4.5 22.5 54
      vertex 4.5 22.5 54
    endloop
  endfacet
  facet normal 0 1 0
    outer loop
      vertex -4.5 22.5 54
      vertex 4.5 22.5 50
      vertex -4.5 22.5 50
    endloop
  endfacet
  facet normal 0 -1 0
    outer loop
      vertex -4.5 -22.5 50
      vertex 4.5 -22.5 54
      vertex -4.5 -22.5 54
    endloop
  endfacet
  facet normal 0 -1 -0
    outer loop
      vertex 4.5 -22.5 54
      vertex -4.5 -22.5 50
      vertex 4.5 -22.5 50
    endloop
  endfacet
  facet normal 1 0 0
    outer loop
      vertex 4.5 -22.5 50
      vertex 4.5 -13.2466 54
      vertex 4.5 -22.5 54
    endloop
  endfacet
  facet normal 1 0 0
    outer loop
      vertex 4.5 -13.2466 54
      vertex 4.5 -22.5 50
      vertex 4.5 -13.2466 42.4371
    endloop
  endfacet
  facet normal 7.80802e-07 -0.632834 -0.774288
    outer loop
      vertex 1.3 -18 46.3221
      vertex 4.5 -13.2466 42.4371
      vertex 4.5 -22.5 50
    endloop
  endfacet
  facet normal -1.1351e-05 -0.632829 -0.774292
    outer loop
      vertex 1.29505 -17.8867 46.2295
      vertex 4.5 -13.2466 42.4371
      vertex 1.3 -18 46.3221
    endloop
  endfacet
  facet normal 0.000287774 -0.632952 -0.774191
    outer loop
      vertex 1.28025 -17.7743 46.1376
      vertex 4.5 -13.2466 42.4371
      vertex 1.29505 -17.8867 46.2295
    endloop
  endfacet
  facet normal 1.22129e-05 -0.632829 -0.774292
    outer loop
      vertex 4.5 -22.5 50
      vertex 1.29505 -18.1133 46.4147
      vertex 1.3 -18 46.3221
    endloop
  endfacet
  facet normal -0.000273159 -0.632954 -0.77419
    outer loop
      vertex 4.5 -22.5 50
      vertex 1.28025 -18.2257 46.5066
      vertex 1.29505 -18.1133 46.4147
    endloop
  endfacet
  facet normal 0.00041025 -0.632645 -0.774442
    outer loop
      vertex 4.5 -22.5 50
      vertex 1.2557 -18.3365 46.5971
      vertex 1.28025 -18.2257 46.5066
    endloop
  endfacet
  facet normal -0.000314123 -0.632983 -0.774165
    outer loop
      vertex 4.5 -22.5 50
      vertex 1.2216 -18.4446 46.6855
      vertex 1.2557 -18.3365 46.5971
    endloop
  endfacet
  facet normal 0.000323968 -0.632674 -0.774418
    outer loop
      vertex 4.5 -22.5 50
      vertex 1.1782 -18.5494 46.7711
      vertex 1.2216 -18.4446 46.6855
    endloop
  endfacet
  facet normal -0.000439282 -0.633059 -0.774104
    outer loop
      vertex 4.5 -22.5 50
      vertex 1.12583 -18.65 46.8534
      vertex 1.1782 -18.5494 46.7711
    endloop
  endfacet
  facet normal 0.000180628 -0.632733 -0.77437
    outer loop
      vertex 4.5 -22.5 50
      vertex 1.0649 -18.7456 46.9315
      vertex 1.12583 -18.65 46.8534
    endloop
  endfacet
  facet normal -0.000216359 -0.632951 -0.774192
    outer loop
      vertex 4.5 -22.5 50
      vertex 0.995857 -18.8356 47.0051
      vertex 1.0649 -18.7456 46.9315
    endloop
  endfacet
  facet normal 0.000128387 -0.632753 -0.774353
    outer loop
      vertex 4.5 -22.5 50
      vertex 0.919238 -18.9192 47.0734
      vertex 0.995857 -18.8356 47.0051
    endloop
  endfacet
  facet normal 0.000421133 -0.632578 -0.774497
    outer loop
      vertex 4.5 -22.5 50
      vertex 0.835624 -18.9959 47.136
      vertex 0.919238 -18.9192 47.0734
    endloop
  endfacet
  facet normal -0.000498171 -0.633154 -0.774026
    outer loop
      vertex 4.5 -22.5 50
      vertex 0.745649 -19.0649 47.1925
      vertex 0.835624 -18.9959 47.136
    endloop
  endfacet
  facet normal -0.000126762 -0.632911 -0.774225
    outer loop
      vertex 4.5 -22.5 50
      vertex 0.65 -19.1258 47.2423
      vertex 0.745649 -19.0649 47.1925
    endloop
  endfacet
  facet normal 0.000125518 -0.632738 -0.774366
    outer loop
      vertex 4.5 -22.5 50
      vertex 0.549403 -19.1782 47.2851
      vertex 0.65 -19.1258 47.2423
    endloop
  endfacet
  facet normal 0.000350258 -0.632578 -0.774497
    outer loop
      vertex 4.5 -22.5 50
      vertex 0.444626 -19.2216 47.3205
      vertex 0.549403 -19.1782 47.2851
    endloop
  endfacet
  facet normal -0.000151434 -0.63295 -0.774193
    outer loop
      vertex 4.5 -22.5 50
      vertex 0.336464 -19.2557 47.3484
      vertex 0.444626 -19.2216 47.3205
    endloop
  endfacet
  facet normal 3.17514e-05 -0.632809 -0.774308
    outer loop
      vertex 4.5 -22.5 50
      vertex 0.225742 -19.2803 47.3685
      vertex 0.336464 -19.2557 47.3484
    endloop
  endfacet
  facet normal -2.21568e-05 -0.632852 -0.774273
    outer loop
      vertex 4.5 -22.5 50
      vertex 0.113302 -19.2951 47.3806
      vertex 0.225742 -19.2803 47.3685
    endloop
  endfacet
  facet normal 3.1124e-05 -0.632808 -0.774309
    outer loop
      vertex 4.5 -22.5 50
      vertex 0 -19.3 47.3846
      vertex 0.113302 -19.2951 47.3806
    endloop
  endfacet
  facet normal 0 -0.632835 -0.774287
    outer loop
      vertex -4.5 -22.5 50
      vertex 0 -19.3 47.3846
      vertex 4.5 -22.5 50
    endloop
  endfacet
  facet normal -3.1124e-05 -0.632808 -0.774309
    outer loop
      vertex 0 -19.3 47.3846
      vertex -4.5 -22.5 50
      vertex -0.113302 -19.2951 47.3806
    endloop
  endfacet
  facet normal 2.21568e-05 -0.632852 -0.774273
    outer loop
      vertex -0.113302 -19.2951 47.3806
      vertex -4.5 -22.5 50
      vertex -0.225742 -19.2803 47.3685
    endloop
  endfacet
  facet normal -3.17514e-05 -0.632809 -0.774308
    outer loop
      vertex -0.225742 -19.2803 47.3685
      vertex -4.5 -22.5 50
      vertex -0.336464 -19.2557 47.3484
    endloop
  endfacet
  facet normal 0.000151434 -0.63295 -0.774193
    outer loop
      vertex -0.336464 -19.2557 47.3484
      vertex -4.5 -22.5 50
      vertex -0.444626 -19.2216 47.3205
    endloop
  endfacet
  facet normal -0.000350258 -0.632578 -0.774497
    outer loop
      vertex -0.444626 -19.2216 47.3205
      vertex -4.5 -22.5 50
      vertex -0.549403 -19.1782 47.2851
    endloop
  endfacet
  facet normal -0.000125518 -0.632738 -0.774366
    outer loop
      vertex -0.549403 -19.1782 47.2851
      vertex -4.5 -22.5 50
      vertex -0.65 -19.1258 47.2423
    endloop
  endfacet
  facet normal -1.22129e-05 -0.632829 -0.774292
    outer loop
      vertex -4.5 -22.5 50
      vertex -1.3 -18 46.3221
      vertex -1.29505 -18.1133 46.4147
    endloop
  endfacet
  facet normal 0.000273159 -0.632954 -0.77419
    outer loop
      vertex -4.5 -22.5 50
      vertex -1.29505 -18.1133 46.4147
      vertex -1.28025 -18.2257 46.5066
    endloop
  endfacet
  facet normal -0.00041025 -0.632645 -0.774442
    outer loop
      vertex -4.5 -22.5 50
      vertex -1.28025 -18.2257 46.5066
      vertex -1.2557 -18.3365 46.5971
    endloop
  endfacet
  facet normal 6.2211e-05 -0.632814 -0.774304
    outer loop
      vertex -1.3 -18 46.3221
      vertex -3.62347 -13.523 42.663
      vertex -2.43107 -13.7873 42.8791
    endloop
  endfacet
  facet normal 0.000314123 -0.632983 -0.774165
    outer loop
      vertex -4.5 -22.5 50
      vertex -1.2557 -18.3365 46.5971
      vertex -1.2216 -18.4446 46.6855
    endloop
  endfacet
  facet normal -0.000323968 -0.632674 -0.774418
    outer loop
      vertex -4.5 -22.5 50
      vertex -1.2216 -18.4446 46.6855
      vertex -1.1782 -18.5494 46.7711
    endloop
  endfacet
  facet normal 0.000126762 -0.632911 -0.774225
    outer loop
      vertex -0.65 -19.1258 47.2423
      vertex -4.5 -22.5 50
      vertex -0.745649 -19.0649 47.1925
    endloop
  endfacet
  facet normal 0.000498171 -0.633154 -0.774026
    outer loop
      vertex -4.5 -22.5 50
      vertex -0.835624 -18.9959 47.136
      vertex -0.745649 -19.0649 47.1925
    endloop
  endfacet
  facet normal -0.000421133 -0.632578 -0.774497
    outer loop
      vertex -4.5 -22.5 50
      vertex -0.919238 -18.9192 47.0734
      vertex -0.835624 -18.9959 47.136
    endloop
  endfacet
  facet normal -0.000128387 -0.632753 -0.774353
    outer loop
      vertex -4.5 -22.5 50
      vertex -0.995857 -18.8356 47.0051
      vertex -0.919238 -18.9192 47.0734
    endloop
  endfacet
  facet normal 0.000216359 -0.632951 -0.774192
    outer loop
      vertex -4.5 -22.5 50
      vertex -1.0649 -18.7456 46.9315
      vertex -0.995857 -18.8356 47.0051
    endloop
  endfacet
  facet normal -0.000180628 -0.632733 -0.77437
    outer loop
      vertex -4.5 -22.5 50
      vertex -1.12583 -18.65 46.8534
      vertex -1.0649 -18.7456 46.9315
    endloop
  endfacet
  facet normal 0.000439282 -0.633059 -0.774104
    outer loop
      vertex -4.5 -22.5 50
      vertex -1.1782 -18.5494 46.7711
      vertex -1.12583 -18.65 46.8534
    endloop
  endfacet
  facet normal -7.80802e-07 -0.632834 -0.774288
    outer loop
      vertex -1.3 -18 46.3221
      vertex -4.5 -22.5 50
      vertex -4.5 -13.2466 42.4371
    endloop
  endfacet
  facet normal -4.94012e-06 -0.632835 -0.774287
    outer loop
      vertex -1.3 -18 46.3221
      vertex -4.5 -13.2466 42.4371
      vertex -3.62347 -13.523 42.663
    endloop
  endfacet
  facet normal 2.70862e-06 -0.632831 -0.77429
    outer loop
      vertex 4.5 -13.2466 42.4371
      vertex 1.28025 -17.7743 46.1376
      vertex 3.62347 -13.523 42.663
    endloop
  endfacet
  facet normal -0.000517062 -0.632659 -0.77443
    outer loop
      vertex 1.2557 -17.6635 46.0471
      vertex 3.62347 -13.523 42.663
      vertex 1.28025 -17.7743 46.1376
    endloop
  endfacet
  facet normal 0.0003879 -0.632969 -0.774177
    outer loop
      vertex 1.2216 -17.5554 45.9587
      vertex 3.62347 -13.523 42.663
      vertex 1.2557 -17.6635 46.0471
    endloop
  endfacet
  facet normal -0.000391846 -0.632691 -0.774404
    outer loop
      vertex 1.1782 -17.4506 45.8731
      vertex 3.62347 -13.523 42.663
      vertex 1.2216 -17.5554 45.9587
    endloop
  endfacet
  facet normal -6.23224e-05 -0.632814 -0.774304
    outer loop
      vertex 3.62347 -13.523 42.663
      vertex 1.1782 -17.4506 45.8731
      vertex 2.43107 -13.7873 42.8791
    endloop
  endfacet
  facet normal -0.000178158 -0.63279 -0.774323
    outer loop
      vertex 1.12583 -17.35 45.7909
      vertex 2.43107 -13.7873 42.8791
      vertex 1.1782 -17.4506 45.8731
    endloop
  endfacet
  facet normal -0.000127065 -0.632801 -0.774314
    outer loop
      vertex 1.0649 -17.2543 45.7127
      vertex 2.43107 -13.7873 42.8791
      vertex 1.12583 -17.35 45.7909
    endloop
  endfacet
  facet normal 0.000179267 -0.632874 -0.774255
    outer loop
      vertex 0.995857 -17.1644 45.6392
      vertex 2.43107 -13.7873 42.8791
      vertex 1.0649 -17.2543 45.7127
    endloop
  endfacet
  facet normal 0.000509564 -0.632958 -0.774186
    outer loop
      vertex 0.919238 -17.0808 45.5708
      vertex 2.43107 -13.7873 42.8791
      vertex 0.995857 -17.1644 45.6392
    endloop
  endfacet
  facet normal -0.000554667 -0.632665 -0.774425
    outer loop
      vertex 0.835624 -17.0041 45.5082
      vertex 2.43107 -13.7873 42.8791
      vertex 0.919238 -17.0808 45.5708
    endloop
  endfacet
  facet normal 5.34166e-05 -0.632846 -0.774278
    outer loop
      vertex 2.43107 -13.7873 42.8791
      vertex 0.835624 -17.0041 45.5082
      vertex 1.22018 -13.9467 43.0093
    endloop
  endfacet
  facet normal 3.40389e-05 -0.632844 -0.774279
    outer loop
      vertex 0.745649 -16.9351 45.4518
      vertex 1.22018 -13.9467 43.0093
      vertex 0.835624 -17.0041 45.5082
    endloop
  endfacet
  facet normal 0.000182216 -0.632859 -0.774267
    outer loop
      vertex 0.65 -16.8742 45.402
      vertex 1.22018 -13.9467 43.0093
      vertex 0.745649 -16.9351 45.4518
    endloop
  endfacet
  facet normal -0.000192111 -0.632815 -0.774303
    outer loop
      vertex 0.549403 -16.8218 45.3592
      vertex 1.22018 -13.9467 43.0093
      vertex 0.65 -16.8742 45.402
    endloop
  endfacet
  facet normal 0.000188411 -0.632868 -0.77426
    outer loop
      vertex 0.444626 -16.7784 45.3237
      vertex 1.22018 -13.9467 43.0093
      vertex 0.549403 -16.8218 45.3592
    endloop
  endfacet
  facet normal 0.000194048 -0.632869 -0.774259
    outer loop
      vertex 0.336464 -16.7443 45.2958
      vertex 1.22018 -13.9467 43.0093
      vertex 0.444626 -16.7784 45.3237
    endloop
  endfacet
  facet normal -0.00075791 -0.632881 -0.774248
    outer loop
      vertex 0 -14 43.0529
      vertex 0.336464 -16.7443 45.2958
      vertex 0.225742 -16.7197 45.2758
    endloop
  endfacet
  facet normal 2.41913e-05 -0.632843 -0.77428
    outer loop
      vertex 0 -14 43.0529
      vertex 0.225742 -16.7197 45.2758
      vertex 0.113302 -16.7049 45.2637
    endloop
  endfacet
  facet normal 0.000650915 -0.632827 -0.774293
    outer loop
      vertex 0 -14 43.0529
      vertex 0.113302 -16.7049 45.2637
      vertex 0 -16.7 45.2596
    endloop
  endfacet
  facet normal -2.41294e-05 -0.632828 -0.774293
    outer loop
      vertex 0.336464 -16.7443 45.2958
      vertex 0 -14 43.0529
      vertex 1.22018 -13.9467 43.0093
    endloop
  endfacet
  facet normal -0.000650915 -0.632827 -0.774293
    outer loop
      vertex -0.113302 -16.7049 45.2637
      vertex 0 -14 43.0529
      vertex 0 -16.7 45.2596
    endloop
  endfacet
  facet normal -2.41913e-05 -0.632843 -0.77428
    outer loop
      vertex -0.225742 -16.7197 45.2758
      vertex 0 -14 43.0529
      vertex -0.113302 -16.7049 45.2637
    endloop
  endfacet
  facet normal 0.00075791 -0.632881 -0.774248
    outer loop
      vertex -0.336464 -16.7443 45.2958
      vertex 0 -14 43.0529
      vertex -0.225742 -16.7197 45.2758
    endloop
  endfacet
  facet normal -0.000194048 -0.632869 -0.774259
    outer loop
      vertex -1.22018 -13.9467 43.0093
      vertex -0.336464 -16.7443 45.2958
      vertex -0.444626 -16.7784 45.3237
    endloop
  endfacet
  facet normal -0.000188411 -0.632868 -0.77426
    outer loop
      vertex -1.22018 -13.9467 43.0093
      vertex -0.444626 -16.7784 45.3237
      vertex -0.549403 -16.8218 45.3592
    endloop
  endfacet
  facet normal 0.000192111 -0.632815 -0.774303
    outer loop
      vertex -1.22018 -13.9467 43.0093
      vertex -0.549403 -16.8218 45.3592
      vertex -0.65 -16.8742 45.402
    endloop
  endfacet
  facet normal -0.000182216 -0.632859 -0.774267
    outer loop
      vertex -1.22018 -13.9467 43.0093
      vertex -0.65 -16.8742 45.402
      vertex -0.745649 -16.9351 45.4518
    endloop
  endfacet
  facet normal -3.40389e-05 -0.632844 -0.774279
    outer loop
      vertex -1.22018 -13.9467 43.0093
      vertex -0.745649 -16.9351 45.4518
      vertex -0.835624 -17.0041 45.5082
    endloop
  endfacet
  facet normal 0.000554667 -0.632665 -0.774425
    outer loop
      vertex -2.43107 -13.7873 42.8791
      vertex -0.835624 -17.0041 45.5082
      vertex -0.919238 -17.0808 45.5708
    endloop
  endfacet
  facet normal -0.000509564 -0.632958 -0.774186
    outer loop
      vertex -2.43107 -13.7873 42.8791
      vertex -0.919238 -17.0808 45.5708
      vertex -0.995857 -17.1644 45.6392
    endloop
  endfacet
  facet normal -0.000179267 -0.632874 -0.774255
    outer loop
      vertex -2.43107 -13.7873 42.8791
      vertex -0.995857 -17.1644 45.6392
      vertex -1.0649 -17.2543 45.7127
    endloop
  endfacet
  facet normal 0.000127065 -0.632801 -0.774314
    outer loop
      vertex -2.43107 -13.7873 42.8791
      vertex -1.0649 -17.2543 45.7127
      vertex -1.12583 -17.35 45.7909
    endloop
  endfacet
  facet normal 0.000178158 -0.63279 -0.774323
    outer loop
      vertex -2.43107 -13.7873 42.8791
      vertex -1.12583 -17.35 45.7909
      vertex -1.1782 -17.4506 45.8731
    endloop
  endfacet
  facet normal 2.41294e-05 -0.632828 -0.774293
    outer loop
      vertex -0.336464 -16.7443 45.2958
      vertex -1.22018 -13.9467 43.0093
      vertex 0 -14 43.0529
    endloop
  endfacet
  facet normal 0.000514105 -0.632721 -0.774379
    outer loop
      vertex -2.43107 -13.7873 42.8791
      vertex -1.1782 -17.4506 45.8731
      vertex -1.2216 -17.5554 45.9587
    endloop
  endfacet
  facet normal -0.000583203 -0.632932 -0.774207
    outer loop
      vertex -2.43107 -13.7873 42.8791
      vertex -1.2216 -17.5554 45.9587
      vertex -1.2557 -17.6635 46.0471
    endloop
  endfacet
  facet normal 0.000750039 -0.63269 -0.774405
    outer loop
      vertex -2.43107 -13.7873 42.8791
      vertex -1.2557 -17.6635 46.0471
      vertex -1.28025 -17.7743 46.1376
    endloop
  endfacet
  facet normal -0.000616131 -0.632926 -0.774212
    outer loop
      vertex -2.43107 -13.7873 42.8791
      vertex -1.28025 -17.7743 46.1376
      vertex -1.29505 -17.8867 46.2295
    endloop
  endfacet
  facet normal -2.14095e-05 -0.632828 -0.774293
    outer loop
      vertex -2.43107 -13.7873 42.8791
      vertex -1.29505 -17.8867 46.2295
      vertex -1.3 -18 46.3221
    endloop
  endfacet
  facet normal -5.34166e-05 -0.632846 -0.774278
    outer loop
      vertex -0.835624 -17.0041 45.5082
      vertex -2.43107 -13.7873 42.8791
      vertex -1.22018 -13.9467 43.0093
    endloop
  endfacet
  facet normal -1 0 0
    outer loop
      vertex -4.5 -22.5 50
      vertex -4.5 -13.2466 54
      vertex -4.5 -13.2466 42.4371
    endloop
  endfacet
  facet normal -1 -0 0
    outer loop
      vertex -4.5 -13.2466 54
      vertex -4.5 -22.5 50
      vertex -4.5 -22.5 54
    endloop
  endfacet
  facet normal -0.991423 -0.130692 0
    outer loop
      vertex -20.924 -16.8682 0
      vertex -20.981 -16.4358 6
      vertex -20.981 -16.4358 0
    endloop
  endfacet
  facet normal -0.991423 -0.130692 0
    outer loop
      vertex -20.981 -16.4358 6
      vertex -20.924 -16.8682 0
      vertex -20.924 -16.8682 6
    endloop
  endfacet
  facet normal -0.887018 0.461735 0
    outer loop
      vertex -20.5315 18.1131 0
      vertex -20.3301 18.5 6
      vertex -20.3301 18.5 0
    endloop
  endfacet
  facet normal -0.887018 0.461735 0
    outer loop
      vertex -20.3301 18.5 6
      vertex -20.5315 18.1131 0
      vertex -20.5315 18.1131 6
    endloop
  endfacet
  facet normal -0.999051 -0.0435566 0
    outer loop
      vertex -20.981 -16.4358 0
      vertex -21 -16 6
      vertex -21 -16 0
    endloop
  endfacet
  facet normal -0.999051 -0.0435566 0
    outer loop
      vertex -21 -16 6
      vertex -20.981 -16.4358 0
      vertex -20.981 -16.4358 6
    endloop
  endfacet
  facet normal -0.608768 0.793348 0
    outer loop
      vertex -18.8679 20.0957 0
      vertex -19.2139 19.8302 6
      vertex -18.8679 20.0957 6
    endloop
  endfacet
  facet normal -0.608768 0.793348 0
    outer loop
      vertex -19.2139 19.8302 6
      vertex -18.8679 20.0957 0
      vertex -19.2139 19.8302 0
    endloop
  endfacet
  facet normal 0.843369 0.537335 0
    outer loop
      vertex 20.3301 18.5 6
      vertex 20.0957 18.8679 0
      vertex 20.0957 18.8679 6
    endloop
  endfacet
  facet normal 0.843369 0.537335 0
    outer loop
      vertex 20.0957 18.8679 0
      vertex 20.3301 18.5 6
      vertex 20.3301 18.5 0
    endloop
  endfacet
  facet normal 0.382824 -0.923821 0
    outer loop
      vertex 17.7101 -20.6985 0
      vertex 18.1131 -20.5315 6
      vertex 17.7101 -20.6985 6
    endloop
  endfacet
  facet normal 0.382824 -0.923821 0
    outer loop
      vertex 18.1131 -20.5315 6
      vertex 17.7101 -20.6985 0
      vertex 18.1131 -20.5315 0
    endloop
  endfacet
  facet normal 1 -0 0
    outer loop
      vertex 21 -16 6
      vertex 21 16 0
      vertex 21 16 6
    endloop
  endfacet
  facet normal 1 0 0
    outer loop
      vertex 21 16 0
      vertex 21 -16 6
      vertex 21 -16 0
    endloop
  endfacet
  facet normal 0.537335 -0.843369 0
    outer loop
      vertex 18.5 -20.3301 0
      vertex 18.8679 -20.0957 6
      vertex 18.5 -20.3301 6
    endloop
  endfacet
  facet normal 0.537335 -0.843369 0
    outer loop
      vertex 18.8679 -20.0957 6
      vertex 18.5 -20.3301 0
      vertex 18.8679 -20.0957 0
    endloop
  endfacet
  facet normal -0.953759 0.300572 0
    outer loop
      vertex -20.8296 17.2941 0
      vertex -20.6985 17.7101 6
      vertex -20.6985 17.7101 0
    endloop
  endfacet
  facet normal -0.953759 0.300572 0
    outer loop
      vertex -20.6985 17.7101 6
      vertex -20.8296 17.2941 0
      vertex -20.8296 17.2941 6
    endloop
  endfacet
  facet normal 0.976306 0.216396 0
    outer loop
      vertex 20.924 16.8682 6
      vertex 20.8296 17.2941 0
      vertex 20.8296 17.2941 6
    endloop
  endfacet
  facet normal 0.976306 0.216396 0
    outer loop
      vertex 20.8296 17.2941 0
      vertex 20.924 16.8682 6
      vertex 20.924 16.8682 0
    endloop
  endfacet
  facet normal -0.737268 -0.6756 0
    outer loop
      vertex -19.5355 -19.5355 0
      vertex -19.8302 -19.2139 6
      vertex -19.8302 -19.2139 0
    endloop
  endfacet
  facet normal -0.737268 -0.6756 0
    outer loop
      vertex -19.8302 -19.2139 6
      vertex -19.5355 -19.5355 0
      vertex -19.5355 -19.5355 6
    endloop
  endfacet
  facet normal -0.999051 0.0435566 0
    outer loop
      vertex -21 16 0
      vertex -20.981 16.4358 6
      vertex -20.981 16.4358 0
    endloop
  endfacet
  facet normal -0.999051 0.0435566 0
    outer loop
      vertex -20.981 16.4358 6
      vertex -21 16 0
      vertex -21 16 6
    endloop
  endfacet
  facet normal -1 0 0
    outer loop
      vertex -21 -16 0
      vertex -21 16 6
      vertex -21 16 0
    endloop
  endfacet
  facet normal -1 -0 0
    outer loop
      vertex -21 16 6
      vertex -21 -16 0
      vertex -21 -16 6
    endloop
  endfacet
  facet normal -0.300572 0.953759 0
    outer loop
      vertex -17.2941 20.8296 0
      vertex -17.7101 20.6985 6
      vertex -17.2941 20.8296 6
    endloop
  endfacet
  facet normal -0.300572 0.953759 0
    outer loop
      vertex -17.7101 20.6985 6
      vertex -17.2941 20.8296 0
      vertex -17.7101 20.6985 0
    endloop
  endfacet
  facet normal 0.737268 0.6756 0
    outer loop
      vertex 19.8302 19.2139 6
      vertex 19.5355 19.5355 0
      vertex 19.5355 19.5355 6
    endloop
  endfacet
  facet normal 0.737268 0.6756 0
    outer loop
      vertex 19.5355 19.5355 0
      vertex 19.8302 19.2139 6
      vertex 19.8302 19.2139 0
    endloop
  endfacet
  facet normal 0.999051 0.0435566 0
    outer loop
      vertex 21 16 6
      vertex 20.981 16.4358 0
      vertex 20.981 16.4358 6
    endloop
  endfacet
  facet normal 0.999051 0.0435566 0
    outer loop
      vertex 20.981 16.4358 0
      vertex 21 16 6
      vertex 21 16 0
    endloop
  endfacet
  facet normal 0.537335 0.843369 -0
    outer loop
      vertex 18.8679 20.0957 0
      vertex 18.5 20.3301 6
      vertex 18.8679 20.0957 6
    endloop
  endfacet
  facet normal 0.537335 0.843369 0
    outer loop
      vertex 18.5 20.3301 6
      vertex 18.8679 20.0957 0
      vertex 18.5 20.3301 0
    endloop
  endfacet
  facet normal 0.991423 0.130692 0
    outer loop
      vertex 20.981 16.4358 6
      vertex 20.924 16.8682 0
      vertex 20.924 16.8682 6
    endloop
  endfacet
  facet normal 0.991423 0.130692 0
    outer loop
      vertex 20.924 16.8682 0
      vertex 20.981 16.4358 6
      vertex 20.981 16.4358 0
    endloop
  endfacet
  facet normal 0.608768 -0.793348 0
    outer loop
      vertex 18.8679 -20.0957 0
      vertex 19.2139 -19.8302 6
      vertex 18.8679 -20.0957 6
    endloop
  endfacet
  facet normal 0.608768 -0.793348 0
    outer loop
      vertex 19.2139 -19.8302 6
      vertex 18.8679 -20.0957 0
      vertex 19.2139 -19.8302 0
    endloop
  endfacet
  facet normal -0.991423 0.130692 0
    outer loop
      vertex -20.981 16.4358 0
      vertex -20.924 16.8682 6
      vertex -20.924 16.8682 0
    endloop
  endfacet
  facet normal -0.991423 0.130692 0
    outer loop
      vertex -20.924 16.8682 6
      vertex -20.981 16.4358 0
      vertex -20.981 16.4358 6
    endloop
  endfacet
  facet normal 0.216396 0.976306 -0
    outer loop
      vertex 17.2941 20.8296 0
      vertex 16.8682 20.924 6
      vertex 17.2941 20.8296 6
    endloop
  endfacet
  facet normal 0.216396 0.976306 0
    outer loop
      vertex 16.8682 20.924 6
      vertex 17.2941 20.8296 0
      vertex 16.8682 20.924 0
    endloop
  endfacet
  facet normal 0.999051 -0.0435566 0
    outer loop
      vertex 20.981 -16.4358 6
      vertex 21 -16 0
      vertex 21 -16 6
    endloop
  endfacet
  facet normal 0.999051 -0.0435566 0
    outer loop
      vertex 21 -16 0
      vertex 20.981 -16.4358 6
      vertex 20.981 -16.4358 0
    endloop
  endfacet
  facet normal 0 1 -0
    outer loop
      vertex 16 21 0
      vertex -16 21 6
      vertex 16 21 6
    endloop
  endfacet
  facet normal 0 1 0
    outer loop
      vertex -16 21 6
      vertex 16 21 0
      vertex -16 21 0
    endloop
  endfacet
  facet normal 0.793348 -0.608768 0
    outer loop
      vertex 19.8302 -19.2139 6
      vertex 20.0957 -18.8679 0
      vertex 20.0957 -18.8679 6
    endloop
  endfacet
  facet normal 0.793348 -0.608768 0
    outer loop
      vertex 20.0957 -18.8679 0
      vertex 19.8302 -19.2139 6
      vertex 19.8302 -19.2139 0
    endloop
  endfacet
  facet normal 0.0435566 0.999051 -0
    outer loop
      vertex 16.4358 20.981 0
      vertex 16 21 6
      vertex 16.4358 20.981 6
    endloop
  endfacet
  facet normal 0.0435566 0.999051 0
    outer loop
      vertex 16 21 6
      vertex 16.4358 20.981 0
      vertex 16 21 0
    endloop
  endfacet
  facet normal 0.300572 -0.953759 0
    outer loop
      vertex 17.2941 -20.8296 0
      vertex 17.7101 -20.6985 6
      vertex 17.2941 -20.8296 6
    endloop
  endfacet
  facet normal 0.300572 -0.953759 0
    outer loop
      vertex 17.7101 -20.6985 6
      vertex 17.2941 -20.8296 0
      vertex 17.7101 -20.6985 0
    endloop
  endfacet
  facet normal -0.6756 0.737268 0
    outer loop
      vertex -19.2139 19.8302 0
      vertex -19.5355 19.5355 6
      vertex -19.2139 19.8302 6
    endloop
  endfacet
  facet normal -0.6756 0.737268 0
    outer loop
      vertex -19.5355 19.5355 6
      vertex -19.2139 19.8302 0
      vertex -19.5355 19.5355 0
    endloop
  endfacet
  facet normal -0.737268 0.6756 0
    outer loop
      vertex -19.8302 19.2139 0
      vertex -19.5355 19.5355 6
      vertex -19.5355 19.5355 0
    endloop
  endfacet
  facet normal -0.737268 0.6756 0
    outer loop
      vertex -19.5355 19.5355 6
      vertex -19.8302 19.2139 0
      vertex -19.8302 19.2139 6
    endloop
  endfacet
  facet normal -0.300572 -0.953759 0
    outer loop
      vertex -17.7101 -20.6985 0
      vertex -17.2941 -20.8296 6
      vertex -17.7101 -20.6985 6
    endloop
  endfacet
  facet normal -0.300572 -0.953759 -0
    outer loop
      vertex -17.2941 -20.8296 6
      vertex -17.7101 -20.6985 0
      vertex -17.2941 -20.8296 0
    endloop
  endfacet
  facet normal 0.608768 0.793348 -0
    outer loop
      vertex 19.2139 19.8302 0
      vertex 18.8679 20.0957 6
      vertex 19.2139 19.8302 6
    endloop
  endfacet
  facet normal 0.608768 0.793348 0
    outer loop
      vertex 18.8679 20.0957 6
      vertex 19.2139 19.8302 0
      vertex 18.8679 20.0957 0
    endloop
  endfacet
  facet normal -0.130692 0.991423 0
    outer loop
      vertex -16.4358 20.981 0
      vertex -16.8682 20.924 6
      vertex -16.4358 20.981 6
    endloop
  endfacet
  facet normal -0.130692 0.991423 0
    outer loop
      vertex -16.8682 20.924 6
      vertex -16.4358 20.981 0
      vertex -16.8682 20.924 0
    endloop
  endfacet
  facet normal 0.923821 0.382824 0
    outer loop
      vertex 20.6985 17.7101 6
      vertex 20.5315 18.1131 0
      vertex 20.5315 18.1131 6
    endloop
  endfacet
  facet normal 0.923821 0.382824 0
    outer loop
      vertex 20.5315 18.1131 0
      vertex 20.6985 17.7101 6
      vertex 20.6985 17.7101 0
    endloop
  endfacet
  facet normal 0.737268 -0.6756 0
    outer loop
      vertex 19.5355 -19.5355 6
      vertex 19.8302 -19.2139 0
      vertex 19.8302 -19.2139 6
    endloop
  endfacet
  facet normal 0.737268 -0.6756 0
    outer loop
      vertex 19.8302 -19.2139 0
      vertex 19.5355 -19.5355 6
      vertex 19.5355 -19.5355 0
    endloop
  endfacet
  facet normal -0.0435566 -0.999051 0
    outer loop
      vertex -16.4358 -20.981 0
      vertex -16 -21 6
      vertex -16.4358 -20.981 6
    endloop
  endfacet
  facet normal -0.0435566 -0.999051 -0
    outer loop
      vertex -16 -21 6
      vertex -16.4358 -20.981 0
      vertex -16 -21 0
    endloop
  endfacet
  facet normal 0 -1 0
    outer loop
      vertex -16 -21 0
      vertex 16 -21 6
      vertex -16 -21 6
    endloop
  endfacet
  facet normal 0 -1 -0
    outer loop
      vertex 16 -21 6
      vertex -16 -21 0
      vertex 16 -21 0
    endloop
  endfacet
  facet normal -0.608768 -0.793348 0
    outer loop
      vertex -19.2139 -19.8302 0
      vertex -18.8679 -20.0957 6
      vertex -19.2139 -19.8302 6
    endloop
  endfacet
  facet normal -0.608768 -0.793348 -0
    outer loop
      vertex -18.8679 -20.0957 6
      vertex -19.2139 -19.8302 0
      vertex -18.8679 -20.0957 0
    endloop
  endfacet
  facet normal -0.793348 0.608768 0
    outer loop
      vertex -20.0957 18.8679 0
      vertex -19.8302 19.2139 6
      vertex -19.8302 19.2139 0
    endloop
  endfacet
  facet normal -0.793348 0.608768 0
    outer loop
      vertex -19.8302 19.2139 6
      vertex -20.0957 18.8679 0
      vertex -20.0957 18.8679 6
    endloop
  endfacet
  facet normal -0.843369 0.537335 0
    outer loop
      vertex -20.3301 18.5 0
      vertex -20.0957 18.8679 6
      vertex -20.0957 18.8679 0
    endloop
  endfacet
  facet normal -0.843369 0.537335 0
    outer loop
      vertex -20.0957 18.8679 6
      vertex -20.3301 18.5 0
      vertex -20.3301 18.5 6
    endloop
  endfacet
  facet normal -0.461735 0.887018 0
    outer loop
      vertex -18.1131 20.5315 0
      vertex -18.5 20.3301 6
      vertex -18.1131 20.5315 6
    endloop
  endfacet
  facet normal -0.461735 0.887018 0
    outer loop
      vertex -18.5 20.3301 6
      vertex -18.1131 20.5315 0
      vertex -18.5 20.3301 0
    endloop
  endfacet
  facet normal 0.130692 -0.991423 0
    outer loop
      vertex 16.4358 -20.981 0
      vertex 16.8682 -20.924 6
      vertex 16.4358 -20.981 6
    endloop
  endfacet
  facet normal 0.130692 -0.991423 0
    outer loop
      vertex 16.8682 -20.924 6
      vertex 16.4358 -20.981 0
      vertex 16.8682 -20.924 0
    endloop
  endfacet
  facet normal 0.382824 0.923821 -0
    outer loop
      vertex 18.1131 20.5315 0
      vertex 17.7101 20.6985 6
      vertex 18.1131 20.5315 6
    endloop
  endfacet
  facet normal 0.382824 0.923821 0
    outer loop
      vertex 17.7101 20.6985 6
      vertex 18.1131 20.5315 0
      vertex 17.7101 20.6985 0
    endloop
  endfacet
  facet normal -0.461735 -0.887018 0
    outer loop
      vertex -18.5 -20.3301 0
      vertex -18.1131 -20.5315 6
      vertex -18.5 -20.3301 6
    endloop
  endfacet
  facet normal -0.461735 -0.887018 -0
    outer loop
      vertex -18.1131 -20.5315 6
      vertex -18.5 -20.3301 0
      vertex -18.1131 -20.5315 0
    endloop
  endfacet
  facet normal 0.887018 0.461735 0
    outer loop
      vertex 20.5315 18.1131 6
      vertex 20.3301 18.5 0
      vertex 20.3301 18.5 6
    endloop
  endfacet
  facet normal 0.887018 0.461735 0
    outer loop
      vertex 20.3301 18.5 0
      vertex 20.5315 18.1131 6
      vertex 20.5315 18.1131 0
    endloop
  endfacet
  facet normal 0.991423 -0.130692 0
    outer loop
      vertex 20.924 -16.8682 6
      vertex 20.981 -16.4358 0
      vertex 20.981 -16.4358 6
    endloop
  endfacet
  facet normal 0.991423 -0.130692 0
    outer loop
      vertex 20.981 -16.4358 0
      vertex 20.924 -16.8682 6
      vertex 20.924 -16.8682 0
    endloop
  endfacet
  facet normal -0.923821 0.382824 0
    outer loop
      vertex -20.6985 17.7101 0
      vertex -20.5315 18.1131 6
      vertex -20.5315 18.1131 0
    endloop
  endfacet
  facet normal -0.923821 0.382824 0
    outer loop
      vertex -20.5315 18.1131 6
      vertex -20.6985 17.7101 0
      vertex -20.6985 17.7101 6
    endloop
  endfacet
  facet normal 0.953759 0.300572 0
    outer loop
      vertex 20.8296 17.2941 6
      vertex 20.6985 17.7101 0
      vertex 20.6985 17.7101 6
    endloop
  endfacet
  facet normal 0.953759 0.300572 0
    outer loop
      vertex 20.6985 17.7101 0
      vertex 20.8296 17.2941 6
      vertex 20.8296 17.2941 0
    endloop
  endfacet
  facet normal 0.461735 -0.887018 0
    outer loop
      vertex 18.1131 -20.5315 0
      vertex 18.5 -20.3301 6
      vertex 18.1131 -20.5315 6
    endloop
  endfacet
  facet normal 0.461735 -0.887018 0
    outer loop
      vertex 18.5 -20.3301 6
      vertex 18.1131 -20.5315 0
      vertex 18.5 -20.3301 0
    endloop
  endfacet
  facet normal 0.976306 -0.216396 0
    outer loop
      vertex 20.8296 -17.2941 6
      vertex 20.924 -16.8682 0
      vertex 20.924 -16.8682 6
    endloop
  endfacet
  facet normal 0.976306 -0.216396 0
    outer loop
      vertex 20.924 -16.8682 0
      vertex 20.8296 -17.2941 6
      vertex 20.8296 -17.2941 0
    endloop
  endfacet
  facet normal 0.793348 0.608768 0
    outer loop
      vertex 20.0957 18.8679 6
      vertex 19.8302 19.2139 0
      vertex 19.8302 19.2139 6
    endloop
  endfacet
  facet normal 0.793348 0.608768 0
    outer loop
      vertex 19.8302 19.2139 0
      vertex 20.0957 18.8679 6
      vertex 20.0957 18.8679 0
    endloop
  endfacet
  facet normal 0.461735 0.887018 -0
    outer loop
      vertex 18.5 20.3301 0
      vertex 18.1131 20.5315 6
      vertex 18.5 20.3301 6
    endloop
  endfacet
  facet normal 0.461735 0.887018 0
    outer loop
      vertex 18.1131 20.5315 6
      vertex 18.5 20.3301 0
      vertex 18.1131 20.5315 0
    endloop
  endfacet
  facet normal 0.6756 0.737268 -0
    outer loop
      vertex 19.5355 19.5355 0
      vertex 19.2139 19.8302 6
      vertex 19.5355 19.5355 6
    endloop
  endfacet
  facet normal 0.6756 0.737268 0
    outer loop
      vertex 19.2139 19.8302 6
      vertex 19.5355 19.5355 0
      vertex 19.2139 19.8302 0
    endloop
  endfacet
  facet normal -0.887018 -0.461735 0
    outer loop
      vertex -20.3301 -18.5 0
      vertex -20.5315 -18.1131 6
      vertex -20.5315 -18.1131 0
    endloop
  endfacet
  facet normal -0.887018 -0.461735 0
    outer loop
      vertex -20.5315 -18.1131 6
      vertex -20.3301 -18.5 0
      vertex -20.3301 -18.5 6
    endloop
  endfacet
  facet normal 0.6756 -0.737268 0
    outer loop
      vertex 19.2139 -19.8302 0
      vertex 19.5355 -19.5355 6
      vertex 19.2139 -19.8302 6
    endloop
  endfacet
  facet normal 0.6756 -0.737268 0
    outer loop
      vertex 19.5355 -19.5355 6
      vertex 19.2139 -19.8302 0
      vertex 19.5355 -19.5355 0
    endloop
  endfacet
  facet normal -0.537335 0.843369 0
    outer loop
      vertex -18.5 20.3301 0
      vertex -18.8679 20.0957 6
      vertex -18.5 20.3301 6
    endloop
  endfacet
  facet normal -0.537335 0.843369 0
    outer loop
      vertex -18.8679 20.0957 6
      vertex -18.5 20.3301 0
      vertex -18.8679 20.0957 0
    endloop
  endfacet
  facet normal -0.0435566 0.999051 0
    outer loop
      vertex -16 21 0
      vertex -16.4358 20.981 6
      vertex -16 21 6
    endloop
  endfacet
  facet normal -0.0435566 0.999051 0
    outer loop
      vertex -16.4358 20.981 6
      vertex -16 21 0
      vertex -16.4358 20.981 0
    endloop
  endfacet
  facet normal 0.953759 -0.300572 0
    outer loop
      vertex 20.6985 -17.7101 6
      vertex 20.8296 -17.2941 0
      vertex 20.8296 -17.2941 6
    endloop
  endfacet
  facet normal 0.953759 -0.300572 0
    outer loop
      vertex 20.8296 -17.2941 0
      vertex 20.6985 -17.7101 6
      vertex 20.6985 -17.7101 0
    endloop
  endfacet
  facet normal 0.843369 -0.537335 0
    outer loop
      vertex 20.0957 -18.8679 6
      vertex 20.3301 -18.5 0
      vertex 20.3301 -18.5 6
    endloop
  endfacet
  facet normal 0.843369 -0.537335 0
    outer loop
      vertex 20.3301 -18.5 0
      vertex 20.0957 -18.8679 6
      vertex 20.0957 -18.8679 0
    endloop
  endfacet
  facet normal -0.793348 -0.608768 0
    outer loop
      vertex -19.8302 -19.2139 0
      vertex -20.0957 -18.8679 6
      vertex -20.0957 -18.8679 0
    endloop
  endfacet
  facet normal -0.793348 -0.608768 0
    outer loop
      vertex -20.0957 -18.8679 6
      vertex -19.8302 -19.2139 0
      vertex -19.8302 -19.2139 6
    endloop
  endfacet
  facet normal 0.130692 0.991423 -0
    outer loop
      vertex 16.8682 20.924 0
      vertex 16.4358 20.981 6
      vertex 16.8682 20.924 6
    endloop
  endfacet
  facet normal 0.130692 0.991423 0
    outer loop
      vertex 16.4358 20.981 6
      vertex 16.8682 20.924 0
      vertex 16.4358 20.981 0
    endloop
  endfacet
  facet normal -0.537335 -0.843369 0
    outer loop
      vertex -18.8679 -20.0957 0
      vertex -18.5 -20.3301 6
      vertex -18.8679 -20.0957 6
    endloop
  endfacet
  facet normal -0.537335 -0.843369 -0
    outer loop
      vertex -18.5 -20.3301 6
      vertex -18.8679 -20.0957 0
      vertex -18.5 -20.3301 0
    endloop
  endfacet
  facet normal 0.887018 -0.461735 0
    outer loop
      vertex 20.3301 -18.5 6
      vertex 20.5315 -18.1131 0
      vertex 20.5315 -18.1131 6
    endloop
  endfacet
  facet normal 0.887018 -0.461735 0
    outer loop
      vertex 20.5315 -18.1131 0
      vertex 20.3301 -18.5 6
      vertex 20.3301 -18.5 0
    endloop
  endfacet
  facet normal 0.0435566 -0.999051 0
    outer loop
      vertex 16 -21 0
      vertex 16.4358 -20.981 6
      vertex 16 -21 6
    endloop
  endfacet
  facet normal 0.0435566 -0.999051 0
    outer loop
      vertex 16.4358 -20.981 6
      vertex 16 -21 0
      vertex 16.4358 -20.981 0
    endloop
  endfacet
  facet normal 0.300572 0.953759 -0
    outer loop
      vertex 17.7101 20.6985 0
      vertex 17.2941 20.8296 6
      vertex 17.7101 20.6985 6
    endloop
  endfacet
  facet normal 0.300572 0.953759 0
    outer loop
      vertex 17.2941 20.8296 6
      vertex 17.7101 20.6985 0
      vertex 17.2941 20.8296 0
    endloop
  endfacet
  facet normal -0.382824 0.923821 0
    outer loop
      vertex -17.7101 20.6985 0
      vertex -18.1131 20.5315 6
      vertex -17.7101 20.6985 6
    endloop
  endfacet
  facet normal -0.382824 0.923821 0
    outer loop
      vertex -18.1131 20.5315 6
      vertex -17.7101 20.6985 0
      vertex -18.1131 20.5315 0
    endloop
  endfacet
  facet normal -0.976306 0.216396 0
    outer loop
      vertex -20.924 16.8682 0
      vertex -20.8296 17.2941 6
      vertex -20.8296 17.2941 0
    endloop
  endfacet
  facet normal -0.976306 0.216396 0
    outer loop
      vertex -20.8296 17.2941 6
      vertex -20.924 16.8682 0
      vertex -20.924 16.8682 6
    endloop
  endfacet
  facet normal -0.216396 0.976306 0
    outer loop
      vertex -16.8682 20.924 0
      vertex -17.2941 20.8296 6
      vertex -16.8682 20.924 6
    endloop
  endfacet
  facet normal -0.216396 0.976306 0
    outer loop
      vertex -17.2941 20.8296 6
      vertex -16.8682 20.924 0
      vertex -17.2941 20.8296 0
    endloop
  endfacet
  facet normal -0.843369 -0.537335 0
    outer loop
      vertex -20.0957 -18.8679 0
      vertex -20.3301 -18.5 6
      vertex -20.3301 -18.5 0
    endloop
  endfacet
  facet normal -0.843369 -0.537335 0
    outer loop
      vertex -20.3301 -18.5 6
      vertex -20.0957 -18.8679 0
      vertex -20.0957 -18.8679 6
    endloop
  endfacet
  facet normal 0.216396 -0.976306 0
    outer loop
      vertex 16.8682 -20.924 0
      vertex 17.2941 -20.8296 6
      vertex 16.8682 -20.924 6
    endloop
  endfacet
  facet normal 0.216396 -0.976306 0
    outer loop
      vertex 17.2941 -20.8296 6
      vertex 16.8682 -20.924 0
      vertex 17.2941 -20.8296 0
    endloop
  endfacet
  facet normal -0.923821 -0.382824 0
    outer loop
      vertex -20.5315 -18.1131 0
      vertex -20.6985 -17.7101 6
      vertex -20.6985 -17.7101 0
    endloop
  endfacet
  facet normal -0.923821 -0.382824 0
    outer loop
      vertex -20.6985 -17.7101 6
      vertex -20.5315 -18.1131 0
      vertex -20.5315 -18.1131 6
    endloop
  endfacet
  facet normal 0 0 1
    outer loop
      vertex -12.268 -11 6
      vertex -9.89949 -9.89949 6
      vertex -10.7246 -8.99903 6
    endloop
  endfacet
  facet normal 0 0 1
    outer loop
      vertex -12.268 -11 6
      vertex -10.7246 -8.99903 6
      vertex -11.4681 -8.03007 6
    endloop
  endfacet
  facet normal 0 0 1
    outer loop
      vertex -12.268 -11 6
      vertex -11.4681 -8.03007 6
      vertex -12.1244 -7 6
    endloop
  endfacet
  facet normal 0 0 1
    outer loop
      vertex -9.89949 -9.89949 6
      vertex -12.268 -11 6
      vertex -10.5359 -14 6
    endloop
  endfacet
  facet normal 0 0 1
    outer loop
      vertex -15.732 -11 6
      vertex -12.1244 -7 6
      vertex -12.6883 -5.91666 6
    endloop
  endfacet
  facet normal 0 0 1
    outer loop
      vertex -15.732 -11 6
      vertex -12.6883 -5.91666 6
      vertex -13.1557 -4.78828 6
    endloop
  endfacet
  facet normal 0 0 1
    outer loop
      vertex -15.732 -11 6
      vertex -13.1557 -4.78828 6
      vertex -13.523 -3.62347 6
    endloop
  endfacet
  facet normal 0 0 1
    outer loop
      vertex -15.732 -11 6
      vertex -13.523 -3.62347 6
      vertex -13.7873 -2.43107 6
    endloop
  endfacet
  facet normal 0 0 1
    outer loop
      vertex -13.9467 1.22018 6
      vertex -21 16 6
      vertex -14 0 6
    endloop
  endfacet
  facet normal 0 0 1
    outer loop
      vertex -21 -16 6
      vertex -14 0 6
      vertex -21 16 6
    endloop
  endfacet
  facet normal 0 0 1
    outer loop
      vertex -12.1244 -7 6
      vertex -15.732 -11 6
      vertex -12.268 -11 6
    endloop
  endfacet
  facet normal 0 0 1
    outer loop
      vertex -14 0 6
      vertex -21 -16 6
      vertex -13.9467 -1.22018 6
    endloop
  endfacet
  facet normal 0 0 1
    outer loop
      vertex -21 16 6
      vertex -15.732 11 6
      vertex -17.4641 14 6
    endloop
  endfacet
  facet normal 0 0 1
    outer loop
      vertex -13.9467 -1.22018 6
      vertex -21 -16 6
      vertex -13.7873 -2.43107 6
    endloop
  endfacet
  facet normal -0 0 1
    outer loop
      vertex 3.18338 17.4295 6
      vertex 10.5359 14 6
      vertex 3.19368 17.4892 6
    endloop
  endfacet
  facet normal 0 0 1
    outer loop
      vertex 10.5359 14 6
      vertex 3.18338 17.4295 6
      vertex 5.91666 12.6883 6
    endloop
  endfacet
  facet normal -0 0 1
    outer loop
      vertex 3.17014 17.3711 6
      vertex 5.91666 12.6883 6
      vertex 3.18338 17.4295 6
    endloop
  endfacet
  facet normal 0 0 1
    outer loop
      vertex 5.91666 12.6883 6
      vertex 3.17014 17.3711 6
      vertex 4.78828 13.1557 6
    endloop
  endfacet
  facet normal -0 0 1
    outer loop
      vertex 3.15395 17.3141 6
      vertex 4.78828 13.1557 6
      vertex 3.17014 17.3711 6
    endloop
  endfacet
  facet normal -0 0 1
    outer loop
      vertex 3.13481 17.2585 6
      vertex 4.78828 13.1557 6
      vertex 3.15395 17.3141 6
    endloop
  endfacet
  facet normal -0 0 1
    outer loop
      vertex 3.11273 17.2043 6
      vertex 4.78828 13.1557 6
      vertex 3.13481 17.2585 6
    endloop
  endfacet
  facet normal -0 0 1
    outer loop
      vertex 3.08771 17.1514 6
      vertex 4.78828 13.1557 6
      vertex 3.11273 17.2043 6
    endloop
  endfacet
  facet normal -0 0 1
    outer loop
      vertex 3.05975 17.1 6
      vertex 4.78828 13.1557 6
      vertex 3.08771 17.1514 6
    endloop
  endfacet
  facet normal -0 0 1
    outer loop
      vertex 3.02905 17.0503 6
      vertex 4.78828 13.1557 6
      vertex 3.05975 17.1 6
    endloop
  endfacet
  facet normal -0 0 1
    outer loop
      vertex 2.99582 17.003 6
      vertex 4.78828 13.1557 6
      vertex 3.02905 17.0503 6
    endloop
  endfacet
  facet normal 0 0 1
    outer loop
      vertex 4.78828 13.1557 6
      vertex 2.99582 17.003 6
      vertex 3.62347 13.523 6
    endloop
  endfacet
  facet normal -0 0 1
    outer loop
      vertex 2.96004 16.958 6
      vertex 3.62347 13.523 6
      vertex 2.99582 17.003 6
    endloop
  endfacet
  facet normal -0 0 1
    outer loop
      vertex 2.92172 16.9152 6
      vertex 3.62347 13.523 6
      vertex 2.96004 16.958 6
    endloop
  endfacet
  facet normal -0 0 1
    outer loop
      vertex 2.88086 16.8748 6
      vertex 3.62347 13.523 6
      vertex 2.92172 16.9152 6
    endloop
  endfacet
  facet normal -0 0 1
    outer loop
      vertex 2.83748 16.8367 6
      vertex 3.62347 13.523 6
      vertex 2.88086 16.8748 6
    endloop
  endfacet
  facet normal -0 0 1
    outer loop
      vertex 2.79153 16.8008 6
      vertex 3.62347 13.523 6
      vertex 2.83748 16.8367 6
    endloop
  endfacet
  facet normal -0 0 1
    outer loop
      vertex 2.74306 16.7673 6
      vertex 3.62347 13.523 6
      vertex 2.79153 16.8008 6
    endloop
  endfacet
  facet normal -0 0 1
    outer loop
      vertex 2.69205 16.7361 6
      vertex 3.62347 13.523 6
      vertex 2.74306 16.7673 6
    endloop
  endfacet
  facet normal -0 0 1
    outer loop
      vertex 2.63849 16.7072 6
      vertex 3.62347 13.523 6
      vertex 2.69205 16.7361 6
    endloop
  endfacet
  facet normal 0 0 1
    outer loop
      vertex 2.43107 13.7873 6
      vertex 2.63849 16.7072 6
      vertex 2.58264 16.6808 6
    endloop
  endfacet
  facet normal 0 0 1
    outer loop
      vertex 2.43107 13.7873 6
      vertex 2.58264 16.6808 6
      vertex 2.52472 16.6572 6
    endloop
  endfacet
  facet normal 0 0 1
    outer loop
      vertex 2.43107 13.7873 6
      vertex 2.52472 16.6572 6
      vertex 2.46472 16.6364 6
    endloop
  endfacet
  facet normal 0 0 1
    outer loop
      vertex 2.63849 16.7072 6
      vertex 2.43107 13.7873 6
      vertex 3.62347 13.523 6
    endloop
  endfacet
  facet normal -0 0 1
    outer loop
      vertex 2.40266 16.6183 6
      vertex 2.43107 13.7873 6
      vertex 2.46472 16.6364 6
    endloop
  endfacet
  facet normal -0 0 1
    outer loop
      vertex 2.33855 16.603 6
      vertex 2.43107 13.7873 6
      vertex 2.40266 16.6183 6
    endloop
  endfacet
  facet normal -0 0 1
    outer loop
      vertex 2.27237 16.5905 6
      vertex 2.43107 13.7873 6
      vertex 2.33855 16.603 6
    endloop
  endfacet
  facet normal 0 0 1
    outer loop
      vertex 1.15628 15.3911 6
      vertex 2.27237 16.5905 6
      vertex 2.20412 16.5808 6
    endloop
  endfacet
  facet normal 0 0 1
    outer loop
      vertex 1.15628 15.3911 6
      vertex 2.20412 16.5808 6
      vertex 2.1338 16.5739 6
    endloop
  endfacet
  facet normal 0 0 1
    outer loop
      vertex 1.15628 15.3911 6
      vertex 2.1338 16.5739 6
      vertex 2.06142 16.5697 6
    endloop
  endfacet
  facet normal 0 0 1
    outer loop
      vertex 1.15628 15.3911 6
      vertex 2.06142 16.5697 6
      vertex 1.98697 16.5683 6
    endloop
  endfacet
  facet normal 0 0 1
    outer loop
      vertex 2.27237 16.5905 6
      vertex 1.15628 15.3911 6
      vertex 2.43107 13.7873 6
    endloop
  endfacet
  facet normal 0 0 1
    outer loop
      vertex 1.15628 15.3911 6
      vertex 1.98697 16.5683 6
      vertex 1.15628 16.5683 6
    endloop
  endfacet
  facet normal 0 0 1
    outer loop
      vertex 2.43107 13.7873 6
      vertex 1.15628 15.3911 6
      vertex 1.22018 13.9467 6
    endloop
  endfacet
  facet normal -0 0 1
    outer loop
      vertex 0.4561 15.3911 6
      vertex 1.22018 13.9467 6
      vertex 1.15628 15.3911 6
    endloop
  endfacet
  facet normal 0 0 1
    outer loop
      vertex 1.22018 13.9467 6
      vertex 0.4561 15.3911 6
      vertex 0 14 6
    endloop
  endfacet
  facet normal -0 0 1
    outer loop
      vertex -0.0875854 16.5555 6
      vertex 0.4561 15.3911 6
      vertex -0.0836639 16.6799 6
    endloop
  endfacet
  facet normal -0 0 1
    outer loop
      vertex -0.0993652 16.4369 6
      vertex 0.4561 15.3911 6
      vertex -0.0875854 16.5555 6
    endloop
  endfacet
  facet normal -0 0 1
    outer loop
      vertex -0.119019 16.324 6
      vertex 0.4561 15.3911 6
      vertex -0.0993652 16.4369 6
    endloop
  endfacet
  facet normal -0 0 1
    outer loop
      vertex -0.146515 16.2168 6
      vertex 0.4561 15.3911 6
      vertex -0.119019 16.324 6
    endloop
  endfacet
  facet normal -0 0 1
    outer loop
      vertex -0.181854 16.1153 6
      vertex 0.4561 15.3911 6
      vertex -0.146515 16.2168 6
    endloop
  endfacet
  facet normal -0 0 1
    outer loop
      vertex -0.225067 16.0195 6
      vertex 0.4561 15.3911 6
      vertex -0.181854 16.1153 6
    endloop
  endfacet
  facet normal -0 0 1
    outer loop
      vertex -0.276138 15.9295 6
      vertex 0.4561 15.3911 6
      vertex -0.225067 16.0195 6
    endloop
  endfacet
  facet normal -0 0 1
    outer loop
      vertex -0.335052 15.8452 6
      vertex 0.4561 15.3911 6
      vertex -0.276138 15.9295 6
    endloop
  endfacet
  facet normal -0 0 1
    outer loop
      vertex -0.401825 15.7666 6
      vertex 0.4561 15.3911 6
      vertex -0.335052 15.8452 6
    endloop
  endfacet
  facet normal -0 0 1
    outer loop
      vertex -0.476471 15.6937 6
      vertex 0.4561 15.3911 6
      vertex -0.401825 15.7666 6
    endloop
  endfacet
  facet normal -0 0 1
    outer loop
      vertex -0.558212 15.6272 6
      vertex 0.4561 15.3911 6
      vertex -0.476471 15.6937 6
    endloop
  endfacet
  facet normal -0 0 1
    outer loop
      vertex -0.646362 15.5677 6
      vertex 0.4561 15.3911 6
      vertex -0.558212 15.6272 6
    endloop
  endfacet
  facet normal 0 0 1
    outer loop
      vertex 0.4561 15.3911 6
      vertex -0.646362 15.5677 6
      vertex 0 14 6
    endloop
  endfacet
  facet normal -0 0 1
    outer loop
      vertex -0.740875 15.5152 6
      vertex 0 14 6
      vertex -0.646362 15.5677 6
    endloop
  endfacet
  facet normal -0 0 1
    outer loop
      vertex -0.841782 15.4697 6
      vertex 0 14 6
      vertex -0.740875 15.5152 6
    endloop
  endfacet
  facet normal -0 0 1
    outer loop
      vertex -0.949081 15.4312 6
      vertex 0 14 6
      vertex -0.841782 15.4697 6
    endloop
  endfacet
  facet normal 0 0 1
    outer loop
      vertex -1.22018 13.9467 6
      vertex -0.949081 15.4312 6
      vertex -1.06276 15.3997 6
    endloop
  endfacet
  facet normal 0 0 1
    outer loop
      vertex -1.22018 13.9467 6
      vertex -1.06276 15.3997 6
      vertex -1.18282 15.3752 6
    endloop
  endfacet
  facet normal 0 0 1
    outer loop
      vertex -0.949081 15.4312 6
      vertex -1.22018 13.9467 6
      vertex 0 14 6
    endloop
  endfacet
  facet normal -0 0 1
    outer loop
      vertex -1.30927 15.3577 6
      vertex -1.22018 13.9467 6
      vertex -1.18282 15.3752 6
    endloop
  endfacet
  facet normal -0 0 1
    outer loop
      vertex -1.44209 15.3471 6
      vertex -1.22018 13.9467 6
      vertex -1.30927 15.3577 6
    endloop
  endfacet
  facet normal -0 0 1
    outer loop
      vertex -1.58131 15.3436 6
      vertex -1.22018 13.9467 6
      vertex -1.44209 15.3471 6
    endloop
  endfacet
  facet normal 0 0 1
    outer loop
      vertex -1.7162 15.347 6
      vertex -1.22018 13.9467 6
      vertex -1.58131 15.3436 6
    endloop
  endfacet
  facet normal 0 0 1
    outer loop
      vertex -1.84462 15.3571 6
      vertex -1.22018 13.9467 6
      vertex -1.7162 15.347 6
    endloop
  endfacet
  facet normal 0 0 1
    outer loop
      vertex -2.43107 13.7873 6
      vertex -1.84462 15.3571 6
      vertex -1.96655 15.374 6
    endloop
  endfacet
  facet normal 0 0 1
    outer loop
      vertex -2.43107 13.7873 6
      vertex -1.96655 15.374 6
      vertex -2.082 15.3976 6
    endloop
  endfacet
  facet normal 0 0 1
    outer loop
      vertex -2.43107 13.7873 6
      vertex -2.082 15.3976 6
      vertex -2.19098 15.4279 6
    endloop
  endfacet
  facet normal 0 0 1
    outer loop
      vertex -2.43107 13.7873 6
      vertex -2.19098 15.4279 6
      vertex -2.29347 15.465 6
    endloop
  endfacet
  facet normal 0 0 1
    outer loop
      vertex -2.43107 13.7873 6
      vertex -2.29347 15.465 6
      vertex -2.38948 15.5088 6
    endloop
  endfacet
  facet normal 0 0 1
    outer loop
      vertex -1.84462 15.3571 6
      vertex -2.43107 13.7873 6
      vertex -1.22018 13.9467 6
    endloop
  endfacet
  facet normal 0 0 1
    outer loop
      vertex -2.47902 15.5593 6
      vertex -2.43107 13.7873 6
      vertex -2.38948 15.5088 6
    endloop
  endfacet
  facet normal 0 0 1
    outer loop
      vertex -2.56209 15.6166 6
      vertex -2.43107 13.7873 6
      vertex -2.47902 15.5593 6
    endloop
  endfacet
  facet normal 0 0 1
    outer loop
      vertex -3.62347 13.523 6
      vertex -2.56209 15.6166 6
      vertex -2.63866 15.6806 6
    endloop
  endfacet
  facet normal 0 0 1
    outer loop
      vertex -3.62347 13.523 6
      vertex -2.63866 15.6806 6
      vertex -2.70833 15.751 6
    endloop
  endfacet
  facet normal 0 0 1
    outer loop
      vertex -3.62347 13.523 6
      vertex -2.70833 15.751 6
      vertex -2.77068 15.8271 6
    endloop
  endfacet
  facet normal 0 0 1
    outer loop
      vertex -3.62347 13.523 6
      vertex -2.77068 15.8271 6
      vertex -2.82567 15.909 6
    endloop
  endfacet
  facet normal 0 0 1
    outer loop
      vertex -3.62347 13.523 6
      vertex -2.82567 15.909 6
      vertex -2.87335 15.9966 6
    endloop
  endfacet
  facet normal 0 0 1
    outer loop
      vertex -3.62347 13.523 6
      vertex -2.87335 15.9966 6
      vertex -2.91368 16.0901 6
    endloop
  endfacet
  facet normal 0 0 1
    outer loop
      vertex -4.78828 13.1557 6
      vertex -2.91368 16.0901 6
      vertex -2.94669 16.1893 6
    endloop
  endfacet
  facet normal 0 0 1
    outer loop
      vertex -4.78828 13.1557 6
      vertex -2.94669 16.1893 6
      vertex -2.97235 16.2944 6
    endloop
  endfacet
  facet normal 0 0 1
    outer loop
      vertex -2.56209 15.6166 6
      vertex -3.62347 13.523 6
      vertex -2.43107 13.7873 6
    endloop
  endfacet
  facet normal 0 0 1
    outer loop
      vertex -4.78828 13.1557 6
      vertex -2.97235 16.2944 6
      vertex -2.99069 16.4052 6
    endloop
  endfacet
  facet normal 0 0 1
    outer loop
      vertex -4.78828 13.1557 6
      vertex -2.99069 16.4052 6
      vertex -3.00169 16.5219 6
    endloop
  endfacet
  facet normal 0 0 1
    outer loop
      vertex -5.91666 12.6883 6
      vertex -3.00169 16.5219 6
      vertex -3.00536 16.6443 6
    endloop
  endfacet
  facet normal 0 0 1
    outer loop
      vertex -0.785858 16.6443 6
      vertex -2.30518 16.6989 6
      vertex -2.3033 16.6215 6
    endloop
  endfacet
  facet normal 0 0 1
    outer loop
      vertex -8.99903 10.7246 6
      vertex -12.268 11 6
      vertex -9.89949 9.89949 6
    endloop
  endfacet
  facet normal 0 0 1
    outer loop
      vertex -9.89949 9.89949 6
      vertex -12.268 11 6
      vertex -10.7246 8.99903 6
    endloop
  endfacet
  facet normal 0 0 1
    outer loop
      vertex -10.7246 8.99903 6
      vertex -12.268 11 6
      vertex -11.4681 8.03007 6
    endloop
  endfacet
  facet normal 0 0 1
    outer loop
      vertex -11.4681 8.03007 6
      vertex -12.268 11 6
      vertex -12.1244 7 6
    endloop
  endfacet
  facet normal -0 0 1
    outer loop
      vertex -15.732 11 6
      vertex -12.1244 7 6
      vertex -12.268 11 6
    endloop
  endfacet
  facet normal 0 0 1
    outer loop
      vertex -12.1244 7 6
      vertex -15.732 11 6
      vertex -12.6883 5.91666 6
    endloop
  endfacet
  facet normal 0 0 1
    outer loop
      vertex -12.6883 5.91666 6
      vertex -15.732 11 6
      vertex -13.1557 4.78828 6
    endloop
  endfacet
  facet normal 0 0 1
    outer loop
      vertex -13.1557 4.78828 6
      vertex -15.732 11 6
      vertex -13.523 3.62347 6
    endloop
  endfacet
  facet normal 0 0 1
    outer loop
      vertex -13.7873 2.43107 6
      vertex -21 16 6
      vertex -13.9467 1.22018 6
    endloop
  endfacet
  facet normal 0 0 1
    outer loop
      vertex -21 16 6
      vertex -13.7873 2.43107 6
      vertex -15.732 11 6
    endloop
  endfacet
  facet normal 0 0 1
    outer loop
      vertex -13.523 3.62347 6
      vertex -15.732 11 6
      vertex -13.7873 2.43107 6
    endloop
  endfacet
  facet normal 0 0 1
    outer loop
      vertex 21 16 6
      vertex 14 0 6
      vertex 21 -16 6
    endloop
  endfacet
  facet normal -0 0 1
    outer loop
      vertex 13.9467 -1.22018 6
      vertex 21 -16 6
      vertex 14 0 6
    endloop
  endfacet
  facet normal -0 0 1
    outer loop
      vertex 13.7873 -2.43107 6
      vertex 21 -16 6
      vertex 13.9467 -1.22018 6
    endloop
  endfacet
  facet normal 0 0 1
    outer loop
      vertex 15.732 11 6
      vertex 13.9467 1.22018 6
      vertex 14 0 6
    endloop
  endfacet
  facet normal 0 0 1
    outer loop
      vertex 15.732 11 6
      vertex 13.7873 2.43107 6
      vertex 13.9467 1.22018 6
    endloop
  endfacet
  facet normal 0 0 1
    outer loop
      vertex 15.732 11 6
      vertex 13.523 3.62347 6
      vertex 13.7873 2.43107 6
    endloop
  endfacet
  facet normal 0 0 1
    outer loop
      vertex 15.732 11 6
      vertex 13.1557 4.78828 6
      vertex 13.523 3.62347 6
    endloop
  endfacet
  facet normal 0 0 1
    outer loop
      vertex 15.732 11 6
      vertex 12.6883 5.91666 6
      vertex 13.1557 4.78828 6
    endloop
  endfacet
  facet normal 0 0 1
    outer loop
      vertex 12.1244 7 6
      vertex 15.732 11 6
      vertex 12.268 11 6
    endloop
  endfacet
  facet normal 0 0 1
    outer loop
      vertex 15.732 11 6
      vertex 12.1244 7 6
      vertex 12.6883 5.91666 6
    endloop
  endfacet
  facet normal 0 0 1
    outer loop
      vertex 12.268 11 6
      vertex 11.4681 8.03007 6
      vertex 12.1244 7 6
    endloop
  endfacet
  facet normal 0 0 1
    outer loop
      vertex 12.268 11 6
      vertex 10.7246 8.99903 6
      vertex 11.4681 8.03007 6
    endloop
  endfacet
  facet normal 0 0 1
    outer loop
      vertex 8.99903 10.7246 6
      vertex 12.268 11 6
      vertex 10.5359 14 6
    endloop
  endfacet
  facet normal 0 0 1
    outer loop
      vertex 12.268 11 6
      vertex 9.89949 9.89949 6
      vertex 10.7246 8.99903 6
    endloop
  endfacet
  facet normal 0 0 1
    outer loop
      vertex 17.4641 14 6
      vertex 21 16 6
      vertex 20.981 16.4358 6
    endloop
  endfacet
  facet normal 0 0 1
    outer loop
      vertex 15.732 11 6
      vertex 21 16 6
      vertex 17.4641 14 6
    endloop
  endfacet
  facet normal 0 0 1
    outer loop
      vertex 17.4641 14 6
      vertex 20.981 16.4358 6
      vertex 20.924 16.8682 6
    endloop
  endfacet
  facet normal 0 0 1
    outer loop
      vertex 14 0 6
      vertex 21 16 6
      vertex 15.732 11 6
    endloop
  endfacet
  facet normal 0 0 1
    outer loop
      vertex 17.4641 14 6
      vertex 20.924 16.8682 6
      vertex 20.8296 17.2941 6
    endloop
  endfacet
  facet normal 0 0 1
    outer loop
      vertex 21 -16 6
      vertex 17.4641 -14 6
      vertex 20.981 -16.4358 6
    endloop
  endfacet
  facet normal 0 0 1
    outer loop
      vertex 15.732 17 6
      vertex 20.8296 17.2941 6
      vertex 20.6985 17.7101 6
    endloop
  endfacet
  facet normal 0 0 1
    outer loop
      vertex 20.981 -16.4358 6
      vertex 17.4641 -14 6
      vertex 20.924 -16.8682 6
    endloop
  endfacet
  facet normal 0 0 1
    outer loop
      vertex 15.732 17 6
      vertex 20.6985 17.7101 6
      vertex 20.5315 18.1131 6
    endloop
  endfacet
  facet normal 0 0 1
    outer loop
      vertex 20.924 -16.8682 6
      vertex 17.4641 -14 6
      vertex 20.8296 -17.2941 6
    endloop
  endfacet
  facet normal 0 0 1
    outer loop
      vertex 15.732 17 6
      vertex 20.5315 18.1131 6
      vertex 20.3301 18.5 6
    endloop
  endfacet
  facet normal -0 0 1
    outer loop
      vertex 15.732 -17 6
      vertex 20.8296 -17.2941 6
      vertex 17.4641 -14 6
    endloop
  endfacet
  facet normal 0 0 1
    outer loop
      vertex 15.732 17 6
      vertex 20.3301 18.5 6
      vertex 20.0957 18.8679 6
    endloop
  endfacet
  facet normal 0 0 1
    outer loop
      vertex 20.8296 -17.2941 6
      vertex 15.732 -17 6
      vertex 20.6985 -17.7101 6
    endloop
  endfacet
  facet normal 0 0 1
    outer loop
      vertex 15.732 17 6
      vertex 20.0957 18.8679 6
      vertex 19.8302 19.2139 6
    endloop
  endfacet
  facet normal 0 0 1
    outer loop
      vertex 20.6985 -17.7101 6
      vertex 15.732 -17 6
      vertex 20.5315 -18.1131 6
    endloop
  endfacet
  facet normal 0 0 1
    outer loop
      vertex 15.732 17 6
      vertex 19.8302 19.2139 6
      vertex 19.5355 19.5355 6
    endloop
  endfacet
  facet normal 0 0 1
    outer loop
      vertex 20.5315 -18.1131 6
      vertex 15.732 -17 6
      vertex 20.3301 -18.5 6
    endloop
  endfacet
  facet normal 0 0 1
    outer loop
      vertex 15.732 17 6
      vertex 19.5355 19.5355 6
      vertex 19.2139 19.8302 6
    endloop
  endfacet
  facet normal 0 0 1
    outer loop
      vertex 20.3301 -18.5 6
      vertex 15.732 -17 6
      vertex 20.0957 -18.8679 6
    endloop
  endfacet
  facet normal 0 0 1
    outer loop
      vertex 15.732 17 6
      vertex 19.2139 19.8302 6
      vertex 18.8679 20.0957 6
    endloop
  endfacet
  facet normal 0 0 1
    outer loop
      vertex 20.0957 -18.8679 6
      vertex 15.732 -17 6
      vertex 19.8302 -19.2139 6
    endloop
  endfacet
  facet normal 0 0 1
    outer loop
      vertex 15.732 17 6
      vertex 18.8679 20.0957 6
      vertex 18.5 20.3301 6
    endloop
  endfacet
  facet normal 0 0 1
    outer loop
      vertex 19.8302 -19.2139 6
      vertex 15.732 -17 6
      vertex 19.5355 -19.5355 6
    endloop
  endfacet
  facet normal 0 0 1
    outer loop
      vertex 15.732 17 6
      vertex 18.5 20.3301 6
      vertex 18.1131 20.5315 6
    endloop
  endfacet
  facet normal 0 0 1
    outer loop
      vertex 19.5355 -19.5355 6
      vertex 15.732 -17 6
      vertex 19.2139 -19.8302 6
    endloop
  endfacet
  facet normal 0 0 1
    outer loop
      vertex 15.732 17 6
      vertex 18.1131 20.5315 6
      vertex 17.7101 20.6985 6
    endloop
  endfacet
  facet normal 0 0 1
    outer loop
      vertex 19.2139 -19.8302 6
      vertex 15.732 -17 6
      vertex 18.8679 -20.0957 6
    endloop
  endfacet
  facet normal 0 0 1
    outer loop
      vertex 18.8679 -20.0957 6
      vertex 15.732 -17 6
      vertex 18.5 -20.3301 6
    endloop
  endfacet
  facet normal 0 0 1
    outer loop
      vertex 15.732 17 6
      vertex 17.7101 20.6985 6
      vertex 17.2941 20.8296 6
    endloop
  endfacet
  facet normal 0 0 1
    outer loop
      vertex 15.732 17 6
      vertex 17.2941 20.8296 6
      vertex 16.8682 20.924 6
    endloop
  endfacet
  facet normal 0 0 1
    outer loop
      vertex 15.732 17 6
      vertex 16.8682 20.924 6
      vertex 16.4358 20.981 6
    endloop
  endfacet
  facet normal 0 0 1
    outer loop
      vertex 15.732 17 6
      vertex 16.4358 20.981 6
      vertex 16 21 6
    endloop
  endfacet
  facet normal 0 0 1
    outer loop
      vertex 20.8296 17.2941 6
      vertex 15.732 17 6
      vertex 17.4641 14 6
    endloop
  endfacet
  facet normal 0 0 1
    outer loop
      vertex 16 21 6
      vertex 12.268 17 6
      vertex 15.732 17 6
    endloop
  endfacet
  facet normal 0 0 1
    outer loop
      vertex 12.268 11 6
      vertex 8.99903 10.7246 6
      vertex 9.89949 9.89949 6
    endloop
  endfacet
  facet normal 0 0 1
    outer loop
      vertex 10.5359 14 6
      vertex 8.03007 11.4681 6
      vertex 8.99903 10.7246 6
    endloop
  endfacet
  facet normal 0 0 1
    outer loop
      vertex 3.20692 17.6767 6
      vertex 10.5359 14 6
      vertex 12.268 17 6
    endloop
  endfacet
  facet normal 0 0 1
    outer loop
      vertex 10.5359 14 6
      vertex 7 12.1244 6
      vertex 8.03007 11.4681 6
    endloop
  endfacet
  facet normal -0 0 1
    outer loop
      vertex 2.94449 18.4012 6
      vertex 12.268 17 6
      vertex 16 21 6
    endloop
  endfacet
  facet normal -0 -0 1
    outer loop
      vertex 3.20692 17.6767 6
      vertex 12.268 17 6
      vertex 3.20369 17.7755 6
    endloop
  endfacet
  facet normal -0 0 1
    outer loop
      vertex 3.20546 17.6128 6
      vertex 10.5359 14 6
      vertex 3.20692 17.6767 6
    endloop
  endfacet
  facet normal -0 0 1
    outer loop
      vertex 3.20103 17.5503 6
      vertex 10.5359 14 6
      vertex 3.20546 17.6128 6
    endloop
  endfacet
  facet normal -0 0 1
    outer loop
      vertex 3.19368 17.4892 6
      vertex 10.5359 14 6
      vertex 3.20103 17.5503 6
    endloop
  endfacet
  facet normal 0 0 1
    outer loop
      vertex 10.5359 14 6
      vertex 5.91666 12.6883 6
      vertex 7 12.1244 6
    endloop
  endfacet
  facet normal 0 0 1
    outer loop
      vertex 12.268 17 6
      vertex 3.19397 17.8698 6
      vertex 3.20369 17.7755 6
    endloop
  endfacet
  facet normal 0 0 1
    outer loop
      vertex 12.268 17 6
      vertex 3.17776 17.9594 6
      vertex 3.19397 17.8698 6
    endloop
  endfacet
  facet normal 0 0 1
    outer loop
      vertex 12.268 17 6
      vertex 3.15509 18.0445 6
      vertex 3.17776 17.9594 6
    endloop
  endfacet
  facet normal 0 0 1
    outer loop
      vertex 12.268 17 6
      vertex 3.12593 18.125 6
      vertex 3.15509 18.0445 6
    endloop
  endfacet
  facet normal 0 0 1
    outer loop
      vertex 12.268 17 6
      vertex 3.09029 18.2009 6
      vertex 3.12593 18.125 6
    endloop
  endfacet
  facet normal 0 0 1
    outer loop
      vertex 12.268 17 6
      vertex 3.04817 18.2722 6
      vertex 3.09029 18.2009 6
    endloop
  endfacet
  facet normal 0 0 1
    outer loop
      vertex 12.268 17 6
      vertex 2.99957 18.339 6
      vertex 3.04817 18.2722 6
    endloop
  endfacet
  facet normal 0 0 1
    outer loop
      vertex 12.268 17 6
      vertex 2.94449 18.4012 6
      vertex 2.99957 18.339 6
    endloop
  endfacet
  facet normal 0 0 1
    outer loop
      vertex 16 21 6
      vertex 2.88293 18.4588 6
      vertex 2.94449 18.4012 6
    endloop
  endfacet
  facet normal 0 0 1
    outer loop
      vertex 16 21 6
      vertex 2.81537 18.5113 6
      vertex 2.88293 18.4588 6
    endloop
  endfacet
  facet normal 0 0 1
    outer loop
      vertex 16 21 6
      vertex 2.74229 18.5583 6
      vertex 2.81537 18.5113 6
    endloop
  endfacet
  facet normal 0 0 1
    outer loop
      vertex 16 21 6
      vertex 2.66367 18.5998 6
      vertex 2.74229 18.5583 6
    endloop
  endfacet
  facet normal 0 0 1
    outer loop
      vertex 16 21 6
      vertex 2.57953 18.6357 6
      vertex 2.66367 18.5998 6
    endloop
  endfacet
  facet normal 0 0 1
    outer loop
      vertex 16 21 6
      vertex 2.48985 18.6661 6
      vertex 2.57953 18.6357 6
    endloop
  endfacet
  facet normal 0 0 1
    outer loop
      vertex 16 21 6
      vertex 2.39464 18.691 6
      vertex 2.48985 18.6661 6
    endloop
  endfacet
  facet normal 0 0 1
    outer loop
      vertex 16 21 6
      vertex 2.2939 18.7104 6
      vertex 2.39464 18.691 6
    endloop
  endfacet
  facet normal 0 0 1
    outer loop
      vertex 16 21 6
      vertex 2.18764 18.7242 6
      vertex 2.2939 18.7104 6
    endloop
  endfacet
  facet normal 0 0 1
    outer loop
      vertex 16 21 6
      vertex 2.07584 18.7325 6
      vertex 2.18764 18.7242 6
    endloop
  endfacet
  facet normal 0 0 1
    outer loop
      vertex 16 21 6
      vertex 1.95851 18.7353 6
      vertex 2.07584 18.7325 6
    endloop
  endfacet
  facet normal 0 0 1
    outer loop
      vertex 16 21 6
      vertex 0.4561 18.7353 6
      vertex 1.95851 18.7353 6
    endloop
  endfacet
  facet normal 0 0 1
    outer loop
      vertex -0.0836639 16.6799 6
      vertex 0.4561 18.7353 6
      vertex -0.0836639 18.7353 6
    endloop
  endfacet
  facet normal 0 0 1
    outer loop
      vertex 0.4561 18.7353 6
      vertex -0.0836639 16.6799 6
      vertex 0.4561 15.3911 6
    endloop
  endfacet
  facet normal 0 0 1
    outer loop
      vertex 16 21 6
      vertex -0.0836639 18.7353 6
      vertex 0.4561 18.7353 6
    endloop
  endfacet
  facet normal 0 0 1
    outer loop
      vertex 16 21 6
      vertex -0.783829 18.7353 6
      vertex -0.0836639 18.7353 6
    endloop
  endfacet
  facet normal -0 0 1
    outer loop
      vertex -2.30518 18.7353 6
      vertex -0.783829 16.7226 6
      vertex -0.783829 18.7353 6
    endloop
  endfacet
  facet normal 0 0 1
    outer loop
      vertex -2.30518 16.6989 6
      vertex -0.783829 16.7226 6
      vertex -2.30518 18.7353 6
    endloop
  endfacet
  facet normal 0 0 1
    outer loop
      vertex -0.785858 16.6443 6
      vertex -2.3033 16.6215 6
      vertex -0.791901 16.5696 6
    endloop
  endfacet
  facet normal 0 -0 1
    outer loop
      vertex -1.48904 15.894 6
      vertex -0.791901 16.5696 6
      vertex -2.3033 16.6215 6
    endloop
  endfacet
  facet normal 0 0 1
    outer loop
      vertex -0.791901 16.5696 6
      vertex -1.48904 15.894 6
      vertex -0.801987 16.4987 6
    endloop
  endfacet
  facet normal 0 -0 1
    outer loop
      vertex -1.41924 15.9005 6
      vertex -0.801987 16.4987 6
      vertex -1.48904 15.894 6
    endloop
  endfacet
  facet normal 0 0 1
    outer loop
      vertex -0.801987 16.4987 6
      vertex -1.41924 15.9005 6
      vertex -0.816116 16.4315 6
    endloop
  endfacet
  facet normal 0 0 1
    outer loop
      vertex -0.816116 16.4315 6
      vertex -1.41924 15.9005 6
      vertex -0.834274 16.3681 6
    endloop
  endfacet
  facet normal 0 -0 1
    outer loop
      vertex -1.35291 15.9112 6
      vertex -0.834274 16.3681 6
      vertex -1.41924 15.9005 6
    endloop
  endfacet
  facet normal 0 -0 1
    outer loop
      vertex -1.29004 15.9263 6
      vertex -0.856461 16.3083 6
      vertex -1.35291 15.9112 6
    endloop
  endfacet
  facet normal 0 0 1
    outer loop
      vertex -0.856461 16.3083 6
      vertex -1.29004 15.9263 6
      vertex -0.88269 16.2523 6
    endloop
  endfacet
  facet normal 0 0 1
    outer loop
      vertex -0.88269 16.2523 6
      vertex -1.29004 15.9263 6
      vertex -0.912949 16.2001 6
    endloop
  endfacet
  facet normal 0 0 1
    outer loop
      vertex -0.94725 16.1515 6
      vertex -1.29004 15.9263 6
      vertex -0.98558 16.1067 6
    endloop
  endfacet
  facet normal 0 0 1
    outer loop
      vertex -0.98558 16.1067 6
      vertex -1.29004 15.9263 6
      vertex -1.02765 16.0659 6
    endloop
  endfacet
  facet normal 0 0 1
    outer loop
      vertex -1.0732 16.0293 6
      vertex -1.29004 15.9263 6
      vertex -1.12221 15.9971 6
    endloop
  endfacet
  facet normal 0 0 1
    outer loop
      vertex -1.12221 15.9971 6
      vertex -1.23062 15.9456 6
      vertex -1.17468 15.9692 6
    endloop
  endfacet
  facet normal 0 0 1
    outer loop
      vertex -1.12221 15.9971 6
      vertex -1.29004 15.9263 6
      vertex -1.23062 15.9456 6
    endloop
  endfacet
  facet normal 0 0 1
    outer loop
      vertex -1.02765 16.0659 6
      vertex -1.29004 15.9263 6
      vertex -1.0732 16.0293 6
    endloop
  endfacet
  facet normal 0 0 1
    outer loop
      vertex -0.912949 16.2001 6
      vertex -1.29004 15.9263 6
      vertex -0.94725 16.1515 6
    endloop
  endfacet
  facet normal 0 0 1
    outer loop
      vertex -0.834274 16.3681 6
      vertex -1.35291 15.9112 6
      vertex -0.856461 16.3083 6
    endloop
  endfacet
  facet normal 0 0 1
    outer loop
      vertex -1.48904 15.894 6
      vertex -2.3033 16.6215 6
      vertex -1.5623 15.8919 6
    endloop
  endfacet
  facet normal -0 -0 1
    outer loop
      vertex -2.29764 16.548 6
      vertex -1.5623 15.8919 6
      vertex -2.3033 16.6215 6
    endloop
  endfacet
  facet normal 0 0 1
    outer loop
      vertex -1.5623 15.8919 6
      vertex -2.29764 16.548 6
      vertex -1.63364 15.8939 6
    endloop
  endfacet
  facet normal -0 -0 1
    outer loop
      vertex -2.28819 16.4782 6
      vertex -1.63364 15.8939 6
      vertex -2.29764 16.548 6
    endloop
  endfacet
  facet normal 0 0 1
    outer loop
      vertex -1.63364 15.8939 6
      vertex -2.28819 16.4782 6
      vertex -1.70143 15.9001 6
    endloop
  endfacet
  facet normal -0 -0 1
    outer loop
      vertex -2.27499 16.4124 6
      vertex -1.70143 15.9001 6
      vertex -2.28819 16.4782 6
    endloop
  endfacet
  facet normal 0 0 1
    outer loop
      vertex -1.70143 15.9001 6
      vertex -2.27499 16.4124 6
      vertex -1.7657 15.9104 6
    endloop
  endfacet
  facet normal -0 -0 1
    outer loop
      vertex -2.25801 16.3503 6
      vertex -1.7657 15.9104 6
      vertex -2.27499 16.4124 6
    endloop
  endfacet
  facet normal 0 0 1
    outer loop
      vertex -1.7657 15.9104 6
      vertex -2.25801 16.3503 6
      vertex -1.82642 15.9247 6
    endloop
  endfacet
  facet normal -0 -0 1
    outer loop
      vertex -2.23726 16.292 6
      vertex -1.82642 15.9247 6
      vertex -2.25801 16.3503 6
    endloop
  endfacet
  facet normal 0 0 1
    outer loop
      vertex -1.82642 15.9247 6
      vertex -2.23726 16.292 6
      vertex -1.88361 15.9432 6
    endloop
  endfacet
  facet normal 0 0 1
    outer loop
      vertex -1.88361 15.9432 6
      vertex -2.23726 16.292 6
      vertex -1.93726 15.9658 6
    endloop
  endfacet
  facet normal 0 0 1
    outer loop
      vertex -1.93726 15.9658 6
      vertex -2.23726 16.292 6
      vertex -1.98737 15.9925 6
    endloop
  endfacet
  facet normal 0 0 1
    outer loop
      vertex -1.98737 15.9925 6
      vertex -2.23726 16.292 6
      vertex -2.03395 16.0233 6
    endloop
  endfacet
  facet normal 0 0 1
    outer loop
      vertex -2.03395 16.0233 6
      vertex -2.23726 16.292 6
      vertex -2.077 16.0582 6
    endloop
  endfacet
  facet normal 0 0 1
    outer loop
      vertex -2.077 16.0582 6
      vertex -2.23726 16.292 6
      vertex -2.1165 16.0972 6
    endloop
  endfacet
  facet normal 0 0 1
    outer loop
      vertex -2.1165 16.0972 6
      vertex -2.23726 16.292 6
      vertex -2.15234 16.1402 6
    endloop
  endfacet
  facet normal 0 0 1
    outer loop
      vertex -2.15234 16.1402 6
      vertex -2.23726 16.292 6
      vertex -2.21272 16.2376 6
    endloop
  endfacet
  facet normal 0 0 1
    outer loop
      vertex -2.15234 16.1402 6
      vertex -2.21272 16.2376 6
      vertex -2.18442 16.187 6
    endloop
  endfacet
  facet normal -0 0 1
    outer loop
      vertex -2.30518 16.6989 6
      vertex -0.785858 16.6443 6
      vertex -0.783829 16.7226 6
    endloop
  endfacet
  facet normal -0 0 1
    outer loop
      vertex -16 21 6
      vertex -0.783829 18.7353 6
      vertex 16 21 6
    endloop
  endfacet
  facet normal 0 0 1
    outer loop
      vertex -0.783829 18.7353 6
      vertex -16 21 6
      vertex -2.30518 18.7353 6
    endloop
  endfacet
  facet normal 0 0 1
    outer loop
      vertex -10.5359 14 6
      vertex -3.00536 16.6443 6
      vertex -3.00536 18.7353 6
    endloop
  endfacet
  facet normal 0 0 1
    outer loop
      vertex -2.91368 16.0901 6
      vertex -4.78828 13.1557 6
      vertex -3.62347 13.523 6
    endloop
  endfacet
  facet normal 0 0 1
    outer loop
      vertex -3.00169 16.5219 6
      vertex -5.91666 12.6883 6
      vertex -4.78828 13.1557 6
    endloop
  endfacet
  facet normal 0 0 1
    outer loop
      vertex -3.00536 16.6443 6
      vertex -10.5359 14 6
      vertex -5.91666 12.6883 6
    endloop
  endfacet
  facet normal 0 0 1
    outer loop
      vertex -5.91666 12.6883 6
      vertex -10.5359 14 6
      vertex -7 12.1244 6
    endloop
  endfacet
  facet normal 0 0 1
    outer loop
      vertex -7 12.1244 6
      vertex -10.5359 14 6
      vertex -8.03007 11.4681 6
    endloop
  endfacet
  facet normal 0 0 1
    outer loop
      vertex -8.03007 11.4681 6
      vertex -10.5359 14 6
      vertex -8.99903 10.7246 6
    endloop
  endfacet
  facet normal -0 0 1
    outer loop
      vertex -12.268 11 6
      vertex -8.99903 10.7246 6
      vertex -10.5359 14 6
    endloop
  endfacet
  facet normal 0 0 1
    outer loop
      vertex -3.00536 18.7353 6
      vertex -12.268 17 6
      vertex -10.5359 14 6
    endloop
  endfacet
  facet normal 0 0 1
    outer loop
      vertex -16 21 6
      vertex -12.268 17 6
      vertex -3.00536 18.7353 6
    endloop
  endfacet
  facet normal 0 0 1
    outer loop
      vertex -2.30518 18.7353 6
      vertex -16 21 6
      vertex -3.00536 18.7353 6
    endloop
  endfacet
  facet normal 0 0 1
    outer loop
      vertex -12.268 17 6
      vertex -16 21 6
      vertex -15.732 17 6
    endloop
  endfacet
  facet normal -0 0 1
    outer loop
      vertex -16.4358 20.981 6
      vertex -15.732 17 6
      vertex -16 21 6
    endloop
  endfacet
  facet normal -0 0 1
    outer loop
      vertex -16.8682 20.924 6
      vertex -15.732 17 6
      vertex -16.4358 20.981 6
    endloop
  endfacet
  facet normal -0 0 1
    outer loop
      vertex -17.2941 20.8296 6
      vertex -15.732 17 6
      vertex -16.8682 20.924 6
    endloop
  endfacet
  facet normal -0 0 1
    outer loop
      vertex -17.7101 20.6985 6
      vertex -15.732 17 6
      vertex -17.2941 20.8296 6
    endloop
  endfacet
  facet normal -0 0 1
    outer loop
      vertex -18.5 20.3301 6
      vertex -15.732 17 6
      vertex -18.1131 20.5315 6
    endloop
  endfacet
  facet normal -0 0 1
    outer loop
      vertex -18.1131 20.5315 6
      vertex -15.732 17 6
      vertex -17.7101 20.6985 6
    endloop
  endfacet
  facet normal 0 0 1
    outer loop
      vertex 18.5 -20.3301 6
      vertex 15.732 -17 6
      vertex 18.1131 -20.5315 6
    endloop
  endfacet
  facet normal 0 0 1
    outer loop
      vertex 18.1131 -20.5315 6
      vertex 15.732 -17 6
      vertex 17.7101 -20.6985 6
    endloop
  endfacet
  facet normal 0 0 1
    outer loop
      vertex 17.7101 -20.6985 6
      vertex 15.732 -17 6
      vertex 17.2941 -20.8296 6
    endloop
  endfacet
  facet normal 0 0 1
    outer loop
      vertex 17.2941 -20.8296 6
      vertex 15.732 -17 6
      vertex 16.8682 -20.924 6
    endloop
  endfacet
  facet normal 0 0 1
    outer loop
      vertex 16.8682 -20.924 6
      vertex 15.732 -17 6
      vertex 16.4358 -20.981 6
    endloop
  endfacet
  facet normal 0 0 1
    outer loop
      vertex 16.4358 -20.981 6
      vertex 15.732 -17 6
      vertex 16 -21 6
    endloop
  endfacet
  facet normal -0 0 1
    outer loop
      vertex 12.268 -17 6
      vertex 16 -21 6
      vertex 15.732 -17 6
    endloop
  endfacet
  facet normal 0 0 1
    outer loop
      vertex 12.268 -11 6
      vertex 8.99903 -10.7246 6
      vertex 10.5359 -14 6
    endloop
  endfacet
  facet normal -0 0 1
    outer loop
      vertex 8.03007 -11.4681 6
      vertex 10.5359 -14 6
      vertex 8.99903 -10.7246 6
    endloop
  endfacet
  facet normal -0 0 1
    outer loop
      vertex 7 -12.1244 6
      vertex 10.5359 -14 6
      vertex 8.03007 -11.4681 6
    endloop
  endfacet
  facet normal -0 0 1
    outer loop
      vertex 5.91666 -12.6883 6
      vertex 10.5359 -14 6
      vertex 7 -12.1244 6
    endloop
  endfacet
  facet normal -0 0 1
    outer loop
      vertex 4.78828 -13.1557 6
      vertex 10.5359 -14 6
      vertex 5.91666 -12.6883 6
    endloop
  endfacet
  facet normal 0 0 1
    outer loop
      vertex 10.5359 -14 6
      vertex 4.78828 -13.1557 6
      vertex 12.268 -17 6
    endloop
  endfacet
  facet normal -0 0 1
    outer loop
      vertex 3.62347 -13.523 6
      vertex 12.268 -17 6
      vertex 4.78828 -13.1557 6
    endloop
  endfacet
  facet normal -0 0 1
    outer loop
      vertex 2.43107 -13.7873 6
      vertex 12.268 -17 6
      vertex 3.62347 -13.523 6
    endloop
  endfacet
  facet normal -0 0 1
    outer loop
      vertex 1.22018 -13.9467 6
      vertex 12.268 -17 6
      vertex 2.43107 -13.7873 6
    endloop
  endfacet
  facet normal 0 0 1
    outer loop
      vertex 12.268 -17 6
      vertex 1.22018 -13.9467 6
      vertex 16 -21 6
    endloop
  endfacet
  facet normal -0 0 1
    outer loop
      vertex 0 -14 6
      vertex 16 -21 6
      vertex 1.22018 -13.9467 6
    endloop
  endfacet
  facet normal 0 0 1
    outer loop
      vertex -16 -21 6
      vertex 0 -14 6
      vertex -1.22018 -13.9467 6
    endloop
  endfacet
  facet normal 0 0 1
    outer loop
      vertex -12.268 -17 6
      vertex -1.22018 -13.9467 6
      vertex -2.43107 -13.7873 6
    endloop
  endfacet
  facet normal 0 0 1
    outer loop
      vertex -12.268 -17 6
      vertex -2.43107 -13.7873 6
      vertex -3.62347 -13.523 6
    endloop
  endfacet
  facet normal 0 0 1
    outer loop
      vertex -12.268 -17 6
      vertex -3.62347 -13.523 6
      vertex -4.78828 -13.1557 6
    endloop
  endfacet
  facet normal 0 0 1
    outer loop
      vertex -10.5359 -14 6
      vertex -8.99903 -10.7246 6
      vertex -9.89949 -9.89949 6
    endloop
  endfacet
  facet normal 0 0 1
    outer loop
      vertex -10.5359 -14 6
      vertex -8.03007 -11.4681 6
      vertex -8.99903 -10.7246 6
    endloop
  endfacet
  facet normal 0 0 1
    outer loop
      vertex -10.5359 -14 6
      vertex -7 -12.1244 6
      vertex -8.03007 -11.4681 6
    endloop
  endfacet
  facet normal 0 0 1
    outer loop
      vertex -10.5359 -14 6
      vertex -5.91666 -12.6883 6
      vertex -7 -12.1244 6
    endloop
  endfacet
  facet normal 0 0 1
    outer loop
      vertex -10.5359 -14 6
      vertex -4.78828 -13.1557 6
      vertex -5.91666 -12.6883 6
    endloop
  endfacet
  facet normal 0 0 1
    outer loop
      vertex -12.268 -17 6
      vertex -4.78828 -13.1557 6
      vertex -10.5359 -14 6
    endloop
  endfacet
  facet normal 0 0 1
    outer loop
      vertex -1.22018 -13.9467 6
      vertex -12.268 -17 6
      vertex -16 -21 6
    endloop
  endfacet
  facet normal 0 0 1
    outer loop
      vertex -16 -21 6
      vertex -12.268 -17 6
      vertex -15.732 -17 6
    endloop
  endfacet
  facet normal 0 0 1
    outer loop
      vertex 0 -14 6
      vertex -16 -21 6
      vertex 16 -21 6
    endloop
  endfacet
  facet normal 0 0 1
    outer loop
      vertex -15.732 -17 6
      vertex -16.4358 -20.981 6
      vertex -16 -21 6
    endloop
  endfacet
  facet normal 0 0 1
    outer loop
      vertex -15.732 -17 6
      vertex -16.8682 -20.924 6
      vertex -16.4358 -20.981 6
    endloop
  endfacet
  facet normal 0 0 1
    outer loop
      vertex -15.732 -17 6
      vertex -17.2941 -20.8296 6
      vertex -16.8682 -20.924 6
    endloop
  endfacet
  facet normal 0 0 1
    outer loop
      vertex -20.8296 -17.2941 6
      vertex -15.732 -17 6
      vertex -17.4641 -14 6
    endloop
  endfacet
  facet normal 0 0 1
    outer loop
      vertex -15.732 -17 6
      vertex -17.7101 -20.6985 6
      vertex -17.2941 -20.8296 6
    endloop
  endfacet
  facet normal 0 0 1
    outer loop
      vertex -13.7873 -2.43107 6
      vertex -21 -16 6
      vertex -15.732 -11 6
    endloop
  endfacet
  facet normal -0 0 1
    outer loop
      vertex -18.8679 20.0957 6
      vertex -15.732 17 6
      vertex -18.5 20.3301 6
    endloop
  endfacet
  facet normal 0 0 1
    outer loop
      vertex -15.732 -11 6
      vertex -21 -16 6
      vertex -17.4641 -14 6
    endloop
  endfacet
  facet normal -0 0 1
    outer loop
      vertex -19.2139 19.8302 6
      vertex -15.732 17 6
      vertex -18.8679 20.0957 6
    endloop
  endfacet
  facet normal 0 -0 1
    outer loop
      vertex -20.981 -16.4358 6
      vertex -17.4641 -14 6
      vertex -21 -16 6
    endloop
  endfacet
  facet normal -0 0 1
    outer loop
      vertex -19.5355 19.5355 6
      vertex -15.732 17 6
      vertex -19.2139 19.8302 6
    endloop
  endfacet
  facet normal 0 0 1
    outer loop
      vertex -15.732 -17 6
      vertex -18.1131 -20.5315 6
      vertex -17.7101 -20.6985 6
    endloop
  endfacet
  facet normal -0 0 1
    outer loop
      vertex -19.8302 19.2139 6
      vertex -15.732 17 6
      vertex -19.5355 19.5355 6
    endloop
  endfacet
  facet normal 0 0 1
    outer loop
      vertex -15.732 -17 6
      vertex -18.5 -20.3301 6
      vertex -18.1131 -20.5315 6
    endloop
  endfacet
  facet normal -0 0 1
    outer loop
      vertex -20.0957 18.8679 6
      vertex -15.732 17 6
      vertex -19.8302 19.2139 6
    endloop
  endfacet
  facet normal 0 0 1
    outer loop
      vertex -15.732 -17 6
      vertex -18.8679 -20.0957 6
      vertex -18.5 -20.3301 6
    endloop
  endfacet
  facet normal -0 0 1
    outer loop
      vertex -20.3301 18.5 6
      vertex -15.732 17 6
      vertex -20.0957 18.8679 6
    endloop
  endfacet
  facet normal 0 0 1
    outer loop
      vertex -15.732 -17 6
      vertex -19.2139 -19.8302 6
      vertex -18.8679 -20.0957 6
    endloop
  endfacet
  facet normal -0 0 1
    outer loop
      vertex -20.5315 18.1131 6
      vertex -15.732 17 6
      vertex -20.3301 18.5 6
    endloop
  endfacet
  facet normal 0 0 1
    outer loop
      vertex -15.732 -17 6
      vertex -19.5355 -19.5355 6
      vertex -19.2139 -19.8302 6
    endloop
  endfacet
  facet normal -0 0 1
    outer loop
      vertex -20.6985 17.7101 6
      vertex -15.732 17 6
      vertex -20.5315 18.1131 6
    endloop
  endfacet
  facet normal 0 0 1
    outer loop
      vertex -15.732 -17 6
      vertex -19.8302 -19.2139 6
      vertex -19.5355 -19.5355 6
    endloop
  endfacet
  facet normal -0 0 1
    outer loop
      vertex -20.8296 17.2941 6
      vertex -15.732 17 6
      vertex -20.6985 17.7101 6
    endloop
  endfacet
  facet normal 0 0 1
    outer loop
      vertex -15.732 -17 6
      vertex -20.0957 -18.8679 6
      vertex -19.8302 -19.2139 6
    endloop
  endfacet
  facet normal 0 0 1
    outer loop
      vertex -15.732 17 6
      vertex -20.8296 17.2941 6
      vertex -17.4641 14 6
    endloop
  endfacet
  facet normal 0 0 1
    outer loop
      vertex -15.732 -17 6
      vertex -20.3301 -18.5 6
      vertex -20.0957 -18.8679 6
    endloop
  endfacet
  facet normal -0 0 1
    outer loop
      vertex -20.924 16.8682 6
      vertex -17.4641 14 6
      vertex -20.8296 17.2941 6
    endloop
  endfacet
  facet normal 0 0 1
    outer loop
      vertex -15.732 -17 6
      vertex -20.5315 -18.1131 6
      vertex -20.3301 -18.5 6
    endloop
  endfacet
  facet normal -0 0 1
    outer loop
      vertex -20.981 16.4358 6
      vertex -17.4641 14 6
      vertex -20.924 16.8682 6
    endloop
  endfacet
  facet normal 0 0 1
    outer loop
      vertex -15.732 -17 6
      vertex -20.6985 -17.7101 6
      vertex -20.5315 -18.1131 6
    endloop
  endfacet
  facet normal 0 0 1
    outer loop
      vertex -17.4641 14 6
      vertex -20.981 16.4358 6
      vertex -21 16 6
    endloop
  endfacet
  facet normal 0 0 1
    outer loop
      vertex -15.732 -17 6
      vertex -20.8296 -17.2941 6
      vertex -20.6985 -17.7101 6
    endloop
  endfacet
  facet normal 0 0 1
    outer loop
      vertex -17.4641 -14 6
      vertex -20.924 -16.8682 6
      vertex -20.8296 -17.2941 6
    endloop
  endfacet
  facet normal 0 0 1
    outer loop
      vertex -17.4641 -14 6
      vertex -20.981 -16.4358 6
      vertex -20.924 -16.8682 6
    endloop
  endfacet
  facet normal 0 0 1
    outer loop
      vertex 21 -16 6
      vertex 15.732 -11 6
      vertex 17.4641 -14 6
    endloop
  endfacet
  facet normal 0 0 1
    outer loop
      vertex 21 -16 6
      vertex 13.7873 -2.43107 6
      vertex 15.732 -11 6
    endloop
  endfacet
  facet normal -0 0 1
    outer loop
      vertex 13.523 -3.62347 6
      vertex 15.732 -11 6
      vertex 13.7873 -2.43107 6
    endloop
  endfacet
  facet normal -0 0 1
    outer loop
      vertex 13.1557 -4.78828 6
      vertex 15.732 -11 6
      vertex 13.523 -3.62347 6
    endloop
  endfacet
  facet normal -0 0 1
    outer loop
      vertex 12.6883 -5.91666 6
      vertex 15.732 -11 6
      vertex 13.1557 -4.78828 6
    endloop
  endfacet
  facet normal -0 0 1
    outer loop
      vertex 12.1244 -7 6
      vertex 15.732 -11 6
      vertex 12.6883 -5.91666 6
    endloop
  endfacet
  facet normal 0 0 1
    outer loop
      vertex 15.732 -11 6
      vertex 12.1244 -7 6
      vertex 12.268 -11 6
    endloop
  endfacet
  facet normal -0 0 1
    outer loop
      vertex 11.4681 -8.03007 6
      vertex 12.268 -11 6
      vertex 12.1244 -7 6
    endloop
  endfacet
  facet normal -0 0 1
    outer loop
      vertex 10.7246 -8.99903 6
      vertex 12.268 -11 6
      vertex 11.4681 -8.03007 6
    endloop
  endfacet
  facet normal -0 0 1
    outer loop
      vertex 9.89949 -9.89949 6
      vertex 12.268 -11 6
      vertex 10.7246 -8.99903 6
    endloop
  endfacet
  facet normal -0 0 1
    outer loop
      vertex 8.99903 -10.7246 6
      vertex 12.268 -11 6
      vertex 9.89949 -9.89949 6
    endloop
  endfacet
  facet normal 0 0 1
    outer loop
      vertex 2.10405 18.1707 6
      vertex 2.50203 17.6648 6
      vertex 2.4958 17.7649 6
    endloop
  endfacet
  facet normal 0 0 1
    outer loop
      vertex 2.50203 17.6648 6
      vertex 2.10405 18.1707 6
      vertex 2.50046 17.612 6
    endloop
  endfacet
  facet normal 0 0 1
    outer loop
      vertex 1.99834 18.1865 6
      vertex 2.50046 17.612 6
      vertex 2.10405 18.1707 6
    endloop
  endfacet
  facet normal 0 0 1
    outer loop
      vertex 2.19733 18.1443 6
      vertex 2.4958 17.7649 6
      vertex 2.47716 17.8545 6
    endloop
  endfacet
  facet normal 0 -0 1
    outer loop
      vertex 2.06093 17.12 6
      vertex 2.50046 17.612 6
      vertex 1.99834 18.1865 6
    endloop
  endfacet
  facet normal 0 -0 1
    outer loop
      vertex 2.10953 17.13 6
      vertex 2.49576 17.5617 6
      vertex 2.06093 17.12 6
    endloop
  endfacet
  facet normal 0 0 1
    outer loop
      vertex 2.27817 18.1074 6
      vertex 2.47716 17.8545 6
      vertex 2.44606 17.9336 6
    endloop
  endfacet
  facet normal 0 0 1
    outer loop
      vertex 2.49576 17.5617 6
      vertex 2.10953 17.13 6
      vertex 2.48793 17.5139 6
    endloop
  endfacet
  facet normal 0 0 1
    outer loop
      vertex 2.48793 17.5139 6
      vertex 2.15549 17.143 6
      vertex 2.47696 17.4687 6
    endloop
  endfacet
  facet normal 0 0 1
    outer loop
      vertex 2.27817 18.1074 6
      vertex 2.44606 17.9336 6
      vertex 2.40253 18.0021 6
    endloop
  endfacet
  facet normal 0 0 1
    outer loop
      vertex 2.4958 17.7649 6
      vertex 2.19733 18.1443 6
      vertex 2.10405 18.1707 6
    endloop
  endfacet
  facet normal 0 -0 1
    outer loop
      vertex 2.19878 17.1588 6
      vertex 2.47696 17.4687 6
      vertex 2.15549 17.143 6
    endloop
  endfacet
  facet normal 0 0 1
    outer loop
      vertex 2.27817 18.1074 6
      vertex 2.40253 18.0021 6
      vertex 2.34657 18.06 6
    endloop
  endfacet
  facet normal 0 0 1
    outer loop
      vertex 2.46286 17.426 6
      vertex 2.19878 17.1588 6
      vertex 2.44563 17.3859 6
    endloop
  endfacet
  facet normal 0 0 1
    outer loop
      vertex 2.44563 17.3859 6
      vertex 2.19878 17.1588 6
      vertex 2.42526 17.3483 6
    endloop
  endfacet
  facet normal 0 0 1
    outer loop
      vertex 2.47716 17.8545 6
      vertex 2.27817 18.1074 6
      vertex 2.19733 18.1443 6
    endloop
  endfacet
  facet normal 0 0 1
    outer loop
      vertex 2.40176 17.3132 6
      vertex 2.19878 17.1588 6
      vertex 2.37514 17.2807 6
    endloop
  endfacet
  facet normal 0 0 1
    outer loop
      vertex 2.37514 17.2807 6
      vertex 2.19878 17.1588 6
      vertex 2.34537 17.2507 6
    endloop
  endfacet
  facet normal 0 0 1
    outer loop
      vertex 2.34537 17.2507 6
      vertex 2.27739 17.199 6
      vertex 2.3127 17.2234 6
    endloop
  endfacet
  facet normal 0 0 1
    outer loop
      vertex 2.34537 17.2507 6
      vertex 2.23941 17.1774 6
      vertex 2.27739 17.199 6
    endloop
  endfacet
  facet normal 0 0 1
    outer loop
      vertex 2.34537 17.2507 6
      vertex 2.19878 17.1588 6
      vertex 2.23941 17.1774 6
    endloop
  endfacet
  facet normal 0 0 1
    outer loop
      vertex 2.42526 17.3483 6
      vertex 2.19878 17.1588 6
      vertex 2.40176 17.3132 6
    endloop
  endfacet
  facet normal 0 0 1
    outer loop
      vertex 2.47696 17.4687 6
      vertex 2.19878 17.1588 6
      vertex 2.46286 17.426 6
    endloop
  endfacet
  facet normal 0 -0 1
    outer loop
      vertex 2.15549 17.143 6
      vertex 2.48793 17.5139 6
      vertex 2.10953 17.13 6
    endloop
  endfacet
  facet normal 0 0 1
    outer loop
      vertex 2.50046 17.612 6
      vertex 2.06093 17.12 6
      vertex 2.49576 17.5617 6
    endloop
  endfacet
  facet normal 0 0 1
    outer loop
      vertex 2.06093 17.12 6
      vertex 1.99834 18.1865 6
      vertex 2.00966 17.1128 6
    endloop
  endfacet
  facet normal 0 0 1
    outer loop
      vertex 1.99834 18.1865 6
      vertex 1.95573 17.1085 6
      vertex 2.00966 17.1128 6
    endloop
  endfacet
  facet normal 0 0 1
    outer loop
      vertex 1.99834 18.1865 6
      vertex 1.89915 17.1071 6
      vertex 1.95573 17.1085 6
    endloop
  endfacet
  facet normal 0 0 1
    outer loop
      vertex 1.88019 18.1918 6
      vertex 1.89915 17.1071 6
      vertex 1.99834 18.1865 6
    endloop
  endfacet
  facet normal 0 0 1
    outer loop
      vertex 1.15628 17.1071 6
      vertex 1.88019 18.1918 6
      vertex 1.15628 18.1918 6
    endloop
  endfacet
  facet normal 0 0 1
    outer loop
      vertex 1.88019 18.1918 6
      vertex 1.15628 17.1071 6
      vertex 1.89915 17.1071 6
    endloop
  endfacet
  facet normal -0.382824 -0.923821 0
    outer loop
      vertex -18.1131 -20.5315 0
      vertex -17.7101 -20.6985 6
      vertex -18.1131 -20.5315 6
    endloop
  endfacet
  facet normal -0.382824 -0.923821 -0
    outer loop
      vertex -17.7101 -20.6985 6
      vertex -18.1131 -20.5315 0
      vertex -17.7101 -20.6985 0
    endloop
  endfacet
  facet normal 0.923821 -0.382824 0
    outer loop
      vertex 20.5315 -18.1131 6
      vertex 20.6985 -17.7101 0
      vertex 20.6985 -17.7101 6
    endloop
  endfacet
  facet normal 0.923821 -0.382824 0
    outer loop
      vertex 20.6985 -17.7101 0
      vertex 20.5315 -18.1131 6
      vertex 20.5315 -18.1131 0
    endloop
  endfacet
  facet normal -0.976306 -0.216396 0
    outer loop
      vertex -20.8296 -17.2941 0
      vertex -20.924 -16.8682 6
      vertex -20.924 -16.8682 0
    endloop
  endfacet
  facet normal -0.976306 -0.216396 0
    outer loop
      vertex -20.924 -16.8682 6
      vertex -20.8296 -17.2941 0
      vertex -20.8296 -17.2941 6
    endloop
  endfacet
  facet normal -0.130692 -0.991423 0
    outer loop
      vertex -16.8682 -20.924 0
      vertex -16.4358 -20.981 6
      vertex -16.8682 -20.924 6
    endloop
  endfacet
  facet normal -0.130692 -0.991423 -0
    outer loop
      vertex -16.4358 -20.981 6
      vertex -16.8682 -20.924 0
      vertex -16.4358 -20.981 0
    endloop
  endfacet
  facet normal -0.216396 -0.976306 0
    outer loop
      vertex -17.2941 -20.8296 0
      vertex -16.8682 -20.924 6
      vertex -17.2941 -20.8296 6
    endloop
  endfacet
  facet normal -0.216396 -0.976306 -0
    outer loop
      vertex -16.8682 -20.924 6
      vertex -17.2941 -20.8296 0
      vertex -16.8682 -20.924 0
    endloop
  endfacet
  facet normal -0.6756 -0.737268 0
    outer loop
      vertex -19.5355 -19.5355 0
      vertex -19.2139 -19.8302 6
      vertex -19.5355 -19.5355 6
    endloop
  endfacet
  facet normal -0.6756 -0.737268 -0
    outer loop
      vertex -19.2139 -19.8302 6
      vertex -19.5355 -19.5355 0
      vertex -19.2139 -19.8302 0
    endloop
  endfacet
  facet normal 0 0 -1
    outer loop
      vertex -13.4186 -12.4025 0
      vertex -5.18749 -2.995 0
      vertex -13.2815 -12.4593 0
    endloop
  endfacet
  facet normal 0 0 -1
    outer loop
      vertex -5.99 0 0
      vertex -12.3065 13.8518 0
      vertex -12.3 14 0
    endloop
  endfacet
  facet normal -0 0 -1
    outer loop
      vertex -5.18749 -2.995 0
      vertex -13.4186 -12.4025 0
      vertex -5.42677 -2.53535 0
    endloop
  endfacet
  facet normal 0 0 -1
    outer loop
      vertex -5.99 0 0
      vertex -12.3258 13.7048 0
      vertex -12.3065 13.8518 0
    endloop
  endfacet
  facet normal 0 0 -1
    outer loop
      vertex -13.56 -12.3579 0
      vertex -5.42677 -2.53535 0
      vertex -13.4186 -12.4025 0
    endloop
  endfacet
  facet normal 0 0 -1
    outer loop
      vertex -5.99 0 0
      vertex -12.3579 13.56 0
      vertex -12.3258 13.7048 0
    endloop
  endfacet
  facet normal -0 0 -1
    outer loop
      vertex -5.42677 -2.53535 0
      vertex -13.56 -12.3579 0
      vertex -5.42878 -2.53148 0
    endloop
  endfacet
  facet normal 0 0 -1
    outer loop
      vertex -5.99 0 0
      vertex -12.4025 13.4186 0
      vertex -12.3579 13.56 0
    endloop
  endfacet
  facet normal -0 0 -1
    outer loop
      vertex -5.42878 -2.53148 0
      vertex -13.56 -12.3579 0
      vertex -5.43045 -2.52745 0
    endloop
  endfacet
  facet normal 0 0 -1
    outer loop
      vertex -5.99 0 0
      vertex -12.4593 13.2815 0
      vertex -12.4025 13.4186 0
    endloop
  endfacet
  facet normal 0 0 -1
    outer loop
      vertex -13.7048 -12.3258 0
      vertex -5.43045 -2.52745 0
      vertex -13.56 -12.3579 0
    endloop
  endfacet
  facet normal 0 0 -1
    outer loop
      vertex -5.99 0 0
      vertex -12.5278 13.15 0
      vertex -12.4593 13.2815 0
    endloop
  endfacet
  facet normal -0 0 -1
    outer loop
      vertex -5.43045 -2.52745 0
      vertex -13.7048 -12.3258 0
      vertex -5.62876 -2.0487 0
    endloop
  endfacet
  facet normal 0 0 -1
    outer loop
      vertex -5.99 0 0
      vertex -12.6074 13.0249 0
      vertex -12.5278 13.15 0
    endloop
  endfacet
  facet normal 0 0 -1
    outer loop
      vertex -13.8518 -12.3065 0
      vertex -5.62876 -2.0487 0
      vertex -13.7048 -12.3258 0
    endloop
  endfacet
  facet normal 0 0 -1
    outer loop
      vertex -5.99 0 0
      vertex -12.6977 12.9073 0
      vertex -12.6074 13.0249 0
    endloop
  endfacet
  facet normal -0 0 -1
    outer loop
      vertex -5.62876 -2.0487 0
      vertex -13.8518 -12.3065 0
      vertex -5.63007 -2.04454 0
    endloop
  endfacet
  facet normal 0 0 -1
    outer loop
      vertex -5.99 0 0
      vertex -12.7979 12.7979 0
      vertex -12.6977 12.9073 0
    endloop
  endfacet
  facet normal -0 0 -1
    outer loop
      vertex -5.63007 -2.04454 0
      vertex -13.8518 -12.3065 0
      vertex -5.7859 -1.55033 0
    endloop
  endfacet
  facet normal 0 0 -1
    outer loop
      vertex -5.99 0 0
      vertex -12.9073 12.6977 0
      vertex -12.7979 12.7979 0
    endloop
  endfacet
  facet normal 0 0 -1
    outer loop
      vertex -14 -12.3 0
      vertex -5.7859 -1.55033 0
      vertex -13.8518 -12.3065 0
    endloop
  endfacet
  facet normal 0 0 -1
    outer loop
      vertex -5.99 0 0
      vertex -13.0249 12.6074 0
      vertex -12.9073 12.6977 0
    endloop
  endfacet
  facet normal 0 0 -1
    outer loop
      vertex -14.1482 -12.3065 0
      vertex -5.7859 -1.55033 0
      vertex -14 -12.3 0
    endloop
  endfacet
  facet normal 0 0 -1
    outer loop
      vertex -5.99 0 0
      vertex -13.15 12.5278 0
      vertex -13.0249 12.6074 0
    endloop
  endfacet
  facet normal -0 0 -1
    outer loop
      vertex -5.7859 -1.55033 0
      vertex -14.1482 -12.3065 0
      vertex -5.89805 -1.04441 0
    endloop
  endfacet
  facet normal 0 0 -1
    outer loop
      vertex -5.99 0 0
      vertex -13.2815 12.4593 0
      vertex -13.15 12.5278 0
    endloop
  endfacet
  facet normal -0 0 -1
    outer loop
      vertex -5.89805 -1.04441 0
      vertex -14.1482 -12.3065 0
      vertex -5.899 -1.04015 0
    endloop
  endfacet
  facet normal 0 0 -1
    outer loop
      vertex -5.99 0 0
      vertex -13.4186 12.4025 0
      vertex -13.2815 12.4593 0
    endloop
  endfacet
  facet normal 0 0 -1
    outer loop
      vertex -14.2952 -12.3258 0
      vertex -5.899 -1.04015 0
      vertex -14.1482 -12.3065 0
    endloop
  endfacet
  facet normal 0 0 -1
    outer loop
      vertex -5.99 0 0
      vertex -13.56 12.3579 0
      vertex -13.4186 12.4025 0
    endloop
  endfacet
  facet normal -0 0 -1
    outer loop
      vertex -5.899 -1.04015 0
      vertex -14.2952 -12.3258 0
      vertex -5.89957 -1.03583 0
    endloop
  endfacet
  facet normal 0 0 -1
    outer loop
      vertex -5.99 0 0
      vertex -13.7048 12.3258 0
      vertex -13.56 12.3579 0
    endloop
  endfacet
  facet normal -0 0 -1
    outer loop
      vertex -5.89957 -1.03583 0
      vertex -14.2952 -12.3258 0
      vertex -5.96721 -0.522062 0
    endloop
  endfacet
  facet normal 0 0 -1
    outer loop
      vertex -5.99 0 0
      vertex -13.8518 12.3065 0
      vertex -13.7048 12.3258 0
    endloop
  endfacet
  facet normal 0 0 -1
    outer loop
      vertex -14.44 -12.3579 0
      vertex -5.96721 -0.522062 0
      vertex -14.2952 -12.3258 0
    endloop
  endfacet
  facet normal 0 0 -1
    outer loop
      vertex -5.99 0 0
      vertex -14 12.3 0
      vertex -13.8518 12.3065 0
    endloop
  endfacet
  facet normal -0 0 -1
    outer loop
      vertex -5.96721 -0.522062 0
      vertex -14.44 -12.3579 0
      vertex -5.9674 -0.517705 0
    endloop
  endfacet
  facet normal 0 0 -1
    outer loop
      vertex -5.99 0 0
      vertex -14.1482 12.3065 0
      vertex -14 12.3 0
    endloop
  endfacet
  facet normal -0 0 -1
    outer loop
      vertex -5.9674 -0.517705 0
      vertex -14.44 -12.3579 0
      vertex -5.99 0 0
    endloop
  endfacet
  facet normal 0 0 -1
    outer loop
      vertex -5.99 0 0
      vertex -14.2952 12.3258 0
      vertex -14.1482 12.3065 0
    endloop
  endfacet
  facet normal 0 0 -1
    outer loop
      vertex -14.5814 -12.4025 0
      vertex -5.99 0 0
      vertex -14.44 -12.3579 0
    endloop
  endfacet
  facet normal 0 0 -1
    outer loop
      vertex -5.99 0 0
      vertex -14.44 12.3579 0
      vertex -14.2952 12.3258 0
    endloop
  endfacet
  facet normal 0 0 -1
    outer loop
      vertex -14.5814 12.4025 0
      vertex -5.99 0 0
      vertex -14.5814 -12.4025 0
    endloop
  endfacet
  facet normal 0 0 -1
    outer loop
      vertex -5.99 0 0
      vertex -14.5814 12.4025 0
      vertex -14.44 12.3579 0
    endloop
  endfacet
  facet normal 0 0 -1
    outer loop
      vertex -14.7185 -12.4593 0
      vertex -14.5814 12.4025 0
      vertex -14.5814 -12.4025 0
    endloop
  endfacet
  facet normal 0 0 -1
    outer loop
      vertex -14.7185 -12.4593 0
      vertex -14.7185 12.4593 0
      vertex -14.5814 12.4025 0
    endloop
  endfacet
  facet normal 0 0 -1
    outer loop
      vertex -14.85 -12.5278 0
      vertex -14.7185 12.4593 0
      vertex -14.7185 -12.4593 0
    endloop
  endfacet
  facet normal 0 0 -1
    outer loop
      vertex -14.85 -12.5278 0
      vertex -14.85 12.5278 0
      vertex -14.7185 12.4593 0
    endloop
  endfacet
  facet normal 0 0 -1
    outer loop
      vertex -14.9751 -12.6074 0
      vertex -14.85 12.5278 0
      vertex -14.85 -12.5278 0
    endloop
  endfacet
  facet normal 0 0 -1
    outer loop
      vertex -14.9751 -12.6074 0
      vertex -14.9751 12.6074 0
      vertex -14.85 12.5278 0
    endloop
  endfacet
  facet normal 0 0 -1
    outer loop
      vertex -15.0927 -12.6977 0
      vertex -14.9751 12.6074 0
      vertex -14.9751 -12.6074 0
    endloop
  endfacet
  facet normal 0 0 -1
    outer loop
      vertex -15.0927 -12.6977 0
      vertex -15.0927 12.6977 0
      vertex -14.9751 12.6074 0
    endloop
  endfacet
  facet normal 0 0 -1
    outer loop
      vertex -21 -16 0
      vertex -15.0927 -12.6977 0
      vertex -15.2021 -12.7979 0
    endloop
  endfacet
  facet normal -0 0 -1
    outer loop
      vertex -15.0927 -12.6977 0
      vertex -21 -16 0
      vertex -15.0927 12.6977 0
    endloop
  endfacet
  facet normal 0 0 -1
    outer loop
      vertex -21 -16 0
      vertex -15.2021 -12.7979 0
      vertex -15.3023 -12.9073 0
    endloop
  endfacet
  facet normal 0 0 -1
    outer loop
      vertex -21 16 0
      vertex -15.0927 12.6977 0
      vertex -21 -16 0
    endloop
  endfacet
  facet normal 0 0 -1
    outer loop
      vertex -21 -16 0
      vertex -15.3023 -12.9073 0
      vertex -15.3926 -13.0249 0
    endloop
  endfacet
  facet normal 0 0 -1
    outer loop
      vertex -15.0927 12.6977 0
      vertex -21 16 0
      vertex -15.2021 12.7979 0
    endloop
  endfacet
  facet normal 0 0 -1
    outer loop
      vertex -21 -16 0
      vertex -15.3926 -13.0249 0
      vertex -15.4722 -13.15 0
    endloop
  endfacet
  facet normal 0 0 -1
    outer loop
      vertex -15.2021 12.7979 0
      vertex -21 16 0
      vertex -15.3023 12.9073 0
    endloop
  endfacet
  facet normal 0 0 -1
    outer loop
      vertex -21 -16 0
      vertex -15.4722 -13.15 0
      vertex -15.5407 -13.2815 0
    endloop
  endfacet
  facet normal 0 0 -1
    outer loop
      vertex -15.3023 12.9073 0
      vertex -21 16 0
      vertex -15.3926 13.0249 0
    endloop
  endfacet
  facet normal 0 0 -1
    outer loop
      vertex -21 -16 0
      vertex -15.5407 -13.2815 0
      vertex -15.5975 -13.4186 0
    endloop
  endfacet
  facet normal 0 0 -1
    outer loop
      vertex -15.3926 13.0249 0
      vertex -21 16 0
      vertex -15.4722 13.15 0
    endloop
  endfacet
  facet normal 0 0 -1
    outer loop
      vertex -21 -16 0
      vertex -15.5975 -13.4186 0
      vertex -15.6421 -13.56 0
    endloop
  endfacet
  facet normal 0 0 -1
    outer loop
      vertex -15.4722 13.15 0
      vertex -21 16 0
      vertex -15.5407 13.2815 0
    endloop
  endfacet
  facet normal 0 0 -1
    outer loop
      vertex -21 -16 0
      vertex -15.6421 -13.56 0
      vertex -15.6742 -13.7048 0
    endloop
  endfacet
  facet normal 0 0 -1
    outer loop
      vertex -15.5407 13.2815 0
      vertex -21 16 0
      vertex -15.5975 13.4186 0
    endloop
  endfacet
  facet normal 0 0 -1
    outer loop
      vertex -21 -16 0
      vertex -15.6742 -13.7048 0
      vertex -15.6935 -13.8518 0
    endloop
  endfacet
  facet normal 0 0 -1
    outer loop
      vertex -15.5975 13.4186 0
      vertex -21 16 0
      vertex -15.6421 13.56 0
    endloop
  endfacet
  facet normal 0 0 -1
    outer loop
      vertex -21 -16 0
      vertex -15.6935 -13.8518 0
      vertex -15.7 -14 0
    endloop
  endfacet
  facet normal 0 0 -1
    outer loop
      vertex -15.6421 13.56 0
      vertex -21 16 0
      vertex -15.6742 13.7048 0
    endloop
  endfacet
  facet normal 0 0 -1
    outer loop
      vertex 15.6421 -13.56 0
      vertex 21 -16 0
      vertex 15.6742 -13.7048 0
    endloop
  endfacet
  facet normal 0 0 -1
    outer loop
      vertex 21 16 0
      vertex 15.6935 13.8518 0
      vertex 15.7 14 0
    endloop
  endfacet
  facet normal 0 0 -1
    outer loop
      vertex 15.5975 -13.4186 0
      vertex 21 -16 0
      vertex 15.6421 -13.56 0
    endloop
  endfacet
  facet normal 0 0 -1
    outer loop
      vertex 21 16 0
      vertex 15.6742 13.7048 0
      vertex 15.6935 13.8518 0
    endloop
  endfacet
  facet normal 0 0 -1
    outer loop
      vertex 15.5407 -13.2815 0
      vertex 21 -16 0
      vertex 15.5975 -13.4186 0
    endloop
  endfacet
  facet normal 0 0 -1
    outer loop
      vertex 21 16 0
      vertex 15.6421 13.56 0
      vertex 15.6742 13.7048 0
    endloop
  endfacet
  facet normal 0 0 -1
    outer loop
      vertex 15.4722 -13.15 0
      vertex 21 -16 0
      vertex 15.5407 -13.2815 0
    endloop
  endfacet
  facet normal 0 0 -1
    outer loop
      vertex 21 16 0
      vertex 15.5975 13.4186 0
      vertex 15.6421 13.56 0
    endloop
  endfacet
  facet normal 0 0 -1
    outer loop
      vertex 15.3926 -13.0249 0
      vertex 21 -16 0
      vertex 15.4722 -13.15 0
    endloop
  endfacet
  facet normal 0 0 -1
    outer loop
      vertex 21 16 0
      vertex 15.5407 13.2815 0
      vertex 15.5975 13.4186 0
    endloop
  endfacet
  facet normal 0 0 -1
    outer loop
      vertex 15.3023 -12.9073 0
      vertex 21 -16 0
      vertex 15.3926 -13.0249 0
    endloop
  endfacet
  facet normal 0 0 -1
    outer loop
      vertex 21 16 0
      vertex 15.4722 13.15 0
      vertex 15.5407 13.2815 0
    endloop
  endfacet
  facet normal 0 0 -1
    outer loop
      vertex 15.2021 -12.7979 0
      vertex 21 -16 0
      vertex 15.3023 -12.9073 0
    endloop
  endfacet
  facet normal 0 0 -1
    outer loop
      vertex 21 16 0
      vertex 15.3926 13.0249 0
      vertex 15.4722 13.15 0
    endloop
  endfacet
  facet normal 0 0 -1
    outer loop
      vertex 15.0927 -12.6977 0
      vertex 21 -16 0
      vertex 15.2021 -12.7979 0
    endloop
  endfacet
  facet normal 0 0 -1
    outer loop
      vertex 21 16 0
      vertex 15.3023 12.9073 0
      vertex 15.3926 13.0249 0
    endloop
  endfacet
  facet normal 0 0 -1
    outer loop
      vertex 21 -16 0
      vertex 15.0927 -12.6977 0
      vertex 21 16 0
    endloop
  endfacet
  facet normal 0 0 -1
    outer loop
      vertex 21 16 0
      vertex 15.2021 12.7979 0
      vertex 15.3023 12.9073 0
    endloop
  endfacet
  facet normal 0 0 -1
    outer loop
      vertex 15.0927 12.6977 0
      vertex 21 16 0
      vertex 15.0927 -12.6977 0
    endloop
  endfacet
  facet normal 0 0 -1
    outer loop
      vertex 21 16 0
      vertex 15.0927 12.6977 0
      vertex 15.2021 12.7979 0
    endloop
  endfacet
  facet normal 0 0 -1
    outer loop
      vertex 14.9751 -12.6074 0
      vertex 15.0927 12.6977 0
      vertex 15.0927 -12.6977 0
    endloop
  endfacet
  facet normal 0 0 -1
    outer loop
      vertex 14.9751 -12.6074 0
      vertex 14.9751 12.6074 0
      vertex 15.0927 12.6977 0
    endloop
  endfacet
  facet normal 0 0 -1
    outer loop
      vertex 14.85 -12.5278 0
      vertex 14.9751 12.6074 0
      vertex 14.9751 -12.6074 0
    endloop
  endfacet
  facet normal 0 0 -1
    outer loop
      vertex 14.85 -12.5278 0
      vertex 14.85 12.5278 0
      vertex 14.9751 12.6074 0
    endloop
  endfacet
  facet normal 0 0 -1
    outer loop
      vertex 14.7185 -12.4593 0
      vertex 14.85 12.5278 0
      vertex 14.85 -12.5278 0
    endloop
  endfacet
  facet normal 0 0 -1
    outer loop
      vertex 14.7185 -12.4593 0
      vertex 14.7185 12.4593 0
      vertex 14.85 12.5278 0
    endloop
  endfacet
  facet normal 0 0 -1
    outer loop
      vertex 14.5814 -12.4025 0
      vertex 14.7185 12.4593 0
      vertex 14.7185 -12.4593 0
    endloop
  endfacet
  facet normal 0 0 -1
    outer loop
      vertex 14.5814 -12.4025 0
      vertex 14.5814 12.4025 0
      vertex 14.7185 12.4593 0
    endloop
  endfacet
  facet normal 0 0 -1
    outer loop
      vertex 5.99 0 0
      vertex 14.5814 -12.4025 0
      vertex 14.44 -12.3579 0
    endloop
  endfacet
  facet normal 0 0 -1
    outer loop
      vertex 14.5814 -12.4025 0
      vertex 5.99 0 0
      vertex 14.5814 12.4025 0
    endloop
  endfacet
  facet normal 0 0 -1
    outer loop
      vertex 5.96721 -0.522062 0
      vertex 14.44 -12.3579 0
      vertex 14.2952 -12.3258 0
    endloop
  endfacet
  facet normal 0 0 -1
    outer loop
      vertex 14.5814 12.4025 0
      vertex 5.99 0 0
      vertex 14.44 12.3579 0
    endloop
  endfacet
  facet normal 0 0 -1
    outer loop
      vertex 5.899 -1.04015 0
      vertex 14.2952 -12.3258 0
      vertex 14.1482 -12.3065 0
    endloop
  endfacet
  facet normal 0 0 -1
    outer loop
      vertex 5.9674 0.517705 0
      vertex 14.44 12.3579 0
      vertex 5.99 0 0
    endloop
  endfacet
  facet normal 0 0 -1
    outer loop
      vertex 5.7859 -1.55033 0
      vertex 14.1482 -12.3065 0
      vertex 14 -12.3 0
    endloop
  endfacet
  facet normal 0 0 -1
    outer loop
      vertex 5.96721 0.522062 0
      vertex 14.44 12.3579 0
      vertex 5.9674 0.517705 0
    endloop
  endfacet
  facet normal 0 0 -1
    outer loop
      vertex 5.7859 -1.55033 0
      vertex 14 -12.3 0
      vertex 13.8518 -12.3065 0
    endloop
  endfacet
  facet normal 0 0 -1
    outer loop
      vertex 14.44 12.3579 0
      vertex 5.96721 0.522062 0
      vertex 14.2952 12.3258 0
    endloop
  endfacet
  facet normal 0 0 -1
    outer loop
      vertex 5.62876 -2.0487 0
      vertex 13.8518 -12.3065 0
      vertex 13.7048 -12.3258 0
    endloop
  endfacet
  facet normal 0 0 -1
    outer loop
      vertex 5.89957 1.03583 0
      vertex 14.2952 12.3258 0
      vertex 5.96721 0.522062 0
    endloop
  endfacet
  facet normal 0 0 -1
    outer loop
      vertex 5.43045 -2.52745 0
      vertex 13.7048 -12.3258 0
      vertex 13.56 -12.3579 0
    endloop
  endfacet
  facet normal 0 0 -1
    outer loop
      vertex 5.899 1.04015 0
      vertex 14.2952 12.3258 0
      vertex 5.89957 1.03583 0
    endloop
  endfacet
  facet normal 0 0 -1
    outer loop
      vertex 5.42677 -2.53535 0
      vertex 13.56 -12.3579 0
      vertex 13.4186 -12.4025 0
    endloop
  endfacet
  facet normal 0 0 -1
    outer loop
      vertex 14.2952 12.3258 0
      vertex 5.899 1.04015 0
      vertex 14.1482 12.3065 0
    endloop
  endfacet
  facet normal 0 0 -1
    outer loop
      vertex 5.18749 -2.995 0
      vertex 13.4186 -12.4025 0
      vertex 13.2815 -12.4593 0
    endloop
  endfacet
  facet normal 0 0 -1
    outer loop
      vertex 5.89805 1.04441 0
      vertex 14.1482 12.3065 0
      vertex 5.899 1.04015 0
    endloop
  endfacet
  facet normal 0 0 -1
    outer loop
      vertex 4.90906 -3.43204 0
      vertex 13.2815 -12.4593 0
      vertex 13.15 -12.5278 0
    endloop
  endfacet
  facet normal 0 0 -1
    outer loop
      vertex 5.7859 1.55033 0
      vertex 14.1482 12.3065 0
      vertex 5.89805 1.04441 0
    endloop
  endfacet
  facet normal 0 0 -1
    outer loop
      vertex 4.90407 -3.43918 0
      vertex 13.15 -12.5278 0
      vertex 13.0249 -12.6074 0
    endloop
  endfacet
  facet normal 0 0 -1
    outer loop
      vertex 14.1482 12.3065 0
      vertex 5.7859 1.55033 0
      vertex 14 12.3 0
    endloop
  endfacet
  facet normal 0 0 -1
    outer loop
      vertex 4.58861 -3.8503 0
      vertex 13.0249 -12.6074 0
      vertex 12.9073 -12.6977 0
    endloop
  endfacet
  facet normal -0 0 -1
    outer loop
      vertex 14 12.3 0
      vertex 5.7859 1.55033 0
      vertex 13.8518 12.3065 0
    endloop
  endfacet
  facet normal 0 0 -1
    outer loop
      vertex 4.23852 -4.23235 0
      vertex 12.9073 -12.6977 0
      vertex 12.7979 -12.7979 0
    endloop
  endfacet
  facet normal 0 0 -1
    outer loop
      vertex 5.63007 2.04454 0
      vertex 13.8518 12.3065 0
      vertex 5.7859 1.55033 0
    endloop
  endfacet
  facet normal 0 0 -1
    outer loop
      vertex 4.23235 -4.23852 0
      vertex 12.7979 -12.7979 0
      vertex 12.6977 -12.9073 0
    endloop
  endfacet
  facet normal 0 0 -1
    outer loop
      vertex 5.62876 2.0487 0
      vertex 13.8518 12.3065 0
      vertex 5.63007 2.04454 0
    endloop
  endfacet
  facet normal 0 0 -1
    outer loop
      vertex 3.8503 -4.58861 0
      vertex 12.6977 -12.9073 0
      vertex 12.6074 -13.0249 0
    endloop
  endfacet
  facet normal -0 0 -1
    outer loop
      vertex 13.8518 12.3065 0
      vertex 5.62876 2.0487 0
      vertex 13.7048 12.3258 0
    endloop
  endfacet
  facet normal 0 0 -1
    outer loop
      vertex 3.43918 -4.90407 0
      vertex 12.6074 -13.0249 0
      vertex 12.5278 -13.15 0
    endloop
  endfacet
  facet normal 0 0 -1
    outer loop
      vertex 5.43045 2.52745 0
      vertex 13.7048 12.3258 0
      vertex 5.62876 2.0487 0
    endloop
  endfacet
  facet normal 0 0 -1
    outer loop
      vertex 3.43572 -4.90672 0
      vertex 12.5278 -13.15 0
      vertex 12.4593 -13.2815 0
    endloop
  endfacet
  facet normal -0 0 -1
    outer loop
      vertex 13.7048 12.3258 0
      vertex 5.43045 2.52745 0
      vertex 13.56 12.3579 0
    endloop
  endfacet
  facet normal 0 0 -1
    outer loop
      vertex 2.995 -5.18749 0
      vertex 12.4593 -13.2815 0
      vertex 12.4025 -13.4186 0
    endloop
  endfacet
  facet normal 0 0 -1
    outer loop
      vertex 5.42878 2.53148 0
      vertex 13.56 12.3579 0
      vertex 5.43045 2.52745 0
    endloop
  endfacet
  facet normal 0 0 -1
    outer loop
      vertex 2.53535 -5.42677 0
      vertex 12.4025 -13.4186 0
      vertex 12.3579 -13.56 0
    endloop
  endfacet
  facet normal 0 0 -1
    outer loop
      vertex 5.42677 2.53535 0
      vertex 13.56 12.3579 0
      vertex 5.42878 2.53148 0
    endloop
  endfacet
  facet normal 0 0 -1
    outer loop
      vertex 2.53148 -5.42878 0
      vertex 12.3579 -13.56 0
      vertex 12.3258 -13.7048 0
    endloop
  endfacet
  facet normal -0 0 -1
    outer loop
      vertex 13.56 12.3579 0
      vertex 5.42677 2.53535 0
      vertex 13.4186 12.4025 0
    endloop
  endfacet
  facet normal 0 0 -1
    outer loop
      vertex 2.0487 -5.62876 0
      vertex 12.3258 -13.7048 0
      vertex 12.3065 -13.8518 0
    endloop
  endfacet
  facet normal 0 0 -1
    outer loop
      vertex 5.18749 2.995 0
      vertex 13.4186 12.4025 0
      vertex 5.42677 2.53535 0
    endloop
  endfacet
  facet normal 0 0 -1
    outer loop
      vertex 1.55033 -5.7859 0
      vertex 12.3065 -13.8518 0
      vertex 12.3 -14 0
    endloop
  endfacet
  facet normal -0 0 -1
    outer loop
      vertex 13.4186 12.4025 0
      vertex 5.18749 2.995 0
      vertex 13.2815 12.4593 0
    endloop
  endfacet
  facet normal 0 0 -1
    outer loop
      vertex 15.5407 -14.7185 0
      vertex 21 -16 0
      vertex 20.981 -16.4358 0
    endloop
  endfacet
  facet normal 0 0 -1
    outer loop
      vertex 15.6935 -13.8518 0
      vertex 21 -16 0
      vertex 15.7 -14 0
    endloop
  endfacet
  facet normal 0 0 -1
    outer loop
      vertex 15.4722 -14.85 0
      vertex 20.981 -16.4358 0
      vertex 20.924 -16.8682 0
    endloop
  endfacet
  facet normal 0 0 -1
    outer loop
      vertex 15.6742 -13.7048 0
      vertex 21 -16 0
      vertex 15.6935 -13.8518 0
    endloop
  endfacet
  facet normal 0 0 -1
    outer loop
      vertex 15.4722 -14.85 0
      vertex 20.924 -16.8682 0
      vertex 20.8296 -17.2941 0
    endloop
  endfacet
  facet normal 0 0 -1
    outer loop
      vertex 15.6935 14.1482 0
      vertex 21 16 0
      vertex 15.7 14 0
    endloop
  endfacet
  facet normal 0 0 -1
    outer loop
      vertex 15.3926 -14.9751 0
      vertex 20.8296 -17.2941 0
      vertex 20.6985 -17.7101 0
    endloop
  endfacet
  facet normal 0 0 -1
    outer loop
      vertex 15.6742 14.2952 0
      vertex 21 16 0
      vertex 15.6935 14.1482 0
    endloop
  endfacet
  facet normal 0 0 -1
    outer loop
      vertex 15.3926 -14.9751 0
      vertex 20.6985 -17.7101 0
      vertex 20.5315 -18.1131 0
    endloop
  endfacet
  facet normal 0 0 -1
    outer loop
      vertex 15.6421 14.44 0
      vertex 21 16 0
      vertex 15.6742 14.2952 0
    endloop
  endfacet
  facet normal 0 0 -1
    outer loop
      vertex 15.3926 -14.9751 0
      vertex 20.5315 -18.1131 0
      vertex 20.3301 -18.5 0
    endloop
  endfacet
  facet normal 0 0 -1
    outer loop
      vertex 15.5975 14.5814 0
      vertex 21 16 0
      vertex 15.6421 14.44 0
    endloop
  endfacet
  facet normal 0 0 -1
    outer loop
      vertex 15.3023 -15.0927 0
      vertex 20.3301 -18.5 0
      vertex 20.0957 -18.8679 0
    endloop
  endfacet
  facet normal 0 0 -1
    outer loop
      vertex 15.5407 14.7185 0
      vertex 21 16 0
      vertex 15.5975 14.5814 0
    endloop
  endfacet
  facet normal 0 0 -1
    outer loop
      vertex 15.3023 -15.0927 0
      vertex 20.0957 -18.8679 0
      vertex 19.8302 -19.2139 0
    endloop
  endfacet
  facet normal -0 0 -1
    outer loop
      vertex 21 16 0
      vertex 15.5407 14.7185 0
      vertex 20.981 16.4358 0
    endloop
  endfacet
  facet normal 0 0 -1
    outer loop
      vertex 15.2021 -15.2021 0
      vertex 19.8302 -19.2139 0
      vertex 19.5355 -19.5355 0
    endloop
  endfacet
  facet normal 0 0 -1
    outer loop
      vertex 15.4722 14.85 0
      vertex 20.981 16.4358 0
      vertex 15.5407 14.7185 0
    endloop
  endfacet
  facet normal 0 0 -1
    outer loop
      vertex 15.2021 -15.2021 0
      vertex 19.5355 -19.5355 0
      vertex 19.2139 -19.8302 0
    endloop
  endfacet
  facet normal -0 0 -1
    outer loop
      vertex 20.981 16.4358 0
      vertex 15.4722 14.85 0
      vertex 20.924 16.8682 0
    endloop
  endfacet
  facet normal 0 0 -1
    outer loop
      vertex 15.0927 -15.3023 0
      vertex 19.2139 -19.8302 0
      vertex 18.8679 -20.0957 0
    endloop
  endfacet
  facet normal -0 0 -1
    outer loop
      vertex 20.924 16.8682 0
      vertex 15.4722 14.85 0
      vertex 20.8296 17.2941 0
    endloop
  endfacet
  facet normal 0 0 -1
    outer loop
      vertex 15.0927 -15.3023 0
      vertex 18.8679 -20.0957 0
      vertex 18.5 -20.3301 0
    endloop
  endfacet
  facet normal 0 0 -1
    outer loop
      vertex 15.3926 14.9751 0
      vertex 20.8296 17.2941 0
      vertex 15.4722 14.85 0
    endloop
  endfacet
  facet normal 0 0 -1
    outer loop
      vertex 15.0927 -15.3023 0
      vertex 18.5 -20.3301 0
      vertex 18.1131 -20.5315 0
    endloop
  endfacet
  facet normal -0 0 -1
    outer loop
      vertex 20.8296 17.2941 0
      vertex 15.3926 14.9751 0
      vertex 20.6985 17.7101 0
    endloop
  endfacet
  facet normal 0 0 -1
    outer loop
      vertex 14.9751 -15.3926 0
      vertex 18.1131 -20.5315 0
      vertex 17.7101 -20.6985 0
    endloop
  endfacet
  facet normal -0 0 -1
    outer loop
      vertex 20.6985 17.7101 0
      vertex 15.3926 14.9751 0
      vertex 20.5315 18.1131 0
    endloop
  endfacet
  facet normal 0 0 -1
    outer loop
      vertex 14.9751 -15.3926 0
      vertex 17.7101 -20.6985 0
      vertex 17.2941 -20.8296 0
    endloop
  endfacet
  facet normal -0 0 -1
    outer loop
      vertex 20.5315 18.1131 0
      vertex 15.3926 14.9751 0
      vertex 20.3301 18.5 0
    endloop
  endfacet
  facet normal 0 0 -1
    outer loop
      vertex 14.85 -15.4722 0
      vertex 17.2941 -20.8296 0
      vertex 16.8682 -20.924 0
    endloop
  endfacet
  facet normal 0 0 -1
    outer loop
      vertex 15.3023 15.0927 0
      vertex 20.3301 18.5 0
      vertex 15.3926 14.9751 0
    endloop
  endfacet
  facet normal 0 0 -1
    outer loop
      vertex 14.85 -15.4722 0
      vertex 16.8682 -20.924 0
      vertex 16.4358 -20.981 0
    endloop
  endfacet
  facet normal -0 0 -1
    outer loop
      vertex 20.3301 18.5 0
      vertex 15.3023 15.0927 0
      vertex 20.0957 18.8679 0
    endloop
  endfacet
  facet normal 0 0 -1
    outer loop
      vertex 14.7185 -15.5407 0
      vertex 16.4358 -20.981 0
      vertex 16 -21 0
    endloop
  endfacet
  facet normal -0 0 -1
    outer loop
      vertex 20.0957 18.8679 0
      vertex 15.3023 15.0927 0
      vertex 19.8302 19.2139 0
    endloop
  endfacet
  facet normal 0 0 -1
    outer loop
      vertex 15.2021 15.2021 0
      vertex 19.8302 19.2139 0
      vertex 15.3023 15.0927 0
    endloop
  endfacet
  facet normal 0 0 -1
    outer loop
      vertex 21 -16 0
      vertex 15.6935 -14.1482 0
      vertex 15.7 -14 0
    endloop
  endfacet
  facet normal 0 0 -1
    outer loop
      vertex 21 -16 0
      vertex 15.6742 -14.2952 0
      vertex 15.6935 -14.1482 0
    endloop
  endfacet
  facet normal 0 0 -1
    outer loop
      vertex 21 -16 0
      vertex 15.6421 -14.44 0
      vertex 15.6742 -14.2952 0
    endloop
  endfacet
  facet normal 0 0 -1
    outer loop
      vertex 21 -16 0
      vertex 15.5975 -14.5814 0
      vertex 15.6421 -14.44 0
    endloop
  endfacet
  facet normal 0 0 -1
    outer loop
      vertex 21 -16 0
      vertex 15.5407 -14.7185 0
      vertex 15.5975 -14.5814 0
    endloop
  endfacet
  facet normal 0 0 -1
    outer loop
      vertex 20.981 -16.4358 0
      vertex 15.4722 -14.85 0
      vertex 15.5407 -14.7185 0
    endloop
  endfacet
  facet normal 0 0 -1
    outer loop
      vertex 20.8296 -17.2941 0
      vertex 15.3926 -14.9751 0
      vertex 15.4722 -14.85 0
    endloop
  endfacet
  facet normal 0 0 -1
    outer loop
      vertex 20.3301 -18.5 0
      vertex 15.3023 -15.0927 0
      vertex 15.3926 -14.9751 0
    endloop
  endfacet
  facet normal 0 0 -1
    outer loop
      vertex 19.8302 -19.2139 0
      vertex 15.2021 -15.2021 0
      vertex 15.3023 -15.0927 0
    endloop
  endfacet
  facet normal 0 0 -1
    outer loop
      vertex 19.2139 -19.8302 0
      vertex 15.0927 -15.3023 0
      vertex 15.2021 -15.2021 0
    endloop
  endfacet
  facet normal 0 0 -1
    outer loop
      vertex 18.1131 -20.5315 0
      vertex 14.9751 -15.3926 0
      vertex 15.0927 -15.3023 0
    endloop
  endfacet
  facet normal 0 0 -1
    outer loop
      vertex 17.2941 -20.8296 0
      vertex 14.85 -15.4722 0
      vertex 14.9751 -15.3926 0
    endloop
  endfacet
  facet normal 0 0 -1
    outer loop
      vertex 16.4358 -20.981 0
      vertex 14.7185 -15.5407 0
      vertex 14.85 -15.4722 0
    endloop
  endfacet
  facet normal 0 0 -1
    outer loop
      vertex 16 -21 0
      vertex 14.5814 -15.5975 0
      vertex 14.7185 -15.5407 0
    endloop
  endfacet
  facet normal 0 0 -1
    outer loop
      vertex 16 -21 0
      vertex 14.44 -15.6421 0
      vertex 14.5814 -15.5975 0
    endloop
  endfacet
  facet normal 0 0 -1
    outer loop
      vertex 16 -21 0
      vertex 14.2952 -15.6742 0
      vertex 14.44 -15.6421 0
    endloop
  endfacet
  facet normal 0 0 -1
    outer loop
      vertex 16 -21 0
      vertex 14.1482 -15.6935 0
      vertex 14.2952 -15.6742 0
    endloop
  endfacet
  facet normal 0 0 -1
    outer loop
      vertex 16 -21 0
      vertex 14 -15.7 0
      vertex 14.1482 -15.6935 0
    endloop
  endfacet
  facet normal 0 0 -1
    outer loop
      vertex 16 -21 0
      vertex 13.8518 -15.6935 0
      vertex 14 -15.7 0
    endloop
  endfacet
  facet normal 0 0 -1
    outer loop
      vertex 16 -21 0
      vertex 13.7048 -15.6742 0
      vertex 13.8518 -15.6935 0
    endloop
  endfacet
  facet normal 0 0 -1
    outer loop
      vertex 16 -21 0
      vertex 13.56 -15.6421 0
      vertex 13.7048 -15.6742 0
    endloop
  endfacet
  facet normal 0 0 -1
    outer loop
      vertex 16 -21 0
      vertex 13.4186 -15.5975 0
      vertex 13.56 -15.6421 0
    endloop
  endfacet
  facet normal 0 0 -1
    outer loop
      vertex 16 -21 0
      vertex 13.2815 -15.5407 0
      vertex 13.4186 -15.5975 0
    endloop
  endfacet
  facet normal 0 0 -1
    outer loop
      vertex 16 -21 0
      vertex 13.15 -15.4722 0
      vertex 13.2815 -15.5407 0
    endloop
  endfacet
  facet normal 0 0 -1
    outer loop
      vertex 16 -21 0
      vertex 13.0249 -15.3926 0
      vertex 13.15 -15.4722 0
    endloop
  endfacet
  facet normal 0 0 -1
    outer loop
      vertex 16 -21 0
      vertex 12.9073 -15.3023 0
      vertex 13.0249 -15.3926 0
    endloop
  endfacet
  facet normal 0 0 -1
    outer loop
      vertex 16 -21 0
      vertex 12.7979 -15.2021 0
      vertex 12.9073 -15.3023 0
    endloop
  endfacet
  facet normal 0 0 -1
    outer loop
      vertex 16 -21 0
      vertex 12.6977 -15.0927 0
      vertex 12.7979 -15.2021 0
    endloop
  endfacet
  facet normal 0 0 -1
    outer loop
      vertex -12.6977 -15.0927 0
      vertex 12.6977 -15.0927 0
      vertex 16 -21 0
    endloop
  endfacet
  facet normal 0 0 -1
    outer loop
      vertex 12.6977 -15.0927 0
      vertex -12.6977 -15.0927 0
      vertex 12.6074 -14.9751 0
    endloop
  endfacet
  facet normal 0 0 -1
    outer loop
      vertex 4.90906 3.43204 0
      vertex 13.2815 12.4593 0
      vertex 5.18749 2.995 0
    endloop
  endfacet
  facet normal 0 0 -1
    outer loop
      vertex 1.55033 -5.7859 0
      vertex 12.3 -14 0
      vertex 12.3065 -14.1482 0
    endloop
  endfacet
  facet normal 0 0 -1
    outer loop
      vertex 1.04015 -5.899 0
      vertex 12.3065 -14.1482 0
      vertex 12.3258 -14.2952 0
    endloop
  endfacet
  facet normal 0 0 -1
    outer loop
      vertex 0.522062 -5.96721 0
      vertex 12.3258 -14.2952 0
      vertex 12.3579 -14.44 0
    endloop
  endfacet
  facet normal 0 0 -1
    outer loop
      vertex 0.517705 -5.9674 0
      vertex 12.3579 -14.44 0
      vertex 12.4025 -14.5814 0
    endloop
  endfacet
  facet normal 0 0 -1
    outer loop
      vertex -12.4025 -14.5814 0
      vertex 12.4025 -14.5814 0
      vertex 12.4593 -14.7185 0
    endloop
  endfacet
  facet normal 0 0 -1
    outer loop
      vertex 14.44 -12.3579 0
      vertex 5.9674 -0.517705 0
      vertex 5.99 0 0
    endloop
  endfacet
  facet normal 0 0 -1
    outer loop
      vertex 14.44 -12.3579 0
      vertex 5.96721 -0.522062 0
      vertex 5.9674 -0.517705 0
    endloop
  endfacet
  facet normal 0 0 -1
    outer loop
      vertex 14.2952 -12.3258 0
      vertex 5.89957 -1.03583 0
      vertex 5.96721 -0.522062 0
    endloop
  endfacet
  facet normal 0 0 -1
    outer loop
      vertex 14.2952 -12.3258 0
      vertex 5.899 -1.04015 0
      vertex 5.89957 -1.03583 0
    endloop
  endfacet
  facet normal 0 0 -1
    outer loop
      vertex 14.1482 -12.3065 0
      vertex 5.89805 -1.04441 0
      vertex 5.899 -1.04015 0
    endloop
  endfacet
  facet normal 0 0 -1
    outer loop
      vertex 14.1482 -12.3065 0
      vertex 5.7859 -1.55033 0
      vertex 5.89805 -1.04441 0
    endloop
  endfacet
  facet normal 0 0 -1
    outer loop
      vertex 13.8518 -12.3065 0
      vertex 5.63007 -2.04454 0
      vertex 5.7859 -1.55033 0
    endloop
  endfacet
  facet normal 0 0 -1
    outer loop
      vertex -12.4593 -14.7185 0
      vertex 12.4593 -14.7185 0
      vertex 12.5278 -14.85 0
    endloop
  endfacet
  facet normal 0 0 -1
    outer loop
      vertex 13.8518 -12.3065 0
      vertex 5.62876 -2.0487 0
      vertex 5.63007 -2.04454 0
    endloop
  endfacet
  facet normal 0 0 -1
    outer loop
      vertex 13.7048 -12.3258 0
      vertex 5.43045 -2.52745 0
      vertex 5.62876 -2.0487 0
    endloop
  endfacet
  facet normal 0 -0 -1
    outer loop
      vertex -12.6074 -14.9751 0
      vertex 12.6074 -14.9751 0
      vertex -12.6977 -15.0927 0
    endloop
  endfacet
  facet normal 0 0 -1
    outer loop
      vertex 13.56 -12.3579 0
      vertex 5.42878 -2.53148 0
      vertex 5.43045 -2.52745 0
    endloop
  endfacet
  facet normal 0 0 -1
    outer loop
      vertex 13.56 -12.3579 0
      vertex 5.42677 -2.53535 0
      vertex 5.42878 -2.53148 0
    endloop
  endfacet
  facet normal 0 0 -1
    outer loop
      vertex 13.4186 -12.4025 0
      vertex 5.18749 -2.995 0
      vertex 5.42677 -2.53535 0
    endloop
  endfacet
  facet normal 0 0 -1
    outer loop
      vertex 13.2815 -12.4593 0
      vertex 4.90906 -3.43204 0
      vertex 5.18749 -2.995 0
    endloop
  endfacet
  facet normal 0 0 -1
    outer loop
      vertex 13.15 -12.5278 0
      vertex 4.90672 -3.43572 0
      vertex 4.90906 -3.43204 0
    endloop
  endfacet
  facet normal 0 0 -1
    outer loop
      vertex 13.15 -12.5278 0
      vertex 4.90407 -3.43918 0
      vertex 4.90672 -3.43572 0
    endloop
  endfacet
  facet normal 0 0 -1
    outer loop
      vertex 13.0249 -12.6074 0
      vertex 4.58861 -3.8503 0
      vertex 4.90407 -3.43918 0
    endloop
  endfacet
  facet normal 0 0 -1
    outer loop
      vertex 12.9073 -12.6977 0
      vertex 4.23852 -4.23235 0
      vertex 4.58861 -3.8503 0
    endloop
  endfacet
  facet normal 0 0 -1
    outer loop
      vertex 12.7979 -12.7979 0
      vertex 4.23557 -4.23557 0
      vertex 4.23852 -4.23235 0
    endloop
  endfacet
  facet normal 0 0 -1
    outer loop
      vertex 12.7979 -12.7979 0
      vertex 4.23235 -4.23852 0
      vertex 4.23557 -4.23557 0
    endloop
  endfacet
  facet normal 0 0 -1
    outer loop
      vertex 12.6977 -12.9073 0
      vertex 3.8503 -4.58861 0
      vertex 4.23235 -4.23852 0
    endloop
  endfacet
  facet normal 0 0 -1
    outer loop
      vertex 12.6074 -13.0249 0
      vertex 3.43918 -4.90407 0
      vertex 3.8503 -4.58861 0
    endloop
  endfacet
  facet normal 0 0 -1
    outer loop
      vertex 12.5278 -13.15 0
      vertex 3.43572 -4.90672 0
      vertex 3.43918 -4.90407 0
    endloop
  endfacet
  facet normal 0 0 -1
    outer loop
      vertex 12.4593 -13.2815 0
      vertex 3.43204 -4.90906 0
      vertex 3.43572 -4.90672 0
    endloop
  endfacet
  facet normal 0 0 -1
    outer loop
      vertex 12.4593 -13.2815 0
      vertex 2.995 -5.18749 0
      vertex 3.43204 -4.90906 0
    endloop
  endfacet
  facet normal 0 0 -1
    outer loop
      vertex 12.4025 -13.4186 0
      vertex 2.53535 -5.42677 0
      vertex 2.995 -5.18749 0
    endloop
  endfacet
  facet normal 0 0 -1
    outer loop
      vertex 12.3579 -13.56 0
      vertex 2.53148 -5.42878 0
      vertex 2.53535 -5.42677 0
    endloop
  endfacet
  facet normal 0 0 -1
    outer loop
      vertex 12.3258 -13.7048 0
      vertex 2.52745 -5.43045 0
      vertex 2.53148 -5.42878 0
    endloop
  endfacet
  facet normal 0 0 -1
    outer loop
      vertex 12.3258 -13.7048 0
      vertex 2.0487 -5.62876 0
      vertex 2.52745 -5.43045 0
    endloop
  endfacet
  facet normal 0 0 -1
    outer loop
      vertex 12.3065 -13.8518 0
      vertex 2.04454 -5.63007 0
      vertex 2.0487 -5.62876 0
    endloop
  endfacet
  facet normal 0 0 -1
    outer loop
      vertex 12.3065 -13.8518 0
      vertex 1.55033 -5.7859 0
      vertex 2.04454 -5.63007 0
    endloop
  endfacet
  facet normal 0 0 -1
    outer loop
      vertex 12.3065 -14.1482 0
      vertex 1.04441 -5.89805 0
      vertex 1.55033 -5.7859 0
    endloop
  endfacet
  facet normal 0 0 -1
    outer loop
      vertex 12.3065 -14.1482 0
      vertex 1.04015 -5.899 0
      vertex 1.04441 -5.89805 0
    endloop
  endfacet
  facet normal 0 0 -1
    outer loop
      vertex 12.3258 -14.2952 0
      vertex 1.03583 -5.89957 0
      vertex 1.04015 -5.899 0
    endloop
  endfacet
  facet normal 0 0 -1
    outer loop
      vertex 12.3258 -14.2952 0
      vertex 0.522062 -5.96721 0
      vertex 1.03583 -5.89957 0
    endloop
  endfacet
  facet normal 0 0 -1
    outer loop
      vertex 12.3579 -14.44 0
      vertex 0.517705 -5.9674 0
      vertex 0.522062 -5.96721 0
    endloop
  endfacet
  facet normal 0 0 -1
    outer loop
      vertex 12.4593 -14.7185 0
      vertex -12.4593 -14.7185 0
      vertex -12.4025 -14.5814 0
    endloop
  endfacet
  facet normal 0 0 -1
    outer loop
      vertex 12.4025 -14.5814 0
      vertex 0 -5.99 0
      vertex 0.517705 -5.9674 0
    endloop
  endfacet
  facet normal 0 0 -1
    outer loop
      vertex 12.4025 -14.5814 0
      vertex -12.4025 -14.5814 0
      vertex 0 -5.99 0
    endloop
  endfacet
  facet normal -0 0 -1
    outer loop
      vertex 0 -5.99 0
      vertex -12.4025 -14.5814 0
      vertex -0.517705 -5.9674 0
    endloop
  endfacet
  facet normal 0 -0 -1
    outer loop
      vertex -12.3579 -14.44 0
      vertex -0.517705 -5.9674 0
      vertex -12.4025 -14.5814 0
    endloop
  endfacet
  facet normal -0 0 -1
    outer loop
      vertex -0.517705 -5.9674 0
      vertex -12.3579 -14.44 0
      vertex -0.522062 -5.96721 0
    endloop
  endfacet
  facet normal 0 -0 -1
    outer loop
      vertex -12.3258 -14.2952 0
      vertex -0.522062 -5.96721 0
      vertex -12.3579 -14.44 0
    endloop
  endfacet
  facet normal -0 0 -1
    outer loop
      vertex -1.03583 -5.89957 0
      vertex -12.3258 -14.2952 0
      vertex -1.04015 -5.899 0
    endloop
  endfacet
  facet normal 0 -0 -1
    outer loop
      vertex -12.3065 -14.1482 0
      vertex -1.04015 -5.899 0
      vertex -12.3258 -14.2952 0
    endloop
  endfacet
  facet normal -0 0 -1
    outer loop
      vertex -1.04015 -5.899 0
      vertex -12.3065 -14.1482 0
      vertex -1.04441 -5.89805 0
    endloop
  endfacet
  facet normal -0 0 -1
    outer loop
      vertex -1.04441 -5.89805 0
      vertex -12.3065 -14.1482 0
      vertex -1.55033 -5.7859 0
    endloop
  endfacet
  facet normal 0 -0 -1
    outer loop
      vertex -12.3 -14 0
      vertex -1.55033 -5.7859 0
      vertex -12.3065 -14.1482 0
    endloop
  endfacet
  facet normal 0 0 -1
    outer loop
      vertex -12.3065 -13.8518 0
      vertex -1.55033 -5.7859 0
      vertex -12.3 -14 0
    endloop
  endfacet
  facet normal -0 0 -1
    outer loop
      vertex -1.55033 -5.7859 0
      vertex -12.3065 -13.8518 0
      vertex -2.04454 -5.63007 0
    endloop
  endfacet
  facet normal 0 0 -1
    outer loop
      vertex -12.3258 -13.7048 0
      vertex -2.0487 -5.62876 0
      vertex -12.3065 -13.8518 0
    endloop
  endfacet
  facet normal -0 0 -1
    outer loop
      vertex -2.0487 -5.62876 0
      vertex -12.3258 -13.7048 0
      vertex -2.52745 -5.43045 0
    endloop
  endfacet
  facet normal -0 0 -1
    outer loop
      vertex -2.52745 -5.43045 0
      vertex -12.3258 -13.7048 0
      vertex -2.53148 -5.42878 0
    endloop
  endfacet
  facet normal -0 0 -1
    outer loop
      vertex -3.8503 -4.58861 0
      vertex -12.6977 -12.9073 0
      vertex -4.23235 -4.23852 0
    endloop
  endfacet
  facet normal -0 0 -1
    outer loop
      vertex -4.23235 -4.23852 0
      vertex -12.7979 -12.7979 0
      vertex -4.23557 -4.23557 0
    endloop
  endfacet
  facet normal 0 0 -1
    outer loop
      vertex -12.9073 -12.6977 0
      vertex -4.23852 -4.23235 0
      vertex -12.7979 -12.7979 0
    endloop
  endfacet
  facet normal 0 0 -1
    outer loop
      vertex -13.0249 -12.6074 0
      vertex -4.58861 -3.8503 0
      vertex -12.9073 -12.6977 0
    endloop
  endfacet
  facet normal 0 0 -1
    outer loop
      vertex -13.15 -12.5278 0
      vertex -4.90407 -3.43918 0
      vertex -13.0249 -12.6074 0
    endloop
  endfacet
  facet normal 0 0 -1
    outer loop
      vertex -13.2815 -12.4593 0
      vertex -4.90906 -3.43204 0
      vertex -13.15 -12.5278 0
    endloop
  endfacet
  facet normal -0 0 -1
    outer loop
      vertex -4.90672 -3.43572 0
      vertex -13.15 -12.5278 0
      vertex -4.90906 -3.43204 0
    endloop
  endfacet
  facet normal -0 0 -1
    outer loop
      vertex -4.90407 -3.43918 0
      vertex -13.15 -12.5278 0
      vertex -4.90672 -3.43572 0
    endloop
  endfacet
  facet normal -0 0 -1
    outer loop
      vertex -4.58861 -3.8503 0
      vertex -13.0249 -12.6074 0
      vertex -4.90407 -3.43918 0
    endloop
  endfacet
  facet normal -0 0 -1
    outer loop
      vertex -4.23852 -4.23235 0
      vertex -12.9073 -12.6977 0
      vertex -4.58861 -3.8503 0
    endloop
  endfacet
  facet normal -0 0 -1
    outer loop
      vertex -4.23557 -4.23557 0
      vertex -12.7979 -12.7979 0
      vertex -4.23852 -4.23235 0
    endloop
  endfacet
  facet normal 0 0 -1
    outer loop
      vertex -12.7979 -12.7979 0
      vertex -4.23235 -4.23852 0
      vertex -12.6977 -12.9073 0
    endloop
  endfacet
  facet normal 0 0 -1
    outer loop
      vertex -12.6977 -12.9073 0
      vertex -3.8503 -4.58861 0
      vertex -12.6074 -13.0249 0
    endloop
  endfacet
  facet normal -0 0 -1
    outer loop
      vertex -3.43918 -4.90407 0
      vertex -12.6074 -13.0249 0
      vertex -3.8503 -4.58861 0
    endloop
  endfacet
  facet normal 0 0 -1
    outer loop
      vertex -12.6074 -13.0249 0
      vertex -3.43918 -4.90407 0
      vertex -12.5278 -13.15 0
    endloop
  endfacet
  facet normal -0 0 -1
    outer loop
      vertex -3.43572 -4.90672 0
      vertex -12.5278 -13.15 0
      vertex -3.43918 -4.90407 0
    endloop
  endfacet
  facet normal 0 0 -1
    outer loop
      vertex -12.5278 -13.15 0
      vertex -3.43572 -4.90672 0
      vertex -12.4593 -13.2815 0
    endloop
  endfacet
  facet normal -0 0 -1
    outer loop
      vertex -3.43204 -4.90906 0
      vertex -12.4593 -13.2815 0
      vertex -3.43572 -4.90672 0
    endloop
  endfacet
  facet normal -0 0 -1
    outer loop
      vertex -2.995 -5.18749 0
      vertex -12.4593 -13.2815 0
      vertex -3.43204 -4.90906 0
    endloop
  endfacet
  facet normal 0 0 -1
    outer loop
      vertex -12.4593 -13.2815 0
      vertex -2.995 -5.18749 0
      vertex -12.4025 -13.4186 0
    endloop
  endfacet
  facet normal 0 0 -1
    outer loop
      vertex -12.3579 -13.56 0
      vertex -2.53148 -5.42878 0
      vertex -12.3258 -13.7048 0
    endloop
  endfacet
  facet normal -0 0 -1
    outer loop
      vertex -2.53535 -5.42677 0
      vertex -12.4025 -13.4186 0
      vertex -2.995 -5.18749 0
    endloop
  endfacet
  facet normal 0 0 -1
    outer loop
      vertex -12.4025 -13.4186 0
      vertex -2.53535 -5.42677 0
      vertex -12.3579 -13.56 0
    endloop
  endfacet
  facet normal -0 0 -1
    outer loop
      vertex -2.53148 -5.42878 0
      vertex -12.3579 -13.56 0
      vertex -2.53535 -5.42677 0
    endloop
  endfacet
  facet normal -0 0 -1
    outer loop
      vertex -2.04454 -5.63007 0
      vertex -12.3065 -13.8518 0
      vertex -2.0487 -5.62876 0
    endloop
  endfacet
  facet normal -0 0 -1
    outer loop
      vertex -0.522062 -5.96721 0
      vertex -12.3258 -14.2952 0
      vertex -1.03583 -5.89957 0
    endloop
  endfacet
  facet normal 0 0 -1
    outer loop
      vertex 12.5278 -14.85 0
      vertex -12.5278 -14.85 0
      vertex -12.4593 -14.7185 0
    endloop
  endfacet
  facet normal -0 0 -1
    outer loop
      vertex 12.5278 -14.85 0
      vertex -12.6074 -14.9751 0
      vertex -12.5278 -14.85 0
    endloop
  endfacet
  facet normal 0 0 -1
    outer loop
      vertex 12.6074 -14.9751 0
      vertex -12.6074 -14.9751 0
      vertex 12.5278 -14.85 0
    endloop
  endfacet
  facet normal 0 0 -1
    outer loop
      vertex -16 -21 0
      vertex -12.6977 -15.0927 0
      vertex 16 -21 0
    endloop
  endfacet
  facet normal 0 0 -1
    outer loop
      vertex -12.6977 -15.0927 0
      vertex -16 -21 0
      vertex -12.7979 -15.2021 0
    endloop
  endfacet
  facet normal 0 0 -1
    outer loop
      vertex -12.7979 -15.2021 0
      vertex -16 -21 0
      vertex -12.9073 -15.3023 0
    endloop
  endfacet
  facet normal 0 0 -1
    outer loop
      vertex -12.9073 -15.3023 0
      vertex -16 -21 0
      vertex -13.0249 -15.3926 0
    endloop
  endfacet
  facet normal 0 0 -1
    outer loop
      vertex -13.0249 -15.3926 0
      vertex -16 -21 0
      vertex -13.15 -15.4722 0
    endloop
  endfacet
  facet normal 0 0 -1
    outer loop
      vertex -13.15 -15.4722 0
      vertex -16 -21 0
      vertex -13.2815 -15.5407 0
    endloop
  endfacet
  facet normal 0 0 -1
    outer loop
      vertex -13.2815 -15.5407 0
      vertex -16 -21 0
      vertex -13.4186 -15.5975 0
    endloop
  endfacet
  facet normal 0 0 -1
    outer loop
      vertex -13.4186 -15.5975 0
      vertex -16 -21 0
      vertex -13.56 -15.6421 0
    endloop
  endfacet
  facet normal 0 0 -1
    outer loop
      vertex -13.56 -15.6421 0
      vertex -16 -21 0
      vertex -13.7048 -15.6742 0
    endloop
  endfacet
  facet normal 0 0 -1
    outer loop
      vertex -13.7048 -15.6742 0
      vertex -16 -21 0
      vertex -13.8518 -15.6935 0
    endloop
  endfacet
  facet normal 0 0 -1
    outer loop
      vertex -13.8518 -15.6935 0
      vertex -16 -21 0
      vertex -14 -15.7 0
    endloop
  endfacet
  facet normal -0 0 -1
    outer loop
      vertex -14 -15.7 0
      vertex -16 -21 0
      vertex -14.1482 -15.6935 0
    endloop
  endfacet
  facet normal 0 0 -1
    outer loop
      vertex -19.8302 -19.2139 0
      vertex -15.2021 -15.2021 0
      vertex -19.5355 -19.5355 0
    endloop
  endfacet
  facet normal 0 0 -1
    outer loop
      vertex -19.5355 -19.5355 0
      vertex -15.2021 -15.2021 0
      vertex -19.2139 -19.8302 0
    endloop
  endfacet
  facet normal -0 0 -1
    outer loop
      vertex -15.0927 -15.3023 0
      vertex -19.2139 -19.8302 0
      vertex -15.2021 -15.2021 0
    endloop
  endfacet
  facet normal 0 0 -1
    outer loop
      vertex -19.2139 -19.8302 0
      vertex -15.0927 -15.3023 0
      vertex -18.8679 -20.0957 0
    endloop
  endfacet
  facet normal 0 0 -1
    outer loop
      vertex -18.8679 -20.0957 0
      vertex -15.0927 -15.3023 0
      vertex -18.5 -20.3301 0
    endloop
  endfacet
  facet normal 0 0 -1
    outer loop
      vertex -18.5 -20.3301 0
      vertex -15.0927 -15.3023 0
      vertex -18.1131 -20.5315 0
    endloop
  endfacet
  facet normal -0 0 -1
    outer loop
      vertex -14.9751 -15.3926 0
      vertex -18.1131 -20.5315 0
      vertex -15.0927 -15.3023 0
    endloop
  endfacet
  facet normal 0 0 -1
    outer loop
      vertex -18.1131 -20.5315 0
      vertex -14.9751 -15.3926 0
      vertex -17.7101 -20.6985 0
    endloop
  endfacet
  facet normal 0 0 -1
    outer loop
      vertex -17.7101 -20.6985 0
      vertex -14.9751 -15.3926 0
      vertex -17.2941 -20.8296 0
    endloop
  endfacet
  facet normal -0 0 -1
    outer loop
      vertex -14.85 -15.4722 0
      vertex -17.2941 -20.8296 0
      vertex -14.9751 -15.3926 0
    endloop
  endfacet
  facet normal 0 0 -1
    outer loop
      vertex -17.2941 -20.8296 0
      vertex -14.85 -15.4722 0
      vertex -16.8682 -20.924 0
    endloop
  endfacet
  facet normal 0 0 -1
    outer loop
      vertex -16.8682 -20.924 0
      vertex -14.85 -15.4722 0
      vertex -16.4358 -20.981 0
    endloop
  endfacet
  facet normal -0 0 -1
    outer loop
      vertex -14.7185 -15.5407 0
      vertex -16.4358 -20.981 0
      vertex -14.85 -15.4722 0
    endloop
  endfacet
  facet normal 0 0 -1
    outer loop
      vertex -16.4358 -20.981 0
      vertex -14.7185 -15.5407 0
      vertex -16 -21 0
    endloop
  endfacet
  facet normal -0 0 -1
    outer loop
      vertex -14.5814 -15.5975 0
      vertex -16 -21 0
      vertex -14.7185 -15.5407 0
    endloop
  endfacet
  facet normal -0 0 -1
    outer loop
      vertex -14.44 -15.6421 0
      vertex -16 -21 0
      vertex -14.5814 -15.5975 0
    endloop
  endfacet
  facet normal -0 0 -1
    outer loop
      vertex -14.2952 -15.6742 0
      vertex -16 -21 0
      vertex -14.44 -15.6421 0
    endloop
  endfacet
  facet normal -0 0 -1
    outer loop
      vertex -14.1482 -15.6935 0
      vertex -16 -21 0
      vertex -14.2952 -15.6742 0
    endloop
  endfacet
  facet normal -0 0 -1
    outer loop
      vertex 19.8302 19.2139 0
      vertex 15.2021 15.2021 0
      vertex 19.5355 19.5355 0
    endloop
  endfacet
  facet normal -0 0 -1
    outer loop
      vertex 19.5355 19.5355 0
      vertex 15.2021 15.2021 0
      vertex 19.2139 19.8302 0
    endloop
  endfacet
  facet normal 0 0 -1
    outer loop
      vertex 15.0927 15.3023 0
      vertex 19.2139 19.8302 0
      vertex 15.2021 15.2021 0
    endloop
  endfacet
  facet normal -0 0 -1
    outer loop
      vertex 19.2139 19.8302 0
      vertex 15.0927 15.3023 0
      vertex 18.8679 20.0957 0
    endloop
  endfacet
  facet normal -0 0 -1
    outer loop
      vertex 18.8679 20.0957 0
      vertex 15.0927 15.3023 0
      vertex 18.5 20.3301 0
    endloop
  endfacet
  facet normal -0 0 -1
    outer loop
      vertex 18.5 20.3301 0
      vertex 15.0927 15.3023 0
      vertex 18.1131 20.5315 0
    endloop
  endfacet
  facet normal 0 0 -1
    outer loop
      vertex 14.9751 15.3926 0
      vertex 18.1131 20.5315 0
      vertex 15.0927 15.3023 0
    endloop
  endfacet
  facet normal -0 0 -1
    outer loop
      vertex 18.1131 20.5315 0
      vertex 14.9751 15.3926 0
      vertex 17.7101 20.6985 0
    endloop
  endfacet
  facet normal -0 0 -1
    outer loop
      vertex 17.7101 20.6985 0
      vertex 14.9751 15.3926 0
      vertex 17.2941 20.8296 0
    endloop
  endfacet
  facet normal 0 0 -1
    outer loop
      vertex 14.85 15.4722 0
      vertex 17.2941 20.8296 0
      vertex 14.9751 15.3926 0
    endloop
  endfacet
  facet normal -0 0 -1
    outer loop
      vertex 17.2941 20.8296 0
      vertex 14.85 15.4722 0
      vertex 16.8682 20.924 0
    endloop
  endfacet
  facet normal -0 0 -1
    outer loop
      vertex 16.8682 20.924 0
      vertex 14.85 15.4722 0
      vertex 16.4358 20.981 0
    endloop
  endfacet
  facet normal 0 0 -1
    outer loop
      vertex 14.7185 15.5407 0
      vertex 16.4358 20.981 0
      vertex 14.85 15.4722 0
    endloop
  endfacet
  facet normal -0 0 -1
    outer loop
      vertex 16.4358 20.981 0
      vertex 14.7185 15.5407 0
      vertex 16 21 0
    endloop
  endfacet
  facet normal 0 0 -1
    outer loop
      vertex 14.5814 15.5975 0
      vertex 16 21 0
      vertex 14.7185 15.5407 0
    endloop
  endfacet
  facet normal 0 0 -1
    outer loop
      vertex 14.44 15.6421 0
      vertex 16 21 0
      vertex 14.5814 15.5975 0
    endloop
  endfacet
  facet normal 0 0 -1
    outer loop
      vertex 14.2952 15.6742 0
      vertex 16 21 0
      vertex 14.44 15.6421 0
    endloop
  endfacet
  facet normal 0 0 -1
    outer loop
      vertex 14.1482 15.6935 0
      vertex 16 21 0
      vertex 14.2952 15.6742 0
    endloop
  endfacet
  facet normal 0 0 -1
    outer loop
      vertex 14 15.7 0
      vertex 16 21 0
      vertex 14.1482 15.6935 0
    endloop
  endfacet
  facet normal 0 0 -1
    outer loop
      vertex 13.8518 15.6935 0
      vertex 16 21 0
      vertex 14 15.7 0
    endloop
  endfacet
  facet normal 0 0 -1
    outer loop
      vertex 13.7048 15.6742 0
      vertex 16 21 0
      vertex 13.8518 15.6935 0
    endloop
  endfacet
  facet normal 0 0 -1
    outer loop
      vertex 13.56 15.6421 0
      vertex 16 21 0
      vertex 13.7048 15.6742 0
    endloop
  endfacet
  facet normal 0 0 -1
    outer loop
      vertex 13.4186 15.5975 0
      vertex 16 21 0
      vertex 13.56 15.6421 0
    endloop
  endfacet
  facet normal 0 0 -1
    outer loop
      vertex 13.2815 15.5407 0
      vertex 16 21 0
      vertex 13.4186 15.5975 0
    endloop
  endfacet
  facet normal 0 0 -1
    outer loop
      vertex 13.15 15.4722 0
      vertex 16 21 0
      vertex 13.2815 15.5407 0
    endloop
  endfacet
  facet normal 0 0 -1
    outer loop
      vertex 13.0249 15.3926 0
      vertex 16 21 0
      vertex 13.15 15.4722 0
    endloop
  endfacet
  facet normal 0 0 -1
    outer loop
      vertex 12.9073 15.3023 0
      vertex 16 21 0
      vertex 13.0249 15.3926 0
    endloop
  endfacet
  facet normal 0 0 -1
    outer loop
      vertex 12.7979 15.2021 0
      vertex 16 21 0
      vertex 12.9073 15.3023 0
    endloop
  endfacet
  facet normal 0 0 -1
    outer loop
      vertex 12.6977 15.0927 0
      vertex 16 21 0
      vertex 12.7979 15.2021 0
    endloop
  endfacet
  facet normal 0 0 -1
    outer loop
      vertex -12.6977 15.0927 0
      vertex 12.6977 15.0927 0
      vertex 12.6074 14.9751 0
    endloop
  endfacet
  facet normal 0 0 -1
    outer loop
      vertex -12.6074 14.9751 0
      vertex 12.6074 14.9751 0
      vertex 12.5278 14.85 0
    endloop
  endfacet
  facet normal -0 0 -1
    outer loop
      vertex 13.2815 12.4593 0
      vertex 4.90906 3.43204 0
      vertex 13.15 12.5278 0
    endloop
  endfacet
  facet normal 0 0 -1
    outer loop
      vertex 4.90672 3.43572 0
      vertex 13.15 12.5278 0
      vertex 4.90906 3.43204 0
    endloop
  endfacet
  facet normal 0 0 -1
    outer loop
      vertex 4.90407 3.43918 0
      vertex 13.15 12.5278 0
      vertex 4.90672 3.43572 0
    endloop
  endfacet
  facet normal -0 0 -1
    outer loop
      vertex 13.15 12.5278 0
      vertex 4.90407 3.43918 0
      vertex 13.0249 12.6074 0
    endloop
  endfacet
  facet normal 0 0 -1
    outer loop
      vertex 4.58861 3.8503 0
      vertex 13.0249 12.6074 0
      vertex 4.90407 3.43918 0
    endloop
  endfacet
  facet normal -0 0 -1
    outer loop
      vertex 13.0249 12.6074 0
      vertex 4.58861 3.8503 0
      vertex 12.9073 12.6977 0
    endloop
  endfacet
  facet normal 0 0 -1
    outer loop
      vertex 4.23852 4.23235 0
      vertex 12.9073 12.6977 0
      vertex 4.58861 3.8503 0
    endloop
  endfacet
  facet normal -0 0 -1
    outer loop
      vertex 12.9073 12.6977 0
      vertex 4.23852 4.23235 0
      vertex 12.7979 12.7979 0
    endloop
  endfacet
  facet normal 0 0 -1
    outer loop
      vertex 4.23557 4.23557 0
      vertex 12.7979 12.7979 0
      vertex 4.23852 4.23235 0
    endloop
  endfacet
  facet normal 0 0 -1
    outer loop
      vertex 4.23235 4.23852 0
      vertex 12.7979 12.7979 0
      vertex 4.23557 4.23557 0
    endloop
  endfacet
  facet normal -0 0 -1
    outer loop
      vertex 12.7979 12.7979 0
      vertex 4.23235 4.23852 0
      vertex 12.6977 12.9073 0
    endloop
  endfacet
  facet normal 0 0 -1
    outer loop
      vertex 3.8503 4.58861 0
      vertex 12.6977 12.9073 0
      vertex 4.23235 4.23852 0
    endloop
  endfacet
  facet normal -0 0 -1
    outer loop
      vertex 12.6977 12.9073 0
      vertex 3.8503 4.58861 0
      vertex 12.6074 13.0249 0
    endloop
  endfacet
  facet normal 0 0 -1
    outer loop
      vertex 3.43918 4.90407 0
      vertex 12.6074 13.0249 0
      vertex 3.8503 4.58861 0
    endloop
  endfacet
  facet normal -0 0 -1
    outer loop
      vertex 12.6074 13.0249 0
      vertex 3.43918 4.90407 0
      vertex 12.5278 13.15 0
    endloop
  endfacet
  facet normal 0 0 -1
    outer loop
      vertex 3.43572 4.90672 0
      vertex 12.5278 13.15 0
      vertex 3.43918 4.90407 0
    endloop
  endfacet
  facet normal -0 0 -1
    outer loop
      vertex 12.5278 13.15 0
      vertex 3.43572 4.90672 0
      vertex 12.4593 13.2815 0
    endloop
  endfacet
  facet normal 0 0 -1
    outer loop
      vertex 3.43204 4.90906 0
      vertex 12.4593 13.2815 0
      vertex 3.43572 4.90672 0
    endloop
  endfacet
  facet normal 0 0 -1
    outer loop
      vertex 2.995 5.18749 0
      vertex 12.4593 13.2815 0
      vertex 3.43204 4.90906 0
    endloop
  endfacet
  facet normal -0 0 -1
    outer loop
      vertex 12.4593 13.2815 0
      vertex 2.995 5.18749 0
      vertex 12.4025 13.4186 0
    endloop
  endfacet
  facet normal 0 0 -1
    outer loop
      vertex 2.53535 5.42677 0
      vertex 12.4025 13.4186 0
      vertex 2.995 5.18749 0
    endloop
  endfacet
  facet normal -0 0 -1
    outer loop
      vertex 12.4025 13.4186 0
      vertex 2.53535 5.42677 0
      vertex 12.3579 13.56 0
    endloop
  endfacet
  facet normal 0 0 -1
    outer loop
      vertex 2.53148 5.42878 0
      vertex 12.3579 13.56 0
      vertex 2.53535 5.42677 0
    endloop
  endfacet
  facet normal -0 0 -1
    outer loop
      vertex 12.3579 13.56 0
      vertex 2.53148 5.42878 0
      vertex 12.3258 13.7048 0
    endloop
  endfacet
  facet normal 0 0 -1
    outer loop
      vertex 2.52745 5.43045 0
      vertex 12.3258 13.7048 0
      vertex 2.53148 5.42878 0
    endloop
  endfacet
  facet normal 0 0 -1
    outer loop
      vertex 2.0487 5.62876 0
      vertex 12.3258 13.7048 0
      vertex 2.52745 5.43045 0
    endloop
  endfacet
  facet normal -0 0 -1
    outer loop
      vertex 12.3258 13.7048 0
      vertex 2.0487 5.62876 0
      vertex 12.3065 13.8518 0
    endloop
  endfacet
  facet normal 0 0 -1
    outer loop
      vertex 2.04454 5.63007 0
      vertex 12.3065 13.8518 0
      vertex 2.0487 5.62876 0
    endloop
  endfacet
  facet normal 0 0 -1
    outer loop
      vertex 1.55033 5.7859 0
      vertex 12.3065 13.8518 0
      vertex 2.04454 5.63007 0
    endloop
  endfacet
  facet normal -0 0 -1
    outer loop
      vertex 12.3065 13.8518 0
      vertex 1.55033 5.7859 0
      vertex 12.3 14 0
    endloop
  endfacet
  facet normal -0 0 -1
    outer loop
      vertex 12.3 14 0
      vertex 1.55033 5.7859 0
      vertex 12.3065 14.1482 0
    endloop
  endfacet
  facet normal 0 0 -1
    outer loop
      vertex 1.04441 5.89805 0
      vertex 12.3065 14.1482 0
      vertex 1.55033 5.7859 0
    endloop
  endfacet
  facet normal 0 0 -1
    outer loop
      vertex 1.04015 5.899 0
      vertex 12.3065 14.1482 0
      vertex 1.04441 5.89805 0
    endloop
  endfacet
  facet normal -0 0 -1
    outer loop
      vertex 12.3065 14.1482 0
      vertex 1.04015 5.899 0
      vertex 12.3258 14.2952 0
    endloop
  endfacet
  facet normal 0 0 -1
    outer loop
      vertex 1.03583 5.89957 0
      vertex 12.3258 14.2952 0
      vertex 1.04015 5.899 0
    endloop
  endfacet
  facet normal 0 0 -1
    outer loop
      vertex 0.522062 5.96721 0
      vertex 12.3258 14.2952 0
      vertex 1.03583 5.89957 0
    endloop
  endfacet
  facet normal -0 0 -1
    outer loop
      vertex 12.3258 14.2952 0
      vertex 0.522062 5.96721 0
      vertex 12.3579 14.44 0
    endloop
  endfacet
  facet normal 0 0 -1
    outer loop
      vertex 0.517705 5.9674 0
      vertex 12.3579 14.44 0
      vertex 0.522062 5.96721 0
    endloop
  endfacet
  facet normal -0 0 -1
    outer loop
      vertex 12.3579 14.44 0
      vertex 0.517705 5.9674 0
      vertex 12.4025 14.5814 0
    endloop
  endfacet
  facet normal 0 0 -1
    outer loop
      vertex 0 5.99 0
      vertex 12.4025 14.5814 0
      vertex 0.517705 5.9674 0
    endloop
  endfacet
  facet normal 0 0 -1
    outer loop
      vertex -12.4025 14.5814 0
      vertex 12.4025 14.5814 0
      vertex 0 5.99 0
    endloop
  endfacet
  facet normal 0 0 -1
    outer loop
      vertex 12.4025 14.5814 0
      vertex -12.4025 14.5814 0
      vertex 12.4593 14.7185 0
    endloop
  endfacet
  facet normal 0 0 -1
    outer loop
      vertex -12.4593 14.7185 0
      vertex 12.4593 14.7185 0
      vertex -12.4025 14.5814 0
    endloop
  endfacet
  facet normal 0 0 -1
    outer loop
      vertex -12.4025 14.5814 0
      vertex 0 5.99 0
      vertex -0.517705 5.9674 0
    endloop
  endfacet
  facet normal 0 0 -1
    outer loop
      vertex -12.3579 14.44 0
      vertex -0.517705 5.9674 0
      vertex -0.522062 5.96721 0
    endloop
  endfacet
  facet normal 0 0 -1
    outer loop
      vertex -12.3258 14.2952 0
      vertex -0.522062 5.96721 0
      vertex -1.03583 5.89957 0
    endloop
  endfacet
  facet normal 0 0 -1
    outer loop
      vertex -12.3258 14.2952 0
      vertex -1.03583 5.89957 0
      vertex -1.04015 5.899 0
    endloop
  endfacet
  facet normal 0 0 -1
    outer loop
      vertex -12.3065 14.1482 0
      vertex -1.04015 5.899 0
      vertex -1.04441 5.89805 0
    endloop
  endfacet
  facet normal 0 0 -1
    outer loop
      vertex -12.3065 14.1482 0
      vertex -1.04441 5.89805 0
      vertex -1.55033 5.7859 0
    endloop
  endfacet
  facet normal 0 0 -1
    outer loop
      vertex -12.3 14 0
      vertex -1.55033 5.7859 0
      vertex -2.04454 5.63007 0
    endloop
  endfacet
  facet normal 0 0 -1
    outer loop
      vertex -12.3 14 0
      vertex -2.04454 5.63007 0
      vertex -2.0487 5.62876 0
    endloop
  endfacet
  facet normal 0 0 -1
    outer loop
      vertex -12.3 14 0
      vertex -2.0487 5.62876 0
      vertex -2.52745 5.43045 0
    endloop
  endfacet
  facet normal 0 0 -1
    outer loop
      vertex -12.3 14 0
      vertex -2.52745 5.43045 0
      vertex -2.53148 5.42878 0
    endloop
  endfacet
  facet normal 0 0 -1
    outer loop
      vertex -12.3 14 0
      vertex -2.53148 5.42878 0
      vertex -2.53535 5.42677 0
    endloop
  endfacet
  facet normal 0 0 -1
    outer loop
      vertex -12.3 14 0
      vertex -2.53535 5.42677 0
      vertex -2.995 5.18749 0
    endloop
  endfacet
  facet normal 0 0 -1
    outer loop
      vertex -12.3 14 0
      vertex -2.995 5.18749 0
      vertex -3.43204 4.90906 0
    endloop
  endfacet
  facet normal 0 0 -1
    outer loop
      vertex -12.3 14 0
      vertex -3.43204 4.90906 0
      vertex -3.43572 4.90672 0
    endloop
  endfacet
  facet normal 0 0 -1
    outer loop
      vertex -12.3 14 0
      vertex -3.43572 4.90672 0
      vertex -3.43918 4.90407 0
    endloop
  endfacet
  facet normal 0 0 -1
    outer loop
      vertex -12.3 14 0
      vertex -3.43918 4.90407 0
      vertex -3.8503 4.58861 0
    endloop
  endfacet
  facet normal 0 0 -1
    outer loop
      vertex -12.3 14 0
      vertex -5.42677 2.53535 0
      vertex -5.42878 2.53148 0
    endloop
  endfacet
  facet normal 0 0 -1
    outer loop
      vertex -12.3 14 0
      vertex -5.43045 2.52745 0
      vertex -5.62876 2.0487 0
    endloop
  endfacet
  facet normal 0 0 -1
    outer loop
      vertex -12.3 14 0
      vertex -5.63007 2.04454 0
      vertex -5.7859 1.55033 0
    endloop
  endfacet
  facet normal 0 0 -1
    outer loop
      vertex -12.3 14 0
      vertex -5.89805 1.04441 0
      vertex -5.899 1.04015 0
    endloop
  endfacet
  facet normal 0 0 -1
    outer loop
      vertex -12.3 14 0
      vertex -5.89957 1.03583 0
      vertex -5.96721 0.522062 0
    endloop
  endfacet
  facet normal -0 0 -1
    outer loop
      vertex -4.90906 -3.43204 0
      vertex -13.2815 -12.4593 0
      vertex -5.18749 -2.995 0
    endloop
  endfacet
  facet normal 0 0 -1
    outer loop
      vertex -5.99 0 0
      vertex -12.3 14 0
      vertex -5.9674 0.517705 0
    endloop
  endfacet
  facet normal 0 0 -1
    outer loop
      vertex -5.9674 0.517705 0
      vertex -12.3 14 0
      vertex -5.96721 0.522062 0
    endloop
  endfacet
  facet normal 0 0 -1
    outer loop
      vertex -5.89957 1.03583 0
      vertex -12.3 14 0
      vertex -5.899 1.04015 0
    endloop
  endfacet
  facet normal 0 0 -1
    outer loop
      vertex -5.89805 1.04441 0
      vertex -12.3 14 0
      vertex -5.7859 1.55033 0
    endloop
  endfacet
  facet normal 0 0 -1
    outer loop
      vertex -5.63007 2.04454 0
      vertex -12.3 14 0
      vertex -5.62876 2.0487 0
    endloop
  endfacet
  facet normal 0 0 -1
    outer loop
      vertex -5.43045 2.52745 0
      vertex -12.3 14 0
      vertex -5.42878 2.53148 0
    endloop
  endfacet
  facet normal 0 0 -1
    outer loop
      vertex -5.42677 2.53535 0
      vertex -12.3 14 0
      vertex -5.18749 2.995 0
    endloop
  endfacet
  facet normal 0 0 -1
    outer loop
      vertex -12.3 14 0
      vertex -4.90906 3.43204 0
      vertex -5.18749 2.995 0
    endloop
  endfacet
  facet normal 0 0 -1
    outer loop
      vertex -12.3 14 0
      vertex -4.90672 3.43572 0
      vertex -4.90906 3.43204 0
    endloop
  endfacet
  facet normal 0 0 -1
    outer loop
      vertex -12.3 14 0
      vertex -4.90407 3.43918 0
      vertex -4.90672 3.43572 0
    endloop
  endfacet
  facet normal 0 0 -1
    outer loop
      vertex -12.3 14 0
      vertex -4.58861 3.8503 0
      vertex -4.90407 3.43918 0
    endloop
  endfacet
  facet normal 0 0 -1
    outer loop
      vertex -12.3 14 0
      vertex -4.23852 4.23235 0
      vertex -4.58861 3.8503 0
    endloop
  endfacet
  facet normal 0 0 -1
    outer loop
      vertex -12.3 14 0
      vertex -4.23557 4.23557 0
      vertex -4.23852 4.23235 0
    endloop
  endfacet
  facet normal 0 0 -1
    outer loop
      vertex -12.3 14 0
      vertex -4.23235 4.23852 0
      vertex -4.23557 4.23557 0
    endloop
  endfacet
  facet normal 0 0 -1
    outer loop
      vertex -12.3 14 0
      vertex -3.8503 4.58861 0
      vertex -4.23235 4.23852 0
    endloop
  endfacet
  facet normal 0 0 -1
    outer loop
      vertex -1.55033 5.7859 0
      vertex -12.3 14 0
      vertex -12.3065 14.1482 0
    endloop
  endfacet
  facet normal 0 0 -1
    outer loop
      vertex -1.04015 5.899 0
      vertex -12.3065 14.1482 0
      vertex -12.3258 14.2952 0
    endloop
  endfacet
  facet normal 0 0 -1
    outer loop
      vertex -0.522062 5.96721 0
      vertex -12.3258 14.2952 0
      vertex -12.3579 14.44 0
    endloop
  endfacet
  facet normal 0 0 -1
    outer loop
      vertex -0.517705 5.9674 0
      vertex -12.3579 14.44 0
      vertex -12.4025 14.5814 0
    endloop
  endfacet
  facet normal 0 0 -1
    outer loop
      vertex 12.4593 14.7185 0
      vertex -12.4593 14.7185 0
      vertex 12.5278 14.85 0
    endloop
  endfacet
  facet normal 0 0 -1
    outer loop
      vertex -12.5278 14.85 0
      vertex 12.5278 14.85 0
      vertex -12.4593 14.7185 0
    endloop
  endfacet
  facet normal 0 0 -1
    outer loop
      vertex -12.6074 14.9751 0
      vertex 12.5278 14.85 0
      vertex -12.5278 14.85 0
    endloop
  endfacet
  facet normal 0 0 -1
    outer loop
      vertex 12.6074 14.9751 0
      vertex -12.6074 14.9751 0
      vertex -12.6977 15.0927 0
    endloop
  endfacet
  facet normal 0 0 -1
    outer loop
      vertex 12.6977 15.0927 0
      vertex -12.6977 15.0927 0
      vertex 16 21 0
    endloop
  endfacet
  facet normal 0 0 -1
    outer loop
      vertex -16 21 0
      vertex -12.6977 15.0927 0
      vertex -12.7979 15.2021 0
    endloop
  endfacet
  facet normal 0 0 -1
    outer loop
      vertex -16 21 0
      vertex -12.7979 15.2021 0
      vertex -12.9073 15.3023 0
    endloop
  endfacet
  facet normal 0 0 -1
    outer loop
      vertex -16 21 0
      vertex -12.9073 15.3023 0
      vertex -13.0249 15.3926 0
    endloop
  endfacet
  facet normal 0 0 -1
    outer loop
      vertex -16 21 0
      vertex -13.0249 15.3926 0
      vertex -13.15 15.4722 0
    endloop
  endfacet
  facet normal 0 0 -1
    outer loop
      vertex -16 21 0
      vertex -13.15 15.4722 0
      vertex -13.2815 15.5407 0
    endloop
  endfacet
  facet normal 0 0 -1
    outer loop
      vertex -16 21 0
      vertex -13.2815 15.5407 0
      vertex -13.4186 15.5975 0
    endloop
  endfacet
  facet normal 0 0 -1
    outer loop
      vertex -16 21 0
      vertex -13.4186 15.5975 0
      vertex -13.56 15.6421 0
    endloop
  endfacet
  facet normal 0 0 -1
    outer loop
      vertex -16 21 0
      vertex -13.56 15.6421 0
      vertex -13.7048 15.6742 0
    endloop
  endfacet
  facet normal 0 0 -1
    outer loop
      vertex -16 21 0
      vertex -13.7048 15.6742 0
      vertex -13.8518 15.6935 0
    endloop
  endfacet
  facet normal 0 0 -1
    outer loop
      vertex -16 21 0
      vertex -13.8518 15.6935 0
      vertex -14 15.7 0
    endloop
  endfacet
  facet normal 0 0 -1
    outer loop
      vertex -16 21 0
      vertex -14 15.7 0
      vertex -14.1482 15.6935 0
    endloop
  endfacet
  facet normal 0 0 -1
    outer loop
      vertex -16 21 0
      vertex -14.1482 15.6935 0
      vertex -14.2952 15.6742 0
    endloop
  endfacet
  facet normal 0 0 -1
    outer loop
      vertex -12.6977 15.0927 0
      vertex -16 21 0
      vertex 16 21 0
    endloop
  endfacet
  facet normal 0 0 -1
    outer loop
      vertex -14.44 15.6421 0
      vertex -16 21 0
      vertex -14.2952 15.6742 0
    endloop
  endfacet
  facet normal 0 0 -1
    outer loop
      vertex -14.5814 15.5975 0
      vertex -16 21 0
      vertex -14.44 15.6421 0
    endloop
  endfacet
  facet normal 0 0 -1
    outer loop
      vertex -14.7185 15.5407 0
      vertex -16 21 0
      vertex -14.5814 15.5975 0
    endloop
  endfacet
  facet normal 0 0 -1
    outer loop
      vertex -16.4358 20.981 0
      vertex -14.7185 15.5407 0
      vertex -14.85 15.4722 0
    endloop
  endfacet
  facet normal 0 0 -1
    outer loop
      vertex -17.2941 20.8296 0
      vertex -14.85 15.4722 0
      vertex -14.9751 15.3926 0
    endloop
  endfacet
  facet normal 0 0 -1
    outer loop
      vertex -18.1131 20.5315 0
      vertex -14.9751 15.3926 0
      vertex -15.0927 15.3023 0
    endloop
  endfacet
  facet normal 0 0 -1
    outer loop
      vertex -19.2139 19.8302 0
      vertex -15.0927 15.3023 0
      vertex -15.2021 15.2021 0
    endloop
  endfacet
  facet normal 0 0 -1
    outer loop
      vertex -19.8302 19.2139 0
      vertex -15.2021 15.2021 0
      vertex -15.3023 15.0927 0
    endloop
  endfacet
  facet normal 0 0 -1
    outer loop
      vertex -20.3301 18.5 0
      vertex -15.3023 15.0927 0
      vertex -15.3926 14.9751 0
    endloop
  endfacet
  facet normal 0 0 -1
    outer loop
      vertex -20.8296 17.2941 0
      vertex -15.3926 14.9751 0
      vertex -15.4722 14.85 0
    endloop
  endfacet
  facet normal 0 0 -1
    outer loop
      vertex -20.981 16.4358 0
      vertex -15.4722 14.85 0
      vertex -15.5407 14.7185 0
    endloop
  endfacet
  facet normal 0 0 -1
    outer loop
      vertex -21 16 0
      vertex -15.5407 14.7185 0
      vertex -15.5975 14.5814 0
    endloop
  endfacet
  facet normal 0 0 -1
    outer loop
      vertex -21 16 0
      vertex -15.5975 14.5814 0
      vertex -15.6421 14.44 0
    endloop
  endfacet
  facet normal 0 0 -1
    outer loop
      vertex -21 16 0
      vertex -15.6421 14.44 0
      vertex -15.6742 14.2952 0
    endloop
  endfacet
  facet normal 0 0 -1
    outer loop
      vertex -21 16 0
      vertex -15.6742 14.2952 0
      vertex -15.6935 14.1482 0
    endloop
  endfacet
  facet normal 0 0 -1
    outer loop
      vertex -21 16 0
      vertex -15.6935 14.1482 0
      vertex -15.7 14 0
    endloop
  endfacet
  facet normal 0 0 -1
    outer loop
      vertex -15.6742 13.7048 0
      vertex -21 16 0
      vertex -15.6935 13.8518 0
    endloop
  endfacet
  facet normal -0 0 -1
    outer loop
      vertex -15.2021 -15.2021 0
      vertex -19.8302 -19.2139 0
      vertex -15.3023 -15.0927 0
    endloop
  endfacet
  facet normal 0 0 -1
    outer loop
      vertex -15.6935 13.8518 0
      vertex -21 16 0
      vertex -15.7 14 0
    endloop
  endfacet
  facet normal 0 0 -1
    outer loop
      vertex -20.0957 -18.8679 0
      vertex -15.3023 -15.0927 0
      vertex -19.8302 -19.2139 0
    endloop
  endfacet
  facet normal 0 0 -1
    outer loop
      vertex -15.5407 14.7185 0
      vertex -21 16 0
      vertex -20.981 16.4358 0
    endloop
  endfacet
  facet normal 0 0 -1
    outer loop
      vertex -20.3301 -18.5 0
      vertex -15.3023 -15.0927 0
      vertex -20.0957 -18.8679 0
    endloop
  endfacet
  facet normal 0 0 -1
    outer loop
      vertex -14.7185 15.5407 0
      vertex -16.4358 20.981 0
      vertex -16 21 0
    endloop
  endfacet
  facet normal -0 0 -1
    outer loop
      vertex -15.3023 -15.0927 0
      vertex -20.3301 -18.5 0
      vertex -15.3926 -14.9751 0
    endloop
  endfacet
  facet normal 0 0 -1
    outer loop
      vertex -14.85 15.4722 0
      vertex -16.8682 20.924 0
      vertex -16.4358 20.981 0
    endloop
  endfacet
  facet normal 0 0 -1
    outer loop
      vertex -20.5315 -18.1131 0
      vertex -15.3926 -14.9751 0
      vertex -20.3301 -18.5 0
    endloop
  endfacet
  facet normal 0 0 -1
    outer loop
      vertex -14.85 15.4722 0
      vertex -17.2941 20.8296 0
      vertex -16.8682 20.924 0
    endloop
  endfacet
  facet normal 0 0 -1
    outer loop
      vertex -20.6985 -17.7101 0
      vertex -15.3926 -14.9751 0
      vertex -20.5315 -18.1131 0
    endloop
  endfacet
  facet normal 0 0 -1
    outer loop
      vertex -14.9751 15.3926 0
      vertex -17.7101 20.6985 0
      vertex -17.2941 20.8296 0
    endloop
  endfacet
  facet normal 0 0 -1
    outer loop
      vertex -20.8296 -17.2941 0
      vertex -15.3926 -14.9751 0
      vertex -20.6985 -17.7101 0
    endloop
  endfacet
  facet normal 0 0 -1
    outer loop
      vertex -14.9751 15.3926 0
      vertex -18.1131 20.5315 0
      vertex -17.7101 20.6985 0
    endloop
  endfacet
  facet normal -0 0 -1
    outer loop
      vertex -15.3926 -14.9751 0
      vertex -20.8296 -17.2941 0
      vertex -15.4722 -14.85 0
    endloop
  endfacet
  facet normal 0 0 -1
    outer loop
      vertex -15.0927 15.3023 0
      vertex -18.5 20.3301 0
      vertex -18.1131 20.5315 0
    endloop
  endfacet
  facet normal 0 0 -1
    outer loop
      vertex -20.924 -16.8682 0
      vertex -15.4722 -14.85 0
      vertex -20.8296 -17.2941 0
    endloop
  endfacet
  facet normal 0 0 -1
    outer loop
      vertex -15.0927 15.3023 0
      vertex -18.8679 20.0957 0
      vertex -18.5 20.3301 0
    endloop
  endfacet
  facet normal 0 0 -1
    outer loop
      vertex -20.981 -16.4358 0
      vertex -15.4722 -14.85 0
      vertex -20.924 -16.8682 0
    endloop
  endfacet
  facet normal 0 0 -1
    outer loop
      vertex -15.0927 15.3023 0
      vertex -19.2139 19.8302 0
      vertex -18.8679 20.0957 0
    endloop
  endfacet
  facet normal -0 0 -1
    outer loop
      vertex -15.4722 -14.85 0
      vertex -20.981 -16.4358 0
      vertex -15.5407 -14.7185 0
    endloop
  endfacet
  facet normal 0 0 -1
    outer loop
      vertex -15.2021 15.2021 0
      vertex -19.5355 19.5355 0
      vertex -19.2139 19.8302 0
    endloop
  endfacet
  facet normal 0 0 -1
    outer loop
      vertex -21 -16 0
      vertex -15.5407 -14.7185 0
      vertex -20.981 -16.4358 0
    endloop
  endfacet
  facet normal 0 0 -1
    outer loop
      vertex -15.2021 15.2021 0
      vertex -19.8302 19.2139 0
      vertex -19.5355 19.5355 0
    endloop
  endfacet
  facet normal -0 0 -1
    outer loop
      vertex -15.5407 -14.7185 0
      vertex -21 -16 0
      vertex -15.5975 -14.5814 0
    endloop
  endfacet
  facet normal 0 0 -1
    outer loop
      vertex -15.3023 15.0927 0
      vertex -20.0957 18.8679 0
      vertex -19.8302 19.2139 0
    endloop
  endfacet
  facet normal -0 0 -1
    outer loop
      vertex -15.5975 -14.5814 0
      vertex -21 -16 0
      vertex -15.6421 -14.44 0
    endloop
  endfacet
  facet normal 0 0 -1
    outer loop
      vertex -15.3023 15.0927 0
      vertex -20.3301 18.5 0
      vertex -20.0957 18.8679 0
    endloop
  endfacet
  facet normal -0 0 -1
    outer loop
      vertex -15.6421 -14.44 0
      vertex -21 -16 0
      vertex -15.6742 -14.2952 0
    endloop
  endfacet
  facet normal 0 0 -1
    outer loop
      vertex -15.3926 14.9751 0
      vertex -20.5315 18.1131 0
      vertex -20.3301 18.5 0
    endloop
  endfacet
  facet normal -0 0 -1
    outer loop
      vertex -15.6742 -14.2952 0
      vertex -21 -16 0
      vertex -15.6935 -14.1482 0
    endloop
  endfacet
  facet normal 0 0 -1
    outer loop
      vertex -15.3926 14.9751 0
      vertex -20.6985 17.7101 0
      vertex -20.5315 18.1131 0
    endloop
  endfacet
  facet normal -0 0 -1
    outer loop
      vertex -15.6935 -14.1482 0
      vertex -21 -16 0
      vertex -15.7 -14 0
    endloop
  endfacet
  facet normal 0 0 -1
    outer loop
      vertex -15.3926 14.9751 0
      vertex -20.8296 17.2941 0
      vertex -20.6985 17.7101 0
    endloop
  endfacet
  facet normal 0 0 -1
    outer loop
      vertex -15.4722 14.85 0
      vertex -20.924 16.8682 0
      vertex -20.8296 17.2941 0
    endloop
  endfacet
  facet normal 0 0 -1
    outer loop
      vertex -15.4722 14.85 0
      vertex -20.981 16.4358 0
      vertex -20.924 16.8682 0
    endloop
  endfacet
  facet normal -0.953759 -0.300572 0
    outer loop
      vertex -20.6985 -17.7101 0
      vertex -20.8296 -17.2941 6
      vertex -20.8296 -17.2941 0
    endloop
  endfacet
  facet normal -0.953759 -0.300572 0
    outer loop
      vertex -20.8296 -17.2941 6
      vertex -20.6985 -17.7101 0
      vertex -20.6985 -17.7101 6
    endloop
  endfacet
  facet normal 0.991405 0.130826 0
    outer loop
      vertex 13.7914 2.4 54
      vertex 13.7873 2.43107 27.4
      vertex 13.7873 2.43107 54
    endloop
  endfacet
  facet normal 0.991405 0.130826 0
    outer loop
      vertex 13.7873 2.43107 27.4
      vertex 13.7914 2.4 54
      vertex 13.7914 2.4 27.4
    endloop
  endfacet
  facet normal 0.991405 0.130826 0
    outer loop
      vertex 13.7914 2.4 21.6677
      vertex 13.7873 2.43107 6
      vertex 13.7873 2.43107 21.67
    endloop
  endfacet
  facet normal 0.991442 0.13054 0.00143214
    outer loop
      vertex 13.9181 1.43788 21.6535
      vertex 13.7914 2.4 21.6677
      vertex 13.8154 2.21762 21.677
    endloop
  endfacet
  facet normal 0.99144 0.130561 -5.34239e-07
    outer loop
      vertex 13.7914 2.4 21.6677
      vertex 13.9181 1.43788 21.6535
      vertex 13.7873 2.43107 6
    endloop
  endfacet
  facet normal 0.991493 0.130159 1.34527e-06
    outer loop
      vertex 13.9467 1.22018 6
      vertex 13.9181 1.43788 21.6535
      vertex 13.9426 1.25125 21.6677
    endloop
  endfacet
  facet normal 0.991405 0.130826 -0
    outer loop
      vertex 13.9467 1.22018 6
      vertex 13.9426 1.25125 21.6677
      vertex 13.9467 1.22018 21.67
    endloop
  endfacet
  facet normal 0.991447 0.130513 -3.65756e-06
    outer loop
      vertex 13.9181 1.43788 21.6535
      vertex 13.9467 1.22018 6
      vertex 13.7873 2.43107 6
    endloop
  endfacet
  facet normal 0.999047 0.0436405 0
    outer loop
      vertex 14 0 21.6757
      vertex 13.9467 1.22018 6
      vertex 13.9467 1.22018 21.67
    endloop
  endfacet
  facet normal 0.999047 0.0436405 0
    outer loop
      vertex 13.9467 1.22018 6
      vertex 14 0 21.6757
      vertex 14 0 6
    endloop
  endfacet
  facet normal 0.976304 0.216402 0
    outer loop
      vertex 13.7873 2.43107 54
      vertex 13.523 3.62347 27.4
      vertex 13.523 3.62347 54
    endloop
  endfacet
  facet normal 0.976304 0.216402 0
    outer loop
      vertex 13.523 3.62347 27.4
      vertex 13.7873 2.43107 54
      vertex 13.7873 2.43107 27.4
    endloop
  endfacet
  facet normal 0.285167 0 0.958478
    outer loop
      vertex 13.6077 3.24137 21.6505
      vertex 13.523 3.62347 21.6757
      vertex 13.523 3.62346 21.6757
    endloop
  endfacet
  facet normal 0.976301 0.216416 0
    outer loop
      vertex 13.523 3.62347 21.6757
      vertex 13.6077 3.24137 21.6505
      vertex 13.523 3.62347 6
    endloop
  endfacet
  facet normal 0.976345 0.216218 9.60414e-06
    outer loop
      vertex 13.7873 2.43107 6
      vertex 13.6077 3.24137 21.6505
      vertex 13.6488 3.05578 21.6583
    endloop
  endfacet
  facet normal 0.976278 0.216519 -2.98976e-06
    outer loop
      vertex 13.7873 2.43107 6
      vertex 13.6488 3.05578 21.6583
      vertex 13.7212 2.72933 21.6714
    endloop
  endfacet
  facet normal 0.976312 0.216369 -0
    outer loop
      vertex 13.7873 2.43107 6
      vertex 13.7212 2.72933 21.6714
      vertex 13.7873 2.43107 21.67
    endloop
  endfacet
  facet normal 0.976304 0.216402 -3.79291e-07
    outer loop
      vertex 13.6077 3.24137 21.6505
      vertex 13.7873 2.43107 6
      vertex 13.523 3.62347 6
    endloop
  endfacet
  facet normal -0.537342 0.843364 0
    outer loop
      vertex -7 12.1244 6
      vertex -8.03007 11.4681 54
      vertex -7 12.1244 54
    endloop
  endfacet
  facet normal -0.537342 0.843364 0
    outer loop
      vertex -8.03007 11.4681 54
      vertex -7 12.1244 6
      vertex -8.03007 11.4681 6
    endloop
  endfacet
  facet normal -0.38269 0.923877 0
    outer loop
      vertex -4.78828 13.1557 6
      vertex -5.91666 12.6883 54
      vertex -4.78828 13.1557 54
    endloop
  endfacet
  facet normal -0.38269 0.923877 0
    outer loop
      vertex -5.91666 12.6883 54
      vertex -4.78828 13.1557 6
      vertex -5.91666 12.6883 6
    endloop
  endfacet
  facet normal -0.216402 -0.976304 0
    outer loop
      vertex -2.43107 -13.7873 6
      vertex -3.62347 -13.523 42.663
      vertex -3.62347 -13.523 6
    endloop
  endfacet
  facet normal -0.216402 -0.976304 0
    outer loop
      vertex -3.62347 -13.523 42.663
      vertex -2.43107 -13.7873 6
      vertex -2.43107 -13.7873 42.8791
    endloop
  endfacet
  facet normal -0.737281 -0.675586 0
    outer loop
      vertex -9.89949 -9.89949 6
      vertex -10.7246 -8.99903 54
      vertex -10.7246 -8.99903 6
    endloop
  endfacet
  facet normal -0.737281 -0.675586 0
    outer loop
      vertex -10.7246 -8.99903 54
      vertex -9.89949 -9.89949 6
      vertex -9.89949 -9.89949 54
    endloop
  endfacet
  facet normal 0.537342 -0.843364 0
    outer loop
      vertex 7 -12.1244 6
      vertex 8.03007 -11.4681 54
      vertex 7 -12.1244 54
    endloop
  endfacet
  facet normal 0.537342 -0.843364 0
    outer loop
      vertex 8.03007 -11.4681 54
      vertex 7 -12.1244 6
      vertex 8.03007 -11.4681 6
    endloop
  endfacet
  facet normal 0.130513 -0.991447 0
    outer loop
      vertex 1.22018 -13.9467 6
      vertex 2.43107 -13.7873 42.8791
      vertex 1.22018 -13.9467 43.0093
    endloop
  endfacet
  facet normal 0.130513 -0.991447 0
    outer loop
      vertex 2.43107 -13.7873 42.8791
      vertex 1.22018 -13.9467 6
      vertex 2.43107 -13.7873 6
    endloop
  endfacet
  facet normal -0.675586 0.737281 0
    outer loop
      vertex -8.99903 10.7246 6
      vertex -9.89949 9.89949 54
      vertex -8.99903 10.7246 54
    endloop
  endfacet
  facet normal -0.675586 0.737281 0
    outer loop
      vertex -9.89949 9.89949 54
      vertex -8.99903 10.7246 6
      vertex -9.89949 9.89949 6
    endloop
  endfacet
  facet normal -0.793357 0.608757 0
    outer loop
      vertex -11.4681 8.03007 6
      vertex -10.7246 8.99903 54
      vertex -10.7246 8.99903 6
    endloop
  endfacet
  facet normal -0.793357 0.608757 0
    outer loop
      vertex -10.7246 8.99903 54
      vertex -11.4681 8.03007 6
      vertex -11.4681 8.03007 54
    endloop
  endfacet
  facet normal 0.737281 0.675586 0
    outer loop
      vertex 10.7246 8.99903 54
      vertex 9.89949 9.89949 27.4
      vertex 9.89949 9.89949 54
    endloop
  endfacet
  facet normal 0.737281 0.675586 0
    outer loop
      vertex 9.89949 9.89949 27.4
      vertex 10.7246 8.99903 54
      vertex 10.7246 8.99903 27.4
    endloop
  endfacet
  facet normal 0.737262 0.675607 0
    outer loop
      vertex 10.1639 9.61095 21.6505
      vertex 9.89949 9.89949 6
      vertex 9.89949 9.89949 21.6757
    endloop
  endfacet
  facet normal 0.737364 0.675496 5.76381e-06
    outer loop
      vertex 10.7246 8.99903 6
      vertex 10.1639 9.61095 21.6505
      vertex 10.2923 9.47079 21.6583
    endloop
  endfacet
  facet normal 0.737243 0.675625 0.00193688
    outer loop
      vertex 10.7246 8.99903 21.67
      vertex 10.2923 9.47079 21.6583
      vertex 10.5182 9.22425 21.6714
    endloop
  endfacet
  facet normal 0.737268 0.6756 0
    outer loop
      vertex 10.2923 9.47079 21.6583
      vertex 10.7246 8.99903 21.67
      vertex 10.7246 8.99903 6
    endloop
  endfacet
  facet normal 0.737281 0.675586 -7.00479e-07
    outer loop
      vertex 10.1639 9.61095 21.6505
      vertex 10.7246 8.99903 6
      vertex 9.89949 9.89949 6
    endloop
  endfacet
  facet normal 0.0436405 0.999047 0
    outer loop
      vertex 0 14 30.4
      vertex 1.22018 13.9467 43.0093
      vertex 1.22018 13.9467 30.4
    endloop
  endfacet
  facet normal 0.0436405 0.999047 0
    outer loop
      vertex 1.22018 13.9467 43.0093
      vertex 0 14 30.4
      vertex 0 14 43.0529
    endloop
  endfacet
  facet normal 0.0436405 0.999047 -0
    outer loop
      vertex 1.22018 13.9467 6
      vertex 0 14 21.6757
      vertex 1.22018 13.9467 21.67
    endloop
  endfacet
  facet normal 0.0436405 0.999047 0
    outer loop
      vertex 0 14 21.6757
      vertex 1.22018 13.9467 6
      vertex 0 14 6
    endloop
  endfacet
  facet normal 0.38269 0.923877 -0
    outer loop
      vertex 5.91666 12.6883 27.4
      vertex 4.78828 13.1557 54
      vertex 5.91666 12.6883 54
    endloop
  endfacet
  facet normal 0.38269 0.923877 0
    outer loop
      vertex 4.78828 13.1557 54
      vertex 5.91666 12.6883 27.4
      vertex 4.78828 13.1557 27.4
    endloop
  endfacet
  facet normal 0.382803 0.92383 -0
    outer loop
      vertex 5.91666 12.6883 6
      vertex 5.8877 12.7003 21.6677
      vertex 5.91666 12.6883 21.67
    endloop
  endfacet
  facet normal 0.382763 0.923847 3.06412e-06
    outer loop
      vertex 5.71379 12.7723 21.6535
      vertex 5.91666 12.6883 6
      vertex 4.99115 13.0717 21.6535
    endloop
  endfacet
  facet normal 0.382521 0.923947 -6.10273e-07
    outer loop
      vertex 5.8877 12.7003 21.6677
      vertex 5.91666 12.6883 6
      vertex 5.71379 12.7723 21.6535
    endloop
  endfacet
  facet normal 0.382763 0.923847 -7.05124e-14
    outer loop
      vertex 5.35247 12.922 21.6652
      vertex 5.71379 12.7723 21.6535
      vertex 4.99115 13.0717 21.6535
    endloop
  endfacet
  facet normal 0.382521 0.923947 6.10273e-07
    outer loop
      vertex 4.78828 13.1557 6
      vertex 4.81724 13.1437 21.6677
      vertex 4.99115 13.0717 21.6535
    endloop
  endfacet
  facet normal 0.38269 0.923877 -1.9624e-06
    outer loop
      vertex 4.78828 13.1557 6
      vertex 4.99115 13.0717 21.6535
      vertex 5.91666 12.6883 6
    endloop
  endfacet
  facet normal 0.382803 0.92383 0
    outer loop
      vertex 4.81724 13.1437 21.6677
      vertex 4.78828 13.1557 6
      vertex 4.78828 13.1557 21.67
    endloop
  endfacet
  facet normal 0.923877 0.38269 0
    outer loop
      vertex 13.1557 4.78828 54
      vertex 12.6883 5.91666 27.4
      vertex 12.6883 5.91666 54
    endloop
  endfacet
  facet normal 0.923877 0.38269 0
    outer loop
      vertex 12.6883 5.91666 27.4
      vertex 13.1557 4.78828 54
      vertex 13.1557 4.78828 27.4
    endloop
  endfacet
  facet normal 0.92383 0.382803 0
    outer loop
      vertex 12.7003 5.8877 21.6677
      vertex 12.6883 5.91666 6
      vertex 12.6883 5.91666 21.67
    endloop
  endfacet
  facet normal 0.923947 0.382521 -6.10273e-07
    outer loop
      vertex 12.7723 5.71379 21.6535
      vertex 12.6883 5.91666 6
      vertex 12.7003 5.8877 21.6677
    endloop
  endfacet
  facet normal 0.923847 0.382763 -7.12706e-14
    outer loop
      vertex 13.0717 4.99115 21.6535
      vertex 12.7723 5.71379 21.6535
      vertex 12.922 5.35247 21.6652
    endloop
  endfacet
  facet normal 0.923847 0.382763 3.06412e-06
    outer loop
      vertex 12.7723 5.71379 21.6535
      vertex 13.0717 4.99115 21.6535
      vertex 12.6883 5.91666 6
    endloop
  endfacet
  facet normal 0.923947 0.382521 6.10273e-07
    outer loop
      vertex 13.1557 4.78828 6
      vertex 13.0717 4.99115 21.6535
      vertex 13.1437 4.81724 21.6677
    endloop
  endfacet
  facet normal 0.92383 0.382803 -0
    outer loop
      vertex 13.1557 4.78828 6
      vertex 13.1437 4.81724 21.6677
      vertex 13.1557 4.78828 21.67
    endloop
  endfacet
  facet normal 0.923877 0.38269 -1.9624e-06
    outer loop
      vertex 13.0717 4.99115 21.6535
      vertex 13.1557 4.78828 6
      vertex 12.6883 5.91666 6
    endloop
  endfacet
  facet normal -0.953708 -0.300733 0
    outer loop
      vertex -13.1557 -4.78828 6
      vertex -13.523 -3.62347 54
      vertex -13.523 -3.62347 6
    endloop
  endfacet
  facet normal -0.953708 -0.300733 0
    outer loop
      vertex -13.523 -3.62347 54
      vertex -13.1557 -4.78828 6
      vertex -13.1557 -4.78828 54
    endloop
  endfacet
  facet normal -0.999047 -0.0436405 0
    outer loop
      vertex -13.9467 -1.22018 6
      vertex -14 0 54
      vertex -14 0 6
    endloop
  endfacet
  facet normal -0.999047 -0.0436405 0
    outer loop
      vertex -14 0 54
      vertex -13.9467 -1.22018 6
      vertex -13.9467 -1.22018 54
    endloop
  endfacet
  facet normal 0.923877 -0.38269 0
    outer loop
      vertex 12.6883 -5.91666 54
      vertex 13.1557 -4.78828 6
      vertex 13.1557 -4.78828 54
    endloop
  endfacet
  facet normal 0.923877 -0.38269 0
    outer loop
      vertex 13.1557 -4.78828 6
      vertex 12.6883 -5.91666 54
      vertex 12.6883 -5.91666 6
    endloop
  endfacet
  facet normal -0.0436405 0.999047 0
    outer loop
      vertex 0 14 30.4
      vertex -1.22018 13.9467 43.0093
      vertex 0 14 43.0529
    endloop
  endfacet
  facet normal -0.0436405 0.999047 0
    outer loop
      vertex -1.22018 13.9467 43.0093
      vertex 0 14 30.4
      vertex -1.22018 13.9467 30.4
    endloop
  endfacet
  facet normal -0.0436925 0.999045 0
    outer loop
      vertex 0 14 21.6757
      vertex 0 14 6
      vertex -0.390998 13.9829 21.6505
    endloop
  endfacet
  facet normal -0.043662 0.999046 2.44421e-06
    outer loop
      vertex -1.22018 13.9467 6
      vertex -0.580913 13.9746 21.6583
      vertex -0.390998 13.9829 21.6505
    endloop
  endfacet
  facet normal -0.0436405 0.999047 1.30186e-06
    outer loop
      vertex -1.22018 13.9467 6
      vertex -0.390998 13.9829 21.6505
      vertex 0 14 6
    endloop
  endfacet
  facet normal -0.0436022 0.999049 0
    outer loop
      vertex -0.580913 13.9746 21.6583
      vertex -1.22018 13.9467 6
      vertex -1.22018 13.9467 21.6834
    endloop
  endfacet
  facet normal 0.675586 0.737281 -0
    outer loop
      vertex 9.89949 9.89949 27.4
      vertex 8.99903 10.7246 54
      vertex 9.89949 9.89949 54
    endloop
  endfacet
  facet normal 0.675586 0.737281 0
    outer loop
      vertex 8.99903 10.7246 54
      vertex 9.89949 9.89949 27.4
      vertex 8.99903 10.7246 27.4
    endloop
  endfacet
  facet normal 0.675607 0.737262 0
    outer loop
      vertex 9.89949 9.89949 21.6757
      vertex 9.89949 9.89949 6
      vertex 9.61095 10.1639 21.6505
    endloop
  endfacet
  facet normal 0.675625 0.737243 0.00193688
    outer loop
      vertex 9.47079 10.2923 21.6583
      vertex 8.99903 10.7246 21.67
      vertex 9.22425 10.5182 21.6714
    endloop
  endfacet
  facet normal 0.675671 0.737177 0.00621007
    outer loop
      vertex 9.61095 10.1639 21.6505
      vertex 8.99903 10.7246 21.67
      vertex 9.47079 10.2923 21.6583
    endloop
  endfacet
  facet normal 0.675586 0.737281 -7.00479e-07
    outer loop
      vertex 8.99903 10.7246 6
      vertex 9.61095 10.1639 21.6505
      vertex 9.89949 9.89949 6
    endloop
  endfacet
  facet normal 0.675576 0.73729 0
    outer loop
      vertex 9.61095 10.1639 21.6505
      vertex 8.99903 10.7246 6
      vertex 8.99903 10.7246 21.67
    endloop
  endfacet
  facet normal 0.999045 -0.0436925 0
    outer loop
      vertex 13.9829 -0.390998 21.6505
      vertex 14 0 6
      vertex 14 0 21.6757
    endloop
  endfacet
  facet normal 0.999046 -0.043662 2.44421e-06
    outer loop
      vertex 13.9467 -1.22018 6
      vertex 13.9829 -0.390998 21.6505
      vertex 13.9746 -0.580913 21.6583
    endloop
  endfacet
  facet normal 0.999049 -0.0436022 0
    outer loop
      vertex 13.9467 -1.22018 6
      vertex 13.9746 -0.580913 21.6583
      vertex 13.9467 -1.22018 21.6834
    endloop
  endfacet
  facet normal 0.999047 -0.0436405 1.30186e-06
    outer loop
      vertex 13.9829 -0.390998 21.6505
      vertex 13.9467 -1.22018 6
      vertex 14 0 6
    endloop
  endfacet
  facet normal -0.976304 -0.216402 0
    outer loop
      vertex -13.523 -3.62347 6
      vertex -13.7873 -2.43107 54
      vertex -13.7873 -2.43107 6
    endloop
  endfacet
  facet normal -0.976304 -0.216402 0
    outer loop
      vertex -13.7873 -2.43107 54
      vertex -13.523 -3.62347 6
      vertex -13.523 -3.62347 54
    endloop
  endfacet
  facet normal 0.537342 0.843364 -0
    outer loop
      vertex 8.03007 11.4681 27.4
      vertex 7 12.1244 54
      vertex 8.03007 11.4681 54
    endloop
  endfacet
  facet normal 0.537342 0.843364 0
    outer loop
      vertex 7 12.1244 54
      vertex 8.03007 11.4681 27.4
      vertex 7 12.1244 27.4
    endloop
  endfacet
  facet normal 0.537401 0.843286 -0.00831716
    outer loop
      vertex 8.03007 11.4681 21.67
      vertex 7.4904 11.8119 21.6583
      vertex 7.77243 11.6323 21.6714
    endloop
  endfacet
  facet normal 0.537291 0.843397 -0
    outer loop
      vertex 8.03007 11.4681 6
      vertex 7.4904 11.8119 21.6583
      vertex 8.03007 11.4681 21.67
    endloop
  endfacet
  facet normal 0.537542 0.843237 1.21589e-05
    outer loop
      vertex 7.4904 11.8119 21.6583
      vertex 8.03007 11.4681 6
      vertex 7.33008 11.9141 21.6505
    endloop
  endfacet
  facet normal 0.537342 0.843364 -4.07162e-07
    outer loop
      vertex 7 12.1244 6
      vertex 7.33008 11.9141 21.6505
      vertex 8.03007 11.4681 6
    endloop
  endfacet
  facet normal 0.537328 0.843373 0
    outer loop
      vertex 7.33008 11.9141 21.6505
      vertex 7 12.1244 6
      vertex 7 12.1244 21.6757
    endloop
  endfacet
  facet normal 0.976304 -0.216402 0
    outer loop
      vertex 13.523 -3.62347 54
      vertex 13.7873 -2.43107 6
      vertex 13.7873 -2.43107 54
    endloop
  endfacet
  facet normal 0.976304 -0.216402 0
    outer loop
      vertex 13.7873 -2.43107 6
      vertex 13.523 -3.62347 54
      vertex 13.523 -3.62347 6
    endloop
  endfacet
  facet normal -0.923877 -0.38269 0
    outer loop
      vertex -12.6883 -5.91666 6
      vertex -13.1557 -4.78828 54
      vertex -13.1557 -4.78828 6
    endloop
  endfacet
  facet normal -0.923877 -0.38269 0
    outer loop
      vertex -13.1557 -4.78828 54
      vertex -12.6883 -5.91666 6
      vertex -12.6883 -5.91666 54
    endloop
  endfacet
  facet normal 0.216402 -0.976304 0
    outer loop
      vertex 2.43107 -13.7873 6
      vertex 3.62347 -13.523 42.663
      vertex 2.43107 -13.7873 42.8791
    endloop
  endfacet
  facet normal 0.216402 -0.976304 0
    outer loop
      vertex 3.62347 -13.523 42.663
      vertex 2.43107 -13.7873 6
      vertex 3.62347 -13.523 6
    endloop
  endfacet
  facet normal -0.461716 0.887028 0
    outer loop
      vertex -5.91666 12.6883 6
      vertex -7 12.1244 54
      vertex -5.91666 12.6883 54
    endloop
  endfacet
  facet normal -0.461716 0.887028 0
    outer loop
      vertex -7 12.1244 54
      vertex -5.91666 12.6883 6
      vertex -7 12.1244 6
    endloop
  endfacet
  facet normal -0.608757 0.793357 0
    outer loop
      vertex -8.03007 11.4681 6
      vertex -8.99903 10.7246 54
      vertex -8.03007 11.4681 54
    endloop
  endfacet
  facet normal -0.608757 0.793357 0
    outer loop
      vertex -8.99903 10.7246 54
      vertex -8.03007 11.4681 6
      vertex -8.99903 10.7246 6
    endloop
  endfacet
  facet normal -0.300737 0.953707 0
    outer loop
      vertex -3.62347 13.523 42.663
      vertex -3.62347 13.523 6
      vertex -4.5 13.2466 42.4371
    endloop
  endfacet
  facet normal -0.300723 0.953712 0
    outer loop
      vertex -4.5 13.2466 42.4371
      vertex -4.78828 13.1557 54
      vertex -4.5 13.2466 54
    endloop
  endfacet
  facet normal -0.300733 0.953708 9.02199e-08
    outer loop
      vertex -4.78828 13.1557 6
      vertex -4.5 13.2466 42.4371
      vertex -3.62347 13.523 6
    endloop
  endfacet
  facet normal -0.300723 0.953712 0
    outer loop
      vertex -4.5 13.2466 42.4371
      vertex -4.78828 13.1557 6
      vertex -4.78828 13.1557 54
    endloop
  endfacet
  facet normal -0.887028 0.461716 0
    outer loop
      vertex -12.6883 5.91666 6
      vertex -12.1244 7 54
      vertex -12.1244 7 6
    endloop
  endfacet
  facet normal -0.887028 0.461716 0
    outer loop
      vertex -12.1244 7 54
      vertex -12.6883 5.91666 6
      vertex -12.6883 5.91666 54
    endloop
  endfacet
  facet normal -0.923877 0.38269 0
    outer loop
      vertex -13.1557 4.78828 6
      vertex -12.6883 5.91666 54
      vertex -12.6883 5.91666 6
    endloop
  endfacet
  facet normal -0.923877 0.38269 0
    outer loop
      vertex -12.6883 5.91666 54
      vertex -13.1557 4.78828 6
      vertex -13.1557 4.78828 54
    endloop
  endfacet
  facet normal 0.991405 -0.130826 0
    outer loop
      vertex 13.7914 -2.4 54
      vertex 13.7873 -2.43107 54
      vertex 13.7914 -2.4 21.6677
    endloop
  endfacet
  facet normal 0.991452 -0.130471 0
    outer loop
      vertex 13.816 -2.21337 21.6535
      vertex 13.9467 -1.22018 6
      vertex 13.9467 -1.22018 21.6834
    endloop
  endfacet
  facet normal 0.991424 -0.130681 -2.91884e-07
    outer loop
      vertex 13.7873 -2.43107 6
      vertex 13.816 -2.21337 21.6535
      vertex 13.7914 -2.4 21.6677
    endloop
  endfacet
  facet normal 0.991447 -0.130513 -2.67614e-06
    outer loop
      vertex 13.816 -2.21337 21.6535
      vertex 13.7873 -2.43107 6
      vertex 13.9467 -1.22018 6
    endloop
  endfacet
  facet normal 0.991405 -0.130826 0
    outer loop
      vertex 13.7873 -2.43107 6
      vertex 13.7914 -2.4 21.6677
      vertex 13.7873 -2.43107 54
    endloop
  endfacet
  facet normal 0.843364 0.537342 0
    outer loop
      vertex 12.1244 7 54
      vertex 11.4681 8.03007 27.4
      vertex 11.4681 8.03007 54
    endloop
  endfacet
  facet normal 0.843364 0.537342 0
    outer loop
      vertex 11.4681 8.03007 27.4
      vertex 12.1244 7 54
      vertex 12.1244 7 27.4
    endloop
  endfacet
  facet normal 0.843286 0.537401 -0.00831716
    outer loop
      vertex 11.8119 7.4904 21.6583
      vertex 11.4681 8.03007 21.67
      vertex 11.6323 7.77243 21.6714
    endloop
  endfacet
  facet normal 0.843397 0.537291 0
    outer loop
      vertex 11.4681 8.03007 21.67
      vertex 11.8119 7.4904 21.6583
      vertex 11.4681 8.03007 6
    endloop
  endfacet
  facet normal 0.843237 0.537542 1.21589e-05
    outer loop
      vertex 11.9141 7.33008 21.6505
      vertex 11.4681 8.03007 6
      vertex 11.8119 7.4904 21.6583
    endloop
  endfacet
  facet normal 0.843373 0.537328 0
    outer loop
      vertex 11.9141 7.33008 21.6505
      vertex 12.1244 7 21.6757
      vertex 12.1244 7 6
    endloop
  endfacet
  facet normal 0.843364 0.537342 -4.07162e-07
    outer loop
      vertex 11.9141 7.33008 21.6505
      vertex 12.1244 7 6
      vertex 11.4681 8.03007 6
    endloop
  endfacet
  facet normal 0.461716 -0.887028 0
    outer loop
      vertex 5.91666 -12.6883 6
      vertex 7 -12.1244 54
      vertex 5.91666 -12.6883 54
    endloop
  endfacet
  facet normal 0.461716 -0.887028 0
    outer loop
      vertex 7 -12.1244 54
      vertex 5.91666 -12.6883 6
      vertex 7 -12.1244 6
    endloop
  endfacet
  facet normal -0.976304 0.216402 0
    outer loop
      vertex -13.7873 2.43107 6
      vertex -13.523 3.62347 54
      vertex -13.523 3.62347 6
    endloop
  endfacet
  facet normal -0.976304 0.216402 0
    outer loop
      vertex -13.523 3.62347 54
      vertex -13.7873 2.43107 6
      vertex -13.7873 2.43107 54
    endloop
  endfacet
  facet normal -0.38269 -0.923877 0
    outer loop
      vertex -5.91666 -12.6883 6
      vertex -4.78828 -13.1557 54
      vertex -5.91666 -12.6883 54
    endloop
  endfacet
  facet normal -0.38269 -0.923877 -0
    outer loop
      vertex -4.78828 -13.1557 54
      vertex -5.91666 -12.6883 6
      vertex -4.78828 -13.1557 6
    endloop
  endfacet
  facet normal -0.843364 0.537342 0
    outer loop
      vertex -12.1244 7 6
      vertex -11.4681 8.03007 54
      vertex -11.4681 8.03007 6
    endloop
  endfacet
  facet normal -0.843364 0.537342 0
    outer loop
      vertex -11.4681 8.03007 54
      vertex -12.1244 7 6
      vertex -12.1244 7 54
    endloop
  endfacet
  facet normal 0.608757 -0.793357 0
    outer loop
      vertex 8.03007 -11.4681 6
      vertex 8.99903 -10.7246 54
      vertex 8.03007 -11.4681 54
    endloop
  endfacet
  facet normal 0.608757 -0.793357 0
    outer loop
      vertex 8.99903 -10.7246 54
      vertex 8.03007 -11.4681 6
      vertex 8.99903 -10.7246 6
    endloop
  endfacet
  facet normal -0.130471 0.991452 0
    outer loop
      vertex -1.22018 13.9467 21.6834
      vertex -1.22018 13.9467 6
      vertex -2.21337 13.816 21.6535
    endloop
  endfacet
  facet normal -0.130513 0.991447 0
    outer loop
      vertex -1.22018 13.9467 30.4
      vertex -2.43107 13.7873 42.8791
      vertex -1.22018 13.9467 43.0093
    endloop
  endfacet
  facet normal -0.130505 0.991448 8.14204e-07
    outer loop
      vertex -2.4 13.7914 30.4
      vertex -2.43107 13.7873 42.8791
      vertex -1.22018 13.9467 30.4
    endloop
  endfacet
  facet normal -0.130826 0.991405 0
    outer loop
      vertex -2.4 13.7914 21.6677
      vertex -2.43107 13.7873 42.8791
      vertex -2.4 13.7914 30.4
    endloop
  endfacet
  facet normal -0.130513 0.991447 -2.67614e-06
    outer loop
      vertex -2.43107 13.7873 6
      vertex -2.21337 13.816 21.6535
      vertex -1.22018 13.9467 6
    endloop
  endfacet
  facet normal -0.130826 0.991405 0
    outer loop
      vertex -2.4 13.7914 21.6677
      vertex -2.43107 13.7873 6
      vertex -2.43107 13.7873 42.8791
    endloop
  endfacet
  facet normal -0.130681 0.991424 -2.91884e-07
    outer loop
      vertex -2.21337 13.816 21.6535
      vertex -2.43107 13.7873 6
      vertex -2.4 13.7914 21.6677
    endloop
  endfacet
  facet normal 0.300723 0.953712 0
    outer loop
      vertex 4.78828 13.1557 54
      vertex 4.5 13.2466 42.4371
      vertex 4.5 13.2466 54
    endloop
  endfacet
  facet normal 0.300723 0.953712 0
    outer loop
      vertex 4.5 13.2466 42.4371
      vertex 4.78828 13.1557 54
      vertex 4.78828 13.1557 27.4
    endloop
  endfacet
  facet normal 0.300733 0.953708 2.18616e-07
    outer loop
      vertex 3.62347 13.523 27.4
      vertex 4.5 13.2466 42.4371
      vertex 4.78828 13.1557 27.4
    endloop
  endfacet
  facet normal 0.300737 0.953707 0
    outer loop
      vertex 4.5 13.2466 42.4371
      vertex 3.62347 13.523 27.4
      vertex 3.62347 13.523 42.663
    endloop
  endfacet
  facet normal 0.300793 0.953667 -0.00650492
    outer loop
      vertex 4.78828 13.1557 21.67
      vertex 4.17802 13.3481 21.6583
      vertex 4.49694 13.2476 21.6714
    endloop
  endfacet
  facet normal 0.300686 0.953723 -0
    outer loop
      vertex 4.78828 13.1557 6
      vertex 4.17802 13.3481 21.6583
      vertex 4.78828 13.1557 21.67
    endloop
  endfacet
  facet normal 0.300879 0.953662 8.30109e-06
    outer loop
      vertex 4.17802 13.3481 21.6583
      vertex 4.78828 13.1557 6
      vertex 3.99672 13.4053 21.6505
    endloop
  endfacet
  facet normal 0.300733 0.953708 1.78501e-07
    outer loop
      vertex 3.62347 13.523 6
      vertex 3.99672 13.4053 21.6505
      vertex 4.78828 13.1557 6
    endloop
  endfacet
  facet normal 0.30074 0.953706 0
    outer loop
      vertex 3.99672 13.4053 21.6505
      vertex 3.62347 13.523 6
      vertex 3.62347 13.523 21.6757
    endloop
  endfacet
  facet normal -0.953708 0.300733 0
    outer loop
      vertex -13.523 3.62347 6
      vertex -13.1557 4.78828 54
      vertex -13.1557 4.78828 6
    endloop
  endfacet
  facet normal -0.953708 0.300733 0
    outer loop
      vertex -13.1557 4.78828 54
      vertex -13.523 3.62347 6
      vertex -13.523 3.62347 54
    endloop
  endfacet
  facet normal 0.608757 0.793357 -0
    outer loop
      vertex 8.99903 10.7246 27.4
      vertex 8.03007 11.4681 54
      vertex 8.99903 10.7246 54
    endloop
  endfacet
  facet normal 0.608757 0.793357 0
    outer loop
      vertex 8.03007 11.4681 54
      vertex 8.99903 10.7246 27.4
      vertex 8.03007 11.4681 27.4
    endloop
  endfacet
  facet normal 0.609408 0.771491 -0.182822
    outer loop
      vertex 8.99903 10.7246 21.67
      vertex 8.82482 10.8583 21.6535
      vertex 8.97416 10.7437 21.6677
    endloop
  endfacet
  facet normal 0.60879 0.793332 -7.13231e-07
    outer loop
      vertex 8.82482 10.8583 21.6535
      vertex 8.99903 10.7246 6
      vertex 8.20427 11.3345 21.6535
    endloop
  endfacet
  facet normal 0.60883 0.793301 -0
    outer loop
      vertex 8.99903 10.7246 6
      vertex 8.82482 10.8583 21.6535
      vertex 8.99903 10.7246 21.67
    endloop
  endfacet
  facet normal 0.60879 0.793332 -0.000260167
    outer loop
      vertex 8.51455 11.0964 21.6652
      vertex 8.82482 10.8583 21.6535
      vertex 8.20427 11.3345 21.6535
    endloop
  endfacet
  facet normal 0.591579 0.728763 0.344875
    outer loop
      vertex 8.20427 11.3345 21.6535
      vertex 8.03007 11.4681 21.67
      vertex 8.05494 11.449 21.6677
    endloop
  endfacet
  facet normal 0.608757 0.793357 -3.38127e-06
    outer loop
      vertex 8.03007 11.4681 6
      vertex 8.20427 11.3345 21.6535
      vertex 8.99903 10.7246 6
    endloop
  endfacet
  facet normal 0.608565 0.793504 0
    outer loop
      vertex 8.20427 11.3345 21.6535
      vertex 8.03007 11.4681 6
      vertex 8.03007 11.4681 21.67
    endloop
  endfacet
  facet normal 0.887028 -0.461716 0
    outer loop
      vertex 12.1244 -7 54
      vertex 12.6883 -5.91666 6
      vertex 12.6883 -5.91666 54
    endloop
  endfacet
  facet normal 0.887028 -0.461716 0
    outer loop
      vertex 12.6883 -5.91666 6
      vertex 12.1244 -7 54
      vertex 12.1244 -7 6
    endloop
  endfacet
  facet normal 0.461716 0.887028 -0
    outer loop
      vertex 7 12.1244 27.4
      vertex 5.91666 12.6883 54
      vertex 7 12.1244 54
    endloop
  endfacet
  facet normal 0.461716 0.887028 0
    outer loop
      vertex 5.91666 12.6883 54
      vertex 7 12.1244 27.4
      vertex 5.91666 12.6883 27.4
    endloop
  endfacet
  facet normal 0.461719 0.887026 0
    outer loop
      vertex 7 12.1244 21.6757
      vertex 7 12.1244 6
      vertex 6.65285 12.3051 21.6505
    endloop
  endfacet
  facet normal 0.46163 0.887024 -0.009242
    outer loop
      vertex 6.48423 12.3928 21.6583
      vertex 5.91666 12.6883 21.67
      vertex 6.18762 12.5473 21.6714
    endloop
  endfacet
  facet normal 0.461426 0.887179 1.72157e-05
    outer loop
      vertex 5.91666 12.6883 6
      vertex 6.48423 12.3928 21.6583
      vertex 6.65285 12.3051 21.6505
    endloop
  endfacet
  facet normal 0.461716 0.887028 -8.64803e-08
    outer loop
      vertex 5.91666 12.6883 6
      vertex 6.65285 12.3051 21.6505
      vertex 7 12.1244 6
    endloop
  endfacet
  facet normal 0.4618 0.886984 0
    outer loop
      vertex 6.48423 12.3928 21.6583
      vertex 5.91666 12.6883 6
      vertex 5.91666 12.6883 21.67
    endloop
  endfacet
  facet normal -0.843364 -0.537342 0
    outer loop
      vertex -11.4681 -8.03007 6
      vertex -12.1244 -7 54
      vertex -12.1244 -7 6
    endloop
  endfacet
  facet normal -0.843364 -0.537342 0
    outer loop
      vertex -12.1244 -7 54
      vertex -11.4681 -8.03007 6
      vertex -11.4681 -8.03007 54
    endloop
  endfacet
  facet normal 0.843364 -0.537342 0
    outer loop
      vertex 11.4681 -8.03007 54
      vertex 12.1244 -7 6
      vertex 12.1244 -7 54
    endloop
  endfacet
  facet normal 0.843364 -0.537342 0
    outer loop
      vertex 12.1244 -7 6
      vertex 11.4681 -8.03007 54
      vertex 11.4681 -8.03007 6
    endloop
  endfacet
  facet normal 0.0436405 -0.999047 0
    outer loop
      vertex 0 -14 6
      vertex 1.22018 -13.9467 43.0093
      vertex 0 -14 43.0529
    endloop
  endfacet
  facet normal 0.0436405 -0.999047 0
    outer loop
      vertex 1.22018 -13.9467 43.0093
      vertex 0 -14 6
      vertex 1.22018 -13.9467 6
    endloop
  endfacet
  facet normal 0.953708 0.300733 0
    outer loop
      vertex 13.523 3.62347 54
      vertex 13.1557 4.78828 27.4
      vertex 13.1557 4.78828 54
    endloop
  endfacet
  facet normal 0.953708 0.300733 0
    outer loop
      vertex 13.1557 4.78828 27.4
      vertex 13.523 3.62347 54
      vertex 13.523 3.62347 27.4
    endloop
  endfacet
  facet normal 0.953679 0.300827 0
    outer loop
      vertex 13.2476 4.49694 21.6714
      vertex 13.1557 4.78828 6
      vertex 13.1557 4.78828 21.67
    endloop
  endfacet
  facet normal 0.953764 0.300556 -5.54478e-06
    outer loop
      vertex 13.3481 4.17802 21.6583
      vertex 13.1557 4.78828 6
      vertex 13.2476 4.49694 21.6714
    endloop
  endfacet
  facet normal 0.953662 0.300879 8.30109e-06
    outer loop
      vertex 13.4053 3.99672 21.6505
      vertex 13.1557 4.78828 6
      vertex 13.3481 4.17802 21.6583
    endloop
  endfacet
  facet normal 0.953706 0.30074 -0
    outer loop
      vertex 13.523 3.62347 6
      vertex 13.4053 3.99672 21.6505
      vertex 13.523 3.62347 21.6757
    endloop
  endfacet
  facet normal 0.953708 0.300733 1.78501e-07
    outer loop
      vertex 13.4053 3.99672 21.6505
      vertex 13.523 3.62347 6
      vertex 13.1557 4.78828 6
    endloop
  endfacet
  facet normal 0.887028 0.461716 0
    outer loop
      vertex 12.6883 5.91666 54
      vertex 12.1244 7 27.4
      vertex 12.1244 7 54
    endloop
  endfacet
  facet normal 0.887028 0.461716 0
    outer loop
      vertex 12.1244 7 27.4
      vertex 12.6883 5.91666 54
      vertex 12.6883 5.91666 27.4
    endloop
  endfacet
  facet normal 0.887026 0.461719 0
    outer loop
      vertex 12.3051 6.65285 21.6505
      vertex 12.1244 7 6
      vertex 12.1244 7 21.6757
    endloop
  endfacet
  facet normal 0.887179 0.461426 1.72157e-05
    outer loop
      vertex 12.6883 5.91666 6
      vertex 12.3051 6.65285 21.6505
      vertex 12.3928 6.48423 21.6583
    endloop
  endfacet
  facet normal 0.887024 0.46163 -0.009242
    outer loop
      vertex 12.6883 5.91666 21.67
      vertex 12.3928 6.48423 21.6583
      vertex 12.5473 6.18762 21.6714
    endloop
  endfacet
  facet normal 0.886984 0.4618 0
    outer loop
      vertex 12.3928 6.48423 21.6583
      vertex 12.6883 5.91666 21.67
      vertex 12.6883 5.91666 6
    endloop
  endfacet
  facet normal 0.887028 0.461716 -8.64803e-08
    outer loop
      vertex 12.3051 6.65285 21.6505
      vertex 12.6883 5.91666 6
      vertex 12.1244 7 6
    endloop
  endfacet
  facet normal 0.300737 -0.953707 0
    outer loop
      vertex 3.62347 -13.523 42.663
      vertex 3.62347 -13.523 6
      vertex 4.5 -13.2466 42.4371
    endloop
  endfacet
  facet normal 0.300723 -0.953712 0
    outer loop
      vertex 4.5 -13.2466 42.4371
      vertex 4.78828 -13.1557 54
      vertex 4.5 -13.2466 54
    endloop
  endfacet
  facet normal 0.300733 -0.953708 9.02199e-08
    outer loop
      vertex 4.78828 -13.1557 6
      vertex 4.5 -13.2466 42.4371
      vertex 3.62347 -13.523 6
    endloop
  endfacet
  facet normal 0.300723 -0.953712 0
    outer loop
      vertex 4.5 -13.2466 42.4371
      vertex 4.78828 -13.1557 6
      vertex 4.78828 -13.1557 54
    endloop
  endfacet
  facet normal -0.300723 -0.953712 0
    outer loop
      vertex -4.78828 -13.1557 54
      vertex -4.5 -13.2466 42.4371
      vertex -4.5 -13.2466 54
    endloop
  endfacet
  facet normal -0.300723 -0.953712 0
    outer loop
      vertex -4.5 -13.2466 42.4371
      vertex -4.78828 -13.1557 54
      vertex -4.78828 -13.1557 6
    endloop
  endfacet
  facet normal -0.300733 -0.953708 9.02199e-08
    outer loop
      vertex -3.62347 -13.523 6
      vertex -4.5 -13.2466 42.4371
      vertex -4.78828 -13.1557 6
    endloop
  endfacet
  facet normal -0.300737 -0.953707 0
    outer loop
      vertex -4.5 -13.2466 42.4371
      vertex -3.62347 -13.523 6
      vertex -3.62347 -13.523 42.663
    endloop
  endfacet
  facet normal -0.793357 -0.608757 0
    outer loop
      vertex -10.7246 -8.99903 6
      vertex -11.4681 -8.03007 54
      vertex -11.4681 -8.03007 6
    endloop
  endfacet
  facet normal -0.793357 -0.608757 0
    outer loop
      vertex -11.4681 -8.03007 54
      vertex -10.7246 -8.99903 6
      vertex -10.7246 -8.99903 54
    endloop
  endfacet
  facet normal -0.887028 -0.461716 0
    outer loop
      vertex -12.1244 -7 6
      vertex -12.6883 -5.91666 54
      vertex -12.6883 -5.91666 6
    endloop
  endfacet
  facet normal -0.887028 -0.461716 0
    outer loop
      vertex -12.6883 -5.91666 54
      vertex -12.1244 -7 6
      vertex -12.1244 -7 54
    endloop
  endfacet
  facet normal -0.130513 -0.991447 0
    outer loop
      vertex -1.22018 -13.9467 6
      vertex -2.43107 -13.7873 42.8791
      vertex -2.43107 -13.7873 6
    endloop
  endfacet
  facet normal -0.130513 -0.991447 0
    outer loop
      vertex -2.43107 -13.7873 42.8791
      vertex -1.22018 -13.9467 6
      vertex -1.22018 -13.9467 43.0093
    endloop
  endfacet
  facet normal -0.216402 0.976304 0
    outer loop
      vertex -2.43107 13.7873 6
      vertex -3.62347 13.523 42.663
      vertex -2.43107 13.7873 42.8791
    endloop
  endfacet
  facet normal -0.216402 0.976304 0
    outer loop
      vertex -3.62347 13.523 42.663
      vertex -2.43107 13.7873 6
      vertex -3.62347 13.523 6
    endloop
  endfacet
  facet normal 0.793357 -0.608757 0
    outer loop
      vertex 10.7246 -8.99903 54
      vertex 11.4681 -8.03007 6
      vertex 11.4681 -8.03007 54
    endloop
  endfacet
  facet normal 0.793357 -0.608757 0
    outer loop
      vertex 11.4681 -8.03007 6
      vertex 10.7246 -8.99903 54
      vertex 10.7246 -8.99903 6
    endloop
  endfacet
  facet normal -0.991447 0.130513 0
    outer loop
      vertex -13.9467 1.22018 6
      vertex -13.7873 2.43107 54
      vertex -13.7873 2.43107 6
    endloop
  endfacet
  facet normal -0.991447 0.130513 0
    outer loop
      vertex -13.7873 2.43107 54
      vertex -13.9467 1.22018 6
      vertex -13.9467 1.22018 54
    endloop
  endfacet
  facet normal 0.38269 -0.923877 0
    outer loop
      vertex 4.78828 -13.1557 6
      vertex 5.91666 -12.6883 54
      vertex 4.78828 -13.1557 54
    endloop
  endfacet
  facet normal 0.38269 -0.923877 0
    outer loop
      vertex 5.91666 -12.6883 54
      vertex 4.78828 -13.1557 6
      vertex 5.91666 -12.6883 6
    endloop
  endfacet
  facet normal 0.130826 0.991405 -0
    outer loop
      vertex 2.43107 13.7873 27.4
      vertex 2.4 13.7914 30.4
      vertex 2.43107 13.7873 42.8791
    endloop
  endfacet
  facet normal 0.130826 0.991405 0
    outer loop
      vertex 2.4 13.7914 30.4
      vertex 2.43107 13.7873 27.4
      vertex 2.4 13.7914 27.4
    endloop
  endfacet
  facet normal 0.130505 0.991448 8.14204e-07
    outer loop
      vertex 1.22018 13.9467 30.4
      vertex 2.43107 13.7873 42.8791
      vertex 2.4 13.7914 30.4
    endloop
  endfacet
  facet normal 0.130513 0.991447 0
    outer loop
      vertex 2.43107 13.7873 42.8791
      vertex 1.22018 13.9467 30.4
      vertex 1.22018 13.9467 43.0093
    endloop
  endfacet
  facet normal 0.130561 0.99144 -5.34239e-07
    outer loop
      vertex 2.4 13.7914 21.6677
      vertex 2.43107 13.7873 6
      vertex 1.43788 13.9181 21.6535
    endloop
  endfacet
  facet normal 0.130826 0.991405 -0
    outer loop
      vertex 2.43107 13.7873 6
      vertex 2.4 13.7914 21.6677
      vertex 2.43107 13.7873 21.67
    endloop
  endfacet
  facet normal 0.13054 0.991442 0.00143214
    outer loop
      vertex 2.21762 13.8154 21.677
      vertex 2.4 13.7914 21.6677
      vertex 1.43788 13.9181 21.6535
    endloop
  endfacet
  facet normal 0.130159 0.991493 1.34527e-06
    outer loop
      vertex 1.22018 13.9467 6
      vertex 1.25125 13.9426 21.6677
      vertex 1.43788 13.9181 21.6535
    endloop
  endfacet
  facet normal 0.130513 0.991447 -3.65756e-06
    outer loop
      vertex 1.22018 13.9467 6
      vertex 1.43788 13.9181 21.6535
      vertex 2.43107 13.7873 6
    endloop
  endfacet
  facet normal 0.130826 0.991405 0
    outer loop
      vertex 1.25125 13.9426 21.6677
      vertex 1.22018 13.9467 6
      vertex 1.22018 13.9467 21.67
    endloop
  endfacet
  facet normal 0.793357 0.608757 0
    outer loop
      vertex 11.4681 8.03007 54
      vertex 10.7246 8.99903 27.4
      vertex 10.7246 8.99903 54
    endloop
  endfacet
  facet normal 0.793357 0.608757 0
    outer loop
      vertex 10.7246 8.99903 27.4
      vertex 11.4681 8.03007 54
      vertex 11.4681 8.03007 27.4
    endloop
  endfacet
  facet normal 0.793098 0.609094 0
    outer loop
      vertex 10.7437 8.97416 21.6677
      vertex 10.7246 8.99903 6
      vertex 10.7246 8.99903 21.67
    endloop
  endfacet
  facet normal 0.793334 0.608786 -7.77005e-07
    outer loop
      vertex 10.8583 8.82482 21.6535
      vertex 10.7246 8.99903 6
      vertex 10.7437 8.97416 21.6677
    endloop
  endfacet
  facet normal 0.793332 0.60879 -0.000260167
    outer loop
      vertex 11.3345 8.20427 21.6535
      vertex 10.8583 8.82482 21.6535
      vertex 11.0964 8.51455 21.6652
    endloop
  endfacet
  facet normal 0.793332 0.60879 -7.13231e-07
    outer loop
      vertex 10.8583 8.82482 21.6535
      vertex 11.3345 8.20427 21.6535
      vertex 10.7246 8.99903 6
    endloop
  endfacet
  facet normal 0.793571 0.608477 1.55594e-06
    outer loop
      vertex 11.4681 8.03007 6
      vertex 11.3345 8.20427 21.6535
      vertex 11.449 8.05494 21.6677
    endloop
  endfacet
  facet normal 0.793098 0.609094 -0
    outer loop
      vertex 11.4681 8.03007 6
      vertex 11.449 8.05494 21.6677
      vertex 11.4681 8.03007 21.67
    endloop
  endfacet
  facet normal 0.793357 0.608757 -3.38127e-06
    outer loop
      vertex 11.3345 8.20427 21.6535
      vertex 11.4681 8.03007 6
      vertex 10.7246 8.99903 6
    endloop
  endfacet
  facet normal 0.953708 -0.300733 0
    outer loop
      vertex 13.1557 -4.78828 54
      vertex 13.523 -3.62347 6
      vertex 13.523 -3.62347 54
    endloop
  endfacet
  facet normal 0.953708 -0.300733 0
    outer loop
      vertex 13.523 -3.62347 6
      vertex 13.1557 -4.78828 54
      vertex 13.1557 -4.78828 6
    endloop
  endfacet
  facet normal -0.675586 -0.737281 0
    outer loop
      vertex -9.89949 -9.89949 6
      vertex -8.99903 -10.7246 54
      vertex -9.89949 -9.89949 54
    endloop
  endfacet
  facet normal -0.675586 -0.737281 -0
    outer loop
      vertex -8.99903 -10.7246 54
      vertex -9.89949 -9.89949 6
      vertex -8.99903 -10.7246 6
    endloop
  endfacet
  facet normal -0.991447 -0.130513 0
    outer loop
      vertex -13.7873 -2.43107 6
      vertex -13.9467 -1.22018 54
      vertex -13.9467 -1.22018 6
    endloop
  endfacet
  facet normal -0.991447 -0.130513 0
    outer loop
      vertex -13.9467 -1.22018 54
      vertex -13.7873 -2.43107 6
      vertex -13.7873 -2.43107 54
    endloop
  endfacet
  facet normal -0.737281 0.675586 0
    outer loop
      vertex -10.7246 8.99903 6
      vertex -9.89949 9.89949 54
      vertex -9.89949 9.89949 6
    endloop
  endfacet
  facet normal -0.737281 0.675586 0
    outer loop
      vertex -9.89949 9.89949 54
      vertex -10.7246 8.99903 6
      vertex -10.7246 8.99903 54
    endloop
  endfacet
  facet normal -0.0436405 -0.999047 0
    outer loop
      vertex 0 -14 6
      vertex -1.22018 -13.9467 43.0093
      vertex -1.22018 -13.9467 6
    endloop
  endfacet
  facet normal -0.0436405 -0.999047 0
    outer loop
      vertex -1.22018 -13.9467 43.0093
      vertex 0 -14 6
      vertex 0 -14 43.0529
    endloop
  endfacet
  facet normal 0.737281 -0.675586 0
    outer loop
      vertex 9.89949 -9.89949 54
      vertex 10.7246 -8.99903 6
      vertex 10.7246 -8.99903 54
    endloop
  endfacet
  facet normal 0.737281 -0.675586 0
    outer loop
      vertex 10.7246 -8.99903 6
      vertex 9.89949 -9.89949 54
      vertex 9.89949 -9.89949 6
    endloop
  endfacet
  facet normal -0.608757 -0.793357 0
    outer loop
      vertex -8.99903 -10.7246 6
      vertex -8.03007 -11.4681 54
      vertex -8.99903 -10.7246 54
    endloop
  endfacet
  facet normal -0.608757 -0.793357 -0
    outer loop
      vertex -8.03007 -11.4681 54
      vertex -8.99903 -10.7246 6
      vertex -8.03007 -11.4681 6
    endloop
  endfacet
  facet normal -0.461716 -0.887028 0
    outer loop
      vertex -7 -12.1244 6
      vertex -5.91666 -12.6883 54
      vertex -7 -12.1244 54
    endloop
  endfacet
  facet normal -0.461716 -0.887028 -0
    outer loop
      vertex -5.91666 -12.6883 54
      vertex -7 -12.1244 6
      vertex -5.91666 -12.6883 6
    endloop
  endfacet
  facet normal -0.537342 -0.843364 0
    outer loop
      vertex -8.03007 -11.4681 6
      vertex -7 -12.1244 54
      vertex -8.03007 -11.4681 54
    endloop
  endfacet
  facet normal -0.537342 -0.843364 -0
    outer loop
      vertex -7 -12.1244 54
      vertex -8.03007 -11.4681 6
      vertex -7 -12.1244 6
    endloop
  endfacet
  facet normal 0.675586 -0.737281 0
    outer loop
      vertex 8.99903 -10.7246 6
      vertex 9.89949 -9.89949 54
      vertex 8.99903 -10.7246 54
    endloop
  endfacet
  facet normal 0.675586 -0.737281 0
    outer loop
      vertex 9.89949 -9.89949 54
      vertex 8.99903 -10.7246 6
      vertex 9.89949 -9.89949 6
    endloop
  endfacet
  facet normal -0.999047 0.0436405 0
    outer loop
      vertex -14 0 6
      vertex -13.9467 1.22018 54
      vertex -13.9467 1.22018 6
    endloop
  endfacet
  facet normal -0.999047 0.0436405 0
    outer loop
      vertex -13.9467 1.22018 54
      vertex -14 0 6
      vertex -14 0 54
    endloop
  endfacet
  facet normal 0.216402 0.976304 0
    outer loop
      vertex 2.43107 13.7873 27.4
      vertex 3.62347 13.523 42.663
      vertex 3.62347 13.523 27.4
    endloop
  endfacet
  facet normal 0.216402 0.976304 0
    outer loop
      vertex 3.62347 13.523 42.663
      vertex 2.43107 13.7873 27.4
      vertex 2.43107 13.7873 42.8791
    endloop
  endfacet
  facet normal 0 0.285167 0.958478
    outer loop
      vertex 3.62347 13.523 21.6757
      vertex 3.24137 13.6077 21.6505
      vertex 3.62346 13.523 21.6757
    endloop
  endfacet
  facet normal 0.216416 0.976301 0
    outer loop
      vertex 3.24137 13.6077 21.6505
      vertex 3.62347 13.523 21.6757
      vertex 3.62347 13.523 6
    endloop
  endfacet
  facet normal 0.216383 0.976302 -0.00350747
    outer loop
      vertex 3.05578 13.6488 21.6583
      vertex 2.43107 13.7873 21.67
      vertex 2.72933 13.7212 21.6714
    endloop
  endfacet
  facet normal 0.216218 0.976345 9.60414e-06
    outer loop
      vertex 2.43107 13.7873 6
      vertex 3.05578 13.6488 21.6583
      vertex 3.24137 13.6077 21.6505
    endloop
  endfacet
  facet normal 0.216402 0.976304 -3.79291e-07
    outer loop
      vertex 2.43107 13.7873 6
      vertex 3.24137 13.6077 21.6505
      vertex 3.62347 13.523 6
    endloop
  endfacet
  facet normal 0.216447 0.976294 0
    outer loop
      vertex 3.05578 13.6488 21.6583
      vertex 2.43107 13.7873 6
      vertex 2.43107 13.7873 21.67
    endloop
  endfacet
  facet normal -0.604996 -0.137759 0.784221
    outer loop
      vertex 12.0657 2.40003 20.3364
      vertex 13.7873 2.43107 21.67
      vertex 13.7212 2.72933 21.6714
    endloop
  endfacet
  facet normal -0.604984 -0.137886 0.784208
    outer loop
      vertex 13.7873 2.43107 21.67
      vertex 12.0657 2.40003 20.3364
      vertex 13.7914 2.4 21.6677
    endloop
  endfacet
  facet normal -0.349589 0.820013 0.453173
    outer loop
      vertex 13.7914 2.4 21.6677
      vertex 12.0657 2.40003 20.3364
      vertex 12.0655 2.4 20.3363
    endloop
  endfacet
  facet normal -0.209359 0 0.977839
    outer loop
      vertex 13.4053 3.99672 21.6505
      vertex 13.523 3.62346 21.6757
      vertex 13.523 3.62347 21.6757
    endloop
  endfacet
  facet normal -0.60498 -0.137823 0.784222
    outer loop
      vertex 9.1763 2.45878 18.1178
      vertex 13.523 3.62346 21.6757
      vertex 13.4053 3.99672 21.6505
    endloop
  endfacet
  facet normal -0.633399 0 0.773826
    outer loop
      vertex 13.523 3.62346 21.6757
      vertex 9.1763 2.45878 18.1178
      vertex 9.1763 2.45877 18.1178
    endloop
  endfacet
  facet normal -0.60496 -0.137886 0.784226
    outer loop
      vertex 9.1763 2.45878 18.1178
      vertex 13.4053 3.99672 21.6505
      vertex 9.09303 2.72288 18.1
    endloop
  endfacet
  facet normal -0.581473 -0.217186 0.78404
    outer loop
      vertex 11.6491 3.95435 20.3363
      vertex 13.4053 3.99672 21.6505
      vertex 13.3481 4.17802 21.6583
    endloop
  endfacet
  facet normal -0.581521 -0.216863 0.784094
    outer loop
      vertex 11.6491 3.95435 20.3363
      vertex 9.09303 2.72288 18.1
      vertex 13.4053 3.99672 21.6505
    endloop
  endfacet
  facet normal -0.581558 -0.21678 0.78409
    outer loop
      vertex 9.09303 2.72288 18.1
      vertex 11.6491 3.95435 20.3363
      vertex 8.98941 3.0515 18.114
    endloop
  endfacet
  facet normal 0 1 -0
    outer loop
      vertex 13.7914 -2.4 21.6677
      vertex 9.18933 -2.4 54
      vertex 13.7914 -2.4 54
    endloop
  endfacet
  facet normal 0 1 0
    outer loop
      vertex 9.18933 -2.4 54
      vertex 13.7914 -2.4 21.6677
      vertex 9.18933 -2.4 18.1175
    endloop
  endfacet
  facet normal 0 0 -1
    outer loop
      vertex 9.18933 2.4 27.4
      vertex 13.7873 2.43107 27.4
      vertex 13.7914 2.4 27.4
    endloop
  endfacet
  facet normal -0 0 -1
    outer loop
      vertex 13.7873 2.43107 27.4
      vertex 9.18933 2.4 27.4
      vertex 13.523 3.62347 27.4
    endloop
  endfacet
  facet normal -0 0 -1
    outer loop
      vertex 13.523 3.62347 27.4
      vertex 9.1763 2.45878 27.4
      vertex 13.1557 4.78828 27.4
    endloop
  endfacet
  facet normal -0 0 -1
    outer loop
      vertex 13.1557 4.78828 27.4
      vertex 8.92708 3.24919 27.4
      vertex 12.6883 5.91666 27.4
    endloop
  endfacet
  facet normal 0 0 -1
    outer loop
      vertex 8.60992 4.01487 27.4
      vertex 12.6883 5.91666 27.4
      vertex 8.92708 3.24919 27.4
    endloop
  endfacet
  facet normal 0 0 -1
    outer loop
      vertex 8.22724 4.75 27.4
      vertex 12.1244 7 27.4
      vertex 8.60992 4.01487 27.4
    endloop
  endfacet
  facet normal -0 0 -1
    outer loop
      vertex 12.1244 7 27.4
      vertex 8.22724 4.75 27.4
      vertex 11.4681 8.03007 27.4
    endloop
  endfacet
  facet normal 0 0 -1
    outer loop
      vertex 13.523 3.62347 27.4
      vertex 9.18933 2.4 27.4
      vertex 9.1763 2.45878 27.4
    endloop
  endfacet
  facet normal 0 0 -1
    outer loop
      vertex 13.1557 4.78828 27.4
      vertex 9.1763 2.45878 27.4
      vertex 8.92708 3.24919 27.4
    endloop
  endfacet
  facet normal -0 0 -1
    outer loop
      vertex 12.6883 5.91666 27.4
      vertex 8.60992 4.01487 27.4
      vertex 12.1244 7 27.4
    endloop
  endfacet
  facet normal 0 0 -1
    outer loop
      vertex 7.78194 5.44898 27.4
      vertex 11.4681 8.03007 27.4
      vertex 8.22724 4.75 27.4
    endloop
  endfacet
  facet normal -0 0 -1
    outer loop
      vertex 11.4681 8.03007 27.4
      vertex 7.78194 5.44898 27.4
      vertex 10.7246 8.99903 27.4
    endloop
  endfacet
  facet normal 0 0 -1
    outer loop
      vertex 7.27742 6.10648 27.4
      vertex 10.7246 8.99903 27.4
      vertex 7.78194 5.44898 27.4
    endloop
  endfacet
  facet normal -0 0 -1
    outer loop
      vertex 10.7246 8.99903 27.4
      vertex 7.27742 6.10648 27.4
      vertex 9.89949 9.89949 27.4
    endloop
  endfacet
  facet normal 0 0 -1
    outer loop
      vertex 6.71751 6.71751 27.4
      vertex 9.89949 9.89949 27.4
      vertex 7.27742 6.10648 27.4
    endloop
  endfacet
  facet normal -0 0 -1
    outer loop
      vertex 9.89949 9.89949 27.4
      vertex 6.71751 6.71751 27.4
      vertex 8.99903 10.7246 27.4
    endloop
  endfacet
  facet normal 0 0 -1
    outer loop
      vertex 6.10648 7.27742 27.4
      vertex 8.99903 10.7246 27.4
      vertex 6.71751 6.71751 27.4
    endloop
  endfacet
  facet normal -0 0 -1
    outer loop
      vertex 8.99903 10.7246 27.4
      vertex 6.10648 7.27742 27.4
      vertex 8.03007 11.4681 27.4
    endloop
  endfacet
  facet normal 0 0 -1
    outer loop
      vertex 5.44898 7.78194 27.4
      vertex 8.03007 11.4681 27.4
      vertex 6.10648 7.27742 27.4
    endloop
  endfacet
  facet normal -0 0 -1
    outer loop
      vertex 8.03007 11.4681 27.4
      vertex 5.44898 7.78194 27.4
      vertex 7 12.1244 27.4
    endloop
  endfacet
  facet normal 0 0 -1
    outer loop
      vertex 4.75 8.22724 27.4
      vertex 7 12.1244 27.4
      vertex 5.44898 7.78194 27.4
    endloop
  endfacet
  facet normal -0 0 -1
    outer loop
      vertex 7 12.1244 27.4
      vertex 4.75 8.22724 27.4
      vertex 5.91666 12.6883 27.4
    endloop
  endfacet
  facet normal 0 0 -1
    outer loop
      vertex 4.01487 8.60992 27.4
      vertex 5.91666 12.6883 27.4
      vertex 4.75 8.22724 27.4
    endloop
  endfacet
  facet normal -0 0 -1
    outer loop
      vertex 5.91666 12.6883 27.4
      vertex 4.01487 8.60992 27.4
      vertex 4.78828 13.1557 27.4
    endloop
  endfacet
  facet normal 0 0 -1
    outer loop
      vertex 3.24919 8.92708 27.4
      vertex 4.78828 13.1557 27.4
      vertex 4.01487 8.60992 27.4
    endloop
  endfacet
  facet normal -0 0 -1
    outer loop
      vertex 4.78828 13.1557 27.4
      vertex 3.24919 8.92708 27.4
      vertex 3.62347 13.523 27.4
    endloop
  endfacet
  facet normal 0 0 -1
    outer loop
      vertex 2.45878 9.1763 27.4
      vertex 3.62347 13.523 27.4
      vertex 3.24919 8.92708 27.4
    endloop
  endfacet
  facet normal 0 0 -1
    outer loop
      vertex 2.4 9.18933 27.4
      vertex 3.62347 13.523 27.4
      vertex 2.45878 9.1763 27.4
    endloop
  endfacet
  facet normal -0 0 -1
    outer loop
      vertex 3.62347 13.523 27.4
      vertex 2.4 9.18933 27.4
      vertex 2.43107 13.7873 27.4
    endloop
  endfacet
  facet normal -0 0 -1
    outer loop
      vertex 2.43107 13.7873 27.4
      vertex 2.4 9.18933 27.4
      vertex 2.4 13.7914 27.4
    endloop
  endfacet
  facet normal -0.610335 -0.0399742 0.791134
    outer loop
      vertex 13.7914 2.4 21.6677
      vertex 12.0656 2.39999 20.3363
      vertex 13.8154 2.21762 21.677
    endloop
  endfacet
  facet normal -0.0986862 -0.986862 0.127927
    outer loop
      vertex 12.0656 2.39999 20.3363
      vertex 13.7914 2.4 21.6677
      vertex 12.0655 2.4 20.3363
    endloop
  endfacet
  facet normal -0.604908 0.138822 0.784101
    outer loop
      vertex 9.35567 -1.64966 18.1127
      vertex 13.816 -2.21337 21.6535
      vertex 9.37364 -1.51318 18.1024
    endloop
  endfacet
  facet normal -0.604816 0.139379 0.784074
    outer loop
      vertex 13.816 -2.21337 21.6535
      vertex 9.35567 -1.64966 18.1127
      vertex 13.7914 -2.4 21.6677
    endloop
  endfacet
  facet normal -0.604868 0.139107 0.784081
    outer loop
      vertex 13.7914 -2.4 21.6677
      vertex 9.35567 -1.64966 18.1127
      vertex 9.18933 -2.4 18.1175
    endloop
  endfacet
  facet normal -0.617792 0.0577541 0.784218
    outer loop
      vertex 9.41739 -1.18089 18.1124
      vertex 13.9467 -1.22018 21.6834
      vertex 13.9746 -0.580913 21.6583
    endloop
  endfacet
  facet normal -0.617795 0.0576905 0.78422
    outer loop
      vertex 13.9467 -1.22018 21.6834
      vertex 9.41739 -1.18089 18.1124
      vertex 13.816 -2.21337 21.6535
    endloop
  endfacet
  facet normal -0.617786 0.0577384 0.784224
    outer loop
      vertex 13.816 -2.21337 21.6535
      vertex 9.41739 -1.18089 18.1124
      vertex 9.37364 -1.51318 18.1024
    endloop
  endfacet
  facet normal -0.548242 -0.290996 0.784061
    outer loop
      vertex 11.0333 5.44103 20.3363
      vertex 12.7723 5.71379 21.6535
      vertex 12.7003 5.8877 21.6677
    endloop
  endfacet
  facet normal -0.548292 -0.290824 0.784091
    outer loop
      vertex 11.0333 5.44103 20.3363
      vertex 8.6626 3.8877 18.1024
      vertex 12.7723 5.71379 21.6535
    endloop
  endfacet
  facet normal -0.548383 -0.290673 0.784083
    outer loop
      vertex 11.0333 5.44103 20.3363
      vertex 8.60992 4.01487 18.1127
      vertex 8.6626 3.8877 18.1024
    endloop
  endfacet
  facet normal -0.548243 -0.290921 0.784089
    outer loop
      vertex 8.60992 4.01487 18.1127
      vertex 11.0333 5.44103 20.3363
      vertex 8.51421 4.19874 18.114
    endloop
  endfacet
  facet normal -0.58183 -0.215563 0.784224
    outer loop
      vertex 11.6491 3.95435 20.3363
      vertex 13.3481 4.17802 21.6583
      vertex 13.2476 4.49694 21.6714
    endloop
  endfacet
  facet normal -0.581802 -0.215655 0.784219
    outer loop
      vertex 8.6626 3.8877 18.1024
      vertex 12.922 5.35247 21.6652
      vertex 12.7723 5.71379 21.6535
    endloop
  endfacet
  facet normal -0.581747 -0.215811 0.784217
    outer loop
      vertex 12.922 5.35247 21.6652
      vertex 8.6626 3.8877 18.1024
      vertex 8.7685 3.63203 18.1106
    endloop
  endfacet
  facet normal -0.617826 0.0592044 0.784083
    outer loop
      vertex 9.48792 -0.276652 18.1
      vertex 13.9746 -0.580913 21.6583
      vertex 13.9829 -0.390998 21.6505
    endloop
  endfacet
  facet normal -0.617855 0.0588314 0.784088
    outer loop
      vertex 9.46385 -0.827979 18.1224
      vertex 13.9746 -0.580913 21.6583
      vertex 9.48792 -0.276652 18.1
    endloop
  endfacet
  facet normal -0.617855 0.0591222 0.784066
    outer loop
      vertex 13.9746 -0.580913 21.6583
      vertex 9.46385 -0.827979 18.1224
      vertex 9.41739 -1.18089 18.1124
    endloop
  endfacet
  facet normal -0.620043 -0.023199 0.784225
    outer loop
      vertex 14 0 21.6757
      vertex 9.49737 0.0601511 18.1175
      vertex 9.5 0 18.1178
    endloop
  endfacet
  facet normal -0.620042 -0.0234213 0.784219
    outer loop
      vertex 9.49737 0.0601511 18.1175
      vertex 14 0 21.6757
      vertex 13.9467 1.22018 21.67
    endloop
  endfacet
  facet normal -0.619983 -0.0237574 0.784256
    outer loop
      vertex 9.49737 0.0601511 18.1175
      vertex 13.9467 1.22018 21.67
      vertex 13.9426 1.25125 21.6677
    endloop
  endfacet
  facet normal -0.62004 -0.0234264 0.784221
    outer loop
      vertex 14 0 21.6757
      vertex 9.5 0 18.1178
      vertex 13.9829 -0.390998 21.6505
    endloop
  endfacet
  facet normal -0.620038 -0.0233836 0.784223
    outer loop
      vertex 13.9829 -0.390998 21.6505
      vertex 9.5 0 18.1178
      vertex 9.48792 -0.276652 18.1
    endloop
  endfacet
  facet normal -0.505415 -0.360335 0.784037
    outer loop
      vertex 10.2288 6.83463 20.3364
      vertex 11.9141 7.33008 21.6505
      vertex 11.8119 7.4904 21.6583
    endloop
  endfacet
  facet normal 0.262987 -0.96444 0.0263454
    outer loop
      vertex 10.2287 6.8346 20.3363
      vertex 11.9141 7.33008 21.6505
      vertex 10.2288 6.83463 20.3364
    endloop
  endfacet
  facet normal -0.505569 -0.359996 0.784094
    outer loop
      vertex 10.2287 6.8346 20.3363
      vertex 8.07845 4.98355 18.1
      vertex 11.9141 7.33008 21.6505
    endloop
  endfacet
  facet normal -0.505638 -0.359909 0.784089
    outer loop
      vertex 8.07845 4.98355 18.1
      vertex 10.2287 6.8346 20.3363
      vertex 7.89332 5.27414 18.114
    endloop
  endfacet
  facet normal -0.611673 -0.104187 0.78422
    outer loop
      vertex 13.7212 2.72933 21.6714
      vertex 13.6488 3.05578 21.6583
      vertex 12.0657 2.40003 20.3364
    endloop
  endfacet
  facet normal -0.611708 -0.104203 0.78419
    outer loop
      vertex 12.0656 2.39999 20.3363
      vertex 13.9181 1.43788 21.6535
      vertex 13.8154 2.21762 21.677
    endloop
  endfacet
  facet normal -0.611682 -0.104104 0.784225
    outer loop
      vertex 12.0656 2.39999 20.3363
      vertex 9.44588 0.964456 18.1024
      vertex 13.9181 1.43788 21.6535
    endloop
  endfacet
  facet normal -0.61167 -0.104133 0.78423
    outer loop
      vertex 9.44588 0.964456 18.1024
      vertex 12.0656 2.39999 20.3363
      vertex 9.40213 1.29675 18.1124
    endloop
  endfacet
  facet normal -0.548747 -0.289605 0.784223
    outer loop
      vertex 11.0333 5.44104 20.3363
      vertex 12.6883 5.91666 21.67
      vertex 12.5473 6.18762 21.6714
    endloop
  endfacet
  facet normal -0.548728 -0.289656 0.784218
    outer loop
      vertex 12.6883 5.91666 21.67
      vertex 11.0333 5.44104 20.3363
      vertex 12.7003 5.8877 21.6677
    endloop
  endfacet
  facet normal -0.624066 0 0.781372
    outer loop
      vertex 12.7003 5.8877 21.6677
      vertex 11.0333 5.44104 20.3363
      vertex 11.0333 5.44103 20.3363
    endloop
  endfacet
  facet normal -0.548692 -0.28971 0.784223
    outer loop
      vertex 11.9141 7.33008 21.6505
      vertex 8.22724 4.75001 18.1178
      vertex 12.1244 7 21.6757
    endloop
  endfacet
  facet normal -0.54865 -0.289777 0.784227
    outer loop
      vertex 8.22724 4.75001 18.1178
      vertex 11.9141 7.33008 21.6505
      vertex 8.07845 4.98355 18.1
    endloop
  endfacet
  facet normal -0.620294 -0.0217728 0.784067
    outer loop
      vertex 9.46385 0.827979 18.1127
      vertex 13.9426 1.25125 21.6677
      vertex 13.9181 1.43788 21.6535
    endloop
  endfacet
  facet normal -0.620265 -0.0221765 0.784079
    outer loop
      vertex 13.9426 1.25125 21.6677
      vertex 9.46385 0.827979 18.1127
      vertex 9.49737 0.0601511 18.1175
    endloop
  endfacet
  facet normal -0.620224 -0.0224886 0.784102
    outer loop
      vertex 9.46385 0.827979 18.1127
      vertex 13.9181 1.43788 21.6535
      vertex 9.44588 0.964456 18.1024
    endloop
  endfacet
  facet normal -0.454178 -0.423077 0.784046
    outer loop
      vertex 9.24912 8.11126 20.3363
      vertex 10.8583 8.82482 21.6535
      vertex 10.7437 8.97416 21.6677
    endloop
  endfacet
  facet normal -0.454325 -0.422833 0.784093
    outer loop
      vertex 9.24912 8.11126 20.3363
      vertex 7.36122 5.99727 18.1024
      vertex 10.8583 8.82482 21.6535
    endloop
  endfacet
  facet normal -0.454479 -0.422685 0.784083
    outer loop
      vertex 9.24912 8.11126 20.3363
      vertex 7.27742 6.10648 18.1127
      vertex 7.36122 5.99727 18.1024
    endloop
  endfacet
  facet normal -0.454257 -0.422911 0.78409
    outer loop
      vertex 7.27742 6.10648 18.1127
      vertex 9.24912 8.11126 20.3363
      vertex 7.13738 6.25931 18.114
    endloop
  endfacet
  facet normal -0.506215 -0.35879 0.784229
    outer loop
      vertex 11.8119 7.4904 21.6583
      vertex 11.6323 7.77243 21.6714
      vertex 10.2288 6.83463 20.3364
    endloop
  endfacet
  facet normal -0.506176 -0.358865 0.784221
    outer loop
      vertex 7.36122 5.99727 18.1024
      vertex 11.0964 8.51455 21.6652
      vertex 10.8583 8.82482 21.6535
    endloop
  endfacet
  facet normal -0.506064 -0.359028 0.784218
    outer loop
      vertex 11.0964 8.51455 21.6652
      vertex 7.36122 5.99727 18.1024
      vertex 7.52968 5.77773 18.1106
    endloop
  endfacet
  facet normal -0.612171 -0.102617 0.784038
    outer loop
      vertex 13.6077 3.24137 21.6505
      vertex 12.0657 2.40003 20.3364
      vertex 13.6488 3.05578 21.6583
    endloop
  endfacet
  facet normal -0.263997 -0.64135 0.7204
    outer loop
      vertex 13.6077 3.24137 21.6505
      vertex 12.0655 2.4 20.3363
      vertex 12.0657 2.40003 20.3364
    endloop
  endfacet
  facet normal -0.612068 -0.102833 0.784091
    outer loop
      vertex 9.23623 2.18843 18.1
      vertex 12.0655 2.4 20.3363
      vertex 13.6077 3.24137 21.6505
    endloop
  endfacet
  facet normal -0.612107 -0.1028 0.784065
    outer loop
      vertex 12.0655 2.4 20.3363
      vertex 9.35567 1.64966 18.1224
      vertex 9.40213 1.29675 18.1124
    endloop
  endfacet
  facet normal -0.61204 -0.103084 0.784079
    outer loop
      vertex 12.0655 2.4 20.3363
      vertex 9.23623 2.18843 18.1
      vertex 9.35567 1.64966 18.1224
    endloop
  endfacet
  facet normal -0.0848412 -0.848412 0.522494
    outer loop
      vertex 12.0656 2.39999 20.3363
      vertex 12.0655 2.4 20.3363
      vertex 9.40213 1.29675 18.1124
    endloop
  endfacet
  facet normal -0.592758 -0.183334 0.784237
    outer loop
      vertex 11.6491 3.95435 20.3363
      vertex 13.1557 4.78828 21.67
      vertex 13.1437 4.81724 21.6677
    endloop
  endfacet
  facet normal -0.592807 -0.183226 0.784225
    outer loop
      vertex 13.1557 4.78828 21.67
      vertex 11.6491 3.95435 20.3363
      vertex 13.2476 4.49694 21.6714
    endloop
  endfacet
  facet normal -0.592837 -0.183139 0.784222
    outer loop
      vertex 9.1763 2.45877 18.1178
      vertex 13.6077 3.24137 21.6505
      vertex 13.523 3.62346 21.6757
    endloop
  endfacet
  facet normal -0.592854 -0.183062 0.784227
    outer loop
      vertex 13.6077 3.24137 21.6505
      vertex 9.1763 2.45877 18.1178
      vertex 9.23623 2.18843 18.1
    endloop
  endfacet
  facet normal -0.455003 -0.421857 0.784225
    outer loop
      vertex 9.24914 8.11128 20.3364
      vertex 10.7246 8.99903 21.67
      vertex 10.5182 9.22425 21.6714
    endloop
  endfacet
  facet normal -0.454954 -0.421926 0.784216
    outer loop
      vertex 10.7246 8.99903 21.67
      vertex 9.24914 8.11128 20.3364
      vertex 10.7437 8.97416 21.6677
    endloop
  endfacet
  facet normal 0.435056 -0.895678 0.0921244
    outer loop
      vertex 10.7437 8.97416 21.6677
      vertex 9.24914 8.11128 20.3364
      vertex 9.24912 8.11126 20.3363
    endloop
  endfacet
  facet normal -0.455041 -0.421827 0.784219
    outer loop
      vertex 9.61095 10.1639 21.6505
      vertex 6.71751 6.71751 18.1178
      vertex 9.89949 9.89949 21.6757
    endloop
  endfacet
  facet normal -0.454981 -0.421881 0.784224
    outer loop
      vertex 6.71751 6.71751 18.1178
      vertex 9.61095 10.1639 21.6505
      vertex 6.51335 6.9046 18.1
    endloop
  endfacet
  facet normal -0.394986 -0.478792 0.784056
    outer loop
      vertex 8.11128 9.24914 20.3364
      vertex 9.61095 10.1639 21.6505
      vertex 9.47079 10.2923 21.6583
    endloop
  endfacet
  facet normal 0.464664 -0.881553 0.0833778
    outer loop
      vertex 8.11126 9.24912 20.3363
      vertex 9.61095 10.1639 21.6505
      vertex 8.11128 9.24914 20.3364
    endloop
  endfacet
  facet normal -0.39521 -0.478545 0.784094
    outer loop
      vertex 8.11126 9.24912 20.3363
      vertex 6.51335 6.9046 18.1
      vertex 9.61095 10.1639 21.6505
    endloop
  endfacet
  facet normal -0.395256 -0.478512 0.784091
    outer loop
      vertex 6.51335 6.9046 18.1
      vertex 8.11126 9.24912 20.3363
      vertex 6.25931 7.13738 18.114
    endloop
  endfacet
  facet normal -0.563816 -0.259048 0.784223
    outer loop
      vertex 12.5473 6.18762 21.6714
      vertex 12.3928 6.48423 21.6583
      vertex 11.0333 5.44104 20.3363
    endloop
  endfacet
  facet normal -0.563842 -0.259002 0.78422
    outer loop
      vertex 12.922 5.35247 21.6652
      vertex 8.8744 3.37637 18.1024
      vertex 13.0717 4.99115 21.6535
    endloop
  endfacet
  facet normal -0.563958 -0.258757 0.784217
    outer loop
      vertex 8.8744 3.37637 18.1024
      vertex 12.922 5.35247 21.6652
      vertex 8.7685 3.63203 18.1106
    endloop
  endfacet
  facet normal -0.593522 -0.181704 0.784038
    outer loop
      vertex 13.0717 4.99115 21.6535
      vertex 11.6491 3.95435 20.3363
      vertex 13.1437 4.81724 21.6677
    endloop
  endfacet
  facet normal -0.59336 -0.181996 0.784093
    outer loop
      vertex 8.8744 3.37637 18.1024
      vertex 11.6491 3.95435 20.3363
      vertex 13.0717 4.99115 21.6535
    endloop
  endfacet
  facet normal -0.593385 -0.181933 0.784088
    outer loop
      vertex 11.6491 3.95435 20.3363
      vertex 8.92708 3.24919 18.1127
      vertex 8.98941 3.0515 18.114
    endloop
  endfacet
  facet normal -0.593297 -0.182252 0.784081
    outer loop
      vertex 11.6491 3.95435 20.3363
      vertex 8.8744 3.37637 18.1024
      vertex 8.92708 3.24919 18.1127
    endloop
  endfacet
  facet normal -0.56481 -0.257493 0.78402
    outer loop
      vertex 12.3051 6.65285 21.6505
      vertex 11.0333 5.44104 20.3363
      vertex 12.3928 6.48423 21.6583
    endloop
  endfacet
  facet normal 0.718604 0 -0.69542
    outer loop
      vertex 12.3051 6.65285 21.6505
      vertex 11.0333 5.44103 20.3363
      vertex 11.0333 5.44104 20.3363
    endloop
  endfacet
  facet normal -0.564541 -0.257855 0.784095
    outer loop
      vertex 8.35511 4.50437 18.1
      vertex 11.0333 5.44103 20.3363
      vertex 12.3051 6.65285 21.6505
    endloop
  endfacet
  facet normal -0.564506 -0.257945 0.78409
    outer loop
      vertex 11.0333 5.44103 20.3363
      vertex 8.35511 4.50437 18.1
      vertex 8.51421 4.19874 18.114
    endloop
  endfacet
  facet normal -0.524982 -0.330654 0.784259
    outer loop
      vertex 10.2288 6.83463 20.3364
      vertex 11.4681 8.03007 21.67
      vertex 11.449 8.05494 21.6677
    endloop
  endfacet
  facet normal -0.525162 -0.330436 0.78423
    outer loop
      vertex 11.4681 8.03007 21.67
      vertex 10.2288 6.83463 20.3364
      vertex 11.6323 7.77243 21.6714
    endloop
  endfacet
  facet normal -0.689874 -0.0933648 0.717884
    outer loop
      vertex 10.2288 6.83463 20.3364
      vertex 11.449 8.05494 21.6677
      vertex 10.2287 6.8346 20.3363
    endloop
  endfacet
  facet normal -0.525241 -0.330328 0.784223
    outer loop
      vertex 8.22724 4.75 18.1178
      vertex 12.3051 6.65285 21.6505
      vertex 12.1244 7 21.6757
    endloop
  endfacet
  facet normal -0.525269 -0.330275 0.784226
    outer loop
      vertex 12.3051 6.65285 21.6505
      vertex 8.22724 4.75 18.1178
      vertex 8.35511 4.50437 18.1
    endloop
  endfacet
  facet normal -0.67423 0 0.738521
    outer loop
      vertex 8.22724 4.75 18.1178
      vertex 12.1244 7 21.6757
      vertex 8.22724 4.75001 18.1178
    endloop
  endfacet
  facet normal -0.329034 -0.526355 0.78402
    outer loop
      vertex 6.8346 10.2287 20.3363
      vertex 8.20427 11.3345 21.6535
      vertex 8.05494 11.449 21.6677
    endloop
  endfacet
  facet normal -0.32935 -0.52605 0.784092
    outer loop
      vertex 6.8346 10.2287 20.3363
      vertex 5.55818 7.69815 18.1024
      vertex 8.20427 11.3345 21.6535
    endloop
  endfacet
  facet normal -0.329586 -0.52592 0.78408
    outer loop
      vertex 6.8346 10.2287 20.3363
      vertex 5.44898 7.78194 18.1127
      vertex 5.55818 7.69815 18.1024
    endloop
  endfacet
  facet normal -0.329307 -0.526084 0.784087
    outer loop
      vertex 5.44898 7.78194 18.1127
      vertex 6.8346 10.2287 20.3363
      vertex 5.27414 7.89332 18.114
    endloop
  endfacet
  facet normal -0.39601 -0.47767 0.784224
    outer loop
      vertex 9.47079 10.2923 21.6583
      vertex 9.22425 10.5182 21.6714
      vertex 8.11128 9.24914 20.3364
    endloop
  endfacet
  facet normal -0.396081 -0.477617 0.784221
    outer loop
      vertex 5.55818 7.69815 18.1024
      vertex 8.51455 11.0964 21.6652
      vertex 8.20427 11.3345 21.6535
    endloop
  endfacet
  facet normal -0.395902 -0.477769 0.784218
    outer loop
      vertex 8.51455 11.0964 21.6652
      vertex 5.55818 7.69815 18.1024
      vertex 5.77773 7.52968 18.1106
    endloop
  endfacet
  facet normal -0.330436 -0.525162 0.78423
    outer loop
      vertex 6.83463 10.2288 20.3364
      vertex 8.03007 11.4681 21.67
      vertex 7.77243 11.6323 21.6714
    endloop
  endfacet
  facet normal -0.330654 -0.524982 0.784259
    outer loop
      vertex 8.03007 11.4681 21.67
      vertex 6.83463 10.2288 20.3364
      vertex 8.05494 11.449 21.6677
    endloop
  endfacet
  facet normal -0.0933648 -0.689874 0.717884
    outer loop
      vertex 8.05494 11.449 21.6677
      vertex 6.83463 10.2288 20.3364
      vertex 6.8346 10.2287 20.3363
    endloop
  endfacet
  facet normal -0.330328 -0.525241 0.784223
    outer loop
      vertex 4.75 8.22724 18.1178
      vertex 7 12.1244 21.6757
      vertex 6.65285 12.3051 21.6505
    endloop
  endfacet
  facet normal 0 -0.67423 0.738521
    outer loop
      vertex 7 12.1244 21.6757
      vertex 4.75 8.22724 18.1178
      vertex 4.75001 8.22724 18.1178
    endloop
  endfacet
  facet normal -0.330275 -0.525269 0.784226
    outer loop
      vertex 4.75 8.22724 18.1178
      vertex 6.65285 12.3051 21.6505
      vertex 4.50437 8.35511 18.1
    endloop
  endfacet
  facet normal -0.257493 -0.56481 0.78402
    outer loop
      vertex 5.44104 11.0333 20.3363
      vertex 6.65285 12.3051 21.6505
      vertex 6.48423 12.3928 21.6583
    endloop
  endfacet
  facet normal 0 0.718604 -0.69542
    outer loop
      vertex 5.44103 11.0333 20.3363
      vertex 6.65285 12.3051 21.6505
      vertex 5.44104 11.0333 20.3363
    endloop
  endfacet
  facet normal -0.257855 -0.564541 0.784095
    outer loop
      vertex 5.44103 11.0333 20.3363
      vertex 4.50437 8.35511 18.1
      vertex 6.65285 12.3051 21.6505
    endloop
  endfacet
  facet normal -0.257945 -0.564506 0.78409
    outer loop
      vertex 4.50437 8.35511 18.1
      vertex 5.44103 11.0333 20.3363
      vertex 4.19874 8.51421 18.114
    endloop
  endfacet
  facet normal -0.526355 -0.329034 0.78402
    outer loop
      vertex 11.3345 8.20427 21.6535
      vertex 10.2287 6.8346 20.3363
      vertex 11.449 8.05494 21.6677
    endloop
  endfacet
  facet normal -0.52605 -0.32935 0.784092
    outer loop
      vertex 7.69815 5.55818 18.1024
      vertex 10.2287 6.8346 20.3363
      vertex 11.3345 8.20427 21.6535
    endloop
  endfacet
  facet normal -0.526084 -0.329307 0.784087
    outer loop
      vertex 10.2287 6.8346 20.3363
      vertex 7.78194 5.44898 18.1127
      vertex 7.89332 5.27414 18.114
    endloop
  endfacet
  facet normal -0.52592 -0.329586 0.78408
    outer loop
      vertex 10.2287 6.8346 20.3363
      vertex 7.69815 5.55818 18.1024
      vertex 7.78194 5.44898 18.1127
    endloop
  endfacet
  facet normal -0.47767 -0.39601 0.784224
    outer loop
      vertex 10.5182 9.22425 21.6714
      vertex 10.2923 9.47079 21.6583
      vertex 9.24914 8.11128 20.3364
    endloop
  endfacet
  facet normal -0.477617 -0.396081 0.784221
    outer loop
      vertex 11.0964 8.51455 21.6652
      vertex 7.69815 5.55818 18.1024
      vertex 11.3345 8.20427 21.6535
    endloop
  endfacet
  facet normal -0.477769 -0.395902 0.784218
    outer loop
      vertex 7.69815 5.55818 18.1024
      vertex 11.0964 8.51455 21.6652
      vertex 7.52968 5.77773 18.1106
    endloop
  endfacet
  facet normal -0.478792 -0.394986 0.784056
    outer loop
      vertex 10.1639 9.61095 21.6505
      vertex 9.24914 8.11128 20.3364
      vertex 10.2923 9.47079 21.6583
    endloop
  endfacet
  facet normal -0.881553 0.464664 0.0833778
    outer loop
      vertex 10.1639 9.61095 21.6505
      vertex 9.24912 8.11126 20.3363
      vertex 9.24914 8.11128 20.3364
    endloop
  endfacet
  facet normal -0.478545 -0.39521 0.784094
    outer loop
      vertex 6.9046 6.51335 18.1
      vertex 9.24912 8.11126 20.3363
      vertex 10.1639 9.61095 21.6505
    endloop
  endfacet
  facet normal -0.478512 -0.395256 0.784091
    outer loop
      vertex 9.24912 8.11126 20.3363
      vertex 6.9046 6.51335 18.1
      vertex 7.13738 6.25931 18.114
    endloop
  endfacet
  facet normal -0.181704 -0.593522 0.784038
    outer loop
      vertex 3.95435 11.6491 20.3363
      vertex 4.99115 13.0717 21.6535
      vertex 4.81724 13.1437 21.6677
    endloop
  endfacet
  facet normal -0.181996 -0.59336 0.784093
    outer loop
      vertex 3.95435 11.6491 20.3363
      vertex 3.37637 8.8744 18.1024
      vertex 4.99115 13.0717 21.6535
    endloop
  endfacet
  facet normal -0.182252 -0.593297 0.784081
    outer loop
      vertex 3.95435 11.6491 20.3363
      vertex 3.24919 8.92708 18.1127
      vertex 3.37637 8.8744 18.1024
    endloop
  endfacet
  facet normal -0.181933 -0.593385 0.784088
    outer loop
      vertex 3.24919 8.92708 18.1127
      vertex 3.95435 11.6491 20.3363
      vertex 3.0515 8.98941 18.114
    endloop
  endfacet
  facet normal -0.259048 -0.563816 0.784223
    outer loop
      vertex 6.48423 12.3928 21.6583
      vertex 6.18762 12.5473 21.6714
      vertex 5.44104 11.0333 20.3363
    endloop
  endfacet
  facet normal -0.259002 -0.563842 0.78422
    outer loop
      vertex 3.37637 8.8744 18.1024
      vertex 5.35247 12.922 21.6652
      vertex 4.99115 13.0717 21.6535
    endloop
  endfacet
  facet normal -0.258757 -0.563958 0.784217
    outer loop
      vertex 5.35247 12.922 21.6652
      vertex 3.37637 8.8744 18.1024
      vertex 3.63203 8.7685 18.1106
    endloop
  endfacet
  facet normal -0.421926 -0.454954 0.784216
    outer loop
      vertex 8.11128 9.24914 20.3364
      vertex 8.99903 10.7246 21.67
      vertex 8.97416 10.7437 21.6677
    endloop
  endfacet
  facet normal -0.421857 -0.455003 0.784225
    outer loop
      vertex 8.99903 10.7246 21.67
      vertex 8.11128 9.24914 20.3364
      vertex 9.22425 10.5182 21.6714
    endloop
  endfacet
  facet normal -0.895678 0.435056 0.0921244
    outer loop
      vertex 8.11128 9.24914 20.3364
      vertex 8.97416 10.7437 21.6677
      vertex 8.11126 9.24912 20.3363
    endloop
  endfacet
  facet normal -0.421827 -0.455041 0.784219
    outer loop
      vertex 6.71751 6.71751 18.1178
      vertex 10.1639 9.61095 21.6505
      vertex 9.89949 9.89949 21.6757
    endloop
  endfacet
  facet normal -0.421881 -0.454981 0.784224
    outer loop
      vertex 10.1639 9.61095 21.6505
      vertex 6.71751 6.71751 18.1178
      vertex 6.9046 6.51335 18.1
    endloop
  endfacet
  facet normal -0.102617 -0.612171 0.784038
    outer loop
      vertex 2.40003 12.0657 20.3364
      vertex 3.24137 13.6077 21.6505
      vertex 3.05578 13.6488 21.6583
    endloop
  endfacet
  facet normal -0.64135 -0.263997 0.7204
    outer loop
      vertex 2.4 12.0655 20.3363
      vertex 3.24137 13.6077 21.6505
      vertex 2.40003 12.0657 20.3364
    endloop
  endfacet
  facet normal -0.102833 -0.612068 0.784091
    outer loop
      vertex 2.4 12.0655 20.3363
      vertex 2.18843 9.23623 18.1
      vertex 3.24137 13.6077 21.6505
    endloop
  endfacet
  facet normal -0.848412 -0.0848412 0.522494
    outer loop
      vertex 1.29675 9.40213 18.1124
      vertex 2.4 12.0655 20.3363
      vertex 2.39999 12.0656 20.3363
    endloop
  endfacet
  facet normal -0.103084 -0.61204 0.784079
    outer loop
      vertex 2.4 12.0655 20.3363
      vertex 1.64966 9.35567 18.1224
      vertex 2.18843 9.23623 18.1
    endloop
  endfacet
  facet normal -0.1028 -0.612107 0.784065
    outer loop
      vertex 2.4 12.0655 20.3363
      vertex 1.29675 9.40213 18.1124
      vertex 1.64966 9.35567 18.1224
    endloop
  endfacet
  facet normal -0.183226 -0.592807 0.784225
    outer loop
      vertex 3.95435 11.6491 20.3363
      vertex 4.78828 13.1557 21.67
      vertex 4.49694 13.2476 21.6714
    endloop
  endfacet
  facet normal -0.183334 -0.592758 0.784237
    outer loop
      vertex 4.78828 13.1557 21.67
      vertex 3.95435 11.6491 20.3363
      vertex 4.81724 13.1437 21.6677
    endloop
  endfacet
  facet normal -0.183139 -0.592837 0.784222
    outer loop
      vertex 3.24137 13.6077 21.6505
      vertex 2.45877 9.1763 18.1178
      vertex 3.62346 13.523 21.6757
    endloop
  endfacet
  facet normal -0.183062 -0.592854 0.784227
    outer loop
      vertex 2.45877 9.1763 18.1178
      vertex 3.24137 13.6077 21.6505
      vertex 2.18843 9.23623 18.1
    endloop
  endfacet
  facet normal -0.423077 -0.454178 0.784046
    outer loop
      vertex 8.82482 10.8583 21.6535
      vertex 8.11126 9.24912 20.3363
      vertex 8.97416 10.7437 21.6677
    endloop
  endfacet
  facet normal -0.422833 -0.454325 0.784093
    outer loop
      vertex 5.99727 7.36122 18.1024
      vertex 8.11126 9.24912 20.3363
      vertex 8.82482 10.8583 21.6535
    endloop
  endfacet
  facet normal -0.422911 -0.454257 0.78409
    outer loop
      vertex 8.11126 9.24912 20.3363
      vertex 6.10648 7.27742 18.1127
      vertex 6.25931 7.13738 18.114
    endloop
  endfacet
  facet normal -0.422685 -0.454479 0.784083
    outer loop
      vertex 8.11126 9.24912 20.3363
      vertex 5.99727 7.36122 18.1024
      vertex 6.10648 7.27742 18.1127
    endloop
  endfacet
  facet normal -0.35879 -0.506215 0.784229
    outer loop
      vertex 7.77243 11.6323 21.6714
      vertex 7.4904 11.8119 21.6583
      vertex 6.83463 10.2288 20.3364
    endloop
  endfacet
  facet normal -0.358865 -0.506176 0.784221
    outer loop
      vertex 8.51455 11.0964 21.6652
      vertex 5.99727 7.36122 18.1024
      vertex 8.82482 10.8583 21.6535
    endloop
  endfacet
  facet normal -0.359028 -0.506064 0.784218
    outer loop
      vertex 5.99727 7.36122 18.1024
      vertex 8.51455 11.0964 21.6652
      vertex 5.77773 7.52968 18.1106
    endloop
  endfacet
  facet normal -0.0217728 -0.620294 0.784067
    outer loop
      vertex 0.827979 9.46385 18.1127
      vertex 1.43788 13.9181 21.6535
      vertex 1.25125 13.9426 21.6677
    endloop
  endfacet
  facet normal -0.0224886 -0.620224 0.784102
    outer loop
      vertex 1.43788 13.9181 21.6535
      vertex 0.827979 9.46385 18.1127
      vertex 0.964456 9.44588 18.1024
    endloop
  endfacet
  facet normal -0.0221765 -0.620265 0.784079
    outer loop
      vertex 0.827979 9.46385 18.1127
      vertex 1.25125 13.9426 21.6677
      vertex 0.0601511 9.49737 18.1175
    endloop
  endfacet
  facet normal -0.360335 -0.505415 0.784037
    outer loop
      vertex 7.33008 11.9141 21.6505
      vertex 6.83463 10.2288 20.3364
      vertex 7.4904 11.8119 21.6583
    endloop
  endfacet
  facet normal -0.96444 0.262987 0.0263454
    outer loop
      vertex 7.33008 11.9141 21.6505
      vertex 6.8346 10.2287 20.3363
      vertex 6.83463 10.2288 20.3364
    endloop
  endfacet
  facet normal -0.359996 -0.505569 0.784094
    outer loop
      vertex 4.98355 8.07845 18.1
      vertex 6.8346 10.2287 20.3363
      vertex 7.33008 11.9141 21.6505
    endloop
  endfacet
  facet normal -0.359909 -0.505638 0.784089
    outer loop
      vertex 6.8346 10.2287 20.3363
      vertex 4.98355 8.07845 18.1
      vertex 5.27414 7.89332 18.114
    endloop
  endfacet
  facet normal -0.289656 -0.548728 0.784218
    outer loop
      vertex 5.44104 11.0333 20.3363
      vertex 5.91666 12.6883 21.67
      vertex 5.8877 12.7003 21.6677
    endloop
  endfacet
  facet normal -0.289605 -0.548747 0.784223
    outer loop
      vertex 5.91666 12.6883 21.67
      vertex 5.44104 11.0333 20.3363
      vertex 6.18762 12.5473 21.6714
    endloop
  endfacet
  facet normal 0 -0.624066 0.781372
    outer loop
      vertex 5.44104 11.0333 20.3363
      vertex 5.8877 12.7003 21.6677
      vertex 5.44103 11.0333 20.3363
    endloop
  endfacet
  facet normal -0.28971 -0.548692 0.784223
    outer loop
      vertex 4.75001 8.22724 18.1178
      vertex 7.33008 11.9141 21.6505
      vertex 7 12.1244 21.6757
    endloop
  endfacet
  facet normal -0.289777 -0.54865 0.784227
    outer loop
      vertex 7.33008 11.9141 21.6505
      vertex 4.75001 8.22724 18.1178
      vertex 4.98355 8.07845 18.1
    endloop
  endfacet
  facet normal -0.104203 -0.611708 0.78419
    outer loop
      vertex 1.43788 13.9181 21.6535
      vertex 2.39999 12.0656 20.3363
      vertex 2.21762 13.8154 21.677
    endloop
  endfacet
  facet normal -0.104104 -0.611682 0.784225
    outer loop
      vertex 0.964456 9.44588 18.1024
      vertex 2.39999 12.0656 20.3363
      vertex 1.43788 13.9181 21.6535
    endloop
  endfacet
  facet normal -0.104133 -0.61167 0.78423
    outer loop
      vertex 2.39999 12.0656 20.3363
      vertex 0.964456 9.44588 18.1024
      vertex 1.29675 9.40213 18.1124
    endloop
  endfacet
  facet normal -0.104187 -0.611673 0.78422
    outer loop
      vertex 3.05578 13.6488 21.6583
      vertex 2.72933 13.7212 21.6714
      vertex 2.40003 12.0657 20.3364
    endloop
  endfacet
  facet normal 0.0592044 -0.617826 0.784083
    outer loop
      vertex -0.580913 13.9746 21.6583
      vertex -0.276652 9.48792 18.1
      vertex -0.390998 13.9829 21.6505
    endloop
  endfacet
  facet normal 0.0588314 -0.617855 0.784088
    outer loop
      vertex -0.580913 13.9746 21.6583
      vertex -0.827979 9.46385 18.1224
      vertex -0.276652 9.48792 18.1
    endloop
  endfacet
  facet normal 0.0591222 -0.617855 0.784066
    outer loop
      vertex -0.827979 9.46385 18.1224
      vertex -0.580913 13.9746 21.6583
      vertex -1.18089 9.41739 18.1124
    endloop
  endfacet
  facet normal -0.290996 -0.548242 0.784061
    outer loop
      vertex 5.71379 12.7723 21.6535
      vertex 5.44103 11.0333 20.3363
      vertex 5.8877 12.7003 21.6677
    endloop
  endfacet
  facet normal -0.290824 -0.548292 0.784091
    outer loop
      vertex 3.8877 8.6626 18.1024
      vertex 5.44103 11.0333 20.3363
      vertex 5.71379 12.7723 21.6535
    endloop
  endfacet
  facet normal -0.290921 -0.548243 0.784089
    outer loop
      vertex 5.44103 11.0333 20.3363
      vertex 4.01487 8.60992 18.1127
      vertex 4.19874 8.51421 18.114
    endloop
  endfacet
  facet normal -0.290673 -0.548383 0.784083
    outer loop
      vertex 5.44103 11.0333 20.3363
      vertex 3.8877 8.6626 18.1024
      vertex 4.01487 8.60992 18.1127
    endloop
  endfacet
  facet normal -0.0237574 -0.619983 0.784256
    outer loop
      vertex 1.22018 13.9467 21.67
      vertex 0.0601511 9.49737 18.1175
      vertex 1.25125 13.9426 21.6677
    endloop
  endfacet
  facet normal -0.0234213 -0.620042 0.784219
    outer loop
      vertex 0 14 21.6757
      vertex 0.0601511 9.49737 18.1175
      vertex 1.22018 13.9467 21.67
    endloop
  endfacet
  facet normal -0.023199 -0.620043 0.784225
    outer loop
      vertex 0 14 21.6757
      vertex 0 9.5 18.1178
      vertex 0.0601511 9.49737 18.1175
    endloop
  endfacet
  facet normal -0.0234264 -0.62004 0.784221
    outer loop
      vertex -0.390998 13.9829 21.6505
      vertex 0 9.5 18.1178
      vertex 0 14 21.6757
    endloop
  endfacet
  facet normal -0.0233836 -0.620038 0.784223
    outer loop
      vertex 0 9.5 18.1178
      vertex -0.390998 13.9829 21.6505
      vertex -0.276652 9.48792 18.1
    endloop
  endfacet
  facet normal -0.215563 -0.58183 0.784224
    outer loop
      vertex 4.17802 13.3481 21.6583
      vertex 3.95435 11.6491 20.3363
      vertex 4.49694 13.2476 21.6714
    endloop
  endfacet
  facet normal -0.215655 -0.581802 0.784219
    outer loop
      vertex 5.35247 12.922 21.6652
      vertex 3.8877 8.6626 18.1024
      vertex 5.71379 12.7723 21.6535
    endloop
  endfacet
  facet normal -0.215811 -0.581747 0.784217
    outer loop
      vertex 3.8877 8.6626 18.1024
      vertex 5.35247 12.922 21.6652
      vertex 3.63203 8.7685 18.1106
    endloop
  endfacet
  facet normal -0.986862 -0.0986862 0.127927
    outer loop
      vertex 2.4 13.7914 21.6677
      vertex 2.39999 12.0656 20.3363
      vertex 2.4 12.0655 20.3363
    endloop
  endfacet
  facet normal -0.0399742 -0.610335 0.791134
    outer loop
      vertex 2.39999 12.0656 20.3363
      vertex 2.4 13.7914 21.6677
      vertex 2.21762 13.8154 21.677
    endloop
  endfacet
  facet normal 0.138822 -0.604908 0.784101
    outer loop
      vertex -2.21337 13.816 21.6535
      vertex -1.64966 9.35567 18.1127
      vertex -1.51318 9.37364 18.1024
    endloop
  endfacet
  facet normal 0.139379 -0.604816 0.784074
    outer loop
      vertex -2.4 13.7914 21.6677
      vertex -1.64966 9.35567 18.1127
      vertex -2.21337 13.816 21.6535
    endloop
  endfacet
  facet normal 0.139107 -0.604868 0.784081
    outer loop
      vertex -1.64966 9.35567 18.1127
      vertex -2.4 13.7914 21.6677
      vertex -2.4 9.18933 18.1175
    endloop
  endfacet
  facet normal 1 -0 0
    outer loop
      vertex -2.4 9.18933 30.4
      vertex -2.4 13.7914 21.6677
      vertex -2.4 13.7914 30.4
    endloop
  endfacet
  facet normal 1 0 0
    outer loop
      vertex -2.4 13.7914 21.6677
      vertex -2.4 9.18933 30.4
      vertex -2.4 9.18933 18.1175
    endloop
  endfacet
  facet normal 0.0577541 -0.617792 0.784218
    outer loop
      vertex -1.22018 13.9467 21.6834
      vertex -1.18089 9.41739 18.1124
      vertex -0.580913 13.9746 21.6583
    endloop
  endfacet
  facet normal 0.0576905 -0.617795 0.78422
    outer loop
      vertex -2.21337 13.816 21.6535
      vertex -1.18089 9.41739 18.1124
      vertex -1.22018 13.9467 21.6834
    endloop
  endfacet
  facet normal 0.0577384 -0.617786 0.784224
    outer loop
      vertex -1.18089 9.41739 18.1124
      vertex -2.21337 13.816 21.6535
      vertex -1.51318 9.37364 18.1024
    endloop
  endfacet
  facet normal -0.137759 -0.604996 0.784221
    outer loop
      vertex 2.43107 13.7873 21.67
      vertex 2.40003 12.0657 20.3364
      vertex 2.72933 13.7212 21.6714
    endloop
  endfacet
  facet normal -0.137886 -0.604984 0.784208
    outer loop
      vertex 2.4 13.7914 21.6677
      vertex 2.40003 12.0657 20.3364
      vertex 2.43107 13.7873 21.67
    endloop
  endfacet
  facet normal 0.820013 -0.349589 0.453173
    outer loop
      vertex 2.40003 12.0657 20.3364
      vertex 2.4 13.7914 21.6677
      vertex 2.4 12.0655 20.3363
    endloop
  endfacet
  facet normal 0 -0.209359 0.977839
    outer loop
      vertex 3.62346 13.523 21.6757
      vertex 3.99672 13.4053 21.6505
      vertex 3.62347 13.523 21.6757
    endloop
  endfacet
  facet normal -0.137823 -0.60498 0.784222
    outer loop
      vertex 2.45878 9.1763 18.1178
      vertex 3.99672 13.4053 21.6505
      vertex 3.62346 13.523 21.6757
    endloop
  endfacet
  facet normal -0.137886 -0.60496 0.784226
    outer loop
      vertex 3.99672 13.4053 21.6505
      vertex 2.45878 9.1763 18.1178
      vertex 2.72288 9.09303 18.1
    endloop
  endfacet
  facet normal 0 -0.633399 0.773826
    outer loop
      vertex 2.45878 9.1763 18.1178
      vertex 3.62346 13.523 21.6757
      vertex 2.45877 9.1763 18.1178
    endloop
  endfacet
  facet normal -0.217186 -0.581473 0.78404
    outer loop
      vertex 3.99672 13.4053 21.6505
      vertex 3.95435 11.6491 20.3363
      vertex 4.17802 13.3481 21.6583
    endloop
  endfacet
  facet normal -0.216863 -0.581521 0.784094
    outer loop
      vertex 2.72288 9.09303 18.1
      vertex 3.95435 11.6491 20.3363
      vertex 3.99672 13.4053 21.6505
    endloop
  endfacet
  facet normal -0.21678 -0.581558 0.78409
    outer loop
      vertex 3.95435 11.6491 20.3363
      vertex 2.72288 9.09303 18.1
      vertex 3.0515 8.98941 18.114
    endloop
  endfacet
  facet normal 0 -1 0
    outer loop
      vertex 9.18933 2.4 27.4
      vertex 13.7914 2.4 54
      vertex 9.18933 2.4 54
    endloop
  endfacet
  facet normal 0 -1 -0
    outer loop
      vertex 13.7914 2.4 54
      vertex 9.18933 2.4 27.4
      vertex 13.7914 2.4 27.4
    endloop
  endfacet
  facet normal -1 0 0
    outer loop
      vertex 2.4 9.18933 27.4
      vertex 2.4 13.7914 30.4
      vertex 2.4 13.7914 27.4
    endloop
  endfacet
  facet normal -1 -0 0
    outer loop
      vertex 2.4 13.7914 30.4
      vertex 2.4 9.18933 27.4
      vertex 2.4 9.18933 30.4
    endloop
  endfacet
  facet normal 0 0 -1
    outer loop
      vertex 1.64966 9.35567 30.4
      vertex 2.4 13.7914 30.4
      vertex 2.4 9.18933 30.4
    endloop
  endfacet
  facet normal 0 0 -1
    outer loop
      vertex 1.64966 9.35567 30.4
      vertex 1.22018 13.9467 30.4
      vertex 2.4 13.7914 30.4
    endloop
  endfacet
  facet normal 0 0 -1
    outer loop
      vertex 0.827979 9.46385 30.4
      vertex 1.22018 13.9467 30.4
      vertex 1.64966 9.35567 30.4
    endloop
  endfacet
  facet normal 0 0 -1
    outer loop
      vertex 0 9.5 30.4
      vertex 1.22018 13.9467 30.4
      vertex 0.827979 9.46385 30.4
    endloop
  endfacet
  facet normal 0 0 -1
    outer loop
      vertex 0 9.5 30.4
      vertex 0 14 30.4
      vertex 1.22018 13.9467 30.4
    endloop
  endfacet
  facet normal 0 0 -1
    outer loop
      vertex -0.827979 9.46385 30.4
      vertex 0 14 30.4
      vertex 0 9.5 30.4
    endloop
  endfacet
  facet normal 0 0 -1
    outer loop
      vertex -0.827979 9.46385 30.4
      vertex -1.22018 13.9467 30.4
      vertex 0 14 30.4
    endloop
  endfacet
  facet normal 0 0 -1
    outer loop
      vertex -1.64966 9.35567 30.4
      vertex -1.22018 13.9467 30.4
      vertex -0.827979 9.46385 30.4
    endloop
  endfacet
  facet normal 0 0 -1
    outer loop
      vertex -2.4 13.7914 30.4
      vertex -1.64966 9.35567 30.4
      vertex -2.4 9.18933 30.4
    endloop
  endfacet
  facet normal 0 0 -1
    outer loop
      vertex -1.64966 9.35567 30.4
      vertex -2.4 13.7914 30.4
      vertex -1.22018 13.9467 30.4
    endloop
  endfacet
  facet normal -0.991491 -0.130175 0
    outer loop
      vertex -12.3065 -13.8518 0
      vertex -12.3258 -13.7048 3
      vertex -12.3258 -13.7048 0
    endloop
  endfacet
  facet normal -0.991491 -0.130175 0
    outer loop
      vertex -12.3258 -13.7048 3
      vertex -12.3065 -13.8518 0
      vertex -12.3065 -13.8518 3
    endloop
  endfacet
  facet normal -0.99904 -0.0438175 0
    outer loop
      vertex -12.3 -14 0
      vertex -12.3065 -13.8518 3
      vertex -12.3065 -13.8518 0
    endloop
  endfacet
  facet normal -0.99904 -0.0438175 0
    outer loop
      vertex -12.3065 -13.8518 3
      vertex -12.3 -14 0
      vertex -12.3 -14 3
    endloop
  endfacet
  facet normal -0.976298 -0.216431 0
    outer loop
      vertex -12.3258 -13.7048 0
      vertex -12.3579 -13.56 3
      vertex -12.3579 -13.56 0
    endloop
  endfacet
  facet normal -0.976298 -0.216431 0
    outer loop
      vertex -12.3579 -13.56 3
      vertex -12.3258 -13.7048 0
      vertex -12.3258 -13.7048 3
    endloop
  endfacet
  facet normal -0.130175 0.991491 0
    outer loop
      vertex -13.7048 -15.6742 0
      vertex -13.8518 -15.6935 3
      vertex -13.7048 -15.6742 3
    endloop
  endfacet
  facet normal -0.130175 0.991491 0
    outer loop
      vertex -13.8518 -15.6935 3
      vertex -13.7048 -15.6742 0
      vertex -13.8518 -15.6935 0
    endloop
  endfacet
  facet normal -0.300809 0.953685 0
    outer loop
      vertex -13.4186 -15.5975 0
      vertex -13.56 -15.6421 3
      vertex -13.4186 -15.5975 3
    endloop
  endfacet
  facet normal -0.300809 0.953685 0
    outer loop
      vertex -13.56 -15.6421 3
      vertex -13.4186 -15.5975 0
      vertex -13.56 -15.6421 0
    endloop
  endfacet
  facet normal 0.953685 -0.300809 0
    outer loop
      vertex -15.6421 -13.56 3
      vertex -15.5975 -13.4186 0
      vertex -15.5975 -13.4186 3
    endloop
  endfacet
  facet normal 0.953685 -0.300809 0
    outer loop
      vertex -15.5975 -13.4186 0
      vertex -15.6421 -13.56 3
      vertex -15.6421 -13.56 0
    endloop
  endfacet
  facet normal 0.79315 0.609026 0
    outer loop
      vertex -15.3023 -15.0927 3
      vertex -15.3926 -14.9751 0
      vertex -15.3926 -14.9751 3
    endloop
  endfacet
  facet normal 0.79315 0.609026 0
    outer loop
      vertex -15.3926 -14.9751 0
      vertex -15.3023 -15.0927 3
      vertex -15.3023 -15.0927 0
    endloop
  endfacet
  facet normal -0.953685 -0.300809 0
    outer loop
      vertex -12.3579 -13.56 0
      vertex -12.4025 -13.4186 3
      vertex -12.4025 -13.4186 0
    endloop
  endfacet
  facet normal -0.953685 -0.300809 0
    outer loop
      vertex -12.4025 -13.4186 3
      vertex -12.3579 -13.56 0
      vertex -12.3579 -13.56 3
    endloop
  endfacet
  facet normal -0.79315 -0.609026 0
    outer loop
      vertex -12.6074 -13.0249 0
      vertex -12.6977 -12.9073 3
      vertex -12.6977 -12.9073 0
    endloop
  endfacet
  facet normal -0.79315 -0.609026 0
    outer loop
      vertex -12.6977 -12.9073 3
      vertex -12.6074 -13.0249 0
      vertex -12.6074 -13.0249 3
    endloop
  endfacet
  facet normal 0.536832 -0.843689 0
    outer loop
      vertex -14.9751 -12.6074 0
      vertex -14.85 -12.5278 3
      vertex -14.9751 -12.6074 3
    endloop
  endfacet
  facet normal 0.536832 -0.843689 0
    outer loop
      vertex -14.85 -12.5278 3
      vertex -14.9751 -12.6074 0
      vertex -14.85 -12.5278 0
    endloop
  endfacet
  facet normal 0.300809 -0.953685 0
    outer loop
      vertex -14.5814 -12.4025 0
      vertex -14.44 -12.3579 3
      vertex -14.5814 -12.4025 3
    endloop
  endfacet
  facet normal 0.300809 -0.953685 0
    outer loop
      vertex -14.44 -12.3579 3
      vertex -14.5814 -12.4025 0
      vertex -14.44 -12.3579 0
    endloop
  endfacet
  facet normal 0.216431 -0.976298 0
    outer loop
      vertex -14.44 -12.3579 0
      vertex -14.2952 -12.3258 3
      vertex -14.44 -12.3579 3
    endloop
  endfacet
  facet normal 0.216431 -0.976298 0
    outer loop
      vertex -14.2952 -12.3258 3
      vertex -14.44 -12.3579 0
      vertex -14.2952 -12.3258 0
    endloop
  endfacet
  facet normal 0.923853 0.382749 0
    outer loop
      vertex -15.5407 -14.7185 3
      vertex -15.5975 -14.5814 0
      vertex -15.5975 -14.5814 3
    endloop
  endfacet
  facet normal 0.923853 0.382749 0
    outer loop
      vertex -15.5975 -14.5814 0
      vertex -15.5407 -14.7185 3
      vertex -15.5407 -14.7185 0
    endloop
  endfacet
  facet normal -0.843689 -0.536832 0
    outer loop
      vertex -12.5278 -13.15 0
      vertex -12.6074 -13.0249 3
      vertex -12.6074 -13.0249 0
    endloop
  endfacet
  facet normal -0.843689 -0.536832 0
    outer loop
      vertex -12.6074 -13.0249 3
      vertex -12.5278 -13.15 0
      vertex -12.5278 -13.15 3
    endloop
  endfacet
  facet normal -0.953685 0.300809 0
    outer loop
      vertex -12.4025 -14.5814 0
      vertex -12.3579 -14.44 3
      vertex -12.3579 -14.44 0
    endloop
  endfacet
  facet normal -0.953685 0.300809 0
    outer loop
      vertex -12.3579 -14.44 3
      vertex -12.4025 -14.5814 0
      vertex -12.4025 -14.5814 3
    endloop
  endfacet
  facet normal -0.675419 -0.737434 0
    outer loop
      vertex -12.9073 -12.6977 0
      vertex -12.7979 -12.7979 3
      vertex -12.9073 -12.6977 3
    endloop
  endfacet
  facet normal -0.675419 -0.737434 -0
    outer loop
      vertex -12.7979 -12.7979 3
      vertex -12.9073 -12.6977 0
      vertex -12.7979 -12.7979 0
    endloop
  endfacet
  facet normal -0.536832 -0.843689 0
    outer loop
      vertex -13.15 -12.5278 0
      vertex -13.0249 -12.6074 3
      vertex -13.15 -12.5278 3
    endloop
  endfacet
  facet normal -0.536832 -0.843689 -0
    outer loop
      vertex -13.0249 -12.6074 3
      vertex -13.15 -12.5278 0
      vertex -13.0249 -12.6074 0
    endloop
  endfacet
  facet normal -0.99904 0.0438175 0
    outer loop
      vertex -12.3065 -14.1482 0
      vertex -12.3 -14 3
      vertex -12.3 -14 0
    endloop
  endfacet
  facet normal -0.99904 0.0438175 0
    outer loop
      vertex -12.3 -14 3
      vertex -12.3065 -14.1482 0
      vertex -12.3065 -14.1482 3
    endloop
  endfacet
  facet normal 0.216431 0.976298 -0
    outer loop
      vertex -14.2952 -15.6742 0
      vertex -14.44 -15.6421 3
      vertex -14.2952 -15.6742 3
    endloop
  endfacet
  facet normal 0.216431 0.976298 0
    outer loop
      vertex -14.44 -15.6421 3
      vertex -14.2952 -15.6742 0
      vertex -14.44 -15.6421 0
    endloop
  endfacet
  facet normal -0.609026 -0.79315 0
    outer loop
      vertex -13.0249 -12.6074 0
      vertex -12.9073 -12.6977 3
      vertex -13.0249 -12.6074 3
    endloop
  endfacet
  facet normal -0.609026 -0.79315 -0
    outer loop
      vertex -12.9073 -12.6977 3
      vertex -13.0249 -12.6074 0
      vertex -12.9073 -12.6977 0
    endloop
  endfacet
  facet normal 0.953685 0.300809 0
    outer loop
      vertex -15.5975 -14.5814 3
      vertex -15.6421 -14.44 0
      vertex -15.6421 -14.44 3
    endloop
  endfacet
  facet normal 0.953685 0.300809 0
    outer loop
      vertex -15.6421 -14.44 0
      vertex -15.5975 -14.5814 3
      vertex -15.5975 -14.5814 0
    endloop
  endfacet
  facet normal 0.609026 -0.79315 0
    outer loop
      vertex -15.0927 -12.6977 0
      vertex -14.9751 -12.6074 3
      vertex -15.0927 -12.6977 3
    endloop
  endfacet
  facet normal 0.609026 -0.79315 0
    outer loop
      vertex -14.9751 -12.6074 3
      vertex -15.0927 -12.6977 0
      vertex -14.9751 -12.6074 0
    endloop
  endfacet
  facet normal -0.216431 0.976298 0
    outer loop
      vertex -13.56 -15.6421 0
      vertex -13.7048 -15.6742 3
      vertex -13.56 -15.6421 3
    endloop
  endfacet
  facet normal -0.216431 0.976298 0
    outer loop
      vertex -13.7048 -15.6742 3
      vertex -13.56 -15.6421 0
      vertex -13.7048 -15.6742 0
    endloop
  endfacet
  facet normal 0.382749 0.923853 -0
    outer loop
      vertex -14.5814 -15.5975 0
      vertex -14.7185 -15.5407 3
      vertex -14.5814 -15.5975 3
    endloop
  endfacet
  facet normal 0.382749 0.923853 0
    outer loop
      vertex -14.7185 -15.5407 3
      vertex -14.5814 -15.5975 0
      vertex -14.7185 -15.5407 0
    endloop
  endfacet
  facet normal -0.46199 0.886885 0
    outer loop
      vertex -13.15 -15.4722 0
      vertex -13.2815 -15.5407 3
      vertex -13.15 -15.4722 3
    endloop
  endfacet
  facet normal -0.46199 0.886885 0
    outer loop
      vertex -13.2815 -15.5407 3
      vertex -13.15 -15.4722 0
      vertex -13.2815 -15.5407 0
    endloop
  endfacet
  facet normal 0.0438175 -0.99904 0
    outer loop
      vertex -14.1482 -12.3065 0
      vertex -14 -12.3 3
      vertex -14.1482 -12.3065 3
    endloop
  endfacet
  facet normal 0.0438175 -0.99904 0
    outer loop
      vertex -14 -12.3 3
      vertex -14.1482 -12.3065 0
      vertex -14 -12.3 0
    endloop
  endfacet
  facet normal 0.536832 0.843689 -0
    outer loop
      vertex -14.85 -15.4722 0
      vertex -14.9751 -15.3926 3
      vertex -14.85 -15.4722 3
    endloop
  endfacet
  facet normal 0.536832 0.843689 0
    outer loop
      vertex -14.9751 -15.3926 3
      vertex -14.85 -15.4722 0
      vertex -14.9751 -15.3926 0
    endloop
  endfacet
  facet normal -0.0438175 0.99904 0
    outer loop
      vertex -13.8518 -15.6935 0
      vertex -14 -15.7 3
      vertex -13.8518 -15.6935 3
    endloop
  endfacet
  facet normal -0.0438175 0.99904 0
    outer loop
      vertex -14 -15.7 3
      vertex -13.8518 -15.6935 0
      vertex -14 -15.7 0
    endloop
  endfacet
  facet normal 0.886885 0.46199 0
    outer loop
      vertex -15.4722 -14.85 3
      vertex -15.5407 -14.7185 0
      vertex -15.5407 -14.7185 3
    endloop
  endfacet
  facet normal 0.886885 0.46199 0
    outer loop
      vertex -15.5407 -14.7185 0
      vertex -15.4722 -14.85 3
      vertex -15.4722 -14.85 0
    endloop
  endfacet
  facet normal -0.46199 -0.886885 0
    outer loop
      vertex -13.2815 -12.4593 0
      vertex -13.15 -12.5278 3
      vertex -13.2815 -12.4593 3
    endloop
  endfacet
  facet normal -0.46199 -0.886885 -0
    outer loop
      vertex -13.15 -12.5278 3
      vertex -13.2815 -12.4593 0
      vertex -13.15 -12.5278 0
    endloop
  endfacet
  facet normal -0.675419 0.737434 0
    outer loop
      vertex -12.7979 -15.2021 0
      vertex -12.9073 -15.3023 3
      vertex -12.7979 -15.2021 3
    endloop
  endfacet
  facet normal -0.675419 0.737434 0
    outer loop
      vertex -12.9073 -15.3023 3
      vertex -12.7979 -15.2021 0
      vertex -12.9073 -15.3023 0
    endloop
  endfacet
  facet normal -0.536832 0.843689 0
    outer loop
      vertex -13.0249 -15.3926 0
      vertex -13.15 -15.4722 3
      vertex -13.0249 -15.3926 3
    endloop
  endfacet
  facet normal -0.536832 0.843689 0
    outer loop
      vertex -13.15 -15.4722 3
      vertex -13.0249 -15.3926 0
      vertex -13.15 -15.4722 0
    endloop
  endfacet
  facet normal -0.79315 0.609026 0
    outer loop
      vertex -12.6977 -15.0927 0
      vertex -12.6074 -14.9751 3
      vertex -12.6074 -14.9751 0
    endloop
  endfacet
  facet normal -0.79315 0.609026 0
    outer loop
      vertex -12.6074 -14.9751 3
      vertex -12.6977 -15.0927 0
      vertex -12.6977 -15.0927 3
    endloop
  endfacet
  facet normal 0.99904 -0.0438175 0
    outer loop
      vertex -15.7 -14 3
      vertex -15.6935 -13.8518 0
      vertex -15.6935 -13.8518 3
    endloop
  endfacet
  facet normal 0.99904 -0.0438175 0
    outer loop
      vertex -15.6935 -13.8518 0
      vertex -15.7 -14 3
      vertex -15.7 -14 0
    endloop
  endfacet
  facet normal -0.609026 0.79315 0
    outer loop
      vertex -12.9073 -15.3023 0
      vertex -13.0249 -15.3926 3
      vertex -12.9073 -15.3023 3
    endloop
  endfacet
  facet normal -0.609026 0.79315 0
    outer loop
      vertex -13.0249 -15.3926 3
      vertex -12.9073 -15.3023 0
      vertex -13.0249 -15.3926 0
    endloop
  endfacet
  facet normal -0.923853 -0.382749 0
    outer loop
      vertex -12.4025 -13.4186 0
      vertex -12.4593 -13.2815 3
      vertex -12.4593 -13.2815 0
    endloop
  endfacet
  facet normal -0.923853 -0.382749 0
    outer loop
      vertex -12.4593 -13.2815 3
      vertex -12.4025 -13.4186 0
      vertex -12.4025 -13.4186 3
    endloop
  endfacet
  facet normal -0.737434 -0.675419 0
    outer loop
      vertex -12.6977 -12.9073 0
      vertex -12.7979 -12.7979 3
      vertex -12.7979 -12.7979 0
    endloop
  endfacet
  facet normal -0.737434 -0.675419 0
    outer loop
      vertex -12.7979 -12.7979 3
      vertex -12.6977 -12.9073 0
      vertex -12.6977 -12.9073 3
    endloop
  endfacet
  facet normal 0.923853 -0.382749 0
    outer loop
      vertex -15.5975 -13.4186 3
      vertex -15.5407 -13.2815 0
      vertex -15.5407 -13.2815 3
    endloop
  endfacet
  facet normal 0.923853 -0.382749 0
    outer loop
      vertex -15.5407 -13.2815 0
      vertex -15.5975 -13.4186 3
      vertex -15.5975 -13.4186 0
    endloop
  endfacet
  facet normal -0.382749 0.923853 0
    outer loop
      vertex -13.2815 -15.5407 0
      vertex -13.4186 -15.5975 3
      vertex -13.2815 -15.5407 3
    endloop
  endfacet
  facet normal -0.382749 0.923853 0
    outer loop
      vertex -13.4186 -15.5975 3
      vertex -13.2815 -15.5407 0
      vertex -13.4186 -15.5975 0
    endloop
  endfacet
  facet normal -0.886885 -0.46199 0
    outer loop
      vertex -12.4593 -13.2815 0
      vertex -12.5278 -13.15 3
      vertex -12.5278 -13.15 0
    endloop
  endfacet
  facet normal -0.886885 -0.46199 0
    outer loop
      vertex -12.5278 -13.15 3
      vertex -12.4593 -13.2815 0
      vertex -12.4593 -13.2815 3
    endloop
  endfacet
  facet normal 0.675419 -0.737434 0
    outer loop
      vertex -15.2021 -12.7979 0
      vertex -15.0927 -12.6977 3
      vertex -15.2021 -12.7979 3
    endloop
  endfacet
  facet normal 0.675419 -0.737434 0
    outer loop
      vertex -15.0927 -12.6977 3
      vertex -15.2021 -12.7979 0
      vertex -15.0927 -12.6977 0
    endloop
  endfacet
  facet normal 0.675419 0.737434 -0
    outer loop
      vertex -15.0927 -15.3023 0
      vertex -15.2021 -15.2021 3
      vertex -15.0927 -15.3023 3
    endloop
  endfacet
  facet normal 0.675419 0.737434 0
    outer loop
      vertex -15.2021 -15.2021 3
      vertex -15.0927 -15.3023 0
      vertex -15.2021 -15.2021 0
    endloop
  endfacet
  facet normal -0.130175 -0.991491 0
    outer loop
      vertex -13.8518 -12.3065 0
      vertex -13.7048 -12.3258 3
      vertex -13.8518 -12.3065 3
    endloop
  endfacet
  facet normal -0.130175 -0.991491 -0
    outer loop
      vertex -13.7048 -12.3258 3
      vertex -13.8518 -12.3065 0
      vertex -13.7048 -12.3258 0
    endloop
  endfacet
  facet normal 0.46199 -0.886885 0
    outer loop
      vertex -14.85 -12.5278 0
      vertex -14.7185 -12.4593 3
      vertex -14.85 -12.5278 3
    endloop
  endfacet
  facet normal 0.46199 -0.886885 0
    outer loop
      vertex -14.7185 -12.4593 3
      vertex -14.85 -12.5278 0
      vertex -14.7185 -12.4593 0
    endloop
  endfacet
  facet normal 0.382749 -0.923853 0
    outer loop
      vertex -14.7185 -12.4593 0
      vertex -14.5814 -12.4025 3
      vertex -14.7185 -12.4593 3
    endloop
  endfacet
  facet normal 0.382749 -0.923853 0
    outer loop
      vertex -14.5814 -12.4025 3
      vertex -14.7185 -12.4593 0
      vertex -14.5814 -12.4025 0
    endloop
  endfacet
  facet normal 0.991491 -0.130175 0
    outer loop
      vertex -15.6935 -13.8518 3
      vertex -15.6742 -13.7048 0
      vertex -15.6742 -13.7048 3
    endloop
  endfacet
  facet normal 0.991491 -0.130175 0
    outer loop
      vertex -15.6742 -13.7048 0
      vertex -15.6935 -13.8518 3
      vertex -15.6935 -13.8518 0
    endloop
  endfacet
  facet normal 0.976298 -0.216431 0
    outer loop
      vertex -15.6742 -13.7048 3
      vertex -15.6421 -13.56 0
      vertex -15.6421 -13.56 3
    endloop
  endfacet
  facet normal 0.976298 -0.216431 0
    outer loop
      vertex -15.6421 -13.56 0
      vertex -15.6742 -13.7048 3
      vertex -15.6742 -13.7048 0
    endloop
  endfacet
  facet normal -0.923853 0.382749 0
    outer loop
      vertex -12.4593 -14.7185 0
      vertex -12.4025 -14.5814 3
      vertex -12.4025 -14.5814 0
    endloop
  endfacet
  facet normal -0.923853 0.382749 0
    outer loop
      vertex -12.4025 -14.5814 3
      vertex -12.4593 -14.7185 0
      vertex -12.4593 -14.7185 3
    endloop
  endfacet
  facet normal -0.216431 -0.976298 0
    outer loop
      vertex -13.7048 -12.3258 0
      vertex -13.56 -12.3579 3
      vertex -13.7048 -12.3258 3
    endloop
  endfacet
  facet normal -0.216431 -0.976298 -0
    outer loop
      vertex -13.56 -12.3579 3
      vertex -13.7048 -12.3258 0
      vertex -13.56 -12.3579 0
    endloop
  endfacet
  facet normal 0.79315 -0.609026 0
    outer loop
      vertex -15.3926 -13.0249 3
      vertex -15.3023 -12.9073 0
      vertex -15.3023 -12.9073 3
    endloop
  endfacet
  facet normal 0.79315 -0.609026 0
    outer loop
      vertex -15.3023 -12.9073 0
      vertex -15.3926 -13.0249 3
      vertex -15.3926 -13.0249 0
    endloop
  endfacet
  facet normal 0.99904 0.0438175 0
    outer loop
      vertex -15.6935 -14.1482 3
      vertex -15.7 -14 0
      vertex -15.7 -14 3
    endloop
  endfacet
  facet normal 0.99904 0.0438175 0
    outer loop
      vertex -15.7 -14 0
      vertex -15.6935 -14.1482 3
      vertex -15.6935 -14.1482 0
    endloop
  endfacet
  facet normal 0.46199 0.886885 -0
    outer loop
      vertex -14.7185 -15.5407 0
      vertex -14.85 -15.4722 3
      vertex -14.7185 -15.5407 3
    endloop
  endfacet
  facet normal 0.46199 0.886885 0
    outer loop
      vertex -14.85 -15.4722 3
      vertex -14.7185 -15.5407 0
      vertex -14.85 -15.4722 0
    endloop
  endfacet
  facet normal -0.0438175 -0.99904 0
    outer loop
      vertex -14 -12.3 0
      vertex -13.8518 -12.3065 3
      vertex -14 -12.3 3
    endloop
  endfacet
  facet normal -0.0438175 -0.99904 -0
    outer loop
      vertex -13.8518 -12.3065 3
      vertex -14 -12.3 0
      vertex -13.8518 -12.3065 0
    endloop
  endfacet
  facet normal -0.976298 0.216431 0
    outer loop
      vertex -12.3579 -14.44 0
      vertex -12.3258 -14.2952 3
      vertex -12.3258 -14.2952 0
    endloop
  endfacet
  facet normal -0.976298 0.216431 0
    outer loop
      vertex -12.3258 -14.2952 3
      vertex -12.3579 -14.44 0
      vertex -12.3579 -14.44 3
    endloop
  endfacet
  facet normal 0.737434 0.675419 0
    outer loop
      vertex -15.2021 -15.2021 3
      vertex -15.3023 -15.0927 0
      vertex -15.3023 -15.0927 3
    endloop
  endfacet
  facet normal 0.737434 0.675419 0
    outer loop
      vertex -15.3023 -15.0927 0
      vertex -15.2021 -15.2021 3
      vertex -15.2021 -15.2021 0
    endloop
  endfacet
  facet normal 0.976298 0.216431 0
    outer loop
      vertex -15.6421 -14.44 3
      vertex -15.6742 -14.2952 0
      vertex -15.6742 -14.2952 3
    endloop
  endfacet
  facet normal 0.976298 0.216431 0
    outer loop
      vertex -15.6742 -14.2952 0
      vertex -15.6421 -14.44 3
      vertex -15.6421 -14.44 0
    endloop
  endfacet
  facet normal -0.886885 0.46199 0
    outer loop
      vertex -12.5278 -14.85 0
      vertex -12.4593 -14.7185 3
      vertex -12.4593 -14.7185 0
    endloop
  endfacet
  facet normal -0.886885 0.46199 0
    outer loop
      vertex -12.4593 -14.7185 3
      vertex -12.5278 -14.85 0
      vertex -12.5278 -14.85 3
    endloop
  endfacet
  facet normal -0.382749 -0.923853 0
    outer loop
      vertex -13.4186 -12.4025 0
      vertex -13.2815 -12.4593 3
      vertex -13.4186 -12.4025 3
    endloop
  endfacet
  facet normal -0.382749 -0.923853 -0
    outer loop
      vertex -13.2815 -12.4593 3
      vertex -13.4186 -12.4025 0
      vertex -13.2815 -12.4593 0
    endloop
  endfacet
  facet normal -0.300809 -0.953685 0
    outer loop
      vertex -13.56 -12.3579 0
      vertex -13.4186 -12.4025 3
      vertex -13.56 -12.3579 3
    endloop
  endfacet
  facet normal -0.300809 -0.953685 -0
    outer loop
      vertex -13.4186 -12.4025 3
      vertex -13.56 -12.3579 0
      vertex -13.4186 -12.4025 0
    endloop
  endfacet
  facet normal 0.737434 -0.675419 0
    outer loop
      vertex -15.3023 -12.9073 3
      vertex -15.2021 -12.7979 0
      vertex -15.2021 -12.7979 3
    endloop
  endfacet
  facet normal 0.737434 -0.675419 0
    outer loop
      vertex -15.2021 -12.7979 0
      vertex -15.3023 -12.9073 3
      vertex -15.3023 -12.9073 0
    endloop
  endfacet
  facet normal 0.130175 -0.991491 0
    outer loop
      vertex -14.2952 -12.3258 0
      vertex -14.1482 -12.3065 3
      vertex -14.2952 -12.3258 3
    endloop
  endfacet
  facet normal 0.130175 -0.991491 0
    outer loop
      vertex -14.1482 -12.3065 3
      vertex -14.2952 -12.3258 0
      vertex -14.1482 -12.3065 0
    endloop
  endfacet
  facet normal 0.609026 0.79315 -0
    outer loop
      vertex -14.9751 -15.3926 0
      vertex -15.0927 -15.3023 3
      vertex -14.9751 -15.3926 3
    endloop
  endfacet
  facet normal 0.609026 0.79315 0
    outer loop
      vertex -15.0927 -15.3023 3
      vertex -14.9751 -15.3926 0
      vertex -15.0927 -15.3023 0
    endloop
  endfacet
  facet normal -0.843689 0.536832 0
    outer loop
      vertex -12.6074 -14.9751 0
      vertex -12.5278 -14.85 3
      vertex -12.5278 -14.85 0
    endloop
  endfacet
  facet normal -0.843689 0.536832 0
    outer loop
      vertex -12.5278 -14.85 3
      vertex -12.6074 -14.9751 0
      vertex -12.6074 -14.9751 3
    endloop
  endfacet
  facet normal 0.300809 0.953685 -0
    outer loop
      vertex -14.44 -15.6421 0
      vertex -14.5814 -15.5975 3
      vertex -14.44 -15.6421 3
    endloop
  endfacet
  facet normal 0.300809 0.953685 0
    outer loop
      vertex -14.5814 -15.5975 3
      vertex -14.44 -15.6421 0
      vertex -14.5814 -15.5975 0
    endloop
  endfacet
  facet normal 0.991491 0.130175 0
    outer loop
      vertex -15.6742 -14.2952 3
      vertex -15.6935 -14.1482 0
      vertex -15.6935 -14.1482 3
    endloop
  endfacet
  facet normal 0.991491 0.130175 0
    outer loop
      vertex -15.6935 -14.1482 0
      vertex -15.6742 -14.2952 3
      vertex -15.6742 -14.2952 0
    endloop
  endfacet
  facet normal 0.843689 0.536832 0
    outer loop
      vertex -15.3926 -14.9751 3
      vertex -15.4722 -14.85 0
      vertex -15.4722 -14.85 3
    endloop
  endfacet
  facet normal 0.843689 0.536832 0
    outer loop
      vertex -15.4722 -14.85 0
      vertex -15.3926 -14.9751 3
      vertex -15.3926 -14.9751 0
    endloop
  endfacet
  facet normal 0.886885 -0.46199 0
    outer loop
      vertex -15.5407 -13.2815 3
      vertex -15.4722 -13.15 0
      vertex -15.4722 -13.15 3
    endloop
  endfacet
  facet normal 0.886885 -0.46199 0
    outer loop
      vertex -15.4722 -13.15 0
      vertex -15.5407 -13.2815 3
      vertex -15.5407 -13.2815 0
    endloop
  endfacet
  facet normal -0.991491 0.130175 0
    outer loop
      vertex -12.3258 -14.2952 0
      vertex -12.3065 -14.1482 3
      vertex -12.3065 -14.1482 0
    endloop
  endfacet
  facet normal -0.991491 0.130175 0
    outer loop
      vertex -12.3065 -14.1482 3
      vertex -12.3258 -14.2952 0
      vertex -12.3258 -14.2952 3
    endloop
  endfacet
  facet normal -0.737434 0.675419 0
    outer loop
      vertex -12.7979 -15.2021 0
      vertex -12.6977 -15.0927 3
      vertex -12.6977 -15.0927 0
    endloop
  endfacet
  facet normal -0.737434 0.675419 0
    outer loop
      vertex -12.6977 -15.0927 3
      vertex -12.7979 -15.2021 0
      vertex -12.7979 -15.2021 3
    endloop
  endfacet
  facet normal 0.0438175 0.99904 -0
    outer loop
      vertex -14 -15.7 0
      vertex -14.1482 -15.6935 3
      vertex -14 -15.7 3
    endloop
  endfacet
  facet normal 0.0438175 0.99904 0
    outer loop
      vertex -14.1482 -15.6935 3
      vertex -14 -15.7 0
      vertex -14.1482 -15.6935 0
    endloop
  endfacet
  facet normal 0.130175 0.991491 -0
    outer loop
      vertex -14.1482 -15.6935 0
      vertex -14.2952 -15.6742 3
      vertex -14.1482 -15.6935 3
    endloop
  endfacet
  facet normal 0.130175 0.991491 0
    outer loop
      vertex -14.2952 -15.6742 3
      vertex -14.1482 -15.6935 0
      vertex -14.2952 -15.6742 0
    endloop
  endfacet
  facet normal 0.843689 -0.536832 0
    outer loop
      vertex -15.4722 -13.15 3
      vertex -15.3926 -13.0249 0
      vertex -15.3926 -13.0249 3
    endloop
  endfacet
  facet normal 0.843689 -0.536832 0
    outer loop
      vertex -15.3926 -13.0249 0
      vertex -15.4722 -13.15 3
      vertex -15.4722 -13.15 0
    endloop
  endfacet
  facet normal 0 1 -0
    outer loop
      vertex -12.268 -17 3
      vertex -15.732 -17 6
      vertex -12.268 -17 6
    endloop
  endfacet
  facet normal 0 1 0
    outer loop
      vertex -15.732 -17 6
      vertex -12.268 -17 3
      vertex -15.732 -17 3
    endloop
  endfacet
  facet normal -0.866019 0.500011 0
    outer loop
      vertex -12.268 -17 3
      vertex -10.5359 -14 6
      vertex -10.5359 -14 3
    endloop
  endfacet
  facet normal -0.866019 0.500011 0
    outer loop
      vertex -10.5359 -14 6
      vertex -12.268 -17 3
      vertex -12.268 -17 6
    endloop
  endfacet
  facet normal 0 -1 0
    outer loop
      vertex -15.732 -11 3
      vertex -12.268 -11 6
      vertex -15.732 -11 6
    endloop
  endfacet
  facet normal 0 -1 -0
    outer loop
      vertex -12.268 -11 6
      vertex -15.732 -11 3
      vertex -12.268 -11 3
    endloop
  endfacet
  facet normal -0.866019 -0.500011 0
    outer loop
      vertex -10.5359 -14 3
      vertex -12.268 -11 6
      vertex -12.268 -11 3
    endloop
  endfacet
  facet normal -0.866019 -0.500011 0
    outer loop
      vertex -12.268 -11 6
      vertex -10.5359 -14 3
      vertex -10.5359 -14 6
    endloop
  endfacet
  facet normal 0.866019 -0.500011 0
    outer loop
      vertex -17.4641 -14 6
      vertex -15.732 -11 3
      vertex -15.732 -11 6
    endloop
  endfacet
  facet normal 0.866019 -0.500011 0
    outer loop
      vertex -15.732 -11 3
      vertex -17.4641 -14 6
      vertex -17.4641 -14 3
    endloop
  endfacet
  facet normal 0.866019 0.500011 0
    outer loop
      vertex -15.732 -17 6
      vertex -17.4641 -14 3
      vertex -17.4641 -14 6
    endloop
  endfacet
  facet normal 0.866019 0.500011 0
    outer loop
      vertex -17.4641 -14 3
      vertex -15.732 -17 6
      vertex -15.732 -17 3
    endloop
  endfacet
  facet normal -0 0 1
    outer loop
      vertex -12.5278 -13.15 3
      vertex -10.5359 -14 3
      vertex -12.268 -11 3
    endloop
  endfacet
  facet normal 0 0 1
    outer loop
      vertex -12.3065 -14.1482 3
      vertex -10.5359 -14 3
      vertex -12.3 -14 3
    endloop
  endfacet
  facet normal 0 0 1
    outer loop
      vertex -10.5359 -14 3
      vertex -12.3065 -13.8518 3
      vertex -12.3 -14 3
    endloop
  endfacet
  facet normal 0 0 1
    outer loop
      vertex -10.5359 -14 3
      vertex -12.3258 -13.7048 3
      vertex -12.3065 -13.8518 3
    endloop
  endfacet
  facet normal 0 0 1
    outer loop
      vertex -10.5359 -14 3
      vertex -12.3579 -13.56 3
      vertex -12.3258 -13.7048 3
    endloop
  endfacet
  facet normal 0 0 1
    outer loop
      vertex -10.5359 -14 3
      vertex -12.4025 -13.4186 3
      vertex -12.3579 -13.56 3
    endloop
  endfacet
  facet normal 0 0 1
    outer loop
      vertex -10.5359 -14 3
      vertex -12.4593 -13.2815 3
      vertex -12.4025 -13.4186 3
    endloop
  endfacet
  facet normal 0 0 1
    outer loop
      vertex -10.5359 -14 3
      vertex -12.5278 -13.15 3
      vertex -12.4593 -13.2815 3
    endloop
  endfacet
  facet normal 0 0 1
    outer loop
      vertex -12.268 -11 3
      vertex -12.6074 -13.0249 3
      vertex -12.5278 -13.15 3
    endloop
  endfacet
  facet normal 0 0 1
    outer loop
      vertex -12.268 -11 3
      vertex -12.6977 -12.9073 3
      vertex -12.6074 -13.0249 3
    endloop
  endfacet
  facet normal 0 0 1
    outer loop
      vertex -12.268 -11 3
      vertex -12.7979 -12.7979 3
      vertex -12.6977 -12.9073 3
    endloop
  endfacet
  facet normal 0 0 1
    outer loop
      vertex -12.268 -11 3
      vertex -12.9073 -12.6977 3
      vertex -12.7979 -12.7979 3
    endloop
  endfacet
  facet normal 0 0 1
    outer loop
      vertex -12.268 -11 3
      vertex -13.0249 -12.6074 3
      vertex -12.9073 -12.6977 3
    endloop
  endfacet
  facet normal 0 0 1
    outer loop
      vertex -12.268 -11 3
      vertex -13.15 -12.5278 3
      vertex -13.0249 -12.6074 3
    endloop
  endfacet
  facet normal 0 0 1
    outer loop
      vertex -12.268 -11 3
      vertex -13.2815 -12.4593 3
      vertex -13.15 -12.5278 3
    endloop
  endfacet
  facet normal 0 0 1
    outer loop
      vertex -12.268 -11 3
      vertex -13.4186 -12.4025 3
      vertex -13.2815 -12.4593 3
    endloop
  endfacet
  facet normal 0 0 1
    outer loop
      vertex -12.268 -11 3
      vertex -13.56 -12.3579 3
      vertex -13.4186 -12.4025 3
    endloop
  endfacet
  facet normal 0 0 1
    outer loop
      vertex -12.268 -11 3
      vertex -13.7048 -12.3258 3
      vertex -13.56 -12.3579 3
    endloop
  endfacet
  facet normal 0 0 1
    outer loop
      vertex -12.268 -11 3
      vertex -13.8518 -12.3065 3
      vertex -13.7048 -12.3258 3
    endloop
  endfacet
  facet normal 0 0 1
    outer loop
      vertex -12.268 -11 3
      vertex -14 -12.3 3
      vertex -13.8518 -12.3065 3
    endloop
  endfacet
  facet normal -0 0 1
    outer loop
      vertex -15.732 -11 3
      vertex -14 -12.3 3
      vertex -12.268 -11 3
    endloop
  endfacet
  facet normal 0 0 1
    outer loop
      vertex -14 -12.3 3
      vertex -15.732 -11 3
      vertex -14.1482 -12.3065 3
    endloop
  endfacet
  facet normal 0 0 1
    outer loop
      vertex -14.1482 -12.3065 3
      vertex -15.732 -11 3
      vertex -14.2952 -12.3258 3
    endloop
  endfacet
  facet normal 0 0 1
    outer loop
      vertex -14.2952 -12.3258 3
      vertex -15.732 -11 3
      vertex -14.44 -12.3579 3
    endloop
  endfacet
  facet normal 0 0 1
    outer loop
      vertex -14.44 -12.3579 3
      vertex -15.732 -11 3
      vertex -14.5814 -12.4025 3
    endloop
  endfacet
  facet normal 0 0 1
    outer loop
      vertex -14.5814 -12.4025 3
      vertex -15.732 -11 3
      vertex -14.7185 -12.4593 3
    endloop
  endfacet
  facet normal 0 0 1
    outer loop
      vertex -15.6742 -13.7048 3
      vertex -17.4641 -14 3
      vertex -15.6935 -13.8518 3
    endloop
  endfacet
  facet normal 0 0 1
    outer loop
      vertex -15.6421 -13.56 3
      vertex -17.4641 -14 3
      vertex -15.6742 -13.7048 3
    endloop
  endfacet
  facet normal 0 0 1
    outer loop
      vertex -15.5975 -13.4186 3
      vertex -17.4641 -14 3
      vertex -15.6421 -13.56 3
    endloop
  endfacet
  facet normal 0 0 1
    outer loop
      vertex -15.5407 -13.2815 3
      vertex -17.4641 -14 3
      vertex -15.5975 -13.4186 3
    endloop
  endfacet
  facet normal 0 0 1
    outer loop
      vertex -15.4722 -13.15 3
      vertex -17.4641 -14 3
      vertex -15.5407 -13.2815 3
    endloop
  endfacet
  facet normal 0 0 1
    outer loop
      vertex -17.4641 -14 3
      vertex -15.4722 -13.15 3
      vertex -15.732 -11 3
    endloop
  endfacet
  facet normal 0 0 1
    outer loop
      vertex -15.3926 -13.0249 3
      vertex -15.732 -11 3
      vertex -15.4722 -13.15 3
    endloop
  endfacet
  facet normal 0 0 1
    outer loop
      vertex -15.3023 -12.9073 3
      vertex -15.732 -11 3
      vertex -15.3926 -13.0249 3
    endloop
  endfacet
  facet normal 0 0 1
    outer loop
      vertex -15.2021 -12.7979 3
      vertex -15.732 -11 3
      vertex -15.3023 -12.9073 3
    endloop
  endfacet
  facet normal 0 0 1
    outer loop
      vertex -15.0927 -12.6977 3
      vertex -15.732 -11 3
      vertex -15.2021 -12.7979 3
    endloop
  endfacet
  facet normal 0 0 1
    outer loop
      vertex -14.9751 -12.6074 3
      vertex -15.732 -11 3
      vertex -15.0927 -12.6977 3
    endloop
  endfacet
  facet normal 0 0 1
    outer loop
      vertex -14.85 -12.5278 3
      vertex -15.732 -11 3
      vertex -14.9751 -12.6074 3
    endloop
  endfacet
  facet normal 0 0 1
    outer loop
      vertex -14.7185 -12.4593 3
      vertex -15.732 -11 3
      vertex -14.85 -12.5278 3
    endloop
  endfacet
  facet normal 0 0 1
    outer loop
      vertex -12.3258 -14.2952 3
      vertex -10.5359 -14 3
      vertex -12.3065 -14.1482 3
    endloop
  endfacet
  facet normal 0 0 1
    outer loop
      vertex -12.3579 -14.44 3
      vertex -10.5359 -14 3
      vertex -12.3258 -14.2952 3
    endloop
  endfacet
  facet normal 0 0 1
    outer loop
      vertex -12.4025 -14.5814 3
      vertex -10.5359 -14 3
      vertex -12.3579 -14.44 3
    endloop
  endfacet
  facet normal 0 0 1
    outer loop
      vertex -12.4593 -14.7185 3
      vertex -10.5359 -14 3
      vertex -12.4025 -14.5814 3
    endloop
  endfacet
  facet normal 0 0 1
    outer loop
      vertex -12.5278 -14.85 3
      vertex -10.5359 -14 3
      vertex -12.4593 -14.7185 3
    endloop
  endfacet
  facet normal 0 0 1
    outer loop
      vertex -10.5359 -14 3
      vertex -12.5278 -14.85 3
      vertex -12.268 -17 3
    endloop
  endfacet
  facet normal -0 0 1
    outer loop
      vertex -12.6074 -14.9751 3
      vertex -12.268 -17 3
      vertex -12.5278 -14.85 3
    endloop
  endfacet
  facet normal -0 0 1
    outer loop
      vertex -12.6977 -15.0927 3
      vertex -12.268 -17 3
      vertex -12.6074 -14.9751 3
    endloop
  endfacet
  facet normal -0 0 1
    outer loop
      vertex -12.7979 -15.2021 3
      vertex -12.268 -17 3
      vertex -12.6977 -15.0927 3
    endloop
  endfacet
  facet normal -0 0 1
    outer loop
      vertex -12.9073 -15.3023 3
      vertex -12.268 -17 3
      vertex -12.7979 -15.2021 3
    endloop
  endfacet
  facet normal -0 0 1
    outer loop
      vertex -13.0249 -15.3926 3
      vertex -12.268 -17 3
      vertex -12.9073 -15.3023 3
    endloop
  endfacet
  facet normal -0 0 1
    outer loop
      vertex -13.15 -15.4722 3
      vertex -12.268 -17 3
      vertex -13.0249 -15.3926 3
    endloop
  endfacet
  facet normal -0 0 1
    outer loop
      vertex -13.2815 -15.5407 3
      vertex -12.268 -17 3
      vertex -13.15 -15.4722 3
    endloop
  endfacet
  facet normal -0 0 1
    outer loop
      vertex -13.4186 -15.5975 3
      vertex -12.268 -17 3
      vertex -13.2815 -15.5407 3
    endloop
  endfacet
  facet normal -0 0 1
    outer loop
      vertex -13.56 -15.6421 3
      vertex -12.268 -17 3
      vertex -13.4186 -15.5975 3
    endloop
  endfacet
  facet normal -0 0 1
    outer loop
      vertex -13.7048 -15.6742 3
      vertex -12.268 -17 3
      vertex -13.56 -15.6421 3
    endloop
  endfacet
  facet normal -0 0 1
    outer loop
      vertex -13.8518 -15.6935 3
      vertex -12.268 -17 3
      vertex -13.7048 -15.6742 3
    endloop
  endfacet
  facet normal -0 0 1
    outer loop
      vertex -14 -15.7 3
      vertex -12.268 -17 3
      vertex -13.8518 -15.6935 3
    endloop
  endfacet
  facet normal 0 0 1
    outer loop
      vertex -15.732 -17 3
      vertex -14 -15.7 3
      vertex -14.1482 -15.6935 3
    endloop
  endfacet
  facet normal 0 0 1
    outer loop
      vertex -15.732 -17 3
      vertex -14.1482 -15.6935 3
      vertex -14.2952 -15.6742 3
    endloop
  endfacet
  facet normal 0 0 1
    outer loop
      vertex -15.732 -17 3
      vertex -14.2952 -15.6742 3
      vertex -14.44 -15.6421 3
    endloop
  endfacet
  facet normal 0 0 1
    outer loop
      vertex -15.732 -17 3
      vertex -14.44 -15.6421 3
      vertex -14.5814 -15.5975 3
    endloop
  endfacet
  facet normal 0 0 1
    outer loop
      vertex -15.732 -17 3
      vertex -14.5814 -15.5975 3
      vertex -14.7185 -15.5407 3
    endloop
  endfacet
  facet normal 0 0 1
    outer loop
      vertex -15.732 -17 3
      vertex -14.7185 -15.5407 3
      vertex -14.85 -15.4722 3
    endloop
  endfacet
  facet normal 0 0 1
    outer loop
      vertex -14 -15.7 3
      vertex -15.732 -17 3
      vertex -12.268 -17 3
    endloop
  endfacet
  facet normal 0 0 1
    outer loop
      vertex -14.9751 -15.3926 3
      vertex -15.732 -17 3
      vertex -14.85 -15.4722 3
    endloop
  endfacet
  facet normal 0 0 1
    outer loop
      vertex -15.0927 -15.3023 3
      vertex -15.732 -17 3
      vertex -14.9751 -15.3926 3
    endloop
  endfacet
  facet normal 0 0 1
    outer loop
      vertex -15.2021 -15.2021 3
      vertex -15.732 -17 3
      vertex -15.0927 -15.3023 3
    endloop
  endfacet
  facet normal 0 0 1
    outer loop
      vertex -15.3023 -15.0927 3
      vertex -15.732 -17 3
      vertex -15.2021 -15.2021 3
    endloop
  endfacet
  facet normal 0 0 1
    outer loop
      vertex -15.3926 -14.9751 3
      vertex -15.732 -17 3
      vertex -15.3023 -15.0927 3
    endloop
  endfacet
  facet normal 0 0 1
    outer loop
      vertex -15.4722 -14.85 3
      vertex -15.732 -17 3
      vertex -15.3926 -14.9751 3
    endloop
  endfacet
  facet normal 0 0 1
    outer loop
      vertex -17.4641 -14 3
      vertex -15.4722 -14.85 3
      vertex -15.5407 -14.7185 3
    endloop
  endfacet
  facet normal 0 0 1
    outer loop
      vertex -17.4641 -14 3
      vertex -15.5407 -14.7185 3
      vertex -15.5975 -14.5814 3
    endloop
  endfacet
  facet normal 0 0 1
    outer loop
      vertex -17.4641 -14 3
      vertex -15.5975 -14.5814 3
      vertex -15.6421 -14.44 3
    endloop
  endfacet
  facet normal 0 0 1
    outer loop
      vertex -17.4641 -14 3
      vertex -15.6421 -14.44 3
      vertex -15.6742 -14.2952 3
    endloop
  endfacet
  facet normal 0 0 1
    outer loop
      vertex -17.4641 -14 3
      vertex -15.6742 -14.2952 3
      vertex -15.6935 -14.1482 3
    endloop
  endfacet
  facet normal -0 0 1
    outer loop
      vertex -17.4641 -14 3
      vertex -15.6935 -14.1482 3
      vertex -15.7 -14 3
    endloop
  endfacet
  facet normal 0 0 1
    outer loop
      vertex -15.6935 -13.8518 3
      vertex -17.4641 -14 3
      vertex -15.7 -14 3
    endloop
  endfacet
  facet normal 0 0 1
    outer loop
      vertex -15.4722 -14.85 3
      vertex -17.4641 -14 3
      vertex -15.732 -17 3
    endloop
  endfacet
  facet normal -0.991491 -0.130175 0
    outer loop
      vertex -12.3065 14.1482 0
      vertex -12.3258 14.2952 3
      vertex -12.3258 14.2952 0
    endloop
  endfacet
  facet normal -0.991491 -0.130175 0
    outer loop
      vertex -12.3258 14.2952 3
      vertex -12.3065 14.1482 0
      vertex -12.3065 14.1482 3
    endloop
  endfacet
  facet normal -0.99904 -0.0438175 0
    outer loop
      vertex -12.3 14 0
      vertex -12.3065 14.1482 3
      vertex -12.3065 14.1482 0
    endloop
  endfacet
  facet normal -0.99904 -0.0438175 0
    outer loop
      vertex -12.3065 14.1482 3
      vertex -12.3 14 0
      vertex -12.3 14 3
    endloop
  endfacet
  facet normal -0.976298 -0.216431 0
    outer loop
      vertex -12.3258 14.2952 0
      vertex -12.3579 14.44 3
      vertex -12.3579 14.44 0
    endloop
  endfacet
  facet normal -0.976298 -0.216431 0
    outer loop
      vertex -12.3579 14.44 3
      vertex -12.3258 14.2952 0
      vertex -12.3258 14.2952 3
    endloop
  endfacet
  facet normal -0.130175 0.991491 0
    outer loop
      vertex -13.7048 12.3258 0
      vertex -13.8518 12.3065 3
      vertex -13.7048 12.3258 3
    endloop
  endfacet
  facet normal -0.130175 0.991491 0
    outer loop
      vertex -13.8518 12.3065 3
      vertex -13.7048 12.3258 0
      vertex -13.8518 12.3065 0
    endloop
  endfacet
  facet normal -0.300809 0.953685 0
    outer loop
      vertex -13.4186 12.4025 0
      vertex -13.56 12.3579 3
      vertex -13.4186 12.4025 3
    endloop
  endfacet
  facet normal -0.300809 0.953685 0
    outer loop
      vertex -13.56 12.3579 3
      vertex -13.4186 12.4025 0
      vertex -13.56 12.3579 0
    endloop
  endfacet
  facet normal 0.953685 -0.300809 0
    outer loop
      vertex -15.6421 14.44 3
      vertex -15.5975 14.5814 0
      vertex -15.5975 14.5814 3
    endloop
  endfacet
  facet normal 0.953685 -0.300809 0
    outer loop
      vertex -15.5975 14.5814 0
      vertex -15.6421 14.44 3
      vertex -15.6421 14.44 0
    endloop
  endfacet
  facet normal 0.79315 0.609026 0
    outer loop
      vertex -15.3023 12.9073 3
      vertex -15.3926 13.0249 0
      vertex -15.3926 13.0249 3
    endloop
  endfacet
  facet normal 0.79315 0.609026 0
    outer loop
      vertex -15.3926 13.0249 0
      vertex -15.3023 12.9073 3
      vertex -15.3023 12.9073 0
    endloop
  endfacet
  facet normal -0.953685 -0.300809 0
    outer loop
      vertex -12.3579 14.44 0
      vertex -12.4025 14.5814 3
      vertex -12.4025 14.5814 0
    endloop
  endfacet
  facet normal -0.953685 -0.300809 0
    outer loop
      vertex -12.4025 14.5814 3
      vertex -12.3579 14.44 0
      vertex -12.3579 14.44 3
    endloop
  endfacet
  facet normal -0.79315 -0.609026 0
    outer loop
      vertex -12.6074 14.9751 0
      vertex -12.6977 15.0927 3
      vertex -12.6977 15.0927 0
    endloop
  endfacet
  facet normal -0.79315 -0.609026 0
    outer loop
      vertex -12.6977 15.0927 3
      vertex -12.6074 14.9751 0
      vertex -12.6074 14.9751 3
    endloop
  endfacet
  facet normal 0.536832 -0.843689 0
    outer loop
      vertex -14.9751 15.3926 0
      vertex -14.85 15.4722 3
      vertex -14.9751 15.3926 3
    endloop
  endfacet
  facet normal 0.536832 -0.843689 0
    outer loop
      vertex -14.85 15.4722 3
      vertex -14.9751 15.3926 0
      vertex -14.85 15.4722 0
    endloop
  endfacet
  facet normal 0.300809 -0.953685 0
    outer loop
      vertex -14.5814 15.5975 0
      vertex -14.44 15.6421 3
      vertex -14.5814 15.5975 3
    endloop
  endfacet
  facet normal 0.300809 -0.953685 0
    outer loop
      vertex -14.44 15.6421 3
      vertex -14.5814 15.5975 0
      vertex -14.44 15.6421 0
    endloop
  endfacet
  facet normal 0.216431 -0.976298 0
    outer loop
      vertex -14.44 15.6421 0
      vertex -14.2952 15.6742 3
      vertex -14.44 15.6421 3
    endloop
  endfacet
  facet normal 0.216431 -0.976298 0
    outer loop
      vertex -14.2952 15.6742 3
      vertex -14.44 15.6421 0
      vertex -14.2952 15.6742 0
    endloop
  endfacet
  facet normal 0.923853 0.382749 0
    outer loop
      vertex -15.5407 13.2815 3
      vertex -15.5975 13.4186 0
      vertex -15.5975 13.4186 3
    endloop
  endfacet
  facet normal 0.923853 0.382749 0
    outer loop
      vertex -15.5975 13.4186 0
      vertex -15.5407 13.2815 3
      vertex -15.5407 13.2815 0
    endloop
  endfacet
  facet normal -0.843689 -0.536832 0
    outer loop
      vertex -12.5278 14.85 0
      vertex -12.6074 14.9751 3
      vertex -12.6074 14.9751 0
    endloop
  endfacet
  facet normal -0.843689 -0.536832 0
    outer loop
      vertex -12.6074 14.9751 3
      vertex -12.5278 14.85 0
      vertex -12.5278 14.85 3
    endloop
  endfacet
  facet normal -0.953685 0.300809 0
    outer loop
      vertex -12.4025 13.4186 0
      vertex -12.3579 13.56 3
      vertex -12.3579 13.56 0
    endloop
  endfacet
  facet normal -0.953685 0.300809 0
    outer loop
      vertex -12.3579 13.56 3
      vertex -12.4025 13.4186 0
      vertex -12.4025 13.4186 3
    endloop
  endfacet
  facet normal -0.675419 -0.737434 0
    outer loop
      vertex -12.9073 15.3023 0
      vertex -12.7979 15.2021 3
      vertex -12.9073 15.3023 3
    endloop
  endfacet
  facet normal -0.675419 -0.737434 -0
    outer loop
      vertex -12.7979 15.2021 3
      vertex -12.9073 15.3023 0
      vertex -12.7979 15.2021 0
    endloop
  endfacet
  facet normal -0.536832 -0.843689 0
    outer loop
      vertex -13.15 15.4722 0
      vertex -13.0249 15.3926 3
      vertex -13.15 15.4722 3
    endloop
  endfacet
  facet normal -0.536832 -0.843689 -0
    outer loop
      vertex -13.0249 15.3926 3
      vertex -13.15 15.4722 0
      vertex -13.0249 15.3926 0
    endloop
  endfacet
  facet normal -0.99904 0.0438175 0
    outer loop
      vertex -12.3065 13.8518 0
      vertex -12.3 14 3
      vertex -12.3 14 0
    endloop
  endfacet
  facet normal -0.99904 0.0438175 0
    outer loop
      vertex -12.3 14 3
      vertex -12.3065 13.8518 0
      vertex -12.3065 13.8518 3
    endloop
  endfacet
  facet normal 0.216431 0.976298 -0
    outer loop
      vertex -14.2952 12.3258 0
      vertex -14.44 12.3579 3
      vertex -14.2952 12.3258 3
    endloop
  endfacet
  facet normal 0.216431 0.976298 0
    outer loop
      vertex -14.44 12.3579 3
      vertex -14.2952 12.3258 0
      vertex -14.44 12.3579 0
    endloop
  endfacet
  facet normal -0.609026 -0.79315 0
    outer loop
      vertex -13.0249 15.3926 0
      vertex -12.9073 15.3023 3
      vertex -13.0249 15.3926 3
    endloop
  endfacet
  facet normal -0.609026 -0.79315 -0
    outer loop
      vertex -12.9073 15.3023 3
      vertex -13.0249 15.3926 0
      vertex -12.9073 15.3023 0
    endloop
  endfacet
  facet normal 0.953685 0.300809 0
    outer loop
      vertex -15.5975 13.4186 3
      vertex -15.6421 13.56 0
      vertex -15.6421 13.56 3
    endloop
  endfacet
  facet normal 0.953685 0.300809 0
    outer loop
      vertex -15.6421 13.56 0
      vertex -15.5975 13.4186 3
      vertex -15.5975 13.4186 0
    endloop
  endfacet
  facet normal 0.609026 -0.79315 0
    outer loop
      vertex -15.0927 15.3023 0
      vertex -14.9751 15.3926 3
      vertex -15.0927 15.3023 3
    endloop
  endfacet
  facet normal 0.609026 -0.79315 0
    outer loop
      vertex -14.9751 15.3926 3
      vertex -15.0927 15.3023 0
      vertex -14.9751 15.3926 0
    endloop
  endfacet
  facet normal -0.216431 0.976298 0
    outer loop
      vertex -13.56 12.3579 0
      vertex -13.7048 12.3258 3
      vertex -13.56 12.3579 3
    endloop
  endfacet
  facet normal -0.216431 0.976298 0
    outer loop
      vertex -13.7048 12.3258 3
      vertex -13.56 12.3579 0
      vertex -13.7048 12.3258 0
    endloop
  endfacet
  facet normal 0.382749 0.923853 -0
    outer loop
      vertex -14.5814 12.4025 0
      vertex -14.7185 12.4593 3
      vertex -14.5814 12.4025 3
    endloop
  endfacet
  facet normal 0.382749 0.923853 0
    outer loop
      vertex -14.7185 12.4593 3
      vertex -14.5814 12.4025 0
      vertex -14.7185 12.4593 0
    endloop
  endfacet
  facet normal -0.46199 0.886885 0
    outer loop
      vertex -13.15 12.5278 0
      vertex -13.2815 12.4593 3
      vertex -13.15 12.5278 3
    endloop
  endfacet
  facet normal -0.46199 0.886885 0
    outer loop
      vertex -13.2815 12.4593 3
      vertex -13.15 12.5278 0
      vertex -13.2815 12.4593 0
    endloop
  endfacet
  facet normal 0.0438175 -0.99904 0
    outer loop
      vertex -14.1482 15.6935 0
      vertex -14 15.7 3
      vertex -14.1482 15.6935 3
    endloop
  endfacet
  facet normal 0.0438175 -0.99904 0
    outer loop
      vertex -14 15.7 3
      vertex -14.1482 15.6935 0
      vertex -14 15.7 0
    endloop
  endfacet
  facet normal 0.536832 0.843689 -0
    outer loop
      vertex -14.85 12.5278 0
      vertex -14.9751 12.6074 3
      vertex -14.85 12.5278 3
    endloop
  endfacet
  facet normal 0.536832 0.843689 0
    outer loop
      vertex -14.9751 12.6074 3
      vertex -14.85 12.5278 0
      vertex -14.9751 12.6074 0
    endloop
  endfacet
  facet normal -0.0438175 0.99904 0
    outer loop
      vertex -13.8518 12.3065 0
      vertex -14 12.3 3
      vertex -13.8518 12.3065 3
    endloop
  endfacet
  facet normal -0.0438175 0.99904 0
    outer loop
      vertex -14 12.3 3
      vertex -13.8518 12.3065 0
      vertex -14 12.3 0
    endloop
  endfacet
  facet normal 0.886885 0.46199 0
    outer loop
      vertex -15.4722 13.15 3
      vertex -15.5407 13.2815 0
      vertex -15.5407 13.2815 3
    endloop
  endfacet
  facet normal 0.886885 0.46199 0
    outer loop
      vertex -15.5407 13.2815 0
      vertex -15.4722 13.15 3
      vertex -15.4722 13.15 0
    endloop
  endfacet
  facet normal -0.46199 -0.886885 0
    outer loop
      vertex -13.2815 15.5407 0
      vertex -13.15 15.4722 3
      vertex -13.2815 15.5407 3
    endloop
  endfacet
  facet normal -0.46199 -0.886885 -0
    outer loop
      vertex -13.15 15.4722 3
      vertex -13.2815 15.5407 0
      vertex -13.15 15.4722 0
    endloop
  endfacet
  facet normal -0.675419 0.737434 0
    outer loop
      vertex -12.7979 12.7979 0
      vertex -12.9073 12.6977 3
      vertex -12.7979 12.7979 3
    endloop
  endfacet
  facet normal -0.675419 0.737434 0
    outer loop
      vertex -12.9073 12.6977 3
      vertex -12.7979 12.7979 0
      vertex -12.9073 12.6977 0
    endloop
  endfacet
  facet normal -0.536832 0.843689 0
    outer loop
      vertex -13.0249 12.6074 0
      vertex -13.15 12.5278 3
      vertex -13.0249 12.6074 3
    endloop
  endfacet
  facet normal -0.536832 0.843689 0
    outer loop
      vertex -13.15 12.5278 3
      vertex -13.0249 12.6074 0
      vertex -13.15 12.5278 0
    endloop
  endfacet
  facet normal -0.79315 0.609026 0
    outer loop
      vertex -12.6977 12.9073 0
      vertex -12.6074 13.0249 3
      vertex -12.6074 13.0249 0
    endloop
  endfacet
  facet normal -0.79315 0.609026 0
    outer loop
      vertex -12.6074 13.0249 3
      vertex -12.6977 12.9073 0
      vertex -12.6977 12.9073 3
    endloop
  endfacet
  facet normal 0.99904 -0.0438175 0
    outer loop
      vertex -15.7 14 3
      vertex -15.6935 14.1482 0
      vertex -15.6935 14.1482 3
    endloop
  endfacet
  facet normal 0.99904 -0.0438175 0
    outer loop
      vertex -15.6935 14.1482 0
      vertex -15.7 14 3
      vertex -15.7 14 0
    endloop
  endfacet
  facet normal -0.609026 0.79315 0
    outer loop
      vertex -12.9073 12.6977 0
      vertex -13.0249 12.6074 3
      vertex -12.9073 12.6977 3
    endloop
  endfacet
  facet normal -0.609026 0.79315 0
    outer loop
      vertex -13.0249 12.6074 3
      vertex -12.9073 12.6977 0
      vertex -13.0249 12.6074 0
    endloop
  endfacet
  facet normal -0.923853 -0.382749 0
    outer loop
      vertex -12.4025 14.5814 0
      vertex -12.4593 14.7185 3
      vertex -12.4593 14.7185 0
    endloop
  endfacet
  facet normal -0.923853 -0.382749 0
    outer loop
      vertex -12.4593 14.7185 3
      vertex -12.4025 14.5814 0
      vertex -12.4025 14.5814 3
    endloop
  endfacet
  facet normal -0.737434 -0.675419 0
    outer loop
      vertex -12.6977 15.0927 0
      vertex -12.7979 15.2021 3
      vertex -12.7979 15.2021 0
    endloop
  endfacet
  facet normal -0.737434 -0.675419 0
    outer loop
      vertex -12.7979 15.2021 3
      vertex -12.6977 15.0927 0
      vertex -12.6977 15.0927 3
    endloop
  endfacet
  facet normal 0.923853 -0.382749 0
    outer loop
      vertex -15.5975 14.5814 3
      vertex -15.5407 14.7185 0
      vertex -15.5407 14.7185 3
    endloop
  endfacet
  facet normal 0.923853 -0.382749 0
    outer loop
      vertex -15.5407 14.7185 0
      vertex -15.5975 14.5814 3
      vertex -15.5975 14.5814 0
    endloop
  endfacet
  facet normal -0.382749 0.923853 0
    outer loop
      vertex -13.2815 12.4593 0
      vertex -13.4186 12.4025 3
      vertex -13.2815 12.4593 3
    endloop
  endfacet
  facet normal -0.382749 0.923853 0
    outer loop
      vertex -13.4186 12.4025 3
      vertex -13.2815 12.4593 0
      vertex -13.4186 12.4025 0
    endloop
  endfacet
  facet normal -0.886885 -0.46199 0
    outer loop
      vertex -12.4593 14.7185 0
      vertex -12.5278 14.85 3
      vertex -12.5278 14.85 0
    endloop
  endfacet
  facet normal -0.886885 -0.46199 0
    outer loop
      vertex -12.5278 14.85 3
      vertex -12.4593 14.7185 0
      vertex -12.4593 14.7185 3
    endloop
  endfacet
  facet normal 0.675419 -0.737434 0
    outer loop
      vertex -15.2021 15.2021 0
      vertex -15.0927 15.3023 3
      vertex -15.2021 15.2021 3
    endloop
  endfacet
  facet normal 0.675419 -0.737434 0
    outer loop
      vertex -15.0927 15.3023 3
      vertex -15.2021 15.2021 0
      vertex -15.0927 15.3023 0
    endloop
  endfacet
  facet normal 0.675419 0.737434 -0
    outer loop
      vertex -15.0927 12.6977 0
      vertex -15.2021 12.7979 3
      vertex -15.0927 12.6977 3
    endloop
  endfacet
  facet normal 0.675419 0.737434 0
    outer loop
      vertex -15.2021 12.7979 3
      vertex -15.0927 12.6977 0
      vertex -15.2021 12.7979 0
    endloop
  endfacet
  facet normal -0.130175 -0.991491 0
    outer loop
      vertex -13.8518 15.6935 0
      vertex -13.7048 15.6742 3
      vertex -13.8518 15.6935 3
    endloop
  endfacet
  facet normal -0.130175 -0.991491 -0
    outer loop
      vertex -13.7048 15.6742 3
      vertex -13.8518 15.6935 0
      vertex -13.7048 15.6742 0
    endloop
  endfacet
  facet normal 0.46199 -0.886885 0
    outer loop
      vertex -14.85 15.4722 0
      vertex -14.7185 15.5407 3
      vertex -14.85 15.4722 3
    endloop
  endfacet
  facet normal 0.46199 -0.886885 0
    outer loop
      vertex -14.7185 15.5407 3
      vertex -14.85 15.4722 0
      vertex -14.7185 15.5407 0
    endloop
  endfacet
  facet normal 0.382749 -0.923853 0
    outer loop
      vertex -14.7185 15.5407 0
      vertex -14.5814 15.5975 3
      vertex -14.7185 15.5407 3
    endloop
  endfacet
  facet normal 0.382749 -0.923853 0
    outer loop
      vertex -14.5814 15.5975 3
      vertex -14.7185 15.5407 0
      vertex -14.5814 15.5975 0
    endloop
  endfacet
  facet normal 0.991491 -0.130175 0
    outer loop
      vertex -15.6935 14.1482 3
      vertex -15.6742 14.2952 0
      vertex -15.6742 14.2952 3
    endloop
  endfacet
  facet normal 0.991491 -0.130175 0
    outer loop
      vertex -15.6742 14.2952 0
      vertex -15.6935 14.1482 3
      vertex -15.6935 14.1482 0
    endloop
  endfacet
  facet normal 0.976298 -0.216431 0
    outer loop
      vertex -15.6742 14.2952 3
      vertex -15.6421 14.44 0
      vertex -15.6421 14.44 3
    endloop
  endfacet
  facet normal 0.976298 -0.216431 0
    outer loop
      vertex -15.6421 14.44 0
      vertex -15.6742 14.2952 3
      vertex -15.6742 14.2952 0
    endloop
  endfacet
  facet normal -0.923853 0.382749 0
    outer loop
      vertex -12.4593 13.2815 0
      vertex -12.4025 13.4186 3
      vertex -12.4025 13.4186 0
    endloop
  endfacet
  facet normal -0.923853 0.382749 0
    outer loop
      vertex -12.4025 13.4186 3
      vertex -12.4593 13.2815 0
      vertex -12.4593 13.2815 3
    endloop
  endfacet
  facet normal -0.216431 -0.976298 0
    outer loop
      vertex -13.7048 15.6742 0
      vertex -13.56 15.6421 3
      vertex -13.7048 15.6742 3
    endloop
  endfacet
  facet normal -0.216431 -0.976298 -0
    outer loop
      vertex -13.56 15.6421 3
      vertex -13.7048 15.6742 0
      vertex -13.56 15.6421 0
    endloop
  endfacet
  facet normal 0.79315 -0.609026 0
    outer loop
      vertex -15.3926 14.9751 3
      vertex -15.3023 15.0927 0
      vertex -15.3023 15.0927 3
    endloop
  endfacet
  facet normal 0.79315 -0.609026 0
    outer loop
      vertex -15.3023 15.0927 0
      vertex -15.3926 14.9751 3
      vertex -15.3926 14.9751 0
    endloop
  endfacet
  facet normal 0.99904 0.0438175 0
    outer loop
      vertex -15.6935 13.8518 3
      vertex -15.7 14 0
      vertex -15.7 14 3
    endloop
  endfacet
  facet normal 0.99904 0.0438175 0
    outer loop
      vertex -15.7 14 0
      vertex -15.6935 13.8518 3
      vertex -15.6935 13.8518 0
    endloop
  endfacet
  facet normal 0.46199 0.886885 -0
    outer loop
      vertex -14.7185 12.4593 0
      vertex -14.85 12.5278 3
      vertex -14.7185 12.4593 3
    endloop
  endfacet
  facet normal 0.46199 0.886885 0
    outer loop
      vertex -14.85 12.5278 3
      vertex -14.7185 12.4593 0
      vertex -14.85 12.5278 0
    endloop
  endfacet
  facet normal -0.0438175 -0.99904 0
    outer loop
      vertex -14 15.7 0
      vertex -13.8518 15.6935 3
      vertex -14 15.7 3
    endloop
  endfacet
  facet normal -0.0438175 -0.99904 -0
    outer loop
      vertex -13.8518 15.6935 3
      vertex -14 15.7 0
      vertex -13.8518 15.6935 0
    endloop
  endfacet
  facet normal -0.976298 0.216431 0
    outer loop
      vertex -12.3579 13.56 0
      vertex -12.3258 13.7048 3
      vertex -12.3258 13.7048 0
    endloop
  endfacet
  facet normal -0.976298 0.216431 0
    outer loop
      vertex -12.3258 13.7048 3
      vertex -12.3579 13.56 0
      vertex -12.3579 13.56 3
    endloop
  endfacet
  facet normal 0.737434 0.675419 0
    outer loop
      vertex -15.2021 12.7979 3
      vertex -15.3023 12.9073 0
      vertex -15.3023 12.9073 3
    endloop
  endfacet
  facet normal 0.737434 0.675419 0
    outer loop
      vertex -15.3023 12.9073 0
      vertex -15.2021 12.7979 3
      vertex -15.2021 12.7979 0
    endloop
  endfacet
  facet normal 0.976298 0.216431 0
    outer loop
      vertex -15.6421 13.56 3
      vertex -15.6742 13.7048 0
      vertex -15.6742 13.7048 3
    endloop
  endfacet
  facet normal 0.976298 0.216431 0
    outer loop
      vertex -15.6742 13.7048 0
      vertex -15.6421 13.56 3
      vertex -15.6421 13.56 0
    endloop
  endfacet
  facet normal -0.886885 0.46199 0
    outer loop
      vertex -12.5278 13.15 0
      vertex -12.4593 13.2815 3
      vertex -12.4593 13.2815 0
    endloop
  endfacet
  facet normal -0.886885 0.46199 0
    outer loop
      vertex -12.4593 13.2815 3
      vertex -12.5278 13.15 0
      vertex -12.5278 13.15 3
    endloop
  endfacet
  facet normal -0.382749 -0.923853 0
    outer loop
      vertex -13.4186 15.5975 0
      vertex -13.2815 15.5407 3
      vertex -13.4186 15.5975 3
    endloop
  endfacet
  facet normal -0.382749 -0.923853 -0
    outer loop
      vertex -13.2815 15.5407 3
      vertex -13.4186 15.5975 0
      vertex -13.2815 15.5407 0
    endloop
  endfacet
  facet normal -0.300809 -0.953685 0
    outer loop
      vertex -13.56 15.6421 0
      vertex -13.4186 15.5975 3
      vertex -13.56 15.6421 3
    endloop
  endfacet
  facet normal -0.300809 -0.953685 -0
    outer loop
      vertex -13.4186 15.5975 3
      vertex -13.56 15.6421 0
      vertex -13.4186 15.5975 0
    endloop
  endfacet
  facet normal 0.737434 -0.675419 0
    outer loop
      vertex -15.3023 15.0927 3
      vertex -15.2021 15.2021 0
      vertex -15.2021 15.2021 3
    endloop
  endfacet
  facet normal 0.737434 -0.675419 0
    outer loop
      vertex -15.2021 15.2021 0
      vertex -15.3023 15.0927 3
      vertex -15.3023 15.0927 0
    endloop
  endfacet
  facet normal 0.130175 -0.991491 0
    outer loop
      vertex -14.2952 15.6742 0
      vertex -14.1482 15.6935 3
      vertex -14.2952 15.6742 3
    endloop
  endfacet
  facet normal 0.130175 -0.991491 0
    outer loop
      vertex -14.1482 15.6935 3
      vertex -14.2952 15.6742 0
      vertex -14.1482 15.6935 0
    endloop
  endfacet
  facet normal 0.609026 0.79315 -0
    outer loop
      vertex -14.9751 12.6074 0
      vertex -15.0927 12.6977 3
      vertex -14.9751 12.6074 3
    endloop
  endfacet
  facet normal 0.609026 0.79315 0
    outer loop
      vertex -15.0927 12.6977 3
      vertex -14.9751 12.6074 0
      vertex -15.0927 12.6977 0
    endloop
  endfacet
  facet normal -0.843689 0.536832 0
    outer loop
      vertex -12.6074 13.0249 0
      vertex -12.5278 13.15 3
      vertex -12.5278 13.15 0
    endloop
  endfacet
  facet normal -0.843689 0.536832 0
    outer loop
      vertex -12.5278 13.15 3
      vertex -12.6074 13.0249 0
      vertex -12.6074 13.0249 3
    endloop
  endfacet
  facet normal 0.300809 0.953685 -0
    outer loop
      vertex -14.44 12.3579 0
      vertex -14.5814 12.4025 3
      vertex -14.44 12.3579 3
    endloop
  endfacet
  facet normal 0.300809 0.953685 0
    outer loop
      vertex -14.5814 12.4025 3
      vertex -14.44 12.3579 0
      vertex -14.5814 12.4025 0
    endloop
  endfacet
  facet normal 0.991491 0.130175 0
    outer loop
      vertex -15.6742 13.7048 3
      vertex -15.6935 13.8518 0
      vertex -15.6935 13.8518 3
    endloop
  endfacet
  facet normal 0.991491 0.130175 0
    outer loop
      vertex -15.6935 13.8518 0
      vertex -15.6742 13.7048 3
      vertex -15.6742 13.7048 0
    endloop
  endfacet
  facet normal 0.843689 0.536832 0
    outer loop
      vertex -15.3926 13.0249 3
      vertex -15.4722 13.15 0
      vertex -15.4722 13.15 3
    endloop
  endfacet
  facet normal 0.843689 0.536832 0
    outer loop
      vertex -15.4722 13.15 0
      vertex -15.3926 13.0249 3
      vertex -15.3926 13.0249 0
    endloop
  endfacet
  facet normal 0.886885 -0.46199 0
    outer loop
      vertex -15.5407 14.7185 3
      vertex -15.4722 14.85 0
      vertex -15.4722 14.85 3
    endloop
  endfacet
  facet normal 0.886885 -0.46199 0
    outer loop
      vertex -15.4722 14.85 0
      vertex -15.5407 14.7185 3
      vertex -15.5407 14.7185 0
    endloop
  endfacet
  facet normal -0.991491 0.130175 0
    outer loop
      vertex -12.3258 13.7048 0
      vertex -12.3065 13.8518 3
      vertex -12.3065 13.8518 0
    endloop
  endfacet
  facet normal -0.991491 0.130175 0
    outer loop
      vertex -12.3065 13.8518 3
      vertex -12.3258 13.7048 0
      vertex -12.3258 13.7048 3
    endloop
  endfacet
  facet normal -0.737434 0.675419 0
    outer loop
      vertex -12.7979 12.7979 0
      vertex -12.6977 12.9073 3
      vertex -12.6977 12.9073 0
    endloop
  endfacet
  facet normal -0.737434 0.675419 0
    outer loop
      vertex -12.6977 12.9073 3
      vertex -12.7979 12.7979 0
      vertex -12.7979 12.7979 3
    endloop
  endfacet
  facet normal 0.0438175 0.99904 -0
    outer loop
      vertex -14 12.3 0
      vertex -14.1482 12.3065 3
      vertex -14 12.3 3
    endloop
  endfacet
  facet normal 0.0438175 0.99904 0
    outer loop
      vertex -14.1482 12.3065 3
      vertex -14 12.3 0
      vertex -14.1482 12.3065 0
    endloop
  endfacet
  facet normal 0.130175 0.991491 -0
    outer loop
      vertex -14.1482 12.3065 0
      vertex -14.2952 12.3258 3
      vertex -14.1482 12.3065 3
    endloop
  endfacet
  facet normal 0.130175 0.991491 0
    outer loop
      vertex -14.2952 12.3258 3
      vertex -14.1482 12.3065 0
      vertex -14.2952 12.3258 0
    endloop
  endfacet
  facet normal 0.843689 -0.536832 0
    outer loop
      vertex -15.4722 14.85 3
      vertex -15.3926 14.9751 0
      vertex -15.3926 14.9751 3
    endloop
  endfacet
  facet normal 0.843689 -0.536832 0
    outer loop
      vertex -15.3926 14.9751 0
      vertex -15.4722 14.85 3
      vertex -15.4722 14.85 0
    endloop
  endfacet
  facet normal 0 1 -0
    outer loop
      vertex -12.268 11 3
      vertex -15.732 11 6
      vertex -12.268 11 6
    endloop
  endfacet
  facet normal 0 1 0
    outer loop
      vertex -15.732 11 6
      vertex -12.268 11 3
      vertex -15.732 11 3
    endloop
  endfacet
  facet normal -0.866019 0.500011 0
    outer loop
      vertex -12.268 11 3
      vertex -10.5359 14 6
      vertex -10.5359 14 3
    endloop
  endfacet
  facet normal -0.866019 0.500011 0
    outer loop
      vertex -10.5359 14 6
      vertex -12.268 11 3
      vertex -12.268 11 6
    endloop
  endfacet
  facet normal 0 -1 0
    outer loop
      vertex -15.732 17 3
      vertex -12.268 17 6
      vertex -15.732 17 6
    endloop
  endfacet
  facet normal 0 -1 -0
    outer loop
      vertex -12.268 17 6
      vertex -15.732 17 3
      vertex -12.268 17 3
    endloop
  endfacet
  facet normal -0.866019 -0.500011 0
    outer loop
      vertex -10.5359 14 3
      vertex -12.268 17 6
      vertex -12.268 17 3
    endloop
  endfacet
  facet normal -0.866019 -0.500011 0
    outer loop
      vertex -12.268 17 6
      vertex -10.5359 14 3
      vertex -10.5359 14 6
    endloop
  endfacet
  facet normal 0.866019 -0.500011 0
    outer loop
      vertex -17.4641 14 6
      vertex -15.732 17 3
      vertex -15.732 17 6
    endloop
  endfacet
  facet normal 0.866019 -0.500011 0
    outer loop
      vertex -15.732 17 3
      vertex -17.4641 14 6
      vertex -17.4641 14 3
    endloop
  endfacet
  facet normal 0.866019 0.500011 0
    outer loop
      vertex -15.732 11 6
      vertex -17.4641 14 3
      vertex -17.4641 14 6
    endloop
  endfacet
  facet normal 0.866019 0.500011 0
    outer loop
      vertex -17.4641 14 3
      vertex -15.732 11 6
      vertex -15.732 11 3
    endloop
  endfacet
  facet normal -0 0 1
    outer loop
      vertex -12.5278 14.85 3
      vertex -10.5359 14 3
      vertex -12.268 17 3
    endloop
  endfacet
  facet normal 0 0 1
    outer loop
      vertex -12.3065 13.8518 3
      vertex -10.5359 14 3
      vertex -12.3 14 3
    endloop
  endfacet
  facet normal 0 0 1
    outer loop
      vertex -10.5359 14 3
      vertex -12.3065 14.1482 3
      vertex -12.3 14 3
    endloop
  endfacet
  facet normal 0 0 1
    outer loop
      vertex -10.5359 14 3
      vertex -12.3258 14.2952 3
      vertex -12.3065 14.1482 3
    endloop
  endfacet
  facet normal 0 0 1
    outer loop
      vertex -10.5359 14 3
      vertex -12.3579 14.44 3
      vertex -12.3258 14.2952 3
    endloop
  endfacet
  facet normal 0 0 1
    outer loop
      vertex -10.5359 14 3
      vertex -12.4025 14.5814 3
      vertex -12.3579 14.44 3
    endloop
  endfacet
  facet normal 0 0 1
    outer loop
      vertex -10.5359 14 3
      vertex -12.4593 14.7185 3
      vertex -12.4025 14.5814 3
    endloop
  endfacet
  facet normal 0 0 1
    outer loop
      vertex -10.5359 14 3
      vertex -12.5278 14.85 3
      vertex -12.4593 14.7185 3
    endloop
  endfacet
  facet normal 0 0 1
    outer loop
      vertex -12.268 17 3
      vertex -12.6074 14.9751 3
      vertex -12.5278 14.85 3
    endloop
  endfacet
  facet normal 0 0 1
    outer loop
      vertex -12.268 17 3
      vertex -12.6977 15.0927 3
      vertex -12.6074 14.9751 3
    endloop
  endfacet
  facet normal 0 0 1
    outer loop
      vertex -12.268 17 3
      vertex -12.7979 15.2021 3
      vertex -12.6977 15.0927 3
    endloop
  endfacet
  facet normal 0 0 1
    outer loop
      vertex -12.268 17 3
      vertex -12.9073 15.3023 3
      vertex -12.7979 15.2021 3
    endloop
  endfacet
  facet normal 0 0 1
    outer loop
      vertex -12.268 17 3
      vertex -13.0249 15.3926 3
      vertex -12.9073 15.3023 3
    endloop
  endfacet
  facet normal 0 0 1
    outer loop
      vertex -12.268 17 3
      vertex -13.15 15.4722 3
      vertex -13.0249 15.3926 3
    endloop
  endfacet
  facet normal 0 0 1
    outer loop
      vertex -12.268 17 3
      vertex -13.2815 15.5407 3
      vertex -13.15 15.4722 3
    endloop
  endfacet
  facet normal 0 0 1
    outer loop
      vertex -12.268 17 3
      vertex -13.4186 15.5975 3
      vertex -13.2815 15.5407 3
    endloop
  endfacet
  facet normal 0 0 1
    outer loop
      vertex -12.268 17 3
      vertex -13.56 15.6421 3
      vertex -13.4186 15.5975 3
    endloop
  endfacet
  facet normal 0 0 1
    outer loop
      vertex -12.268 17 3
      vertex -13.7048 15.6742 3
      vertex -13.56 15.6421 3
    endloop
  endfacet
  facet normal 0 0 1
    outer loop
      vertex -12.268 17 3
      vertex -13.8518 15.6935 3
      vertex -13.7048 15.6742 3
    endloop
  endfacet
  facet normal 0 0 1
    outer loop
      vertex -12.268 17 3
      vertex -14 15.7 3
      vertex -13.8518 15.6935 3
    endloop
  endfacet
  facet normal -0 0 1
    outer loop
      vertex -15.732 17 3
      vertex -14 15.7 3
      vertex -12.268 17 3
    endloop
  endfacet
  facet normal 0 0 1
    outer loop
      vertex -14 15.7 3
      vertex -15.732 17 3
      vertex -14.1482 15.6935 3
    endloop
  endfacet
  facet normal 0 0 1
    outer loop
      vertex -14.1482 15.6935 3
      vertex -15.732 17 3
      vertex -14.2952 15.6742 3
    endloop
  endfacet
  facet normal 0 0 1
    outer loop
      vertex -14.2952 15.6742 3
      vertex -15.732 17 3
      vertex -14.44 15.6421 3
    endloop
  endfacet
  facet normal 0 0 1
    outer loop
      vertex -14.44 15.6421 3
      vertex -15.732 17 3
      vertex -14.5814 15.5975 3
    endloop
  endfacet
  facet normal 0 0 1
    outer loop
      vertex -14.5814 15.5975 3
      vertex -15.732 17 3
      vertex -14.7185 15.5407 3
    endloop
  endfacet
  facet normal 0 0 1
    outer loop
      vertex -15.6742 14.2952 3
      vertex -17.4641 14 3
      vertex -15.6935 14.1482 3
    endloop
  endfacet
  facet normal 0 0 1
    outer loop
      vertex -15.6421 14.44 3
      vertex -17.4641 14 3
      vertex -15.6742 14.2952 3
    endloop
  endfacet
  facet normal 0 0 1
    outer loop
      vertex -15.5975 14.5814 3
      vertex -17.4641 14 3
      vertex -15.6421 14.44 3
    endloop
  endfacet
  facet normal 0 0 1
    outer loop
      vertex -15.5407 14.7185 3
      vertex -17.4641 14 3
      vertex -15.5975 14.5814 3
    endloop
  endfacet
  facet normal 0 0 1
    outer loop
      vertex -15.4722 14.85 3
      vertex -17.4641 14 3
      vertex -15.5407 14.7185 3
    endloop
  endfacet
  facet normal 0 0 1
    outer loop
      vertex -17.4641 14 3
      vertex -15.4722 14.85 3
      vertex -15.732 17 3
    endloop
  endfacet
  facet normal 0 0 1
    outer loop
      vertex -15.3926 14.9751 3
      vertex -15.732 17 3
      vertex -15.4722 14.85 3
    endloop
  endfacet
  facet normal 0 0 1
    outer loop
      vertex -15.3023 15.0927 3
      vertex -15.732 17 3
      vertex -15.3926 14.9751 3
    endloop
  endfacet
  facet normal 0 0 1
    outer loop
      vertex -15.2021 15.2021 3
      vertex -15.732 17 3
      vertex -15.3023 15.0927 3
    endloop
  endfacet
  facet normal 0 0 1
    outer loop
      vertex -15.0927 15.3023 3
      vertex -15.732 17 3
      vertex -15.2021 15.2021 3
    endloop
  endfacet
  facet normal 0 0 1
    outer loop
      vertex -14.9751 15.3926 3
      vertex -15.732 17 3
      vertex -15.0927 15.3023 3
    endloop
  endfacet
  facet normal 0 0 1
    outer loop
      vertex -14.85 15.4722 3
      vertex -15.732 17 3
      vertex -14.9751 15.3926 3
    endloop
  endfacet
  facet normal 0 0 1
    outer loop
      vertex -14.7185 15.5407 3
      vertex -15.732 17 3
      vertex -14.85 15.4722 3
    endloop
  endfacet
  facet normal 0 0 1
    outer loop
      vertex -12.3258 13.7048 3
      vertex -10.5359 14 3
      vertex -12.3065 13.8518 3
    endloop
  endfacet
  facet normal 0 0 1
    outer loop
      vertex -12.3579 13.56 3
      vertex -10.5359 14 3
      vertex -12.3258 13.7048 3
    endloop
  endfacet
  facet normal 0 0 1
    outer loop
      vertex -12.4025 13.4186 3
      vertex -10.5359 14 3
      vertex -12.3579 13.56 3
    endloop
  endfacet
  facet normal 0 0 1
    outer loop
      vertex -12.4593 13.2815 3
      vertex -10.5359 14 3
      vertex -12.4025 13.4186 3
    endloop
  endfacet
  facet normal 0 0 1
    outer loop
      vertex -12.5278 13.15 3
      vertex -10.5359 14 3
      vertex -12.4593 13.2815 3
    endloop
  endfacet
  facet normal 0 0 1
    outer loop
      vertex -10.5359 14 3
      vertex -12.5278 13.15 3
      vertex -12.268 11 3
    endloop
  endfacet
  facet normal -0 0 1
    outer loop
      vertex -12.6074 13.0249 3
      vertex -12.268 11 3
      vertex -12.5278 13.15 3
    endloop
  endfacet
  facet normal -0 0 1
    outer loop
      vertex -12.6977 12.9073 3
      vertex -12.268 11 3
      vertex -12.6074 13.0249 3
    endloop
  endfacet
  facet normal -0 0 1
    outer loop
      vertex -12.7979 12.7979 3
      vertex -12.268 11 3
      vertex -12.6977 12.9073 3
    endloop
  endfacet
  facet normal -0 0 1
    outer loop
      vertex -12.9073 12.6977 3
      vertex -12.268 11 3
      vertex -12.7979 12.7979 3
    endloop
  endfacet
  facet normal -0 0 1
    outer loop
      vertex -13.0249 12.6074 3
      vertex -12.268 11 3
      vertex -12.9073 12.6977 3
    endloop
  endfacet
  facet normal -0 0 1
    outer loop
      vertex -13.15 12.5278 3
      vertex -12.268 11 3
      vertex -13.0249 12.6074 3
    endloop
  endfacet
  facet normal -0 0 1
    outer loop
      vertex -13.2815 12.4593 3
      vertex -12.268 11 3
      vertex -13.15 12.5278 3
    endloop
  endfacet
  facet normal -0 0 1
    outer loop
      vertex -13.4186 12.4025 3
      vertex -12.268 11 3
      vertex -13.2815 12.4593 3
    endloop
  endfacet
  facet normal -0 0 1
    outer loop
      vertex -13.56 12.3579 3
      vertex -12.268 11 3
      vertex -13.4186 12.4025 3
    endloop
  endfacet
  facet normal -0 0 1
    outer loop
      vertex -13.7048 12.3258 3
      vertex -12.268 11 3
      vertex -13.56 12.3579 3
    endloop
  endfacet
  facet normal -0 0 1
    outer loop
      vertex -13.8518 12.3065 3
      vertex -12.268 11 3
      vertex -13.7048 12.3258 3
    endloop
  endfacet
  facet normal -0 0 1
    outer loop
      vertex -14 12.3 3
      vertex -12.268 11 3
      vertex -13.8518 12.3065 3
    endloop
  endfacet
  facet normal 0 0 1
    outer loop
      vertex -15.732 11 3
      vertex -14 12.3 3
      vertex -14.1482 12.3065 3
    endloop
  endfacet
  facet normal 0 0 1
    outer loop
      vertex -15.732 11 3
      vertex -14.1482 12.3065 3
      vertex -14.2952 12.3258 3
    endloop
  endfacet
  facet normal 0 0 1
    outer loop
      vertex -15.732 11 3
      vertex -14.2952 12.3258 3
      vertex -14.44 12.3579 3
    endloop
  endfacet
  facet normal 0 0 1
    outer loop
      vertex -15.732 11 3
      vertex -14.44 12.3579 3
      vertex -14.5814 12.4025 3
    endloop
  endfacet
  facet normal 0 0 1
    outer loop
      vertex -15.732 11 3
      vertex -14.5814 12.4025 3
      vertex -14.7185 12.4593 3
    endloop
  endfacet
  facet normal 0 0 1
    outer loop
      vertex -15.732 11 3
      vertex -14.7185 12.4593 3
      vertex -14.85 12.5278 3
    endloop
  endfacet
  facet normal 0 0 1
    outer loop
      vertex -14 12.3 3
      vertex -15.732 11 3
      vertex -12.268 11 3
    endloop
  endfacet
  facet normal 0 0 1
    outer loop
      vertex -14.9751 12.6074 3
      vertex -15.732 11 3
      vertex -14.85 12.5278 3
    endloop
  endfacet
  facet normal 0 0 1
    outer loop
      vertex -15.0927 12.6977 3
      vertex -15.732 11 3
      vertex -14.9751 12.6074 3
    endloop
  endfacet
  facet normal 0 0 1
    outer loop
      vertex -15.2021 12.7979 3
      vertex -15.732 11 3
      vertex -15.0927 12.6977 3
    endloop
  endfacet
  facet normal 0 0 1
    outer loop
      vertex -15.3023 12.9073 3
      vertex -15.732 11 3
      vertex -15.2021 12.7979 3
    endloop
  endfacet
  facet normal 0 0 1
    outer loop
      vertex -15.3926 13.0249 3
      vertex -15.732 11 3
      vertex -15.3023 12.9073 3
    endloop
  endfacet
  facet normal 0 0 1
    outer loop
      vertex -15.4722 13.15 3
      vertex -15.732 11 3
      vertex -15.3926 13.0249 3
    endloop
  endfacet
  facet normal 0 0 1
    outer loop
      vertex -17.4641 14 3
      vertex -15.4722 13.15 3
      vertex -15.5407 13.2815 3
    endloop
  endfacet
  facet normal 0 0 1
    outer loop
      vertex -17.4641 14 3
      vertex -15.5407 13.2815 3
      vertex -15.5975 13.4186 3
    endloop
  endfacet
  facet normal 0 0 1
    outer loop
      vertex -17.4641 14 3
      vertex -15.5975 13.4186 3
      vertex -15.6421 13.56 3
    endloop
  endfacet
  facet normal 0 0 1
    outer loop
      vertex -17.4641 14 3
      vertex -15.6421 13.56 3
      vertex -15.6742 13.7048 3
    endloop
  endfacet
  facet normal 0 0 1
    outer loop
      vertex -17.4641 14 3
      vertex -15.6742 13.7048 3
      vertex -15.6935 13.8518 3
    endloop
  endfacet
  facet normal -0 0 1
    outer loop
      vertex -17.4641 14 3
      vertex -15.6935 13.8518 3
      vertex -15.7 14 3
    endloop
  endfacet
  facet normal 0 0 1
    outer loop
      vertex -15.6935 14.1482 3
      vertex -17.4641 14 3
      vertex -15.7 14 3
    endloop
  endfacet
  facet normal 0 0 1
    outer loop
      vertex -15.4722 13.15 3
      vertex -17.4641 14 3
      vertex -15.732 11 3
    endloop
  endfacet
  facet normal -0.991491 -0.130175 0
    outer loop
      vertex 15.6935 -13.8518 0
      vertex 15.6742 -13.7048 3
      vertex 15.6742 -13.7048 0
    endloop
  endfacet
  facet normal -0.991491 -0.130175 0
    outer loop
      vertex 15.6742 -13.7048 3
      vertex 15.6935 -13.8518 0
      vertex 15.6935 -13.8518 3
    endloop
  endfacet
  facet normal -0.99904 -0.0438175 0
    outer loop
      vertex 15.7 -14 0
      vertex 15.6935 -13.8518 3
      vertex 15.6935 -13.8518 0
    endloop
  endfacet
  facet normal -0.99904 -0.0438175 0
    outer loop
      vertex 15.6935 -13.8518 3
      vertex 15.7 -14 0
      vertex 15.7 -14 3
    endloop
  endfacet
  facet normal -0.976298 -0.216431 0
    outer loop
      vertex 15.6742 -13.7048 0
      vertex 15.6421 -13.56 3
      vertex 15.6421 -13.56 0
    endloop
  endfacet
  facet normal -0.976298 -0.216431 0
    outer loop
      vertex 15.6421 -13.56 3
      vertex 15.6742 -13.7048 0
      vertex 15.6742 -13.7048 3
    endloop
  endfacet
  facet normal -0.130175 0.991491 0
    outer loop
      vertex 14.2952 -15.6742 0
      vertex 14.1482 -15.6935 3
      vertex 14.2952 -15.6742 3
    endloop
  endfacet
  facet normal -0.130175 0.991491 0
    outer loop
      vertex 14.1482 -15.6935 3
      vertex 14.2952 -15.6742 0
      vertex 14.1482 -15.6935 0
    endloop
  endfacet
  facet normal -0.300809 0.953685 0
    outer loop
      vertex 14.5814 -15.5975 0
      vertex 14.44 -15.6421 3
      vertex 14.5814 -15.5975 3
    endloop
  endfacet
  facet normal -0.300809 0.953685 0
    outer loop
      vertex 14.44 -15.6421 3
      vertex 14.5814 -15.5975 0
      vertex 14.44 -15.6421 0
    endloop
  endfacet
  facet normal 0.953685 -0.300809 0
    outer loop
      vertex 12.3579 -13.56 3
      vertex 12.4025 -13.4186 0
      vertex 12.4025 -13.4186 3
    endloop
  endfacet
  facet normal 0.953685 -0.300809 0
    outer loop
      vertex 12.4025 -13.4186 0
      vertex 12.3579 -13.56 3
      vertex 12.3579 -13.56 0
    endloop
  endfacet
  facet normal 0.79315 0.609026 0
    outer loop
      vertex 12.6977 -15.0927 3
      vertex 12.6074 -14.9751 0
      vertex 12.6074 -14.9751 3
    endloop
  endfacet
  facet normal 0.79315 0.609026 0
    outer loop
      vertex 12.6074 -14.9751 0
      vertex 12.6977 -15.0927 3
      vertex 12.6977 -15.0927 0
    endloop
  endfacet
  facet normal -0.953685 -0.300809 0
    outer loop
      vertex 15.6421 -13.56 0
      vertex 15.5975 -13.4186 3
      vertex 15.5975 -13.4186 0
    endloop
  endfacet
  facet normal -0.953685 -0.300809 0
    outer loop
      vertex 15.5975 -13.4186 3
      vertex 15.6421 -13.56 0
      vertex 15.6421 -13.56 3
    endloop
  endfacet
  facet normal -0.79315 -0.609026 0
    outer loop
      vertex 15.3926 -13.0249 0
      vertex 15.3023 -12.9073 3
      vertex 15.3023 -12.9073 0
    endloop
  endfacet
  facet normal -0.79315 -0.609026 0
    outer loop
      vertex 15.3023 -12.9073 3
      vertex 15.3926 -13.0249 0
      vertex 15.3926 -13.0249 3
    endloop
  endfacet
  facet normal 0.536832 -0.843689 0
    outer loop
      vertex 13.0249 -12.6074 0
      vertex 13.15 -12.5278 3
      vertex 13.0249 -12.6074 3
    endloop
  endfacet
  facet normal 0.536832 -0.843689 0
    outer loop
      vertex 13.15 -12.5278 3
      vertex 13.0249 -12.6074 0
      vertex 13.15 -12.5278 0
    endloop
  endfacet
  facet normal 0.300809 -0.953685 0
    outer loop
      vertex 13.4186 -12.4025 0
      vertex 13.56 -12.3579 3
      vertex 13.4186 -12.4025 3
    endloop
  endfacet
  facet normal 0.300809 -0.953685 0
    outer loop
      vertex 13.56 -12.3579 3
      vertex 13.4186 -12.4025 0
      vertex 13.56 -12.3579 0
    endloop
  endfacet
  facet normal 0.216431 -0.976298 0
    outer loop
      vertex 13.56 -12.3579 0
      vertex 13.7048 -12.3258 3
      vertex 13.56 -12.3579 3
    endloop
  endfacet
  facet normal 0.216431 -0.976298 0
    outer loop
      vertex 13.7048 -12.3258 3
      vertex 13.56 -12.3579 0
      vertex 13.7048 -12.3258 0
    endloop
  endfacet
  facet normal 0.923853 0.382749 0
    outer loop
      vertex 12.4593 -14.7185 3
      vertex 12.4025 -14.5814 0
      vertex 12.4025 -14.5814 3
    endloop
  endfacet
  facet normal 0.923853 0.382749 0
    outer loop
      vertex 12.4025 -14.5814 0
      vertex 12.4593 -14.7185 3
      vertex 12.4593 -14.7185 0
    endloop
  endfacet
  facet normal -0.843689 -0.536832 0
    outer loop
      vertex 15.4722 -13.15 0
      vertex 15.3926 -13.0249 3
      vertex 15.3926 -13.0249 0
    endloop
  endfacet
  facet normal -0.843689 -0.536832 0
    outer loop
      vertex 15.3926 -13.0249 3
      vertex 15.4722 -13.15 0
      vertex 15.4722 -13.15 3
    endloop
  endfacet
  facet normal -0.953685 0.300809 0
    outer loop
      vertex 15.5975 -14.5814 0
      vertex 15.6421 -14.44 3
      vertex 15.6421 -14.44 0
    endloop
  endfacet
  facet normal -0.953685 0.300809 0
    outer loop
      vertex 15.6421 -14.44 3
      vertex 15.5975 -14.5814 0
      vertex 15.5975 -14.5814 3
    endloop
  endfacet
  facet normal -0.675419 -0.737434 0
    outer loop
      vertex 15.0927 -12.6977 0
      vertex 15.2021 -12.7979 3
      vertex 15.0927 -12.6977 3
    endloop
  endfacet
  facet normal -0.675419 -0.737434 -0
    outer loop
      vertex 15.2021 -12.7979 3
      vertex 15.0927 -12.6977 0
      vertex 15.2021 -12.7979 0
    endloop
  endfacet
  facet normal -0.536832 -0.843689 0
    outer loop
      vertex 14.85 -12.5278 0
      vertex 14.9751 -12.6074 3
      vertex 14.85 -12.5278 3
    endloop
  endfacet
  facet normal -0.536832 -0.843689 -0
    outer loop
      vertex 14.9751 -12.6074 3
      vertex 14.85 -12.5278 0
      vertex 14.9751 -12.6074 0
    endloop
  endfacet
  facet normal -0.99904 0.0438175 0
    outer loop
      vertex 15.6935 -14.1482 0
      vertex 15.7 -14 3
      vertex 15.7 -14 0
    endloop
  endfacet
  facet normal -0.99904 0.0438175 0
    outer loop
      vertex 15.7 -14 3
      vertex 15.6935 -14.1482 0
      vertex 15.6935 -14.1482 3
    endloop
  endfacet
  facet normal 0.216431 0.976298 -0
    outer loop
      vertex 13.7048 -15.6742 0
      vertex 13.56 -15.6421 3
      vertex 13.7048 -15.6742 3
    endloop
  endfacet
  facet normal 0.216431 0.976298 0
    outer loop
      vertex 13.56 -15.6421 3
      vertex 13.7048 -15.6742 0
      vertex 13.56 -15.6421 0
    endloop
  endfacet
  facet normal -0.609026 -0.79315 0
    outer loop
      vertex 14.9751 -12.6074 0
      vertex 15.0927 -12.6977 3
      vertex 14.9751 -12.6074 3
    endloop
  endfacet
  facet normal -0.609026 -0.79315 -0
    outer loop
      vertex 15.0927 -12.6977 3
      vertex 14.9751 -12.6074 0
      vertex 15.0927 -12.6977 0
    endloop
  endfacet
  facet normal 0.953685 0.300809 0
    outer loop
      vertex 12.4025 -14.5814 3
      vertex 12.3579 -14.44 0
      vertex 12.3579 -14.44 3
    endloop
  endfacet
  facet normal 0.953685 0.300809 0
    outer loop
      vertex 12.3579 -14.44 0
      vertex 12.4025 -14.5814 3
      vertex 12.4025 -14.5814 0
    endloop
  endfacet
  facet normal 0.609026 -0.79315 0
    outer loop
      vertex 12.9073 -12.6977 0
      vertex 13.0249 -12.6074 3
      vertex 12.9073 -12.6977 3
    endloop
  endfacet
  facet normal 0.609026 -0.79315 0
    outer loop
      vertex 13.0249 -12.6074 3
      vertex 12.9073 -12.6977 0
      vertex 13.0249 -12.6074 0
    endloop
  endfacet
  facet normal -0.216431 0.976298 0
    outer loop
      vertex 14.44 -15.6421 0
      vertex 14.2952 -15.6742 3
      vertex 14.44 -15.6421 3
    endloop
  endfacet
  facet normal -0.216431 0.976298 0
    outer loop
      vertex 14.2952 -15.6742 3
      vertex 14.44 -15.6421 0
      vertex 14.2952 -15.6742 0
    endloop
  endfacet
  facet normal 0.382749 0.923853 -0
    outer loop
      vertex 13.4186 -15.5975 0
      vertex 13.2815 -15.5407 3
      vertex 13.4186 -15.5975 3
    endloop
  endfacet
  facet normal 0.382749 0.923853 0
    outer loop
      vertex 13.2815 -15.5407 3
      vertex 13.4186 -15.5975 0
      vertex 13.2815 -15.5407 0
    endloop
  endfacet
  facet normal -0.46199 0.886885 0
    outer loop
      vertex 14.85 -15.4722 0
      vertex 14.7185 -15.5407 3
      vertex 14.85 -15.4722 3
    endloop
  endfacet
  facet normal -0.46199 0.886885 0
    outer loop
      vertex 14.7185 -15.5407 3
      vertex 14.85 -15.4722 0
      vertex 14.7185 -15.5407 0
    endloop
  endfacet
  facet normal 0.0438175 -0.99904 0
    outer loop
      vertex 13.8518 -12.3065 0
      vertex 14 -12.3 3
      vertex 13.8518 -12.3065 3
    endloop
  endfacet
  facet normal 0.0438175 -0.99904 0
    outer loop
      vertex 14 -12.3 3
      vertex 13.8518 -12.3065 0
      vertex 14 -12.3 0
    endloop
  endfacet
  facet normal 0.536832 0.843689 -0
    outer loop
      vertex 13.15 -15.4722 0
      vertex 13.0249 -15.3926 3
      vertex 13.15 -15.4722 3
    endloop
  endfacet
  facet normal 0.536832 0.843689 0
    outer loop
      vertex 13.0249 -15.3926 3
      vertex 13.15 -15.4722 0
      vertex 13.0249 -15.3926 0
    endloop
  endfacet
  facet normal -0.0438175 0.99904 0
    outer loop
      vertex 14.1482 -15.6935 0
      vertex 14 -15.7 3
      vertex 14.1482 -15.6935 3
    endloop
  endfacet
  facet normal -0.0438175 0.99904 0
    outer loop
      vertex 14 -15.7 3
      vertex 14.1482 -15.6935 0
      vertex 14 -15.7 0
    endloop
  endfacet
  facet normal 0.886885 0.46199 0
    outer loop
      vertex 12.5278 -14.85 3
      vertex 12.4593 -14.7185 0
      vertex 12.4593 -14.7185 3
    endloop
  endfacet
  facet normal 0.886885 0.46199 0
    outer loop
      vertex 12.4593 -14.7185 0
      vertex 12.5278 -14.85 3
      vertex 12.5278 -14.85 0
    endloop
  endfacet
  facet normal -0.46199 -0.886885 0
    outer loop
      vertex 14.7185 -12.4593 0
      vertex 14.85 -12.5278 3
      vertex 14.7185 -12.4593 3
    endloop
  endfacet
  facet normal -0.46199 -0.886885 -0
    outer loop
      vertex 14.85 -12.5278 3
      vertex 14.7185 -12.4593 0
      vertex 14.85 -12.5278 0
    endloop
  endfacet
  facet normal -0.675419 0.737434 0
    outer loop
      vertex 15.2021 -15.2021 0
      vertex 15.0927 -15.3023 3
      vertex 15.2021 -15.2021 3
    endloop
  endfacet
  facet normal -0.675419 0.737434 0
    outer loop
      vertex 15.0927 -15.3023 3
      vertex 15.2021 -15.2021 0
      vertex 15.0927 -15.3023 0
    endloop
  endfacet
  facet normal -0.536832 0.843689 0
    outer loop
      vertex 14.9751 -15.3926 0
      vertex 14.85 -15.4722 3
      vertex 14.9751 -15.3926 3
    endloop
  endfacet
  facet normal -0.536832 0.843689 0
    outer loop
      vertex 14.85 -15.4722 3
      vertex 14.9751 -15.3926 0
      vertex 14.85 -15.4722 0
    endloop
  endfacet
  facet normal -0.79315 0.609026 0
    outer loop
      vertex 15.3023 -15.0927 0
      vertex 15.3926 -14.9751 3
      vertex 15.3926 -14.9751 0
    endloop
  endfacet
  facet normal -0.79315 0.609026 0
    outer loop
      vertex 15.3926 -14.9751 3
      vertex 15.3023 -15.0927 0
      vertex 15.3023 -15.0927 3
    endloop
  endfacet
  facet normal 0.99904 -0.0438175 0
    outer loop
      vertex 12.3 -14 3
      vertex 12.3065 -13.8518 0
      vertex 12.3065 -13.8518 3
    endloop
  endfacet
  facet normal 0.99904 -0.0438175 0
    outer loop
      vertex 12.3065 -13.8518 0
      vertex 12.3 -14 3
      vertex 12.3 -14 0
    endloop
  endfacet
  facet normal -0.609026 0.79315 0
    outer loop
      vertex 15.0927 -15.3023 0
      vertex 14.9751 -15.3926 3
      vertex 15.0927 -15.3023 3
    endloop
  endfacet
  facet normal -0.609026 0.79315 0
    outer loop
      vertex 14.9751 -15.3926 3
      vertex 15.0927 -15.3023 0
      vertex 14.9751 -15.3926 0
    endloop
  endfacet
  facet normal -0.923853 -0.382749 0
    outer loop
      vertex 15.5975 -13.4186 0
      vertex 15.5407 -13.2815 3
      vertex 15.5407 -13.2815 0
    endloop
  endfacet
  facet normal -0.923853 -0.382749 0
    outer loop
      vertex 15.5407 -13.2815 3
      vertex 15.5975 -13.4186 0
      vertex 15.5975 -13.4186 3
    endloop
  endfacet
  facet normal -0.737434 -0.675419 0
    outer loop
      vertex 15.3023 -12.9073 0
      vertex 15.2021 -12.7979 3
      vertex 15.2021 -12.7979 0
    endloop
  endfacet
  facet normal -0.737434 -0.675419 0
    outer loop
      vertex 15.2021 -12.7979 3
      vertex 15.3023 -12.9073 0
      vertex 15.3023 -12.9073 3
    endloop
  endfacet
  facet normal 0.923853 -0.382749 0
    outer loop
      vertex 12.4025 -13.4186 3
      vertex 12.4593 -13.2815 0
      vertex 12.4593 -13.2815 3
    endloop
  endfacet
  facet normal 0.923853 -0.382749 0
    outer loop
      vertex 12.4593 -13.2815 0
      vertex 12.4025 -13.4186 3
      vertex 12.4025 -13.4186 0
    endloop
  endfacet
  facet normal -0.382749 0.923853 0
    outer loop
      vertex 14.7185 -15.5407 0
      vertex 14.5814 -15.5975 3
      vertex 14.7185 -15.5407 3
    endloop
  endfacet
  facet normal -0.382749 0.923853 0
    outer loop
      vertex 14.5814 -15.5975 3
      vertex 14.7185 -15.5407 0
      vertex 14.5814 -15.5975 0
    endloop
  endfacet
  facet normal -0.886885 -0.46199 0
    outer loop
      vertex 15.5407 -13.2815 0
      vertex 15.4722 -13.15 3
      vertex 15.4722 -13.15 0
    endloop
  endfacet
  facet normal -0.886885 -0.46199 0
    outer loop
      vertex 15.4722 -13.15 3
      vertex 15.5407 -13.2815 0
      vertex 15.5407 -13.2815 3
    endloop
  endfacet
  facet normal 0.675419 -0.737434 0
    outer loop
      vertex 12.7979 -12.7979 0
      vertex 12.9073 -12.6977 3
      vertex 12.7979 -12.7979 3
    endloop
  endfacet
  facet normal 0.675419 -0.737434 0
    outer loop
      vertex 12.9073 -12.6977 3
      vertex 12.7979 -12.7979 0
      vertex 12.9073 -12.6977 0
    endloop
  endfacet
  facet normal 0.675419 0.737434 -0
    outer loop
      vertex 12.9073 -15.3023 0
      vertex 12.7979 -15.2021 3
      vertex 12.9073 -15.3023 3
    endloop
  endfacet
  facet normal 0.675419 0.737434 0
    outer loop
      vertex 12.7979 -15.2021 3
      vertex 12.9073 -15.3023 0
      vertex 12.7979 -15.2021 0
    endloop
  endfacet
  facet normal -0.130175 -0.991491 0
    outer loop
      vertex 14.1482 -12.3065 0
      vertex 14.2952 -12.3258 3
      vertex 14.1482 -12.3065 3
    endloop
  endfacet
  facet normal -0.130175 -0.991491 -0
    outer loop
      vertex 14.2952 -12.3258 3
      vertex 14.1482 -12.3065 0
      vertex 14.2952 -12.3258 0
    endloop
  endfacet
  facet normal 0.46199 -0.886885 0
    outer loop
      vertex 13.15 -12.5278 0
      vertex 13.2815 -12.4593 3
      vertex 13.15 -12.5278 3
    endloop
  endfacet
  facet normal 0.46199 -0.886885 0
    outer loop
      vertex 13.2815 -12.4593 3
      vertex 13.15 -12.5278 0
      vertex 13.2815 -12.4593 0
    endloop
  endfacet
  facet normal 0.382749 -0.923853 0
    outer loop
      vertex 13.2815 -12.4593 0
      vertex 13.4186 -12.4025 3
      vertex 13.2815 -12.4593 3
    endloop
  endfacet
  facet normal 0.382749 -0.923853 0
    outer loop
      vertex 13.4186 -12.4025 3
      vertex 13.2815 -12.4593 0
      vertex 13.4186 -12.4025 0
    endloop
  endfacet
  facet normal 0.991491 -0.130175 0
    outer loop
      vertex 12.3065 -13.8518 3
      vertex 12.3258 -13.7048 0
      vertex 12.3258 -13.7048 3
    endloop
  endfacet
  facet normal 0.991491 -0.130175 0
    outer loop
      vertex 12.3258 -13.7048 0
      vertex 12.3065 -13.8518 3
      vertex 12.3065 -13.8518 0
    endloop
  endfacet
  facet normal 0.976298 -0.216431 0
    outer loop
      vertex 12.3258 -13.7048 3
      vertex 12.3579 -13.56 0
      vertex 12.3579 -13.56 3
    endloop
  endfacet
  facet normal 0.976298 -0.216431 0
    outer loop
      vertex 12.3579 -13.56 0
      vertex 12.3258 -13.7048 3
      vertex 12.3258 -13.7048 0
    endloop
  endfacet
  facet normal -0.923853 0.382749 0
    outer loop
      vertex 15.5407 -14.7185 0
      vertex 15.5975 -14.5814 3
      vertex 15.5975 -14.5814 0
    endloop
  endfacet
  facet normal -0.923853 0.382749 0
    outer loop
      vertex 15.5975 -14.5814 3
      vertex 15.5407 -14.7185 0
      vertex 15.5407 -14.7185 3
    endloop
  endfacet
  facet normal -0.216431 -0.976298 0
    outer loop
      vertex 14.2952 -12.3258 0
      vertex 14.44 -12.3579 3
      vertex 14.2952 -12.3258 3
    endloop
  endfacet
  facet normal -0.216431 -0.976298 -0
    outer loop
      vertex 14.44 -12.3579 3
      vertex 14.2952 -12.3258 0
      vertex 14.44 -12.3579 0
    endloop
  endfacet
  facet normal 0.79315 -0.609026 0
    outer loop
      vertex 12.6074 -13.0249 3
      vertex 12.6977 -12.9073 0
      vertex 12.6977 -12.9073 3
    endloop
  endfacet
  facet normal 0.79315 -0.609026 0
    outer loop
      vertex 12.6977 -12.9073 0
      vertex 12.6074 -13.0249 3
      vertex 12.6074 -13.0249 0
    endloop
  endfacet
  facet normal 0.99904 0.0438175 0
    outer loop
      vertex 12.3065 -14.1482 3
      vertex 12.3 -14 0
      vertex 12.3 -14 3
    endloop
  endfacet
  facet normal 0.99904 0.0438175 0
    outer loop
      vertex 12.3 -14 0
      vertex 12.3065 -14.1482 3
      vertex 12.3065 -14.1482 0
    endloop
  endfacet
  facet normal 0.46199 0.886885 -0
    outer loop
      vertex 13.2815 -15.5407 0
      vertex 13.15 -15.4722 3
      vertex 13.2815 -15.5407 3
    endloop
  endfacet
  facet normal 0.46199 0.886885 0
    outer loop
      vertex 13.15 -15.4722 3
      vertex 13.2815 -15.5407 0
      vertex 13.15 -15.4722 0
    endloop
  endfacet
  facet normal -0.0438175 -0.99904 0
    outer loop
      vertex 14 -12.3 0
      vertex 14.1482 -12.3065 3
      vertex 14 -12.3 3
    endloop
  endfacet
  facet normal -0.0438175 -0.99904 -0
    outer loop
      vertex 14.1482 -12.3065 3
      vertex 14 -12.3 0
      vertex 14.1482 -12.3065 0
    endloop
  endfacet
  facet normal -0.976298 0.216431 0
    outer loop
      vertex 15.6421 -14.44 0
      vertex 15.6742 -14.2952 3
      vertex 15.6742 -14.2952 0
    endloop
  endfacet
  facet normal -0.976298 0.216431 0
    outer loop
      vertex 15.6742 -14.2952 3
      vertex 15.6421 -14.44 0
      vertex 15.6421 -14.44 3
    endloop
  endfacet
  facet normal 0.737434 0.675419 0
    outer loop
      vertex 12.7979 -15.2021 3
      vertex 12.6977 -15.0927 0
      vertex 12.6977 -15.0927 3
    endloop
  endfacet
  facet normal 0.737434 0.675419 0
    outer loop
      vertex 12.6977 -15.0927 0
      vertex 12.7979 -15.2021 3
      vertex 12.7979 -15.2021 0
    endloop
  endfacet
  facet normal 0.976298 0.216431 0
    outer loop
      vertex 12.3579 -14.44 3
      vertex 12.3258 -14.2952 0
      vertex 12.3258 -14.2952 3
    endloop
  endfacet
  facet normal 0.976298 0.216431 0
    outer loop
      vertex 12.3258 -14.2952 0
      vertex 12.3579 -14.44 3
      vertex 12.3579 -14.44 0
    endloop
  endfacet
  facet normal -0.886885 0.46199 0
    outer loop
      vertex 15.4722 -14.85 0
      vertex 15.5407 -14.7185 3
      vertex 15.5407 -14.7185 0
    endloop
  endfacet
  facet normal -0.886885 0.46199 0
    outer loop
      vertex 15.5407 -14.7185 3
      vertex 15.4722 -14.85 0
      vertex 15.4722 -14.85 3
    endloop
  endfacet
  facet normal -0.382749 -0.923853 0
    outer loop
      vertex 14.5814 -12.4025 0
      vertex 14.7185 -12.4593 3
      vertex 14.5814 -12.4025 3
    endloop
  endfacet
  facet normal -0.382749 -0.923853 -0
    outer loop
      vertex 14.7185 -12.4593 3
      vertex 14.5814 -12.4025 0
      vertex 14.7185 -12.4593 0
    endloop
  endfacet
  facet normal -0.300809 -0.953685 0
    outer loop
      vertex 14.44 -12.3579 0
      vertex 14.5814 -12.4025 3
      vertex 14.44 -12.3579 3
    endloop
  endfacet
  facet normal -0.300809 -0.953685 -0
    outer loop
      vertex 14.5814 -12.4025 3
      vertex 14.44 -12.3579 0
      vertex 14.5814 -12.4025 0
    endloop
  endfacet
  facet normal 0.737434 -0.675419 0
    outer loop
      vertex 12.6977 -12.9073 3
      vertex 12.7979 -12.7979 0
      vertex 12.7979 -12.7979 3
    endloop
  endfacet
  facet normal 0.737434 -0.675419 0
    outer loop
      vertex 12.7979 -12.7979 0
      vertex 12.6977 -12.9073 3
      vertex 12.6977 -12.9073 0
    endloop
  endfacet
  facet normal 0.130175 -0.991491 0
    outer loop
      vertex 13.7048 -12.3258 0
      vertex 13.8518 -12.3065 3
      vertex 13.7048 -12.3258 3
    endloop
  endfacet
  facet normal 0.130175 -0.991491 0
    outer loop
      vertex 13.8518 -12.3065 3
      vertex 13.7048 -12.3258 0
      vertex 13.8518 -12.3065 0
    endloop
  endfacet
  facet normal 0.609026 0.79315 -0
    outer loop
      vertex 13.0249 -15.3926 0
      vertex 12.9073 -15.3023 3
      vertex 13.0249 -15.3926 3
    endloop
  endfacet
  facet normal 0.609026 0.79315 0
    outer loop
      vertex 12.9073 -15.3023 3
      vertex 13.0249 -15.3926 0
      vertex 12.9073 -15.3023 0
    endloop
  endfacet
  facet normal -0.843689 0.536832 0
    outer loop
      vertex 15.3926 -14.9751 0
      vertex 15.4722 -14.85 3
      vertex 15.4722 -14.85 0
    endloop
  endfacet
  facet normal -0.843689 0.536832 0
    outer loop
      vertex 15.4722 -14.85 3
      vertex 15.3926 -14.9751 0
      vertex 15.3926 -14.9751 3
    endloop
  endfacet
  facet normal 0.300809 0.953685 -0
    outer loop
      vertex 13.56 -15.6421 0
      vertex 13.4186 -15.5975 3
      vertex 13.56 -15.6421 3
    endloop
  endfacet
  facet normal 0.300809 0.953685 0
    outer loop
      vertex 13.4186 -15.5975 3
      vertex 13.56 -15.6421 0
      vertex 13.4186 -15.5975 0
    endloop
  endfacet
  facet normal 0.991491 0.130175 0
    outer loop
      vertex 12.3258 -14.2952 3
      vertex 12.3065 -14.1482 0
      vertex 12.3065 -14.1482 3
    endloop
  endfacet
  facet normal 0.991491 0.130175 0
    outer loop
      vertex 12.3065 -14.1482 0
      vertex 12.3258 -14.2952 3
      vertex 12.3258 -14.2952 0
    endloop
  endfacet
  facet normal 0.843689 0.536832 0
    outer loop
      vertex 12.6074 -14.9751 3
      vertex 12.5278 -14.85 0
      vertex 12.5278 -14.85 3
    endloop
  endfacet
  facet normal 0.843689 0.536832 0
    outer loop
      vertex 12.5278 -14.85 0
      vertex 12.6074 -14.9751 3
      vertex 12.6074 -14.9751 0
    endloop
  endfacet
  facet normal 0.886885 -0.46199 0
    outer loop
      vertex 12.4593 -13.2815 3
      vertex 12.5278 -13.15 0
      vertex 12.5278 -13.15 3
    endloop
  endfacet
  facet normal 0.886885 -0.46199 0
    outer loop
      vertex 12.5278 -13.15 0
      vertex 12.4593 -13.2815 3
      vertex 12.4593 -13.2815 0
    endloop
  endfacet
  facet normal -0.991491 0.130175 0
    outer loop
      vertex 15.6742 -14.2952 0
      vertex 15.6935 -14.1482 3
      vertex 15.6935 -14.1482 0
    endloop
  endfacet
  facet normal -0.991491 0.130175 0
    outer loop
      vertex 15.6935 -14.1482 3
      vertex 15.6742 -14.2952 0
      vertex 15.6742 -14.2952 3
    endloop
  endfacet
  facet normal -0.737434 0.675419 0
    outer loop
      vertex 15.2021 -15.2021 0
      vertex 15.3023 -15.0927 3
      vertex 15.3023 -15.0927 0
    endloop
  endfacet
  facet normal -0.737434 0.675419 0
    outer loop
      vertex 15.3023 -15.0927 3
      vertex 15.2021 -15.2021 0
      vertex 15.2021 -15.2021 3
    endloop
  endfacet
  facet normal 0.0438175 0.99904 -0
    outer loop
      vertex 14 -15.7 0
      vertex 13.8518 -15.6935 3
      vertex 14 -15.7 3
    endloop
  endfacet
  facet normal 0.0438175 0.99904 0
    outer loop
      vertex 13.8518 -15.6935 3
      vertex 14 -15.7 0
      vertex 13.8518 -15.6935 0
    endloop
  endfacet
  facet normal 0.130175 0.991491 -0
    outer loop
      vertex 13.8518 -15.6935 0
      vertex 13.7048 -15.6742 3
      vertex 13.8518 -15.6935 3
    endloop
  endfacet
  facet normal 0.130175 0.991491 0
    outer loop
      vertex 13.7048 -15.6742 3
      vertex 13.8518 -15.6935 0
      vertex 13.7048 -15.6742 0
    endloop
  endfacet
  facet normal 0.843689 -0.536832 0
    outer loop
      vertex 12.5278 -13.15 3
      vertex 12.6074 -13.0249 0
      vertex 12.6074 -13.0249 3
    endloop
  endfacet
  facet normal 0.843689 -0.536832 0
    outer loop
      vertex 12.6074 -13.0249 0
      vertex 12.5278 -13.15 3
      vertex 12.5278 -13.15 0
    endloop
  endfacet
  facet normal 0 1 -0
    outer loop
      vertex 15.732 -17 3
      vertex 12.268 -17 6
      vertex 15.732 -17 6
    endloop
  endfacet
  facet normal 0 1 0
    outer loop
      vertex 12.268 -17 6
      vertex 15.732 -17 3
      vertex 12.268 -17 3
    endloop
  endfacet
  facet normal -0.866019 0.500011 0
    outer loop
      vertex 15.732 -17 3
      vertex 17.4641 -14 6
      vertex 17.4641 -14 3
    endloop
  endfacet
  facet normal -0.866019 0.500011 0
    outer loop
      vertex 17.4641 -14 6
      vertex 15.732 -17 3
      vertex 15.732 -17 6
    endloop
  endfacet
  facet normal 0 -1 0
    outer loop
      vertex 12.268 -11 3
      vertex 15.732 -11 6
      vertex 12.268 -11 6
    endloop
  endfacet
  facet normal 0 -1 -0
    outer loop
      vertex 15.732 -11 6
      vertex 12.268 -11 3
      vertex 15.732 -11 3
    endloop
  endfacet
  facet normal -0.866019 -0.500011 0
    outer loop
      vertex 17.4641 -14 3
      vertex 15.732 -11 6
      vertex 15.732 -11 3
    endloop
  endfacet
  facet normal -0.866019 -0.500011 0
    outer loop
      vertex 15.732 -11 6
      vertex 17.4641 -14 3
      vertex 17.4641 -14 6
    endloop
  endfacet
  facet normal 0.866019 -0.500011 0
    outer loop
      vertex 10.5359 -14 6
      vertex 12.268 -11 3
      vertex 12.268 -11 6
    endloop
  endfacet
  facet normal 0.866019 -0.500011 0
    outer loop
      vertex 12.268 -11 3
      vertex 10.5359 -14 6
      vertex 10.5359 -14 3
    endloop
  endfacet
  facet normal 0.866019 0.500011 0
    outer loop
      vertex 12.268 -17 6
      vertex 10.5359 -14 3
      vertex 10.5359 -14 6
    endloop
  endfacet
  facet normal 0.866019 0.500011 0
    outer loop
      vertex 10.5359 -14 3
      vertex 12.268 -17 6
      vertex 12.268 -17 3
    endloop
  endfacet
  facet normal -0 0 1
    outer loop
      vertex 15.4722 -13.15 3
      vertex 17.4641 -14 3
      vertex 15.732 -11 3
    endloop
  endfacet
  facet normal 0 0 1
    outer loop
      vertex 15.6935 -14.1482 3
      vertex 17.4641 -14 3
      vertex 15.7 -14 3
    endloop
  endfacet
  facet normal 0 0 1
    outer loop
      vertex 17.4641 -14 3
      vertex 15.6935 -13.8518 3
      vertex 15.7 -14 3
    endloop
  endfacet
  facet normal 0 0 1
    outer loop
      vertex 17.4641 -14 3
      vertex 15.6742 -13.7048 3
      vertex 15.6935 -13.8518 3
    endloop
  endfacet
  facet normal 0 0 1
    outer loop
      vertex 17.4641 -14 3
      vertex 15.6421 -13.56 3
      vertex 15.6742 -13.7048 3
    endloop
  endfacet
  facet normal 0 0 1
    outer loop
      vertex 17.4641 -14 3
      vertex 15.5975 -13.4186 3
      vertex 15.6421 -13.56 3
    endloop
  endfacet
  facet normal 0 0 1
    outer loop
      vertex 17.4641 -14 3
      vertex 15.5407 -13.2815 3
      vertex 15.5975 -13.4186 3
    endloop
  endfacet
  facet normal 0 0 1
    outer loop
      vertex 17.4641 -14 3
      vertex 15.4722 -13.15 3
      vertex 15.5407 -13.2815 3
    endloop
  endfacet
  facet normal 0 0 1
    outer loop
      vertex 15.732 -11 3
      vertex 15.3926 -13.0249 3
      vertex 15.4722 -13.15 3
    endloop
  endfacet
  facet normal 0 0 1
    outer loop
      vertex 15.732 -11 3
      vertex 15.3023 -12.9073 3
      vertex 15.3926 -13.0249 3
    endloop
  endfacet
  facet normal 0 0 1
    outer loop
      vertex 15.732 -11 3
      vertex 15.2021 -12.7979 3
      vertex 15.3023 -12.9073 3
    endloop
  endfacet
  facet normal 0 0 1
    outer loop
      vertex 15.732 -11 3
      vertex 15.0927 -12.6977 3
      vertex 15.2021 -12.7979 3
    endloop
  endfacet
  facet normal 0 0 1
    outer loop
      vertex 15.732 -11 3
      vertex 14.9751 -12.6074 3
      vertex 15.0927 -12.6977 3
    endloop
  endfacet
  facet normal 0 0 1
    outer loop
      vertex 15.732 -11 3
      vertex 14.85 -12.5278 3
      vertex 14.9751 -12.6074 3
    endloop
  endfacet
  facet normal 0 0 1
    outer loop
      vertex 15.732 -11 3
      vertex 14.7185 -12.4593 3
      vertex 14.85 -12.5278 3
    endloop
  endfacet
  facet normal 0 0 1
    outer loop
      vertex 15.732 -11 3
      vertex 14.5814 -12.4025 3
      vertex 14.7185 -12.4593 3
    endloop
  endfacet
  facet normal 0 0 1
    outer loop
      vertex 15.732 -11 3
      vertex 14.44 -12.3579 3
      vertex 14.5814 -12.4025 3
    endloop
  endfacet
  facet normal 0 0 1
    outer loop
      vertex 15.732 -11 3
      vertex 14.2952 -12.3258 3
      vertex 14.44 -12.3579 3
    endloop
  endfacet
  facet normal 0 0 1
    outer loop
      vertex 15.732 -11 3
      vertex 14.1482 -12.3065 3
      vertex 14.2952 -12.3258 3
    endloop
  endfacet
  facet normal 0 0 1
    outer loop
      vertex 15.732 -11 3
      vertex 14 -12.3 3
      vertex 14.1482 -12.3065 3
    endloop
  endfacet
  facet normal -0 0 1
    outer loop
      vertex 12.268 -11 3
      vertex 14 -12.3 3
      vertex 15.732 -11 3
    endloop
  endfacet
  facet normal 0 0 1
    outer loop
      vertex 14 -12.3 3
      vertex 12.268 -11 3
      vertex 13.8518 -12.3065 3
    endloop
  endfacet
  facet normal 0 0 1
    outer loop
      vertex 13.8518 -12.3065 3
      vertex 12.268 -11 3
      vertex 13.7048 -12.3258 3
    endloop
  endfacet
  facet normal 0 0 1
    outer loop
      vertex 13.7048 -12.3258 3
      vertex 12.268 -11 3
      vertex 13.56 -12.3579 3
    endloop
  endfacet
  facet normal 0 0 1
    outer loop
      vertex 13.56 -12.3579 3
      vertex 12.268 -11 3
      vertex 13.4186 -12.4025 3
    endloop
  endfacet
  facet normal 0 0 1
    outer loop
      vertex 13.4186 -12.4025 3
      vertex 12.268 -11 3
      vertex 13.2815 -12.4593 3
    endloop
  endfacet
  facet normal 0 0 1
    outer loop
      vertex 12.3258 -13.7048 3
      vertex 10.5359 -14 3
      vertex 12.3065 -13.8518 3
    endloop
  endfacet
  facet normal 0 0 1
    outer loop
      vertex 12.3579 -13.56 3
      vertex 10.5359 -14 3
      vertex 12.3258 -13.7048 3
    endloop
  endfacet
  facet normal 0 0 1
    outer loop
      vertex 12.4025 -13.4186 3
      vertex 10.5359 -14 3
      vertex 12.3579 -13.56 3
    endloop
  endfacet
  facet normal 0 0 1
    outer loop
      vertex 12.4593 -13.2815 3
      vertex 10.5359 -14 3
      vertex 12.4025 -13.4186 3
    endloop
  endfacet
  facet normal 0 0 1
    outer loop
      vertex 12.5278 -13.15 3
      vertex 10.5359 -14 3
      vertex 12.4593 -13.2815 3
    endloop
  endfacet
  facet normal 0 0 1
    outer loop
      vertex 10.5359 -14 3
      vertex 12.5278 -13.15 3
      vertex 12.268 -11 3
    endloop
  endfacet
  facet normal 0 0 1
    outer loop
      vertex 12.6074 -13.0249 3
      vertex 12.268 -11 3
      vertex 12.5278 -13.15 3
    endloop
  endfacet
  facet normal 0 0 1
    outer loop
      vertex 12.6977 -12.9073 3
      vertex 12.268 -11 3
      vertex 12.6074 -13.0249 3
    endloop
  endfacet
  facet normal 0 0 1
    outer loop
      vertex 12.7979 -12.7979 3
      vertex 12.268 -11 3
      vertex 12.6977 -12.9073 3
    endloop
  endfacet
  facet normal 0 0 1
    outer loop
      vertex 12.9073 -12.6977 3
      vertex 12.268 -11 3
      vertex 12.7979 -12.7979 3
    endloop
  endfacet
  facet normal 0 0 1
    outer loop
      vertex 13.0249 -12.6074 3
      vertex 12.268 -11 3
      vertex 12.9073 -12.6977 3
    endloop
  endfacet
  facet normal 0 0 1
    outer loop
      vertex 13.15 -12.5278 3
      vertex 12.268 -11 3
      vertex 13.0249 -12.6074 3
    endloop
  endfacet
  facet normal 0 0 1
    outer loop
      vertex 13.2815 -12.4593 3
      vertex 12.268 -11 3
      vertex 13.15 -12.5278 3
    endloop
  endfacet
  facet normal 0 0 1
    outer loop
      vertex 15.6742 -14.2952 3
      vertex 17.4641 -14 3
      vertex 15.6935 -14.1482 3
    endloop
  endfacet
  facet normal 0 0 1
    outer loop
      vertex 15.6421 -14.44 3
      vertex 17.4641 -14 3
      vertex 15.6742 -14.2952 3
    endloop
  endfacet
  facet normal 0 0 1
    outer loop
      vertex 15.5975 -14.5814 3
      vertex 17.4641 -14 3
      vertex 15.6421 -14.44 3
    endloop
  endfacet
  facet normal 0 0 1
    outer loop
      vertex 15.5407 -14.7185 3
      vertex 17.4641 -14 3
      vertex 15.5975 -14.5814 3
    endloop
  endfacet
  facet normal 0 0 1
    outer loop
      vertex 15.4722 -14.85 3
      vertex 17.4641 -14 3
      vertex 15.5407 -14.7185 3
    endloop
  endfacet
  facet normal 0 0 1
    outer loop
      vertex 17.4641 -14 3
      vertex 15.4722 -14.85 3
      vertex 15.732 -17 3
    endloop
  endfacet
  facet normal -0 0 1
    outer loop
      vertex 15.3926 -14.9751 3
      vertex 15.732 -17 3
      vertex 15.4722 -14.85 3
    endloop
  endfacet
  facet normal -0 0 1
    outer loop
      vertex 15.3023 -15.0927 3
      vertex 15.732 -17 3
      vertex 15.3926 -14.9751 3
    endloop
  endfacet
  facet normal -0 0 1
    outer loop
      vertex 15.2021 -15.2021 3
      vertex 15.732 -17 3
      vertex 15.3023 -15.0927 3
    endloop
  endfacet
  facet normal -0 0 1
    outer loop
      vertex 15.0927 -15.3023 3
      vertex 15.732 -17 3
      vertex 15.2021 -15.2021 3
    endloop
  endfacet
  facet normal -0 0 1
    outer loop
      vertex 14.9751 -15.3926 3
      vertex 15.732 -17 3
      vertex 15.0927 -15.3023 3
    endloop
  endfacet
  facet normal -0 0 1
    outer loop
      vertex 14.85 -15.4722 3
      vertex 15.732 -17 3
      vertex 14.9751 -15.3926 3
    endloop
  endfacet
  facet normal -0 0 1
    outer loop
      vertex 14.7185 -15.5407 3
      vertex 15.732 -17 3
      vertex 14.85 -15.4722 3
    endloop
  endfacet
  facet normal -0 0 1
    outer loop
      vertex 14.5814 -15.5975 3
      vertex 15.732 -17 3
      vertex 14.7185 -15.5407 3
    endloop
  endfacet
  facet normal -0 0 1
    outer loop
      vertex 14.44 -15.6421 3
      vertex 15.732 -17 3
      vertex 14.5814 -15.5975 3
    endloop
  endfacet
  facet normal -0 0 1
    outer loop
      vertex 14.2952 -15.6742 3
      vertex 15.732 -17 3
      vertex 14.44 -15.6421 3
    endloop
  endfacet
  facet normal -0 0 1
    outer loop
      vertex 14.1482 -15.6935 3
      vertex 15.732 -17 3
      vertex 14.2952 -15.6742 3
    endloop
  endfacet
  facet normal -0 0 1
    outer loop
      vertex 14 -15.7 3
      vertex 15.732 -17 3
      vertex 14.1482 -15.6935 3
    endloop
  endfacet
  facet normal 0 0 1
    outer loop
      vertex 12.268 -17 3
      vertex 14 -15.7 3
      vertex 13.8518 -15.6935 3
    endloop
  endfacet
  facet normal 0 0 1
    outer loop
      vertex 12.268 -17 3
      vertex 13.8518 -15.6935 3
      vertex 13.7048 -15.6742 3
    endloop
  endfacet
  facet normal 0 0 1
    outer loop
      vertex 12.268 -17 3
      vertex 13.7048 -15.6742 3
      vertex 13.56 -15.6421 3
    endloop
  endfacet
  facet normal 0 0 1
    outer loop
      vertex 12.268 -17 3
      vertex 13.56 -15.6421 3
      vertex 13.4186 -15.5975 3
    endloop
  endfacet
  facet normal 0 0 1
    outer loop
      vertex 12.268 -17 3
      vertex 13.4186 -15.5975 3
      vertex 13.2815 -15.5407 3
    endloop
  endfacet
  facet normal 0 0 1
    outer loop
      vertex 12.268 -17 3
      vertex 13.2815 -15.5407 3
      vertex 13.15 -15.4722 3
    endloop
  endfacet
  facet normal 0 0 1
    outer loop
      vertex 14 -15.7 3
      vertex 12.268 -17 3
      vertex 15.732 -17 3
    endloop
  endfacet
  facet normal 0 0 1
    outer loop
      vertex 13.0249 -15.3926 3
      vertex 12.268 -17 3
      vertex 13.15 -15.4722 3
    endloop
  endfacet
  facet normal 0 0 1
    outer loop
      vertex 12.9073 -15.3023 3
      vertex 12.268 -17 3
      vertex 13.0249 -15.3926 3
    endloop
  endfacet
  facet normal 0 0 1
    outer loop
      vertex 12.7979 -15.2021 3
      vertex 12.268 -17 3
      vertex 12.9073 -15.3023 3
    endloop
  endfacet
  facet normal 0 0 1
    outer loop
      vertex 12.6977 -15.0927 3
      vertex 12.268 -17 3
      vertex 12.7979 -15.2021 3
    endloop
  endfacet
  facet normal 0 0 1
    outer loop
      vertex 12.6074 -14.9751 3
      vertex 12.268 -17 3
      vertex 12.6977 -15.0927 3
    endloop
  endfacet
  facet normal 0 0 1
    outer loop
      vertex 12.5278 -14.85 3
      vertex 12.268 -17 3
      vertex 12.6074 -14.9751 3
    endloop
  endfacet
  facet normal 0 0 1
    outer loop
      vertex 10.5359 -14 3
      vertex 12.5278 -14.85 3
      vertex 12.4593 -14.7185 3
    endloop
  endfacet
  facet normal 0 0 1
    outer loop
      vertex 10.5359 -14 3
      vertex 12.4593 -14.7185 3
      vertex 12.4025 -14.5814 3
    endloop
  endfacet
  facet normal 0 0 1
    outer loop
      vertex 10.5359 -14 3
      vertex 12.4025 -14.5814 3
      vertex 12.3579 -14.44 3
    endloop
  endfacet
  facet normal 0 0 1
    outer loop
      vertex 10.5359 -14 3
      vertex 12.3579 -14.44 3
      vertex 12.3258 -14.2952 3
    endloop
  endfacet
  facet normal 0 0 1
    outer loop
      vertex 10.5359 -14 3
      vertex 12.3258 -14.2952 3
      vertex 12.3065 -14.1482 3
    endloop
  endfacet
  facet normal -0 0 1
    outer loop
      vertex 10.5359 -14 3
      vertex 12.3065 -14.1482 3
      vertex 12.3 -14 3
    endloop
  endfacet
  facet normal 0 0 1
    outer loop
      vertex 12.3065 -13.8518 3
      vertex 10.5359 -14 3
      vertex 12.3 -14 3
    endloop
  endfacet
  facet normal 0 0 1
    outer loop
      vertex 12.5278 -14.85 3
      vertex 10.5359 -14 3
      vertex 12.268 -17 3
    endloop
  endfacet
  facet normal -0.991491 -0.130175 0
    outer loop
      vertex 15.6935 14.1482 0
      vertex 15.6742 14.2952 3
      vertex 15.6742 14.2952 0
    endloop
  endfacet
  facet normal -0.991491 -0.130175 0
    outer loop
      vertex 15.6742 14.2952 3
      vertex 15.6935 14.1482 0
      vertex 15.6935 14.1482 3
    endloop
  endfacet
  facet normal -0.99904 -0.0438175 0
    outer loop
      vertex 15.7 14 0
      vertex 15.6935 14.1482 3
      vertex 15.6935 14.1482 0
    endloop
  endfacet
  facet normal -0.99904 -0.0438175 0
    outer loop
      vertex 15.6935 14.1482 3
      vertex 15.7 14 0
      vertex 15.7 14 3
    endloop
  endfacet
  facet normal -0.976298 -0.216431 0
    outer loop
      vertex 15.6742 14.2952 0
      vertex 15.6421 14.44 3
      vertex 15.6421 14.44 0
    endloop
  endfacet
  facet normal -0.976298 -0.216431 0
    outer loop
      vertex 15.6421 14.44 3
      vertex 15.6742 14.2952 0
      vertex 15.6742 14.2952 3
    endloop
  endfacet
  facet normal -0.130175 0.991491 0
    outer loop
      vertex 14.2952 12.3258 0
      vertex 14.1482 12.3065 3
      vertex 14.2952 12.3258 3
    endloop
  endfacet
  facet normal -0.130175 0.991491 0
    outer loop
      vertex 14.1482 12.3065 3
      vertex 14.2952 12.3258 0
      vertex 14.1482 12.3065 0
    endloop
  endfacet
  facet normal -0.300809 0.953685 0
    outer loop
      vertex 14.5814 12.4025 0
      vertex 14.44 12.3579 3
      vertex 14.5814 12.4025 3
    endloop
  endfacet
  facet normal -0.300809 0.953685 0
    outer loop
      vertex 14.44 12.3579 3
      vertex 14.5814 12.4025 0
      vertex 14.44 12.3579 0
    endloop
  endfacet
  facet normal 0.953685 -0.300809 0
    outer loop
      vertex 12.3579 14.44 3
      vertex 12.4025 14.5814 0
      vertex 12.4025 14.5814 3
    endloop
  endfacet
  facet normal 0.953685 -0.300809 0
    outer loop
      vertex 12.4025 14.5814 0
      vertex 12.3579 14.44 3
      vertex 12.3579 14.44 0
    endloop
  endfacet
  facet normal 0.79315 0.609026 0
    outer loop
      vertex 12.6977 12.9073 3
      vertex 12.6074 13.0249 0
      vertex 12.6074 13.0249 3
    endloop
  endfacet
  facet normal 0.79315 0.609026 0
    outer loop
      vertex 12.6074 13.0249 0
      vertex 12.6977 12.9073 3
      vertex 12.6977 12.9073 0
    endloop
  endfacet
  facet normal -0.953685 -0.300809 0
    outer loop
      vertex 15.6421 14.44 0
      vertex 15.5975 14.5814 3
      vertex 15.5975 14.5814 0
    endloop
  endfacet
  facet normal -0.953685 -0.300809 0
    outer loop
      vertex 15.5975 14.5814 3
      vertex 15.6421 14.44 0
      vertex 15.6421 14.44 3
    endloop
  endfacet
  facet normal -0.79315 -0.609026 0
    outer loop
      vertex 15.3926 14.9751 0
      vertex 15.3023 15.0927 3
      vertex 15.3023 15.0927 0
    endloop
  endfacet
  facet normal -0.79315 -0.609026 0
    outer loop
      vertex 15.3023 15.0927 3
      vertex 15.3926 14.9751 0
      vertex 15.3926 14.9751 3
    endloop
  endfacet
  facet normal 0.536832 -0.843689 0
    outer loop
      vertex 13.0249 15.3926 0
      vertex 13.15 15.4722 3
      vertex 13.0249 15.3926 3
    endloop
  endfacet
  facet normal 0.536832 -0.843689 0
    outer loop
      vertex 13.15 15.4722 3
      vertex 13.0249 15.3926 0
      vertex 13.15 15.4722 0
    endloop
  endfacet
  facet normal 0.300809 -0.953685 0
    outer loop
      vertex 13.4186 15.5975 0
      vertex 13.56 15.6421 3
      vertex 13.4186 15.5975 3
    endloop
  endfacet
  facet normal 0.300809 -0.953685 0
    outer loop
      vertex 13.56 15.6421 3
      vertex 13.4186 15.5975 0
      vertex 13.56 15.6421 0
    endloop
  endfacet
  facet normal 0.216431 -0.976298 0
    outer loop
      vertex 13.56 15.6421 0
      vertex 13.7048 15.6742 3
      vertex 13.56 15.6421 3
    endloop
  endfacet
  facet normal 0.216431 -0.976298 0
    outer loop
      vertex 13.7048 15.6742 3
      vertex 13.56 15.6421 0
      vertex 13.7048 15.6742 0
    endloop
  endfacet
  facet normal 0.923853 0.382749 0
    outer loop
      vertex 12.4593 13.2815 3
      vertex 12.4025 13.4186 0
      vertex 12.4025 13.4186 3
    endloop
  endfacet
  facet normal 0.923853 0.382749 0
    outer loop
      vertex 12.4025 13.4186 0
      vertex 12.4593 13.2815 3
      vertex 12.4593 13.2815 0
    endloop
  endfacet
  facet normal -0.843689 -0.536832 0
    outer loop
      vertex 15.4722 14.85 0
      vertex 15.3926 14.9751 3
      vertex 15.3926 14.9751 0
    endloop
  endfacet
  facet normal -0.843689 -0.536832 0
    outer loop
      vertex 15.3926 14.9751 3
      vertex 15.4722 14.85 0
      vertex 15.4722 14.85 3
    endloop
  endfacet
  facet normal -0.953685 0.300809 0
    outer loop
      vertex 15.5975 13.4186 0
      vertex 15.6421 13.56 3
      vertex 15.6421 13.56 0
    endloop
  endfacet
  facet normal -0.953685 0.300809 0
    outer loop
      vertex 15.6421 13.56 3
      vertex 15.5975 13.4186 0
      vertex 15.5975 13.4186 3
    endloop
  endfacet
  facet normal -0.675419 -0.737434 0
    outer loop
      vertex 15.0927 15.3023 0
      vertex 15.2021 15.2021 3
      vertex 15.0927 15.3023 3
    endloop
  endfacet
  facet normal -0.675419 -0.737434 -0
    outer loop
      vertex 15.2021 15.2021 3
      vertex 15.0927 15.3023 0
      vertex 15.2021 15.2021 0
    endloop
  endfacet
  facet normal -0.536832 -0.843689 0
    outer loop
      vertex 14.85 15.4722 0
      vertex 14.9751 15.3926 3
      vertex 14.85 15.4722 3
    endloop
  endfacet
  facet normal -0.536832 -0.843689 -0
    outer loop
      vertex 14.9751 15.3926 3
      vertex 14.85 15.4722 0
      vertex 14.9751 15.3926 0
    endloop
  endfacet
  facet normal -0.99904 0.0438175 0
    outer loop
      vertex 15.6935 13.8518 0
      vertex 15.7 14 3
      vertex 15.7 14 0
    endloop
  endfacet
  facet normal -0.99904 0.0438175 0
    outer loop
      vertex 15.7 14 3
      vertex 15.6935 13.8518 0
      vertex 15.6935 13.8518 3
    endloop
  endfacet
  facet normal 0.216431 0.976298 -0
    outer loop
      vertex 13.7048 12.3258 0
      vertex 13.56 12.3579 3
      vertex 13.7048 12.3258 3
    endloop
  endfacet
  facet normal 0.216431 0.976298 0
    outer loop
      vertex 13.56 12.3579 3
      vertex 13.7048 12.3258 0
      vertex 13.56 12.3579 0
    endloop
  endfacet
  facet normal -0.609026 -0.79315 0
    outer loop
      vertex 14.9751 15.3926 0
      vertex 15.0927 15.3023 3
      vertex 14.9751 15.3926 3
    endloop
  endfacet
  facet normal -0.609026 -0.79315 -0
    outer loop
      vertex 15.0927 15.3023 3
      vertex 14.9751 15.3926 0
      vertex 15.0927 15.3023 0
    endloop
  endfacet
  facet normal 0.953685 0.300809 0
    outer loop
      vertex 12.4025 13.4186 3
      vertex 12.3579 13.56 0
      vertex 12.3579 13.56 3
    endloop
  endfacet
  facet normal 0.953685 0.300809 0
    outer loop
      vertex 12.3579 13.56 0
      vertex 12.4025 13.4186 3
      vertex 12.4025 13.4186 0
    endloop
  endfacet
  facet normal 0.609026 -0.79315 0
    outer loop
      vertex 12.9073 15.3023 0
      vertex 13.0249 15.3926 3
      vertex 12.9073 15.3023 3
    endloop
  endfacet
  facet normal 0.609026 -0.79315 0
    outer loop
      vertex 13.0249 15.3926 3
      vertex 12.9073 15.3023 0
      vertex 13.0249 15.3926 0
    endloop
  endfacet
  facet normal -0.216431 0.976298 0
    outer loop
      vertex 14.44 12.3579 0
      vertex 14.2952 12.3258 3
      vertex 14.44 12.3579 3
    endloop
  endfacet
  facet normal -0.216431 0.976298 0
    outer loop
      vertex 14.2952 12.3258 3
      vertex 14.44 12.3579 0
      vertex 14.2952 12.3258 0
    endloop
  endfacet
  facet normal 0.382749 0.923853 -0
    outer loop
      vertex 13.4186 12.4025 0
      vertex 13.2815 12.4593 3
      vertex 13.4186 12.4025 3
    endloop
  endfacet
  facet normal 0.382749 0.923853 0
    outer loop
      vertex 13.2815 12.4593 3
      vertex 13.4186 12.4025 0
      vertex 13.2815 12.4593 0
    endloop
  endfacet
  facet normal -0.46199 0.886885 0
    outer loop
      vertex 14.85 12.5278 0
      vertex 14.7185 12.4593 3
      vertex 14.85 12.5278 3
    endloop
  endfacet
  facet normal -0.46199 0.886885 0
    outer loop
      vertex 14.7185 12.4593 3
      vertex 14.85 12.5278 0
      vertex 14.7185 12.4593 0
    endloop
  endfacet
  facet normal 0.0438175 -0.99904 0
    outer loop
      vertex 13.8518 15.6935 0
      vertex 14 15.7 3
      vertex 13.8518 15.6935 3
    endloop
  endfacet
  facet normal 0.0438175 -0.99904 0
    outer loop
      vertex 14 15.7 3
      vertex 13.8518 15.6935 0
      vertex 14 15.7 0
    endloop
  endfacet
  facet normal 0.536832 0.843689 -0
    outer loop
      vertex 13.15 12.5278 0
      vertex 13.0249 12.6074 3
      vertex 13.15 12.5278 3
    endloop
  endfacet
  facet normal 0.536832 0.843689 0
    outer loop
      vertex 13.0249 12.6074 3
      vertex 13.15 12.5278 0
      vertex 13.0249 12.6074 0
    endloop
  endfacet
  facet normal -0.0438175 0.99904 0
    outer loop
      vertex 14.1482 12.3065 0
      vertex 14 12.3 3
      vertex 14.1482 12.3065 3
    endloop
  endfacet
  facet normal -0.0438175 0.99904 0
    outer loop
      vertex 14 12.3 3
      vertex 14.1482 12.3065 0
      vertex 14 12.3 0
    endloop
  endfacet
  facet normal 0.886885 0.46199 0
    outer loop
      vertex 12.5278 13.15 3
      vertex 12.4593 13.2815 0
      vertex 12.4593 13.2815 3
    endloop
  endfacet
  facet normal 0.886885 0.46199 0
    outer loop
      vertex 12.4593 13.2815 0
      vertex 12.5278 13.15 3
      vertex 12.5278 13.15 0
    endloop
  endfacet
  facet normal -0.46199 -0.886885 0
    outer loop
      vertex 14.7185 15.5407 0
      vertex 14.85 15.4722 3
      vertex 14.7185 15.5407 3
    endloop
  endfacet
  facet normal -0.46199 -0.886885 -0
    outer loop
      vertex 14.85 15.4722 3
      vertex 14.7185 15.5407 0
      vertex 14.85 15.4722 0
    endloop
  endfacet
  facet normal -0.675419 0.737434 0
    outer loop
      vertex 15.2021 12.7979 0
      vertex 15.0927 12.6977 3
      vertex 15.2021 12.7979 3
    endloop
  endfacet
  facet normal -0.675419 0.737434 0
    outer loop
      vertex 15.0927 12.6977 3
      vertex 15.2021 12.7979 0
      vertex 15.0927 12.6977 0
    endloop
  endfacet
  facet normal -0.536832 0.843689 0
    outer loop
      vertex 14.9751 12.6074 0
      vertex 14.85 12.5278 3
      vertex 14.9751 12.6074 3
    endloop
  endfacet
  facet normal -0.536832 0.843689 0
    outer loop
      vertex 14.85 12.5278 3
      vertex 14.9751 12.6074 0
      vertex 14.85 12.5278 0
    endloop
  endfacet
  facet normal -0.79315 0.609026 0
    outer loop
      vertex 15.3023 12.9073 0
      vertex 15.3926 13.0249 3
      vertex 15.3926 13.0249 0
    endloop
  endfacet
  facet normal -0.79315 0.609026 0
    outer loop
      vertex 15.3926 13.0249 3
      vertex 15.3023 12.9073 0
      vertex 15.3023 12.9073 3
    endloop
  endfacet
  facet normal 0.99904 -0.0438175 0
    outer loop
      vertex 12.3 14 3
      vertex 12.3065 14.1482 0
      vertex 12.3065 14.1482 3
    endloop
  endfacet
  facet normal 0.99904 -0.0438175 0
    outer loop
      vertex 12.3065 14.1482 0
      vertex 12.3 14 3
      vertex 12.3 14 0
    endloop
  endfacet
  facet normal -0.609026 0.79315 0
    outer loop
      vertex 15.0927 12.6977 0
      vertex 14.9751 12.6074 3
      vertex 15.0927 12.6977 3
    endloop
  endfacet
  facet normal -0.609026 0.79315 0
    outer loop
      vertex 14.9751 12.6074 3
      vertex 15.0927 12.6977 0
      vertex 14.9751 12.6074 0
    endloop
  endfacet
  facet normal -0.923853 -0.382749 0
    outer loop
      vertex 15.5975 14.5814 0
      vertex 15.5407 14.7185 3
      vertex 15.5407 14.7185 0
    endloop
  endfacet
  facet normal -0.923853 -0.382749 0
    outer loop
      vertex 15.5407 14.7185 3
      vertex 15.5975 14.5814 0
      vertex 15.5975 14.5814 3
    endloop
  endfacet
  facet normal -0.737434 -0.675419 0
    outer loop
      vertex 15.3023 15.0927 0
      vertex 15.2021 15.2021 3
      vertex 15.2021 15.2021 0
    endloop
  endfacet
  facet normal -0.737434 -0.675419 0
    outer loop
      vertex 15.2021 15.2021 3
      vertex 15.3023 15.0927 0
      vertex 15.3023 15.0927 3
    endloop
  endfacet
  facet normal 0.923853 -0.382749 0
    outer loop
      vertex 12.4025 14.5814 3
      vertex 12.4593 14.7185 0
      vertex 12.4593 14.7185 3
    endloop
  endfacet
  facet normal 0.923853 -0.382749 0
    outer loop
      vertex 12.4593 14.7185 0
      vertex 12.4025 14.5814 3
      vertex 12.4025 14.5814 0
    endloop
  endfacet
  facet normal -0.382749 0.923853 0
    outer loop
      vertex 14.7185 12.4593 0
      vertex 14.5814 12.4025 3
      vertex 14.7185 12.4593 3
    endloop
  endfacet
  facet normal -0.382749 0.923853 0
    outer loop
      vertex 14.5814 12.4025 3
      vertex 14.7185 12.4593 0
      vertex 14.5814 12.4025 0
    endloop
  endfacet
  facet normal -0.886885 -0.46199 0
    outer loop
      vertex 15.5407 14.7185 0
      vertex 15.4722 14.85 3
      vertex 15.4722 14.85 0
    endloop
  endfacet
  facet normal -0.886885 -0.46199 0
    outer loop
      vertex 15.4722 14.85 3
      vertex 15.5407 14.7185 0
      vertex 15.5407 14.7185 3
    endloop
  endfacet
  facet normal 0.675419 -0.737434 0
    outer loop
      vertex 12.7979 15.2021 0
      vertex 12.9073 15.3023 3
      vertex 12.7979 15.2021 3
    endloop
  endfacet
  facet normal 0.675419 -0.737434 0
    outer loop
      vertex 12.9073 15.3023 3
      vertex 12.7979 15.2021 0
      vertex 12.9073 15.3023 0
    endloop
  endfacet
  facet normal 0.675419 0.737434 -0
    outer loop
      vertex 12.9073 12.6977 0
      vertex 12.7979 12.7979 3
      vertex 12.9073 12.6977 3
    endloop
  endfacet
  facet normal 0.675419 0.737434 0
    outer loop
      vertex 12.7979 12.7979 3
      vertex 12.9073 12.6977 0
      vertex 12.7979 12.7979 0
    endloop
  endfacet
  facet normal -0.130175 -0.991491 0
    outer loop
      vertex 14.1482 15.6935 0
      vertex 14.2952 15.6742 3
      vertex 14.1482 15.6935 3
    endloop
  endfacet
  facet normal -0.130175 -0.991491 -0
    outer loop
      vertex 14.2952 15.6742 3
      vertex 14.1482 15.6935 0
      vertex 14.2952 15.6742 0
    endloop
  endfacet
  facet normal 0.46199 -0.886885 0
    outer loop
      vertex 13.15 15.4722 0
      vertex 13.2815 15.5407 3
      vertex 13.15 15.4722 3
    endloop
  endfacet
  facet normal 0.46199 -0.886885 0
    outer loop
      vertex 13.2815 15.5407 3
      vertex 13.15 15.4722 0
      vertex 13.2815 15.5407 0
    endloop
  endfacet
  facet normal 0.382749 -0.923853 0
    outer loop
      vertex 13.2815 15.5407 0
      vertex 13.4186 15.5975 3
      vertex 13.2815 15.5407 3
    endloop
  endfacet
  facet normal 0.382749 -0.923853 0
    outer loop
      vertex 13.4186 15.5975 3
      vertex 13.2815 15.5407 0
      vertex 13.4186 15.5975 0
    endloop
  endfacet
  facet normal 0.991491 -0.130175 0
    outer loop
      vertex 12.3065 14.1482 3
      vertex 12.3258 14.2952 0
      vertex 12.3258 14.2952 3
    endloop
  endfacet
  facet normal 0.991491 -0.130175 0
    outer loop
      vertex 12.3258 14.2952 0
      vertex 12.3065 14.1482 3
      vertex 12.3065 14.1482 0
    endloop
  endfacet
  facet normal 0.976298 -0.216431 0
    outer loop
      vertex 12.3258 14.2952 3
      vertex 12.3579 14.44 0
      vertex 12.3579 14.44 3
    endloop
  endfacet
  facet normal 0.976298 -0.216431 0
    outer loop
      vertex 12.3579 14.44 0
      vertex 12.3258 14.2952 3
      vertex 12.3258 14.2952 0
    endloop
  endfacet
  facet normal -0.923853 0.382749 0
    outer loop
      vertex 15.5407 13.2815 0
      vertex 15.5975 13.4186 3
      vertex 15.5975 13.4186 0
    endloop
  endfacet
  facet normal -0.923853 0.382749 0
    outer loop
      vertex 15.5975 13.4186 3
      vertex 15.5407 13.2815 0
      vertex 15.5407 13.2815 3
    endloop
  endfacet
  facet normal -0.216431 -0.976298 0
    outer loop
      vertex 14.2952 15.6742 0
      vertex 14.44 15.6421 3
      vertex 14.2952 15.6742 3
    endloop
  endfacet
  facet normal -0.216431 -0.976298 -0
    outer loop
      vertex 14.44 15.6421 3
      vertex 14.2952 15.6742 0
      vertex 14.44 15.6421 0
    endloop
  endfacet
  facet normal 0.79315 -0.609026 0
    outer loop
      vertex 12.6074 14.9751 3
      vertex 12.6977 15.0927 0
      vertex 12.6977 15.0927 3
    endloop
  endfacet
  facet normal 0.79315 -0.609026 0
    outer loop
      vertex 12.6977 15.0927 0
      vertex 12.6074 14.9751 3
      vertex 12.6074 14.9751 0
    endloop
  endfacet
  facet normal 0.99904 0.0438175 0
    outer loop
      vertex 12.3065 13.8518 3
      vertex 12.3 14 0
      vertex 12.3 14 3
    endloop
  endfacet
  facet normal 0.99904 0.0438175 0
    outer loop
      vertex 12.3 14 0
      vertex 12.3065 13.8518 3
      vertex 12.3065 13.8518 0
    endloop
  endfacet
  facet normal 0.46199 0.886885 -0
    outer loop
      vertex 13.2815 12.4593 0
      vertex 13.15 12.5278 3
      vertex 13.2815 12.4593 3
    endloop
  endfacet
  facet normal 0.46199 0.886885 0
    outer loop
      vertex 13.15 12.5278 3
      vertex 13.2815 12.4593 0
      vertex 13.15 12.5278 0
    endloop
  endfacet
  facet normal -0.0438175 -0.99904 0
    outer loop
      vertex 14 15.7 0
      vertex 14.1482 15.6935 3
      vertex 14 15.7 3
    endloop
  endfacet
  facet normal -0.0438175 -0.99904 -0
    outer loop
      vertex 14.1482 15.6935 3
      vertex 14 15.7 0
      vertex 14.1482 15.6935 0
    endloop
  endfacet
  facet normal -0.976298 0.216431 0
    outer loop
      vertex 15.6421 13.56 0
      vertex 15.6742 13.7048 3
      vertex 15.6742 13.7048 0
    endloop
  endfacet
  facet normal -0.976298 0.216431 0
    outer loop
      vertex 15.6742 13.7048 3
      vertex 15.6421 13.56 0
      vertex 15.6421 13.56 3
    endloop
  endfacet
  facet normal 0.737434 0.675419 0
    outer loop
      vertex 12.7979 12.7979 3
      vertex 12.6977 12.9073 0
      vertex 12.6977 12.9073 3
    endloop
  endfacet
  facet normal 0.737434 0.675419 0
    outer loop
      vertex 12.6977 12.9073 0
      vertex 12.7979 12.7979 3
      vertex 12.7979 12.7979 0
    endloop
  endfacet
  facet normal 0.976298 0.216431 0
    outer loop
      vertex 12.3579 13.56 3
      vertex 12.3258 13.7048 0
      vertex 12.3258 13.7048 3
    endloop
  endfacet
  facet normal 0.976298 0.216431 0
    outer loop
      vertex 12.3258 13.7048 0
      vertex 12.3579 13.56 3
      vertex 12.3579 13.56 0
    endloop
  endfacet
  facet normal -0.886885 0.46199 0
    outer loop
      vertex 15.4722 13.15 0
      vertex 15.5407 13.2815 3
      vertex 15.5407 13.2815 0
    endloop
  endfacet
  facet normal -0.886885 0.46199 0
    outer loop
      vertex 15.5407 13.2815 3
      vertex 15.4722 13.15 0
      vertex 15.4722 13.15 3
    endloop
  endfacet
  facet normal -0.382749 -0.923853 0
    outer loop
      vertex 14.5814 15.5975 0
      vertex 14.7185 15.5407 3
      vertex 14.5814 15.5975 3
    endloop
  endfacet
  facet normal -0.382749 -0.923853 -0
    outer loop
      vertex 14.7185 15.5407 3
      vertex 14.5814 15.5975 0
      vertex 14.7185 15.5407 0
    endloop
  endfacet
  facet normal -0.300809 -0.953685 0
    outer loop
      vertex 14.44 15.6421 0
      vertex 14.5814 15.5975 3
      vertex 14.44 15.6421 3
    endloop
  endfacet
  facet normal -0.300809 -0.953685 -0
    outer loop
      vertex 14.5814 15.5975 3
      vertex 14.44 15.6421 0
      vertex 14.5814 15.5975 0
    endloop
  endfacet
  facet normal 0.737434 -0.675419 0
    outer loop
      vertex 12.6977 15.0927 3
      vertex 12.7979 15.2021 0
      vertex 12.7979 15.2021 3
    endloop
  endfacet
  facet normal 0.737434 -0.675419 0
    outer loop
      vertex 12.7979 15.2021 0
      vertex 12.6977 15.0927 3
      vertex 12.6977 15.0927 0
    endloop
  endfacet
  facet normal 0.130175 -0.991491 0
    outer loop
      vertex 13.7048 15.6742 0
      vertex 13.8518 15.6935 3
      vertex 13.7048 15.6742 3
    endloop
  endfacet
  facet normal 0.130175 -0.991491 0
    outer loop
      vertex 13.8518 15.6935 3
      vertex 13.7048 15.6742 0
      vertex 13.8518 15.6935 0
    endloop
  endfacet
  facet normal 0.609026 0.79315 -0
    outer loop
      vertex 13.0249 12.6074 0
      vertex 12.9073 12.6977 3
      vertex 13.0249 12.6074 3
    endloop
  endfacet
  facet normal 0.609026 0.79315 0
    outer loop
      vertex 12.9073 12.6977 3
      vertex 13.0249 12.6074 0
      vertex 12.9073 12.6977 0
    endloop
  endfacet
  facet normal -0.843689 0.536832 0
    outer loop
      vertex 15.3926 13.0249 0
      vertex 15.4722 13.15 3
      vertex 15.4722 13.15 0
    endloop
  endfacet
  facet normal -0.843689 0.536832 0
    outer loop
      vertex 15.4722 13.15 3
      vertex 15.3926 13.0249 0
      vertex 15.3926 13.0249 3
    endloop
  endfacet
  facet normal 0.300809 0.953685 -0
    outer loop
      vertex 13.56 12.3579 0
      vertex 13.4186 12.4025 3
      vertex 13.56 12.3579 3
    endloop
  endfacet
  facet normal 0.300809 0.953685 0
    outer loop
      vertex 13.4186 12.4025 3
      vertex 13.56 12.3579 0
      vertex 13.4186 12.4025 0
    endloop
  endfacet
  facet normal 0.991491 0.130175 0
    outer loop
      vertex 12.3258 13.7048 3
      vertex 12.3065 13.8518 0
      vertex 12.3065 13.8518 3
    endloop
  endfacet
  facet normal 0.991491 0.130175 0
    outer loop
      vertex 12.3065 13.8518 0
      vertex 12.3258 13.7048 3
      vertex 12.3258 13.7048 0
    endloop
  endfacet
  facet normal 0.843689 0.536832 0
    outer loop
      vertex 12.6074 13.0249 3
      vertex 12.5278 13.15 0
      vertex 12.5278 13.15 3
    endloop
  endfacet
  facet normal 0.843689 0.536832 0
    outer loop
      vertex 12.5278 13.15 0
      vertex 12.6074 13.0249 3
      vertex 12.6074 13.0249 0
    endloop
  endfacet
  facet normal 0.886885 -0.46199 0
    outer loop
      vertex 12.4593 14.7185 3
      vertex 12.5278 14.85 0
      vertex 12.5278 14.85 3
    endloop
  endfacet
  facet normal 0.886885 -0.46199 0
    outer loop
      vertex 12.5278 14.85 0
      vertex 12.4593 14.7185 3
      vertex 12.4593 14.7185 0
    endloop
  endfacet
  facet normal -0.991491 0.130175 0
    outer loop
      vertex 15.6742 13.7048 0
      vertex 15.6935 13.8518 3
      vertex 15.6935 13.8518 0
    endloop
  endfacet
  facet normal -0.991491 0.130175 0
    outer loop
      vertex 15.6935 13.8518 3
      vertex 15.6742 13.7048 0
      vertex 15.6742 13.7048 3
    endloop
  endfacet
  facet normal -0.737434 0.675419 0
    outer loop
      vertex 15.2021 12.7979 0
      vertex 15.3023 12.9073 3
      vertex 15.3023 12.9073 0
    endloop
  endfacet
  facet normal -0.737434 0.675419 0
    outer loop
      vertex 15.3023 12.9073 3
      vertex 15.2021 12.7979 0
      vertex 15.2021 12.7979 3
    endloop
  endfacet
  facet normal 0.0438175 0.99904 -0
    outer loop
      vertex 14 12.3 0
      vertex 13.8518 12.3065 3
      vertex 14 12.3 3
    endloop
  endfacet
  facet normal 0.0438175 0.99904 0
    outer loop
      vertex 13.8518 12.3065 3
      vertex 14 12.3 0
      vertex 13.8518 12.3065 0
    endloop
  endfacet
  facet normal 0.130175 0.991491 -0
    outer loop
      vertex 13.8518 12.3065 0
      vertex 13.7048 12.3258 3
      vertex 13.8518 12.3065 3
    endloop
  endfacet
  facet normal 0.130175 0.991491 0
    outer loop
      vertex 13.7048 12.3258 3
      vertex 13.8518 12.3065 0
      vertex 13.7048 12.3258 0
    endloop
  endfacet
  facet normal 0.843689 -0.536832 0
    outer loop
      vertex 12.5278 14.85 3
      vertex 12.6074 14.9751 0
      vertex 12.6074 14.9751 3
    endloop
  endfacet
  facet normal 0.843689 -0.536832 0
    outer loop
      vertex 12.6074 14.9751 0
      vertex 12.5278 14.85 3
      vertex 12.5278 14.85 0
    endloop
  endfacet
  facet normal 0 1 -0
    outer loop
      vertex 15.732 11 3
      vertex 12.268 11 6
      vertex 15.732 11 6
    endloop
  endfacet
  facet normal 0 1 0
    outer loop
      vertex 12.268 11 6
      vertex 15.732 11 3
      vertex 12.268 11 3
    endloop
  endfacet
  facet normal -0.866019 0.500011 0
    outer loop
      vertex 15.732 11 3
      vertex 17.4641 14 6
      vertex 17.4641 14 3
    endloop
  endfacet
  facet normal -0.866019 0.500011 0
    outer loop
      vertex 17.4641 14 6
      vertex 15.732 11 3
      vertex 15.732 11 6
    endloop
  endfacet
  facet normal 0 -1 0
    outer loop
      vertex 12.268 17 3
      vertex 15.732 17 6
      vertex 12.268 17 6
    endloop
  endfacet
  facet normal 0 -1 -0
    outer loop
      vertex 15.732 17 6
      vertex 12.268 17 3
      vertex 15.732 17 3
    endloop
  endfacet
  facet normal -0.866019 -0.500011 0
    outer loop
      vertex 17.4641 14 3
      vertex 15.732 17 6
      vertex 15.732 17 3
    endloop
  endfacet
  facet normal -0.866019 -0.500011 0
    outer loop
      vertex 15.732 17 6
      vertex 17.4641 14 3
      vertex 17.4641 14 6
    endloop
  endfacet
  facet normal 0.866019 -0.500011 0
    outer loop
      vertex 10.5359 14 6
      vertex 12.268 17 3
      vertex 12.268 17 6
    endloop
  endfacet
  facet normal 0.866019 -0.500011 0
    outer loop
      vertex 12.268 17 3
      vertex 10.5359 14 6
      vertex 10.5359 14 3
    endloop
  endfacet
  facet normal 0.866019 0.500011 0
    outer loop
      vertex 12.268 11 6
      vertex 10.5359 14 3
      vertex 10.5359 14 6
    endloop
  endfacet
  facet normal 0.866019 0.500011 0
    outer loop
      vertex 10.5359 14 3
      vertex 12.268 11 6
      vertex 12.268 11 3
    endloop
  endfacet
  facet normal -0 0 1
    outer loop
      vertex 15.4722 14.85 3
      vertex 17.4641 14 3
      vertex 15.732 17 3
    endloop
  endfacet
  facet normal 0 0 1
    outer loop
      vertex 15.6935 13.8518 3
      vertex 17.4641 14 3
      vertex 15.7 14 3
    endloop
  endfacet
  facet normal 0 0 1
    outer loop
      vertex 17.4641 14 3
      vertex 15.6935 14.1482 3
      vertex 15.7 14 3
    endloop
  endfacet
  facet normal 0 0 1
    outer loop
      vertex 17.4641 14 3
      vertex 15.6742 14.2952 3
      vertex 15.6935 14.1482 3
    endloop
  endfacet
  facet normal 0 0 1
    outer loop
      vertex 17.4641 14 3
      vertex 15.6421 14.44 3
      vertex 15.6742 14.2952 3
    endloop
  endfacet
  facet normal 0 0 1
    outer loop
      vertex 17.4641 14 3
      vertex 15.5975 14.5814 3
      vertex 15.6421 14.44 3
    endloop
  endfacet
  facet normal 0 0 1
    outer loop
      vertex 17.4641 14 3
      vertex 15.5407 14.7185 3
      vertex 15.5975 14.5814 3
    endloop
  endfacet
  facet normal 0 0 1
    outer loop
      vertex 17.4641 14 3
      vertex 15.4722 14.85 3
      vertex 15.5407 14.7185 3
    endloop
  endfacet
  facet normal 0 0 1
    outer loop
      vertex 15.732 17 3
      vertex 15.3926 14.9751 3
      vertex 15.4722 14.85 3
    endloop
  endfacet
  facet normal 0 0 1
    outer loop
      vertex 15.732 17 3
      vertex 15.3023 15.0927 3
      vertex 15.3926 14.9751 3
    endloop
  endfacet
  facet normal 0 0 1
    outer loop
      vertex 15.732 17 3
      vertex 15.2021 15.2021 3
      vertex 15.3023 15.0927 3
    endloop
  endfacet
  facet normal 0 0 1
    outer loop
      vertex 15.732 17 3
      vertex 15.0927 15.3023 3
      vertex 15.2021 15.2021 3
    endloop
  endfacet
  facet normal 0 0 1
    outer loop
      vertex 15.732 17 3
      vertex 14.9751 15.3926 3
      vertex 15.0927 15.3023 3
    endloop
  endfacet
  facet normal 0 0 1
    outer loop
      vertex 15.732 17 3
      vertex 14.85 15.4722 3
      vertex 14.9751 15.3926 3
    endloop
  endfacet
  facet normal 0 0 1
    outer loop
      vertex 15.732 17 3
      vertex 14.7185 15.5407 3
      vertex 14.85 15.4722 3
    endloop
  endfacet
  facet normal 0 0 1
    outer loop
      vertex 15.732 17 3
      vertex 14.5814 15.5975 3
      vertex 14.7185 15.5407 3
    endloop
  endfacet
  facet normal 0 0 1
    outer loop
      vertex 15.732 17 3
      vertex 14.44 15.6421 3
      vertex 14.5814 15.5975 3
    endloop
  endfacet
  facet normal 0 0 1
    outer loop
      vertex 15.732 17 3
      vertex 14.2952 15.6742 3
      vertex 14.44 15.6421 3
    endloop
  endfacet
  facet normal 0 0 1
    outer loop
      vertex 15.732 17 3
      vertex 14.1482 15.6935 3
      vertex 14.2952 15.6742 3
    endloop
  endfacet
  facet normal 0 0 1
    outer loop
      vertex 15.732 17 3
      vertex 14 15.7 3
      vertex 14.1482 15.6935 3
    endloop
  endfacet
  facet normal -0 0 1
    outer loop
      vertex 12.268 17 3
      vertex 14 15.7 3
      vertex 15.732 17 3
    endloop
  endfacet
  facet normal 0 0 1
    outer loop
      vertex 14 15.7 3
      vertex 12.268 17 3
      vertex 13.8518 15.6935 3
    endloop
  endfacet
  facet normal 0 0 1
    outer loop
      vertex 13.8518 15.6935 3
      vertex 12.268 17 3
      vertex 13.7048 15.6742 3
    endloop
  endfacet
  facet normal 0 0 1
    outer loop
      vertex 13.7048 15.6742 3
      vertex 12.268 17 3
      vertex 13.56 15.6421 3
    endloop
  endfacet
  facet normal 0 0 1
    outer loop
      vertex 13.56 15.6421 3
      vertex 12.268 17 3
      vertex 13.4186 15.5975 3
    endloop
  endfacet
  facet normal 0 0 1
    outer loop
      vertex 13.4186 15.5975 3
      vertex 12.268 17 3
      vertex 13.2815 15.5407 3
    endloop
  endfacet
  facet normal 0 0 1
    outer loop
      vertex 12.3258 14.2952 3
      vertex 10.5359 14 3
      vertex 12.3065 14.1482 3
    endloop
  endfacet
  facet normal 0 0 1
    outer loop
      vertex 12.3579 14.44 3
      vertex 10.5359 14 3
      vertex 12.3258 14.2952 3
    endloop
  endfacet
  facet normal 0 0 1
    outer loop
      vertex 12.4025 14.5814 3
      vertex 10.5359 14 3
      vertex 12.3579 14.44 3
    endloop
  endfacet
  facet normal 0 0 1
    outer loop
      vertex 12.4593 14.7185 3
      vertex 10.5359 14 3
      vertex 12.4025 14.5814 3
    endloop
  endfacet
  facet normal 0 0 1
    outer loop
      vertex 12.5278 14.85 3
      vertex 10.5359 14 3
      vertex 12.4593 14.7185 3
    endloop
  endfacet
  facet normal 0 0 1
    outer loop
      vertex 10.5359 14 3
      vertex 12.5278 14.85 3
      vertex 12.268 17 3
    endloop
  endfacet
  facet normal 0 0 1
    outer loop
      vertex 12.6074 14.9751 3
      vertex 12.268 17 3
      vertex 12.5278 14.85 3
    endloop
  endfacet
  facet normal 0 0 1
    outer loop
      vertex 12.6977 15.0927 3
      vertex 12.268 17 3
      vertex 12.6074 14.9751 3
    endloop
  endfacet
  facet normal 0 0 1
    outer loop
      vertex 12.7979 15.2021 3
      vertex 12.268 17 3
      vertex 12.6977 15.0927 3
    endloop
  endfacet
  facet normal 0 0 1
    outer loop
      vertex 12.9073 15.3023 3
      vertex 12.268 17 3
      vertex 12.7979 15.2021 3
    endloop
  endfacet
  facet normal 0 0 1
    outer loop
      vertex 13.0249 15.3926 3
      vertex 12.268 17 3
      vertex 12.9073 15.3023 3
    endloop
  endfacet
  facet normal 0 0 1
    outer loop
      vertex 13.15 15.4722 3
      vertex 12.268 17 3
      vertex 13.0249 15.3926 3
    endloop
  endfacet
  facet normal 0 0 1
    outer loop
      vertex 13.2815 15.5407 3
      vertex 12.268 17 3
      vertex 13.15 15.4722 3
    endloop
  endfacet
  facet normal 0 0 1
    outer loop
      vertex 15.6742 13.7048 3
      vertex 17.4641 14 3
      vertex 15.6935 13.8518 3
    endloop
  endfacet
  facet normal 0 0 1
    outer loop
      vertex 15.6421 13.56 3
      vertex 17.4641 14 3
      vertex 15.6742 13.7048 3
    endloop
  endfacet
  facet normal 0 0 1
    outer loop
      vertex 15.5975 13.4186 3
      vertex 17.4641 14 3
      vertex 15.6421 13.56 3
    endloop
  endfacet
  facet normal 0 0 1
    outer loop
      vertex 15.5407 13.2815 3
      vertex 17.4641 14 3
      vertex 15.5975 13.4186 3
    endloop
  endfacet
  facet normal 0 0 1
    outer loop
      vertex 15.4722 13.15 3
      vertex 17.4641 14 3
      vertex 15.5407 13.2815 3
    endloop
  endfacet
  facet normal 0 0 1
    outer loop
      vertex 17.4641 14 3
      vertex 15.4722 13.15 3
      vertex 15.732 11 3
    endloop
  endfacet
  facet normal -0 0 1
    outer loop
      vertex 15.3926 13.0249 3
      vertex 15.732 11 3
      vertex 15.4722 13.15 3
    endloop
  endfacet
  facet normal -0 0 1
    outer loop
      vertex 15.3023 12.9073 3
      vertex 15.732 11 3
      vertex 15.3926 13.0249 3
    endloop
  endfacet
  facet normal -0 0 1
    outer loop
      vertex 15.2021 12.7979 3
      vertex 15.732 11 3
      vertex 15.3023 12.9073 3
    endloop
  endfacet
  facet normal -0 0 1
    outer loop
      vertex 15.0927 12.6977 3
      vertex 15.732 11 3
      vertex 15.2021 12.7979 3
    endloop
  endfacet
  facet normal -0 0 1
    outer loop
      vertex 14.9751 12.6074 3
      vertex 15.732 11 3
      vertex 15.0927 12.6977 3
    endloop
  endfacet
  facet normal -0 0 1
    outer loop
      vertex 14.85 12.5278 3
      vertex 15.732 11 3
      vertex 14.9751 12.6074 3
    endloop
  endfacet
  facet normal -0 0 1
    outer loop
      vertex 14.7185 12.4593 3
      vertex 15.732 11 3
      vertex 14.85 12.5278 3
    endloop
  endfacet
  facet normal -0 0 1
    outer loop
      vertex 14.5814 12.4025 3
      vertex 15.732 11 3
      vertex 14.7185 12.4593 3
    endloop
  endfacet
  facet normal -0 0 1
    outer loop
      vertex 14.44 12.3579 3
      vertex 15.732 11 3
      vertex 14.5814 12.4025 3
    endloop
  endfacet
  facet normal -0 0 1
    outer loop
      vertex 14.2952 12.3258 3
      vertex 15.732 11 3
      vertex 14.44 12.3579 3
    endloop
  endfacet
  facet normal -0 0 1
    outer loop
      vertex 14.1482 12.3065 3
      vertex 15.732 11 3
      vertex 14.2952 12.3258 3
    endloop
  endfacet
  facet normal -0 0 1
    outer loop
      vertex 14 12.3 3
      vertex 15.732 11 3
      vertex 14.1482 12.3065 3
    endloop
  endfacet
  facet normal 0 0 1
    outer loop
      vertex 12.268 11 3
      vertex 14 12.3 3
      vertex 13.8518 12.3065 3
    endloop
  endfacet
  facet normal 0 0 1
    outer loop
      vertex 12.268 11 3
      vertex 13.8518 12.3065 3
      vertex 13.7048 12.3258 3
    endloop
  endfacet
  facet normal 0 0 1
    outer loop
      vertex 12.268 11 3
      vertex 13.7048 12.3258 3
      vertex 13.56 12.3579 3
    endloop
  endfacet
  facet normal 0 0 1
    outer loop
      vertex 12.268 11 3
      vertex 13.56 12.3579 3
      vertex 13.4186 12.4025 3
    endloop
  endfacet
  facet normal 0 0 1
    outer loop
      vertex 12.268 11 3
      vertex 13.4186 12.4025 3
      vertex 13.2815 12.4593 3
    endloop
  endfacet
  facet normal 0 0 1
    outer loop
      vertex 12.268 11 3
      vertex 13.2815 12.4593 3
      vertex 13.15 12.5278 3
    endloop
  endfacet
  facet normal 0 0 1
    outer loop
      vertex 14 12.3 3
      vertex 12.268 11 3
      vertex 15.732 11 3
    endloop
  endfacet
  facet normal 0 0 1
    outer loop
      vertex 13.0249 12.6074 3
      vertex 12.268 11 3
      vertex 13.15 12.5278 3
    endloop
  endfacet
  facet normal 0 0 1
    outer loop
      vertex 12.9073 12.6977 3
      vertex 12.268 11 3
      vertex 13.0249 12.6074 3
    endloop
  endfacet
  facet normal 0 0 1
    outer loop
      vertex 12.7979 12.7979 3
      vertex 12.268 11 3
      vertex 12.9073 12.6977 3
    endloop
  endfacet
  facet normal 0 0 1
    outer loop
      vertex 12.6977 12.9073 3
      vertex 12.268 11 3
      vertex 12.7979 12.7979 3
    endloop
  endfacet
  facet normal 0 0 1
    outer loop
      vertex 12.6074 13.0249 3
      vertex 12.268 11 3
      vertex 12.6977 12.9073 3
    endloop
  endfacet
  facet normal 0 0 1
    outer loop
      vertex 12.5278 13.15 3
      vertex 12.268 11 3
      vertex 12.6074 13.0249 3
    endloop
  endfacet
  facet normal 0 0 1
    outer loop
      vertex 10.5359 14 3
      vertex 12.5278 13.15 3
      vertex 12.4593 13.2815 3
    endloop
  endfacet
  facet normal 0 0 1
    outer loop
      vertex 10.5359 14 3
      vertex 12.4593 13.2815 3
      vertex 12.4025 13.4186 3
    endloop
  endfacet
  facet normal 0 0 1
    outer loop
      vertex 10.5359 14 3
      vertex 12.4025 13.4186 3
      vertex 12.3579 13.56 3
    endloop
  endfacet
  facet normal 0 0 1
    outer loop
      vertex 10.5359 14 3
      vertex 12.3579 13.56 3
      vertex 12.3258 13.7048 3
    endloop
  endfacet
  facet normal 0 0 1
    outer loop
      vertex 10.5359 14 3
      vertex 12.3258 13.7048 3
      vertex 12.3065 13.8518 3
    endloop
  endfacet
  facet normal -0 0 1
    outer loop
      vertex 10.5359 14 3
      vertex 12.3065 13.8518 3
      vertex 12.3 14 3
    endloop
  endfacet
  facet normal 0 0 1
    outer loop
      vertex 12.3065 14.1482 3
      vertex 10.5359 14 3
      vertex 12.3 14 3
    endloop
  endfacet
  facet normal 0 0 1
    outer loop
      vertex 12.5278 13.15 3
      vertex 10.5359 14 3
      vertex 12.268 11 3
    endloop
  endfacet
  facet normal 0.1305 -0.991448 0
    outer loop
      vertex -0.225742 19.2803 54
      vertex -0.113302 19.2951 47.3806
      vertex -0.113302 19.2951 54
    endloop
  endfacet
  facet normal 0.1305 -0.991448 0
    outer loop
      vertex -0.113302 19.2951 47.3806
      vertex -0.225742 19.2803 54
      vertex -0.225742 19.2803 47.3685
    endloop
  endfacet
  facet normal 0.0432069 -0.999066 0
    outer loop
      vertex -0.113302 19.2951 54
      vertex 0 19.3 47.3846
      vertex 0 19.3 54
    endloop
  endfacet
  facet normal 0.0432069 -0.999066 0
    outer loop
      vertex 0 19.3 47.3846
      vertex -0.113302 19.2951 54
      vertex -0.113302 19.2951 47.3806
    endloop
  endfacet
  facet normal 0.216889 -0.976196 0
    outer loop
      vertex -0.336464 19.2557 54
      vertex -0.225742 19.2803 47.3685
      vertex -0.225742 19.2803 54
    endloop
  endfacet
  facet normal 0.216889 -0.976196 0
    outer loop
      vertex -0.225742 19.2803 47.3685
      vertex -0.336464 19.2557 54
      vertex -0.336464 19.2557 47.3484
    endloop
  endfacet
  facet normal -0.0432069 -0.999066 0
    outer loop
      vertex 0 19.3 47.3846
      vertex 0.113302 19.2951 54
      vertex 0 19.3 54
    endloop
  endfacet
  facet normal -0.0432069 -0.999066 -0
    outer loop
      vertex 0.113302 19.2951 54
      vertex 0 19.3 47.3846
      vertex 0.113302 19.2951 47.3806
    endloop
  endfacet
  facet normal 0.991442 -0.130546 0
    outer loop
      vertex -1.29505 18.1133 54
      vertex -1.28025 18.2257 46.5066
      vertex -1.28025 18.2257 54
    endloop
  endfacet
  facet normal 0.991442 -0.130546 0
    outer loop
      vertex -1.28025 18.2257 46.5066
      vertex -1.29505 18.1133 54
      vertex -1.29505 18.1133 46.4147
    endloop
  endfacet
  facet normal 0.976322 0.216324 0
    outer loop
      vertex -1.2557 17.6635 54
      vertex -1.28025 17.7743 46.1376
      vertex -1.28025 17.7743 54
    endloop
  endfacet
  facet normal 0.976322 0.216324 0
    outer loop
      vertex -1.28025 17.7743 46.1376
      vertex -1.2557 17.6635 54
      vertex -1.2557 17.6635 46.0471
    endloop
  endfacet
  facet normal 0.216889 0.976196 0
    outer loop
      vertex -0.225742 16.7197 54
      vertex -0.336464 16.7443 45.2958
      vertex -0.336464 16.7443 54
    endloop
  endfacet
  facet normal 0.216889 0.976196 0
    outer loop
      vertex -0.336464 16.7443 45.2958
      vertex -0.225742 16.7197 54
      vertex -0.225742 16.7197 45.2758
    endloop
  endfacet
  facet normal 0.675982 -0.736918 0
    outer loop
      vertex -0.919238 18.9192 54
      vertex -0.835624 18.9959 47.136
      vertex -0.835624 18.9959 54
    endloop
  endfacet
  facet normal 0.675982 -0.736918 0
    outer loop
      vertex -0.835624 18.9959 47.136
      vertex -0.919238 18.9192 54
      vertex -0.919238 18.9192 47.0734
    endloop
  endfacet
  facet normal -0.461974 0.886893 0
    outer loop
      vertex 0.65 16.8742 45.402
      vertex 0.549403 16.8218 54
      vertex 0.65 16.8742 54
    endloop
  endfacet
  facet normal -0.461974 0.886893 0
    outer loop
      vertex 0.549403 16.8218 54
      vertex 0.65 16.8742 45.402
      vertex 0.549403 16.8218 45.3592
    endloop
  endfacet
  facet normal -0.999047 -0.0436477 -0
    outer loop
      vertex 1.3 18 54
      vertex 1.29505 18.1133 46.4147
      vertex 1.3 18 46.3221
    endloop
  endfacet
  facet normal -0.999047 -0.0436477 0
    outer loop
      vertex 1.29505 18.1133 46.4147
      vertex 1.3 18 54
      vertex 1.29505 18.1133 54
    endloop
  endfacet
  facet normal -0.675982 0.736918 0
    outer loop
      vertex 0.919238 17.0808 45.5708
      vertex 0.835624 17.0041 54
      vertex 0.919238 17.0808 54
    endloop
  endfacet
  facet normal -0.675982 0.736918 0
    outer loop
      vertex 0.835624 17.0041 54
      vertex 0.919238 17.0808 45.5708
      vertex 0.835624 17.0041 45.5082
    endloop
  endfacet
  facet normal -0.976322 0.216324 0
    outer loop
      vertex 1.2557 17.6635 54
      vertex 1.28025 17.7743 46.1376
      vertex 1.2557 17.6635 46.0471
    endloop
  endfacet
  facet normal -0.976322 0.216324 0
    outer loop
      vertex 1.28025 17.7743 46.1376
      vertex 1.2557 17.6635 54
      vertex 1.28025 17.7743 54
    endloop
  endfacet
  facet normal -0.461974 -0.886893 0
    outer loop
      vertex 0.549403 19.1782 47.2851
      vertex 0.65 19.1258 54
      vertex 0.549403 19.1782 54
    endloop
  endfacet
  facet normal -0.461974 -0.886893 -0
    outer loop
      vertex 0.65 19.1258 54
      vertex 0.549403 19.1782 47.2851
      vertex 0.65 19.1258 47.2423
    endloop
  endfacet
  facet normal 0.976322 -0.216324 0
    outer loop
      vertex -1.28025 18.2257 54
      vertex -1.2557 18.3365 46.5971
      vertex -1.2557 18.3365 54
    endloop
  endfacet
  facet normal 0.976322 -0.216324 0
    outer loop
      vertex -1.2557 18.3365 46.5971
      vertex -1.28025 18.2257 54
      vertex -1.28025 18.2257 46.5066
    endloop
  endfacet
  facet normal -0.737217 0.675656 0
    outer loop
      vertex 0.919238 17.0808 54
      vertex 0.995857 17.1644 45.6392
      vertex 0.919238 17.0808 45.5708
    endloop
  endfacet
  facet normal -0.737217 0.675656 0
    outer loop
      vertex 0.995857 17.1644 45.6392
      vertex 0.919238 17.0808 54
      vertex 0.995857 17.1644 54
    endloop
  endfacet
  facet normal 0.300679 0.953725 0
    outer loop
      vertex -0.336464 16.7443 54
      vertex -0.444626 16.7784 45.3237
      vertex -0.444626 16.7784 54
    endloop
  endfacet
  facet normal 0.300679 0.953725 0
    outer loop
      vertex -0.444626 16.7784 45.3237
      vertex -0.336464 16.7443 54
      vertex -0.336464 16.7443 45.2958
    endloop
  endfacet
  facet normal 0.300679 -0.953725 0
    outer loop
      vertex -0.444626 19.2216 54
      vertex -0.336464 19.2557 47.3484
      vertex -0.336464 19.2557 54
    endloop
  endfacet
  facet normal 0.300679 -0.953725 0
    outer loop
      vertex -0.336464 19.2557 47.3484
      vertex -0.444626 19.2216 54
      vertex -0.444626 19.2216 47.3205
    endloop
  endfacet
  facet normal 0.537079 0.843532 0
    outer loop
      vertex -0.65 16.8742 54
      vertex -0.745649 16.9351 45.4518
      vertex -0.745649 16.9351 54
    endloop
  endfacet
  facet normal 0.537079 0.843532 0
    outer loop
      vertex -0.745649 16.9351 45.4518
      vertex -0.65 16.8742 54
      vertex -0.65 16.8742 45.402
    endloop
  endfacet
  facet normal 0.843542 0.537064 0
    outer loop
      vertex -1.0649 17.2543 54
      vertex -1.12583 17.35 45.7909
      vertex -1.12583 17.35 54
    endloop
  endfacet
  facet normal 0.843542 0.537064 0
    outer loop
      vertex -1.12583 17.35 45.7909
      vertex -1.0649 17.2543 54
      vertex -1.0649 17.2543 45.7127
    endloop
  endfacet
  facet normal -0.216889 -0.976196 0
    outer loop
      vertex 0.225742 19.2803 47.3685
      vertex 0.336464 19.2557 54
      vertex 0.225742 19.2803 54
    endloop
  endfacet
  facet normal -0.216889 -0.976196 -0
    outer loop
      vertex 0.336464 19.2557 54
      vertex 0.225742 19.2803 47.3685
      vertex 0.336464 19.2557 47.3484
    endloop
  endfacet
  facet normal 0.382683 -0.92388 0
    outer loop
      vertex -0.549403 19.1782 54
      vertex -0.444626 19.2216 47.3205
      vertex -0.444626 19.2216 54
    endloop
  endfacet
  facet normal 0.382683 -0.92388 0
    outer loop
      vertex -0.444626 19.2216 47.3205
      vertex -0.549403 19.1782 54
      vertex -0.549403 19.1782 47.2851
    endloop
  endfacet
  facet normal 0.675982 0.736918 0
    outer loop
      vertex -0.835624 17.0041 54
      vertex -0.919238 17.0808 45.5708
      vertex -0.919238 17.0808 54
    endloop
  endfacet
  facet normal 0.675982 0.736918 0
    outer loop
      vertex -0.919238 17.0808 45.5708
      vertex -0.835624 17.0041 54
      vertex -0.835624 17.0041 45.5082
    endloop
  endfacet
  facet normal 0.923909 -0.382611 0
    outer loop
      vertex -1.2216 18.4446 54
      vertex -1.1782 18.5494 46.7711
      vertex -1.1782 18.5494 54
    endloop
  endfacet
  facet normal 0.923909 -0.382611 0
    outer loop
      vertex -1.1782 18.5494 46.7711
      vertex -1.2216 18.4446 54
      vertex -1.2216 18.4446 46.6855
    endloop
  endfacet
  facet normal 0.887007 0.461755 0
    outer loop
      vertex -1.12583 17.35 54
      vertex -1.1782 17.4506 45.8731
      vertex -1.1782 17.4506 54
    endloop
  endfacet
  facet normal 0.887007 0.461755 0
    outer loop
      vertex -1.1782 17.4506 45.8731
      vertex -1.12583 17.35 54
      vertex -1.12583 17.35 45.7909
    endloop
  endfacet
  facet normal 0.923909 0.382611 0
    outer loop
      vertex -1.1782 17.4506 54
      vertex -1.2216 17.5554 45.9587
      vertex -1.2216 17.5554 54
    endloop
  endfacet
  facet normal 0.923909 0.382611 0
    outer loop
      vertex -1.2216 17.5554 45.9587
      vertex -1.1782 17.4506 54
      vertex -1.1782 17.4506 45.8731
    endloop
  endfacet
  facet normal 0.737217 0.675656 0
    outer loop
      vertex -0.919238 17.0808 54
      vertex -0.995857 17.1644 45.6392
      vertex -0.995857 17.1644 54
    endloop
  endfacet
  facet normal 0.737217 0.675656 0
    outer loop
      vertex -0.995857 17.1644 45.6392
      vertex -0.919238 17.0808 54
      vertex -0.919238 17.0808 45.5708
    endloop
  endfacet
  facet normal -0.675982 -0.736918 0
    outer loop
      vertex 0.835624 18.9959 47.136
      vertex 0.919238 18.9192 54
      vertex 0.835624 18.9959 54
    endloop
  endfacet
  facet normal -0.675982 -0.736918 -0
    outer loop
      vertex 0.919238 18.9192 54
      vertex 0.835624 18.9959 47.136
      vertex 0.919238 18.9192 47.0734
    endloop
  endfacet
  facet normal -0.991442 -0.130546 -0
    outer loop
      vertex 1.29505 18.1133 54
      vertex 1.28025 18.2257 46.5066
      vertex 1.29505 18.1133 46.4147
    endloop
  endfacet
  facet normal -0.991442 -0.130546 0
    outer loop
      vertex 1.28025 18.2257 46.5066
      vertex 1.29505 18.1133 54
      vertex 1.28025 18.2257 54
    endloop
  endfacet
  facet normal 0.461974 0.886893 0
    outer loop
      vertex -0.549403 16.8218 54
      vertex -0.65 16.8742 45.402
      vertex -0.65 16.8742 54
    endloop
  endfacet
  facet normal 0.461974 0.886893 0
    outer loop
      vertex -0.65 16.8742 45.402
      vertex -0.549403 16.8218 54
      vertex -0.549403 16.8218 45.3592
    endloop
  endfacet
  facet normal 0.608538 0.793525 0
    outer loop
      vertex -0.745649 16.9351 54
      vertex -0.835624 17.0041 45.5082
      vertex -0.835624 17.0041 54
    endloop
  endfacet
  facet normal 0.608538 0.793525 0
    outer loop
      vertex -0.835624 17.0041 45.5082
      vertex -0.745649 16.9351 54
      vertex -0.745649 16.9351 45.4518
    endloop
  endfacet
  facet normal 0.793096 0.609096 0
    outer loop
      vertex -0.995857 17.1644 54
      vertex -1.0649 17.2543 45.7127
      vertex -1.0649 17.2543 54
    endloop
  endfacet
  facet normal 0.793096 0.609096 0
    outer loop
      vertex -1.0649 17.2543 45.7127
      vertex -0.995857 17.1644 54
      vertex -0.995857 17.1644 45.6392
    endloop
  endfacet
  facet normal -0.300679 -0.953725 0
    outer loop
      vertex 0.336464 19.2557 47.3484
      vertex 0.444626 19.2216 54
      vertex 0.336464 19.2557 54
    endloop
  endfacet
  facet normal -0.300679 -0.953725 -0
    outer loop
      vertex 0.444626 19.2216 54
      vertex 0.336464 19.2557 47.3484
      vertex 0.444626 19.2216 47.3205
    endloop
  endfacet
  facet normal -0.1305 -0.991448 0
    outer loop
      vertex 0.113302 19.2951 47.3806
      vertex 0.225742 19.2803 54
      vertex 0.113302 19.2951 54
    endloop
  endfacet
  facet normal -0.1305 -0.991448 -0
    outer loop
      vertex 0.225742 19.2803 54
      vertex 0.113302 19.2951 47.3806
      vertex 0.225742 19.2803 47.3685
    endloop
  endfacet
  facet normal -0.382683 -0.92388 0
    outer loop
      vertex 0.444626 19.2216 47.3205
      vertex 0.549403 19.1782 54
      vertex 0.444626 19.2216 54
    endloop
  endfacet
  facet normal -0.382683 -0.92388 -0
    outer loop
      vertex 0.549403 19.1782 54
      vertex 0.444626 19.2216 47.3205
      vertex 0.549403 19.1782 47.2851
    endloop
  endfacet
  facet normal -0.608538 -0.793525 0
    outer loop
      vertex 0.745649 19.0649 47.1925
      vertex 0.835624 18.9959 54
      vertex 0.745649 19.0649 54
    endloop
  endfacet
  facet normal -0.608538 -0.793525 -0
    outer loop
      vertex 0.835624 18.9959 54
      vertex 0.745649 19.0649 47.1925
      vertex 0.835624 18.9959 47.136
    endloop
  endfacet
  facet normal 0.793423 -0.60867 0
    outer loop
      vertex -1.0649 18.7456 54
      vertex -0.995857 18.8356 47.0051
      vertex -0.995857 18.8356 54
    endloop
  endfacet
  facet normal 0.793423 -0.60867 0
    outer loop
      vertex -0.995857 18.8356 47.0051
      vertex -1.0649 18.7456 54
      vertex -1.0649 18.7456 46.9315
    endloop
  endfacet
  facet normal -0.923909 -0.382611 -0
    outer loop
      vertex 1.2216 18.4446 54
      vertex 1.1782 18.5494 46.7711
      vertex 1.2216 18.4446 46.6855
    endloop
  endfacet
  facet normal -0.923909 -0.382611 0
    outer loop
      vertex 1.1782 18.5494 46.7711
      vertex 1.2216 18.4446 54
      vertex 1.1782 18.5494 54
    endloop
  endfacet
  facet normal 0.537079 -0.843532 0
    outer loop
      vertex -0.745649 19.0649 54
      vertex -0.65 19.1258 47.2423
      vertex -0.65 19.1258 54
    endloop
  endfacet
  facet normal 0.537079 -0.843532 0
    outer loop
      vertex -0.65 19.1258 47.2423
      vertex -0.745649 19.0649 54
      vertex -0.745649 19.0649 47.1925
    endloop
  endfacet
  facet normal -0.843287 -0.537463 -0
    outer loop
      vertex 1.12583 18.65 54
      vertex 1.0649 18.7456 46.9315
      vertex 1.12583 18.65 46.8534
    endloop
  endfacet
  facet normal -0.843287 -0.537463 0
    outer loop
      vertex 1.0649 18.7456 46.9315
      vertex 1.12583 18.65 54
      vertex 1.0649 18.7456 54
    endloop
  endfacet
  facet normal 0.953676 -0.300836 0
    outer loop
      vertex -1.2557 18.3365 54
      vertex -1.2216 18.4446 46.6855
      vertex -1.2216 18.4446 54
    endloop
  endfacet
  facet normal 0.953676 -0.300836 0
    outer loop
      vertex -1.2216 18.4446 46.6855
      vertex -1.2557 18.3365 54
      vertex -1.2557 18.3365 46.5971
    endloop
  endfacet
  facet normal -0.976322 -0.216324 -0
    outer loop
      vertex 1.28025 18.2257 54
      vertex 1.2557 18.3365 46.5971
      vertex 1.28025 18.2257 46.5066
    endloop
  endfacet
  facet normal -0.976322 -0.216324 0
    outer loop
      vertex 1.2557 18.3365 46.5971
      vertex 1.28025 18.2257 54
      vertex 1.2557 18.3365 54
    endloop
  endfacet
  facet normal -0.537079 0.843532 0
    outer loop
      vertex 0.745649 16.9351 45.4518
      vertex 0.65 16.8742 54
      vertex 0.745649 16.9351 54
    endloop
  endfacet
  facet normal -0.537079 0.843532 0
    outer loop
      vertex 0.65 16.8742 54
      vertex 0.745649 16.9351 45.4518
      vertex 0.65 16.8742 45.402
    endloop
  endfacet
  facet normal -0.608538 0.793525 0
    outer loop
      vertex 0.835624 17.0041 45.5082
      vertex 0.745649 16.9351 54
      vertex 0.835624 17.0041 54
    endloop
  endfacet
  facet normal -0.608538 0.793525 0
    outer loop
      vertex 0.745649 16.9351 54
      vertex 0.835624 17.0041 45.5082
      vertex 0.745649 16.9351 45.4518
    endloop
  endfacet
  facet normal 0.461974 -0.886893 0
    outer loop
      vertex -0.65 19.1258 54
      vertex -0.549403 19.1782 47.2851
      vertex -0.549403 19.1782 54
    endloop
  endfacet
  facet normal 0.461974 -0.886893 0
    outer loop
      vertex -0.549403 19.1782 47.2851
      vertex -0.65 19.1258 54
      vertex -0.65 19.1258 47.2423
    endloop
  endfacet
  facet normal 0.991442 0.130546 0
    outer loop
      vertex -1.28025 17.7743 54
      vertex -1.29505 17.8867 46.2295
      vertex -1.29505 17.8867 54
    endloop
  endfacet
  facet normal 0.991442 0.130546 0
    outer loop
      vertex -1.29505 17.8867 46.2295
      vertex -1.28025 17.7743 54
      vertex -1.28025 17.7743 46.1376
    endloop
  endfacet
  facet normal 0.1305 0.991448 0
    outer loop
      vertex -0.113302 16.7049 54
      vertex -0.225742 16.7197 45.2758
      vertex -0.225742 16.7197 54
    endloop
  endfacet
  facet normal 0.1305 0.991448 0
    outer loop
      vertex -0.225742 16.7197 45.2758
      vertex -0.113302 16.7049 54
      vertex -0.113302 16.7049 45.2637
    endloop
  endfacet
  facet normal 0.608538 -0.793525 0
    outer loop
      vertex -0.835624 18.9959 54
      vertex -0.745649 19.0649 47.1925
      vertex -0.745649 19.0649 54
    endloop
  endfacet
  facet normal 0.608538 -0.793525 0
    outer loop
      vertex -0.745649 19.0649 47.1925
      vertex -0.835624 18.9959 54
      vertex -0.835624 18.9959 47.136
    endloop
  endfacet
  facet normal 0.953676 0.300836 0
    outer loop
      vertex -1.2216 17.5554 54
      vertex -1.2557 17.6635 46.0471
      vertex -1.2557 17.6635 54
    endloop
  endfacet
  facet normal 0.953676 0.300836 0
    outer loop
      vertex -1.2557 17.6635 46.0471
      vertex -1.2216 17.5554 54
      vertex -1.2216 17.5554 45.9587
    endloop
  endfacet
  facet normal -0.953676 -0.300836 -0
    outer loop
      vertex 1.2557 18.3365 54
      vertex 1.2216 18.4446 46.6855
      vertex 1.2557 18.3365 46.5971
    endloop
  endfacet
  facet normal -0.953676 -0.300836 0
    outer loop
      vertex 1.2216 18.4446 46.6855
      vertex 1.2557 18.3365 54
      vertex 1.2216 18.4446 54
    endloop
  endfacet
  facet normal -0.0432069 0.999066 0
    outer loop
      vertex 0.113302 16.7049 45.2637
      vertex 0 16.7 54
      vertex 0.113302 16.7049 54
    endloop
  endfacet
  facet normal -0.0432069 0.999066 0
    outer loop
      vertex 0 16.7 54
      vertex 0.113302 16.7049 45.2637
      vertex 0 16.7 45.2596
    endloop
  endfacet
  facet normal 0.887007 -0.461755 0
    outer loop
      vertex -1.1782 18.5494 54
      vertex -1.12583 18.65 46.8534
      vertex -1.12583 18.65 54
    endloop
  endfacet
  facet normal 0.887007 -0.461755 0
    outer loop
      vertex -1.12583 18.65 46.8534
      vertex -1.1782 18.5494 54
      vertex -1.1782 18.5494 46.7711
    endloop
  endfacet
  facet normal 0.843287 -0.537463 0
    outer loop
      vertex -1.12583 18.65 54
      vertex -1.0649 18.7456 46.9315
      vertex -1.0649 18.7456 54
    endloop
  endfacet
  facet normal 0.843287 -0.537463 0
    outer loop
      vertex -1.0649 18.7456 46.9315
      vertex -1.12583 18.65 54
      vertex -1.12583 18.65 46.8534
    endloop
  endfacet
  facet normal 0.999047 -0.0436477 0
    outer loop
      vertex -1.3 18 54
      vertex -1.29505 18.1133 46.4147
      vertex -1.29505 18.1133 54
    endloop
  endfacet
  facet normal 0.999047 -0.0436477 0
    outer loop
      vertex -1.29505 18.1133 46.4147
      vertex -1.3 18 54
      vertex -1.3 18 46.3221
    endloop
  endfacet
  facet normal -0.923909 0.382611 0
    outer loop
      vertex 1.1782 17.4506 54
      vertex 1.2216 17.5554 45.9587
      vertex 1.1782 17.4506 45.8731
    endloop
  endfacet
  facet normal -0.923909 0.382611 0
    outer loop
      vertex 1.2216 17.5554 45.9587
      vertex 1.1782 17.4506 54
      vertex 1.2216 17.5554 54
    endloop
  endfacet
  facet normal 0.737217 -0.675656 0
    outer loop
      vertex -0.995857 18.8356 54
      vertex -0.919238 18.9192 47.0734
      vertex -0.919238 18.9192 54
    endloop
  endfacet
  facet normal 0.737217 -0.675656 0
    outer loop
      vertex -0.919238 18.9192 47.0734
      vertex -0.995857 18.8356 54
      vertex -0.995857 18.8356 47.0051
    endloop
  endfacet
  facet normal -0.1305 0.991448 0
    outer loop
      vertex 0.225742 16.7197 45.2758
      vertex 0.113302 16.7049 54
      vertex 0.225742 16.7197 54
    endloop
  endfacet
  facet normal -0.1305 0.991448 0
    outer loop
      vertex 0.113302 16.7049 54
      vertex 0.225742 16.7197 45.2758
      vertex 0.113302 16.7049 45.2637
    endloop
  endfacet
  facet normal 0.999047 0.0436477 0
    outer loop
      vertex -1.29505 17.8867 54
      vertex -1.3 18 46.3221
      vertex -1.3 18 54
    endloop
  endfacet
  facet normal 0.999047 0.0436477 0
    outer loop
      vertex -1.3 18 46.3221
      vertex -1.29505 17.8867 54
      vertex -1.29505 17.8867 46.2295
    endloop
  endfacet
  facet normal -0.887007 0.461755 0
    outer loop
      vertex 1.12583 17.35 54
      vertex 1.1782 17.4506 45.8731
      vertex 1.12583 17.35 45.7909
    endloop
  endfacet
  facet normal -0.887007 0.461755 0
    outer loop
      vertex 1.1782 17.4506 45.8731
      vertex 1.12583 17.35 54
      vertex 1.1782 17.4506 54
    endloop
  endfacet
  facet normal -0.843542 0.537064 0
    outer loop
      vertex 1.0649 17.2543 54
      vertex 1.12583 17.35 45.7909
      vertex 1.0649 17.2543 45.7127
    endloop
  endfacet
  facet normal -0.843542 0.537064 0
    outer loop
      vertex 1.12583 17.35 45.7909
      vertex 1.0649 17.2543 54
      vertex 1.12583 17.35 54
    endloop
  endfacet
  facet normal -0.537079 -0.843532 0
    outer loop
      vertex 0.65 19.1258 47.2423
      vertex 0.745649 19.0649 54
      vertex 0.65 19.1258 54
    endloop
  endfacet
  facet normal -0.537079 -0.843532 -0
    outer loop
      vertex 0.745649 19.0649 54
      vertex 0.65 19.1258 47.2423
      vertex 0.745649 19.0649 47.1925
    endloop
  endfacet
  facet normal -0.887007 -0.461755 -0
    outer loop
      vertex 1.1782 18.5494 54
      vertex 1.12583 18.65 46.8534
      vertex 1.1782 18.5494 46.7711
    endloop
  endfacet
  facet normal -0.887007 -0.461755 0
    outer loop
      vertex 1.12583 18.65 46.8534
      vertex 1.1782 18.5494 54
      vertex 1.12583 18.65 54
    endloop
  endfacet
  facet normal -0.216889 0.976196 0
    outer loop
      vertex 0.336464 16.7443 45.2958
      vertex 0.225742 16.7197 54
      vertex 0.336464 16.7443 54
    endloop
  endfacet
  facet normal -0.216889 0.976196 0
    outer loop
      vertex 0.225742 16.7197 54
      vertex 0.336464 16.7443 45.2958
      vertex 0.225742 16.7197 45.2758
    endloop
  endfacet
  facet normal 0.0432069 0.999066 0
    outer loop
      vertex 0 16.7 54
      vertex -0.113302 16.7049 45.2637
      vertex -0.113302 16.7049 54
    endloop
  endfacet
  facet normal 0.0432069 0.999066 0
    outer loop
      vertex -0.113302 16.7049 45.2637
      vertex 0 16.7 54
      vertex 0 16.7 45.2596
    endloop
  endfacet
  facet normal -0.991442 0.130546 0
    outer loop
      vertex 1.28025 17.7743 54
      vertex 1.29505 17.8867 46.2295
      vertex 1.28025 17.7743 46.1376
    endloop
  endfacet
  facet normal -0.991442 0.130546 0
    outer loop
      vertex 1.29505 17.8867 46.2295
      vertex 1.28025 17.7743 54
      vertex 1.29505 17.8867 54
    endloop
  endfacet
  facet normal -0.999047 0.0436477 0
    outer loop
      vertex 1.29505 17.8867 54
      vertex 1.3 18 46.3221
      vertex 1.29505 17.8867 46.2295
    endloop
  endfacet
  facet normal -0.999047 0.0436477 0
    outer loop
      vertex 1.3 18 46.3221
      vertex 1.29505 17.8867 54
      vertex 1.3 18 54
    endloop
  endfacet
  facet normal -0.382683 0.92388 0
    outer loop
      vertex 0.549403 16.8218 45.3592
      vertex 0.444626 16.7784 54
      vertex 0.549403 16.8218 54
    endloop
  endfacet
  facet normal -0.382683 0.92388 0
    outer loop
      vertex 0.444626 16.7784 54
      vertex 0.549403 16.8218 45.3592
      vertex 0.444626 16.7784 45.3237
    endloop
  endfacet
  facet normal -0.737217 -0.675656 -0
    outer loop
      vertex 0.995857 18.8356 54
      vertex 0.919238 18.9192 47.0734
      vertex 0.995857 18.8356 47.0051
    endloop
  endfacet
  facet normal -0.737217 -0.675656 0
    outer loop
      vertex 0.919238 18.9192 47.0734
      vertex 0.995857 18.8356 54
      vertex 0.919238 18.9192 54
    endloop
  endfacet
  facet normal -0.793423 -0.60867 -0
    outer loop
      vertex 1.0649 18.7456 54
      vertex 0.995857 18.8356 47.0051
      vertex 1.0649 18.7456 46.9315
    endloop
  endfacet
  facet normal -0.793423 -0.60867 0
    outer loop
      vertex 0.995857 18.8356 47.0051
      vertex 1.0649 18.7456 54
      vertex 0.995857 18.8356 54
    endloop
  endfacet
  facet normal -0.953676 0.300836 0
    outer loop
      vertex 1.2216 17.5554 54
      vertex 1.2557 17.6635 46.0471
      vertex 1.2216 17.5554 45.9587
    endloop
  endfacet
  facet normal -0.953676 0.300836 0
    outer loop
      vertex 1.2557 17.6635 46.0471
      vertex 1.2216 17.5554 54
      vertex 1.2557 17.6635 54
    endloop
  endfacet
  facet normal 0.382683 0.92388 0
    outer loop
      vertex -0.444626 16.7784 54
      vertex -0.549403 16.8218 45.3592
      vertex -0.549403 16.8218 54
    endloop
  endfacet
  facet normal 0.382683 0.92388 0
    outer loop
      vertex -0.549403 16.8218 45.3592
      vertex -0.444626 16.7784 54
      vertex -0.444626 16.7784 45.3237
    endloop
  endfacet
  facet normal -0.793096 0.609096 0
    outer loop
      vertex 0.995857 17.1644 54
      vertex 1.0649 17.2543 45.7127
      vertex 0.995857 17.1644 45.6392
    endloop
  endfacet
  facet normal -0.793096 0.609096 0
    outer loop
      vertex 1.0649 17.2543 45.7127
      vertex 0.995857 17.1644 54
      vertex 1.0649 17.2543 54
    endloop
  endfacet
  facet normal -0.300679 0.953725 0
    outer loop
      vertex 0.444626 16.7784 45.3237
      vertex 0.336464 16.7443 54
      vertex 0.444626 16.7784 54
    endloop
  endfacet
  facet normal -0.300679 0.953725 0
    outer loop
      vertex 0.336464 16.7443 54
      vertex 0.444626 16.7784 45.3237
      vertex 0.336464 16.7443 45.2958
    endloop
  endfacet
  facet normal -0.887007 0.461755 0
    outer loop
      vertex 1.12583 -18.65 46.8534
      vertex 1.1782 -18.5494 54
      vertex 1.1782 -18.5494 46.7711
    endloop
  endfacet
  facet normal -0.887007 0.461755 0
    outer loop
      vertex 1.1782 -18.5494 54
      vertex 1.12583 -18.65 46.8534
      vertex 1.12583 -18.65 54
    endloop
  endfacet
  facet normal -0.216889 0.976196 0
    outer loop
      vertex 0.336464 -19.2557 54
      vertex 0.225742 -19.2803 47.3685
      vertex 0.225742 -19.2803 54
    endloop
  endfacet
  facet normal -0.216889 0.976196 0
    outer loop
      vertex 0.225742 -19.2803 47.3685
      vertex 0.336464 -19.2557 54
      vertex 0.336464 -19.2557 47.3484
    endloop
  endfacet
  facet normal 0.0432069 0.999066 -0
    outer loop
      vertex 0 -19.3 47.3846
      vertex -0.113302 -19.2951 54
      vertex 0 -19.3 54
    endloop
  endfacet
  facet normal 0.0432069 0.999066 0
    outer loop
      vertex -0.113302 -19.2951 54
      vertex 0 -19.3 47.3846
      vertex -0.113302 -19.2951 47.3806
    endloop
  endfacet
  facet normal -0.216889 -0.976196 0
    outer loop
      vertex 0.225742 -16.7197 54
      vertex 0.336464 -16.7443 45.2958
      vertex 0.336464 -16.7443 54
    endloop
  endfacet
  facet normal -0.216889 -0.976196 0
    outer loop
      vertex 0.336464 -16.7443 45.2958
      vertex 0.225742 -16.7197 54
      vertex 0.225742 -16.7197 45.2758
    endloop
  endfacet
  facet normal 0.461974 -0.886893 0
    outer loop
      vertex -0.65 -16.8742 45.402
      vertex -0.549403 -16.8218 54
      vertex -0.65 -16.8742 54
    endloop
  endfacet
  facet normal 0.461974 -0.886893 0
    outer loop
      vertex -0.549403 -16.8218 54
      vertex -0.65 -16.8742 45.402
      vertex -0.549403 -16.8218 45.3592
    endloop
  endfacet
  facet normal -0.0432069 0.999066 0
    outer loop
      vertex 0.113302 -19.2951 54
      vertex 0 -19.3 47.3846
      vertex 0 -19.3 54
    endloop
  endfacet
  facet normal -0.0432069 0.999066 0
    outer loop
      vertex 0 -19.3 47.3846
      vertex 0.113302 -19.2951 54
      vertex 0.113302 -19.2951 47.3806
    endloop
  endfacet
  facet normal 0.1305 -0.991448 0
    outer loop
      vertex -0.225742 -16.7197 45.2758
      vertex -0.113302 -16.7049 54
      vertex -0.225742 -16.7197 54
    endloop
  endfacet
  facet normal 0.1305 -0.991448 0
    outer loop
      vertex -0.113302 -16.7049 54
      vertex -0.225742 -16.7197 45.2758
      vertex -0.113302 -16.7049 45.2637
    endloop
  endfacet
  facet normal -0.999047 0.0436477 0
    outer loop
      vertex 1.29505 -18.1133 46.4147
      vertex 1.3 -18 54
      vertex 1.3 -18 46.3221
    endloop
  endfacet
  facet normal -0.999047 0.0436477 0
    outer loop
      vertex 1.3 -18 54
      vertex 1.29505 -18.1133 46.4147
      vertex 1.29505 -18.1133 54
    endloop
  endfacet
  facet normal 0.991442 -0.130546 0
    outer loop
      vertex -1.29505 -17.8867 46.2295
      vertex -1.28025 -17.7743 54
      vertex -1.29505 -17.8867 54
    endloop
  endfacet
  facet normal 0.991442 -0.130546 0
    outer loop
      vertex -1.28025 -17.7743 54
      vertex -1.29505 -17.8867 46.2295
      vertex -1.28025 -17.7743 46.1376
    endloop
  endfacet
  facet normal 0.300679 -0.953725 0
    outer loop
      vertex -0.444626 -16.7784 45.3237
      vertex -0.336464 -16.7443 54
      vertex -0.444626 -16.7784 54
    endloop
  endfacet
  facet normal 0.300679 -0.953725 0
    outer loop
      vertex -0.336464 -16.7443 54
      vertex -0.444626 -16.7784 45.3237
      vertex -0.336464 -16.7443 45.2958
    endloop
  endfacet
  facet normal 0.675982 -0.736918 0
    outer loop
      vertex -0.919238 -17.0808 45.5708
      vertex -0.835624 -17.0041 54
      vertex -0.919238 -17.0808 54
    endloop
  endfacet
  facet normal 0.675982 -0.736918 0
    outer loop
      vertex -0.835624 -17.0041 54
      vertex -0.919238 -17.0808 45.5708
      vertex -0.835624 -17.0041 45.5082
    endloop
  endfacet
  facet normal 0.976322 -0.216324 0
    outer loop
      vertex -1.28025 -17.7743 46.1376
      vertex -1.2557 -17.6635 54
      vertex -1.28025 -17.7743 54
    endloop
  endfacet
  facet normal 0.976322 -0.216324 0
    outer loop
      vertex -1.2557 -17.6635 54
      vertex -1.28025 -17.7743 46.1376
      vertex -1.2557 -17.6635 46.0471
    endloop
  endfacet
  facet normal -0.537079 0.843532 0
    outer loop
      vertex 0.745649 -19.0649 54
      vertex 0.65 -19.1258 47.2423
      vertex 0.65 -19.1258 54
    endloop
  endfacet
  facet normal -0.537079 0.843532 0
    outer loop
      vertex 0.65 -19.1258 47.2423
      vertex 0.745649 -19.0649 54
      vertex 0.745649 -19.0649 47.1925
    endloop
  endfacet
  facet normal 0.461974 0.886893 -0
    outer loop
      vertex -0.549403 -19.1782 47.2851
      vertex -0.65 -19.1258 54
      vertex -0.549403 -19.1782 54
    endloop
  endfacet
  facet normal 0.461974 0.886893 0
    outer loop
      vertex -0.65 -19.1258 54
      vertex -0.549403 -19.1782 47.2851
      vertex -0.65 -19.1258 47.2423
    endloop
  endfacet
  facet normal -0.675982 0.736918 0
    outer loop
      vertex 0.919238 -18.9192 54
      vertex 0.835624 -18.9959 47.136
      vertex 0.835624 -18.9959 54
    endloop
  endfacet
  facet normal -0.675982 0.736918 0
    outer loop
      vertex 0.835624 -18.9959 47.136
      vertex 0.919238 -18.9192 54
      vertex 0.919238 -18.9192 47.0734
    endloop
  endfacet
  facet normal 0.1305 0.991448 -0
    outer loop
      vertex -0.113302 -19.2951 47.3806
      vertex -0.225742 -19.2803 54
      vertex -0.113302 -19.2951 54
    endloop
  endfacet
  facet normal 0.1305 0.991448 0
    outer loop
      vertex -0.225742 -19.2803 54
      vertex -0.113302 -19.2951 47.3806
      vertex -0.225742 -19.2803 47.3685
    endloop
  endfacet
  facet normal -0.675982 -0.736918 0
    outer loop
      vertex 0.835624 -17.0041 54
      vertex 0.919238 -17.0808 45.5708
      vertex 0.919238 -17.0808 54
    endloop
  endfacet
  facet normal -0.675982 -0.736918 0
    outer loop
      vertex 0.919238 -17.0808 45.5708
      vertex 0.835624 -17.0041 54
      vertex 0.835624 -17.0041 45.5082
    endloop
  endfacet
  facet normal 0.887007 0.461755 -0
    outer loop
      vertex -1.12583 -18.65 46.8534
      vertex -1.1782 -18.5494 54
      vertex -1.12583 -18.65 54
    endloop
  endfacet
  facet normal 0.887007 0.461755 0
    outer loop
      vertex -1.1782 -18.5494 54
      vertex -1.12583 -18.65 46.8534
      vertex -1.1782 -18.5494 46.7711
    endloop
  endfacet
  facet normal -0.953676 -0.300836 0
    outer loop
      vertex 1.2557 -17.6635 46.0471
      vertex 1.2216 -17.5554 54
      vertex 1.2216 -17.5554 45.9587
    endloop
  endfacet
  facet normal -0.953676 -0.300836 0
    outer loop
      vertex 1.2216 -17.5554 54
      vertex 1.2557 -17.6635 46.0471
      vertex 1.2557 -17.6635 54
    endloop
  endfacet
  facet normal -0.953676 0.300836 0
    outer loop
      vertex 1.2216 -18.4446 46.6855
      vertex 1.2557 -18.3365 54
      vertex 1.2557 -18.3365 46.5971
    endloop
  endfacet
  facet normal -0.953676 0.300836 0
    outer loop
      vertex 1.2557 -18.3365 54
      vertex 1.2216 -18.4446 46.6855
      vertex 1.2216 -18.4446 54
    endloop
  endfacet
  facet normal -0.300679 0.953725 0
    outer loop
      vertex 0.444626 -19.2216 54
      vertex 0.336464 -19.2557 47.3484
      vertex 0.336464 -19.2557 54
    endloop
  endfacet
  facet normal -0.300679 0.953725 0
    outer loop
      vertex 0.336464 -19.2557 47.3484
      vertex 0.444626 -19.2216 54
      vertex 0.444626 -19.2216 47.3205
    endloop
  endfacet
  facet normal -0.537079 -0.843532 0
    outer loop
      vertex 0.65 -16.8742 54
      vertex 0.745649 -16.9351 45.4518
      vertex 0.745649 -16.9351 54
    endloop
  endfacet
  facet normal -0.537079 -0.843532 0
    outer loop
      vertex 0.745649 -16.9351 45.4518
      vertex 0.65 -16.8742 54
      vertex 0.65 -16.8742 45.402
    endloop
  endfacet
  facet normal -0.843542 -0.537064 0
    outer loop
      vertex 1.12583 -17.35 45.7909
      vertex 1.0649 -17.2543 54
      vertex 1.0649 -17.2543 45.7127
    endloop
  endfacet
  facet normal -0.843542 -0.537064 0
    outer loop
      vertex 1.0649 -17.2543 54
      vertex 1.12583 -17.35 45.7909
      vertex 1.12583 -17.35 54
    endloop
  endfacet
  facet normal 0.216889 0.976196 -0
    outer loop
      vertex -0.225742 -19.2803 47.3685
      vertex -0.336464 -19.2557 54
      vertex -0.225742 -19.2803 54
    endloop
  endfacet
  facet normal 0.216889 0.976196 0
    outer loop
      vertex -0.336464 -19.2557 54
      vertex -0.225742 -19.2803 47.3685
      vertex -0.336464 -19.2557 47.3484
    endloop
  endfacet
  facet normal 0.923909 0.382611 -0
    outer loop
      vertex -1.1782 -18.5494 46.7711
      vertex -1.2216 -18.4446 54
      vertex -1.1782 -18.5494 54
    endloop
  endfacet
  facet normal 0.923909 0.382611 0
    outer loop
      vertex -1.2216 -18.4446 54
      vertex -1.1782 -18.5494 46.7711
      vertex -1.2216 -18.4446 46.6855
    endloop
  endfacet
  facet normal 0.843287 0.537463 -0
    outer loop
      vertex -1.0649 -18.7456 46.9315
      vertex -1.12583 -18.65 54
      vertex -1.0649 -18.7456 54
    endloop
  endfacet
  facet normal 0.843287 0.537463 0
    outer loop
      vertex -1.12583 -18.65 54
      vertex -1.0649 -18.7456 46.9315
      vertex -1.12583 -18.65 46.8534
    endloop
  endfacet
  facet normal -0.923909 0.382611 0
    outer loop
      vertex 1.1782 -18.5494 46.7711
      vertex 1.2216 -18.4446 54
      vertex 1.2216 -18.4446 46.6855
    endloop
  endfacet
  facet normal -0.923909 0.382611 0
    outer loop
      vertex 1.2216 -18.4446 54
      vertex 1.1782 -18.5494 46.7711
      vertex 1.1782 -18.5494 54
    endloop
  endfacet
  facet normal -0.608538 0.793525 0
    outer loop
      vertex 0.835624 -18.9959 54
      vertex 0.745649 -19.0649 47.1925
      vertex 0.745649 -19.0649 54
    endloop
  endfacet
  facet normal -0.608538 0.793525 0
    outer loop
      vertex 0.745649 -19.0649 47.1925
      vertex 0.835624 -18.9959 54
      vertex 0.835624 -18.9959 47.136
    endloop
  endfacet
  facet normal -0.1305 0.991448 0
    outer loop
      vertex 0.225742 -19.2803 54
      vertex 0.113302 -19.2951 47.3806
      vertex 0.113302 -19.2951 54
    endloop
  endfacet
  facet normal -0.1305 0.991448 0
    outer loop
      vertex 0.113302 -19.2951 47.3806
      vertex 0.225742 -19.2803 54
      vertex 0.225742 -19.2803 47.3685
    endloop
  endfacet
  facet normal 0.999047 0.0436477 -0
    outer loop
      vertex -1.29505 -18.1133 46.4147
      vertex -1.3 -18 54
      vertex -1.29505 -18.1133 54
    endloop
  endfacet
  facet normal 0.999047 0.0436477 0
    outer loop
      vertex -1.3 -18 54
      vertex -1.29505 -18.1133 46.4147
      vertex -1.3 -18 46.3221
    endloop
  endfacet
  facet normal 0.537079 -0.843532 0
    outer loop
      vertex -0.745649 -16.9351 45.4518
      vertex -0.65 -16.8742 54
      vertex -0.745649 -16.9351 54
    endloop
  endfacet
  facet normal 0.537079 -0.843532 0
    outer loop
      vertex -0.65 -16.8742 54
      vertex -0.745649 -16.9351 45.4518
      vertex -0.65 -16.8742 45.402
    endloop
  endfacet
  facet normal 0.737217 -0.675656 0
    outer loop
      vertex -0.995857 -17.1644 45.6392
      vertex -0.919238 -17.0808 54
      vertex -0.995857 -17.1644 54
    endloop
  endfacet
  facet normal 0.737217 -0.675656 0
    outer loop
      vertex -0.919238 -17.0808 54
      vertex -0.995857 -17.1644 45.6392
      vertex -0.919238 -17.0808 45.5708
    endloop
  endfacet
  facet normal -0.737217 -0.675656 0
    outer loop
      vertex 0.995857 -17.1644 45.6392
      vertex 0.919238 -17.0808 54
      vertex 0.919238 -17.0808 45.5708
    endloop
  endfacet
  facet normal -0.737217 -0.675656 0
    outer loop
      vertex 0.919238 -17.0808 54
      vertex 0.995857 -17.1644 45.6392
      vertex 0.995857 -17.1644 54
    endloop
  endfacet
  facet normal 0.608538 -0.793525 0
    outer loop
      vertex -0.835624 -17.0041 45.5082
      vertex -0.745649 -16.9351 54
      vertex -0.835624 -17.0041 54
    endloop
  endfacet
  facet normal 0.608538 -0.793525 0
    outer loop
      vertex -0.745649 -16.9351 54
      vertex -0.835624 -17.0041 45.5082
      vertex -0.745649 -16.9351 45.4518
    endloop
  endfacet
  facet normal 0.991442 0.130546 -0
    outer loop
      vertex -1.28025 -18.2257 46.5066
      vertex -1.29505 -18.1133 54
      vertex -1.28025 -18.2257 54
    endloop
  endfacet
  facet normal 0.991442 0.130546 0
    outer loop
      vertex -1.29505 -18.1133 54
      vertex -1.28025 -18.2257 46.5066
      vertex -1.29505 -18.1133 46.4147
    endloop
  endfacet
  facet normal -0.608538 -0.793525 0
    outer loop
      vertex 0.745649 -16.9351 54
      vertex 0.835624 -17.0041 45.5082
      vertex 0.835624 -17.0041 54
    endloop
  endfacet
  facet normal -0.608538 -0.793525 0
    outer loop
      vertex 0.835624 -17.0041 45.5082
      vertex 0.745649 -16.9351 54
      vertex 0.745649 -16.9351 45.4518
    endloop
  endfacet
  facet normal -0.793096 -0.609096 0
    outer loop
      vertex 1.0649 -17.2543 45.7127
      vertex 0.995857 -17.1644 54
      vertex 0.995857 -17.1644 45.6392
    endloop
  endfacet
  facet normal -0.793096 -0.609096 0
    outer loop
      vertex 0.995857 -17.1644 54
      vertex 1.0649 -17.2543 45.7127
      vertex 1.0649 -17.2543 54
    endloop
  endfacet
  facet normal -0.923909 -0.382611 0
    outer loop
      vertex 1.2216 -17.5554 45.9587
      vertex 1.1782 -17.4506 54
      vertex 1.1782 -17.4506 45.8731
    endloop
  endfacet
  facet normal -0.923909 -0.382611 0
    outer loop
      vertex 1.1782 -17.4506 54
      vertex 1.2216 -17.5554 45.9587
      vertex 1.2216 -17.5554 54
    endloop
  endfacet
  facet normal 0.953676 -0.300836 0
    outer loop
      vertex -1.2557 -17.6635 46.0471
      vertex -1.2216 -17.5554 54
      vertex -1.2557 -17.6635 54
    endloop
  endfacet
  facet normal 0.953676 -0.300836 0
    outer loop
      vertex -1.2216 -17.5554 54
      vertex -1.2557 -17.6635 46.0471
      vertex -1.2216 -17.5554 45.9587
    endloop
  endfacet
  facet normal -0.382683 0.92388 0
    outer loop
      vertex 0.549403 -19.1782 54
      vertex 0.444626 -19.2216 47.3205
      vertex 0.444626 -19.2216 54
    endloop
  endfacet
  facet normal -0.382683 0.92388 0
    outer loop
      vertex 0.444626 -19.2216 47.3205
      vertex 0.549403 -19.1782 54
      vertex 0.549403 -19.1782 47.2851
    endloop
  endfacet
  facet normal 0.382683 0.92388 -0
    outer loop
      vertex -0.444626 -19.2216 47.3205
      vertex -0.549403 -19.1782 54
      vertex -0.444626 -19.2216 54
    endloop
  endfacet
  facet normal 0.382683 0.92388 0
    outer loop
      vertex -0.549403 -19.1782 54
      vertex -0.444626 -19.2216 47.3205
      vertex -0.549403 -19.1782 47.2851
    endloop
  endfacet
  facet normal 0.608538 0.793525 -0
    outer loop
      vertex -0.745649 -19.0649 47.1925
      vertex -0.835624 -18.9959 54
      vertex -0.745649 -19.0649 54
    endloop
  endfacet
  facet normal 0.608538 0.793525 0
    outer loop
      vertex -0.835624 -18.9959 54
      vertex -0.745649 -19.0649 47.1925
      vertex -0.835624 -18.9959 47.136
    endloop
  endfacet
  facet normal -0.793423 0.60867 0
    outer loop
      vertex 0.995857 -18.8356 47.0051
      vertex 1.0649 -18.7456 54
      vertex 1.0649 -18.7456 46.9315
    endloop
  endfacet
  facet normal -0.793423 0.60867 0
    outer loop
      vertex 1.0649 -18.7456 54
      vertex 0.995857 -18.8356 47.0051
      vertex 0.995857 -18.8356 54
    endloop
  endfacet
  facet normal -0.887007 -0.461755 0
    outer loop
      vertex 1.1782 -17.4506 45.8731
      vertex 1.12583 -17.35 54
      vertex 1.12583 -17.35 45.7909
    endloop
  endfacet
  facet normal -0.887007 -0.461755 0
    outer loop
      vertex 1.12583 -17.35 54
      vertex 1.1782 -17.4506 45.8731
      vertex 1.1782 -17.4506 54
    endloop
  endfacet
  facet normal 0.953676 0.300836 -0
    outer loop
      vertex -1.2216 -18.4446 46.6855
      vertex -1.2557 -18.3365 54
      vertex -1.2216 -18.4446 54
    endloop
  endfacet
  facet normal 0.953676 0.300836 0
    outer loop
      vertex -1.2557 -18.3365 54
      vertex -1.2216 -18.4446 46.6855
      vertex -1.2557 -18.3365 46.5971
    endloop
  endfacet
  facet normal 0.216889 -0.976196 0
    outer loop
      vertex -0.336464 -16.7443 45.2958
      vertex -0.225742 -16.7197 54
      vertex -0.336464 -16.7443 54
    endloop
  endfacet
  facet normal 0.216889 -0.976196 0
    outer loop
      vertex -0.225742 -16.7197 54
      vertex -0.336464 -16.7443 45.2958
      vertex -0.225742 -16.7197 45.2758
    endloop
  endfacet
  facet normal 0.976322 0.216324 -0
    outer loop
      vertex -1.2557 -18.3365 46.5971
      vertex -1.28025 -18.2257 54
      vertex -1.2557 -18.3365 54
    endloop
  endfacet
  facet normal 0.976322 0.216324 0
    outer loop
      vertex -1.28025 -18.2257 54
      vertex -1.2557 -18.3365 46.5971
      vertex -1.28025 -18.2257 46.5066
    endloop
  endfacet
  facet normal -0.461974 0.886893 0
    outer loop
      vertex 0.65 -19.1258 54
      vertex 0.549403 -19.1782 47.2851
      vertex 0.549403 -19.1782 54
    endloop
  endfacet
  facet normal -0.461974 0.886893 0
    outer loop
      vertex 0.549403 -19.1782 47.2851
      vertex 0.65 -19.1258 54
      vertex 0.65 -19.1258 47.2423
    endloop
  endfacet
  facet normal -0.976322 -0.216324 0
    outer loop
      vertex 1.28025 -17.7743 46.1376
      vertex 1.2557 -17.6635 54
      vertex 1.2557 -17.6635 46.0471
    endloop
  endfacet
  facet normal -0.976322 -0.216324 0
    outer loop
      vertex 1.2557 -17.6635 54
      vertex 1.28025 -17.7743 46.1376
      vertex 1.28025 -17.7743 54
    endloop
  endfacet
  facet normal -0.991442 -0.130546 0
    outer loop
      vertex 1.29505 -17.8867 46.2295
      vertex 1.28025 -17.7743 54
      vertex 1.28025 -17.7743 46.1376
    endloop
  endfacet
  facet normal -0.991442 -0.130546 0
    outer loop
      vertex 1.28025 -17.7743 54
      vertex 1.29505 -17.8867 46.2295
      vertex 1.29505 -17.8867 54
    endloop
  endfacet
  facet normal 0.300679 0.953725 -0
    outer loop
      vertex -0.336464 -19.2557 47.3484
      vertex -0.444626 -19.2216 54
      vertex -0.336464 -19.2557 54
    endloop
  endfacet
  facet normal 0.300679 0.953725 0
    outer loop
      vertex -0.444626 -19.2216 54
      vertex -0.336464 -19.2557 47.3484
      vertex -0.444626 -19.2216 47.3205
    endloop
  endfacet
  facet normal -0.0432069 -0.999066 0
    outer loop
      vertex 0 -16.7 54
      vertex 0.113302 -16.7049 45.2637
      vertex 0.113302 -16.7049 54
    endloop
  endfacet
  facet normal -0.0432069 -0.999066 0
    outer loop
      vertex 0.113302 -16.7049 45.2637
      vertex 0 -16.7 54
      vertex 0 -16.7 45.2596
    endloop
  endfacet
  facet normal 0.793096 -0.609096 0
    outer loop
      vertex -1.0649 -17.2543 45.7127
      vertex -0.995857 -17.1644 54
      vertex -1.0649 -17.2543 54
    endloop
  endfacet
  facet normal 0.793096 -0.609096 0
    outer loop
      vertex -0.995857 -17.1644 54
      vertex -1.0649 -17.2543 45.7127
      vertex -0.995857 -17.1644 45.6392
    endloop
  endfacet
  facet normal 0.0432069 -0.999066 0
    outer loop
      vertex -0.113302 -16.7049 45.2637
      vertex 0 -16.7 54
      vertex -0.113302 -16.7049 54
    endloop
  endfacet
  facet normal 0.0432069 -0.999066 0
    outer loop
      vertex 0 -16.7 54
      vertex -0.113302 -16.7049 45.2637
      vertex 0 -16.7 45.2596
    endloop
  endfacet
  facet normal -0.991442 0.130546 0
    outer loop
      vertex 1.28025 -18.2257 46.5066
      vertex 1.29505 -18.1133 54
      vertex 1.29505 -18.1133 46.4147
    endloop
  endfacet
  facet normal -0.991442 0.130546 0
    outer loop
      vertex 1.29505 -18.1133 54
      vertex 1.28025 -18.2257 46.5066
      vertex 1.28025 -18.2257 54
    endloop
  endfacet
  facet normal -0.843287 0.537463 0
    outer loop
      vertex 1.0649 -18.7456 46.9315
      vertex 1.12583 -18.65 54
      vertex 1.12583 -18.65 46.8534
    endloop
  endfacet
  facet normal -0.843287 0.537463 0
    outer loop
      vertex 1.12583 -18.65 54
      vertex 1.0649 -18.7456 46.9315
      vertex 1.0649 -18.7456 54
    endloop
  endfacet
  facet normal -0.999047 -0.0436477 0
    outer loop
      vertex 1.3 -18 46.3221
      vertex 1.29505 -17.8867 54
      vertex 1.29505 -17.8867 46.2295
    endloop
  endfacet
  facet normal -0.999047 -0.0436477 0
    outer loop
      vertex 1.29505 -17.8867 54
      vertex 1.3 -18 46.3221
      vertex 1.3 -18 54
    endloop
  endfacet
  facet normal 0.923909 -0.382611 0
    outer loop
      vertex -1.2216 -17.5554 45.9587
      vertex -1.1782 -17.4506 54
      vertex -1.2216 -17.5554 54
    endloop
  endfacet
  facet normal 0.923909 -0.382611 0
    outer loop
      vertex -1.1782 -17.4506 54
      vertex -1.2216 -17.5554 45.9587
      vertex -1.1782 -17.4506 45.8731
    endloop
  endfacet
  facet normal -0.737217 0.675656 0
    outer loop
      vertex 0.919238 -18.9192 47.0734
      vertex 0.995857 -18.8356 54
      vertex 0.995857 -18.8356 47.0051
    endloop
  endfacet
  facet normal -0.737217 0.675656 0
    outer loop
      vertex 0.995857 -18.8356 54
      vertex 0.919238 -18.9192 47.0734
      vertex 0.919238 -18.9192 54
    endloop
  endfacet
  facet normal -0.300679 -0.953725 0
    outer loop
      vertex 0.336464 -16.7443 54
      vertex 0.444626 -16.7784 45.3237
      vertex 0.444626 -16.7784 54
    endloop
  endfacet
  facet normal -0.300679 -0.953725 0
    outer loop
      vertex 0.444626 -16.7784 45.3237
      vertex 0.336464 -16.7443 54
      vertex 0.336464 -16.7443 45.2958
    endloop
  endfacet
  facet normal 0.887007 -0.461755 0
    outer loop
      vertex -1.1782 -17.4506 45.8731
      vertex -1.12583 -17.35 54
      vertex -1.1782 -17.4506 54
    endloop
  endfacet
  facet normal 0.887007 -0.461755 0
    outer loop
      vertex -1.12583 -17.35 54
      vertex -1.1782 -17.4506 45.8731
      vertex -1.12583 -17.35 45.7909
    endloop
  endfacet
  facet normal -0.461974 -0.886893 0
    outer loop
      vertex 0.549403 -16.8218 54
      vertex 0.65 -16.8742 45.402
      vertex 0.65 -16.8742 54
    endloop
  endfacet
  facet normal -0.461974 -0.886893 0
    outer loop
      vertex 0.65 -16.8742 45.402
      vertex 0.549403 -16.8218 54
      vertex 0.549403 -16.8218 45.3592
    endloop
  endfacet
  facet normal -0.976322 0.216324 0
    outer loop
      vertex 1.2557 -18.3365 46.5971
      vertex 1.28025 -18.2257 54
      vertex 1.28025 -18.2257 46.5066
    endloop
  endfacet
  facet normal -0.976322 0.216324 0
    outer loop
      vertex 1.28025 -18.2257 54
      vertex 1.2557 -18.3365 46.5971
      vertex 1.2557 -18.3365 54
    endloop
  endfacet
  facet normal 0.382683 -0.92388 0
    outer loop
      vertex -0.549403 -16.8218 45.3592
      vertex -0.444626 -16.7784 54
      vertex -0.549403 -16.8218 54
    endloop
  endfacet
  facet normal 0.382683 -0.92388 0
    outer loop
      vertex -0.444626 -16.7784 54
      vertex -0.549403 -16.8218 45.3592
      vertex -0.444626 -16.7784 45.3237
    endloop
  endfacet
  facet normal -0.1305 -0.991448 0
    outer loop
      vertex 0.113302 -16.7049 54
      vertex 0.225742 -16.7197 45.2758
      vertex 0.225742 -16.7197 54
    endloop
  endfacet
  facet normal -0.1305 -0.991448 0
    outer loop
      vertex 0.225742 -16.7197 45.2758
      vertex 0.113302 -16.7049 54
      vertex 0.113302 -16.7049 45.2637
    endloop
  endfacet
  facet normal 0.999047 -0.0436477 0
    outer loop
      vertex -1.3 -18 46.3221
      vertex -1.29505 -17.8867 54
      vertex -1.3 -18 54
    endloop
  endfacet
  facet normal 0.999047 -0.0436477 0
    outer loop
      vertex -1.29505 -17.8867 54
      vertex -1.3 -18 46.3221
      vertex -1.29505 -17.8867 46.2295
    endloop
  endfacet
  facet normal 0.675982 0.736918 -0
    outer loop
      vertex -0.835624 -18.9959 47.136
      vertex -0.919238 -18.9192 54
      vertex -0.835624 -18.9959 54
    endloop
  endfacet
  facet normal 0.675982 0.736918 0
    outer loop
      vertex -0.919238 -18.9192 54
      vertex -0.835624 -18.9959 47.136
      vertex -0.919238 -18.9192 47.0734
    endloop
  endfacet
  facet normal 0.843542 -0.537064 0
    outer loop
      vertex -1.12583 -17.35 45.7909
      vertex -1.0649 -17.2543 54
      vertex -1.12583 -17.35 54
    endloop
  endfacet
  facet normal 0.843542 -0.537064 0
    outer loop
      vertex -1.0649 -17.2543 54
      vertex -1.12583 -17.35 45.7909
      vertex -1.0649 -17.2543 45.7127
    endloop
  endfacet
  facet normal 0.537079 0.843532 -0
    outer loop
      vertex -0.65 -19.1258 47.2423
      vertex -0.745649 -19.0649 54
      vertex -0.65 -19.1258 54
    endloop
  endfacet
  facet normal 0.537079 0.843532 0
    outer loop
      vertex -0.745649 -19.0649 54
      vertex -0.65 -19.1258 47.2423
      vertex -0.745649 -19.0649 47.1925
    endloop
  endfacet
  facet normal 0.793423 0.60867 -0
    outer loop
      vertex -0.995857 -18.8356 47.0051
      vertex -1.0649 -18.7456 54
      vertex -0.995857 -18.8356 54
    endloop
  endfacet
  facet normal 0.793423 0.60867 0
    outer loop
      vertex -1.0649 -18.7456 54
      vertex -0.995857 -18.8356 47.0051
      vertex -1.0649 -18.7456 46.9315
    endloop
  endfacet
  facet normal 0.737217 0.675656 -0
    outer loop
      vertex -0.919238 -18.9192 47.0734
      vertex -0.995857 -18.8356 54
      vertex -0.919238 -18.9192 54
    endloop
  endfacet
  facet normal 0.737217 0.675656 0
    outer loop
      vertex -0.995857 -18.8356 54
      vertex -0.919238 -18.9192 47.0734
      vertex -0.995857 -18.8356 47.0051
    endloop
  endfacet
  facet normal -0.382683 -0.92388 0
    outer loop
      vertex 0.444626 -16.7784 54
      vertex 0.549403 -16.8218 45.3592
      vertex 0.549403 -16.8218 54
    endloop
  endfacet
  facet normal -0.382683 -0.92388 0
    outer loop
      vertex 0.549403 -16.8218 45.3592
      vertex 0.444626 -16.7784 54
      vertex 0.444626 -16.7784 45.3237
    endloop
  endfacet
  facet normal -0.793353 -0.608762 0
    outer loop
      vertex 7.27742 6.10648 6
      vertex 7.36122 5.99727 18.1024
      vertex 7.27742 6.10648 18.1127
    endloop
  endfacet
  facet normal -0.79335 -0.608766 -5.7224e-08
    outer loop
      vertex 7.69815 5.55818 18.1024
      vertex 7.36122 5.99727 18.1024
      vertex 7.27742 6.10648 6
    endloop
  endfacet
  facet normal -0.79335 -0.608766 -0.000112551
    outer loop
      vertex 7.36122 5.99727 18.1024
      vertex 7.69815 5.55818 18.1024
      vertex 7.52968 5.77773 18.1106
    endloop
  endfacet
  facet normal -0.793352 -0.608763 1.65404e-07
    outer loop
      vertex 7.78194 5.44898 6
      vertex 7.69815 5.55818 18.1024
      vertex 7.27742 6.10648 6
    endloop
  endfacet
  facet normal -0.793361 -0.608752 0
    outer loop
      vertex 7.69815 5.55818 18.1024
      vertex 7.78194 5.44898 6
      vertex 7.78194 5.44898 18.1127
    endloop
  endfacet
  facet normal -0.793352 -0.608763 0
    outer loop
      vertex 7.78194 5.44898 27.4
      vertex 7.27742 6.10648 54
      vertex 7.27742 6.10648 27.4
    endloop
  endfacet
  facet normal -0.793352 -0.608763 0
    outer loop
      vertex 7.27742 6.10648 54
      vertex 7.78194 5.44898 27.4
      vertex 7.78194 5.44898 54
    endloop
  endfacet
  facet normal -0.991445 -0.130522 0
    outer loop
      vertex 9.35567 1.64966 6
      vertex 9.40213 1.29675 18.1124
      vertex 9.35567 1.64966 18.1224
    endloop
  endfacet
  facet normal -0.991444 -0.130534 -3.52744e-07
    outer loop
      vertex 9.35567 1.64966 6
      vertex 9.44588 0.964456 18.1024
      vertex 9.40213 1.29675 18.1124
    endloop
  endfacet
  facet normal -0.991444 -0.130531 -1.52113e-07
    outer loop
      vertex 9.46385 0.827979 6
      vertex 9.44588 0.964456 18.1024
      vertex 9.35567 1.64966 6
    endloop
  endfacet
  facet normal -0.991443 -0.130544 0
    outer loop
      vertex 9.44588 0.964456 18.1024
      vertex 9.46385 0.827979 6
      vertex 9.46385 0.827979 18.1127
    endloop
  endfacet
  facet normal -0.999048 -0.0436141 0
    outer loop
      vertex 9.46385 0.827979 6
      vertex 9.49737 0.0601511 18.1175
      vertex 9.46385 0.827979 18.1127
    endloop
  endfacet
  facet normal -0.999048 -0.043619 -3.10926e-07
    outer loop
      vertex 9.5 0 6
      vertex 9.49737 0.0601511 18.1175
      vertex 9.46385 0.827979 6
    endloop
  endfacet
  facet normal -0.999046 -0.0436815 0
    outer loop
      vertex 9.49737 0.0601511 18.1175
      vertex 9.5 0 6
      vertex 9.5 0 18.1178
    endloop
  endfacet
  facet normal -0.9763 -0.216422 0
    outer loop
      vertex 9.23623 2.18843 18.1
      vertex 9.1763 2.45878 18.1178
      vertex 9.1763 2.45878 6
    endloop
  endfacet
  facet normal -0.28472 -0 -0.958611
    outer loop
      vertex 9.1763 2.45878 18.1178
      vertex 9.23623 2.18843 18.1
      vertex 9.1763 2.45877 18.1178
    endloop
  endfacet
  facet normal -0.976298 -0.216431 -2.11198e-07
    outer loop
      vertex 9.35567 1.64966 6
      vertex 9.23623 2.18843 18.1
      vertex 9.1763 2.45878 6
    endloop
  endfacet
  facet normal -0.976297 -0.216435 0
    outer loop
      vertex 9.23623 2.18843 18.1
      vertex 9.35567 1.64966 6
      vertex 9.35567 1.64966 18.1224
    endloop
  endfacet
  facet normal -0.9763 -0.21642 0
    outer loop
      vertex 9.18933 2.4 27.4
      vertex 9.1763 2.45878 54
      vertex 9.1763 2.45878 27.4
    endloop
  endfacet
  facet normal -0.9763 -0.21642 0
    outer loop
      vertex 9.1763 2.45878 54
      vertex 9.18933 2.4 27.4
      vertex 9.18933 2.4 54
    endloop
  endfacet
  facet normal 0.608763 0.793352 -0
    outer loop
      vertex -5.44898 -7.78194 6
      vertex -6.10648 -7.27742 54
      vertex -5.44898 -7.78194 54
    endloop
  endfacet
  facet normal 0.608763 0.793352 0
    outer loop
      vertex -6.10648 -7.27742 54
      vertex -5.44898 -7.78194 6
      vertex -6.10648 -7.27742 6
    endloop
  endfacet
  facet normal 0.976298 -0.216431 0
    outer loop
      vertex -9.35567 1.64966 54
      vertex -9.1763 2.45878 6
      vertex -9.1763 2.45878 54
    endloop
  endfacet
  facet normal 0.976298 -0.216431 0
    outer loop
      vertex -9.1763 2.45878 6
      vertex -9.35567 1.64966 54
      vertex -9.35567 1.64966 6
    endloop
  endfacet
  facet normal 0.953715 0.300711 0
    outer loop
      vertex -8.92708 -3.24919 54
      vertex -9.1763 -2.45878 6
      vertex -9.1763 -2.45878 54
    endloop
  endfacet
  facet normal 0.953715 0.300711 0
    outer loop
      vertex -9.1763 -2.45878 6
      vertex -8.92708 -3.24919 54
      vertex -8.92708 -3.24919 6
    endloop
  endfacet
  facet normal 0.130541 -0.991443 0
    outer loop
      vertex -1.64966 9.35567 18.1127
      vertex -1.64966 9.35567 6
      vertex -1.51318 9.37364 18.1024
    endloop
  endfacet
  facet normal 0.130536 -0.991444 4.09254e-07
    outer loop
      vertex -0.827979 9.46385 6
      vertex -1.18089 9.41739 18.1124
      vertex -1.51318 9.37364 18.1024
    endloop
  endfacet
  facet normal 0.130531 -0.991444 1.19756e-07
    outer loop
      vertex -0.827979 9.46385 6
      vertex -1.51318 9.37364 18.1024
      vertex -1.64966 9.35567 6
    endloop
  endfacet
  facet normal 0.130522 -0.991445 0
    outer loop
      vertex -1.18089 9.41739 18.1124
      vertex -0.827979 9.46385 6
      vertex -0.827979 9.46385 18.1224
    endloop
  endfacet
  facet normal 0.130531 -0.991444 0
    outer loop
      vertex -1.64966 9.35567 30.4
      vertex -0.827979 9.46385 54
      vertex -1.64966 9.35567 54
    endloop
  endfacet
  facet normal 0.130531 -0.991444 0
    outer loop
      vertex -0.827979 9.46385 54
      vertex -1.64966 9.35567 30.4
      vertex -0.827979 9.46385 30.4
    endloop
  endfacet
  facet normal -0.216435 -0.976297 -0
    outer loop
      vertex 1.64966 9.35567 18.1224
      vertex 1.64966 9.35567 6
      vertex 2.18843 9.23623 18.1
    endloop
  endfacet
  facet normal 0 -0.28472 -0.958611
    outer loop
      vertex 2.18843 9.23623 18.1
      vertex 2.45878 9.1763 18.1178
      vertex 2.45877 9.1763 18.1178
    endloop
  endfacet
  facet normal -0.216431 -0.976298 -2.11198e-07
    outer loop
      vertex 2.45878 9.1763 6
      vertex 2.18843 9.23623 18.1
      vertex 1.64966 9.35567 6
    endloop
  endfacet
  facet normal -0.216422 -0.9763 0
    outer loop
      vertex 2.18843 9.23623 18.1
      vertex 2.45878 9.1763 6
      vertex 2.45878 9.1763 18.1178
    endloop
  endfacet
  facet normal -0.216431 -0.976298 0
    outer loop
      vertex 1.64966 9.35567 30.4
      vertex 2.45878 9.1763 54
      vertex 1.64966 9.35567 54
    endloop
  endfacet
  facet normal -0.216432 -0.976298 2.94962e-08
    outer loop
      vertex 2.4 9.18933 30.4
      vertex 2.45878 9.1763 54
      vertex 1.64966 9.35567 30.4
    endloop
  endfacet
  facet normal -0.21642 -0.9763 0
    outer loop
      vertex 2.45878 9.1763 27.4
      vertex 2.4 9.18933 30.4
      vertex 2.4 9.18933 27.4
    endloop
  endfacet
  facet normal -0.21642 -0.9763 0
    outer loop
      vertex 2.4 9.18933 30.4
      vertex 2.45878 9.1763 27.4
      vertex 2.45878 9.1763 54
    endloop
  endfacet
  facet normal -0.130531 0.991444 0
    outer loop
      vertex 1.64966 -9.35567 6
      vertex 0.827979 -9.46385 54
      vertex 1.64966 -9.35567 54
    endloop
  endfacet
  facet normal -0.130531 0.991444 0
    outer loop
      vertex 0.827979 -9.46385 54
      vertex 1.64966 -9.35567 6
      vertex 0.827979 -9.46385 6
    endloop
  endfacet
  facet normal -0.923877 0.382689 0
    outer loop
      vertex 8.60992 -4.01487 6
      vertex 8.92708 -3.24919 54
      vertex 8.92708 -3.24919 6
    endloop
  endfacet
  facet normal -0.923877 0.382689 0
    outer loop
      vertex 8.92708 -3.24919 54
      vertex 8.60992 -4.01487 6
      vertex 8.60992 -4.01487 54
    endloop
  endfacet
  facet normal 0.675593 0.737275 -0
    outer loop
      vertex -6.10648 -7.27742 6
      vertex -6.71751 -6.71751 54
      vertex -6.10648 -7.27742 54
    endloop
  endfacet
  facet normal 0.675593 0.737275 0
    outer loop
      vertex -6.71751 -6.71751 54
      vertex -6.10648 -7.27742 6
      vertex -6.71751 -6.71751 6
    endloop
  endfacet
  facet normal 0.461744 -0.887013 0
    outer loop
      vertex -4.75 8.22724 6
      vertex -4.01487 8.60992 54
      vertex -4.75 8.22724 54
    endloop
  endfacet
  facet normal 0.461744 -0.887013 0
    outer loop
      vertex -4.01487 8.60992 54
      vertex -4.75 8.22724 6
      vertex -4.01487 8.60992 6
    endloop
  endfacet
  facet normal -0.737275 0.675593 0
    outer loop
      vertex 6.71751 -6.71751 6
      vertex 7.27742 -6.10648 54
      vertex 7.27742 -6.10648 6
    endloop
  endfacet
  facet normal -0.737275 0.675593 0
    outer loop
      vertex 7.27742 -6.10648 54
      vertex 6.71751 -6.71751 6
      vertex 6.71751 -6.71751 54
    endloop
  endfacet
  facet normal 0.130531 0.991444 -0
    outer loop
      vertex -0.827979 -9.46385 6
      vertex -1.64966 -9.35567 54
      vertex -0.827979 -9.46385 54
    endloop
  endfacet
  facet normal 0.130531 0.991444 0
    outer loop
      vertex -1.64966 -9.35567 54
      vertex -0.827979 -9.46385 6
      vertex -1.64966 -9.35567 6
    endloop
  endfacet
  facet normal 0.5373 -0.843391 0
    outer loop
      vertex -5.44898 7.78194 6
      vertex -4.75 8.22724 54
      vertex -5.44898 7.78194 54
    endloop
  endfacet
  facet normal 0.5373 -0.843391 0
    outer loop
      vertex -4.75 8.22724 54
      vertex -5.44898 7.78194 6
      vertex -4.75 8.22724 6
    endloop
  endfacet
  facet normal 0.843391 -0.5373 0
    outer loop
      vertex -8.22724 4.75 54
      vertex -7.78194 5.44898 6
      vertex -7.78194 5.44898 54
    endloop
  endfacet
  facet normal 0.843391 -0.5373 0
    outer loop
      vertex -7.78194 5.44898 6
      vertex -8.22724 4.75 54
      vertex -8.22724 4.75 6
    endloop
  endfacet
  facet normal 0 -0.118785 0.99292
    outer loop
      vertex 4.75 8.22724 18.1178
      vertex 4.98355 8.07845 18.1
      vertex 4.75001 8.22724 18.1178
    endloop
  endfacet
  facet normal -0.537305 -0.843388 0
    outer loop
      vertex 4.98355 8.07845 18.1
      vertex 4.75 8.22724 18.1178
      vertex 4.75 8.22724 6
    endloop
  endfacet
  facet normal -0.537285 -0.843401 -0.000661163
    outer loop
      vertex 4.98355 8.07845 18.1
      vertex 5.44898 7.78194 18.1127
      vertex 5.27414 7.89332 18.114
    endloop
  endfacet
  facet normal -0.5373 -0.843391 -1.41522e-07
    outer loop
      vertex 5.44898 7.78194 6
      vertex 4.98355 8.07845 18.1
      vertex 4.75 8.22724 6
    endloop
  endfacet
  facet normal -0.537298 -0.843393 0
    outer loop
      vertex 4.98355 8.07845 18.1
      vertex 5.44898 7.78194 6
      vertex 5.44898 7.78194 18.1127
    endloop
  endfacet
  facet normal -0.5373 -0.843391 0
    outer loop
      vertex 4.75 8.22724 27.4
      vertex 5.44898 7.78194 54
      vertex 4.75 8.22724 54
    endloop
  endfacet
  facet normal -0.5373 -0.843391 -0
    outer loop
      vertex 5.44898 7.78194 54
      vertex 4.75 8.22724 27.4
      vertex 5.44898 7.78194 27.4
    endloop
  endfacet
  facet normal 0.043619 0.999048 -0
    outer loop
      vertex 0 -9.5 6
      vertex -0.827979 -9.46385 54
      vertex 0 -9.5 54
    endloop
  endfacet
  facet normal 0.043619 0.999048 0
    outer loop
      vertex -0.827979 -9.46385 54
      vertex 0 -9.5 6
      vertex -0.827979 -9.46385 6
    endloop
  endfacet
  facet normal -0.382684 -0.923879 -2.09609e-08
    outer loop
      vertex 3.37637 8.8744 18.1024
      vertex 3.24919 8.92708 6
      vertex 3.8877 8.6626 18.1024
    endloop
  endfacet
  facet normal -0.382685 -0.923879 0
    outer loop
      vertex 3.24919 8.92708 6
      vertex 3.37637 8.8744 18.1024
      vertex 3.24919 8.92708 18.1127
    endloop
  endfacet
  facet normal -0.382684 -0.923879 -0.000233344
    outer loop
      vertex 3.63203 8.7685 18.1106
      vertex 3.37637 8.8744 18.1024
      vertex 3.8877 8.6626 18.1024
    endloop
  endfacet
  facet normal -0.382689 -0.923877 2.77685e-07
    outer loop
      vertex 4.01487 8.60992 6
      vertex 3.8877 8.6626 18.1024
      vertex 3.24919 8.92708 6
    endloop
  endfacet
  facet normal -0.382711 -0.923868 0
    outer loop
      vertex 3.8877 8.6626 18.1024
      vertex 4.01487 8.60992 6
      vertex 4.01487 8.60992 18.1127
    endloop
  endfacet
  facet normal -0.382689 -0.923877 0
    outer loop
      vertex 3.24919 8.92708 27.4
      vertex 4.01487 8.60992 54
      vertex 3.24919 8.92708 54
    endloop
  endfacet
  facet normal -0.382689 -0.923877 -0
    outer loop
      vertex 4.01487 8.60992 54
      vertex 3.24919 8.92708 27.4
      vertex 4.01487 8.60992 27.4
    endloop
  endfacet
  facet normal 0.382689 0.923877 -0
    outer loop
      vertex -3.24919 -8.92708 6
      vertex -4.01487 -8.60992 54
      vertex -3.24919 -8.92708 54
    endloop
  endfacet
  facet normal 0.382689 0.923877 0
    outer loop
      vertex -4.01487 -8.60992 54
      vertex -3.24919 -8.92708 6
      vertex -4.01487 -8.60992 6
    endloop
  endfacet
  facet normal 0.976298 0.216431 0
    outer loop
      vertex -9.1763 -2.45878 54
      vertex -9.35567 -1.64966 6
      vertex -9.35567 -1.64966 54
    endloop
  endfacet
  facet normal 0.976298 0.216431 0
    outer loop
      vertex -9.35567 -1.64966 6
      vertex -9.1763 -2.45878 54
      vertex -9.1763 -2.45878 6
    endloop
  endfacet
  facet normal -0.953715 0.300711 0
    outer loop
      vertex 8.92708 -3.24919 6
      vertex 9.1763 -2.45878 54
      vertex 9.1763 -2.45878 6
    endloop
  endfacet
  facet normal -0.953715 0.300711 0
    outer loop
      vertex 9.1763 -2.45878 54
      vertex 8.92708 -3.24919 6
      vertex 8.92708 -3.24919 54
    endloop
  endfacet
  facet normal 0.737275 -0.675593 0
    outer loop
      vertex -7.27742 6.10648 54
      vertex -6.71751 6.71751 6
      vertex -6.71751 6.71751 54
    endloop
  endfacet
  facet normal 0.737275 -0.675593 0
    outer loop
      vertex -6.71751 6.71751 6
      vertex -7.27742 6.10648 54
      vertex -7.27742 6.10648 6
    endloop
  endfacet
  facet normal 0.300711 -0.953715 0
    outer loop
      vertex -3.24919 8.92708 6
      vertex -2.45878 9.1763 54
      vertex -3.24919 8.92708 54
    endloop
  endfacet
  facet normal 0.300711 -0.953715 0
    outer loop
      vertex -2.45878 9.1763 54
      vertex -3.24919 8.92708 6
      vertex -2.45878 9.1763 6
    endloop
  endfacet
  facet normal 0.608763 -0.793352 0
    outer loop
      vertex -6.10648 7.27742 6
      vertex -5.44898 7.78194 54
      vertex -6.10648 7.27742 54
    endloop
  endfacet
  facet normal 0.608763 -0.793352 0
    outer loop
      vertex -5.44898 7.78194 54
      vertex -6.10648 7.27742 6
      vertex -5.44898 7.78194 6
    endloop
  endfacet
  facet normal -0.461744 0.887013 0
    outer loop
      vertex 4.75 -8.22724 6
      vertex 4.01487 -8.60992 54
      vertex 4.75 -8.22724 54
    endloop
  endfacet
  facet normal -0.461744 0.887013 0
    outer loop
      vertex 4.01487 -8.60992 54
      vertex 4.75 -8.22724 6
      vertex 4.01487 -8.60992 6
    endloop
  endfacet
  facet normal -0.216431 0.976298 0
    outer loop
      vertex 2.45878 -9.1763 6
      vertex 1.64966 -9.35567 54
      vertex 2.45878 -9.1763 54
    endloop
  endfacet
  facet normal -0.216431 0.976298 0
    outer loop
      vertex 1.64966 -9.35567 54
      vertex 2.45878 -9.1763 6
      vertex 1.64966 -9.35567 6
    endloop
  endfacet
  facet normal 0.216431 -0.976298 2.73534e-08
    outer loop
      vertex -2.45878 9.1763 54
      vertex -2.4 9.18933 30.4
      vertex -1.64966 9.35567 54
    endloop
  endfacet
  facet normal 0.21642 -0.9763 0
    outer loop
      vertex -2.45878 9.1763 54
      vertex -2.4 9.18933 18.1175
      vertex -2.4 9.18933 30.4
    endloop
  endfacet
  facet normal 0.21642 -0.9763 0
    outer loop
      vertex -2.45878 9.1763 6
      vertex -2.4 9.18933 18.1175
      vertex -2.45878 9.1763 54
    endloop
  endfacet
  facet normal 0.216432 -0.976298 -5.74449e-08
    outer loop
      vertex -2.45878 9.1763 6
      vertex -1.64966 9.35567 18.1127
      vertex -2.4 9.18933 18.1175
    endloop
  endfacet
  facet normal 0.216431 -0.976298 0
    outer loop
      vertex -1.64966 9.35567 18.1127
      vertex -2.45878 9.1763 6
      vertex -1.64966 9.35567 6
    endloop
  endfacet
  facet normal 0.216432 -0.976298 0
    outer loop
      vertex -1.64966 9.35567 54
      vertex -2.4 9.18933 30.4
      vertex -1.64966 9.35567 30.4
    endloop
  endfacet
  facet normal -0.843393 -0.537298 0
    outer loop
      vertex 8.07845 4.98355 18.1
      vertex 7.78194 5.44898 18.1127
      vertex 7.78194 5.44898 6
    endloop
  endfacet
  facet normal -0.843401 -0.537285 -0.000661163
    outer loop
      vertex 7.78194 5.44898 18.1127
      vertex 8.07845 4.98355 18.1
      vertex 7.89332 5.27414 18.114
    endloop
  endfacet
  facet normal -0.843391 -0.5373 -1.41522e-07
    outer loop
      vertex 8.22724 4.75 6
      vertex 8.07845 4.98355 18.1
      vertex 7.78194 5.44898 6
    endloop
  endfacet
  facet normal -0.843388 -0.537305 -0
    outer loop
      vertex 8.22724 4.75 18.1178
      vertex 8.07845 4.98355 18.1
      vertex 8.22724 4.75 6
    endloop
  endfacet
  facet normal -0.118785 0 0.99292
    outer loop
      vertex 8.07845 4.98355 18.1
      vertex 8.22724 4.75 18.1178
      vertex 8.22724 4.75001 18.1178
    endloop
  endfacet
  facet normal -0.843391 -0.5373 0
    outer loop
      vertex 8.22724 4.75 27.4
      vertex 7.78194 5.44898 54
      vertex 7.78194 5.44898 27.4
    endloop
  endfacet
  facet normal -0.843391 -0.5373 0
    outer loop
      vertex 7.78194 5.44898 54
      vertex 8.22724 4.75 27.4
      vertex 8.22724 4.75 54
    endloop
  endfacet
  facet normal 0.887013 0.461744 0
    outer loop
      vertex -8.22724 -4.75 54
      vertex -8.60992 -4.01487 6
      vertex -8.60992 -4.01487 54
    endloop
  endfacet
  facet normal 0.887013 0.461744 0
    outer loop
      vertex -8.60992 -4.01487 6
      vertex -8.22724 -4.75 54
      vertex -8.22724 -4.75 6
    endloop
  endfacet
  facet normal -0.976298 0.216432 0
    outer loop
      vertex 9.35567 -1.64966 6
      vertex 9.18933 -2.4 18.1175
      vertex 9.35567 -1.64966 18.1127
    endloop
  endfacet
  facet normal -0.976298 0.216431 -5.32734e-08
    outer loop
      vertex 9.1763 -2.45878 6
      vertex 9.18933 -2.4 18.1175
      vertex 9.35567 -1.64966 6
    endloop
  endfacet
  facet normal -0.9763 0.21642 0
    outer loop
      vertex 9.1763 -2.45878 54
      vertex 9.18933 -2.4 18.1175
      vertex 9.1763 -2.45878 6
    endloop
  endfacet
  facet normal -0.9763 0.21642 0
    outer loop
      vertex 9.18933 -2.4 18.1175
      vertex 9.1763 -2.45878 54
      vertex 9.18933 -2.4 54
    endloop
  endfacet
  facet normal -0.999048 0.0436234 0
    outer loop
      vertex 9.5 0 6
      vertex 9.48792 -0.276652 18.1
      vertex 9.5 0 18.1178
    endloop
  endfacet
  facet normal -0.999048 0.043619 -1.01367e-07
    outer loop
      vertex 9.46385 -0.827979 6
      vertex 9.48792 -0.276652 18.1
      vertex 9.5 0 6
    endloop
  endfacet
  facet normal -0.999048 0.0436168 0
    outer loop
      vertex 9.48792 -0.276652 18.1
      vertex 9.46385 -0.827979 6
      vertex 9.46385 -0.827979 18.1224
    endloop
  endfacet
  facet normal -0.843391 0.5373 0
    outer loop
      vertex 7.78194 -5.44898 6
      vertex 8.22724 -4.75 54
      vertex 8.22724 -4.75 6
    endloop
  endfacet
  facet normal -0.843391 0.5373 0
    outer loop
      vertex 8.22724 -4.75 54
      vertex 7.78194 -5.44898 6
      vertex 7.78194 -5.44898 54
    endloop
  endfacet
  facet normal 0.843391 0.5373 0
    outer loop
      vertex -7.78194 -5.44898 54
      vertex -8.22724 -4.75 6
      vertex -8.22724 -4.75 54
    endloop
  endfacet
  facet normal 0.843391 0.5373 0
    outer loop
      vertex -8.22724 -4.75 6
      vertex -7.78194 -5.44898 54
      vertex -7.78194 -5.44898 6
    endloop
  endfacet
  facet normal -0.461726 -0.887022 0.000558124
    outer loop
      vertex 4.01487 8.60992 18.1127
      vertex 4.50437 8.35511 18.1
      vertex 4.19874 8.51421 18.114
    endloop
  endfacet
  facet normal -0.461738 -0.887016 0
    outer loop
      vertex 4.50437 8.35511 18.1
      vertex 4.01487 8.60992 18.1127
      vertex 4.01487 8.60992 6
    endloop
  endfacet
  facet normal -0.461744 -0.887013 3.37521e-07
    outer loop
      vertex 4.75 8.22724 6
      vertex 4.50437 8.35511 18.1
      vertex 4.01487 8.60992 6
    endloop
  endfacet
  facet normal -0.461757 -0.887006 0
    outer loop
      vertex 4.50437 8.35511 18.1
      vertex 4.75 8.22724 6
      vertex 4.75 8.22724 18.1178
    endloop
  endfacet
  facet normal -0.461744 -0.887013 0
    outer loop
      vertex 4.01487 8.60992 27.4
      vertex 4.75 8.22724 54
      vertex 4.01487 8.60992 54
    endloop
  endfacet
  facet normal -0.461744 -0.887013 -0
    outer loop
      vertex 4.75 8.22724 54
      vertex 4.01487 8.60992 27.4
      vertex 4.75 8.22724 27.4
    endloop
  endfacet
  facet normal -0.887013 0.461744 0
    outer loop
      vertex 8.22724 -4.75 6
      vertex 8.60992 -4.01487 54
      vertex 8.60992 -4.01487 6
    endloop
  endfacet
  facet normal -0.887013 0.461744 0
    outer loop
      vertex 8.60992 -4.01487 54
      vertex 8.22724 -4.75 6
      vertex 8.22724 -4.75 54
    endloop
  endfacet
  facet normal -0.675583 -0.737284 1.73136e-06
    outer loop
      vertex 6.10648 7.27742 18.1127
      vertex 6.51335 6.9046 18.1
      vertex 6.25931 7.13738 18.114
    endloop
  endfacet
  facet normal -0.675583 -0.737284 0
    outer loop
      vertex 6.51335 6.9046 18.1
      vertex 6.10648 7.27742 18.1127
      vertex 6.10648 7.27742 6
    endloop
  endfacet
  facet normal -0.675593 -0.737275 6.35923e-07
    outer loop
      vertex 6.71751 6.71751 6
      vertex 6.51335 6.9046 18.1
      vertex 6.10648 7.27742 6
    endloop
  endfacet
  facet normal -0.675613 -0.737256 0
    outer loop
      vertex 6.51335 6.9046 18.1
      vertex 6.71751 6.71751 6
      vertex 6.71751 6.71751 18.1178
    endloop
  endfacet
  facet normal -0.675593 -0.737275 0
    outer loop
      vertex 6.10648 7.27742 27.4
      vertex 6.71751 6.71751 54
      vertex 6.10648 7.27742 54
    endloop
  endfacet
  facet normal -0.675593 -0.737275 -0
    outer loop
      vertex 6.71751 6.71751 54
      vertex 6.10648 7.27742 27.4
      vertex 6.71751 6.71751 27.4
    endloop
  endfacet
  facet normal -0.382689 0.923877 0
    outer loop
      vertex 4.01487 -8.60992 6
      vertex 3.24919 -8.92708 54
      vertex 4.01487 -8.60992 54
    endloop
  endfacet
  facet normal -0.382689 0.923877 0
    outer loop
      vertex 3.24919 -8.92708 54
      vertex 4.01487 -8.60992 6
      vertex 3.24919 -8.92708 6
    endloop
  endfacet
  facet normal -0.608766 -0.79335 2.09742e-07
    outer loop
      vertex 5.55818 7.69815 18.1024
      vertex 5.44898 7.78194 6
      vertex 5.99727 7.36122 18.1024
    endloop
  endfacet
  facet normal -0.608752 -0.793361 0
    outer loop
      vertex 5.44898 7.78194 6
      vertex 5.55818 7.69815 18.1024
      vertex 5.44898 7.78194 18.1127
    endloop
  endfacet
  facet normal -0.608766 -0.79335 -0.000112551
    outer loop
      vertex 5.77773 7.52968 18.1106
      vertex 5.55818 7.69815 18.1024
      vertex 5.99727 7.36122 18.1024
    endloop
  endfacet
  facet normal -0.608763 -0.793352 -1.28813e-08
    outer loop
      vertex 6.10648 7.27742 6
      vertex 5.99727 7.36122 18.1024
      vertex 5.44898 7.78194 6
    endloop
  endfacet
  facet normal -0.608762 -0.793353 0
    outer loop
      vertex 5.99727 7.36122 18.1024
      vertex 6.10648 7.27742 6
      vertex 6.10648 7.27742 18.1127
    endloop
  endfacet
  facet normal -0.608763 -0.793352 0
    outer loop
      vertex 5.44898 7.78194 27.4
      vertex 6.10648 7.27742 54
      vertex 5.44898 7.78194 54
    endloop
  endfacet
  facet normal -0.608763 -0.793352 -0
    outer loop
      vertex 6.10648 7.27742 54
      vertex 5.44898 7.78194 27.4
      vertex 6.10648 7.27742 27.4
    endloop
  endfacet
  facet normal -0.043619 0.999048 0
    outer loop
      vertex 0.827979 -9.46385 6
      vertex 0 -9.5 54
      vertex 0.827979 -9.46385 54
    endloop
  endfacet
  facet normal -0.043619 0.999048 0
    outer loop
      vertex 0 -9.5 54
      vertex 0.827979 -9.46385 6
      vertex 0 -9.5 6
    endloop
  endfacet
  facet normal -0.953719 -0.3007 0
    outer loop
      vertex 8.92708 3.24919 6
      vertex 8.98941 3.0515 18.114
      vertex 8.92708 3.24919 18.1127
    endloop
  endfacet
  facet normal -0.953712 -0.300723 -4.19725e-07
    outer loop
      vertex 8.92708 3.24919 6
      vertex 9.09303 2.72288 18.1
      vertex 8.98941 3.0515 18.114
    endloop
  endfacet
  facet normal -0.953715 -0.300711 1.55692e-07
    outer loop
      vertex 9.1763 2.45878 6
      vertex 9.09303 2.72288 18.1
      vertex 8.92708 3.24919 6
    endloop
  endfacet
  facet normal -0.953717 -0.300704 0
    outer loop
      vertex 9.09303 2.72288 18.1
      vertex 9.1763 2.45878 6
      vertex 9.1763 2.45878 18.1178
    endloop
  endfacet
  facet normal -0.953715 -0.300711 0
    outer loop
      vertex 9.1763 2.45878 27.4
      vertex 8.92708 3.24919 54
      vertex 8.92708 3.24919 27.4
    endloop
  endfacet
  facet normal -0.953715 -0.300711 0
    outer loop
      vertex 8.92708 3.24919 54
      vertex 9.1763 2.45878 27.4
      vertex 9.1763 2.45878 54
    endloop
  endfacet
  facet normal -0.793352 0.608763 0
    outer loop
      vertex 7.27742 -6.10648 6
      vertex 7.78194 -5.44898 54
      vertex 7.78194 -5.44898 6
    endloop
  endfacet
  facet normal -0.793352 0.608763 0
    outer loop
      vertex 7.78194 -5.44898 54
      vertex 7.27742 -6.10648 6
      vertex 7.27742 -6.10648 54
    endloop
  endfacet
  facet normal 0.5373 0.843391 -0
    outer loop
      vertex -4.75 -8.22724 6
      vertex -5.44898 -7.78194 54
      vertex -4.75 -8.22724 54
    endloop
  endfacet
  facet normal 0.5373 0.843391 0
    outer loop
      vertex -5.44898 -7.78194 54
      vertex -4.75 -8.22724 6
      vertex -5.44898 -7.78194 6
    endloop
  endfacet
  facet normal 0.887013 -0.461744 0
    outer loop
      vertex -8.60992 4.01487 54
      vertex -8.22724 4.75 6
      vertex -8.22724 4.75 54
    endloop
  endfacet
  facet normal 0.887013 -0.461744 0
    outer loop
      vertex -8.22724 4.75 6
      vertex -8.60992 4.01487 54
      vertex -8.60992 4.01487 6
    endloop
  endfacet
  facet normal 0.0436168 -0.999048 0
    outer loop
      vertex -0.827979 9.46385 18.1224
      vertex -0.827979 9.46385 6
      vertex -0.276652 9.48792 18.1
    endloop
  endfacet
  facet normal 0.043619 -0.999048 -1.01367e-07
    outer loop
      vertex 0 9.5 6
      vertex -0.276652 9.48792 18.1
      vertex -0.827979 9.46385 6
    endloop
  endfacet
  facet normal 0.0436234 -0.999048 0
    outer loop
      vertex -0.276652 9.48792 18.1
      vertex 0 9.5 6
      vertex 0 9.5 18.1178
    endloop
  endfacet
  facet normal 0.043619 -0.999048 0
    outer loop
      vertex -0.827979 9.46385 30.4
      vertex 0 9.5 54
      vertex -0.827979 9.46385 54
    endloop
  endfacet
  facet normal 0.043619 -0.999048 0
    outer loop
      vertex 0 9.5 54
      vertex -0.827979 9.46385 30.4
      vertex 0 9.5 30.4
    endloop
  endfacet
  facet normal -0.608763 0.793352 0
    outer loop
      vertex 6.10648 -7.27742 6
      vertex 5.44898 -7.78194 54
      vertex 6.10648 -7.27742 54
    endloop
  endfacet
  facet normal -0.608763 0.793352 0
    outer loop
      vertex 5.44898 -7.78194 54
      vertex 6.10648 -7.27742 6
      vertex 5.44898 -7.78194 6
    endloop
  endfacet
  facet normal -0.130544 -0.991443 -0
    outer loop
      vertex 0.827979 9.46385 18.1127
      vertex 0.827979 9.46385 6
      vertex 0.964456 9.44588 18.1024
    endloop
  endfacet
  facet normal -0.130534 -0.991444 -3.52744e-07
    outer loop
      vertex 1.64966 9.35567 6
      vertex 1.29675 9.40213 18.1124
      vertex 0.964456 9.44588 18.1024
    endloop
  endfacet
  facet normal -0.130531 -0.991444 -1.52113e-07
    outer loop
      vertex 1.64966 9.35567 6
      vertex 0.964456 9.44588 18.1024
      vertex 0.827979 9.46385 6
    endloop
  endfacet
  facet normal -0.130522 -0.991445 0
    outer loop
      vertex 1.29675 9.40213 18.1124
      vertex 1.64966 9.35567 6
      vertex 1.64966 9.35567 18.1224
    endloop
  endfacet
  facet normal -0.130531 -0.991444 0
    outer loop
      vertex 0.827979 9.46385 30.4
      vertex 1.64966 9.35567 54
      vertex 0.827979 9.46385 54
    endloop
  endfacet
  facet normal -0.130531 -0.991444 -0
    outer loop
      vertex 1.64966 9.35567 54
      vertex 0.827979 9.46385 30.4
      vertex 1.64966 9.35567 30.4
    endloop
  endfacet
  facet normal -0.923868 -0.382711 0
    outer loop
      vertex 8.60992 4.01487 6
      vertex 8.6626 3.8877 18.1024
      vertex 8.60992 4.01487 18.1127
    endloop
  endfacet
  facet normal -0.923879 -0.382684 3.37166e-07
    outer loop
      vertex 8.8744 3.37637 18.1024
      vertex 8.6626 3.8877 18.1024
      vertex 8.60992 4.01487 6
    endloop
  endfacet
  facet normal -0.923879 -0.382684 -0.000233344
    outer loop
      vertex 8.6626 3.8877 18.1024
      vertex 8.8744 3.37637 18.1024
      vertex 8.7685 3.63203 18.1106
    endloop
  endfacet
  facet normal -0.923877 -0.382689 3.85241e-08
    outer loop
      vertex 8.92708 3.24919 6
      vertex 8.8744 3.37637 18.1024
      vertex 8.60992 4.01487 6
    endloop
  endfacet
  facet normal -0.923879 -0.382685 0
    outer loop
      vertex 8.8744 3.37637 18.1024
      vertex 8.92708 3.24919 6
      vertex 8.92708 3.24919 18.1127
    endloop
  endfacet
  facet normal -0.923877 -0.382689 0
    outer loop
      vertex 8.92708 3.24919 27.4
      vertex 8.60992 4.01487 54
      vertex 8.60992 4.01487 27.4
    endloop
  endfacet
  facet normal -0.923877 -0.382689 0
    outer loop
      vertex 8.60992 4.01487 54
      vertex 8.92708 3.24919 27.4
      vertex 8.92708 3.24919 54
    endloop
  endfacet
  facet normal -0.0436815 -0.999046 0
    outer loop
      vertex 0 9.5 6
      vertex 0.0601511 9.49737 18.1175
      vertex 0 9.5 18.1178
    endloop
  endfacet
  facet normal -0.0436141 -0.999048 -3.35274e-07
    outer loop
      vertex 0.0601511 9.49737 18.1175
      vertex 0 9.5 6
      vertex 0.827979 9.46385 18.1127
    endloop
  endfacet
  facet normal -0.043619 -0.999048 -0
    outer loop
      vertex 0.827979 9.46385 18.1127
      vertex 0 9.5 6
      vertex 0.827979 9.46385 6
    endloop
  endfacet
  facet normal -0.043619 -0.999048 0
    outer loop
      vertex 0 9.5 30.4
      vertex 0.827979 9.46385 54
      vertex 0 9.5 54
    endloop
  endfacet
  facet normal -0.043619 -0.999048 -0
    outer loop
      vertex 0.827979 9.46385 54
      vertex 0 9.5 30.4
      vertex 0.827979 9.46385 30.4
    endloop
  endfacet
  facet normal -0.887006 -0.461757 0
    outer loop
      vertex 8.22724 4.75 6
      vertex 8.35511 4.50437 18.1
      vertex 8.22724 4.75 18.1178
    endloop
  endfacet
  facet normal -0.887013 -0.461744 3.37521e-07
    outer loop
      vertex 8.60992 4.01487 6
      vertex 8.35511 4.50437 18.1
      vertex 8.22724 4.75 6
    endloop
  endfacet
  facet normal -0.887016 -0.461738 -0
    outer loop
      vertex 8.60992 4.01487 18.1127
      vertex 8.35511 4.50437 18.1
      vertex 8.60992 4.01487 6
    endloop
  endfacet
  facet normal -0.887022 -0.461726 0.000558124
    outer loop
      vertex 8.35511 4.50437 18.1
      vertex 8.60992 4.01487 18.1127
      vertex 8.51421 4.19874 18.114
    endloop
  endfacet
  facet normal -0.887013 -0.461744 0
    outer loop
      vertex 8.60992 4.01487 27.4
      vertex 8.22724 4.75 54
      vertex 8.22724 4.75 27.4
    endloop
  endfacet
  facet normal -0.887013 -0.461744 0
    outer loop
      vertex 8.22724 4.75 54
      vertex 8.60992 4.01487 27.4
      vertex 8.60992 4.01487 54
    endloop
  endfacet
  facet normal 0.675593 -0.737275 0
    outer loop
      vertex -6.71751 6.71751 6
      vertex -6.10648 7.27742 54
      vertex -6.71751 6.71751 54
    endloop
  endfacet
  facet normal 0.675593 -0.737275 0
    outer loop
      vertex -6.10648 7.27742 54
      vertex -6.71751 6.71751 6
      vertex -6.10648 7.27742 6
    endloop
  endfacet
  facet normal 0.923877 0.382689 0
    outer loop
      vertex -8.60992 -4.01487 54
      vertex -8.92708 -3.24919 6
      vertex -8.92708 -3.24919 54
    endloop
  endfacet
  facet normal 0.923877 0.382689 0
    outer loop
      vertex -8.92708 -3.24919 6
      vertex -8.60992 -4.01487 54
      vertex -8.60992 -4.01487 6
    endloop
  endfacet
  facet normal -0.737256 -0.675613 0
    outer loop
      vertex 6.71751 6.71751 6
      vertex 6.9046 6.51335 18.1
      vertex 6.71751 6.71751 18.1178
    endloop
  endfacet
  facet normal -0.737275 -0.675593 6.35923e-07
    outer loop
      vertex 7.27742 6.10648 6
      vertex 6.9046 6.51335 18.1
      vertex 6.71751 6.71751 6
    endloop
  endfacet
  facet normal -0.737284 -0.675583 -0
    outer loop
      vertex 7.27742 6.10648 18.1127
      vertex 6.9046 6.51335 18.1
      vertex 7.27742 6.10648 6
    endloop
  endfacet
  facet normal -0.737284 -0.675583 1.73136e-06
    outer loop
      vertex 6.9046 6.51335 18.1
      vertex 7.27742 6.10648 18.1127
      vertex 7.13738 6.25931 18.114
    endloop
  endfacet
  facet normal -0.737275 -0.675593 0
    outer loop
      vertex 7.27742 6.10648 27.4
      vertex 6.71751 6.71751 54
      vertex 6.71751 6.71751 27.4
    endloop
  endfacet
  facet normal -0.737275 -0.675593 0
    outer loop
      vertex 6.71751 6.71751 54
      vertex 7.27742 6.10648 27.4
      vertex 7.27742 6.10648 54
    endloop
  endfacet
  facet normal 0.216431 0.976298 -0
    outer loop
      vertex -1.64966 -9.35567 6
      vertex -2.45878 -9.1763 54
      vertex -1.64966 -9.35567 54
    endloop
  endfacet
  facet normal 0.216431 0.976298 0
    outer loop
      vertex -2.45878 -9.1763 54
      vertex -1.64966 -9.35567 6
      vertex -2.45878 -9.1763 6
    endloop
  endfacet
  facet normal 0.737275 0.675593 0
    outer loop
      vertex -6.71751 -6.71751 54
      vertex -7.27742 -6.10648 6
      vertex -7.27742 -6.10648 54
    endloop
  endfacet
  facet normal 0.737275 0.675593 0
    outer loop
      vertex -7.27742 -6.10648 6
      vertex -6.71751 -6.71751 54
      vertex -6.71751 -6.71751 6
    endloop
  endfacet
  facet normal 0.991444 0.130531 0
    outer loop
      vertex -9.35567 -1.64966 54
      vertex -9.46385 -0.827979 6
      vertex -9.46385 -0.827979 54
    endloop
  endfacet
  facet normal 0.991444 0.130531 0
    outer loop
      vertex -9.46385 -0.827979 6
      vertex -9.35567 -1.64966 54
      vertex -9.35567 -1.64966 6
    endloop
  endfacet
  facet normal 0.793352 0.608763 0
    outer loop
      vertex -7.27742 -6.10648 54
      vertex -7.78194 -5.44898 6
      vertex -7.78194 -5.44898 54
    endloop
  endfacet
  facet normal 0.793352 0.608763 0
    outer loop
      vertex -7.78194 -5.44898 6
      vertex -7.27742 -6.10648 54
      vertex -7.27742 -6.10648 6
    endloop
  endfacet
  facet normal -0.300711 0.953715 0
    outer loop
      vertex 3.24919 -8.92708 6
      vertex 2.45878 -9.1763 54
      vertex 3.24919 -8.92708 54
    endloop
  endfacet
  facet normal -0.300711 0.953715 0
    outer loop
      vertex 2.45878 -9.1763 54
      vertex 3.24919 -8.92708 6
      vertex 2.45878 -9.1763 6
    endloop
  endfacet
  facet normal 0.999048 0.043619 0
    outer loop
      vertex -9.46385 -0.827979 54
      vertex -9.5 0 6
      vertex -9.5 0 54
    endloop
  endfacet
  facet normal 0.999048 0.043619 0
    outer loop
      vertex -9.5 0 6
      vertex -9.46385 -0.827979 54
      vertex -9.46385 -0.827979 6
    endloop
  endfacet
  facet normal 0.953715 -0.300711 0
    outer loop
      vertex -9.1763 2.45878 54
      vertex -8.92708 3.24919 6
      vertex -8.92708 3.24919 54
    endloop
  endfacet
  facet normal 0.953715 -0.300711 0
    outer loop
      vertex -8.92708 3.24919 6
      vertex -9.1763 2.45878 54
      vertex -9.1763 2.45878 6
    endloop
  endfacet
  facet normal -0.5373 0.843391 0
    outer loop
      vertex 5.44898 -7.78194 6
      vertex 4.75 -8.22724 54
      vertex 5.44898 -7.78194 54
    endloop
  endfacet
  facet normal -0.5373 0.843391 0
    outer loop
      vertex 4.75 -8.22724 54
      vertex 5.44898 -7.78194 6
      vertex 4.75 -8.22724 6
    endloop
  endfacet
  facet normal 0.793352 -0.608763 0
    outer loop
      vertex -7.78194 5.44898 54
      vertex -7.27742 6.10648 6
      vertex -7.27742 6.10648 54
    endloop
  endfacet
  facet normal 0.793352 -0.608763 0
    outer loop
      vertex -7.27742 6.10648 6
      vertex -7.78194 5.44898 54
      vertex -7.78194 5.44898 6
    endloop
  endfacet
  facet normal -0.991445 0.130522 0
    outer loop
      vertex 9.46385 -0.827979 6
      vertex 9.41739 -1.18089 18.1124
      vertex 9.46385 -0.827979 18.1224
    endloop
  endfacet
  facet normal -0.991444 0.130536 4.09254e-07
    outer loop
      vertex 9.46385 -0.827979 6
      vertex 9.37364 -1.51318 18.1024
      vertex 9.41739 -1.18089 18.1124
    endloop
  endfacet
  facet normal -0.991444 0.130531 1.19756e-07
    outer loop
      vertex 9.35567 -1.64966 6
      vertex 9.37364 -1.51318 18.1024
      vertex 9.46385 -0.827979 6
    endloop
  endfacet
  facet normal -0.991443 0.130541 0
    outer loop
      vertex 9.37364 -1.51318 18.1024
      vertex 9.35567 -1.64966 6
      vertex 9.35567 -1.64966 18.1127
    endloop
  endfacet
  facet normal 0.991444 -0.130531 0
    outer loop
      vertex -9.46385 0.827979 54
      vertex -9.35567 1.64966 6
      vertex -9.35567 1.64966 54
    endloop
  endfacet
  facet normal 0.991444 -0.130531 0
    outer loop
      vertex -9.35567 1.64966 6
      vertex -9.46385 0.827979 54
      vertex -9.46385 0.827979 6
    endloop
  endfacet
  facet normal 0.999048 -0.043619 0
    outer loop
      vertex -9.5 0 54
      vertex -9.46385 0.827979 6
      vertex -9.46385 0.827979 54
    endloop
  endfacet
  facet normal 0.999048 -0.043619 0
    outer loop
      vertex -9.46385 0.827979 6
      vertex -9.5 0 54
      vertex -9.5 0 6
    endloop
  endfacet
  facet normal 0.923877 -0.382689 0
    outer loop
      vertex -8.92708 3.24919 54
      vertex -8.60992 4.01487 6
      vertex -8.60992 4.01487 54
    endloop
  endfacet
  facet normal 0.923877 -0.382689 0
    outer loop
      vertex -8.60992 4.01487 6
      vertex -8.92708 3.24919 54
      vertex -8.92708 3.24919 6
    endloop
  endfacet
  facet normal 0.300711 0.953715 -0
    outer loop
      vertex -2.45878 -9.1763 6
      vertex -3.24919 -8.92708 54
      vertex -2.45878 -9.1763 54
    endloop
  endfacet
  facet normal 0.300711 0.953715 0
    outer loop
      vertex -3.24919 -8.92708 54
      vertex -2.45878 -9.1763 6
      vertex -3.24919 -8.92708 6
    endloop
  endfacet
  facet normal -0.300704 -0.953717 -0
    outer loop
      vertex 2.45878 9.1763 18.1178
      vertex 2.45878 9.1763 6
      vertex 2.72288 9.09303 18.1
    endloop
  endfacet
  facet normal -0.300703 -0.953718 -0.000523358
    outer loop
      vertex 2.72288 9.09303 18.1
      vertex 3.24919 8.92708 18.1127
      vertex 3.0515 8.98941 18.114
    endloop
  endfacet
  facet normal -0.300711 -0.953715 1.55692e-07
    outer loop
      vertex 3.24919 8.92708 6
      vertex 2.72288 9.09303 18.1
      vertex 2.45878 9.1763 6
    endloop
  endfacet
  facet normal -0.300714 -0.953714 0
    outer loop
      vertex 2.72288 9.09303 18.1
      vertex 3.24919 8.92708 6
      vertex 3.24919 8.92708 18.1127
    endloop
  endfacet
  facet normal -0.300711 -0.953715 0
    outer loop
      vertex 2.45878 9.1763 27.4
      vertex 3.24919 8.92708 54
      vertex 2.45878 9.1763 54
    endloop
  endfacet
  facet normal -0.300711 -0.953715 -0
    outer loop
      vertex 3.24919 8.92708 54
      vertex 2.45878 9.1763 27.4
      vertex 3.24919 8.92708 27.4
    endloop
  endfacet
  facet normal -0.675593 0.737275 0
    outer loop
      vertex 6.71751 -6.71751 6
      vertex 6.10648 -7.27742 54
      vertex 6.71751 -6.71751 54
    endloop
  endfacet
  facet normal -0.675593 0.737275 0
    outer loop
      vertex 6.10648 -7.27742 54
      vertex 6.71751 -6.71751 6
      vertex 6.10648 -7.27742 6
    endloop
  endfacet
  facet normal 0.382689 -0.923877 0
    outer loop
      vertex -4.01487 8.60992 6
      vertex -3.24919 8.92708 54
      vertex -4.01487 8.60992 54
    endloop
  endfacet
  facet normal 0.382689 -0.923877 0
    outer loop
      vertex -3.24919 8.92708 54
      vertex -4.01487 8.60992 6
      vertex -3.24919 8.92708 6
    endloop
  endfacet
  facet normal 0 0 1
    outer loop
      vertex 5.4 0 6
      vertex 9.5 0 6
      vertex 9.46385 0.827979 6
    endloop
  endfacet
  facet normal 0 0 1
    outer loop
      vertex 5.37945 0.47064 6
      vertex 9.46385 0.827979 6
      vertex 9.35567 1.64966 6
    endloop
  endfacet
  facet normal 0 0 1
    outer loop
      vertex 9.5 0 6
      vertex 5.4 0 6
      vertex 9.46385 -0.827979 6
    endloop
  endfacet
  facet normal 0 0 1
    outer loop
      vertex 5.31796 0.937699 6
      vertex 9.35567 1.64966 6
      vertex 9.1763 2.45878 6
    endloop
  endfacet
  facet normal -0 0 1
    outer loop
      vertex 5.37945 -0.47064 6
      vertex 9.46385 -0.827979 6
      vertex 5.4 0 6
    endloop
  endfacet
  facet normal 0 0 1
    outer loop
      vertex 5.216 1.39762 6
      vertex 9.1763 2.45878 6
      vertex 8.92708 3.24919 6
    endloop
  endfacet
  facet normal 0 0 1
    outer loop
      vertex 9.46385 -0.827979 6
      vertex 5.37945 -0.47064 6
      vertex 9.35567 -1.64966 6
    endloop
  endfacet
  facet normal 0 0 1
    outer loop
      vertex 5.07434 1.84691 6
      vertex 8.92708 3.24919 6
      vertex 8.60992 4.01487 6
    endloop
  endfacet
  facet normal -0 0 1
    outer loop
      vertex 5.31796 -0.937699 6
      vertex 9.35567 -1.64966 6
      vertex 5.37945 -0.47064 6
    endloop
  endfacet
  facet normal 0 0 1
    outer loop
      vertex 4.89406 2.28214 6
      vertex 8.60992 4.01487 6
      vertex 8.22724 4.75 6
    endloop
  endfacet
  facet normal 0 0 1
    outer loop
      vertex 9.35567 -1.64966 6
      vertex 5.31796 -0.937699 6
      vertex 9.1763 -2.45878 6
    endloop
  endfacet
  facet normal 0 0 1
    outer loop
      vertex 4.67654 2.7 6
      vertex 8.22724 4.75 6
      vertex 7.78194 5.44898 6
    endloop
  endfacet
  facet normal -0 0 1
    outer loop
      vertex 5.216 -1.39762 6
      vertex 9.1763 -2.45878 6
      vertex 5.31796 -0.937699 6
    endloop
  endfacet
  facet normal 0 0 1
    outer loop
      vertex 4.42342 3.09731 6
      vertex 7.78194 5.44898 6
      vertex 7.27742 6.10648 6
    endloop
  endfacet
  facet normal 0 0 1
    outer loop
      vertex 9.1763 -2.45878 6
      vertex 5.216 -1.39762 6
      vertex 8.92708 -3.24919 6
    endloop
  endfacet
  facet normal 0 0 1
    outer loop
      vertex 4.13664 3.47105 6
      vertex 7.27742 6.10648 6
      vertex 6.71751 6.71751 6
    endloop
  endfacet
  facet normal -0 0 1
    outer loop
      vertex 5.07434 -1.84691 6
      vertex 8.92708 -3.24919 6
      vertex 5.216 -1.39762 6
    endloop
  endfacet
  facet normal 0 0 1
    outer loop
      vertex 3.81838 3.81838 6
      vertex 6.71751 6.71751 6
      vertex 6.10648 7.27742 6
    endloop
  endfacet
  facet normal 0 0 1
    outer loop
      vertex 8.92708 -3.24919 6
      vertex 5.07434 -1.84691 6
      vertex 8.60992 -4.01487 6
    endloop
  endfacet
  facet normal 0 0 1
    outer loop
      vertex 3.47105 4.13664 6
      vertex 6.10648 7.27742 6
      vertex 5.44898 7.78194 6
    endloop
  endfacet
  facet normal -0 0 1
    outer loop
      vertex 4.89406 -2.28214 6
      vertex 8.60992 -4.01487 6
      vertex 5.07434 -1.84691 6
    endloop
  endfacet
  facet normal 0 0 1
    outer loop
      vertex 8.60992 -4.01487 6
      vertex 4.89406 -2.28214 6
      vertex 8.22724 -4.75 6
    endloop
  endfacet
  facet normal 0 0 1
    outer loop
      vertex 9.46385 0.827979 6
      vertex 5.37945 0.47064 6
      vertex 5.4 0 6
    endloop
  endfacet
  facet normal 0 0 1
    outer loop
      vertex 9.35567 1.64966 6
      vertex 5.31796 0.937699 6
      vertex 5.37945 0.47064 6
    endloop
  endfacet
  facet normal 0 0 1
    outer loop
      vertex 9.1763 2.45878 6
      vertex 5.216 1.39762 6
      vertex 5.31796 0.937699 6
    endloop
  endfacet
  facet normal 0 0 1
    outer loop
      vertex 8.92708 3.24919 6
      vertex 5.07434 1.84691 6
      vertex 5.216 1.39762 6
    endloop
  endfacet
  facet normal 0 0 1
    outer loop
      vertex 8.60992 4.01487 6
      vertex 4.89406 2.28214 6
      vertex 5.07434 1.84691 6
    endloop
  endfacet
  facet normal 0 0 1
    outer loop
      vertex 3.09731 4.42342 6
      vertex 5.44898 7.78194 6
      vertex 4.75 8.22724 6
    endloop
  endfacet
  facet normal 0 0 1
    outer loop
      vertex 8.22724 4.75 6
      vertex 4.67654 2.7 6
      vertex 4.89406 2.28214 6
    endloop
  endfacet
  facet normal 0 0 1
    outer loop
      vertex 7.78194 5.44898 6
      vertex 4.42342 3.09731 6
      vertex 4.67654 2.7 6
    endloop
  endfacet
  facet normal 0 0 1
    outer loop
      vertex 7.27742 6.10648 6
      vertex 4.13664 3.47105 6
      vertex 4.42342 3.09731 6
    endloop
  endfacet
  facet normal 0 0 1
    outer loop
      vertex 2.7 4.67654 6
      vertex 4.75 8.22724 6
      vertex 4.01487 8.60992 6
    endloop
  endfacet
  facet normal 0 0 1
    outer loop
      vertex 6.71751 6.71751 6
      vertex 3.81838 3.81838 6
      vertex 4.13664 3.47105 6
    endloop
  endfacet
  facet normal 0 0 1
    outer loop
      vertex 6.10648 7.27742 6
      vertex 3.47105 4.13664 6
      vertex 3.81838 3.81838 6
    endloop
  endfacet
  facet normal 0 0 1
    outer loop
      vertex 2.28214 4.89406 6
      vertex 4.01487 8.60992 6
      vertex 3.24919 8.92708 6
    endloop
  endfacet
  facet normal 0 0 1
    outer loop
      vertex 5.44898 7.78194 6
      vertex 3.09731 4.42342 6
      vertex 3.47105 4.13664 6
    endloop
  endfacet
  facet normal 0 0 1
    outer loop
      vertex 4.75 8.22724 6
      vertex 2.7 4.67654 6
      vertex 3.09731 4.42342 6
    endloop
  endfacet
  facet normal 0 0 1
    outer loop
      vertex 1.84691 5.07434 6
      vertex 3.24919 8.92708 6
      vertex 2.45878 9.1763 6
    endloop
  endfacet
  facet normal 0 0 1
    outer loop
      vertex 4.01487 8.60992 6
      vertex 2.28214 4.89406 6
      vertex 2.7 4.67654 6
    endloop
  endfacet
  facet normal 0 0 1
    outer loop
      vertex 3.24919 8.92708 6
      vertex 1.84691 5.07434 6
      vertex 2.28214 4.89406 6
    endloop
  endfacet
  facet normal 0 0 1
    outer loop
      vertex 1.39762 5.216 6
      vertex 2.45878 9.1763 6
      vertex 1.64966 9.35567 6
    endloop
  endfacet
  facet normal 0 0 1
    outer loop
      vertex 2.45878 9.1763 6
      vertex 1.39762 5.216 6
      vertex 1.84691 5.07434 6
    endloop
  endfacet
  facet normal 0 0 1
    outer loop
      vertex 1.64966 9.35567 6
      vertex 0.937699 5.31796 6
      vertex 1.39762 5.216 6
    endloop
  endfacet
  facet normal 0 0 1
    outer loop
      vertex 0.827979 9.46385 6
      vertex 0.937699 5.31796 6
      vertex 1.64966 9.35567 6
    endloop
  endfacet
  facet normal 0 0 1
    outer loop
      vertex 0.827979 9.46385 6
      vertex 0.47064 5.37945 6
      vertex 0.937699 5.31796 6
    endloop
  endfacet
  facet normal 0 0 1
    outer loop
      vertex 0 9.5 6
      vertex 0.47064 5.37945 6
      vertex 0.827979 9.46385 6
    endloop
  endfacet
  facet normal 0 0 1
    outer loop
      vertex 0 9.5 6
      vertex 0 5.4 6
      vertex 0.47064 5.37945 6
    endloop
  endfacet
  facet normal 0 0 1
    outer loop
      vertex 0 9.5 6
      vertex -0.47064 5.37945 6
      vertex 0 5.4 6
    endloop
  endfacet
  facet normal -0 0 1
    outer loop
      vertex -0.827979 9.46385 6
      vertex -0.47064 5.37945 6
      vertex 0 9.5 6
    endloop
  endfacet
  facet normal 0 0 1
    outer loop
      vertex -0.827979 9.46385 6
      vertex -0.937699 5.31796 6
      vertex -0.47064 5.37945 6
    endloop
  endfacet
  facet normal -0 0 1
    outer loop
      vertex -1.64966 9.35567 6
      vertex -0.937699 5.31796 6
      vertex -0.827979 9.46385 6
    endloop
  endfacet
  facet normal 0 0 1
    outer loop
      vertex -0.937699 5.31796 6
      vertex -1.64966 9.35567 6
      vertex -1.39762 5.216 6
    endloop
  endfacet
  facet normal -0 0 1
    outer loop
      vertex -2.45878 9.1763 6
      vertex -1.39762 5.216 6
      vertex -1.64966 9.35567 6
    endloop
  endfacet
  facet normal 0 0 1
    outer loop
      vertex -1.39762 5.216 6
      vertex -2.45878 9.1763 6
      vertex -1.84691 5.07434 6
    endloop
  endfacet
  facet normal -0 0 1
    outer loop
      vertex -3.24919 8.92708 6
      vertex -1.84691 5.07434 6
      vertex -2.45878 9.1763 6
    endloop
  endfacet
  facet normal 0 0 1
    outer loop
      vertex -1.84691 5.07434 6
      vertex -3.24919 8.92708 6
      vertex -2.28214 4.89406 6
    endloop
  endfacet
  facet normal -0 0 1
    outer loop
      vertex -4.01487 8.60992 6
      vertex -2.28214 4.89406 6
      vertex -3.24919 8.92708 6
    endloop
  endfacet
  facet normal 0 0 1
    outer loop
      vertex -2.28214 4.89406 6
      vertex -4.01487 8.60992 6
      vertex -2.7 4.67654 6
    endloop
  endfacet
  facet normal -0 0 1
    outer loop
      vertex -4.75 8.22724 6
      vertex -2.7 4.67654 6
      vertex -4.01487 8.60992 6
    endloop
  endfacet
  facet normal 0 0 1
    outer loop
      vertex -2.7 4.67654 6
      vertex -4.75 8.22724 6
      vertex -3.09731 4.42342 6
    endloop
  endfacet
  facet normal -0 0 1
    outer loop
      vertex -5.44898 7.78194 6
      vertex -3.09731 4.42342 6
      vertex -4.75 8.22724 6
    endloop
  endfacet
  facet normal 0 0 1
    outer loop
      vertex -3.09731 4.42342 6
      vertex -5.44898 7.78194 6
      vertex -3.47105 4.13664 6
    endloop
  endfacet
  facet normal -0 0 1
    outer loop
      vertex -6.10648 7.27742 6
      vertex -3.47105 4.13664 6
      vertex -5.44898 7.78194 6
    endloop
  endfacet
  facet normal 0 0 1
    outer loop
      vertex -3.47105 4.13664 6
      vertex -6.10648 7.27742 6
      vertex -3.81838 3.81838 6
    endloop
  endfacet
  facet normal -0 0 1
    outer loop
      vertex -6.71751 6.71751 6
      vertex -3.81838 3.81838 6
      vertex -6.10648 7.27742 6
    endloop
  endfacet
  facet normal 0 0 1
    outer loop
      vertex -3.81838 3.81838 6
      vertex -6.71751 6.71751 6
      vertex -4.13664 3.47105 6
    endloop
  endfacet
  facet normal -0 0 1
    outer loop
      vertex -7.27742 6.10648 6
      vertex -4.13664 3.47105 6
      vertex -6.71751 6.71751 6
    endloop
  endfacet
  facet normal 0 0 1
    outer loop
      vertex -4.13664 3.47105 6
      vertex -7.27742 6.10648 6
      vertex -4.42342 3.09731 6
    endloop
  endfacet
  facet normal -0 0 1
    outer loop
      vertex -7.78194 5.44898 6
      vertex -4.42342 3.09731 6
      vertex -7.27742 6.10648 6
    endloop
  endfacet
  facet normal 0 0 1
    outer loop
      vertex -4.42342 3.09731 6
      vertex -7.78194 5.44898 6
      vertex -4.67654 2.7 6
    endloop
  endfacet
  facet normal 0 0 1
    outer loop
      vertex -4.67654 2.7 6
      vertex -8.22724 4.75 6
      vertex -4.89406 2.28214 6
    endloop
  endfacet
  facet normal -0 0 1
    outer loop
      vertex -8.22724 4.75 6
      vertex -4.67654 2.7 6
      vertex -7.78194 5.44898 6
    endloop
  endfacet
  facet normal -0 0 1
    outer loop
      vertex 4.67654 -2.7 6
      vertex 8.22724 -4.75 6
      vertex 4.89406 -2.28214 6
    endloop
  endfacet
  facet normal 0 0 1
    outer loop
      vertex 8.22724 -4.75 6
      vertex 4.67654 -2.7 6
      vertex 7.78194 -5.44898 6
    endloop
  endfacet
  facet normal -0 0 1
    outer loop
      vertex 4.42342 -3.09731 6
      vertex 7.78194 -5.44898 6
      vertex 4.67654 -2.7 6
    endloop
  endfacet
  facet normal 0 0 1
    outer loop
      vertex 7.78194 -5.44898 6
      vertex 4.42342 -3.09731 6
      vertex 7.27742 -6.10648 6
    endloop
  endfacet
  facet normal -0 0 1
    outer loop
      vertex 4.13664 -3.47105 6
      vertex 7.27742 -6.10648 6
      vertex 4.42342 -3.09731 6
    endloop
  endfacet
  facet normal 0 0 1
    outer loop
      vertex 7.27742 -6.10648 6
      vertex 4.13664 -3.47105 6
      vertex 6.71751 -6.71751 6
    endloop
  endfacet
  facet normal -0 0 1
    outer loop
      vertex 3.81838 -3.81838 6
      vertex 6.71751 -6.71751 6
      vertex 4.13664 -3.47105 6
    endloop
  endfacet
  facet normal 0 0 1
    outer loop
      vertex 6.71751 -6.71751 6
      vertex 3.81838 -3.81838 6
      vertex 6.10648 -7.27742 6
    endloop
  endfacet
  facet normal -0 0 1
    outer loop
      vertex 3.47105 -4.13664 6
      vertex 6.10648 -7.27742 6
      vertex 3.81838 -3.81838 6
    endloop
  endfacet
  facet normal 0 0 1
    outer loop
      vertex 6.10648 -7.27742 6
      vertex 3.47105 -4.13664 6
      vertex 5.44898 -7.78194 6
    endloop
  endfacet
  facet normal -0 0 1
    outer loop
      vertex 3.09731 -4.42342 6
      vertex 5.44898 -7.78194 6
      vertex 3.47105 -4.13664 6
    endloop
  endfacet
  facet normal 0 0 1
    outer loop
      vertex 5.44898 -7.78194 6
      vertex 3.09731 -4.42342 6
      vertex 4.75 -8.22724 6
    endloop
  endfacet
  facet normal -0 0 1
    outer loop
      vertex 2.7 -4.67654 6
      vertex 4.75 -8.22724 6
      vertex 3.09731 -4.42342 6
    endloop
  endfacet
  facet normal 0 0 1
    outer loop
      vertex 4.75 -8.22724 6
      vertex 2.7 -4.67654 6
      vertex 4.01487 -8.60992 6
    endloop
  endfacet
  facet normal -0 0 1
    outer loop
      vertex 2.28214 -4.89406 6
      vertex 4.01487 -8.60992 6
      vertex 2.7 -4.67654 6
    endloop
  endfacet
  facet normal 0 0 1
    outer loop
      vertex 4.01487 -8.60992 6
      vertex 2.28214 -4.89406 6
      vertex 3.24919 -8.92708 6
    endloop
  endfacet
  facet normal -0 0 1
    outer loop
      vertex 1.84691 -5.07434 6
      vertex 3.24919 -8.92708 6
      vertex 2.28214 -4.89406 6
    endloop
  endfacet
  facet normal 0 0 1
    outer loop
      vertex 3.24919 -8.92708 6
      vertex 1.84691 -5.07434 6
      vertex 2.45878 -9.1763 6
    endloop
  endfacet
  facet normal -0 0 1
    outer loop
      vertex 1.39762 -5.216 6
      vertex 2.45878 -9.1763 6
      vertex 1.84691 -5.07434 6
    endloop
  endfacet
  facet normal 0 0 1
    outer loop
      vertex 2.45878 -9.1763 6
      vertex 1.39762 -5.216 6
      vertex 1.64966 -9.35567 6
    endloop
  endfacet
  facet normal -0 0 1
    outer loop
      vertex 0.937699 -5.31796 6
      vertex 1.64966 -9.35567 6
      vertex 1.39762 -5.216 6
    endloop
  endfacet
  facet normal 0 0 1
    outer loop
      vertex 0.937699 -5.31796 6
      vertex 0.827979 -9.46385 6
      vertex 1.64966 -9.35567 6
    endloop
  endfacet
  facet normal -0 0 1
    outer loop
      vertex 0.47064 -5.37945 6
      vertex 0.827979 -9.46385 6
      vertex 0.937699 -5.31796 6
    endloop
  endfacet
  facet normal -0 0 1
    outer loop
      vertex 0 -5.4 6
      vertex 0.827979 -9.46385 6
      vertex 0.47064 -5.37945 6
    endloop
  endfacet
  facet normal 0 0 1
    outer loop
      vertex 0 -5.4 6
      vertex 0 -9.5 6
      vertex 0.827979 -9.46385 6
    endloop
  endfacet
  facet normal 0 0 1
    outer loop
      vertex -0.47064 -5.37945 6
      vertex 0 -9.5 6
      vertex 0 -5.4 6
    endloop
  endfacet
  facet normal 0 0 1
    outer loop
      vertex -0.47064 -5.37945 6
      vertex -0.827979 -9.46385 6
      vertex 0 -9.5 6
    endloop
  endfacet
  facet normal 0 0 1
    outer loop
      vertex -0.937699 -5.31796 6
      vertex -0.827979 -9.46385 6
      vertex -0.47064 -5.37945 6
    endloop
  endfacet
  facet normal 0 0 1
    outer loop
      vertex -1.64966 -9.35567 6
      vertex -0.937699 -5.31796 6
      vertex -1.39762 -5.216 6
    endloop
  endfacet
  facet normal 0 0 1
    outer loop
      vertex -0.937699 -5.31796 6
      vertex -1.64966 -9.35567 6
      vertex -0.827979 -9.46385 6
    endloop
  endfacet
  facet normal 0 0 1
    outer loop
      vertex -2.45878 -9.1763 6
      vertex -1.39762 -5.216 6
      vertex -1.84691 -5.07434 6
    endloop
  endfacet
  facet normal 0 0 1
    outer loop
      vertex -3.24919 -8.92708 6
      vertex -1.84691 -5.07434 6
      vertex -2.28214 -4.89406 6
    endloop
  endfacet
  facet normal 0 0 1
    outer loop
      vertex -1.39762 -5.216 6
      vertex -2.45878 -9.1763 6
      vertex -1.64966 -9.35567 6
    endloop
  endfacet
  facet normal 0 0 1
    outer loop
      vertex -4.01487 -8.60992 6
      vertex -2.28214 -4.89406 6
      vertex -2.7 -4.67654 6
    endloop
  endfacet
  facet normal 0 0 1
    outer loop
      vertex -4.75 -8.22724 6
      vertex -2.7 -4.67654 6
      vertex -3.09731 -4.42342 6
    endloop
  endfacet
  facet normal 0 0 1
    outer loop
      vertex -1.84691 -5.07434 6
      vertex -3.24919 -8.92708 6
      vertex -2.45878 -9.1763 6
    endloop
  endfacet
  facet normal 0 0 1
    outer loop
      vertex -5.44898 -7.78194 6
      vertex -3.09731 -4.42342 6
      vertex -3.47105 -4.13664 6
    endloop
  endfacet
  facet normal 0 0 1
    outer loop
      vertex -6.10648 -7.27742 6
      vertex -3.47105 -4.13664 6
      vertex -3.81838 -3.81838 6
    endloop
  endfacet
  facet normal 0 0 1
    outer loop
      vertex -2.28214 -4.89406 6
      vertex -4.01487 -8.60992 6
      vertex -3.24919 -8.92708 6
    endloop
  endfacet
  facet normal 0 0 1
    outer loop
      vertex -6.71751 -6.71751 6
      vertex -3.81838 -3.81838 6
      vertex -4.13664 -3.47105 6
    endloop
  endfacet
  facet normal 0 0 1
    outer loop
      vertex -7.27742 -6.10648 6
      vertex -4.13664 -3.47105 6
      vertex -4.42342 -3.09731 6
    endloop
  endfacet
  facet normal 0 0 1
    outer loop
      vertex -7.78194 -5.44898 6
      vertex -4.42342 -3.09731 6
      vertex -4.67654 -2.7 6
    endloop
  endfacet
  facet normal 0 0 1
    outer loop
      vertex -2.7 -4.67654 6
      vertex -4.75 -8.22724 6
      vertex -4.01487 -8.60992 6
    endloop
  endfacet
  facet normal 0 0 1
    outer loop
      vertex -8.22724 -4.75 6
      vertex -4.67654 -2.7 6
      vertex -4.89406 -2.28214 6
    endloop
  endfacet
  facet normal 0 0 1
    outer loop
      vertex -8.60992 -4.01487 6
      vertex -4.89406 -2.28214 6
      vertex -5.07434 -1.84691 6
    endloop
  endfacet
  facet normal 0 0 1
    outer loop
      vertex -8.92708 -3.24919 6
      vertex -5.07434 -1.84691 6
      vertex -5.216 -1.39762 6
    endloop
  endfacet
  facet normal 0 0 1
    outer loop
      vertex -9.1763 -2.45878 6
      vertex -5.216 -1.39762 6
      vertex -5.31796 -0.937699 6
    endloop
  endfacet
  facet normal 0 0 1
    outer loop
      vertex -9.35567 -1.64966 6
      vertex -5.31796 -0.937699 6
      vertex -5.37945 -0.47064 6
    endloop
  endfacet
  facet normal 0 0 1
    outer loop
      vertex -3.09731 -4.42342 6
      vertex -5.44898 -7.78194 6
      vertex -4.75 -8.22724 6
    endloop
  endfacet
  facet normal 0 0 1
    outer loop
      vertex -9.46385 -0.827979 6
      vertex -5.37945 -0.47064 6
      vertex -5.4 0 6
    endloop
  endfacet
  facet normal -0 0 1
    outer loop
      vertex -8.60992 4.01487 6
      vertex -4.89406 2.28214 6
      vertex -8.22724 4.75 6
    endloop
  endfacet
  facet normal 0 0 1
    outer loop
      vertex -4.89406 2.28214 6
      vertex -8.60992 4.01487 6
      vertex -5.07434 1.84691 6
    endloop
  endfacet
  facet normal 0 0 1
    outer loop
      vertex -3.47105 -4.13664 6
      vertex -6.10648 -7.27742 6
      vertex -5.44898 -7.78194 6
    endloop
  endfacet
  facet normal -0 0 1
    outer loop
      vertex -8.92708 3.24919 6
      vertex -5.07434 1.84691 6
      vertex -8.60992 4.01487 6
    endloop
  endfacet
  facet normal 0 0 1
    outer loop
      vertex -3.81838 -3.81838 6
      vertex -6.71751 -6.71751 6
      vertex -6.10648 -7.27742 6
    endloop
  endfacet
  facet normal 0 0 1
    outer loop
      vertex -5.07434 1.84691 6
      vertex -8.92708 3.24919 6
      vertex -5.216 1.39762 6
    endloop
  endfacet
  facet normal 0 0 1
    outer loop
      vertex -4.13664 -3.47105 6
      vertex -7.27742 -6.10648 6
      vertex -6.71751 -6.71751 6
    endloop
  endfacet
  facet normal -0 0 1
    outer loop
      vertex -9.1763 2.45878 6
      vertex -5.216 1.39762 6
      vertex -8.92708 3.24919 6
    endloop
  endfacet
  facet normal 0 0 1
    outer loop
      vertex -4.42342 -3.09731 6
      vertex -7.78194 -5.44898 6
      vertex -7.27742 -6.10648 6
    endloop
  endfacet
  facet normal 0 0 1
    outer loop
      vertex -5.216 1.39762 6
      vertex -9.1763 2.45878 6
      vertex -5.31796 0.937699 6
    endloop
  endfacet
  facet normal 0 0 1
    outer loop
      vertex -4.67654 -2.7 6
      vertex -8.22724 -4.75 6
      vertex -7.78194 -5.44898 6
    endloop
  endfacet
  facet normal -0 0 1
    outer loop
      vertex -9.35567 1.64966 6
      vertex -5.31796 0.937699 6
      vertex -9.1763 2.45878 6
    endloop
  endfacet
  facet normal 0 0 1
    outer loop
      vertex -4.89406 -2.28214 6
      vertex -8.60992 -4.01487 6
      vertex -8.22724 -4.75 6
    endloop
  endfacet
  facet normal 0 0 1
    outer loop
      vertex -5.31796 0.937699 6
      vertex -9.35567 1.64966 6
      vertex -5.37945 0.47064 6
    endloop
  endfacet
  facet normal 0 0 1
    outer loop
      vertex -5.07434 -1.84691 6
      vertex -8.92708 -3.24919 6
      vertex -8.60992 -4.01487 6
    endloop
  endfacet
  facet normal -0 0 1
    outer loop
      vertex -9.46385 0.827979 6
      vertex -5.37945 0.47064 6
      vertex -9.35567 1.64966 6
    endloop
  endfacet
  facet normal 0 0 1
    outer loop
      vertex -5.216 -1.39762 6
      vertex -9.1763 -2.45878 6
      vertex -8.92708 -3.24919 6
    endloop
  endfacet
  facet normal 0 0 1
    outer loop
      vertex -5.37945 0.47064 6
      vertex -9.46385 0.827979 6
      vertex -5.4 0 6
    endloop
  endfacet
  facet normal 0 0 1
    outer loop
      vertex -5.31796 -0.937699 6
      vertex -9.35567 -1.64966 6
      vertex -9.1763 -2.45878 6
    endloop
  endfacet
  facet normal 0 0 1
    outer loop
      vertex -9.5 0 6
      vertex -5.4 0 6
      vertex -9.46385 0.827979 6
    endloop
  endfacet
  facet normal 0 0 1
    outer loop
      vertex -5.37945 -0.47064 6
      vertex -9.46385 -0.827979 6
      vertex -9.35567 -1.64966 6
    endloop
  endfacet
  facet normal 0 0 1
    outer loop
      vertex -5.4 0 6
      vertex -9.5 0 6
      vertex -9.46385 -0.827979 6
    endloop
  endfacet
  facet normal 0.461744 0.887013 -0
    outer loop
      vertex -4.01487 -8.60992 6
      vertex -4.75 -8.22724 54
      vertex -4.01487 -8.60992 54
    endloop
  endfacet
  facet normal 0.461744 0.887013 0
    outer loop
      vertex -4.75 -8.22724 54
      vertex -4.01487 -8.60992 6
      vertex -4.75 -8.22724 6
    endloop
  endfacet
  facet normal 0.793337 -0.608782 0
    outer loop
      vertex -4.13664 3.47105 6
      vertex -4.2641 3.30495 0.590001
      vertex -4.13664 3.47105 0.59
    endloop
  endfacet
  facet normal 0.793354 -0.60876 -1.07605e-06
    outer loop
      vertex -4.42342 3.09731 6
      vertex -4.2641 3.30495 0.590001
      vertex -4.13664 3.47105 6
    endloop
  endfacet
  facet normal 0.793368 -0.608743 0
    outer loop
      vertex -4.2641 3.30495 0.590001
      vertex -4.42342 3.09731 6
      vertex -4.42342 3.09731 0.59
    endloop
  endfacet
  facet normal -0.991445 -0.130523 0
    outer loop
      vertex 5.35212 0.678222 0.59
      vertex 5.31796 0.937699 6
      vertex 5.31796 0.937699 0.59
    endloop
  endfacet
  facet normal -0.991444 -0.130533 -2.41281e-08
    outer loop
      vertex 5.37945 0.47064 6
      vertex 5.35212 0.678222 0.59
      vertex 5.37945 0.470641 0.590001
    endloop
  endfacet
  facet normal -1 0 0
    outer loop
      vertex 5.37945 0.47064 6
      vertex 5.37945 0.470641 0.590001
      vertex 5.37945 0.47064 0.590001
    endloop
  endfacet
  facet normal -0.991445 -0.130527 1.98262e-07
    outer loop
      vertex 5.35212 0.678222 0.59
      vertex 5.37945 0.47064 6
      vertex 5.31796 0.937699 6
    endloop
  endfacet
  facet normal -0.999048 -0.043635 0
    outer loop
      vertex 5.39087 0.209173 0.590001
      vertex 5.37945 0.47064 6
      vertex 5.37945 0.47064 0.590001
    endloop
  endfacet
  facet normal -0.999049 -0.0436066 -0
    outer loop
      vertex 5.4 0 6
      vertex 5.39087 0.209173 0.590001
      vertex 5.4 0 0.590001
    endloop
  endfacet
  facet normal -0.999048 -0.0436224 -6.12869e-07
    outer loop
      vertex 5.39087 0.209173 0.590001
      vertex 5.4 0 6
      vertex 5.37945 0.47064 6
    endloop
  endfacet
  facet normal -0.976293 -0.216455 0
    outer loop
      vertex 5.26132 1.19321 0.59
      vertex 5.216 1.39762 6
      vertex 5.216 1.39762 0.590001
    endloop
  endfacet
  facet normal -0.9763 -0.216421 -4.00038e-08
    outer loop
      vertex 5.31796 0.937699 6
      vertex 5.26132 1.19321 0.59
      vertex 5.31796 0.9377 0.59
    endloop
  endfacet
  facet normal -1 0 0
    outer loop
      vertex 5.31796 0.937699 6
      vertex 5.31796 0.9377 0.59
      vertex 5.31796 0.937699 0.59
    endloop
  endfacet
  facet normal -0.976297 -0.216436 -7.7538e-07
    outer loop
      vertex 5.26132 1.19321 0.59
      vertex 5.31796 0.937699 6
      vertex 5.216 1.39762 6
    endloop
  endfacet
  facet normal -0.216455 0.976293 0
    outer loop
      vertex 1.19321 -5.26132 0.59
      vertex 1.39762 -5.216 6
      vertex 1.39762 -5.216 0.590001
    endloop
  endfacet
  facet normal -0.216436 0.976297 -7.7538e-07
    outer loop
      vertex 1.39762 -5.216 6
      vertex 1.19321 -5.26132 0.59
      vertex 0.937699 -5.31796 6
    endloop
  endfacet
  facet normal -0.216421 0.9763 -4.00038e-08
    outer loop
      vertex 0.9377 -5.31796 0.59
      vertex 0.937699 -5.31796 6
      vertex 1.19321 -5.26132 0.59
    endloop
  endfacet
  facet normal 0 1 0
    outer loop
      vertex 0.937699 -5.31796 6
      vertex 0.9377 -5.31796 0.59
      vertex 0.937699 -5.31796 0.59
    endloop
  endfacet
  facet normal 1 0 0
    outer loop
      vertex -5.31796 -0.937699 6
      vertex -5.31796 -0.9377 0.59
      vertex -5.31796 -0.937699 0.59
    endloop
  endfacet
  facet normal 0.9763 0.216421 -4.00038e-08
    outer loop
      vertex -5.31796 -0.937699 6
      vertex -5.26132 -1.19321 0.59
      vertex -5.31796 -0.9377 0.59
    endloop
  endfacet
  facet normal 0.976297 0.216436 -7.7538e-07
    outer loop
      vertex -5.216 -1.39762 6
      vertex -5.26132 -1.19321 0.59
      vertex -5.31796 -0.937699 6
    endloop
  endfacet
  facet normal 0.976293 0.216455 0
    outer loop
      vertex -5.26132 -1.19321 0.59
      vertex -5.216 -1.39762 6
      vertex -5.216 -1.39762 0.590001
    endloop
  endfacet
  facet normal 0.216455 -0.976293 0
    outer loop
      vertex -1.19321 5.26132 0.59
      vertex -1.39762 5.216 6
      vertex -1.39762 5.216 0.590001
    endloop
  endfacet
  facet normal 0.216436 -0.976297 -7.7538e-07
    outer loop
      vertex -1.39762 5.216 6
      vertex -1.19321 5.26132 0.59
      vertex -0.937699 5.31796 6
    endloop
  endfacet
  facet normal 0.216421 -0.9763 -4.00038e-08
    outer loop
      vertex -0.9377 5.31796 0.59
      vertex -0.937699 5.31796 6
      vertex -1.19321 5.26132 0.59
    endloop
  endfacet
  facet normal 0 -1 -0
    outer loop
      vertex -0.937699 5.31796 6
      vertex -0.9377 5.31796 0.59
      vertex -0.937699 5.31796 0.59
    endloop
  endfacet
  facet normal -0.843378 0.53732 0
    outer loop
      vertex 4.56404 -2.87658 0.59
      vertex 4.67654 -2.7 6
      vertex 4.67654 -2.7 0.59
    endloop
  endfacet
  facet normal -0.843392 0.537298 0
    outer loop
      vertex 4.42342 -3.09731 6
      vertex 4.56404 -2.87658 0.59
      vertex 4.42342 -3.09731 0.59
    endloop
  endfacet
  facet normal -0.843386 0.537308 5.67137e-07
    outer loop
      vertex 4.56404 -2.87658 0.59
      vertex 4.42342 -3.09731 6
      vertex 4.67654 -2.7 6
    endloop
  endfacet
  facet normal 0 0 0
    outer loop
      vertex -4.89406 -2.28214 6
      vertex -4.89406 -2.28214 0.59
      vertex -4.89406 -2.28214 0.589999
    endloop
  endfacet
  facet normal 0.887002 0.461765 0
    outer loop
      vertex -4.89406 -2.28214 6
      vertex -4.77321 -2.51428 0.59
      vertex -4.89406 -2.28214 0.59
    endloop
  endfacet
  facet normal 0.887014 0.461742 1.29021e-06
    outer loop
      vertex -4.67654 -2.7 6
      vertex -4.77321 -2.51428 0.59
      vertex -4.89406 -2.28214 6
    endloop
  endfacet
  facet normal 0.88703 0.461712 0
    outer loop
      vertex -4.77321 -2.51428 0.59
      vertex -4.67654 -2.7 6
      vertex -4.67654 -2.7 0.59
    endloop
  endfacet
  facet normal 0.923875 -0.382694 0
    outer loop
      vertex -4.89406 2.28214 6
      vertex -4.99422 2.04034 0.59
      vertex -4.89406 2.28214 0.589999
    endloop
  endfacet
  facet normal 0.923878 -0.382687 -3.66005e-07
    outer loop
      vertex -5.07434 1.84691 6
      vertex -4.99422 2.04034 0.59
      vertex -4.89406 2.28214 6
    endloop
  endfacet
  facet normal 0.923882 -0.382678 0
    outer loop
      vertex -4.99422 2.04034 0.59
      vertex -5.07434 1.84691 6
      vertex -5.07434 1.84691 0.59
    endloop
  endfacet
  facet normal 0.130533 0.991444 -2.41281e-08
    outer loop
      vertex -0.678222 -5.35212 0.59
      vertex -0.47064 -5.37945 6
      vertex -0.470641 -5.37945 0.590001
    endloop
  endfacet
  facet normal 0 1 0
    outer loop
      vertex -0.470641 -5.37945 0.590001
      vertex -0.47064 -5.37945 6
      vertex -0.47064 -5.37945 0.590001
    endloop
  endfacet
  facet normal 0.130527 0.991445 1.98262e-07
    outer loop
      vertex -0.47064 -5.37945 6
      vertex -0.678222 -5.35212 0.59
      vertex -0.937699 -5.31796 6
    endloop
  endfacet
  facet normal 0.130523 0.991445 0
    outer loop
      vertex -0.937699 -5.31796 6
      vertex -0.678222 -5.35212 0.59
      vertex -0.937699 -5.31796 0.59
    endloop
  endfacet
  facet normal -0.216436 -0.976297 -7.7538e-07
    outer loop
      vertex 1.19321 5.26132 0.59
      vertex 1.39762 5.216 6
      vertex 0.937699 5.31796 6
    endloop
  endfacet
  facet normal -0.216455 -0.976293 -0
    outer loop
      vertex 1.39762 5.216 6
      vertex 1.19321 5.26132 0.59
      vertex 1.39762 5.216 0.590001
    endloop
  endfacet
  facet normal 0 -1 0
    outer loop
      vertex 0.9377 5.31796 0.59
      vertex 0.937699 5.31796 6
      vertex 0.937699 5.31796 0.59
    endloop
  endfacet
  facet normal -0.216421 -0.9763 -4.00038e-08
    outer loop
      vertex 0.937699 5.31796 6
      vertex 0.9377 5.31796 0.59
      vertex 1.19321 5.26132 0.59
    endloop
  endfacet
  facet normal 0.53732 0.843378 0
    outer loop
      vertex -2.87658 -4.56404 0.59
      vertex -2.7 -4.67654 6
      vertex -2.7 -4.67654 0.59
    endloop
  endfacet
  facet normal 0.537308 0.843386 5.67137e-07
    outer loop
      vertex -2.7 -4.67654 6
      vertex -2.87658 -4.56404 0.59
      vertex -3.09731 -4.42342 6
    endloop
  endfacet
  facet normal 0.537298 0.843392 0
    outer loop
      vertex -3.09731 -4.42342 6
      vertex -2.87658 -4.56404 0.59
      vertex -3.09731 -4.42342 0.59
    endloop
  endfacet
  facet normal -0 0 0
    outer loop
      vertex 4.89406 -2.28214 0.59
      vertex 4.89406 -2.28214 6
      vertex 4.89406 -2.28214 0.589999
    endloop
  endfacet
  facet normal -0.887002 0.461765 0
    outer loop
      vertex 4.77321 -2.51428 0.59
      vertex 4.89406 -2.28214 6
      vertex 4.89406 -2.28214 0.59
    endloop
  endfacet
  facet normal -0.88703 0.461712 0
    outer loop
      vertex 4.67654 -2.7 6
      vertex 4.77321 -2.51428 0.59
      vertex 4.67654 -2.7 0.59
    endloop
  endfacet
  facet normal -0.887014 0.461742 1.29021e-06
    outer loop
      vertex 4.77321 -2.51428 0.59
      vertex 4.67654 -2.7 6
      vertex 4.89406 -2.28214 6
    endloop
  endfacet
  facet normal 0.537308 -0.843386 5.67137e-07
    outer loop
      vertex -3.09731 4.42342 6
      vertex -2.87658 4.56404 0.59
      vertex -2.7 4.67654 6
    endloop
  endfacet
  facet normal 0.537298 -0.843392 0
    outer loop
      vertex -2.87658 4.56404 0.59
      vertex -3.09731 4.42342 6
      vertex -3.09731 4.42342 0.59
    endloop
  endfacet
  facet normal 0.53732 -0.843378 0
    outer loop
      vertex -2.7 4.67654 6
      vertex -2.87658 4.56404 0.59
      vertex -2.7 4.67654 0.59
    endloop
  endfacet
  facet normal -0.130533 -0.991444 -2.41281e-08
    outer loop
      vertex 0.678222 5.35212 0.59
      vertex 0.47064 5.37945 6
      vertex 0.470641 5.37945 0.590001
    endloop
  endfacet
  facet normal 0 -1 0
    outer loop
      vertex 0.470641 5.37945 0.590001
      vertex 0.47064 5.37945 6
      vertex 0.47064 5.37945 0.590001
    endloop
  endfacet
  facet normal -0.130527 -0.991445 1.98262e-07
    outer loop
      vertex 0.47064 5.37945 6
      vertex 0.678222 5.35212 0.59
      vertex 0.937699 5.31796 6
    endloop
  endfacet
  facet normal -0.130523 -0.991445 -0
    outer loop
      vertex 0.937699 5.31796 6
      vertex 0.678222 5.35212 0.59
      vertex 0.937699 5.31796 0.59
    endloop
  endfacet
  facet normal -0.130527 0.991445 1.98262e-07
    outer loop
      vertex 0.678222 -5.35212 0.59
      vertex 0.47064 -5.37945 6
      vertex 0.937699 -5.31796 6
    endloop
  endfacet
  facet normal -0.130533 0.991444 -2.41281e-08
    outer loop
      vertex 0.47064 -5.37945 6
      vertex 0.678222 -5.35212 0.59
      vertex 0.470641 -5.37945 0.590001
    endloop
  endfacet
  facet normal -0.130523 0.991445 0
    outer loop
      vertex 0.678222 -5.35212 0.59
      vertex 0.937699 -5.31796 6
      vertex 0.937699 -5.31796 0.59
    endloop
  endfacet
  facet normal 0 1 0
    outer loop
      vertex 0.47064 -5.37945 6
      vertex 0.470641 -5.37945 0.590001
      vertex 0.47064 -5.37945 0.590001
    endloop
  endfacet
  facet normal -0.675579 -0.737287 1.26736e-08
    outer loop
      vertex 3.47105 4.13664 6
      vertex 3.62542 3.99519 0.59
      vertex 3.81838 3.81838 6
    endloop
  endfacet
  facet normal -0.67558 -0.737287 -0
    outer loop
      vertex 3.47105 4.13664 6
      vertex 3.47105 4.13664 0.59
      vertex 3.62542 3.99519 0.59
    endloop
  endfacet
  facet normal -0.675579 -0.737287 -0
    outer loop
      vertex 3.81838 3.81838 6
      vertex 3.62542 3.99519 0.59
      vertex 3.81838 3.81838 0.59
    endloop
  endfacet
  facet normal 0.923882 0.382678 0
    outer loop
      vertex -5.07434 -1.84691 6
      vertex -4.99422 -2.04034 0.59
      vertex -5.07434 -1.84691 0.59
    endloop
  endfacet
  facet normal 0.923878 0.382687 -3.66005e-07
    outer loop
      vertex -4.89406 -2.28214 6
      vertex -4.99422 -2.04034 0.59
      vertex -5.07434 -1.84691 6
    endloop
  endfacet
  facet normal 0.923875 0.382694 0
    outer loop
      vertex -4.99422 -2.04034 0.59
      vertex -4.89406 -2.28214 6
      vertex -4.89406 -2.28214 0.589999
    endloop
  endfacet
  facet normal -0.737287 0.67558 0
    outer loop
      vertex 3.99519 -3.62542 0.59
      vertex 4.13664 -3.47105 6
      vertex 4.13664 -3.47105 0.59
    endloop
  endfacet
  facet normal -0.737287 0.675579 0
    outer loop
      vertex 3.81838 -3.81838 6
      vertex 3.99519 -3.62542 0.59
      vertex 3.81838 -3.81838 0.59
    endloop
  endfacet
  facet normal -0.737287 0.675579 1.26736e-08
    outer loop
      vertex 3.99519 -3.62542 0.59
      vertex 3.81838 -3.81838 6
      vertex 4.13664 -3.47105 6
    endloop
  endfacet
  facet normal -0.843392 -0.537298 0
    outer loop
      vertex 4.56404 2.87658 0.59
      vertex 4.42342 3.09731 6
      vertex 4.42342 3.09731 0.59
    endloop
  endfacet
  facet normal -0.843378 -0.53732 -0
    outer loop
      vertex 4.67654 2.7 6
      vertex 4.56404 2.87658 0.59
      vertex 4.67654 2.7 0.59
    endloop
  endfacet
  facet normal -0.843386 -0.537308 5.67137e-07
    outer loop
      vertex 4.56404 2.87658 0.59
      vertex 4.67654 2.7 6
      vertex 4.42342 3.09731 6
    endloop
  endfacet
  facet normal -0.88703 -0.461712 0
    outer loop
      vertex 4.77321 2.51428 0.59
      vertex 4.67654 2.7 6
      vertex 4.67654 2.7 0.59
    endloop
  endfacet
  facet normal -0.887002 -0.461765 -0
    outer loop
      vertex 4.89406 2.28214 6
      vertex 4.77321 2.51428 0.59
      vertex 4.89406 2.28214 0.59
    endloop
  endfacet
  facet normal 0 0 0
    outer loop
      vertex 4.89406 2.28214 6
      vertex 4.89406 2.28214 0.59
      vertex 4.89406 2.28214 0.589999
    endloop
  endfacet
  facet normal -0.887014 -0.461742 1.29021e-06
    outer loop
      vertex 4.77321 2.51428 0.59
      vertex 4.89406 2.28214 6
      vertex 4.67654 2.7 6
    endloop
  endfacet
  facet normal -1 0 0
    outer loop
      vertex 5.31796 -0.9377 0.59
      vertex 5.31796 -0.937699 6
      vertex 5.31796 -0.937699 0.59
    endloop
  endfacet
  facet normal -0.9763 0.216421 -4.00038e-08
    outer loop
      vertex 5.26132 -1.19321 0.59
      vertex 5.31796 -0.937699 6
      vertex 5.31796 -0.9377 0.59
    endloop
  endfacet
  facet normal -0.976293 0.216455 0
    outer loop
      vertex 5.216 -1.39762 6
      vertex 5.26132 -1.19321 0.59
      vertex 5.216 -1.39762 0.590001
    endloop
  endfacet
  facet normal -0.976297 0.216436 -7.7538e-07
    outer loop
      vertex 5.26132 -1.19321 0.59
      vertex 5.216 -1.39762 6
      vertex 5.31796 -0.937699 6
    endloop
  endfacet
  facet normal 0.793368 0.608743 0
    outer loop
      vertex -4.42342 -3.09731 6
      vertex -4.2641 -3.30495 0.590001
      vertex -4.42342 -3.09731 0.59
    endloop
  endfacet
  facet normal 0.793354 0.60876 -1.07605e-06
    outer loop
      vertex -4.13664 -3.47105 6
      vertex -4.2641 -3.30495 0.590001
      vertex -4.42342 -3.09731 6
    endloop
  endfacet
  facet normal 0.793337 0.608782 0
    outer loop
      vertex -4.2641 -3.30495 0.590001
      vertex -4.13664 -3.47105 6
      vertex -4.13664 -3.47105 0.59
    endloop
  endfacet
  facet normal -0.53732 -0.843378 0
    outer loop
      vertex 2.87658 4.56404 0.59
      vertex 2.7 4.67654 6
      vertex 2.7 4.67654 0.59
    endloop
  endfacet
  facet normal -0.537308 -0.843386 5.67137e-07
    outer loop
      vertex 2.7 4.67654 6
      vertex 2.87658 4.56404 0.59
      vertex 3.09731 4.42342 6
    endloop
  endfacet
  facet normal -0.537298 -0.843392 -0
    outer loop
      vertex 3.09731 4.42342 6
      vertex 2.87658 4.56404 0.59
      vertex 3.09731 4.42342 0.59
    endloop
  endfacet
  facet normal -0.0436224 -0.999048 -6.12869e-07
    outer loop
      vertex 0 5.4 6
      vertex 0.209173 5.39087 0.590001
      vertex 0.47064 5.37945 6
    endloop
  endfacet
  facet normal -0.0436066 -0.999049 0
    outer loop
      vertex 0.209173 5.39087 0.590001
      vertex 0 5.4 6
      vertex 0 5.4 0.590001
    endloop
  endfacet
  facet normal -0.043635 -0.999048 -0
    outer loop
      vertex 0.47064 5.37945 6
      vertex 0.209173 5.39087 0.590001
      vertex 0.47064 5.37945 0.590001
    endloop
  endfacet
  facet normal -0.60876 -0.793354 -1.07605e-06
    outer loop
      vertex 3.09731 4.42342 6
      vertex 3.30495 4.2641 0.590001
      vertex 3.47105 4.13664 6
    endloop
  endfacet
  facet normal -0.608743 -0.793368 -0
    outer loop
      vertex 3.09731 4.42342 6
      vertex 3.09731 4.42342 0.59
      vertex 3.30495 4.2641 0.590001
    endloop
  endfacet
  facet normal -0.608782 -0.793337 -0
    outer loop
      vertex 3.47105 4.13664 6
      vertex 3.30495 4.2641 0.590001
      vertex 3.47105 4.13664 0.59
    endloop
  endfacet
  facet normal 0.60876 -0.793354 -1.07605e-06
    outer loop
      vertex -3.47105 4.13664 6
      vertex -3.30495 4.2641 0.590001
      vertex -3.09731 4.42342 6
    endloop
  endfacet
  facet normal 0.608782 -0.793337 0
    outer loop
      vertex -3.30495 4.2641 0.590001
      vertex -3.47105 4.13664 6
      vertex -3.47105 4.13664 0.59
    endloop
  endfacet
  facet normal 0.608743 -0.793368 0
    outer loop
      vertex -3.09731 4.42342 0.59
      vertex -3.09731 4.42342 6
      vertex -3.30495 4.2641 0.590001
    endloop
  endfacet
  facet normal -0.953719 -0.3007 0
    outer loop
      vertex 5.15304 1.5973 0.59
      vertex 5.07434 1.84691 6
      vertex 5.07434 1.84691 0.59
    endloop
  endfacet
  facet normal -0.953715 -0.300711 -0
    outer loop
      vertex 5.216 1.39762 6
      vertex 5.15304 1.5973 0.59
      vertex 5.216 1.39762 0.590001
    endloop
  endfacet
  facet normal -0.953717 -0.300705 2.47036e-07
    outer loop
      vertex 5.15304 1.5973 0.59
      vertex 5.216 1.39762 6
      vertex 5.07434 1.84691 6
    endloop
  endfacet
  facet normal -0.923882 0.382678 0
    outer loop
      vertex 4.99422 -2.04034 0.59
      vertex 5.07434 -1.84691 6
      vertex 5.07434 -1.84691 0.59
    endloop
  endfacet
  facet normal -0.923875 0.382694 0
    outer loop
      vertex 4.89406 -2.28214 6
      vertex 4.99422 -2.04034 0.59
      vertex 4.89406 -2.28214 0.589999
    endloop
  endfacet
  facet normal -0.923878 0.382687 -3.66005e-07
    outer loop
      vertex 4.99422 -2.04034 0.59
      vertex 4.89406 -2.28214 6
      vertex 5.07434 -1.84691 6
    endloop
  endfacet
  facet normal -0.461742 -0.887014 1.29021e-06
    outer loop
      vertex 2.51428 4.77321 0.59
      vertex 2.7 4.67654 6
      vertex 2.28214 4.89406 6
    endloop
  endfacet
  facet normal -0.461712 -0.88703 -0
    outer loop
      vertex 2.7 4.67654 6
      vertex 2.51428 4.77321 0.59
      vertex 2.7 4.67654 0.59
    endloop
  endfacet
  facet normal -0.461765 -0.887002 -0
    outer loop
      vertex 2.28214 4.89406 6
      vertex 2.28214 4.89406 0.59
      vertex 2.51428 4.77321 0.59
    endloop
  endfacet
  facet normal -0 0 0
    outer loop
      vertex 2.28214 4.89406 0.59
      vertex 2.28214 4.89406 6
      vertex 2.28214 4.89406 0.589999
    endloop
  endfacet
  facet normal -0.382687 -0.923878 -3.66005e-07
    outer loop
      vertex 1.84691 5.07434 6
      vertex 2.04034 4.99422 0.59
      vertex 2.28214 4.89406 6
    endloop
  endfacet
  facet normal -0.382678 -0.923882 0
    outer loop
      vertex 2.04034 4.99422 0.59
      vertex 1.84691 5.07434 6
      vertex 1.84691 5.07434 0.59
    endloop
  endfacet
  facet normal -0.382694 -0.923875 -0
    outer loop
      vertex 2.28214 4.89406 6
      vertex 2.04034 4.99422 0.59
      vertex 2.28214 4.89406 0.589999
    endloop
  endfacet
  facet normal 0.991445 -0.130523 0
    outer loop
      vertex -5.31796 0.937699 6
      vertex -5.35212 0.678222 0.59
      vertex -5.31796 0.937699 0.59
    endloop
  endfacet
  facet normal 0.991445 -0.130527 1.98262e-07
    outer loop
      vertex -5.37945 0.47064 6
      vertex -5.35212 0.678222 0.59
      vertex -5.31796 0.937699 6
    endloop
  endfacet
  facet normal 0.991444 -0.130533 -2.41281e-08
    outer loop
      vertex -5.35212 0.678222 0.59
      vertex -5.37945 0.47064 6
      vertex -5.37945 0.470641 0.590001
    endloop
  endfacet
  facet normal 1 0 0
    outer loop
      vertex -5.37945 0.470641 0.590001
      vertex -5.37945 0.47064 6
      vertex -5.37945 0.47064 0.590001
    endloop
  endfacet
  facet normal 0.60876 0.793354 -1.07605e-06
    outer loop
      vertex -3.09731 -4.42342 6
      vertex -3.30495 -4.2641 0.590001
      vertex -3.47105 -4.13664 6
    endloop
  endfacet
  facet normal 0.608743 0.793368 0
    outer loop
      vertex -3.09731 -4.42342 6
      vertex -3.09731 -4.42342 0.59
      vertex -3.30495 -4.2641 0.590001
    endloop
  endfacet
  facet normal 0.608782 0.793337 0
    outer loop
      vertex -3.47105 -4.13664 6
      vertex -3.30495 -4.2641 0.590001
      vertex -3.47105 -4.13664 0.59
    endloop
  endfacet
  facet normal 0.88703 -0.461712 0
    outer loop
      vertex -4.67654 2.7 6
      vertex -4.77321 2.51428 0.59
      vertex -4.67654 2.7 0.59
    endloop
  endfacet
  facet normal 0.887014 -0.461742 1.29021e-06
    outer loop
      vertex -4.89406 2.28214 6
      vertex -4.77321 2.51428 0.59
      vertex -4.67654 2.7 6
    endloop
  endfacet
  facet normal 0.887002 -0.461765 0
    outer loop
      vertex -4.77321 2.51428 0.59
      vertex -4.89406 2.28214 6
      vertex -4.89406 2.28214 0.59
    endloop
  endfacet
  facet normal -0 0 0
    outer loop
      vertex -4.89406 2.28214 0.59
      vertex -4.89406 2.28214 6
      vertex -4.89406 2.28214 0.589999
    endloop
  endfacet
  facet normal -0.461712 0.88703 0
    outer loop
      vertex 2.51428 -4.77321 0.59
      vertex 2.7 -4.67654 6
      vertex 2.7 -4.67654 0.59
    endloop
  endfacet
  facet normal -0.461742 0.887014 1.29021e-06
    outer loop
      vertex 2.7 -4.67654 6
      vertex 2.51428 -4.77321 0.59
      vertex 2.28214 -4.89406 6
    endloop
  endfacet
  facet normal -0.461765 0.887002 0
    outer loop
      vertex 2.28214 -4.89406 0.59
      vertex 2.28214 -4.89406 6
      vertex 2.51428 -4.77321 0.59
    endloop
  endfacet
  facet normal 0 0 0
    outer loop
      vertex 2.28214 -4.89406 6
      vertex 2.28214 -4.89406 0.59
      vertex 2.28214 -4.89406 0.589999
    endloop
  endfacet
  facet normal 0.216436 0.976297 -7.7538e-07
    outer loop
      vertex -1.19321 -5.26132 0.59
      vertex -1.39762 -5.216 6
      vertex -0.937699 -5.31796 6
    endloop
  endfacet
  facet normal 0.216455 0.976293 0
    outer loop
      vertex -1.39762 -5.216 6
      vertex -1.19321 -5.26132 0.59
      vertex -1.39762 -5.216 0.590001
    endloop
  endfacet
  facet normal 0 1 0
    outer loop
      vertex -0.9377 -5.31796 0.59
      vertex -0.937699 -5.31796 6
      vertex -0.937699 -5.31796 0.59
    endloop
  endfacet
  facet normal 0.216421 0.9763 -4.00038e-08
    outer loop
      vertex -0.937699 -5.31796 6
      vertex -0.9377 -5.31796 0.59
      vertex -1.19321 -5.26132 0.59
    endloop
  endfacet
  facet normal -0.537308 0.843386 5.67137e-07
    outer loop
      vertex 3.09731 -4.42342 6
      vertex 2.87658 -4.56404 0.59
      vertex 2.7 -4.67654 6
    endloop
  endfacet
  facet normal -0.537298 0.843392 0
    outer loop
      vertex 2.87658 -4.56404 0.59
      vertex 3.09731 -4.42342 6
      vertex 3.09731 -4.42342 0.59
    endloop
  endfacet
  facet normal -0.53732 0.843378 0
    outer loop
      vertex 2.7 -4.67654 6
      vertex 2.87658 -4.56404 0.59
      vertex 2.7 -4.67654 0.59
    endloop
  endfacet
  facet normal -0.043635 0.999048 0
    outer loop
      vertex 0.209173 -5.39087 0.590001
      vertex 0.47064 -5.37945 6
      vertex 0.47064 -5.37945 0.590001
    endloop
  endfacet
  facet normal -0.0436224 0.999048 -6.12869e-07
    outer loop
      vertex 0.47064 -5.37945 6
      vertex 0.209173 -5.39087 0.590001
      vertex 0 -5.4 6
    endloop
  endfacet
  facet normal -0.0436066 0.999049 0
    outer loop
      vertex 0 -5.4 6
      vertex 0.209173 -5.39087 0.590001
      vertex 0 -5.4 0.590001
    endloop
  endfacet
  facet normal -0.953715 0.300711 0
    outer loop
      vertex 5.15304 -1.5973 0.59
      vertex 5.216 -1.39762 6
      vertex 5.216 -1.39762 0.590001
    endloop
  endfacet
  facet normal -0.953719 0.3007 0
    outer loop
      vertex 5.07434 -1.84691 6
      vertex 5.15304 -1.5973 0.59
      vertex 5.07434 -1.84691 0.59
    endloop
  endfacet
  facet normal -0.953717 0.300705 2.47036e-07
    outer loop
      vertex 5.15304 -1.5973 0.59
      vertex 5.07434 -1.84691 6
      vertex 5.216 -1.39762 6
    endloop
  endfacet
  facet normal -0.793368 0.608743 0
    outer loop
      vertex 4.2641 -3.30495 0.590001
      vertex 4.42342 -3.09731 6
      vertex 4.42342 -3.09731 0.59
    endloop
  endfacet
  facet normal -0.793337 0.608782 0
    outer loop
      vertex 4.13664 -3.47105 6
      vertex 4.2641 -3.30495 0.590001
      vertex 4.13664 -3.47105 0.59
    endloop
  endfacet
  facet normal -0.793354 0.60876 -1.07605e-06
    outer loop
      vertex 4.2641 -3.30495 0.590001
      vertex 4.13664 -3.47105 6
      vertex 4.42342 -3.09731 6
    endloop
  endfacet
  facet normal 0.737287 -0.675579 0
    outer loop
      vertex -3.81838 3.81838 6
      vertex -3.99519 3.62542 0.59
      vertex -3.81838 3.81838 0.59
    endloop
  endfacet
  facet normal 0.737287 -0.675579 1.26736e-08
    outer loop
      vertex -4.13664 3.47105 6
      vertex -3.99519 3.62542 0.59
      vertex -3.81838 3.81838 6
    endloop
  endfacet
  facet normal 0.737287 -0.67558 0
    outer loop
      vertex -3.99519 3.62542 0.59
      vertex -4.13664 3.47105 6
      vertex -4.13664 3.47105 0.59
    endloop
  endfacet
  facet normal 0.130527 -0.991445 1.98262e-07
    outer loop
      vertex -0.678222 5.35212 0.59
      vertex -0.47064 5.37945 6
      vertex -0.937699 5.31796 6
    endloop
  endfacet
  facet normal 0.130533 -0.991444 -2.41281e-08
    outer loop
      vertex -0.47064 5.37945 6
      vertex -0.678222 5.35212 0.59
      vertex -0.470641 5.37945 0.590001
    endloop
  endfacet
  facet normal 0.130523 -0.991445 0
    outer loop
      vertex -0.678222 5.35212 0.59
      vertex -0.937699 5.31796 6
      vertex -0.937699 5.31796 0.59
    endloop
  endfacet
  facet normal 0 -1 -0
    outer loop
      vertex -0.47064 5.37945 6
      vertex -0.470641 5.37945 0.590001
      vertex -0.47064 5.37945 0.590001
    endloop
  endfacet
  facet normal 0.461712 -0.88703 0
    outer loop
      vertex -2.51428 4.77321 0.59
      vertex -2.7 4.67654 6
      vertex -2.7 4.67654 0.59
    endloop
  endfacet
  facet normal 0.461742 -0.887014 1.29021e-06
    outer loop
      vertex -2.7 4.67654 6
      vertex -2.51428 4.77321 0.59
      vertex -2.28214 4.89406 6
    endloop
  endfacet
  facet normal 0.461765 -0.887002 0
    outer loop
      vertex -2.28214 4.89406 0.59
      vertex -2.28214 4.89406 6
      vertex -2.51428 4.77321 0.59
    endloop
  endfacet
  facet normal 0 0 0
    outer loop
      vertex -2.28214 4.89406 6
      vertex -2.28214 4.89406 0.59
      vertex -2.28214 4.89406 0.589999
    endloop
  endfacet
  facet normal 0.953715 0.300711 0
    outer loop
      vertex -5.216 -1.39762 6
      vertex -5.15304 -1.5973 0.59
      vertex -5.216 -1.39762 0.590001
    endloop
  endfacet
  facet normal 0.953717 0.300705 2.47036e-07
    outer loop
      vertex -5.07434 -1.84691 6
      vertex -5.15304 -1.5973 0.59
      vertex -5.216 -1.39762 6
    endloop
  endfacet
  facet normal 0.953719 0.3007 0
    outer loop
      vertex -5.15304 -1.5973 0.59
      vertex -5.07434 -1.84691 6
      vertex -5.07434 -1.84691 0.59
    endloop
  endfacet
  facet normal -0.923875 -0.382694 0
    outer loop
      vertex 4.99422 2.04034 0.59
      vertex 4.89406 2.28214 6
      vertex 4.89406 2.28214 0.589999
    endloop
  endfacet
  facet normal -0.923882 -0.382678 -0
    outer loop
      vertex 5.07434 1.84691 6
      vertex 4.99422 2.04034 0.59
      vertex 5.07434 1.84691 0.59
    endloop
  endfacet
  facet normal -0.923878 -0.382687 -3.66005e-07
    outer loop
      vertex 4.99422 2.04034 0.59
      vertex 5.07434 1.84691 6
      vertex 4.89406 2.28214 6
    endloop
  endfacet
  facet normal -0.999049 0.0436066 0
    outer loop
      vertex 5.39087 -0.209173 0.590001
      vertex 5.4 0 6
      vertex 5.4 0 0.590001
    endloop
  endfacet
  facet normal -0.999048 0.043635 0
    outer loop
      vertex 5.37945 -0.47064 6
      vertex 5.39087 -0.209173 0.590001
      vertex 5.37945 -0.47064 0.590001
    endloop
  endfacet
  facet normal -0.999048 0.0436224 -6.12869e-07
    outer loop
      vertex 5.39087 -0.209173 0.590001
      vertex 5.37945 -0.47064 6
      vertex 5.4 0 6
    endloop
  endfacet
  facet normal -1 0 0
    outer loop
      vertex 5.37945 -0.470641 0.590001
      vertex 5.37945 -0.47064 6
      vertex 5.37945 -0.47064 0.590001
    endloop
  endfacet
  facet normal -0.991444 0.130533 -2.41281e-08
    outer loop
      vertex 5.35212 -0.678222 0.59
      vertex 5.37945 -0.47064 6
      vertex 5.37945 -0.470641 0.590001
    endloop
  endfacet
  facet normal -0.991445 0.130523 0
    outer loop
      vertex 5.31796 -0.937699 6
      vertex 5.35212 -0.678222 0.59
      vertex 5.31796 -0.937699 0.59
    endloop
  endfacet
  facet normal -0.991445 0.130527 1.98262e-07
    outer loop
      vertex 5.35212 -0.678222 0.59
      vertex 5.31796 -0.937699 6
      vertex 5.37945 -0.47064 6
    endloop
  endfacet
  facet normal 0.976293 -0.216455 0
    outer loop
      vertex -5.216 1.39762 6
      vertex -5.26132 1.19321 0.59
      vertex -5.216 1.39762 0.590001
    endloop
  endfacet
  facet normal 0.976297 -0.216436 -7.7538e-07
    outer loop
      vertex -5.31796 0.937699 6
      vertex -5.26132 1.19321 0.59
      vertex -5.216 1.39762 6
    endloop
  endfacet
  facet normal 0.9763 -0.216421 -4.00038e-08
    outer loop
      vertex -5.26132 1.19321 0.59
      vertex -5.31796 0.937699 6
      vertex -5.31796 0.9377 0.59
    endloop
  endfacet
  facet normal 1 0 0
    outer loop
      vertex -5.31796 0.9377 0.59
      vertex -5.31796 0.937699 6
      vertex -5.31796 0.937699 0.59
    endloop
  endfacet
  facet normal 0.675579 -0.737287 1.26736e-08
    outer loop
      vertex -3.81838 3.81838 6
      vertex -3.62542 3.99519 0.59
      vertex -3.47105 4.13664 6
    endloop
  endfacet
  facet normal 0.675579 -0.737287 0
    outer loop
      vertex -3.62542 3.99519 0.59
      vertex -3.81838 3.81838 6
      vertex -3.81838 3.81838 0.59
    endloop
  endfacet
  facet normal 0.67558 -0.737287 0
    outer loop
      vertex -3.47105 4.13664 0.59
      vertex -3.47105 4.13664 6
      vertex -3.62542 3.99519 0.59
    endloop
  endfacet
  facet normal 0.382687 -0.923878 -3.66005e-07
    outer loop
      vertex -2.28214 4.89406 6
      vertex -2.04034 4.99422 0.59
      vertex -1.84691 5.07434 6
    endloop
  endfacet
  facet normal 0.382694 -0.923875 0
    outer loop
      vertex -2.04034 4.99422 0.59
      vertex -2.28214 4.89406 6
      vertex -2.28214 4.89406 0.589999
    endloop
  endfacet
  facet normal 0.382678 -0.923882 0
    outer loop
      vertex -1.84691 5.07434 6
      vertex -2.04034 4.99422 0.59
      vertex -1.84691 5.07434 0.59
    endloop
  endfacet
  facet normal 0.999049 0.0436066 0
    outer loop
      vertex -5.4 0 6
      vertex -5.39087 -0.209173 0.590001
      vertex -5.4 0 0.590001
    endloop
  endfacet
  facet normal 0.999048 0.0436224 -6.12869e-07
    outer loop
      vertex -5.37945 -0.47064 6
      vertex -5.39087 -0.209173 0.590001
      vertex -5.4 0 6
    endloop
  endfacet
  facet normal 0.999048 0.043635 0
    outer loop
      vertex -5.39087 -0.209173 0.590001
      vertex -5.37945 -0.47064 6
      vertex -5.37945 -0.47064 0.590001
    endloop
  endfacet
  facet normal -0.60876 0.793354 -1.07605e-06
    outer loop
      vertex 3.47105 -4.13664 6
      vertex 3.30495 -4.2641 0.590001
      vertex 3.09731 -4.42342 6
    endloop
  endfacet
  facet normal -0.608782 0.793337 0
    outer loop
      vertex 3.30495 -4.2641 0.590001
      vertex 3.47105 -4.13664 6
      vertex 3.47105 -4.13664 0.59
    endloop
  endfacet
  facet normal -0.608743 0.793368 0
    outer loop
      vertex 3.09731 -4.42342 0.59
      vertex 3.09731 -4.42342 6
      vertex 3.30495 -4.2641 0.590001
    endloop
  endfacet
  facet normal 0.043635 -0.999048 0
    outer loop
      vertex -0.209173 5.39087 0.590001
      vertex -0.47064 5.37945 6
      vertex -0.47064 5.37945 0.590001
    endloop
  endfacet
  facet normal 0.0436224 -0.999048 -6.12869e-07
    outer loop
      vertex -0.47064 5.37945 6
      vertex -0.209173 5.39087 0.590001
      vertex 0 5.4 6
    endloop
  endfacet
  facet normal 0.0436066 -0.999049 0
    outer loop
      vertex 0 5.4 6
      vertex -0.209173 5.39087 0.590001
      vertex 0 5.4 0.590001
    endloop
  endfacet
  facet normal 0.461742 0.887014 1.29021e-06
    outer loop
      vertex -2.51428 -4.77321 0.59
      vertex -2.7 -4.67654 6
      vertex -2.28214 -4.89406 6
    endloop
  endfacet
  facet normal 0.461712 0.88703 0
    outer loop
      vertex -2.7 -4.67654 6
      vertex -2.51428 -4.77321 0.59
      vertex -2.7 -4.67654 0.59
    endloop
  endfacet
  facet normal 0.461765 0.887002 0
    outer loop
      vertex -2.28214 -4.89406 6
      vertex -2.28214 -4.89406 0.59
      vertex -2.51428 -4.77321 0.59
    endloop
  endfacet
  facet normal -0 0 0
    outer loop
      vertex -2.28214 -4.89406 0.59
      vertex -2.28214 -4.89406 6
      vertex -2.28214 -4.89406 0.589999
    endloop
  endfacet
  facet normal -0.382687 0.923878 -3.66005e-07
    outer loop
      vertex 2.28214 -4.89406 6
      vertex 2.04034 -4.99422 0.59
      vertex 1.84691 -5.07434 6
    endloop
  endfacet
  facet normal -0.382694 0.923875 0
    outer loop
      vertex 2.04034 -4.99422 0.59
      vertex 2.28214 -4.89406 6
      vertex 2.28214 -4.89406 0.589999
    endloop
  endfacet
  facet normal -0.382678 0.923882 0
    outer loop
      vertex 1.84691 -5.07434 6
      vertex 2.04034 -4.99422 0.59
      vertex 1.84691 -5.07434 0.59
    endloop
  endfacet
  facet normal 0.953719 -0.3007 0
    outer loop
      vertex -5.07434 1.84691 6
      vertex -5.15304 1.5973 0.59
      vertex -5.07434 1.84691 0.59
    endloop
  endfacet
  facet normal 0.953717 -0.300705 2.47036e-07
    outer loop
      vertex -5.216 1.39762 6
      vertex -5.15304 1.5973 0.59
      vertex -5.07434 1.84691 6
    endloop
  endfacet
  facet normal 0.953715 -0.300711 0
    outer loop
      vertex -5.15304 1.5973 0.59
      vertex -5.216 1.39762 6
      vertex -5.216 1.39762 0.590001
    endloop
  endfacet
  facet normal 0.737287 0.67558 0
    outer loop
      vertex -4.13664 -3.47105 6
      vertex -3.99519 -3.62542 0.59
      vertex -4.13664 -3.47105 0.59
    endloop
  endfacet
  facet normal 0.737287 0.675579 1.26736e-08
    outer loop
      vertex -3.81838 -3.81838 6
      vertex -3.99519 -3.62542 0.59
      vertex -4.13664 -3.47105 6
    endloop
  endfacet
  facet normal 0.737287 0.675579 0
    outer loop
      vertex -3.99519 -3.62542 0.59
      vertex -3.81838 -3.81838 6
      vertex -3.81838 -3.81838 0.59
    endloop
  endfacet
  facet normal -0.737287 -0.675579 0
    outer loop
      vertex 3.99519 3.62542 0.59
      vertex 3.81838 3.81838 6
      vertex 3.81838 3.81838 0.59
    endloop
  endfacet
  facet normal -0.737287 -0.67558 -0
    outer loop
      vertex 4.13664 3.47105 6
      vertex 3.99519 3.62542 0.59
      vertex 4.13664 3.47105 0.59
    endloop
  endfacet
  facet normal -0.737287 -0.675579 1.26736e-08
    outer loop
      vertex 3.99519 3.62542 0.59
      vertex 4.13664 3.47105 6
      vertex 3.81838 3.81838 6
    endloop
  endfacet
  facet normal 1 0 0
    outer loop
      vertex -5.37945 -0.47064 6
      vertex -5.37945 -0.470641 0.590001
      vertex -5.37945 -0.47064 0.590001
    endloop
  endfacet
  facet normal 0.991444 0.130533 -2.41281e-08
    outer loop
      vertex -5.37945 -0.47064 6
      vertex -5.35212 -0.678222 0.59
      vertex -5.37945 -0.470641 0.590001
    endloop
  endfacet
  facet normal 0.991445 0.130527 1.98262e-07
    outer loop
      vertex -5.31796 -0.937699 6
      vertex -5.35212 -0.678222 0.59
      vertex -5.37945 -0.47064 6
    endloop
  endfacet
  facet normal 0.991445 0.130523 0
    outer loop
      vertex -5.35212 -0.678222 0.59
      vertex -5.31796 -0.937699 6
      vertex -5.31796 -0.937699 0.59
    endloop
  endfacet
  facet normal -0.300705 0.953717 2.47036e-07
    outer loop
      vertex 1.5973 -5.15304 0.59
      vertex 1.39762 -5.216 6
      vertex 1.84691 -5.07434 6
    endloop
  endfacet
  facet normal -0.300711 0.953715 0
    outer loop
      vertex 1.39762 -5.216 6
      vertex 1.5973 -5.15304 0.59
      vertex 1.39762 -5.216 0.590001
    endloop
  endfacet
  facet normal -0.3007 0.953719 0
    outer loop
      vertex 1.84691 -5.07434 6
      vertex 1.84691 -5.07434 0.59
      vertex 1.5973 -5.15304 0.59
    endloop
  endfacet
  facet normal 0.382687 0.923878 -3.66005e-07
    outer loop
      vertex -1.84691 -5.07434 6
      vertex -2.04034 -4.99422 0.59
      vertex -2.28214 -4.89406 6
    endloop
  endfacet
  facet normal 0.382678 0.923882 0
    outer loop
      vertex -2.04034 -4.99422 0.59
      vertex -1.84691 -5.07434 6
      vertex -1.84691 -5.07434 0.59
    endloop
  endfacet
  facet normal 0.382694 0.923875 0
    outer loop
      vertex -2.28214 -4.89406 6
      vertex -2.04034 -4.99422 0.59
      vertex -2.28214 -4.89406 0.589999
    endloop
  endfacet
  facet normal -0.793337 -0.608782 0
    outer loop
      vertex 4.2641 3.30495 0.590001
      vertex 4.13664 3.47105 6
      vertex 4.13664 3.47105 0.59
    endloop
  endfacet
  facet normal -0.793368 -0.608743 -0
    outer loop
      vertex 4.42342 3.09731 6
      vertex 4.2641 3.30495 0.590001
      vertex 4.42342 3.09731 0.59
    endloop
  endfacet
  facet normal -0.793354 -0.60876 -1.07605e-06
    outer loop
      vertex 4.2641 3.30495 0.590001
      vertex 4.42342 3.09731 6
      vertex 4.13664 3.47105 6
    endloop
  endfacet
  facet normal 0.300711 0.953715 0
    outer loop
      vertex -1.5973 -5.15304 0.59
      vertex -1.39762 -5.216 6
      vertex -1.39762 -5.216 0.590001
    endloop
  endfacet
  facet normal 0.300705 0.953717 2.47036e-07
    outer loop
      vertex -1.39762 -5.216 6
      vertex -1.5973 -5.15304 0.59
      vertex -1.84691 -5.07434 6
    endloop
  endfacet
  facet normal 0.3007 0.953719 -0
    outer loop
      vertex -1.84691 -5.07434 0.59
      vertex -1.84691 -5.07434 6
      vertex -1.5973 -5.15304 0.59
    endloop
  endfacet
  facet normal 0.300705 -0.953717 2.47036e-07
    outer loop
      vertex -1.5973 5.15304 0.59
      vertex -1.39762 5.216 6
      vertex -1.84691 5.07434 6
    endloop
  endfacet
  facet normal 0.300711 -0.953715 0
    outer loop
      vertex -1.39762 5.216 6
      vertex -1.5973 5.15304 0.59
      vertex -1.39762 5.216 0.590001
    endloop
  endfacet
  facet normal 0.3007 -0.953719 0
    outer loop
      vertex -1.84691 5.07434 6
      vertex -1.84691 5.07434 0.59
      vertex -1.5973 5.15304 0.59
    endloop
  endfacet
  facet normal 0.843378 0.53732 0
    outer loop
      vertex -4.67654 -2.7 6
      vertex -4.56404 -2.87658 0.59
      vertex -4.67654 -2.7 0.59
    endloop
  endfacet
  facet normal 0.843386 0.537308 5.67137e-07
    outer loop
      vertex -4.42342 -3.09731 6
      vertex -4.56404 -2.87658 0.59
      vertex -4.67654 -2.7 6
    endloop
  endfacet
  facet normal 0.843392 0.537298 0
    outer loop
      vertex -4.56404 -2.87658 0.59
      vertex -4.42342 -3.09731 6
      vertex -4.42342 -3.09731 0.59
    endloop
  endfacet
  facet normal 0.999048 -0.043635 0
    outer loop
      vertex -5.37945 0.47064 6
      vertex -5.39087 0.209173 0.590001
      vertex -5.37945 0.47064 0.590001
    endloop
  endfacet
  facet normal 0.999048 -0.0436224 -6.12869e-07
    outer loop
      vertex -5.4 0 6
      vertex -5.39087 0.209173 0.590001
      vertex -5.37945 0.47064 6
    endloop
  endfacet
  facet normal 0.999049 -0.0436066 0
    outer loop
      vertex -5.39087 0.209173 0.590001
      vertex -5.4 0 6
      vertex -5.4 0 0.590001
    endloop
  endfacet
  facet normal 0.675579 0.737287 1.26736e-08
    outer loop
      vertex -3.47105 -4.13664 6
      vertex -3.62542 -3.99519 0.59
      vertex -3.81838 -3.81838 6
    endloop
  endfacet
  facet normal 0.67558 0.737287 0
    outer loop
      vertex -3.47105 -4.13664 6
      vertex -3.47105 -4.13664 0.59
      vertex -3.62542 -3.99519 0.59
    endloop
  endfacet
  facet normal 0.675579 0.737287 0
    outer loop
      vertex -3.81838 -3.81838 6
      vertex -3.62542 -3.99519 0.59
      vertex -3.81838 -3.81838 0.59
    endloop
  endfacet
  facet normal 0.0436224 0.999048 -6.12869e-07
    outer loop
      vertex 0 -5.4 6
      vertex -0.209173 -5.39087 0.590001
      vertex -0.47064 -5.37945 6
    endloop
  endfacet
  facet normal 0.0436066 0.999049 0
    outer loop
      vertex -0.209173 -5.39087 0.590001
      vertex 0 -5.4 6
      vertex 0 -5.4 0.590001
    endloop
  endfacet
  facet normal 0.043635 0.999048 0
    outer loop
      vertex -0.47064 -5.37945 6
      vertex -0.209173 -5.39087 0.590001
      vertex -0.47064 -5.37945 0.590001
    endloop
  endfacet
  facet normal -0.675579 0.737287 1.26736e-08
    outer loop
      vertex 3.81838 -3.81838 6
      vertex 3.62542 -3.99519 0.59
      vertex 3.47105 -4.13664 6
    endloop
  endfacet
  facet normal -0.675579 0.737287 0
    outer loop
      vertex 3.62542 -3.99519 0.59
      vertex 3.81838 -3.81838 6
      vertex 3.81838 -3.81838 0.59
    endloop
  endfacet
  facet normal -0.67558 0.737287 0
    outer loop
      vertex 3.47105 -4.13664 0.59
      vertex 3.47105 -4.13664 6
      vertex 3.62542 -3.99519 0.59
    endloop
  endfacet
  facet normal 0.843392 -0.537298 0
    outer loop
      vertex -4.42342 3.09731 6
      vertex -4.56404 2.87658 0.59
      vertex -4.42342 3.09731 0.59
    endloop
  endfacet
  facet normal 0.843386 -0.537308 5.67137e-07
    outer loop
      vertex -4.67654 2.7 6
      vertex -4.56404 2.87658 0.59
      vertex -4.42342 3.09731 6
    endloop
  endfacet
  facet normal 0.843378 -0.53732 0
    outer loop
      vertex -4.56404 2.87658 0.59
      vertex -4.67654 2.7 6
      vertex -4.67654 2.7 0.59
    endloop
  endfacet
  facet normal -0.300711 -0.953715 0
    outer loop
      vertex 1.5973 5.15304 0.59
      vertex 1.39762 5.216 6
      vertex 1.39762 5.216 0.590001
    endloop
  endfacet
  facet normal -0.300705 -0.953717 2.47036e-07
    outer loop
      vertex 1.39762 5.216 6
      vertex 1.5973 5.15304 0.59
      vertex 1.84691 5.07434 6
    endloop
  endfacet
  facet normal -0.3007 -0.953719 0
    outer loop
      vertex 1.84691 5.07434 0.59
      vertex 1.84691 5.07434 6
      vertex 1.5973 5.15304 0.59
    endloop
  endfacet
  facet normal -0.706771 -0.0308492 -0.70677
    outer loop
      vertex 5.39087 0.209173 0.590001
      vertex 5.99 0 0
      vertex 5.4 0 0.590001
    endloop
  endfacet
  facet normal -0.706772 -0.0308535 -0.706769
    outer loop
      vertex 5.99 0 0
      vertex 5.39087 0.209173 0.590001
      vertex 5.9674 0.517705 0
    endloop
  endfacet
  facet normal -0.627507 -0.326661 -0.706773
    outer loop
      vertex 4.77321 2.51428 0.59
      vertex 5.18749 2.995 0
      vertex 5.42677 2.53535 0
    endloop
  endfacet
  facet normal -0.627526 -0.326637 -0.706767
    outer loop
      vertex 5.18749 2.995 0
      vertex 4.77321 2.51428 0.59
      vertex 4.67654 2.7 0.59
    endloop
  endfacet
  facet normal -0.0925403 0.701358 -0.706776
    outer loop
      vertex 1.03583 -5.89957 0
      vertex 0.9377 -5.31796 0.59
      vertex 1.04015 -5.899 0
    endloop
  endfacet
  facet normal 0 0.712152 -0.702025
    outer loop
      vertex 1.03583 -5.89957 0
      vertex 0.937699 -5.31796 0.59
      vertex 0.9377 -5.31796 0.59
    endloop
  endfacet
  facet normal -0.0923374 0.701389 -0.706773
    outer loop
      vertex 0.937699 -5.31796 0.59
      vertex 1.03583 -5.89957 0
      vertex 0.678222 -5.35212 0.59
    endloop
  endfacet
  facet normal -0.212739 -0.674696 -0.706772
    outer loop
      vertex 1.5973 5.15304 0.59
      vertex 1.55033 5.7859 0
      vertex 2.04454 5.63007 0
    endloop
  endfacet
  facet normal -0.212738 -0.674696 -0.706773
    outer loop
      vertex 1.55033 5.7859 0
      vertex 1.5973 5.15304 0.59
      vertex 1.39762 5.216 0.590001
    endloop
  endfacet
  facet normal 0.326637 -0.627526 -0.706767
    outer loop
      vertex -2.995 5.18749 0
      vertex -2.51428 4.77321 0.59
      vertex -2.7 4.67654 0.59
    endloop
  endfacet
  facet normal 0.326661 -0.627507 -0.706773
    outer loop
      vertex -2.51428 4.77321 0.59
      vertex -2.995 5.18749 0
      vertex -2.53535 5.42677 0
    endloop
  endfacet
  facet normal -0.0308535 0.706772 -0.706769
    outer loop
      vertex 0 -5.99 0
      vertex 0.209173 -5.39087 0.590001
      vertex 0.517705 -5.9674 0
    endloop
  endfacet
  facet normal -0.0308492 0.706771 -0.70677
    outer loop
      vertex 0.209173 -5.39087 0.590001
      vertex 0 -5.99 0
      vertex 0 -5.4 0.590001
    endloop
  endfacet
  facet normal 0.0923477 0.701388 -0.706772
    outer loop
      vertex -0.522062 -5.96721 0
      vertex -0.678222 -5.35212 0.59
      vertex -0.470641 -5.37945 0.590001
    endloop
  endfacet
  facet normal 0.092341 0.701387 -0.706774
    outer loop
      vertex -0.678222 -5.35212 0.59
      vertex -0.522062 -5.96721 0
      vertex -1.03583 -5.89957 0
    endloop
  endfacet
  facet normal 0.212738 -0.674696 -0.706773
    outer loop
      vertex -1.5973 5.15304 0.59
      vertex -1.55033 5.7859 0
      vertex -1.39762 5.216 0.590001
    endloop
  endfacet
  facet normal 0.212739 -0.674696 -0.706772
    outer loop
      vertex -1.55033 5.7859 0
      vertex -1.5973 5.15304 0.59
      vertex -2.04454 5.63007 0
    endloop
  endfacet
  facet normal -0.380114 -0.596649 -0.70677
    outer loop
      vertex 2.87658 4.56404 0.59
      vertex 2.995 5.18749 0
      vertex 3.43204 4.90906 0
    endloop
  endfacet
  facet normal -0.380125 -0.596645 -0.706767
    outer loop
      vertex 2.995 5.18749 0
      vertex 2.87658 4.56404 0.59
      vertex 2.7 4.67654 0.59
    endloop
  endfacet
  facet normal 0.415904 -0.909408 0
    outer loop
      vertex -5.43045 -2.52745 0
      vertex -4.89406 -2.28214 0.589999
      vertex -4.89406 -2.28214 0.59
    endloop
  endfacet
  facet normal 0.653551 0.270826 -0.70677
    outer loop
      vertex -5.43045 -2.52745 0
      vertex -4.89406 -2.28214 0.59
      vertex -5.42878 -2.53148 0
    endloop
  endfacet
  facet normal 0.653589 0.270737 -0.706769
    outer loop
      vertex -4.89406 -2.28214 0.589999
      vertex -5.43045 -2.52745 0
      vertex -4.99422 -2.04034 0.59
    endloop
  endfacet
  facet normal 0.596654 -0.380109 -0.706768
    outer loop
      vertex -4.90906 3.43204 0
      vertex -4.42342 3.09731 0.59
      vertex -4.56404 2.87658 0.59
    endloop
  endfacet
  facet normal 0.596987 -0.379606 -0.706757
    outer loop
      vertex -4.42342 3.09731 0.59
      vertex -4.90906 3.43204 0
      vertex -4.90672 3.43572 0
    endloop
  endfacet
  facet normal -0.270734 0.653592 -0.706768
    outer loop
      vertex 2.0487 -5.62876 0
      vertex 2.04034 -4.99422 0.59
      vertex 2.52745 -5.43045 0
    endloop
  endfacet
  facet normal -0.270723 0.653594 -0.70677
    outer loop
      vertex 2.0487 -5.62876 0
      vertex 1.84691 -5.07434 0.59
      vertex 2.04034 -4.99422 0.59
    endloop
  endfacet
  facet normal -0.430679 0.561236 -0.706774
    outer loop
      vertex 3.30495 -4.2641 0.590001
      vertex 3.47105 -4.13664 0.59
      vertex 3.8503 -4.58861 0
    endloop
  endfacet
  facet normal -0.430662 0.561256 -0.706769
    outer loop
      vertex 3.30495 -4.2641 0.590001
      vertex 3.8503 -4.58861 0
      vertex 3.43918 -4.90407 0
    endloop
  endfacet
  facet normal -0.6905 -0.153985 -0.706752
    outer loop
      vertex 5.31796 0.9377 0.59
      vertex 5.89805 1.04441 0
      vertex 5.899 1.04015 0
    endloop
  endfacet
  facet normal -0.690678 -0.153106 -0.706769
    outer loop
      vertex 5.89805 1.04441 0
      vertex 5.31796 0.9377 0.59
      vertex 5.26132 1.19321 0.59
    endloop
  endfacet
  facet normal 0.477936 -0.521591 -0.706767
    outer loop
      vertex -3.81838 3.81838 0.59
      vertex -4.23235 4.23852 0
      vertex -3.62542 3.99519 0.59
    endloop
  endfacet
  facet normal 0.477893 -0.521632 -0.706766
    outer loop
      vertex -4.23235 4.23852 0
      vertex -3.81838 3.81838 0.59
      vertex -4.23557 4.23557 0
    endloop
  endfacet
  facet normal 0.701389 -0.0923374 -0.706773
    outer loop
      vertex -5.89957 1.03583 0
      vertex -5.31796 0.937699 0.59
      vertex -5.35212 0.678222 0.59
    endloop
  endfacet
  facet normal 0.712152 0 -0.702025
    outer loop
      vertex -5.31796 0.937699 0.59
      vertex -5.89957 1.03583 0
      vertex -5.31796 0.9377 0.59
    endloop
  endfacet
  facet normal 0.701358 -0.0925403 -0.706776
    outer loop
      vertex -5.31796 0.9377 0.59
      vertex -5.89957 1.03583 0
      vertex -5.899 1.04015 0
    endloop
  endfacet
  facet normal -0.561629 -0.43015 -0.706784
    outer loop
      vertex 4.42342 3.09731 0.59
      vertex 4.90407 3.43918 0
      vertex 4.90672 3.43572 0
    endloop
  endfacet
  facet normal -0.561262 -0.430647 -0.706773
    outer loop
      vertex 4.90407 3.43918 0
      vertex 4.42342 3.09731 0.59
      vertex 4.2641 3.30495 0.590001
    endloop
  endfacet
  facet normal 0.477936 0.521591 -0.706767
    outer loop
      vertex -4.23235 -4.23852 0
      vertex -3.81838 -3.81838 0.59
      vertex -3.62542 -3.99519 0.59
    endloop
  endfacet
  facet normal 0.477893 0.521632 -0.706766
    outer loop
      vertex -3.81838 -3.81838 0.59
      vertex -4.23235 -4.23852 0
      vertex -4.23557 -4.23557 0
    endloop
  endfacet
  facet normal -0.0308492 -0.706771 -0.70677
    outer loop
      vertex 0 5.99 0
      vertex 0.209173 5.39087 0.590001
      vertex 0 5.4 0.590001
    endloop
  endfacet
  facet normal -0.0308535 -0.706772 -0.706769
    outer loop
      vertex 0.209173 5.39087 0.590001
      vertex 0 5.99 0
      vertex 0.517705 5.9674 0
    endloop
  endfacet
  facet normal 0.153106 0.690678 -0.706769
    outer loop
      vertex -1.55033 -5.7859 0
      vertex -1.19321 -5.26132 0.59
      vertex -1.04441 -5.89805 0
    endloop
  endfacet
  facet normal 0.153126 0.69067 -0.706773
    outer loop
      vertex -1.19321 -5.26132 0.59
      vertex -1.55033 -5.7859 0
      vertex -1.39762 -5.216 0.590001
    endloop
  endfacet
  facet normal -0.092341 0.701387 -0.706774
    outer loop
      vertex 0.522062 -5.96721 0
      vertex 0.678222 -5.35212 0.59
      vertex 1.03583 -5.89957 0
    endloop
  endfacet
  facet normal -0.0923477 0.701388 -0.706772
    outer loop
      vertex 0.678222 -5.35212 0.59
      vertex 0.522062 -5.96721 0
      vertex 0.470641 -5.37945 0.590001
    endloop
  endfacet
  facet normal 0.380125 -0.596645 -0.706767
    outer loop
      vertex -2.87658 4.56404 0.59
      vertex -2.995 5.18749 0
      vertex -2.7 4.67654 0.59
    endloop
  endfacet
  facet normal 0.380114 -0.596649 -0.70677
    outer loop
      vertex -2.995 5.18749 0
      vertex -2.87658 4.56404 0.59
      vertex -3.43204 4.90906 0
    endloop
  endfacet
  facet normal 0.674696 -0.212738 -0.706773
    outer loop
      vertex -5.7859 1.55033 0
      vertex -5.15304 1.5973 0.59
      vertex -5.216 1.39762 0.590001
    endloop
  endfacet
  facet normal 0.674696 -0.212739 -0.706772
    outer loop
      vertex -5.15304 1.5973 0.59
      vertex -5.7859 1.55033 0
      vertex -5.63007 2.04454 0
    endloop
  endfacet
  facet normal -0.706772 0.0308535 -0.706769
    outer loop
      vertex 5.39087 -0.209173 0.590001
      vertex 5.99 0 0
      vertex 5.9674 -0.517705 0
    endloop
  endfacet
  facet normal -0.706771 0.0308492 -0.70677
    outer loop
      vertex 5.99 0 0
      vertex 5.39087 -0.209173 0.590001
      vertex 5.4 0 0.590001
    endloop
  endfacet
  facet normal -0.596654 -0.380109 -0.706768
    outer loop
      vertex 4.42342 3.09731 0.59
      vertex 4.90906 3.43204 0
      vertex 4.56404 2.87658 0.59
    endloop
  endfacet
  facet normal -0.596987 -0.379606 -0.706757
    outer loop
      vertex 4.90906 3.43204 0
      vertex 4.42342 3.09731 0.59
      vertex 4.90672 3.43572 0
    endloop
  endfacet
  facet normal -0.653589 -0.270737 -0.706769
    outer loop
      vertex 4.89406 2.28214 0.589999
      vertex 5.43045 2.52745 0
      vertex 4.99422 2.04034 0.59
    endloop
  endfacet
  facet normal -0.415904 0.909408 0
    outer loop
      vertex 4.89406 2.28214 0.59
      vertex 5.43045 2.52745 0
      vertex 4.89406 2.28214 0.589999
    endloop
  endfacet
  facet normal -0.653551 -0.270826 -0.70677
    outer loop
      vertex 5.43045 2.52745 0
      vertex 4.89406 2.28214 0.59
      vertex 5.42878 2.53148 0
    endloop
  endfacet
  facet normal -0.270826 -0.653551 -0.70677
    outer loop
      vertex 2.28214 4.89406 0.59
      vertex 2.52745 5.43045 0
      vertex 2.53148 5.42878 0
    endloop
  endfacet
  facet normal 0.909408 -0.415904 0
    outer loop
      vertex 2.28214 4.89406 0.589999
      vertex 2.52745 5.43045 0
      vertex 2.28214 4.89406 0.59
    endloop
  endfacet
  facet normal -0.270737 -0.653589 -0.706769
    outer loop
      vertex 2.52745 5.43045 0
      vertex 2.28214 4.89406 0.589999
      vertex 2.04034 4.99422 0.59
    endloop
  endfacet
  facet normal 0.0308492 -0.706771 -0.70677
    outer loop
      vertex -0.209173 5.39087 0.590001
      vertex 0 5.99 0
      vertex 0 5.4 0.590001
    endloop
  endfacet
  facet normal 0.0308535 -0.706772 -0.706769
    outer loop
      vertex 0 5.99 0
      vertex -0.209173 5.39087 0.590001
      vertex -0.517705 5.9674 0
    endloop
  endfacet
  facet normal 0.521591 -0.477936 -0.706767
    outer loop
      vertex -4.23852 4.23235 0
      vertex -3.81838 3.81838 0.59
      vertex -3.99519 3.62542 0.59
    endloop
  endfacet
  facet normal 0.521632 -0.477893 -0.706766
    outer loop
      vertex -3.81838 3.81838 0.59
      vertex -4.23852 4.23235 0
      vertex -4.23557 4.23557 0
    endloop
  endfacet
  facet normal 0 -0.708337 -0.705875
    outer loop
      vertex -0.517705 5.9674 0
      vertex -0.47064 5.37945 0.590001
      vertex -0.470641 5.37945 0.590001
    endloop
  endfacet
  facet normal 0.0308692 -0.706767 -0.706773
    outer loop
      vertex -0.47064 5.37945 0.590001
      vertex -0.517705 5.9674 0
      vertex -0.209173 5.39087 0.590001
    endloop
  endfacet
  facet normal 0.0308208 -0.70677 -0.706772
    outer loop
      vertex -0.517705 5.9674 0
      vertex -0.470641 5.37945 0.590001
      vertex -0.522062 5.96721 0
    endloop
  endfacet
  facet normal -0.6905 0.153985 -0.706752
    outer loop
      vertex 5.89805 -1.04441 0
      vertex 5.31796 -0.9377 0.59
      vertex 5.899 -1.04015 0
    endloop
  endfacet
  facet normal -0.690678 0.153106 -0.706769
    outer loop
      vertex 5.31796 -0.9377 0.59
      vertex 5.89805 -1.04441 0
      vertex 5.26132 -1.19321 0.59
    endloop
  endfacet
  facet normal -0.0925403 -0.701358 -0.706776
    outer loop
      vertex 0.9377 5.31796 0.59
      vertex 1.03583 5.89957 0
      vertex 1.04015 5.899 0
    endloop
  endfacet
  facet normal 0 -0.712152 -0.702025
    outer loop
      vertex 0.937699 5.31796 0.59
      vertex 1.03583 5.89957 0
      vertex 0.9377 5.31796 0.59
    endloop
  endfacet
  facet normal -0.0923374 -0.701389 -0.706773
    outer loop
      vertex 1.03583 5.89957 0
      vertex 0.937699 5.31796 0.59
      vertex 0.678222 5.35212 0.59
    endloop
  endfacet
  facet normal 0.653589 -0.270737 -0.706769
    outer loop
      vertex -5.43045 2.52745 0
      vertex -4.89406 2.28214 0.589999
      vertex -4.99422 2.04034 0.59
    endloop
  endfacet
  facet normal 0.415904 0.909408 -0
    outer loop
      vertex -4.89406 2.28214 0.589999
      vertex -5.43045 2.52745 0
      vertex -4.89406 2.28214 0.59
    endloop
  endfacet
  facet normal 0.653551 -0.270826 -0.70677
    outer loop
      vertex -4.89406 2.28214 0.59
      vertex -5.43045 2.52745 0
      vertex -5.42878 2.53148 0
    endloop
  endfacet
  facet normal 0.708337 0 -0.705875
    outer loop
      vertex -5.9674 -0.517705 0
      vertex -5.37945 -0.47064 0.590001
      vertex -5.37945 -0.470641 0.590001
    endloop
  endfacet
  facet normal 0.70677 0.0308208 -0.706772
    outer loop
      vertex -5.9674 -0.517705 0
      vertex -5.37945 -0.470641 0.590001
      vertex -5.96721 -0.522062 0
    endloop
  endfacet
  facet normal 0.706767 0.0308692 -0.706773
    outer loop
      vertex -5.37945 -0.47064 0.590001
      vertex -5.9674 -0.517705 0
      vertex -5.39087 -0.209173 0.590001
    endloop
  endfacet
  facet normal 0.690678 0.153106 -0.706769
    outer loop
      vertex -5.89805 -1.04441 0
      vertex -5.31796 -0.9377 0.59
      vertex -5.26132 -1.19321 0.59
    endloop
  endfacet
  facet normal 0.6905 0.153985 -0.706752
    outer loop
      vertex -5.31796 -0.9377 0.59
      vertex -5.89805 -1.04441 0
      vertex -5.899 -1.04015 0
    endloop
  endfacet
  facet normal -0.379606 0.596987 -0.706757
    outer loop
      vertex 3.43204 -4.90906 0
      vertex 3.09731 -4.42342 0.59
      vertex 3.43572 -4.90672 0
    endloop
  endfacet
  facet normal -0.380109 0.596654 -0.706768
    outer loop
      vertex 2.87658 -4.56404 0.59
      vertex 3.09731 -4.42342 0.59
      vertex 3.43204 -4.90906 0
    endloop
  endfacet
  facet normal 0.627504 0.326673 -0.70677
    outer loop
      vertex -5.42677 -2.53535 0
      vertex -4.89406 -2.28214 0.59
      vertex -4.77321 -2.51428 0.59
    endloop
  endfacet
  facet normal 0.627804 0.326069 -0.706782
    outer loop
      vertex -4.89406 -2.28214 0.59
      vertex -5.42677 -2.53535 0
      vertex -5.42878 -2.53148 0
    endloop
  endfacet
  facet normal -0.0308208 0.70677 -0.706772
    outer loop
      vertex 0.517705 -5.9674 0
      vertex 0.470641 -5.37945 0.590001
      vertex 0.522062 -5.96721 0
    endloop
  endfacet
  facet normal 0 0.708337 -0.705875
    outer loop
      vertex 0.517705 -5.9674 0
      vertex 0.47064 -5.37945 0.590001
      vertex 0.470641 -5.37945 0.590001
    endloop
  endfacet
  facet normal -0.0308692 0.706767 -0.706773
    outer loop
      vertex 0.47064 -5.37945 0.590001
      vertex 0.517705 -5.9674 0
      vertex 0.209173 -5.39087 0.590001
    endloop
  endfacet
  facet normal -0.092341 -0.701387 -0.706774
    outer loop
      vertex 0.678222 5.35212 0.59
      vertex 0.522062 5.96721 0
      vertex 1.03583 5.89957 0
    endloop
  endfacet
  facet normal -0.0923477 -0.701388 -0.706772
    outer loop
      vertex 0.522062 5.96721 0
      vertex 0.678222 5.35212 0.59
      vertex 0.470641 5.37945 0.590001
    endloop
  endfacet
  facet normal 0.690678 -0.153106 -0.706769
    outer loop
      vertex -5.31796 0.9377 0.59
      vertex -5.89805 1.04441 0
      vertex -5.26132 1.19321 0.59
    endloop
  endfacet
  facet normal 0.6905 -0.153985 -0.706752
    outer loop
      vertex -5.89805 1.04441 0
      vertex -5.31796 0.9377 0.59
      vertex -5.899 1.04015 0
    endloop
  endfacet
  facet normal 0.706772 0.0308535 -0.706769
    outer loop
      vertex -5.99 0 0
      vertex -5.39087 -0.209173 0.590001
      vertex -5.9674 -0.517705 0
    endloop
  endfacet
  facet normal 0.706771 0.0308492 -0.70677
    outer loop
      vertex -5.39087 -0.209173 0.590001
      vertex -5.99 0 0
      vertex -5.4 0 0.590001
    endloop
  endfacet
  facet normal -0.477893 -0.521632 -0.706766
    outer loop
      vertex 3.81838 3.81838 0.59
      vertex 4.23235 4.23852 0
      vertex 4.23557 4.23557 0
    endloop
  endfacet
  facet normal -0.477936 -0.521591 -0.706767
    outer loop
      vertex 4.23235 4.23852 0
      vertex 3.81838 3.81838 0.59
      vertex 3.62542 3.99519 0.59
    endloop
  endfacet
  facet normal 0.69067 0.153126 -0.706773
    outer loop
      vertex -5.216 -1.39762 0.590001
      vertex -5.7859 -1.55033 0
      vertex -5.26132 -1.19321 0.59
    endloop
  endfacet
  facet normal 0.690678 0.153106 -0.706769
    outer loop
      vertex -5.26132 -1.19321 0.59
      vertex -5.7859 -1.55033 0
      vertex -5.89805 -1.04441 0
    endloop
  endfacet
  facet normal 0.596649 0.380114 -0.70677
    outer loop
      vertex -5.18749 -2.995 0
      vertex -4.56404 -2.87658 0.59
      vertex -4.90906 -3.43204 0
    endloop
  endfacet
  facet normal 0.596645 0.380125 -0.706767
    outer loop
      vertex -4.56404 -2.87658 0.59
      vertex -5.18749 -2.995 0
      vertex -4.67654 -2.7 0.59
    endloop
  endfacet
  facet normal 0.561236 -0.430679 -0.706774
    outer loop
      vertex -4.2641 3.30495 0.590001
      vertex -4.58861 3.8503 0
      vertex -4.13664 3.47105 0.59
    endloop
  endfacet
  facet normal 0.561256 -0.430662 -0.706769
    outer loop
      vertex -4.58861 3.8503 0
      vertex -4.2641 3.30495 0.590001
      vertex -4.90407 3.43918 0
    endloop
  endfacet
  facet normal 0.153985 -0.6905 -0.706752
    outer loop
      vertex -0.9377 5.31796 0.59
      vertex -1.04441 5.89805 0
      vertex -1.04015 5.899 0
    endloop
  endfacet
  facet normal 0.153106 -0.690678 -0.706769
    outer loop
      vertex -1.04441 5.89805 0
      vertex -0.9377 5.31796 0.59
      vertex -1.19321 5.26132 0.59
    endloop
  endfacet
  facet normal 0.69067 -0.153126 -0.706773
    outer loop
      vertex -5.7859 1.55033 0
      vertex -5.216 1.39762 0.590001
      vertex -5.26132 1.19321 0.59
    endloop
  endfacet
  facet normal 0.690678 -0.153106 -0.706769
    outer loop
      vertex -5.7859 1.55033 0
      vertex -5.26132 1.19321 0.59
      vertex -5.89805 1.04441 0
    endloop
  endfacet
  facet normal -0.270734 -0.653592 -0.706768
    outer loop
      vertex 2.04034 4.99422 0.59
      vertex 2.0487 5.62876 0
      vertex 2.52745 5.43045 0
    endloop
  endfacet
  facet normal -0.270723 -0.653594 -0.70677
    outer loop
      vertex 1.84691 5.07434 0.59
      vertex 2.0487 5.62876 0
      vertex 2.04034 4.99422 0.59
    endloop
  endfacet
  facet normal 0.706771 -0.0308492 -0.70677
    outer loop
      vertex -5.99 0 0
      vertex -5.39087 0.209173 0.590001
      vertex -5.4 0 0.590001
    endloop
  endfacet
  facet normal 0.706772 -0.0308535 -0.706769
    outer loop
      vertex -5.39087 0.209173 0.590001
      vertex -5.99 0 0
      vertex -5.9674 0.517705 0
    endloop
  endfacet
  facet normal 0.653592 0.270734 -0.706768
    outer loop
      vertex -5.62876 -2.0487 0
      vertex -4.99422 -2.04034 0.59
      vertex -5.43045 -2.52745 0
    endloop
  endfacet
  facet normal 0.653594 0.270723 -0.70677
    outer loop
      vertex -4.99422 -2.04034 0.59
      vertex -5.62876 -2.0487 0
      vertex -5.07434 -1.84691 0.59
    endloop
  endfacet
  facet normal 0.521586 -0.477932 -0.706774
    outer loop
      vertex -4.58861 3.8503 0
      vertex -3.99519 3.62542 0.59
      vertex -4.13664 3.47105 0.59
    endloop
  endfacet
  facet normal 0.521577 -0.477945 -0.706771
    outer loop
      vertex -3.99519 3.62542 0.59
      vertex -4.58861 3.8503 0
      vertex -4.23852 4.23235 0
    endloop
  endfacet
  facet normal -0.561256 0.430662 -0.706769
    outer loop
      vertex 4.58861 -3.8503 0
      vertex 4.2641 -3.30495 0.590001
      vertex 4.90407 -3.43918 0
    endloop
  endfacet
  facet normal -0.561236 0.430679 -0.706774
    outer loop
      vertex 4.13664 -3.47105 0.59
      vertex 4.2641 -3.30495 0.590001
      vertex 4.58861 -3.8503 0
    endloop
  endfacet
  facet normal 0.270723 0.653594 -0.70677
    outer loop
      vertex -2.0487 -5.62876 0
      vertex -2.04034 -4.99422 0.59
      vertex -1.84691 -5.07434 0.59
    endloop
  endfacet
  facet normal 0.270734 0.653592 -0.706768
    outer loop
      vertex -2.04034 -4.99422 0.59
      vertex -2.0487 -5.62876 0
      vertex -2.52745 -5.43045 0
    endloop
  endfacet
  facet normal -0.909408 -0.415904 0
    outer loop
      vertex -2.52745 5.43045 0
      vertex -2.28214 4.89406 0.589999
      vertex -2.28214 4.89406 0.59
    endloop
  endfacet
  facet normal 0.270737 -0.653589 -0.706769
    outer loop
      vertex -2.28214 4.89406 0.589999
      vertex -2.52745 5.43045 0
      vertex -2.04034 4.99422 0.59
    endloop
  endfacet
  facet normal 0.270826 -0.653551 -0.70677
    outer loop
      vertex -2.52745 5.43045 0
      vertex -2.28214 4.89406 0.59
      vertex -2.53148 5.42878 0
    endloop
  endfacet
  facet normal -0.627804 0.326069 -0.706782
    outer loop
      vertex 5.42677 -2.53535 0
      vertex 4.89406 -2.28214 0.59
      vertex 5.42878 -2.53148 0
    endloop
  endfacet
  facet normal -0.627504 0.326673 -0.70677
    outer loop
      vertex 4.89406 -2.28214 0.59
      vertex 5.42677 -2.53535 0
      vertex 4.77321 -2.51428 0.59
    endloop
  endfacet
  facet normal -0.326069 0.627804 -0.706782
    outer loop
      vertex 2.28214 -4.89406 0.59
      vertex 2.53535 -5.42677 0
      vertex 2.53148 -5.42878 0
    endloop
  endfacet
  facet normal -0.326673 0.627504 -0.70677
    outer loop
      vertex 2.53535 -5.42677 0
      vertex 2.28214 -4.89406 0.59
      vertex 2.51428 -4.77321 0.59
    endloop
  endfacet
  facet normal -0.596645 -0.380125 -0.706767
    outer loop
      vertex 4.56404 2.87658 0.59
      vertex 5.18749 2.995 0
      vertex 4.67654 2.7 0.59
    endloop
  endfacet
  facet normal -0.596649 -0.380114 -0.70677
    outer loop
      vertex 5.18749 2.995 0
      vertex 4.56404 2.87658 0.59
      vertex 4.90906 3.43204 0
    endloop
  endfacet
  facet normal 0.326661 0.627507 -0.706773
    outer loop
      vertex -2.995 -5.18749 0
      vertex -2.51428 -4.77321 0.59
      vertex -2.53535 -5.42677 0
    endloop
  endfacet
  facet normal 0.326637 0.627526 -0.706767
    outer loop
      vertex -2.51428 -4.77321 0.59
      vertex -2.995 -5.18749 0
      vertex -2.7 -4.67654 0.59
    endloop
  endfacet
  facet normal 0.706767 -0.0308692 -0.706773
    outer loop
      vertex -5.9674 0.517705 0
      vertex -5.37945 0.47064 0.590001
      vertex -5.39087 0.209173 0.590001
    endloop
  endfacet
  facet normal 0.708337 0 -0.705875
    outer loop
      vertex -5.37945 0.47064 0.590001
      vertex -5.9674 0.517705 0
      vertex -5.37945 0.470641 0.590001
    endloop
  endfacet
  facet normal 0.70677 -0.0308208 -0.706772
    outer loop
      vertex -5.37945 0.470641 0.590001
      vertex -5.9674 0.517705 0
      vertex -5.96721 0.522062 0
    endloop
  endfacet
  facet normal -0.212739 0.674696 -0.706772
    outer loop
      vertex 1.55033 -5.7859 0
      vertex 1.5973 -5.15304 0.59
      vertex 2.04454 -5.63007 0
    endloop
  endfacet
  facet normal -0.212738 0.674696 -0.706773
    outer loop
      vertex 1.5973 -5.15304 0.59
      vertex 1.55033 -5.7859 0
      vertex 1.39762 -5.216 0.590001
    endloop
  endfacet
  facet normal -0.521591 -0.477936 -0.706767
    outer loop
      vertex 3.81838 3.81838 0.59
      vertex 4.23852 4.23235 0
      vertex 3.99519 3.62542 0.59
    endloop
  endfacet
  facet normal -0.521632 -0.477893 -0.706766
    outer loop
      vertex 4.23852 4.23235 0
      vertex 3.81838 3.81838 0.59
      vertex 4.23557 4.23557 0
    endloop
  endfacet
  facet normal 0.0923477 -0.701388 -0.706772
    outer loop
      vertex -0.678222 5.35212 0.59
      vertex -0.522062 5.96721 0
      vertex -0.470641 5.37945 0.590001
    endloop
  endfacet
  facet normal 0.092341 -0.701387 -0.706774
    outer loop
      vertex -0.522062 5.96721 0
      vertex -0.678222 5.35212 0.59
      vertex -1.03583 5.89957 0
    endloop
  endfacet
  facet normal 0.627504 -0.326673 -0.70677
    outer loop
      vertex -4.89406 2.28214 0.59
      vertex -5.42677 2.53535 0
      vertex -4.77321 2.51428 0.59
    endloop
  endfacet
  facet normal 0.627804 -0.326069 -0.706782
    outer loop
      vertex -5.42677 2.53535 0
      vertex -4.89406 2.28214 0.59
      vertex -5.42878 2.53148 0
    endloop
  endfacet
  facet normal -0.674703 -0.212728 -0.706769
    outer loop
      vertex 5.07434 1.84691 0.59
      vertex 5.63007 2.04454 0
      vertex 5.15304 1.5973 0.59
    endloop
  endfacet
  facet normal -0.674782 -0.212491 -0.706765
    outer loop
      vertex 5.63007 2.04454 0
      vertex 5.07434 1.84691 0.59
      vertex 5.62876 2.0487 0
    endloop
  endfacet
  facet normal 0.212738 0.674696 -0.706773
    outer loop
      vertex -1.55033 -5.7859 0
      vertex -1.5973 -5.15304 0.59
      vertex -1.39762 -5.216 0.590001
    endloop
  endfacet
  facet normal 0.212739 0.674696 -0.706772
    outer loop
      vertex -1.5973 -5.15304 0.59
      vertex -1.55033 -5.7859 0
      vertex -2.04454 -5.63007 0
    endloop
  endfacet
  facet normal -0.674696 0.212739 -0.706772
    outer loop
      vertex 5.15304 -1.5973 0.59
      vertex 5.7859 -1.55033 0
      vertex 5.63007 -2.04454 0
    endloop
  endfacet
  facet normal -0.674696 0.212738 -0.706773
    outer loop
      vertex 5.7859 -1.55033 0
      vertex 5.15304 -1.5973 0.59
      vertex 5.216 -1.39762 0.590001
    endloop
  endfacet
  facet normal -0.0308208 -0.70677 -0.706772
    outer loop
      vertex 0.470641 5.37945 0.590001
      vertex 0.517705 5.9674 0
      vertex 0.522062 5.96721 0
    endloop
  endfacet
  facet normal 0 -0.708337 -0.705875
    outer loop
      vertex 0.47064 5.37945 0.590001
      vertex 0.517705 5.9674 0
      vertex 0.470641 5.37945 0.590001
    endloop
  endfacet
  facet normal -0.0308692 -0.706767 -0.706773
    outer loop
      vertex 0.517705 5.9674 0
      vertex 0.47064 5.37945 0.590001
      vertex 0.209173 5.39087 0.590001
    endloop
  endfacet
  facet normal 0.153985 0.6905 -0.706752
    outer loop
      vertex -1.04441 -5.89805 0
      vertex -0.9377 -5.31796 0.59
      vertex -1.04015 -5.899 0
    endloop
  endfacet
  facet normal 0.153106 0.690678 -0.706769
    outer loop
      vertex -0.9377 -5.31796 0.59
      vertex -1.04441 -5.89805 0
      vertex -1.19321 -5.26132 0.59
    endloop
  endfacet
  facet normal 0.0923374 0.701389 -0.706773
    outer loop
      vertex -1.03583 -5.89957 0
      vertex -0.937699 -5.31796 0.59
      vertex -0.678222 -5.35212 0.59
    endloop
  endfacet
  facet normal 0 0.712152 -0.702025
    outer loop
      vertex -0.937699 -5.31796 0.59
      vertex -1.03583 -5.89957 0
      vertex -0.9377 -5.31796 0.59
    endloop
  endfacet
  facet normal 0.0925403 0.701358 -0.706776
    outer loop
      vertex -0.9377 -5.31796 0.59
      vertex -1.03583 -5.89957 0
      vertex -1.04015 -5.899 0
    endloop
  endfacet
  facet normal 0.380125 0.596645 -0.706767
    outer loop
      vertex -2.995 -5.18749 0
      vertex -2.87658 -4.56404 0.59
      vertex -2.7 -4.67654 0.59
    endloop
  endfacet
  facet normal 0.380114 0.596649 -0.70677
    outer loop
      vertex -2.87658 -4.56404 0.59
      vertex -2.995 -5.18749 0
      vertex -3.43204 -4.90906 0
    endloop
  endfacet
  facet normal -0.521632 0.477893 -0.706766
    outer loop
      vertex 3.81838 -3.81838 0.59
      vertex 4.23852 -4.23235 0
      vertex 4.23557 -4.23557 0
    endloop
  endfacet
  facet normal -0.521591 0.477936 -0.706767
    outer loop
      vertex 4.23852 -4.23235 0
      vertex 3.81838 -3.81838 0.59
      vertex 3.99519 -3.62542 0.59
    endloop
  endfacet
  facet normal -0.627804 -0.326069 -0.706782
    outer loop
      vertex 4.89406 2.28214 0.59
      vertex 5.42677 2.53535 0
      vertex 5.42878 2.53148 0
    endloop
  endfacet
  facet normal -0.627504 -0.326673 -0.70677
    outer loop
      vertex 5.42677 2.53535 0
      vertex 4.89406 2.28214 0.59
      vertex 4.77321 2.51428 0.59
    endloop
  endfacet
  facet normal -0.477893 0.521632 -0.706766
    outer loop
      vertex 4.23235 -4.23852 0
      vertex 3.81838 -3.81838 0.59
      vertex 4.23557 -4.23557 0
    endloop
  endfacet
  facet normal -0.477936 0.521591 -0.706767
    outer loop
      vertex 3.81838 -3.81838 0.59
      vertex 4.23235 -4.23852 0
      vertex 3.62542 -3.99519 0.59
    endloop
  endfacet
  facet normal -0.477945 0.521577 -0.706771
    outer loop
      vertex 3.8503 -4.58861 0
      vertex 3.62542 -3.99519 0.59
      vertex 4.23235 -4.23852 0
    endloop
  endfacet
  facet normal -0.477932 0.521586 -0.706774
    outer loop
      vertex 3.62542 -3.99519 0.59
      vertex 3.8503 -4.58861 0
      vertex 3.47105 -4.13664 0.59
    endloop
  endfacet
  facet normal -0.477945 -0.521577 -0.706771
    outer loop
      vertex 3.62542 3.99519 0.59
      vertex 3.8503 4.58861 0
      vertex 4.23235 4.23852 0
    endloop
  endfacet
  facet normal -0.477932 -0.521586 -0.706774
    outer loop
      vertex 3.8503 4.58861 0
      vertex 3.62542 3.99519 0.59
      vertex 3.47105 4.13664 0.59
    endloop
  endfacet
  facet normal -0.653594 -0.270723 -0.70677
    outer loop
      vertex 4.99422 2.04034 0.59
      vertex 5.62876 2.0487 0
      vertex 5.07434 1.84691 0.59
    endloop
  endfacet
  facet normal -0.653592 -0.270734 -0.706768
    outer loop
      vertex 5.62876 2.0487 0
      vertex 4.99422 2.04034 0.59
      vertex 5.43045 2.52745 0
    endloop
  endfacet
  facet normal -0.430679 -0.561236 -0.706774
    outer loop
      vertex 3.47105 4.13664 0.59
      vertex 3.30495 4.2641 0.590001
      vertex 3.8503 4.58861 0
    endloop
  endfacet
  facet normal -0.430662 -0.561256 -0.706769
    outer loop
      vertex 3.8503 4.58861 0
      vertex 3.30495 4.2641 0.590001
      vertex 3.43918 4.90407 0
    endloop
  endfacet
  facet normal -0.690678 0.153106 -0.706769
    outer loop
      vertex 5.7859 -1.55033 0
      vertex 5.26132 -1.19321 0.59
      vertex 5.89805 -1.04441 0
    endloop
  endfacet
  facet normal -0.69067 0.153126 -0.706773
    outer loop
      vertex 5.7859 -1.55033 0
      vertex 5.216 -1.39762 0.590001
      vertex 5.26132 -1.19321 0.59
    endloop
  endfacet
  facet normal -0.561256 -0.430662 -0.706769
    outer loop
      vertex 4.2641 3.30495 0.590001
      vertex 4.58861 3.8503 0
      vertex 4.90407 3.43918 0
    endloop
  endfacet
  facet normal -0.561236 -0.430679 -0.706774
    outer loop
      vertex 4.2641 3.30495 0.590001
      vertex 4.13664 3.47105 0.59
      vertex 4.58861 3.8503 0
    endloop
  endfacet
  facet normal -0.701388 -0.0923477 -0.706772
    outer loop
      vertex 5.35212 0.678222 0.59
      vertex 5.96721 0.522062 0
      vertex 5.37945 0.470641 0.590001
    endloop
  endfacet
  facet normal -0.701387 -0.092341 -0.706774
    outer loop
      vertex 5.96721 0.522062 0
      vertex 5.35212 0.678222 0.59
      vertex 5.89957 1.03583 0
    endloop
  endfacet
  facet normal -0.674696 -0.212738 -0.706773
    outer loop
      vertex 5.15304 1.5973 0.59
      vertex 5.7859 1.55033 0
      vertex 5.216 1.39762 0.590001
    endloop
  endfacet
  facet normal -0.674696 -0.212739 -0.706772
    outer loop
      vertex 5.7859 1.55033 0
      vertex 5.15304 1.5973 0.59
      vertex 5.63007 2.04454 0
    endloop
  endfacet
  facet normal 0.561236 0.430679 -0.706774
    outer loop
      vertex -4.58861 -3.8503 0
      vertex -4.2641 -3.30495 0.590001
      vertex -4.13664 -3.47105 0.59
    endloop
  endfacet
  facet normal 0.561256 0.430662 -0.706769
    outer loop
      vertex -4.2641 -3.30495 0.590001
      vertex -4.58861 -3.8503 0
      vertex -4.90407 -3.43918 0
    endloop
  endfacet
  facet normal -0.212491 0.674782 -0.706765
    outer loop
      vertex 2.04454 -5.63007 0
      vertex 1.84691 -5.07434 0.59
      vertex 2.0487 -5.62876 0
    endloop
  endfacet
  facet normal -0.212728 0.674703 -0.706769
    outer loop
      vertex 1.84691 -5.07434 0.59
      vertex 2.04454 -5.63007 0
      vertex 1.5973 -5.15304 0.59
    endloop
  endfacet
  facet normal -0.212491 -0.674782 -0.706765
    outer loop
      vertex 1.84691 5.07434 0.59
      vertex 2.04454 5.63007 0
      vertex 2.0487 5.62876 0
    endloop
  endfacet
  facet normal -0.212728 -0.674703 -0.706769
    outer loop
      vertex 2.04454 5.63007 0
      vertex 1.84691 5.07434 0.59
      vertex 1.5973 5.15304 0.59
    endloop
  endfacet
  facet normal 0.153126 -0.69067 -0.706773
    outer loop
      vertex -1.55033 5.7859 0
      vertex -1.19321 5.26132 0.59
      vertex -1.39762 5.216 0.590001
    endloop
  endfacet
  facet normal 0.153106 -0.690678 -0.706769
    outer loop
      vertex -1.19321 5.26132 0.59
      vertex -1.55033 5.7859 0
      vertex -1.04441 5.89805 0
    endloop
  endfacet
  facet normal -0.701387 0.092341 -0.706774
    outer loop
      vertex 5.35212 -0.678222 0.59
      vertex 5.96721 -0.522062 0
      vertex 5.89957 -1.03583 0
    endloop
  endfacet
  facet normal -0.701388 0.0923477 -0.706772
    outer loop
      vertex 5.96721 -0.522062 0
      vertex 5.35212 -0.678222 0.59
      vertex 5.37945 -0.470641 0.590001
    endloop
  endfacet
  facet normal -0.70677 0.0308208 -0.706772
    outer loop
      vertex 5.37945 -0.470641 0.590001
      vertex 5.9674 -0.517705 0
      vertex 5.96721 -0.522062 0
    endloop
  endfacet
  facet normal -0.708337 0 -0.705875
    outer loop
      vertex 5.9674 -0.517705 0
      vertex 5.37945 -0.470641 0.590001
      vertex 5.37945 -0.47064 0.590001
    endloop
  endfacet
  facet normal -0.706767 0.0308692 -0.706773
    outer loop
      vertex 5.9674 -0.517705 0
      vertex 5.37945 -0.47064 0.590001
      vertex 5.39087 -0.209173 0.590001
    endloop
  endfacet
  facet normal -0.153106 -0.690678 -0.706769
    outer loop
      vertex 0.9377 5.31796 0.59
      vertex 1.04441 5.89805 0
      vertex 1.19321 5.26132 0.59
    endloop
  endfacet
  facet normal -0.153985 -0.6905 -0.706752
    outer loop
      vertex 1.04441 5.89805 0
      vertex 0.9377 5.31796 0.59
      vertex 1.04015 5.899 0
    endloop
  endfacet
  facet normal -0.153126 -0.69067 -0.706773
    outer loop
      vertex 1.19321 5.26132 0.59
      vertex 1.55033 5.7859 0
      vertex 1.39762 5.216 0.590001
    endloop
  endfacet
  facet normal -0.153106 -0.690678 -0.706769
    outer loop
      vertex 1.55033 5.7859 0
      vertex 1.19321 5.26132 0.59
      vertex 1.04441 5.89805 0
    endloop
  endfacet
  facet normal 0.326673 -0.627504 -0.70677
    outer loop
      vertex -2.53535 5.42677 0
      vertex -2.28214 4.89406 0.59
      vertex -2.51428 4.77321 0.59
    endloop
  endfacet
  facet normal 0.326069 -0.627804 -0.706782
    outer loop
      vertex -2.28214 4.89406 0.59
      vertex -2.53535 5.42677 0
      vertex -2.53148 5.42878 0
    endloop
  endfacet
  facet normal 0.65359 -0.270733 -0.70677
    outer loop
      vertex -5.07434 1.84691 0.59
      vertex -5.62876 2.0487 0
      vertex -5.43045 2.52745 0
    endloop
  endfacet
  facet normal 0.653598 -0.270725 -0.706766
    outer loop
      vertex -4.99422 2.04034 0.59
      vertex -5.07434 1.84691 0.59
      vertex -5.43045 2.52745 0
    endloop
  endfacet
  facet normal -0.153126 0.69067 -0.706773
    outer loop
      vertex 1.55033 -5.7859 0
      vertex 1.19321 -5.26132 0.59
      vertex 1.39762 -5.216 0.590001
    endloop
  endfacet
  facet normal -0.153106 0.690678 -0.706769
    outer loop
      vertex 1.19321 -5.26132 0.59
      vertex 1.55033 -5.7859 0
      vertex 1.04441 -5.89805 0
    endloop
  endfacet
  facet normal 0.712152 0 -0.702025
    outer loop
      vertex -5.89957 -1.03583 0
      vertex -5.31796 -0.937699 0.59
      vertex -5.31796 -0.9377 0.59
    endloop
  endfacet
  facet normal 0.701358 0.0925403 -0.706776
    outer loop
      vertex -5.89957 -1.03583 0
      vertex -5.31796 -0.9377 0.59
      vertex -5.899 -1.04015 0
    endloop
  endfacet
  facet normal 0.701389 0.0923374 -0.706773
    outer loop
      vertex -5.31796 -0.937699 0.59
      vertex -5.89957 -1.03583 0
      vertex -5.35212 -0.678222 0.59
    endloop
  endfacet
  facet normal -0.326673 -0.627504 -0.70677
    outer loop
      vertex 2.28214 4.89406 0.59
      vertex 2.53535 5.42677 0
      vertex 2.51428 4.77321 0.59
    endloop
  endfacet
  facet normal -0.326069 -0.627804 -0.706782
    outer loop
      vertex 2.53535 5.42677 0
      vertex 2.28214 4.89406 0.59
      vertex 2.53148 5.42878 0
    endloop
  endfacet
  facet normal -0.521586 -0.477932 -0.706774
    outer loop
      vertex 3.99519 3.62542 0.59
      vertex 4.58861 3.8503 0
      vertex 4.13664 3.47105 0.59
    endloop
  endfacet
  facet normal -0.521577 -0.477945 -0.706771
    outer loop
      vertex 4.58861 3.8503 0
      vertex 3.99519 3.62542 0.59
      vertex 4.23852 4.23235 0
    endloop
  endfacet
  facet normal 0.43015 0.561629 -0.706784
    outer loop
      vertex -3.43918 -4.90407 0
      vertex -3.09731 -4.42342 0.59
      vertex -3.43572 -4.90672 0
    endloop
  endfacet
  facet normal 0.430647 0.561262 -0.706773
    outer loop
      vertex -3.09731 -4.42342 0.59
      vertex -3.43918 -4.90407 0
      vertex -3.30495 -4.2641 0.590001
    endloop
  endfacet
  facet normal 0.674703 -0.212728 -0.706769
    outer loop
      vertex -5.63007 2.04454 0
      vertex -5.07434 1.84691 0.59
      vertex -5.15304 1.5973 0.59
    endloop
  endfacet
  facet normal 0.674782 -0.212491 -0.706765
    outer loop
      vertex -5.07434 1.84691 0.59
      vertex -5.63007 2.04454 0
      vertex -5.62876 2.0487 0
    endloop
  endfacet
  facet normal -0.596987 0.379606 -0.706757
    outer loop
      vertex 4.42342 -3.09731 0.59
      vertex 4.90906 -3.43204 0
      vertex 4.90672 -3.43572 0
    endloop
  endfacet
  facet normal -0.596654 0.380109 -0.706768
    outer loop
      vertex 4.90906 -3.43204 0
      vertex 4.42342 -3.09731 0.59
      vertex 4.56404 -2.87658 0.59
    endloop
  endfacet
  facet normal 0 -0.712152 -0.702025
    outer loop
      vertex -1.03583 5.89957 0
      vertex -0.937699 5.31796 0.59
      vertex -0.9377 5.31796 0.59
    endloop
  endfacet
  facet normal 0.0923374 -0.701389 -0.706773
    outer loop
      vertex -0.937699 5.31796 0.59
      vertex -1.03583 5.89957 0
      vertex -0.678222 5.35212 0.59
    endloop
  endfacet
  facet normal 0.0925403 -0.701358 -0.706776
    outer loop
      vertex -1.03583 5.89957 0
      vertex -0.9377 5.31796 0.59
      vertex -1.04015 5.899 0
    endloop
  endfacet
  facet normal -0.326661 0.627507 -0.706773
    outer loop
      vertex 2.51428 -4.77321 0.59
      vertex 2.995 -5.18749 0
      vertex 2.53535 -5.42677 0
    endloop
  endfacet
  facet normal -0.326637 0.627526 -0.706767
    outer loop
      vertex 2.995 -5.18749 0
      vertex 2.51428 -4.77321 0.59
      vertex 2.7 -4.67654 0.59
    endloop
  endfacet
  facet normal 0.701387 0.092341 -0.706774
    outer loop
      vertex -5.96721 -0.522062 0
      vertex -5.35212 -0.678222 0.59
      vertex -5.89957 -1.03583 0
    endloop
  endfacet
  facet normal 0.701388 0.0923477 -0.706772
    outer loop
      vertex -5.35212 -0.678222 0.59
      vertex -5.96721 -0.522062 0
      vertex -5.37945 -0.470641 0.590001
    endloop
  endfacet
  facet normal -0.379606 -0.596987 -0.706757
    outer loop
      vertex 3.09731 4.42342 0.59
      vertex 3.43204 4.90906 0
      vertex 3.43572 4.90672 0
    endloop
  endfacet
  facet normal -0.380109 -0.596654 -0.706768
    outer loop
      vertex 3.09731 4.42342 0.59
      vertex 2.87658 4.56404 0.59
      vertex 3.43204 4.90906 0
    endloop
  endfacet
  facet normal 0.701388 -0.0923477 -0.706772
    outer loop
      vertex -5.96721 0.522062 0
      vertex -5.35212 0.678222 0.59
      vertex -5.37945 0.470641 0.590001
    endloop
  endfacet
  facet normal 0.701387 -0.092341 -0.706774
    outer loop
      vertex -5.35212 0.678222 0.59
      vertex -5.96721 0.522062 0
      vertex -5.89957 1.03583 0
    endloop
  endfacet
  facet normal -0.596649 0.380114 -0.70677
    outer loop
      vertex 4.56404 -2.87658 0.59
      vertex 5.18749 -2.995 0
      vertex 4.90906 -3.43204 0
    endloop
  endfacet
  facet normal -0.596645 0.380125 -0.706767
    outer loop
      vertex 5.18749 -2.995 0
      vertex 4.56404 -2.87658 0.59
      vertex 4.67654 -2.7 0.59
    endloop
  endfacet
  facet normal 0.596645 -0.380125 -0.706767
    outer loop
      vertex -5.18749 2.995 0
      vertex -4.56404 2.87658 0.59
      vertex -4.67654 2.7 0.59
    endloop
  endfacet
  facet normal 0.596649 -0.380114 -0.70677
    outer loop
      vertex -4.56404 2.87658 0.59
      vertex -5.18749 2.995 0
      vertex -4.90906 3.43204 0
    endloop
  endfacet
  facet normal 0.627526 -0.326637 -0.706767
    outer loop
      vertex -4.77321 2.51428 0.59
      vertex -5.18749 2.995 0
      vertex -4.67654 2.7 0.59
    endloop
  endfacet
  facet normal 0.627507 -0.326661 -0.706773
    outer loop
      vertex -5.18749 2.995 0
      vertex -4.77321 2.51428 0.59
      vertex -5.42677 2.53535 0
    endloop
  endfacet
  facet normal -0.627507 0.326661 -0.706773
    outer loop
      vertex 5.18749 -2.995 0
      vertex 4.77321 -2.51428 0.59
      vertex 5.42677 -2.53535 0
    endloop
  endfacet
  facet normal -0.627526 0.326637 -0.706767
    outer loop
      vertex 4.77321 -2.51428 0.59
      vertex 5.18749 -2.995 0
      vertex 4.67654 -2.7 0.59
    endloop
  endfacet
  facet normal -0.326637 -0.627526 -0.706767
    outer loop
      vertex 2.51428 4.77321 0.59
      vertex 2.995 5.18749 0
      vertex 2.7 4.67654 0.59
    endloop
  endfacet
  facet normal -0.326661 -0.627507 -0.706773
    outer loop
      vertex 2.995 5.18749 0
      vertex 2.51428 4.77321 0.59
      vertex 2.53535 5.42677 0
    endloop
  endfacet
  facet normal 0.430679 -0.561236 -0.706774
    outer loop
      vertex -3.8503 4.58861 0
      vertex -3.30495 4.2641 0.590001
      vertex -3.47105 4.13664 0.59
    endloop
  endfacet
  facet normal 0.430662 -0.561256 -0.706769
    outer loop
      vertex -3.30495 4.2641 0.590001
      vertex -3.8503 4.58861 0
      vertex -3.43918 4.90407 0
    endloop
  endfacet
  facet normal -0.380114 0.596649 -0.70677
    outer loop
      vertex 2.995 -5.18749 0
      vertex 2.87658 -4.56404 0.59
      vertex 3.43204 -4.90906 0
    endloop
  endfacet
  facet normal -0.380125 0.596645 -0.706767
    outer loop
      vertex 2.87658 -4.56404 0.59
      vertex 2.995 -5.18749 0
      vertex 2.7 -4.67654 0.59
    endloop
  endfacet
  facet normal -0.653594 0.270723 -0.70677
    outer loop
      vertex 5.62876 -2.0487 0
      vertex 4.99422 -2.04034 0.59
      vertex 5.07434 -1.84691 0.59
    endloop
  endfacet
  facet normal -0.653592 0.270734 -0.706768
    outer loop
      vertex 4.99422 -2.04034 0.59
      vertex 5.62876 -2.0487 0
      vertex 5.43045 -2.52745 0
    endloop
  endfacet
  facet normal 0.521632 0.477893 -0.706766
    outer loop
      vertex -4.23852 -4.23235 0
      vertex -3.81838 -3.81838 0.59
      vertex -4.23557 -4.23557 0
    endloop
  endfacet
  facet normal 0.521591 0.477936 -0.706767
    outer loop
      vertex -3.81838 -3.81838 0.59
      vertex -4.23852 -4.23235 0
      vertex -3.99519 -3.62542 0.59
    endloop
  endfacet
  facet normal 0.430647 -0.561262 -0.706773
    outer loop
      vertex -3.43918 4.90407 0
      vertex -3.09731 4.42342 0.59
      vertex -3.30495 4.2641 0.590001
    endloop
  endfacet
  facet normal 0.43015 -0.561629 -0.706784
    outer loop
      vertex -3.09731 4.42342 0.59
      vertex -3.43918 4.90407 0
      vertex -3.43572 4.90672 0
    endloop
  endfacet
  facet normal 0.212728 -0.674703 -0.706769
    outer loop
      vertex -1.84691 5.07434 0.59
      vertex -2.04454 5.63007 0
      vertex -1.5973 5.15304 0.59
    endloop
  endfacet
  facet normal 0.212491 -0.674782 -0.706765
    outer loop
      vertex -2.04454 5.63007 0
      vertex -1.84691 5.07434 0.59
      vertex -2.0487 5.62876 0
    endloop
  endfacet
  facet normal -0.521577 0.477945 -0.706771
    outer loop
      vertex 3.99519 -3.62542 0.59
      vertex 4.58861 -3.8503 0
      vertex 4.23852 -4.23235 0
    endloop
  endfacet
  facet normal -0.521586 0.477932 -0.706774
    outer loop
      vertex 4.58861 -3.8503 0
      vertex 3.99519 -3.62542 0.59
      vertex 4.13664 -3.47105 0.59
    endloop
  endfacet
  facet normal -0.674782 0.212491 -0.706765
    outer loop
      vertex 5.07434 -1.84691 0.59
      vertex 5.63007 -2.04454 0
      vertex 5.62876 -2.0487 0
    endloop
  endfacet
  facet normal -0.674703 0.212728 -0.706769
    outer loop
      vertex 5.63007 -2.04454 0
      vertex 5.07434 -1.84691 0.59
      vertex 5.15304 -1.5973 0.59
    endloop
  endfacet
  facet normal 0.596987 0.379606 -0.706757
    outer loop
      vertex -4.90906 -3.43204 0
      vertex -4.42342 -3.09731 0.59
      vertex -4.90672 -3.43572 0
    endloop
  endfacet
  facet normal 0.596654 0.380109 -0.706768
    outer loop
      vertex -4.42342 -3.09731 0.59
      vertex -4.90906 -3.43204 0
      vertex -4.56404 -2.87658 0.59
    endloop
  endfacet
  facet normal 0.0308492 0.706771 -0.70677
    outer loop
      vertex 0 -5.99 0
      vertex -0.209173 -5.39087 0.590001
      vertex 0 -5.4 0.590001
    endloop
  endfacet
  facet normal 0.0308535 0.706772 -0.706769
    outer loop
      vertex -0.209173 -5.39087 0.590001
      vertex 0 -5.99 0
      vertex -0.517705 -5.9674 0
    endloop
  endfacet
  facet normal -0.270826 0.653551 -0.70677
    outer loop
      vertex 2.52745 -5.43045 0
      vertex 2.28214 -4.89406 0.59
      vertex 2.53148 -5.42878 0
    endloop
  endfacet
  facet normal 0.909408 0.415904 0
    outer loop
      vertex 2.52745 -5.43045 0
      vertex 2.28214 -4.89406 0.589999
      vertex 2.28214 -4.89406 0.59
    endloop
  endfacet
  facet normal -0.270737 0.653589 -0.706769
    outer loop
      vertex 2.28214 -4.89406 0.589999
      vertex 2.52745 -5.43045 0
      vertex 2.04034 -4.99422 0.59
    endloop
  endfacet
  facet normal -0.690678 -0.153106 -0.706769
    outer loop
      vertex 5.26132 1.19321 0.59
      vertex 5.7859 1.55033 0
      vertex 5.89805 1.04441 0
    endloop
  endfacet
  facet normal -0.69067 -0.153126 -0.706773
    outer loop
      vertex 5.216 1.39762 0.590001
      vertex 5.7859 1.55033 0
      vertex 5.26132 1.19321 0.59
    endloop
  endfacet
  facet normal -0.701389 -0.0923374 -0.706773
    outer loop
      vertex 5.31796 0.937699 0.59
      vertex 5.89957 1.03583 0
      vertex 5.35212 0.678222 0.59
    endloop
  endfacet
  facet normal -0.712152 -0 -0.702025
    outer loop
      vertex 5.31796 0.9377 0.59
      vertex 5.89957 1.03583 0
      vertex 5.31796 0.937699 0.59
    endloop
  endfacet
  facet normal -0.701358 -0.0925403 -0.706776
    outer loop
      vertex 5.89957 1.03583 0
      vertex 5.31796 0.9377 0.59
      vertex 5.899 1.04015 0
    endloop
  endfacet
  facet normal -0.653551 0.270826 -0.70677
    outer loop
      vertex 4.89406 -2.28214 0.59
      vertex 5.43045 -2.52745 0
      vertex 5.42878 -2.53148 0
    endloop
  endfacet
  facet normal -0.415904 -0.909408 0
    outer loop
      vertex 5.43045 -2.52745 0
      vertex 4.89406 -2.28214 0.59
      vertex 4.89406 -2.28214 0.589999
    endloop
  endfacet
  facet normal -0.653589 0.270737 -0.706769
    outer loop
      vertex 5.43045 -2.52745 0
      vertex 4.89406 -2.28214 0.589999
      vertex 4.99422 -2.04034 0.59
    endloop
  endfacet
  facet normal -0.706767 -0.0308692 -0.706773
    outer loop
      vertex 5.37945 0.47064 0.590001
      vertex 5.9674 0.517705 0
      vertex 5.39087 0.209173 0.590001
    endloop
  endfacet
  facet normal -0.708337 -0 -0.705875
    outer loop
      vertex 5.37945 0.470641 0.590001
      vertex 5.9674 0.517705 0
      vertex 5.37945 0.47064 0.590001
    endloop
  endfacet
  facet normal -0.70677 -0.0308208 -0.706772
    outer loop
      vertex 5.9674 0.517705 0
      vertex 5.37945 0.470641 0.590001
      vertex 5.96721 0.522062 0
    endloop
  endfacet
  facet normal -0.430647 -0.561262 -0.706773
    outer loop
      vertex 3.09731 4.42342 0.59
      vertex 3.43918 4.90407 0
      vertex 3.30495 4.2641 0.590001
    endloop
  endfacet
  facet normal -0.43015 -0.561629 -0.706784
    outer loop
      vertex 3.43918 4.90407 0
      vertex 3.09731 4.42342 0.59
      vertex 3.43572 4.90672 0
    endloop
  endfacet
  facet normal 0.477932 -0.521586 -0.706774
    outer loop
      vertex -3.62542 3.99519 0.59
      vertex -3.8503 4.58861 0
      vertex -3.47105 4.13664 0.59
    endloop
  endfacet
  facet normal 0.477945 -0.521577 -0.706771
    outer loop
      vertex -3.8503 4.58861 0
      vertex -3.62542 3.99519 0.59
      vertex -4.23235 4.23852 0
    endloop
  endfacet
  facet normal -0.701358 0.0925403 -0.706776
    outer loop
      vertex 5.31796 -0.9377 0.59
      vertex 5.89957 -1.03583 0
      vertex 5.899 -1.04015 0
    endloop
  endfacet
  facet normal -0.712152 0 -0.702025
    outer loop
      vertex 5.89957 -1.03583 0
      vertex 5.31796 -0.9377 0.59
      vertex 5.31796 -0.937699 0.59
    endloop
  endfacet
  facet normal -0.701389 0.0923374 -0.706773
    outer loop
      vertex 5.89957 -1.03583 0
      vertex 5.31796 -0.937699 0.59
      vertex 5.35212 -0.678222 0.59
    endloop
  endfacet
  facet normal -0.153985 0.6905 -0.706752
    outer loop
      vertex 0.9377 -5.31796 0.59
      vertex 1.04441 -5.89805 0
      vertex 1.04015 -5.899 0
    endloop
  endfacet
  facet normal -0.153106 0.690678 -0.706769
    outer loop
      vertex 1.04441 -5.89805 0
      vertex 0.9377 -5.31796 0.59
      vertex 1.19321 -5.26132 0.59
    endloop
  endfacet
  facet normal 0.270723 -0.653594 -0.70677
    outer loop
      vertex -2.04034 4.99422 0.59
      vertex -2.0487 5.62876 0
      vertex -1.84691 5.07434 0.59
    endloop
  endfacet
  facet normal 0.270734 -0.653592 -0.706768
    outer loop
      vertex -2.0487 5.62876 0
      vertex -2.04034 4.99422 0.59
      vertex -2.52745 5.43045 0
    endloop
  endfacet
  facet normal 0.521577 0.477945 -0.706771
    outer loop
      vertex -4.58861 -3.8503 0
      vertex -3.99519 -3.62542 0.59
      vertex -4.23852 -4.23235 0
    endloop
  endfacet
  facet normal 0.521586 0.477932 -0.706774
    outer loop
      vertex -3.99519 -3.62542 0.59
      vertex -4.58861 -3.8503 0
      vertex -4.13664 -3.47105 0.59
    endloop
  endfacet
  facet normal 0.0308692 0.706767 -0.706773
    outer loop
      vertex -0.517705 -5.9674 0
      vertex -0.47064 -5.37945 0.590001
      vertex -0.209173 -5.39087 0.590001
    endloop
  endfacet
  facet normal 0 0.708337 -0.705875
    outer loop
      vertex -0.47064 -5.37945 0.590001
      vertex -0.517705 -5.9674 0
      vertex -0.470641 -5.37945 0.590001
    endloop
  endfacet
  facet normal 0.0308208 0.70677 -0.706772
    outer loop
      vertex -0.470641 -5.37945 0.590001
      vertex -0.517705 -5.9674 0
      vertex -0.522062 -5.96721 0
    endloop
  endfacet
  facet normal -0.561629 0.43015 -0.706784
    outer loop
      vertex 4.90407 -3.43918 0
      vertex 4.42342 -3.09731 0.59
      vertex 4.90672 -3.43572 0
    endloop
  endfacet
  facet normal -0.561262 0.430647 -0.706773
    outer loop
      vertex 4.42342 -3.09731 0.59
      vertex 4.90407 -3.43918 0
      vertex 4.2641 -3.30495 0.590001
    endloop
  endfacet
  facet normal 0.561262 -0.430647 -0.706773
    outer loop
      vertex -4.42342 3.09731 0.59
      vertex -4.90407 3.43918 0
      vertex -4.2641 3.30495 0.590001
    endloop
  endfacet
  facet normal 0.561629 -0.43015 -0.706784
    outer loop
      vertex -4.90407 3.43918 0
      vertex -4.42342 3.09731 0.59
      vertex -4.90672 3.43572 0
    endloop
  endfacet
  facet normal 0.380109 -0.596654 -0.706768
    outer loop
      vertex -3.09731 4.42342 0.59
      vertex -3.43204 4.90906 0
      vertex -2.87658 4.56404 0.59
    endloop
  endfacet
  facet normal 0.379606 -0.596987 -0.706757
    outer loop
      vertex -3.43204 4.90906 0
      vertex -3.09731 4.42342 0.59
      vertex -3.43572 4.90672 0
    endloop
  endfacet
  facet normal 0.326069 0.627804 -0.706782
    outer loop
      vertex -2.53535 -5.42677 0
      vertex -2.28214 -4.89406 0.59
      vertex -2.53148 -5.42878 0
    endloop
  endfacet
  facet normal 0.326673 0.627504 -0.70677
    outer loop
      vertex -2.28214 -4.89406 0.59
      vertex -2.53535 -5.42677 0
      vertex -2.51428 -4.77321 0.59
    endloop
  endfacet
  facet normal 0.627526 0.326637 -0.706767
    outer loop
      vertex -5.18749 -2.995 0
      vertex -4.77321 -2.51428 0.59
      vertex -4.67654 -2.7 0.59
    endloop
  endfacet
  facet normal 0.627507 0.326661 -0.706773
    outer loop
      vertex -4.77321 -2.51428 0.59
      vertex -5.18749 -2.995 0
      vertex -5.42677 -2.53535 0
    endloop
  endfacet
  facet normal -0.43015 0.561629 -0.706784
    outer loop
      vertex 3.09731 -4.42342 0.59
      vertex 3.43918 -4.90407 0
      vertex 3.43572 -4.90672 0
    endloop
  endfacet
  facet normal -0.430647 0.561262 -0.706773
    outer loop
      vertex 3.43918 -4.90407 0
      vertex 3.09731 -4.42342 0.59
      vertex 3.30495 -4.2641 0.590001
    endloop
  endfacet
  facet normal 0.270737 0.653589 -0.706769
    outer loop
      vertex -2.52745 -5.43045 0
      vertex -2.28214 -4.89406 0.589999
      vertex -2.04034 -4.99422 0.59
    endloop
  endfacet
  facet normal -0.909408 0.415904 0
    outer loop
      vertex -2.28214 -4.89406 0.589999
      vertex -2.52745 -5.43045 0
      vertex -2.28214 -4.89406 0.59
    endloop
  endfacet
  facet normal 0.270826 0.653551 -0.70677
    outer loop
      vertex -2.28214 -4.89406 0.59
      vertex -2.52745 -5.43045 0
      vertex -2.53148 -5.42878 0
    endloop
  endfacet
  facet normal 0.380109 0.596654 -0.706768
    outer loop
      vertex -3.43204 -4.90906 0
      vertex -3.09731 -4.42342 0.59
      vertex -2.87658 -4.56404 0.59
    endloop
  endfacet
  facet normal 0.379606 0.596987 -0.706757
    outer loop
      vertex -3.09731 -4.42342 0.59
      vertex -3.43204 -4.90906 0
      vertex -3.43572 -4.90672 0
    endloop
  endfacet
  facet normal 0.212728 0.674703 -0.706769
    outer loop
      vertex -2.04454 -5.63007 0
      vertex -1.84691 -5.07434 0.59
      vertex -1.5973 -5.15304 0.59
    endloop
  endfacet
  facet normal 0.212491 0.674782 -0.706765
    outer loop
      vertex -1.84691 -5.07434 0.59
      vertex -2.04454 -5.63007 0
      vertex -2.0487 -5.62876 0
    endloop
  endfacet
  facet normal 0.561262 0.430647 -0.706773
    outer loop
      vertex -4.90407 -3.43918 0
      vertex -4.42342 -3.09731 0.59
      vertex -4.2641 -3.30495 0.590001
    endloop
  endfacet
  facet normal 0.561629 0.43015 -0.706784
    outer loop
      vertex -4.42342 -3.09731 0.59
      vertex -4.90407 -3.43918 0
      vertex -4.90672 -3.43572 0
    endloop
  endfacet
  facet normal 0.430662 0.561256 -0.706769
    outer loop
      vertex -3.8503 -4.58861 0
      vertex -3.30495 -4.2641 0.590001
      vertex -3.43918 -4.90407 0
    endloop
  endfacet
  facet normal 0.430679 0.561236 -0.706774
    outer loop
      vertex -3.30495 -4.2641 0.590001
      vertex -3.8503 -4.58861 0
      vertex -3.47105 -4.13664 0.59
    endloop
  endfacet
  facet normal 0.477932 0.521586 -0.706774
    outer loop
      vertex -3.8503 -4.58861 0
      vertex -3.62542 -3.99519 0.59
      vertex -3.47105 -4.13664 0.59
    endloop
  endfacet
  facet normal 0.477945 0.521577 -0.706771
    outer loop
      vertex -3.62542 -3.99519 0.59
      vertex -3.8503 -4.58861 0
      vertex -4.23235 -4.23852 0
    endloop
  endfacet
  facet normal 0.674696 0.212739 -0.706772
    outer loop
      vertex -5.7859 -1.55033 0
      vertex -5.15304 -1.5973 0.59
      vertex -5.63007 -2.04454 0
    endloop
  endfacet
  facet normal 0.674696 0.212738 -0.706773
    outer loop
      vertex -5.15304 -1.5973 0.59
      vertex -5.7859 -1.55033 0
      vertex -5.216 -1.39762 0.590001
    endloop
  endfacet
  facet normal 0.674782 0.212491 -0.706765
    outer loop
      vertex -5.63007 -2.04454 0
      vertex -5.07434 -1.84691 0.59
      vertex -5.62876 -2.0487 0
    endloop
  endfacet
  facet normal 0.674703 0.212728 -0.706769
    outer loop
      vertex -5.07434 -1.84691 0.59
      vertex -5.63007 -2.04454 0
      vertex -5.15304 -1.5973 0.59
    endloop
  endfacet
  facet normal -0 0 1
    outer loop
      vertex -3.00536 18.7353 5.4
      vertex -2.30518 16.6989 5.4
      vertex -2.30518 18.7353 5.4
    endloop
  endfacet
  facet normal 0 -0 1
    outer loop
      vertex -3.00169 16.5219 5.4
      vertex -2.30518 16.6989 5.4
      vertex -3.00536 16.6443 5.4
    endloop
  endfacet
  facet normal 0 -0 1
    outer loop
      vertex -2.99069 16.4052 5.4
      vertex -2.30518 16.6989 5.4
      vertex -3.00169 16.5219 5.4
    endloop
  endfacet
  facet normal 0 -0 1
    outer loop
      vertex -2.97235 16.2944 5.4
      vertex -2.30518 16.6989 5.4
      vertex -2.99069 16.4052 5.4
    endloop
  endfacet
  facet normal 0 -0 1
    outer loop
      vertex -2.94669 16.1893 5.4
      vertex -2.30518 16.6989 5.4
      vertex -2.97235 16.2944 5.4
    endloop
  endfacet
  facet normal 0 0 1
    outer loop
      vertex -2.30518 16.6989 5.4
      vertex -2.47902 15.5593 5.4
      vertex -2.38948 15.5088 5.4
    endloop
  endfacet
  facet normal 0 0 1
    outer loop
      vertex -2.30518 16.6989 5.4
      vertex -2.56209 15.6166 5.4
      vertex -2.47902 15.5593 5.4
    endloop
  endfacet
  facet normal 0 0 1
    outer loop
      vertex -2.30518 16.6989 5.4
      vertex -2.63866 15.6806 5.4
      vertex -2.56209 15.6166 5.4
    endloop
  endfacet
  facet normal 0 0 1
    outer loop
      vertex -2.30518 16.6989 5.4
      vertex -2.70833 15.751 5.4
      vertex -2.63866 15.6806 5.4
    endloop
  endfacet
  facet normal 0 0 1
    outer loop
      vertex -2.30518 16.6989 5.4
      vertex -2.77068 15.8271 5.4
      vertex -2.70833 15.751 5.4
    endloop
  endfacet
  facet normal 0 0 1
    outer loop
      vertex -2.30518 16.6989 5.4
      vertex -2.82567 15.909 5.4
      vertex -2.77068 15.8271 5.4
    endloop
  endfacet
  facet normal 0 0 1
    outer loop
      vertex -2.30518 16.6989 5.4
      vertex -2.94669 16.1893 5.4
      vertex -2.91368 16.0901 5.4
    endloop
  endfacet
  facet normal 0 0 1
    outer loop
      vertex -2.30518 16.6989 5.4
      vertex -2.91368 16.0901 5.4
      vertex -2.87335 15.9966 5.4
    endloop
  endfacet
  facet normal 0 0 1
    outer loop
      vertex -2.30518 16.6989 5.4
      vertex -3.00536 18.7353 5.4
      vertex -3.00536 16.6443 5.4
    endloop
  endfacet
  facet normal 0 0 1
    outer loop
      vertex -2.30518 16.6989 5.4
      vertex -2.87335 15.9966 5.4
      vertex -2.82567 15.909 5.4
    endloop
  endfacet
  facet normal -0 0 1
    outer loop
      vertex -0.783829 16.7226 5.4
      vertex -0.0836639 16.6799 5.4
      vertex -0.0836639 18.7353 5.4
    endloop
  endfacet
  facet normal 0 0 1
    outer loop
      vertex -0.785858 16.6443 5.4
      vertex -0.0836639 16.6799 5.4
      vertex -0.783829 16.7226 5.4
    endloop
  endfacet
  facet normal 0 0 1
    outer loop
      vertex -0.0836639 16.6799 5.4
      vertex -0.785858 16.6443 5.4
      vertex -0.0875854 16.5555 5.4
    endloop
  endfacet
  facet normal -0 0 1
    outer loop
      vertex -0.791901 16.5696 5.4
      vertex -0.0875854 16.5555 5.4
      vertex -0.785858 16.6443 5.4
    endloop
  endfacet
  facet normal 0 0 1
    outer loop
      vertex -0.0875854 16.5555 5.4
      vertex -0.791901 16.5696 5.4
      vertex -0.0993652 16.4369 5.4
    endloop
  endfacet
  facet normal -0 0 1
    outer loop
      vertex -0.801987 16.4987 5.4
      vertex -0.0993652 16.4369 5.4
      vertex -0.791901 16.5696 5.4
    endloop
  endfacet
  facet normal 0 0 1
    outer loop
      vertex -0.0993652 16.4369 5.4
      vertex -0.801987 16.4987 5.4
      vertex -0.119019 16.324 5.4
    endloop
  endfacet
  facet normal -0 0 1
    outer loop
      vertex -0.816116 16.4315 5.4
      vertex -0.119019 16.324 5.4
      vertex -0.801987 16.4987 5.4
    endloop
  endfacet
  facet normal 0 0 1
    outer loop
      vertex -0.119019 16.324 5.4
      vertex -0.816116 16.4315 5.4
      vertex -0.146515 16.2168 5.4
    endloop
  endfacet
  facet normal -0 0 1
    outer loop
      vertex -0.834274 16.3681 5.4
      vertex -0.146515 16.2168 5.4
      vertex -0.816116 16.4315 5.4
    endloop
  endfacet
  facet normal 0 0 1
    outer loop
      vertex -0.146515 16.2168 5.4
      vertex -0.834274 16.3681 5.4
      vertex -0.181854 16.1153 5.4
    endloop
  endfacet
  facet normal -0 0 1
    outer loop
      vertex -0.856461 16.3083 5.4
      vertex -0.181854 16.1153 5.4
      vertex -0.834274 16.3681 5.4
    endloop
  endfacet
  facet normal 0 0 1
    outer loop
      vertex -0.225067 16.0195 5.4
      vertex -0.856461 16.3083 5.4
      vertex -0.276138 15.9295 5.4
    endloop
  endfacet
  facet normal 0 0 1
    outer loop
      vertex -0.783829 16.7226 5.4
      vertex -0.0836639 18.7353 5.4
      vertex -0.783829 18.7353 5.4
    endloop
  endfacet
  facet normal 0 0 1
    outer loop
      vertex -0.181854 16.1153 5.4
      vertex -0.856461 16.3083 5.4
      vertex -0.225067 16.0195 5.4
    endloop
  endfacet
  facet normal -0 0 1
    outer loop
      vertex -0.88269 16.2523 5.4
      vertex -0.276138 15.9295 5.4
      vertex -0.856461 16.3083 5.4
    endloop
  endfacet
  facet normal 0 0 1
    outer loop
      vertex -0.276138 15.9295 5.4
      vertex -0.88269 16.2523 5.4
      vertex -0.335052 15.8452 5.4
    endloop
  endfacet
  facet normal -0 0 1
    outer loop
      vertex -0.912949 16.2001 5.4
      vertex -0.335052 15.8452 5.4
      vertex -0.88269 16.2523 5.4
    endloop
  endfacet
  facet normal 0 0 1
    outer loop
      vertex -0.335052 15.8452 5.4
      vertex -0.912949 16.2001 5.4
      vertex -0.401825 15.7666 5.4
    endloop
  endfacet
  facet normal -0 0 1
    outer loop
      vertex -0.94725 16.1515 5.4
      vertex -0.401825 15.7666 5.4
      vertex -0.912949 16.2001 5.4
    endloop
  endfacet
  facet normal 0 0 1
    outer loop
      vertex -0.401825 15.7666 5.4
      vertex -0.94725 16.1515 5.4
      vertex -0.476471 15.6937 5.4
    endloop
  endfacet
  facet normal -0 0 1
    outer loop
      vertex -0.98558 16.1067 5.4
      vertex -0.476471 15.6937 5.4
      vertex -0.94725 16.1515 5.4
    endloop
  endfacet
  facet normal 0 0 1
    outer loop
      vertex -0.476471 15.6937 5.4
      vertex -0.98558 16.1067 5.4
      vertex -0.558212 15.6272 5.4
    endloop
  endfacet
  facet normal 0 0 1
    outer loop
      vertex -0.558212 15.6272 5.4
      vertex -0.98558 16.1067 5.4
      vertex -0.646362 15.5677 5.4
    endloop
  endfacet
  facet normal -0 0 1
    outer loop
      vertex -1.02765 16.0659 5.4
      vertex -0.646362 15.5677 5.4
      vertex -0.98558 16.1067 5.4
    endloop
  endfacet
  facet normal 0 0 1
    outer loop
      vertex -0.646362 15.5677 5.4
      vertex -1.02765 16.0659 5.4
      vertex -0.740875 15.5152 5.4
    endloop
  endfacet
  facet normal -0 0 1
    outer loop
      vertex -1.0732 16.0293 5.4
      vertex -0.740875 15.5152 5.4
      vertex -1.02765 16.0659 5.4
    endloop
  endfacet
  facet normal 0 0 1
    outer loop
      vertex -0.740875 15.5152 5.4
      vertex -1.0732 16.0293 5.4
      vertex -0.841782 15.4697 5.4
    endloop
  endfacet
  facet normal -0 0 1
    outer loop
      vertex -1.12221 15.9971 5.4
      vertex -0.841782 15.4697 5.4
      vertex -1.0732 16.0293 5.4
    endloop
  endfacet
  facet normal 0 0 1
    outer loop
      vertex -0.841782 15.4697 5.4
      vertex -1.12221 15.9971 5.4
      vertex -0.949081 15.4312 5.4
    endloop
  endfacet
  facet normal -0 0 1
    outer loop
      vertex -1.17468 15.9692 5.4
      vertex -0.949081 15.4312 5.4
      vertex -1.12221 15.9971 5.4
    endloop
  endfacet
  facet normal 0 0 1
    outer loop
      vertex -0.949081 15.4312 5.4
      vertex -1.17468 15.9692 5.4
      vertex -1.06276 15.3997 5.4
    endloop
  endfacet
  facet normal -0 0 1
    outer loop
      vertex -1.23062 15.9456 5.4
      vertex -1.06276 15.3997 5.4
      vertex -1.17468 15.9692 5.4
    endloop
  endfacet
  facet normal -0 0 1
    outer loop
      vertex -1.29004 15.9263 5.4
      vertex -1.06276 15.3997 5.4
      vertex -1.23062 15.9456 5.4
    endloop
  endfacet
  facet normal 0 0 1
    outer loop
      vertex -1.06276 15.3997 5.4
      vertex -1.29004 15.9263 5.4
      vertex -1.18282 15.3752 5.4
    endloop
  endfacet
  facet normal -0 0 1
    outer loop
      vertex -1.35291 15.9112 5.4
      vertex -1.18282 15.3752 5.4
      vertex -1.29004 15.9263 5.4
    endloop
  endfacet
  facet normal 0 0 1
    outer loop
      vertex -1.18282 15.3752 5.4
      vertex -1.35291 15.9112 5.4
      vertex -1.30927 15.3577 5.4
    endloop
  endfacet
  facet normal -0 0 1
    outer loop
      vertex -1.41924 15.9005 5.4
      vertex -1.30927 15.3577 5.4
      vertex -1.35291 15.9112 5.4
    endloop
  endfacet
  facet normal 0 0 1
    outer loop
      vertex -1.41924 15.9005 5.4
      vertex -1.44209 15.3471 5.4
      vertex -1.30927 15.3577 5.4
    endloop
  endfacet
  facet normal -0 0 1
    outer loop
      vertex -1.48904 15.894 5.4
      vertex -1.44209 15.3471 5.4
      vertex -1.41924 15.9005 5.4
    endloop
  endfacet
  facet normal -0 0 1
    outer loop
      vertex -1.5623 15.8919 5.4
      vertex -1.44209 15.3471 5.4
      vertex -1.48904 15.894 5.4
    endloop
  endfacet
  facet normal 0 0 1
    outer loop
      vertex -1.5623 15.8919 5.4
      vertex -1.58131 15.3436 5.4
      vertex -1.44209 15.3471 5.4
    endloop
  endfacet
  facet normal 0 0 1
    outer loop
      vertex -1.63364 15.8939 5.4
      vertex -1.58131 15.3436 5.4
      vertex -1.5623 15.8919 5.4
    endloop
  endfacet
  facet normal 0 0 1
    outer loop
      vertex -1.7162 15.347 5.4
      vertex -1.63364 15.8939 5.4
      vertex -1.70143 15.9001 5.4
    endloop
  endfacet
  facet normal 0 0 1
    outer loop
      vertex -1.63364 15.8939 5.4
      vertex -1.7162 15.347 5.4
      vertex -1.58131 15.3436 5.4
    endloop
  endfacet
  facet normal 0 0 1
    outer loop
      vertex -1.84462 15.3571 5.4
      vertex -1.70143 15.9001 5.4
      vertex -1.7657 15.9104 5.4
    endloop
  endfacet
  facet normal 0 0 1
    outer loop
      vertex -1.84462 15.3571 5.4
      vertex -1.7657 15.9104 5.4
      vertex -1.82642 15.9247 5.4
    endloop
  endfacet
  facet normal 0 0 1
    outer loop
      vertex -1.70143 15.9001 5.4
      vertex -1.84462 15.3571 5.4
      vertex -1.7162 15.347 5.4
    endloop
  endfacet
  facet normal 0 0 1
    outer loop
      vertex -1.96655 15.374 5.4
      vertex -1.82642 15.9247 5.4
      vertex -1.88361 15.9432 5.4
    endloop
  endfacet
  facet normal 0 0 1
    outer loop
      vertex -2.082 15.3976 5.4
      vertex -1.88361 15.9432 5.4
      vertex -1.93726 15.9658 5.4
    endloop
  endfacet
  facet normal 0 0 1
    outer loop
      vertex -1.82642 15.9247 5.4
      vertex -1.96655 15.374 5.4
      vertex -1.84462 15.3571 5.4
    endloop
  endfacet
  facet normal 0 0 1
    outer loop
      vertex -2.19098 15.4279 5.4
      vertex -1.93726 15.9658 5.4
      vertex -1.98737 15.9925 5.4
    endloop
  endfacet
  facet normal 0 0 1
    outer loop
      vertex -2.29347 15.465 5.4
      vertex -1.98737 15.9925 5.4
      vertex -2.03395 16.0233 5.4
    endloop
  endfacet
  facet normal 0 0 1
    outer loop
      vertex -2.38948 15.5088 5.4
      vertex -2.03395 16.0233 5.4
      vertex -2.077 16.0582 5.4
    endloop
  endfacet
  facet normal 0 0 1
    outer loop
      vertex -1.88361 15.9432 5.4
      vertex -2.082 15.3976 5.4
      vertex -1.96655 15.374 5.4
    endloop
  endfacet
  facet normal 0 0 1
    outer loop
      vertex -2.38948 15.5088 5.4
      vertex -2.077 16.0582 5.4
      vertex -2.1165 16.0972 5.4
    endloop
  endfacet
  facet normal 0 0 1
    outer loop
      vertex -2.38948 15.5088 5.4
      vertex -2.1165 16.0972 5.4
      vertex -2.15234 16.1402 5.4
    endloop
  endfacet
  facet normal 0 0 1
    outer loop
      vertex -2.38948 15.5088 5.4
      vertex -2.15234 16.1402 5.4
      vertex -2.18442 16.187 5.4
    endloop
  endfacet
  facet normal 0 0 1
    outer loop
      vertex -1.93726 15.9658 5.4
      vertex -2.19098 15.4279 5.4
      vertex -2.082 15.3976 5.4
    endloop
  endfacet
  facet normal 0 0 1
    outer loop
      vertex -2.38948 15.5088 5.4
      vertex -2.18442 16.187 5.4
      vertex -2.21272 16.2376 5.4
    endloop
  endfacet
  facet normal 0 0 1
    outer loop
      vertex -2.38948 15.5088 5.4
      vertex -2.21272 16.2376 5.4
      vertex -2.23726 16.292 5.4
    endloop
  endfacet
  facet normal 0 0 1
    outer loop
      vertex -2.38948 15.5088 5.4
      vertex -2.23726 16.292 5.4
      vertex -2.25801 16.3503 5.4
    endloop
  endfacet
  facet normal 0 0 1
    outer loop
      vertex -2.38948 15.5088 5.4
      vertex -2.25801 16.3503 5.4
      vertex -2.27499 16.4124 5.4
    endloop
  endfacet
  facet normal 0 0 1
    outer loop
      vertex -2.38948 15.5088 5.4
      vertex -2.27499 16.4124 5.4
      vertex -2.28819 16.4782 5.4
    endloop
  endfacet
  facet normal 0 0 1
    outer loop
      vertex -1.98737 15.9925 5.4
      vertex -2.29347 15.465 5.4
      vertex -2.19098 15.4279 5.4
    endloop
  endfacet
  facet normal 0 0 1
    outer loop
      vertex -2.38948 15.5088 5.4
      vertex -2.28819 16.4782 5.4
      vertex -2.29764 16.548 5.4
    endloop
  endfacet
  facet normal 0 0 1
    outer loop
      vertex -2.38948 15.5088 5.4
      vertex -2.29764 16.548 5.4
      vertex -2.3033 16.6215 5.4
    endloop
  endfacet
  facet normal 0 0 1
    outer loop
      vertex -2.38948 15.5088 5.4
      vertex -2.3033 16.6215 5.4
      vertex -2.30518 16.6989 5.4
    endloop
  endfacet
  facet normal 0 0 1
    outer loop
      vertex -2.03395 16.0233 5.4
      vertex -2.38948 15.5088 5.4
      vertex -2.29347 15.465 5.4
    endloop
  endfacet
  facet normal 0 0 1
    outer loop
      vertex 2.50203 17.6648 5.4
      vertex 3.20692 17.6767 5.4
      vertex 3.20369 17.7755 5.4
    endloop
  endfacet
  facet normal 0 0 1
    outer loop
      vertex 3.20692 17.6767 5.4
      vertex 2.50203 17.6648 5.4
      vertex 3.20546 17.6128 5.4
    endloop
  endfacet
  facet normal 0 0 1
    outer loop
      vertex 2.4958 17.7649 5.4
      vertex 3.20369 17.7755 5.4
      vertex 3.19397 17.8698 5.4
    endloop
  endfacet
  facet normal 0 0 1
    outer loop
      vertex 2.50046 17.612 5.4
      vertex 3.20546 17.6128 5.4
      vertex 2.50203 17.6648 5.4
    endloop
  endfacet
  facet normal 0 0 1
    outer loop
      vertex 3.20546 17.6128 5.4
      vertex 2.50046 17.612 5.4
      vertex 3.20103 17.5503 5.4
    endloop
  endfacet
  facet normal 0 0 1
    outer loop
      vertex 2.4958 17.7649 5.4
      vertex 3.19397 17.8698 5.4
      vertex 3.17776 17.9594 5.4
    endloop
  endfacet
  facet normal 0 0 1
    outer loop
      vertex 3.20103 17.5503 5.4
      vertex 2.50046 17.612 5.4
      vertex 3.19368 17.4892 5.4
    endloop
  endfacet
  facet normal 0 0 1
    outer loop
      vertex 2.47716 17.8545 5.4
      vertex 3.17776 17.9594 5.4
      vertex 3.15509 18.0445 5.4
    endloop
  endfacet
  facet normal -0 0 1
    outer loop
      vertex 2.49576 17.5617 5.4
      vertex 3.19368 17.4892 5.4
      vertex 2.50046 17.612 5.4
    endloop
  endfacet
  facet normal 0 0 1
    outer loop
      vertex 3.19368 17.4892 5.4
      vertex 2.49576 17.5617 5.4
      vertex 3.18338 17.4295 5.4
    endloop
  endfacet
  facet normal 0 0 1
    outer loop
      vertex 2.47716 17.8545 5.4
      vertex 3.15509 18.0445 5.4
      vertex 3.12593 18.125 5.4
    endloop
  endfacet
  facet normal -0 0 1
    outer loop
      vertex 2.48793 17.5139 5.4
      vertex 3.18338 17.4295 5.4
      vertex 2.49576 17.5617 5.4
    endloop
  endfacet
  facet normal 0 0 1
    outer loop
      vertex 2.47716 17.8545 5.4
      vertex 3.12593 18.125 5.4
      vertex 3.09029 18.2009 5.4
    endloop
  endfacet
  facet normal 0 0 1
    outer loop
      vertex 3.18338 17.4295 5.4
      vertex 2.48793 17.5139 5.4
      vertex 3.17014 17.3711 5.4
    endloop
  endfacet
  facet normal 0 0 1
    outer loop
      vertex 3.17014 17.3711 5.4
      vertex 2.48793 17.5139 5.4
      vertex 3.15395 17.3141 5.4
    endloop
  endfacet
  facet normal 0 0 1
    outer loop
      vertex 2.44606 17.9336 5.4
      vertex 3.09029 18.2009 5.4
      vertex 3.04817 18.2722 5.4
    endloop
  endfacet
  facet normal -0 0 1
    outer loop
      vertex 2.47696 17.4687 5.4
      vertex 3.15395 17.3141 5.4
      vertex 2.48793 17.5139 5.4
    endloop
  endfacet
  facet normal 0 0 1
    outer loop
      vertex 2.44606 17.9336 5.4
      vertex 3.04817 18.2722 5.4
      vertex 2.99957 18.339 5.4
    endloop
  endfacet
  facet normal 0 0 1
    outer loop
      vertex 3.15395 17.3141 5.4
      vertex 2.47696 17.4687 5.4
      vertex 3.13481 17.2585 5.4
    endloop
  endfacet
  facet normal 0 0 1
    outer loop
      vertex 3.13481 17.2585 5.4
      vertex 2.47696 17.4687 5.4
      vertex 3.11273 17.2043 5.4
    endloop
  endfacet
  facet normal 0 0 1
    outer loop
      vertex 2.44606 17.9336 5.4
      vertex 2.99957 18.339 5.4
      vertex 2.94449 18.4012 5.4
    endloop
  endfacet
  facet normal -0 0 1
    outer loop
      vertex 2.46286 17.426 5.4
      vertex 3.11273 17.2043 5.4
      vertex 2.47696 17.4687 5.4
    endloop
  endfacet
  facet normal 0 0 1
    outer loop
      vertex 2.40253 18.0021 5.4
      vertex 2.94449 18.4012 5.4
      vertex 2.88293 18.4588 5.4
    endloop
  endfacet
  facet normal 0 0 1
    outer loop
      vertex 3.11273 17.2043 5.4
      vertex 2.46286 17.426 5.4
      vertex 3.08771 17.1514 5.4
    endloop
  endfacet
  facet normal 0 0 1
    outer loop
      vertex 3.08771 17.1514 5.4
      vertex 2.46286 17.426 5.4
      vertex 3.05975 17.1 5.4
    endloop
  endfacet
  facet normal 0 0 1
    outer loop
      vertex 2.40253 18.0021 5.4
      vertex 2.88293 18.4588 5.4
      vertex 2.81537 18.5113 5.4
    endloop
  endfacet
  facet normal -0 0 1
    outer loop
      vertex 2.44563 17.3859 5.4
      vertex 3.05975 17.1 5.4
      vertex 2.46286 17.426 5.4
    endloop
  endfacet
  facet normal 0 0 1
    outer loop
      vertex 3.05975 17.1 5.4
      vertex 2.44563 17.3859 5.4
      vertex 3.02905 17.0503 5.4
    endloop
  endfacet
  facet normal 0 0 1
    outer loop
      vertex 2.34657 18.06 5.4
      vertex 2.81537 18.5113 5.4
      vertex 2.74229 18.5583 5.4
    endloop
  endfacet
  facet normal 0 0 1
    outer loop
      vertex 3.02905 17.0503 5.4
      vertex 2.44563 17.3859 5.4
      vertex 2.99582 17.003 5.4
    endloop
  endfacet
  facet normal 0 0 1
    outer loop
      vertex 2.34657 18.06 5.4
      vertex 2.74229 18.5583 5.4
      vertex 2.66367 18.5998 5.4
    endloop
  endfacet
  facet normal -0 0 1
    outer loop
      vertex 2.42526 17.3483 5.4
      vertex 2.99582 17.003 5.4
      vertex 2.44563 17.3859 5.4
    endloop
  endfacet
  facet normal 0 0 1
    outer loop
      vertex 2.99582 17.003 5.4
      vertex 2.42526 17.3483 5.4
      vertex 2.96004 16.958 5.4
    endloop
  endfacet
  facet normal 0 0 1
    outer loop
      vertex 2.34657 18.06 5.4
      vertex 2.66367 18.5998 5.4
      vertex 2.57953 18.6357 5.4
    endloop
  endfacet
  facet normal 0 0 1
    outer loop
      vertex 2.96004 16.958 5.4
      vertex 2.42526 17.3483 5.4
      vertex 2.92172 16.9152 5.4
    endloop
  endfacet
  facet normal -0 0 1
    outer loop
      vertex 2.40176 17.3132 5.4
      vertex 2.92172 16.9152 5.4
      vertex 2.42526 17.3483 5.4
    endloop
  endfacet
  facet normal 0 0 1
    outer loop
      vertex 3.20369 17.7755 5.4
      vertex 2.4958 17.7649 5.4
      vertex 2.50203 17.6648 5.4
    endloop
  endfacet
  facet normal 0 0 1
    outer loop
      vertex 2.27817 18.1074 5.4
      vertex 2.57953 18.6357 5.4
      vertex 2.48985 18.6661 5.4
    endloop
  endfacet
  facet normal 0 0 1
    outer loop
      vertex 3.17776 17.9594 5.4
      vertex 2.47716 17.8545 5.4
      vertex 2.4958 17.7649 5.4
    endloop
  endfacet
  facet normal 0 0 1
    outer loop
      vertex 3.09029 18.2009 5.4
      vertex 2.44606 17.9336 5.4
      vertex 2.47716 17.8545 5.4
    endloop
  endfacet
  facet normal 0 0 1
    outer loop
      vertex 2.94449 18.4012 5.4
      vertex 2.40253 18.0021 5.4
      vertex 2.44606 17.9336 5.4
    endloop
  endfacet
  facet normal 0 0 1
    outer loop
      vertex 2.27817 18.1074 5.4
      vertex 2.48985 18.6661 5.4
      vertex 2.39464 18.691 5.4
    endloop
  endfacet
  facet normal 0 0 1
    outer loop
      vertex 2.81537 18.5113 5.4
      vertex 2.34657 18.06 5.4
      vertex 2.40253 18.0021 5.4
    endloop
  endfacet
  facet normal 0 0 1
    outer loop
      vertex 2.19733 18.1443 5.4
      vertex 2.39464 18.691 5.4
      vertex 2.2939 18.7104 5.4
    endloop
  endfacet
  facet normal 0 0 1
    outer loop
      vertex 2.57953 18.6357 5.4
      vertex 2.27817 18.1074 5.4
      vertex 2.34657 18.06 5.4
    endloop
  endfacet
  facet normal 0 0 1
    outer loop
      vertex 2.39464 18.691 5.4
      vertex 2.19733 18.1443 5.4
      vertex 2.27817 18.1074 5.4
    endloop
  endfacet
  facet normal 0 0 1
    outer loop
      vertex 2.10405 18.1707 5.4
      vertex 2.2939 18.7104 5.4
      vertex 2.18764 18.7242 5.4
    endloop
  endfacet
  facet normal 0 0 1
    outer loop
      vertex 2.2939 18.7104 5.4
      vertex 2.10405 18.1707 5.4
      vertex 2.19733 18.1443 5.4
    endloop
  endfacet
  facet normal 0 0 1
    outer loop
      vertex 2.07584 18.7325 5.4
      vertex 2.10405 18.1707 5.4
      vertex 2.18764 18.7242 5.4
    endloop
  endfacet
  facet normal 0 0 1
    outer loop
      vertex 2.07584 18.7325 5.4
      vertex 1.99834 18.1865 5.4
      vertex 2.10405 18.1707 5.4
    endloop
  endfacet
  facet normal 0 0 1
    outer loop
      vertex 1.95851 18.7353 5.4
      vertex 1.99834 18.1865 5.4
      vertex 2.07584 18.7325 5.4
    endloop
  endfacet
  facet normal 0 0 1
    outer loop
      vertex 1.95851 18.7353 5.4
      vertex 1.88019 18.1918 5.4
      vertex 1.99834 18.1865 5.4
    endloop
  endfacet
  facet normal 0 0 1
    outer loop
      vertex 1.95851 18.7353 5.4
      vertex 1.15628 18.1918 5.4
      vertex 1.88019 18.1918 5.4
    endloop
  endfacet
  facet normal 0 0 1
    outer loop
      vertex 0.4561 18.7353 5.4
      vertex 1.15628 17.1071 5.4
      vertex 1.15628 18.1918 5.4
    endloop
  endfacet
  facet normal 0 0 1
    outer loop
      vertex 0.4561 15.3911 5.4
      vertex 1.15628 17.1071 5.4
      vertex 0.4561 18.7353 5.4
    endloop
  endfacet
  facet normal -0 0 1
    outer loop
      vertex 0.4561 18.7353 5.4
      vertex 1.15628 18.1918 5.4
      vertex 1.95851 18.7353 5.4
    endloop
  endfacet
  facet normal 0 0 1
    outer loop
      vertex 1.15628 17.1071 5.4
      vertex 0.4561 15.3911 5.4
      vertex 1.15628 16.5683 5.4
    endloop
  endfacet
  facet normal 0 0 1
    outer loop
      vertex 1.15628 16.5683 5.4
      vertex 0.4561 15.3911 5.4
      vertex 1.15628 15.3911 5.4
    endloop
  endfacet
  facet normal 0 0 1
    outer loop
      vertex 2.92172 16.9152 5.4
      vertex 2.40176 17.3132 5.4
      vertex 2.88086 16.8748 5.4
    endloop
  endfacet
  facet normal 0 0 1
    outer loop
      vertex 2.88086 16.8748 5.4
      vertex 2.40176 17.3132 5.4
      vertex 2.83748 16.8367 5.4
    endloop
  endfacet
  facet normal -0 0 1
    outer loop
      vertex 2.37514 17.2807 5.4
      vertex 2.83748 16.8367 5.4
      vertex 2.40176 17.3132 5.4
    endloop
  endfacet
  facet normal 0 0 1
    outer loop
      vertex 2.83748 16.8367 5.4
      vertex 2.37514 17.2807 5.4
      vertex 2.79153 16.8008 5.4
    endloop
  endfacet
  facet normal 0 0 1
    outer loop
      vertex 2.79153 16.8008 5.4
      vertex 2.37514 17.2807 5.4
      vertex 2.74306 16.7673 5.4
    endloop
  endfacet
  facet normal -0 0 1
    outer loop
      vertex 2.34537 17.2507 5.4
      vertex 2.74306 16.7673 5.4
      vertex 2.37514 17.2807 5.4
    endloop
  endfacet
  facet normal 0 0 1
    outer loop
      vertex 2.74306 16.7673 5.4
      vertex 2.34537 17.2507 5.4
      vertex 2.69205 16.7361 5.4
    endloop
  endfacet
  facet normal -0 0 1
    outer loop
      vertex 2.3127 17.2234 5.4
      vertex 2.69205 16.7361 5.4
      vertex 2.34537 17.2507 5.4
    endloop
  endfacet
  facet normal 0 0 1
    outer loop
      vertex 2.69205 16.7361 5.4
      vertex 2.3127 17.2234 5.4
      vertex 2.63849 16.7072 5.4
    endloop
  endfacet
  facet normal 0 0 1
    outer loop
      vertex 2.63849 16.7072 5.4
      vertex 2.3127 17.2234 5.4
      vertex 2.58264 16.6808 5.4
    endloop
  endfacet
  facet normal -0 0 1
    outer loop
      vertex 2.27739 17.199 5.4
      vertex 2.58264 16.6808 5.4
      vertex 2.3127 17.2234 5.4
    endloop
  endfacet
  facet normal 0 0 1
    outer loop
      vertex 2.58264 16.6808 5.4
      vertex 2.27739 17.199 5.4
      vertex 2.52472 16.6572 5.4
    endloop
  endfacet
  facet normal -0 0 1
    outer loop
      vertex 2.23941 17.1774 5.4
      vertex 2.52472 16.6572 5.4
      vertex 2.27739 17.199 5.4
    endloop
  endfacet
  facet normal 0 0 1
    outer loop
      vertex 2.52472 16.6572 5.4
      vertex 2.23941 17.1774 5.4
      vertex 2.46472 16.6364 5.4
    endloop
  endfacet
  facet normal 0 0 1
    outer loop
      vertex 2.46472 16.6364 5.4
      vertex 2.23941 17.1774 5.4
      vertex 2.40266 16.6183 5.4
    endloop
  endfacet
  facet normal -0 0 1
    outer loop
      vertex 2.19878 17.1588 5.4
      vertex 2.40266 16.6183 5.4
      vertex 2.23941 17.1774 5.4
    endloop
  endfacet
  facet normal 0 0 1
    outer loop
      vertex 2.40266 16.6183 5.4
      vertex 2.19878 17.1588 5.4
      vertex 2.33855 16.603 5.4
    endloop
  endfacet
  facet normal -0 0 1
    outer loop
      vertex 2.15549 17.143 5.4
      vertex 2.33855 16.603 5.4
      vertex 2.19878 17.1588 5.4
    endloop
  endfacet
  facet normal 0 0 1
    outer loop
      vertex 2.33855 16.603 5.4
      vertex 2.15549 17.143 5.4
      vertex 2.27237 16.5905 5.4
    endloop
  endfacet
  facet normal -0 0 1
    outer loop
      vertex 2.10953 17.13 5.4
      vertex 2.27237 16.5905 5.4
      vertex 2.15549 17.143 5.4
    endloop
  endfacet
  facet normal 0 0 1
    outer loop
      vertex 2.27237 16.5905 5.4
      vertex 2.10953 17.13 5.4
      vertex 2.20412 16.5808 5.4
    endloop
  endfacet
  facet normal 0 0 1
    outer loop
      vertex 2.20412 16.5808 5.4
      vertex 2.10953 17.13 5.4
      vertex 2.1338 16.5739 5.4
    endloop
  endfacet
  facet normal -0 0 1
    outer loop
      vertex 2.06093 17.12 5.4
      vertex 2.1338 16.5739 5.4
      vertex 2.10953 17.13 5.4
    endloop
  endfacet
  facet normal 0 0 1
    outer loop
      vertex 2.1338 16.5739 5.4
      vertex 2.06093 17.12 5.4
      vertex 2.06142 16.5697 5.4
    endloop
  endfacet
  facet normal -0 0 1
    outer loop
      vertex 2.00966 17.1128 5.4
      vertex 2.06142 16.5697 5.4
      vertex 2.06093 17.12 5.4
    endloop
  endfacet
  facet normal 0 0 1
    outer loop
      vertex 2.00966 17.1128 5.4
      vertex 1.98697 16.5683 5.4
      vertex 2.06142 16.5697 5.4
    endloop
  endfacet
  facet normal -0 0 1
    outer loop
      vertex 1.95573 17.1085 5.4
      vertex 1.98697 16.5683 5.4
      vertex 2.00966 17.1128 5.4
    endloop
  endfacet
  facet normal -0 0 1
    outer loop
      vertex 1.89915 17.1071 5.4
      vertex 1.98697 16.5683 5.4
      vertex 1.95573 17.1085 5.4
    endloop
  endfacet
  facet normal 0 0 1
    outer loop
      vertex 1.15628 16.5683 5.4
      vertex 1.89915 17.1071 5.4
      vertex 1.15628 17.1071 5.4
    endloop
  endfacet
  facet normal 0 0 1
    outer loop
      vertex 1.89915 17.1071 5.4
      vertex 1.15628 16.5683 5.4
      vertex 1.98697 16.5683 5.4
    endloop
  endfacet
  facet normal -0.0795543 0.996831 0
    outer loop
      vertex -1.30927 15.3577 5.4
      vertex -1.44209 15.3471 6
      vertex -1.30927 15.3577 6
    endloop
  endfacet
  facet normal -0.0795543 0.996831 0
    outer loop
      vertex -1.44209 15.3471 6
      vertex -1.30927 15.3577 5.4
      vertex -1.44209 15.3471 5.4
    endloop
  endfacet
  facet normal -0.137088 0.990559 0
    outer loop
      vertex -1.18282 15.3752 5.4
      vertex -1.30927 15.3577 6
      vertex -1.18282 15.3752 6
    endloop
  endfacet
  facet normal -0.137088 0.990559 0
    outer loop
      vertex -1.30927 15.3577 6
      vertex -1.18282 15.3752 5.4
      vertex -1.30927 15.3577 5.4
    endloop
  endfacet
  facet normal -0.199944 0.979807 0
    outer loop
      vertex -1.06276 15.3997 5.4
      vertex -1.18282 15.3752 6
      vertex -1.06276 15.3997 6
    endloop
  endfacet
  facet normal -0.199944 0.979807 0
    outer loop
      vertex -1.18282 15.3752 6
      vertex -1.06276 15.3997 5.4
      vertex -1.18282 15.3752 5.4
    endloop
  endfacet
  facet normal -0.267034 0.963687 0
    outer loop
      vertex -0.949081 15.4312 5.4
      vertex -1.06276 15.3997 6
      vertex -0.949081 15.4312 6
    endloop
  endfacet
  facet normal -0.267034 0.963687 0
    outer loop
      vertex -1.06276 15.3997 6
      vertex -0.949081 15.4312 5.4
      vertex -1.06276 15.3997 5.4
    endloop
  endfacet
  facet normal -0.337728 0.941244 0
    outer loop
      vertex -0.841782 15.4697 5.4
      vertex -0.949081 15.4312 6
      vertex -0.841782 15.4697 6
    endloop
  endfacet
  facet normal -0.337728 0.941244 0
    outer loop
      vertex -0.949081 15.4312 6
      vertex -0.841782 15.4697 5.4
      vertex -0.949081 15.4312 5.4
    endloop
  endfacet
  facet normal -0.411055 0.911611 0
    outer loop
      vertex -0.740875 15.5152 5.4
      vertex -0.841782 15.4697 6
      vertex -0.740875 15.5152 6
    endloop
  endfacet
  facet normal -0.411055 0.911611 0
    outer loop
      vertex -0.841782 15.4697 6
      vertex -0.740875 15.5152 5.4
      vertex -0.841782 15.4697 5.4
    endloop
  endfacet
  facet normal -0.485592 0.874186 0
    outer loop
      vertex -0.646362 15.5677 5.4
      vertex -0.740875 15.5152 6
      vertex -0.646362 15.5677 6
    endloop
  endfacet
  facet normal -0.485592 0.874186 0
    outer loop
      vertex -0.740875 15.5152 6
      vertex -0.646362 15.5677 5.4
      vertex -0.740875 15.5152 5.4
    endloop
  endfacet
  facet normal -0.559465 0.828854 0
    outer loop
      vertex -0.558212 15.6272 5.4
      vertex -0.646362 15.5677 6
      vertex -0.558212 15.6272 6
    endloop
  endfacet
  facet normal -0.559465 0.828854 0
    outer loop
      vertex -0.646362 15.5677 6
      vertex -0.558212 15.6272 5.4
      vertex -0.646362 15.5677 5.4
    endloop
  endfacet
  facet normal -0.631081 0.775717 0
    outer loop
      vertex -0.476471 15.6937 5.4
      vertex -0.558212 15.6272 6
      vertex -0.476471 15.6937 6
    endloop
  endfacet
  facet normal -0.631081 0.775717 0
    outer loop
      vertex -0.558212 15.6272 6
      vertex -0.476471 15.6937 5.4
      vertex -0.558212 15.6272 5.4
    endloop
  endfacet
  facet normal -0.69869 0.715424 0
    outer loop
      vertex -0.401825 15.7666 5.4
      vertex -0.476471 15.6937 6
      vertex -0.401825 15.7666 6
    endloop
  endfacet
  facet normal -0.69869 0.715424 0
    outer loop
      vertex -0.476471 15.6937 6
      vertex -0.401825 15.7666 5.4
      vertex -0.476471 15.6937 5.4
    endloop
  endfacet
  facet normal -0.762116 0.64744 0
    outer loop
      vertex -0.401825 15.7666 5.4
      vertex -0.335052 15.8452 6
      vertex -0.335052 15.8452 5.4
    endloop
  endfacet
  facet normal -0.762116 0.64744 0
    outer loop
      vertex -0.335052 15.8452 6
      vertex -0.401825 15.7666 5.4
      vertex -0.401825 15.7666 6
    endloop
  endfacet
  facet normal -0.81967 0.572836 0
    outer loop
      vertex -0.335052 15.8452 5.4
      vertex -0.276138 15.9295 6
      vertex -0.276138 15.9295 5.4
    endloop
  endfacet
  facet normal -0.81967 0.572836 0
    outer loop
      vertex -0.276138 15.9295 6
      vertex -0.335052 15.8452 5.4
      vertex -0.335052 15.8452 6
    endloop
  endfacet
  facet normal -0.869728 0.493532 0
    outer loop
      vertex -0.276138 15.9295 5.4
      vertex -0.225067 16.0195 6
      vertex -0.225067 16.0195 5.4
    endloop
  endfacet
  facet normal -0.869728 0.493532 0
    outer loop
      vertex -0.225067 16.0195 6
      vertex -0.276138 15.9295 5.4
      vertex -0.276138 15.9295 6
    endloop
  endfacet
  facet normal -0.911554 0.41118 0
    outer loop
      vertex -0.225067 16.0195 5.4
      vertex -0.181854 16.1153 6
      vertex -0.181854 16.1153 5.4
    endloop
  endfacet
  facet normal -0.911554 0.41118 0
    outer loop
      vertex -0.181854 16.1153 6
      vertex -0.225067 16.0195 5.4
      vertex -0.225067 16.0195 6
    endloop
  endfacet
  facet normal -0.944397 0.328808 0
    outer loop
      vertex -0.181854 16.1153 5.4
      vertex -0.146515 16.2168 6
      vertex -0.146515 16.2168 5.4
    endloop
  endfacet
  facet normal -0.944397 0.328808 0
    outer loop
      vertex -0.146515 16.2168 6
      vertex -0.181854 16.1153 5.4
      vertex -0.181854 16.1153 6
    endloop
  endfacet
  facet normal -0.968645 0.24845 0
    outer loop
      vertex -0.146515 16.2168 5.4
      vertex -0.119019 16.324 6
      vertex -0.119019 16.324 5.4
    endloop
  endfacet
  facet normal -0.968645 0.24845 0
    outer loop
      vertex -0.119019 16.324 6
      vertex -0.146515 16.2168 5.4
      vertex -0.146515 16.2168 6
    endloop
  endfacet
  facet normal -0.985184 0.171502 0
    outer loop
      vertex -0.119019 16.324 5.4
      vertex -0.0993652 16.4369 6
      vertex -0.0993652 16.4369 5.4
    endloop
  endfacet
  facet normal -0.985184 0.171502 0
    outer loop
      vertex -0.0993652 16.4369 6
      vertex -0.119019 16.324 5.4
      vertex -0.119019 16.324 6
    endloop
  endfacet
  facet normal -0.995104 0.0988374 0
    outer loop
      vertex -0.0993652 16.4369 5.4
      vertex -0.0875854 16.5555 6
      vertex -0.0875854 16.5555 5.4
    endloop
  endfacet
  facet normal -0.995104 0.0988374 0
    outer loop
      vertex -0.0875854 16.5555 6
      vertex -0.0993652 16.4369 5.4
      vertex -0.0993652 16.4369 6
    endloop
  endfacet
  facet normal -0.999504 0.0315077 0
    outer loop
      vertex -0.0875854 16.5555 5.4
      vertex -0.0836639 16.6799 6
      vertex -0.0836639 16.6799 5.4
    endloop
  endfacet
  facet normal -0.999504 0.0315077 0
    outer loop
      vertex -0.0836639 16.6799 6
      vertex -0.0875854 16.5555 5.4
      vertex -0.0875854 16.5555 6
    endloop
  endfacet
  facet normal -1 0 0
    outer loop
      vertex -0.0836639 16.6799 5.4
      vertex -0.0836639 18.7353 6
      vertex -0.0836639 18.7353 5.4
    endloop
  endfacet
  facet normal -1 -0 0
    outer loop
      vertex -0.0836639 18.7353 6
      vertex -0.0836639 16.6799 5.4
      vertex -0.0836639 16.6799 6
    endloop
  endfacet
  facet normal 0 -1 0
    outer loop
      vertex -0.783829 18.7353 5.4
      vertex -0.0836639 18.7353 6
      vertex -0.783829 18.7353 6
    endloop
  endfacet
  facet normal 0 -1 -0
    outer loop
      vertex -0.0836639 18.7353 6
      vertex -0.783829 18.7353 5.4
      vertex -0.0836639 18.7353 5.4
    endloop
  endfacet
  facet normal 1 -0 0
    outer loop
      vertex -0.783829 16.7226 6
      vertex -0.783829 18.7353 5.4
      vertex -0.783829 18.7353 6
    endloop
  endfacet
  facet normal 1 0 0
    outer loop
      vertex -0.783829 18.7353 5.4
      vertex -0.783829 16.7226 6
      vertex -0.783829 16.7226 5.4
    endloop
  endfacet
  facet normal 0.999664 -0.0259045 0
    outer loop
      vertex -0.785858 16.6443 6
      vertex -0.783829 16.7226 5.4
      vertex -0.783829 16.7226 6
    endloop
  endfacet
  facet normal 0.999664 -0.0259045 0
    outer loop
      vertex -0.783829 16.7226 5.4
      vertex -0.785858 16.6443 6
      vertex -0.785858 16.6443 5.4
    endloop
  endfacet
  facet normal 0.996744 -0.0806335 0
    outer loop
      vertex -0.791901 16.5696 6
      vertex -0.785858 16.6443 5.4
      vertex -0.785858 16.6443 6
    endloop
  endfacet
  facet normal 0.996744 -0.0806335 0
    outer loop
      vertex -0.785858 16.6443 5.4
      vertex -0.791901 16.5696 6
      vertex -0.791901 16.5696 5.4
    endloop
  endfacet
  facet normal 0.990033 -0.140839 0
    outer loop
      vertex -0.801987 16.4987 6
      vertex -0.791901 16.5696 5.4
      vertex -0.791901 16.5696 6
    endloop
  endfacet
  facet normal 0.990033 -0.140839 0
    outer loop
      vertex -0.791901 16.5696 5.4
      vertex -0.801987 16.4987 6
      vertex -0.801987 16.4987 5.4
    endloop
  endfacet
  facet normal 0.978604 -0.205754 0
    outer loop
      vertex -0.816116 16.4315 6
      vertex -0.801987 16.4987 5.4
      vertex -0.801987 16.4987 6
    endloop
  endfacet
  facet normal 0.978604 -0.205754 0
    outer loop
      vertex -0.801987 16.4987 5.4
      vertex -0.816116 16.4315 6
      vertex -0.816116 16.4315 5.4
    endloop
  endfacet
  facet normal 0.961349 -0.275334 0
    outer loop
      vertex -0.834274 16.3681 6
      vertex -0.816116 16.4315 5.4
      vertex -0.816116 16.4315 6
    endloop
  endfacet
  facet normal 0.961349 -0.275334 0
    outer loop
      vertex -0.816116 16.4315 5.4
      vertex -0.834274 16.3681 6
      vertex -0.834274 16.3681 5.4
    endloop
  endfacet
  facet normal 0.93755 -0.34785 0
    outer loop
      vertex -0.856461 16.3083 6
      vertex -0.834274 16.3681 5.4
      vertex -0.834274 16.3681 6
    endloop
  endfacet
  facet normal 0.93755 -0.34785 0
    outer loop
      vertex -0.834274 16.3681 5.4
      vertex -0.856461 16.3083 6
      vertex -0.856461 16.3083 5.4
    endloop
  endfacet
  facet normal 0.905589 -0.424155 0
    outer loop
      vertex -0.88269 16.2523 6
      vertex -0.856461 16.3083 5.4
      vertex -0.856461 16.3083 6
    endloop
  endfacet
  facet normal 0.905589 -0.424155 0
    outer loop
      vertex -0.856461 16.3083 5.4
      vertex -0.88269 16.2523 6
      vertex -0.88269 16.2523 5.4
    endloop
  endfacet
  facet normal 0.865153 -0.501507 0
    outer loop
      vertex -0.912949 16.2001 6
      vertex -0.88269 16.2523 5.4
      vertex -0.88269 16.2523 6
    endloop
  endfacet
  facet normal 0.865153 -0.501507 0
    outer loop
      vertex -0.88269 16.2523 5.4
      vertex -0.912949 16.2001 6
      vertex -0.912949 16.2001 5.4
    endloop
  endfacet
  facet normal 0.817007 -0.576628 0
    outer loop
      vertex -0.94725 16.1515 6
      vertex -0.912949 16.2001 5.4
      vertex -0.912949 16.2001 6
    endloop
  endfacet
  facet normal 0.817007 -0.576628 0
    outer loop
      vertex -0.912949 16.2001 5.4
      vertex -0.94725 16.1515 6
      vertex -0.94725 16.1515 5.4
    endloop
  endfacet
  facet normal 0.759843 -0.650107 0
    outer loop
      vertex -0.98558 16.1067 6
      vertex -0.94725 16.1515 5.4
      vertex -0.94725 16.1515 6
    endloop
  endfacet
  facet normal 0.759843 -0.650107 0
    outer loop
      vertex -0.94725 16.1515 5.4
      vertex -0.98558 16.1067 6
      vertex -0.98558 16.1067 5.4
    endloop
  endfacet
  facet normal 0.696188 -0.717859 0
    outer loop
      vertex -1.02765 16.0659 5.4
      vertex -0.98558 16.1067 6
      vertex -1.02765 16.0659 6
    endloop
  endfacet
  facet normal 0.696188 -0.717859 0
    outer loop
      vertex -0.98558 16.1067 6
      vertex -1.02765 16.0659 5.4
      vertex -0.98558 16.1067 5.4
    endloop
  endfacet
  facet normal 0.626363 -0.779531 0
    outer loop
      vertex -1.0732 16.0293 5.4
      vertex -1.02765 16.0659 6
      vertex -1.0732 16.0293 6
    endloop
  endfacet
  facet normal 0.626363 -0.779531 0
    outer loop
      vertex -1.02765 16.0659 6
      vertex -1.0732 16.0293 5.4
      vertex -1.02765 16.0659 5.4
    endloop
  endfacet
  facet normal 0.5491 -0.835757 0
    outer loop
      vertex -1.12221 15.9971 5.4
      vertex -1.0732 16.0293 6
      vertex -1.12221 15.9971 6
    endloop
  endfacet
  facet normal 0.5491 -0.835757 0
    outer loop
      vertex -1.0732 16.0293 6
      vertex -1.12221 15.9971 5.4
      vertex -1.0732 16.0293 5.4
    endloop
  endfacet
  facet normal 0.469487 -0.882939 0
    outer loop
      vertex -1.17468 15.9692 5.4
      vertex -1.12221 15.9971 6
      vertex -1.17468 15.9692 6
    endloop
  endfacet
  facet normal 0.469487 -0.882939 0
    outer loop
      vertex -1.12221 15.9971 6
      vertex -1.17468 15.9692 5.4
      vertex -1.12221 15.9971 5.4
    endloop
  endfacet
  facet normal 0.388705 -0.921362 0
    outer loop
      vertex -1.23062 15.9456 5.4
      vertex -1.17468 15.9692 6
      vertex -1.23062 15.9456 6
    endloop
  endfacet
  facet normal 0.388705 -0.921362 0
    outer loop
      vertex -1.17468 15.9692 6
      vertex -1.23062 15.9456 5.4
      vertex -1.17468 15.9692 5.4
    endloop
  endfacet
  facet normal 0.30892 -0.951088 0
    outer loop
      vertex -1.29004 15.9263 5.4
      vertex -1.23062 15.9456 6
      vertex -1.29004 15.9263 6
    endloop
  endfacet
  facet normal 0.30892 -0.951088 0
    outer loop
      vertex -1.23062 15.9456 6
      vertex -1.29004 15.9263 5.4
      vertex -1.23062 15.9456 5.4
    endloop
  endfacet
  facet normal 0.233537 -0.972348 0
    outer loop
      vertex -1.35291 15.9112 5.4
      vertex -1.29004 15.9263 6
      vertex -1.35291 15.9112 6
    endloop
  endfacet
  facet normal 0.233537 -0.972348 0
    outer loop
      vertex -1.29004 15.9263 6
      vertex -1.35291 15.9112 5.4
      vertex -1.29004 15.9263 5.4
    endloop
  endfacet
  facet normal 0.159256 -0.987237 0
    outer loop
      vertex -1.41924 15.9005 5.4
      vertex -1.35291 15.9112 6
      vertex -1.41924 15.9005 6
    endloop
  endfacet
  facet normal 0.159256 -0.987237 0
    outer loop
      vertex -1.35291 15.9112 6
      vertex -1.41924 15.9005 5.4
      vertex -1.35291 15.9112 5.4
    endloop
  endfacet
  facet normal 0.092722 -0.995692 0
    outer loop
      vertex -1.48904 15.894 5.4
      vertex -1.41924 15.9005 6
      vertex -1.48904 15.894 6
    endloop
  endfacet
  facet normal 0.092722 -0.995692 0
    outer loop
      vertex -1.41924 15.9005 6
      vertex -1.48904 15.894 5.4
      vertex -1.41924 15.9005 5.4
    endloop
  endfacet
  facet normal 0.0286533 -0.999589 0
    outer loop
      vertex -1.5623 15.8919 5.4
      vertex -1.48904 15.894 6
      vertex -1.5623 15.8919 6
    endloop
  endfacet
  facet normal 0.0286533 -0.999589 0
    outer loop
      vertex -1.48904 15.894 6
      vertex -1.5623 15.8919 5.4
      vertex -1.48904 15.894 5.4
    endloop
  endfacet
  facet normal -0.0280238 -0.999607 0
    outer loop
      vertex -1.63364 15.8939 5.4
      vertex -1.5623 15.8919 6
      vertex -1.63364 15.8939 6
    endloop
  endfacet
  facet normal -0.0280238 -0.999607 -0
    outer loop
      vertex -1.5623 15.8919 6
      vertex -1.63364 15.8939 5.4
      vertex -1.5623 15.8919 5.4
    endloop
  endfacet
  facet normal -0.0910788 -0.995844 0
    outer loop
      vertex -1.70143 15.9001 5.4
      vertex -1.63364 15.8939 6
      vertex -1.70143 15.9001 6
    endloop
  endfacet
  facet normal -0.0910788 -0.995844 -0
    outer loop
      vertex -1.63364 15.8939 6
      vertex -1.70143 15.9001 5.4
      vertex -1.63364 15.8939 5.4
    endloop
  endfacet
  facet normal -0.158242 -0.9874 0
    outer loop
      vertex -1.7657 15.9104 5.4
      vertex -1.70143 15.9001 6
      vertex -1.7657 15.9104 6
    endloop
  endfacet
  facet normal -0.158242 -0.9874 -0
    outer loop
      vertex -1.70143 15.9001 6
      vertex -1.7657 15.9104 5.4
      vertex -1.70143 15.9001 5.4
    endloop
  endfacet
  facet normal -0.229236 -0.973371 0
    outer loop
      vertex -1.82642 15.9247 5.4
      vertex -1.7657 15.9104 6
      vertex -1.82642 15.9247 6
    endloop
  endfacet
  facet normal -0.229236 -0.973371 -0
    outer loop
      vertex -1.7657 15.9104 6
      vertex -1.82642 15.9247 5.4
      vertex -1.7657 15.9104 5.4
    endloop
  endfacet
  facet normal -0.30778 -0.951457 0
    outer loop
      vertex -1.88361 15.9432 5.4
      vertex -1.82642 15.9247 6
      vertex -1.88361 15.9432 6
    endloop
  endfacet
  facet normal -0.30778 -0.951457 -0
    outer loop
      vertex -1.82642 15.9247 6
      vertex -1.88361 15.9432 5.4
      vertex -1.82642 15.9247 5.4
    endloop
  endfacet
  facet normal -0.388211 -0.921571 0
    outer loop
      vertex -1.93726 15.9658 5.4
      vertex -1.88361 15.9432 6
      vertex -1.93726 15.9658 6
    endloop
  endfacet
  facet normal -0.388211 -0.921571 -0
    outer loop
      vertex -1.88361 15.9432 6
      vertex -1.93726 15.9658 5.4
      vertex -1.88361 15.9432 5.4
    endloop
  endfacet
  facet normal -0.470241 -0.882538 0
    outer loop
      vertex -1.98737 15.9925 5.4
      vertex -1.93726 15.9658 6
      vertex -1.98737 15.9925 6
    endloop
  endfacet
  facet normal -0.470241 -0.882538 -0
    outer loop
      vertex -1.93726 15.9658 6
      vertex -1.98737 15.9925 5.4
      vertex -1.93726 15.9658 5.4
    endloop
  endfacet
  facet normal -0.551556 -0.834138 0
    outer loop
      vertex -2.03395 16.0233 5.4
      vertex -1.98737 15.9925 6
      vertex -2.03395 16.0233 6
    endloop
  endfacet
  facet normal -0.551556 -0.834138 -0
    outer loop
      vertex -1.98737 15.9925 6
      vertex -2.03395 16.0233 5.4
      vertex -1.98737 15.9925 5.4
    endloop
  endfacet
  facet normal -0.629743 -0.776803 0
    outer loop
      vertex -2.077 16.0582 5.4
      vertex -2.03395 16.0233 6
      vertex -2.077 16.0582 6
    endloop
  endfacet
  facet normal -0.629743 -0.776803 -0
    outer loop
      vertex -2.03395 16.0233 6
      vertex -2.077 16.0582 5.4
      vertex -2.03395 16.0233 5.4
    endloop
  endfacet
  facet normal -0.702589 -0.711596 0
    outer loop
      vertex -2.1165 16.0972 5.4
      vertex -2.077 16.0582 6
      vertex -2.1165 16.0972 6
    endloop
  endfacet
  facet normal -0.702589 -0.711596 -0
    outer loop
      vertex -2.077 16.0582 6
      vertex -2.1165 16.0972 5.4
      vertex -2.077 16.0582 5.4
    endloop
  endfacet
  facet normal -0.768163 -0.640255 0
    outer loop
      vertex -2.1165 16.0972 5.4
      vertex -2.15234 16.1402 6
      vertex -2.15234 16.1402 5.4
    endloop
  endfacet
  facet normal -0.768163 -0.640255 0
    outer loop
      vertex -2.15234 16.1402 6
      vertex -2.1165 16.0972 5.4
      vertex -2.1165 16.0972 6
    endloop
  endfacet
  facet normal -0.824823 -0.565391 0
    outer loop
      vertex -2.15234 16.1402 5.4
      vertex -2.18442 16.187 6
      vertex -2.18442 16.187 5.4
    endloop
  endfacet
  facet normal -0.824823 -0.565391 0
    outer loop
      vertex -2.18442 16.187 6
      vertex -2.15234 16.1402 5.4
      vertex -2.15234 16.1402 6
    endloop
  endfacet
  facet normal -0.872771 -0.488131 0
    outer loop
      vertex -2.18442 16.187 5.4
      vertex -2.21272 16.2376 6
      vertex -2.21272 16.2376 5.4
    endloop
  endfacet
  facet normal -0.872771 -0.488131 0
    outer loop
      vertex -2.21272 16.2376 6
      vertex -2.18442 16.187 5.4
      vertex -2.18442 16.187 6
    endloop
  endfacet
  facet normal -0.911545 -0.411201 0
    outer loop
      vertex -2.21272 16.2376 5.4
      vertex -2.23726 16.292 6
      vertex -2.23726 16.292 5.4
    endloop
  endfacet
  facet normal -0.911545 -0.411201 0
    outer loop
      vertex -2.23726 16.292 6
      vertex -2.21272 16.2376 5.4
      vertex -2.21272 16.2376 6
    endloop
  endfacet
  facet normal -0.942107 -0.335313 0
    outer loop
      vertex -2.23726 16.292 5.4
      vertex -2.25801 16.3503 6
      vertex -2.25801 16.3503 5.4
    endloop
  endfacet
  facet normal -0.942107 -0.335313 0
    outer loop
      vertex -2.25801 16.3503 6
      vertex -2.23726 16.292 5.4
      vertex -2.23726 16.292 6
    endloop
  endfacet
  facet normal -0.964592 -0.263748 0
    outer loop
      vertex -2.25801 16.3503 5.4
      vertex -2.27499 16.4124 6
      vertex -2.27499 16.4124 5.4
    endloop
  endfacet
  facet normal -0.964592 -0.263748 0
    outer loop
      vertex -2.27499 16.4124 6
      vertex -2.25801 16.3503 5.4
      vertex -2.25801 16.3503 6
    endloop
  endfacet
  facet normal -0.980466 -0.196689 0
    outer loop
      vertex -2.27499 16.4124 5.4
      vertex -2.28819 16.4782 6
      vertex -2.28819 16.4782 5.4
    endloop
  endfacet
  facet normal -0.980466 -0.196689 0
    outer loop
      vertex -2.28819 16.4782 6
      vertex -2.27499 16.4124 5.4
      vertex -2.27499 16.4124 6
    endloop
  endfacet
  facet normal -0.990959 -0.134163 0
    outer loop
      vertex -2.28819 16.4782 5.4
      vertex -2.29764 16.548 6
      vertex -2.29764 16.548 5.4
    endloop
  endfacet
  facet normal -0.990959 -0.134163 0
    outer loop
      vertex -2.29764 16.548 6
      vertex -2.28819 16.4782 5.4
      vertex -2.28819 16.4782 6
    endloop
  endfacet
  facet normal -0.997048 -0.0767795 0
    outer loop
      vertex -2.29764 16.548 5.4
      vertex -2.3033 16.6215 6
      vertex -2.3033 16.6215 5.4
    endloop
  endfacet
  facet normal -0.997048 -0.0767795 0
    outer loop
      vertex -2.3033 16.6215 6
      vertex -2.29764 16.548 5.4
      vertex -2.29764 16.548 6
    endloop
  endfacet
  facet normal -0.999705 -0.0242822 0
    outer loop
      vertex -2.3033 16.6215 5.4
      vertex -2.30518 16.6989 6
      vertex -2.30518 16.6989 5.4
    endloop
  endfacet
  facet normal -0.999705 -0.0242822 0
    outer loop
      vertex -2.30518 16.6989 6
      vertex -2.3033 16.6215 5.4
      vertex -2.3033 16.6215 6
    endloop
  endfacet
  facet normal -1 0 0
    outer loop
      vertex -2.30518 16.6989 5.4
      vertex -2.30518 18.7353 6
      vertex -2.30518 18.7353 5.4
    endloop
  endfacet
  facet normal -1 -0 0
    outer loop
      vertex -2.30518 18.7353 6
      vertex -2.30518 16.6989 5.4
      vertex -2.30518 16.6989 6
    endloop
  endfacet
  facet normal 0 -1 0
    outer loop
      vertex -3.00536 18.7353 5.4
      vertex -2.30518 18.7353 6
      vertex -3.00536 18.7353 6
    endloop
  endfacet
  facet normal 0 -1 -0
    outer loop
      vertex -2.30518 18.7353 6
      vertex -3.00536 18.7353 5.4
      vertex -2.30518 18.7353 5.4
    endloop
  endfacet
  facet normal 1 -0 0
    outer loop
      vertex -3.00536 16.6443 6
      vertex -3.00536 18.7353 5.4
      vertex -3.00536 18.7353 6
    endloop
  endfacet
  facet normal 1 0 0
    outer loop
      vertex -3.00536 18.7353 5.4
      vertex -3.00536 16.6443 6
      vertex -3.00536 16.6443 5.4
    endloop
  endfacet
  facet normal 0.999551 0.0299702 0
    outer loop
      vertex -3.00169 16.5219 6
      vertex -3.00536 16.6443 5.4
      vertex -3.00536 16.6443 6
    endloop
  endfacet
  facet normal 0.999551 0.0299702 0
    outer loop
      vertex -3.00536 16.6443 5.4
      vertex -3.00169 16.5219 6
      vertex -3.00169 16.5219 5.4
    endloop
  endfacet
  facet normal 0.995587 0.0938428 0
    outer loop
      vertex -2.99069 16.4052 6
      vertex -3.00169 16.5219 5.4
      vertex -3.00169 16.5219 6
    endloop
  endfacet
  facet normal 0.995587 0.0938428 0
    outer loop
      vertex -3.00169 16.5219 5.4
      vertex -2.99069 16.4052 6
      vertex -2.99069 16.4052 5.4
    endloop
  endfacet
  facet normal 0.986576 0.163302 0
    outer loop
      vertex -2.97235 16.2944 6
      vertex -2.99069 16.4052 5.4
      vertex -2.99069 16.4052 6
    endloop
  endfacet
  facet normal 0.986576 0.163302 0
    outer loop
      vertex -2.99069 16.4052 5.4
      vertex -2.97235 16.2944 6
      vertex -2.97235 16.2944 5.4
    endloop
  endfacet
  facet normal 0.971465 0.237182 0
    outer loop
      vertex -2.94669 16.1893 6
      vertex -2.97235 16.2944 5.4
      vertex -2.97235 16.2944 6
    endloop
  endfacet
  facet normal 0.971465 0.237182 0
    outer loop
      vertex -2.97235 16.2944 5.4
      vertex -2.94669 16.1893 6
      vertex -2.94669 16.1893 5.4
    endloop
  endfacet
  facet normal 0.948846 0.31574 0
    outer loop
      vertex -2.91368 16.0901 6
      vertex -2.94669 16.1893 5.4
      vertex -2.94669 16.1893 6
    endloop
  endfacet
  facet normal 0.948846 0.31574 0
    outer loop
      vertex -2.94669 16.1893 5.4
      vertex -2.91368 16.0901 6
      vertex -2.91368 16.0901 5.4
    endloop
  endfacet
  facet normal 0.918223 0.396064 0
    outer loop
      vertex -2.87335 15.9966 6
      vertex -2.91368 16.0901 5.4
      vertex -2.91368 16.0901 6
    endloop
  endfacet
  facet normal 0.918223 0.396064 0
    outer loop
      vertex -2.91368 16.0901 5.4
      vertex -2.87335 15.9966 6
      vertex -2.87335 15.9966 5.4
    endloop
  endfacet
  facet normal 0.878324 0.478065 0
    outer loop
      vertex -2.82567 15.909 6
      vertex -2.87335 15.9966 5.4
      vertex -2.87335 15.9966 6
    endloop
  endfacet
  facet normal 0.878324 0.478065 0
    outer loop
      vertex -2.87335 15.9966 5.4
      vertex -2.82567 15.909 6
      vertex -2.82567 15.909 5.4
    endloop
  endfacet
  facet normal 0.830221 0.557434 0
    outer loop
      vertex -2.77068 15.8271 6
      vertex -2.82567 15.909 5.4
      vertex -2.82567 15.909 6
    endloop
  endfacet
  facet normal 0.830221 0.557434 0
    outer loop
      vertex -2.82567 15.909 5.4
      vertex -2.77068 15.8271 6
      vertex -2.77068 15.8271 5.4
    endloop
  endfacet
  facet normal 0.773527 0.633763 0
    outer loop
      vertex -2.70833 15.751 6
      vertex -2.77068 15.8271 5.4
      vertex -2.77068 15.8271 6
    endloop
  endfacet
  facet normal 0.773527 0.633763 0
    outer loop
      vertex -2.77068 15.8271 5.4
      vertex -2.70833 15.751 6
      vertex -2.70833 15.751 5.4
    endloop
  endfacet
  facet normal 0.710782 0.703412 0
    outer loop
      vertex -2.63866 15.6806 6
      vertex -2.70833 15.751 5.4
      vertex -2.70833 15.751 6
    endloop
  endfacet
  facet normal 0.710782 0.703412 0
    outer loop
      vertex -2.70833 15.751 5.4
      vertex -2.63866 15.6806 6
      vertex -2.63866 15.6806 5.4
    endloop
  endfacet
  facet normal 0.641317 0.767276 -0
    outer loop
      vertex -2.56209 15.6166 5.4
      vertex -2.63866 15.6806 6
      vertex -2.56209 15.6166 6
    endloop
  endfacet
  facet normal 0.641317 0.767276 0
    outer loop
      vertex -2.63866 15.6806 6
      vertex -2.56209 15.6166 5.4
      vertex -2.63866 15.6806 5.4
    endloop
  endfacet
  facet normal 0.567802 0.823165 -0
    outer loop
      vertex -2.47902 15.5593 5.4
      vertex -2.56209 15.6166 6
      vertex -2.47902 15.5593 6
    endloop
  endfacet
  facet normal 0.567802 0.823165 0
    outer loop
      vertex -2.56209 15.6166 6
      vertex -2.47902 15.5593 5.4
      vertex -2.56209 15.6166 5.4
    endloop
  endfacet
  facet normal 0.491249 0.871019 -0
    outer loop
      vertex -2.38948 15.5088 5.4
      vertex -2.47902 15.5593 6
      vertex -2.38948 15.5088 6
    endloop
  endfacet
  facet normal 0.491249 0.871019 0
    outer loop
      vertex -2.47902 15.5593 6
      vertex -2.38948 15.5088 5.4
      vertex -2.47902 15.5593 5.4
    endloop
  endfacet
  facet normal 0.415052 0.909798 -0
    outer loop
      vertex -2.29347 15.465 5.4
      vertex -2.38948 15.5088 6
      vertex -2.29347 15.465 6
    endloop
  endfacet
  facet normal 0.415052 0.909798 0
    outer loop
      vertex -2.38948 15.5088 6
      vertex -2.29347 15.465 5.4
      vertex -2.38948 15.5088 5.4
    endloop
  endfacet
  facet normal 0.340373 0.940291 -0
    outer loop
      vertex -2.19098 15.4279 5.4
      vertex -2.29347 15.465 6
      vertex -2.19098 15.4279 6
    endloop
  endfacet
  facet normal 0.340373 0.940291 0
    outer loop
      vertex -2.29347 15.465 6
      vertex -2.19098 15.4279 5.4
      vertex -2.29347 15.465 5.4
    endloop
  endfacet
  facet normal 0.267872 0.963455 -0
    outer loop
      vertex -2.082 15.3976 5.4
      vertex -2.19098 15.4279 6
      vertex -2.082 15.3976 6
    endloop
  endfacet
  facet normal 0.267872 0.963455 0
    outer loop
      vertex -2.19098 15.4279 6
      vertex -2.082 15.3976 5.4
      vertex -2.19098 15.4279 5.4
    endloop
  endfacet
  facet normal 0.200276 0.97974 -0
    outer loop
      vertex -1.96655 15.374 5.4
      vertex -2.082 15.3976 6
      vertex -1.96655 15.374 6
    endloop
  endfacet
  facet normal 0.200276 0.97974 0
    outer loop
      vertex -2.082 15.3976 6
      vertex -1.96655 15.374 5.4
      vertex -2.082 15.3976 5.4
    endloop
  endfacet
  facet normal 0.137292 0.990531 -0
    outer loop
      vertex -1.84462 15.3571 5.4
      vertex -1.96655 15.374 6
      vertex -1.84462 15.3571 6
    endloop
  endfacet
  facet normal 0.137292 0.990531 0
    outer loop
      vertex -1.96655 15.374 6
      vertex -1.84462 15.3571 5.4
      vertex -1.96655 15.374 5.4
    endloop
  endfacet
  facet normal 0.0784061 0.996922 -0
    outer loop
      vertex -1.7162 15.347 5.4
      vertex -1.84462 15.3571 6
      vertex -1.7162 15.347 6
    endloop
  endfacet
  facet normal 0.0784061 0.996922 0
    outer loop
      vertex -1.84462 15.3571 6
      vertex -1.7162 15.347 5.4
      vertex -1.84462 15.3571 5.4
    endloop
  endfacet
  facet normal 0.0251977 0.999682 -0
    outer loop
      vertex -1.58131 15.3436 5.4
      vertex -1.7162 15.347 6
      vertex -1.58131 15.3436 6
    endloop
  endfacet
  facet normal 0.0251977 0.999682 0
    outer loop
      vertex -1.7162 15.347 6
      vertex -1.58131 15.3436 5.4
      vertex -1.7162 15.347 5.4
    endloop
  endfacet
  facet normal -0.0251321 0.999684 0
    outer loop
      vertex -1.44209 15.3471 5.4
      vertex -1.58131 15.3436 6
      vertex -1.44209 15.3471 6
    endloop
  endfacet
  facet normal -0.0251321 0.999684 0
    outer loop
      vertex -1.58131 15.3436 6
      vertex -1.44209 15.3471 5.4
      vertex -1.58131 15.3436 5.4
    endloop
  endfacet
  facet normal 0 1 -0
    outer loop
      vertex 1.98697 16.5683 5.4
      vertex 1.15628 16.5683 6
      vertex 1.98697 16.5683 6
    endloop
  endfacet
  facet normal 0 1 0
    outer loop
      vertex 1.15628 16.5683 6
      vertex 1.98697 16.5683 5.4
      vertex 1.15628 16.5683 5.4
    endloop
  endfacet
  facet normal -0.0188012 0.999823 0
    outer loop
      vertex 2.06142 16.5697 5.4
      vertex 1.98697 16.5683 6
      vertex 2.06142 16.5697 6
    endloop
  endfacet
  facet normal -0.0188012 0.999823 0
    outer loop
      vertex 1.98697 16.5683 6
      vertex 2.06142 16.5697 5.4
      vertex 1.98697 16.5683 5.4
    endloop
  endfacet
  facet normal -0.0579296 0.998321 0
    outer loop
      vertex 2.1338 16.5739 5.4
      vertex 2.06142 16.5697 6
      vertex 2.1338 16.5739 6
    endloop
  endfacet
  facet normal -0.0579296 0.998321 0
    outer loop
      vertex 2.06142 16.5697 6
      vertex 2.1338 16.5739 5.4
      vertex 2.06142 16.5697 5.4
    endloop
  endfacet
  facet normal -0.0976539 0.99522 0
    outer loop
      vertex 2.20412 16.5808 5.4
      vertex 2.1338 16.5739 6
      vertex 2.20412 16.5808 6
    endloop
  endfacet
  facet normal -0.0976539 0.99522 0
    outer loop
      vertex 2.1338 16.5739 6
      vertex 2.20412 16.5808 5.4
      vertex 2.1338 16.5739 5.4
    endloop
  endfacet
  facet normal -0.140711 0.990051 0
    outer loop
      vertex 2.27237 16.5905 5.4
      vertex 2.20412 16.5808 6
      vertex 2.27237 16.5905 6
    endloop
  endfacet
  facet normal -0.140711 0.990051 0
    outer loop
      vertex 2.20412 16.5808 6
      vertex 2.27237 16.5905 5.4
      vertex 2.20412 16.5808 5.4
    endloop
  endfacet
  facet normal -0.185597 0.982626 0
    outer loop
      vertex 2.33855 16.603 5.4
      vertex 2.27237 16.5905 6
      vertex 2.33855 16.603 6
    endloop
  endfacet
  facet normal -0.185597 0.982626 0
    outer loop
      vertex 2.27237 16.5905 6
      vertex 2.33855 16.603 5.4
      vertex 2.27237 16.5905 5.4
    endloop
  endfacet
  facet normal -0.232133 0.972684 0
    outer loop
      vertex 2.40266 16.6183 5.4
      vertex 2.33855 16.603 6
      vertex 2.40266 16.6183 6
    endloop
  endfacet
  facet normal -0.232133 0.972684 0
    outer loop
      vertex 2.33855 16.603 6
      vertex 2.40266 16.6183 5.4
      vertex 2.33855 16.603 5.4
    endloop
  endfacet
  facet normal -0.279988 0.960003 0
    outer loop
      vertex 2.46472 16.6364 5.4
      vertex 2.40266 16.6183 6
      vertex 2.46472 16.6364 6
    endloop
  endfacet
  facet normal -0.279988 0.960003 0
    outer loop
      vertex 2.40266 16.6183 6
      vertex 2.46472 16.6364 5.4
      vertex 2.40266 16.6183 5.4
    endloop
  endfacet
  facet normal -0.327543 0.944836 0
    outer loop
      vertex 2.52472 16.6572 5.4
      vertex 2.46472 16.6364 6
      vertex 2.52472 16.6572 6
    endloop
  endfacet
  facet normal -0.327543 0.944836 0
    outer loop
      vertex 2.46472 16.6364 6
      vertex 2.52472 16.6572 5.4
      vertex 2.46472 16.6364 5.4
    endloop
  endfacet
  facet normal -0.377338 0.926076 0
    outer loop
      vertex 2.58264 16.6808 5.4
      vertex 2.52472 16.6572 6
      vertex 2.58264 16.6808 6
    endloop
  endfacet
  facet normal -0.377338 0.926076 0
    outer loop
      vertex 2.52472 16.6572 6
      vertex 2.58264 16.6808 5.4
      vertex 2.52472 16.6572 5.4
    endloop
  endfacet
  facet normal -0.427356 0.904084 0
    outer loop
      vertex 2.63849 16.7072 5.4
      vertex 2.58264 16.6808 6
      vertex 2.63849 16.7072 6
    endloop
  endfacet
  facet normal -0.427356 0.904084 0
    outer loop
      vertex 2.58264 16.6808 6
      vertex 2.63849 16.7072 5.4
      vertex 2.58264 16.6808 5.4
    endloop
  endfacet
  facet normal -0.474864 0.880059 0
    outer loop
      vertex 2.69205 16.7361 5.4
      vertex 2.63849 16.7072 6
      vertex 2.69205 16.7361 6
    endloop
  endfacet
  facet normal -0.474864 0.880059 0
    outer loop
      vertex 2.63849 16.7072 6
      vertex 2.69205 16.7361 5.4
      vertex 2.63849 16.7072 5.4
    endloop
  endfacet
  facet normal -0.521781 0.853079 0
    outer loop
      vertex 2.74306 16.7673 5.4
      vertex 2.69205 16.7361 6
      vertex 2.74306 16.7673 6
    endloop
  endfacet
  facet normal -0.521781 0.853079 0
    outer loop
      vertex 2.69205 16.7361 6
      vertex 2.74306 16.7673 5.4
      vertex 2.69205 16.7361 5.4
    endloop
  endfacet
  facet normal -0.568566 0.822638 0
    outer loop
      vertex 2.79153 16.8008 5.4
      vertex 2.74306 16.7673 6
      vertex 2.79153 16.8008 6
    endloop
  endfacet
  facet normal -0.568566 0.822638 0
    outer loop
      vertex 2.74306 16.7673 6
      vertex 2.79153 16.8008 5.4
      vertex 2.74306 16.7673 5.4
    endloop
  endfacet
  facet normal -0.615661 0.788011 0
    outer loop
      vertex 2.83748 16.8367 5.4
      vertex 2.79153 16.8008 6
      vertex 2.83748 16.8367 6
    endloop
  endfacet
  facet normal -0.615661 0.788011 0
    outer loop
      vertex 2.79153 16.8008 6
      vertex 2.83748 16.8367 5.4
      vertex 2.79153 16.8008 5.4
    endloop
  endfacet
  facet normal -0.659901 0.751352 0
    outer loop
      vertex 2.88086 16.8748 5.4
      vertex 2.83748 16.8367 6
      vertex 2.88086 16.8748 6
    endloop
  endfacet
  facet normal -0.659901 0.751352 0
    outer loop
      vertex 2.83748 16.8367 6
      vertex 2.88086 16.8748 5.4
      vertex 2.83748 16.8367 5.4
    endloop
  endfacet
  facet normal -0.703093 0.711098 0
    outer loop
      vertex 2.92172 16.9152 5.4
      vertex 2.88086 16.8748 6
      vertex 2.92172 16.9152 6
    endloop
  endfacet
  facet normal -0.703093 0.711098 0
    outer loop
      vertex 2.88086 16.8748 6
      vertex 2.92172 16.9152 5.4
      vertex 2.88086 16.8748 5.4
    endloop
  endfacet
  facet normal -0.745023 0.667039 0
    outer loop
      vertex 2.92172 16.9152 5.4
      vertex 2.96004 16.958 6
      vertex 2.96004 16.958 5.4
    endloop
  endfacet
  facet normal -0.745023 0.667039 0
    outer loop
      vertex 2.96004 16.958 6
      vertex 2.92172 16.9152 5.4
      vertex 2.92172 16.9152 6
    endloop
  endfacet
  facet normal -0.782732 0.622359 0
    outer loop
      vertex 2.96004 16.958 5.4
      vertex 2.99582 17.003 6
      vertex 2.99582 17.003 5.4
    endloop
  endfacet
  facet normal -0.782732 0.622359 0
    outer loop
      vertex 2.99582 17.003 6
      vertex 2.96004 16.958 5.4
      vertex 2.96004 16.958 6
    endloop
  endfacet
  facet normal -0.818255 0.574855 0
    outer loop
      vertex 2.99582 17.003 5.4
      vertex 3.02905 17.0503 6
      vertex 3.02905 17.0503 5.4
    endloop
  endfacet
  facet normal -0.818255 0.574855 0
    outer loop
      vertex 3.02905 17.0503 6
      vertex 2.99582 17.003 5.4
      vertex 2.99582 17.003 6
    endloop
  endfacet
  facet normal -0.850775 0.525529 0
    outer loop
      vertex 3.02905 17.0503 5.4
      vertex 3.05975 17.1 6
      vertex 3.05975 17.1 5.4
    endloop
  endfacet
  facet normal -0.850775 0.525529 0
    outer loop
      vertex 3.05975 17.1 6
      vertex 3.02905 17.0503 5.4
      vertex 3.02905 17.0503 6
    endloop
  endfacet
  facet normal -0.878444 0.477846 0
    outer loop
      vertex 3.05975 17.1 5.4
      vertex 3.08771 17.1514 6
      vertex 3.08771 17.1514 5.4
    endloop
  endfacet
  facet normal -0.878444 0.477846 0
    outer loop
      vertex 3.08771 17.1514 6
      vertex 3.05975 17.1 5.4
      vertex 3.05975 17.1 6
    endloop
  endfacet
  facet normal -0.903988 0.427557 0
    outer loop
      vertex 3.08771 17.1514 5.4
      vertex 3.11273 17.2043 6
      vertex 3.11273 17.2043 5.4
    endloop
  endfacet
  facet normal -0.903988 0.427557 0
    outer loop
      vertex 3.11273 17.2043 6
      vertex 3.08771 17.1514 5.4
      vertex 3.08771 17.1514 6
    endloop
  endfacet
  facet normal -0.926101 0.377275 0
    outer loop
      vertex 3.11273 17.2043 5.4
      vertex 3.13481 17.2585 6
      vertex 3.13481 17.2585 5.4
    endloop
  endfacet
  facet normal -0.926101 0.377275 0
    outer loop
      vertex 3.13481 17.2585 6
      vertex 3.11273 17.2043 5.4
      vertex 3.11273 17.2043 6
    endloop
  endfacet
  facet normal -0.945543 0.325498 0
    outer loop
      vertex 3.13481 17.2585 5.4
      vertex 3.15395 17.3141 6
      vertex 3.15395 17.3141 5.4
    endloop
  endfacet
  facet normal -0.945543 0.325498 0
    outer loop
      vertex 3.15395 17.3141 6
      vertex 3.13481 17.2585 5.4
      vertex 3.13481 17.2585 6
    endloop
  endfacet
  facet normal -0.961949 0.273227 0
    outer loop
      vertex 3.15395 17.3141 5.4
      vertex 3.17014 17.3711 6
      vertex 3.17014 17.3711 5.4
    endloop
  endfacet
  facet normal -0.961949 0.273227 0
    outer loop
      vertex 3.17014 17.3711 6
      vertex 3.15395 17.3141 5.4
      vertex 3.15395 17.3141 6
    endloop
  endfacet
  facet normal -0.975251 0.221101 0
    outer loop
      vertex 3.17014 17.3711 5.4
      vertex 3.18338 17.4295 6
      vertex 3.18338 17.4295 5.4
    endloop
  endfacet
  facet normal -0.975251 0.221101 0
    outer loop
      vertex 3.18338 17.4295 6
      vertex 3.17014 17.3711 5.4
      vertex 3.17014 17.3711 6
    endloop
  endfacet
  facet normal -0.985441 0.170017 0
    outer loop
      vertex 3.18338 17.4295 5.4
      vertex 3.19368 17.4892 6
      vertex 3.19368 17.4892 5.4
    endloop
  endfacet
  facet normal -0.985441 0.170017 0
    outer loop
      vertex 3.19368 17.4892 6
      vertex 3.18338 17.4295 5.4
      vertex 3.18338 17.4295 6
    endloop
  endfacet
  facet normal -0.992842 0.119434 0
    outer loop
      vertex 3.19368 17.4892 5.4
      vertex 3.20103 17.5503 6
      vertex 3.20103 17.5503 5.4
    endloop
  endfacet
  facet normal -0.992842 0.119434 0
    outer loop
      vertex 3.20103 17.5503 6
      vertex 3.19368 17.4892 5.4
      vertex 3.19368 17.4892 6
    endloop
  endfacet
  facet normal -0.997497 0.0707026 0
    outer loop
      vertex 3.20103 17.5503 5.4
      vertex 3.20546 17.6128 6
      vertex 3.20546 17.6128 5.4
    endloop
  endfacet
  facet normal -0.997497 0.0707026 0
    outer loop
      vertex 3.20546 17.6128 6
      vertex 3.20103 17.5503 5.4
      vertex 3.20103 17.5503 6
    endloop
  endfacet
  facet normal -0.999739 0.0228422 0
    outer loop
      vertex 3.20546 17.6128 5.4
      vertex 3.20692 17.6767 6
      vertex 3.20692 17.6767 5.4
    endloop
  endfacet
  facet normal -0.999739 0.0228422 0
    outer loop
      vertex 3.20692 17.6767 6
      vertex 3.20546 17.6128 5.4
      vertex 3.20546 17.6128 6
    endloop
  endfacet
  facet normal -0.999466 -0.0326749 0
    outer loop
      vertex 3.20692 17.6767 5.4
      vertex 3.20369 17.7755 6
      vertex 3.20369 17.7755 5.4
    endloop
  endfacet
  facet normal -0.999466 -0.0326749 0
    outer loop
      vertex 3.20369 17.7755 6
      vertex 3.20692 17.6767 5.4
      vertex 3.20692 17.6767 6
    endloop
  endfacet
  facet normal -0.99473 -0.102532 0
    outer loop
      vertex 3.20369 17.7755 5.4
      vertex 3.19397 17.8698 6
      vertex 3.19397 17.8698 5.4
    endloop
  endfacet
  facet normal -0.99473 -0.102532 0
    outer loop
      vertex 3.19397 17.8698 6
      vertex 3.20369 17.7755 5.4
      vertex 3.20369 17.7755 6
    endloop
  endfacet
  facet normal -0.984026 -0.178025 0
    outer loop
      vertex 3.19397 17.8698 5.4
      vertex 3.17776 17.9594 6
      vertex 3.17776 17.9594 5.4
    endloop
  endfacet
  facet normal -0.984026 -0.178025 0
    outer loop
      vertex 3.17776 17.9594 6
      vertex 3.19397 17.8698 5.4
      vertex 3.19397 17.8698 6
    endloop
  endfacet
  facet normal -0.966301 -0.257415 0
    outer loop
      vertex 3.17776 17.9594 5.4
      vertex 3.15509 18.0445 6
      vertex 3.15509 18.0445 5.4
    endloop
  endfacet
  facet normal -0.966301 -0.257415 0
    outer loop
      vertex 3.15509 18.0445 6
      vertex 3.17776 17.9594 5.4
      vertex 3.17776 17.9594 6
    endloop
  endfacet
  facet normal -0.940216 -0.34058 0
    outer loop
      vertex 3.15509 18.0445 5.4
      vertex 3.12593 18.125 6
      vertex 3.12593 18.125 5.4
    endloop
  endfacet
  facet normal -0.940216 -0.34058 0
    outer loop
      vertex 3.12593 18.125 6
      vertex 3.15509 18.0445 5.4
      vertex 3.15509 18.0445 6
    endloop
  endfacet
  facet normal -0.905175 -0.425039 0
    outer loop
      vertex 3.12593 18.125 5.4
      vertex 3.09029 18.2009 6
      vertex 3.09029 18.2009 5.4
    endloop
  endfacet
  facet normal -0.905175 -0.425039 0
    outer loop
      vertex 3.09029 18.2009 6
      vertex 3.12593 18.125 5.4
      vertex 3.12593 18.125 6
    endloop
  endfacet
  facet normal -0.860989 -0.508624 0
    outer loop
      vertex 3.09029 18.2009 5.4
      vertex 3.04817 18.2722 6
      vertex 3.04817 18.2722 5.4
    endloop
  endfacet
  facet normal -0.860989 -0.508624 0
    outer loop
      vertex 3.04817 18.2722 6
      vertex 3.09029 18.2009 5.4
      vertex 3.09029 18.2009 6
    endloop
  endfacet
  facet normal -0.808631 -0.588316 0
    outer loop
      vertex 3.04817 18.2722 5.4
      vertex 2.99957 18.339 6
      vertex 2.99957 18.339 5.4
    endloop
  endfacet
  facet normal -0.808631 -0.588316 0
    outer loop
      vertex 2.99957 18.339 6
      vertex 3.04817 18.2722 5.4
      vertex 3.04817 18.2722 6
    endloop
  endfacet
  facet normal -0.748656 -0.662958 0
    outer loop
      vertex 2.99957 18.339 5.4
      vertex 2.94449 18.4012 6
      vertex 2.94449 18.4012 5.4
    endloop
  endfacet
  facet normal -0.748656 -0.662958 0
    outer loop
      vertex 2.94449 18.4012 6
      vertex 2.99957 18.339 5.4
      vertex 2.99957 18.339 6
    endloop
  endfacet
  facet normal -0.683231 -0.730203 0
    outer loop
      vertex 2.88293 18.4588 5.4
      vertex 2.94449 18.4012 6
      vertex 2.88293 18.4588 6
    endloop
  endfacet
  facet normal -0.683231 -0.730203 -0
    outer loop
      vertex 2.94449 18.4012 6
      vertex 2.88293 18.4588 5.4
      vertex 2.94449 18.4012 5.4
    endloop
  endfacet
  facet normal -0.613601 -0.789616 0
    outer loop
      vertex 2.81537 18.5113 5.4
      vertex 2.88293 18.4588 6
      vertex 2.81537 18.5113 6
    endloop
  endfacet
  facet normal -0.613601 -0.789616 -0
    outer loop
      vertex 2.88293 18.4588 6
      vertex 2.81537 18.5113 5.4
      vertex 2.88293 18.4588 5.4
    endloop
  endfacet
  facet normal -0.54092 -0.841074 0
    outer loop
      vertex 2.74229 18.5583 5.4
      vertex 2.81537 18.5113 6
      vertex 2.74229 18.5583 6
    endloop
  endfacet
  facet normal -0.54092 -0.841074 -0
    outer loop
      vertex 2.81537 18.5113 6
      vertex 2.74229 18.5583 5.4
      vertex 2.81537 18.5113 5.4
    endloop
  endfacet
  facet normal -0.466812 -0.884356 0
    outer loop
      vertex 2.66367 18.5998 5.4
      vertex 2.74229 18.5583 6
      vertex 2.66367 18.5998 6
    endloop
  endfacet
  facet normal -0.466812 -0.884356 -0
    outer loop
      vertex 2.74229 18.5583 6
      vertex 2.66367 18.5998 5.4
      vertex 2.74229 18.5583 5.4
    endloop
  endfacet
  facet normal -0.392441 -0.919777 0
    outer loop
      vertex 2.57953 18.6357 5.4
      vertex 2.66367 18.5998 6
      vertex 2.57953 18.6357 6
    endloop
  endfacet
  facet normal -0.392441 -0.919777 -0
    outer loop
      vertex 2.66367 18.5998 6
      vertex 2.57953 18.6357 5.4
      vertex 2.66367 18.5998 5.4
    endloop
  endfacet
  facet normal -0.321039 -0.947066 0
    outer loop
      vertex 2.48985 18.6661 5.4
      vertex 2.57953 18.6357 6
      vertex 2.48985 18.6661 6
    endloop
  endfacet
  facet normal -0.321039 -0.947066 -0
    outer loop
      vertex 2.57953 18.6357 6
      vertex 2.48985 18.6661 5.4
      vertex 2.57953 18.6357 5.4
    endloop
  endfacet
  facet normal -0.253018 -0.967462 0
    outer loop
      vertex 2.39464 18.691 5.4
      vertex 2.48985 18.6661 6
      vertex 2.39464 18.691 6
    endloop
  endfacet
  facet normal -0.253018 -0.967462 -0
    outer loop
      vertex 2.48985 18.6661 6
      vertex 2.39464 18.691 5.4
      vertex 2.48985 18.6661 5.4
    endloop
  endfacet
  facet normal -0.1891 -0.981958 0
    outer loop
      vertex 2.2939 18.7104 5.4
      vertex 2.39464 18.691 6
      vertex 2.2939 18.7104 6
    endloop
  endfacet
  facet normal -0.1891 -0.981958 -0
    outer loop
      vertex 2.39464 18.691 6
      vertex 2.2939 18.7104 5.4
      vertex 2.39464 18.691 5.4
    endloop
  endfacet
  facet normal -0.128789 -0.991672 0
    outer loop
      vertex 2.18764 18.7242 5.4
      vertex 2.2939 18.7104 6
      vertex 2.18764 18.7242 6
    endloop
  endfacet
  facet normal -0.128789 -0.991672 -0
    outer loop
      vertex 2.2939 18.7104 6
      vertex 2.18764 18.7242 5.4
      vertex 2.2939 18.7104 5.4
    endloop
  endfacet
  facet normal -0.074036 -0.997256 0
    outer loop
      vertex 2.07584 18.7325 5.4
      vertex 2.18764 18.7242 6
      vertex 2.07584 18.7325 6
    endloop
  endfacet
  facet normal -0.074036 -0.997256 -0
    outer loop
      vertex 2.18764 18.7242 6
      vertex 2.07584 18.7325 5.4
      vertex 2.18764 18.7242 5.4
    endloop
  endfacet
  facet normal -0.0238575 -0.999715 0
    outer loop
      vertex 1.95851 18.7353 5.4
      vertex 2.07584 18.7325 6
      vertex 1.95851 18.7353 6
    endloop
  endfacet
  facet normal -0.0238575 -0.999715 -0
    outer loop
      vertex 2.07584 18.7325 6
      vertex 1.95851 18.7353 5.4
      vertex 2.07584 18.7325 5.4
    endloop
  endfacet
  facet normal 0 -1 0
    outer loop
      vertex 0.4561 18.7353 5.4
      vertex 1.95851 18.7353 6
      vertex 0.4561 18.7353 6
    endloop
  endfacet
  facet normal 0 -1 -0
    outer loop
      vertex 1.95851 18.7353 6
      vertex 0.4561 18.7353 5.4
      vertex 1.95851 18.7353 5.4
    endloop
  endfacet
  facet normal 1 -0 0
    outer loop
      vertex 0.4561 15.3911 6
      vertex 0.4561 18.7353 5.4
      vertex 0.4561 18.7353 6
    endloop
  endfacet
  facet normal 1 0 0
    outer loop
      vertex 0.4561 18.7353 5.4
      vertex 0.4561 15.3911 6
      vertex 0.4561 15.3911 5.4
    endloop
  endfacet
  facet normal 0 1 -0
    outer loop
      vertex 1.15628 15.3911 5.4
      vertex 0.4561 15.3911 6
      vertex 1.15628 15.3911 6
    endloop
  endfacet
  facet normal 0 1 0
    outer loop
      vertex 0.4561 15.3911 6
      vertex 1.15628 15.3911 5.4
      vertex 0.4561 15.3911 5.4
    endloop
  endfacet
  facet normal -1 0 0
    outer loop
      vertex 1.15628 15.3911 5.4
      vertex 1.15628 16.5683 6
      vertex 1.15628 16.5683 5.4
    endloop
  endfacet
  facet normal -1 -0 0
    outer loop
      vertex 1.15628 16.5683 6
      vertex 1.15628 15.3911 5.4
      vertex 1.15628 15.3911 6
    endloop
  endfacet
  facet normal -1 0 0
    outer loop
      vertex 1.15628 17.1071 5.4
      vertex 1.15628 18.1918 6
      vertex 1.15628 18.1918 5.4
    endloop
  endfacet
  facet normal -1 -0 0
    outer loop
      vertex 1.15628 18.1918 6
      vertex 1.15628 17.1071 5.4
      vertex 1.15628 17.1071 6
    endloop
  endfacet
  facet normal 0 1 -0
    outer loop
      vertex 1.88019 18.1918 5.4
      vertex 1.15628 18.1918 6
      vertex 1.88019 18.1918 6
    endloop
  endfacet
  facet normal 0 1 0
    outer loop
      vertex 1.15628 18.1918 6
      vertex 1.88019 18.1918 5.4
      vertex 1.15628 18.1918 5.4
    endloop
  endfacet
  facet normal 0.0448132 0.998995 -0
    outer loop
      vertex 1.99834 18.1865 5.4
      vertex 1.88019 18.1918 6
      vertex 1.99834 18.1865 6
    endloop
  endfacet
  facet normal 0.0448132 0.998995 0
    outer loop
      vertex 1.88019 18.1918 6
      vertex 1.99834 18.1865 5.4
      vertex 1.88019 18.1918 5.4
    endloop
  endfacet
  facet normal 0.147823 0.989014 -0
    outer loop
      vertex 2.10405 18.1707 5.4
      vertex 1.99834 18.1865 6
      vertex 2.10405 18.1707 6
    endloop
  endfacet
  facet normal 0.147823 0.989014 0
    outer loop
      vertex 1.99834 18.1865 6
      vertex 2.10405 18.1707 5.4
      vertex 1.99834 18.1865 5.4
    endloop
  endfacet
  facet normal 0.272322 0.962206 -0
    outer loop
      vertex 2.19733 18.1443 5.4
      vertex 2.10405 18.1707 6
      vertex 2.19733 18.1443 6
    endloop
  endfacet
  facet normal 0.272322 0.962206 0
    outer loop
      vertex 2.10405 18.1707 6
      vertex 2.19733 18.1443 5.4
      vertex 2.10405 18.1707 5.4
    endloop
  endfacet
  facet normal 0.415244 0.90971 -0
    outer loop
      vertex 2.27817 18.1074 5.4
      vertex 2.19733 18.1443 6
      vertex 2.27817 18.1074 6
    endloop
  endfacet
  facet normal 0.415244 0.90971 0
    outer loop
      vertex 2.19733 18.1443 6
      vertex 2.27817 18.1074 5.4
      vertex 2.19733 18.1443 5.4
    endloop
  endfacet
  facet normal 0.569585 0.821933 -0
    outer loop
      vertex 2.34657 18.06 5.4
      vertex 2.27817 18.1074 6
      vertex 2.34657 18.06 6
    endloop
  endfacet
  facet normal 0.569585 0.821933 0
    outer loop
      vertex 2.27817 18.1074 6
      vertex 2.34657 18.06 5.4
      vertex 2.27817 18.1074 5.4
    endloop
  endfacet
  facet normal 0.71905 0.694958 0
    outer loop
      vertex 2.40253 18.0021 6
      vertex 2.34657 18.06 5.4
      vertex 2.34657 18.06 6
    endloop
  endfacet
  facet normal 0.71905 0.694958 0
    outer loop
      vertex 2.34657 18.06 5.4
      vertex 2.40253 18.0021 6
      vertex 2.40253 18.0021 5.4
    endloop
  endfacet
  facet normal 0.844001 0.536341 0
    outer loop
      vertex 2.44606 17.9336 6
      vertex 2.40253 18.0021 5.4
      vertex 2.40253 18.0021 6
    endloop
  endfacet
  facet normal 0.844001 0.536341 0
    outer loop
      vertex 2.40253 18.0021 5.4
      vertex 2.44606 17.9336 6
      vertex 2.44606 17.9336 5.4
    endloop
  endfacet
  facet normal 0.930651 0.365907 0
    outer loop
      vertex 2.47716 17.8545 6
      vertex 2.44606 17.9336 5.4
      vertex 2.44606 17.9336 6
    endloop
  endfacet
  facet normal 0.930651 0.365907 0
    outer loop
      vertex 2.44606 17.9336 5.4
      vertex 2.47716 17.8545 6
      vertex 2.47716 17.8545 5.4
    endloop
  endfacet
  facet normal 0.979039 0.203675 0
    outer loop
      vertex 2.4958 17.7649 6
      vertex 2.47716 17.8545 5.4
      vertex 2.47716 17.8545 6
    endloop
  endfacet
  facet normal 0.979039 0.203675 0
    outer loop
      vertex 2.47716 17.8545 5.4
      vertex 2.4958 17.7649 6
      vertex 2.4958 17.7649 5.4
    endloop
  endfacet
  facet normal 0.998069 0.0621176 0
    outer loop
      vertex 2.50203 17.6648 6
      vertex 2.4958 17.7649 5.4
      vertex 2.4958 17.7649 6
    endloop
  endfacet
  facet normal 0.998069 0.0621176 0
    outer loop
      vertex 2.4958 17.7649 5.4
      vertex 2.50203 17.6648 6
      vertex 2.50203 17.6648 5.4
    endloop
  endfacet
  facet normal 0.999558 -0.0297217 0
    outer loop
      vertex 2.50046 17.612 6
      vertex 2.50203 17.6648 5.4
      vertex 2.50203 17.6648 6
    endloop
  endfacet
  facet normal 0.999558 -0.0297217 0
    outer loop
      vertex 2.50203 17.6648 5.4
      vertex 2.50046 17.612 6
      vertex 2.50046 17.612 5.4
    endloop
  endfacet
  facet normal 0.995663 -0.0930341 0
    outer loop
      vertex 2.49576 17.5617 6
      vertex 2.50046 17.612 5.4
      vertex 2.50046 17.612 6
    endloop
  endfacet
  facet normal 0.995663 -0.0930341 0
    outer loop
      vertex 2.50046 17.612 5.4
      vertex 2.49576 17.5617 6
      vertex 2.49576 17.5617 5.4
    endloop
  endfacet
  facet normal 0.986848 -0.161653 0
    outer loop
      vertex 2.48793 17.5139 6
      vertex 2.49576 17.5617 5.4
      vertex 2.49576 17.5617 6
    endloop
  endfacet
  facet normal 0.986848 -0.161653 0
    outer loop
      vertex 2.49576 17.5617 5.4
      vertex 2.48793 17.5139 6
      vertex 2.48793 17.5139 5.4
    endloop
  endfacet
  facet normal 0.971789 -0.235852 0
    outer loop
      vertex 2.47696 17.4687 6
      vertex 2.48793 17.5139 5.4
      vertex 2.48793 17.5139 6
    endloop
  endfacet
  facet normal 0.971789 -0.235852 0
    outer loop
      vertex 2.48793 17.5139 5.4
      vertex 2.47696 17.4687 6
      vertex 2.47696 17.4687 5.4
    endloop
  endfacet
  facet normal 0.949569 -0.313558 0
    outer loop
      vertex 2.46286 17.426 6
      vertex 2.47696 17.4687 5.4
      vertex 2.47696 17.4687 6
    endloop
  endfacet
  facet normal 0.949569 -0.313558 0
    outer loop
      vertex 2.47696 17.4687 5.4
      vertex 2.46286 17.426 6
      vertex 2.46286 17.426 5.4
    endloop
  endfacet
  facet normal 0.918777 -0.394776 0
    outer loop
      vertex 2.44563 17.3859 6
      vertex 2.46286 17.426 5.4
      vertex 2.46286 17.426 6
    endloop
  endfacet
  facet normal 0.918777 -0.394776 0
    outer loop
      vertex 2.46286 17.426 5.4
      vertex 2.44563 17.3859 6
      vertex 2.44563 17.3859 5.4
    endloop
  endfacet
  facet normal 0.879259 -0.476343 0
    outer loop
      vertex 2.42526 17.3483 6
      vertex 2.44563 17.3859 5.4
      vertex 2.44563 17.3859 6
    endloop
  endfacet
  facet normal 0.879259 -0.476343 0
    outer loop
      vertex 2.44563 17.3859 5.4
      vertex 2.42526 17.3483 6
      vertex 2.42526 17.3483 5.4
    endloop
  endfacet
  facet normal 0.830956 -0.556338 0
    outer loop
      vertex 2.40176 17.3132 6
      vertex 2.42526 17.3483 5.4
      vertex 2.42526 17.3483 6
    endloop
  endfacet
  facet normal 0.830956 -0.556338 0
    outer loop
      vertex 2.42526 17.3483 5.4
      vertex 2.40176 17.3132 6
      vertex 2.40176 17.3132 5.4
    endloop
  endfacet
  facet normal 0.773618 -0.633652 0
    outer loop
      vertex 2.37514 17.2807 6
      vertex 2.40176 17.3132 5.4
      vertex 2.40176 17.3132 6
    endloop
  endfacet
  facet normal 0.773618 -0.633652 0
    outer loop
      vertex 2.40176 17.3132 5.4
      vertex 2.37514 17.2807 6
      vertex 2.37514 17.2807 5.4
    endloop
  endfacet
  facet normal 0.709823 -0.704381 0
    outer loop
      vertex 2.34537 17.2507 6
      vertex 2.37514 17.2807 5.4
      vertex 2.37514 17.2807 6
    endloop
  endfacet
  facet normal 0.709823 -0.704381 0
    outer loop
      vertex 2.37514 17.2807 5.4
      vertex 2.34537 17.2507 6
      vertex 2.34537 17.2507 5.4
    endloop
  endfacet
  facet normal 0.641223 -0.767354 0
    outer loop
      vertex 2.3127 17.2234 5.4
      vertex 2.34537 17.2507 6
      vertex 2.3127 17.2234 6
    endloop
  endfacet
  facet normal 0.641223 -0.767354 0
    outer loop
      vertex 2.34537 17.2507 6
      vertex 2.3127 17.2234 5.4
      vertex 2.34537 17.2507 5.4
    endloop
  endfacet
  facet normal 0.568495 -0.822687 0
    outer loop
      vertex 2.27739 17.199 5.4
      vertex 2.3127 17.2234 6
      vertex 2.27739 17.199 6
    endloop
  endfacet
  facet normal 0.568495 -0.822687 0
    outer loop
      vertex 2.3127 17.2234 6
      vertex 2.27739 17.199 5.4
      vertex 2.3127 17.2234 5.4
    endloop
  endfacet
  facet normal 0.494363 -0.869255 0
    outer loop
      vertex 2.23941 17.1774 5.4
      vertex 2.27739 17.199 6
      vertex 2.23941 17.1774 6
    endloop
  endfacet
  facet normal 0.494363 -0.869255 0
    outer loop
      vertex 2.27739 17.199 6
      vertex 2.23941 17.1774 5.4
      vertex 2.27739 17.199 5.4
    endloop
  endfacet
  facet normal 0.416246 -0.909252 0
    outer loop
      vertex 2.19878 17.1588 5.4
      vertex 2.23941 17.1774 6
      vertex 2.19878 17.1588 6
    endloop
  endfacet
  facet normal 0.416246 -0.909252 0
    outer loop
      vertex 2.23941 17.1774 6
      vertex 2.19878 17.1588 5.4
      vertex 2.23941 17.1774 5.4
    endloop
  endfacet
  facet normal 0.342858 -0.939387 0
    outer loop
      vertex 2.15549 17.143 5.4
      vertex 2.19878 17.1588 6
      vertex 2.15549 17.143 6
    endloop
  endfacet
  facet normal 0.342858 -0.939387 0
    outer loop
      vertex 2.19878 17.1588 6
      vertex 2.15549 17.143 5.4
      vertex 2.19878 17.1588 5.4
    endloop
  endfacet
  facet normal 0.272176 -0.962247 0
    outer loop
      vertex 2.10953 17.13 5.4
      vertex 2.15549 17.143 6
      vertex 2.10953 17.13 6
    endloop
  endfacet
  facet normal 0.272176 -0.962247 0
    outer loop
      vertex 2.15549 17.143 6
      vertex 2.10953 17.13 5.4
      vertex 2.15549 17.143 5.4
    endloop
  endfacet
  facet normal 0.201539 -0.97948 0
    outer loop
      vertex 2.06093 17.12 5.4
      vertex 2.10953 17.13 6
      vertex 2.06093 17.12 6
    endloop
  endfacet
  facet normal 0.201539 -0.97948 0
    outer loop
      vertex 2.10953 17.13 6
      vertex 2.06093 17.12 5.4
      vertex 2.10953 17.13 5.4
    endloop
  endfacet
  facet normal 0.139068 -0.990283 0
    outer loop
      vertex 2.00966 17.1128 5.4
      vertex 2.06093 17.12 6
      vertex 2.00966 17.1128 6
    endloop
  endfacet
  facet normal 0.139068 -0.990283 0
    outer loop
      vertex 2.06093 17.12 6
      vertex 2.00966 17.1128 5.4
      vertex 2.06093 17.12 5.4
    endloop
  endfacet
  facet normal 0.0794807 -0.996836 0
    outer loop
      vertex 1.95573 17.1085 5.4
      vertex 2.00966 17.1128 6
      vertex 1.95573 17.1085 6
    endloop
  endfacet
  facet normal 0.0794807 -0.996836 0
    outer loop
      vertex 2.00966 17.1128 6
      vertex 1.95573 17.1085 5.4
      vertex 2.00966 17.1128 5.4
    endloop
  endfacet
  facet normal 0.0247362 -0.999694 0
    outer loop
      vertex 1.89915 17.1071 5.4
      vertex 1.95573 17.1085 6
      vertex 1.89915 17.1071 6
    endloop
  endfacet
  facet normal 0.0247362 -0.999694 0
    outer loop
      vertex 1.95573 17.1085 6
      vertex 1.89915 17.1071 5.4
      vertex 1.95573 17.1085 5.4
    endloop
  endfacet
  facet normal 0 -1 0
    outer loop
      vertex 1.15628 17.1071 5.4
      vertex 1.89915 17.1071 6
      vertex 1.15628 17.1071 6
    endloop
  endfacet
  facet normal 0 -1 -0
    outer loop
      vertex 1.89915 17.1071 6
      vertex 1.15628 17.1071 5.4
      vertex 1.89915 17.1071 5.4
    endloop
  endfacet
endsolid OpenSCAD_Model
