solid OpenSCAD_Model
  facet normal 0 0 1
    outer loop
      vertex 4.5 22.5 4
      vertex 1.7 18 4
      vertex 4.5 13.2466 4
    endloop
  endfacet
  facet normal 0 0 1
    outer loop
      vertex 4.5 22.5 4
      vertex 1.69353 18.1482 4
      vertex 1.7 18 4
    endloop
  endfacet
  facet normal 0 0 1
    outer loop
      vertex 4.5 22.5 4
      vertex 1.67417 18.2952 4
      vertex 1.69353 18.1482 4
    endloop
  endfacet
  facet normal 0 0 1
    outer loop
      vertex 4.5 22.5 4
      vertex 1.64207 18.44 4
      vertex 1.67417 18.2952 4
    endloop
  endfacet
  facet normal 0 0 1
    outer loop
      vertex 4.5 22.5 4
      vertex 1.59748 18.5814 4
      vertex 1.64207 18.44 4
    endloop
  endfacet
  facet normal 0 0 1
    outer loop
      vertex 4.5 22.5 4
      vertex 1.54072 18.7185 4
      vertex 1.59748 18.5814 4
    endloop
  endfacet
  facet normal 0 0 1
    outer loop
      vertex 4.5 22.5 4
      vertex 1.47224 18.85 4
      vertex 1.54072 18.7185 4
    endloop
  endfacet
  facet normal 0 0 1
    outer loop
      vertex 4.5 22.5 4
      vertex 1.39256 18.9751 4
      vertex 1.47224 18.85 4
    endloop
  endfacet
  facet normal 0 0 1
    outer loop
      vertex 4.5 22.5 4
      vertex 1.30227 19.0927 4
      vertex 1.39256 18.9751 4
    endloop
  endfacet
  facet normal 0 0 1
    outer loop
      vertex 4.5 22.5 4
      vertex 1.20208 19.2021 4
      vertex 1.30227 19.0927 4
    endloop
  endfacet
  facet normal 0 0 1
    outer loop
      vertex 4.5 22.5 4
      vertex 1.09274 19.3023 4
      vertex 1.20208 19.2021 4
    endloop
  endfacet
  facet normal 0 0 1
    outer loop
      vertex 4.5 22.5 4
      vertex 0.97508 19.3926 4
      vertex 1.09274 19.3023 4
    endloop
  endfacet
  facet normal 0 0 1
    outer loop
      vertex 4.5 22.5 4
      vertex 0.849999 19.4722 4
      vertex 0.97508 19.3926 4
    endloop
  endfacet
  facet normal 0 0 1
    outer loop
      vertex 4.5 22.5 4
      vertex 0.718451 19.5407 4
      vertex 0.849999 19.4722 4
    endloop
  endfacet
  facet normal 0 0 1
    outer loop
      vertex 4.5 22.5 4
      vertex 0.581433 19.5975 4
      vertex 0.718451 19.5407 4
    endloop
  endfacet
  facet normal 0 0 1
    outer loop
      vertex 4.5 22.5 4
      vertex 0.439992 19.6421 4
      vertex 0.581433 19.5975 4
    endloop
  endfacet
  facet normal 0 0 1
    outer loop
      vertex 4.5 22.5 4
      vertex 0.295201 19.6742 4
      vertex 0.439992 19.6421 4
    endloop
  endfacet
  facet normal 0 0 1
    outer loop
      vertex 4.5 22.5 4
      vertex 0.148165 19.6935 4
      vertex 0.295201 19.6742 4
    endloop
  endfacet
  facet normal 0 0 1
    outer loop
      vertex 4.5 22.5 4
      vertex 0 19.7 4
      vertex 0.148165 19.6935 4
    endloop
  endfacet
  facet normal -0 0 1
    outer loop
      vertex -4.5 22.5 4
      vertex 0 19.7 4
      vertex 4.5 22.5 4
    endloop
  endfacet
  facet normal 0 0 1
    outer loop
      vertex 0 19.7 4
      vertex -4.5 22.5 4
      vertex -0.148165 19.6935 4
    endloop
  endfacet
  facet normal 0 0 1
    outer loop
      vertex -0.148165 19.6935 4
      vertex -4.5 22.5 4
      vertex -0.295201 19.6742 4
    endloop
  endfacet
  facet normal 0 0 1
    outer loop
      vertex -0.295201 19.6742 4
      vertex -4.5 22.5 4
      vertex -0.439992 19.6421 4
    endloop
  endfacet
  facet normal 0 0 1
    outer loop
      vertex -0.439992 19.6421 4
      vertex -4.5 22.5 4
      vertex -0.581433 19.5975 4
    endloop
  endfacet
  facet normal 0 0 1
    outer loop
      vertex -0.581433 19.5975 4
      vertex -4.5 22.5 4
      vertex -0.718451 19.5407 4
    endloop
  endfacet
  facet normal 0 0 1
    outer loop
      vertex -1.69353 18.1482 4
      vertex -4.5 22.5 4
      vertex -1.7 18 4
    endloop
  endfacet
  facet normal 0 0 1
    outer loop
      vertex -1.67417 18.2952 4
      vertex -4.5 22.5 4
      vertex -1.69353 18.1482 4
    endloop
  endfacet
  facet normal 0 0 1
    outer loop
      vertex -1.64207 18.44 4
      vertex -4.5 22.5 4
      vertex -1.67417 18.2952 4
    endloop
  endfacet
  facet normal 0 0 1
    outer loop
      vertex -1.59748 18.5814 4
      vertex -4.5 22.5 4
      vertex -1.64207 18.44 4
    endloop
  endfacet
  facet normal 0 0 1
    outer loop
      vertex -1.54072 18.7185 4
      vertex -4.5 22.5 4
      vertex -1.59748 18.5814 4
    endloop
  endfacet
  facet normal 0 0 1
    outer loop
      vertex -1.47224 18.85 4
      vertex -4.5 22.5 4
      vertex -1.54072 18.7185 4
    endloop
  endfacet
  facet normal 0 0 1
    outer loop
      vertex -1.39256 18.9751 4
      vertex -4.5 22.5 4
      vertex -1.47224 18.85 4
    endloop
  endfacet
  facet normal 0 0 1
    outer loop
      vertex -1.30227 19.0927 4
      vertex -4.5 22.5 4
      vertex -1.39256 18.9751 4
    endloop
  endfacet
  facet normal 0 0 1
    outer loop
      vertex -1.20208 19.2021 4
      vertex -4.5 22.5 4
      vertex -1.30227 19.0927 4
    endloop
  endfacet
  facet normal 0 0 1
    outer loop
      vertex -1.09274 19.3023 4
      vertex -4.5 22.5 4
      vertex -1.20208 19.2021 4
    endloop
  endfacet
  facet normal 0 0 1
    outer loop
      vertex -0.97508 19.3926 4
      vertex -4.5 22.5 4
      vertex -1.09274 19.3023 4
    endloop
  endfacet
  facet normal 0 0 1
    outer loop
      vertex -0.849999 19.4722 4
      vertex -4.5 22.5 4
      vertex -0.97508 19.3926 4
    endloop
  endfacet
  facet normal 0 0 1
    outer loop
      vertex -0.718451 19.5407 4
      vertex -4.5 22.5 4
      vertex -0.849999 19.4722 4
    endloop
  endfacet
  facet normal 0 0 1
    outer loop
      vertex -7.5 9 4
      vertex 9.89949 9.89949 4
      vertex 8.99903 10.7246 4
    endloop
  endfacet
  facet normal 0 0 1
    outer loop
      vertex -7.5 9 4
      vertex 8.99903 10.7246 4
      vertex 8.03007 11.4681 4
    endloop
  endfacet
  facet normal 0 0 1
    outer loop
      vertex -7.5 9 4
      vertex 8.03007 11.4681 4
      vertex 7 12.1244 4
    endloop
  endfacet
  facet normal 0 0 1
    outer loop
      vertex -7.5 9 4
      vertex 7 12.1244 4
      vertex 5.91666 12.6883 4
    endloop
  endfacet
  facet normal 0 0 1
    outer loop
      vertex 4.5 13.2466 4
      vertex 5.91666 12.6883 4
      vertex 4.78828 13.1557 4
    endloop
  endfacet
  facet normal 0 0 1
    outer loop
      vertex 5.91666 12.6883 4
      vertex 4.5 13.2466 4
      vertex -7.5 9 4
    endloop
  endfacet
  facet normal -0 0 1
    outer loop
      vertex 1.69353 17.8518 4
      vertex 4.5 13.2466 4
      vertex 1.7 18 4
    endloop
  endfacet
  facet normal -0 0 1
    outer loop
      vertex 1.67417 17.7048 4
      vertex 4.5 13.2466 4
      vertex 1.69353 17.8518 4
    endloop
  endfacet
  facet normal -0 0 1
    outer loop
      vertex 1.64207 17.56 4
      vertex 4.5 13.2466 4
      vertex 1.67417 17.7048 4
    endloop
  endfacet
  facet normal -0 0 1
    outer loop
      vertex 1.59748 17.4186 4
      vertex 4.5 13.2466 4
      vertex 1.64207 17.56 4
    endloop
  endfacet
  facet normal -0 0 1
    outer loop
      vertex 1.54072 17.2815 4
      vertex 4.5 13.2466 4
      vertex 1.59748 17.4186 4
    endloop
  endfacet
  facet normal -0 0 1
    outer loop
      vertex 1.47224 17.15 4
      vertex 4.5 13.2466 4
      vertex 1.54072 17.2815 4
    endloop
  endfacet
  facet normal -0 0 1
    outer loop
      vertex 1.39256 17.0249 4
      vertex 4.5 13.2466 4
      vertex 1.47224 17.15 4
    endloop
  endfacet
  facet normal -0 0 1
    outer loop
      vertex 1.30227 16.9073 4
      vertex 4.5 13.2466 4
      vertex 1.39256 17.0249 4
    endloop
  endfacet
  facet normal -0 0 1
    outer loop
      vertex 1.20208 16.7979 4
      vertex 4.5 13.2466 4
      vertex 1.30227 16.9073 4
    endloop
  endfacet
  facet normal -0 0 1
    outer loop
      vertex 1.09274 16.6977 4
      vertex 4.5 13.2466 4
      vertex 1.20208 16.7979 4
    endloop
  endfacet
  facet normal -0 0 1
    outer loop
      vertex 0.97508 16.6074 4
      vertex 4.5 13.2466 4
      vertex 1.09274 16.6977 4
    endloop
  endfacet
  facet normal -0 0 1
    outer loop
      vertex 0.849999 16.5278 4
      vertex 4.5 13.2466 4
      vertex 0.97508 16.6074 4
    endloop
  endfacet
  facet normal -0 0 1
    outer loop
      vertex 0.718451 16.4593 4
      vertex 4.5 13.2466 4
      vertex 0.849999 16.5278 4
    endloop
  endfacet
  facet normal -0 0 1
    outer loop
      vertex 0.581433 16.4025 4
      vertex 4.5 13.2466 4
      vertex 0.718451 16.4593 4
    endloop
  endfacet
  facet normal -0 0 1
    outer loop
      vertex 0.439992 16.3579 4
      vertex 4.5 13.2466 4
      vertex 0.581433 16.4025 4
    endloop
  endfacet
  facet normal -0 0 1
    outer loop
      vertex 0.295201 16.3258 4
      vertex 4.5 13.2466 4
      vertex 0.439992 16.3579 4
    endloop
  endfacet
  facet normal -0 0 1
    outer loop
      vertex 0.148165 16.3065 4
      vertex 4.5 13.2466 4
      vertex 0.295201 16.3258 4
    endloop
  endfacet
  facet normal -0 0 1
    outer loop
      vertex 0 16.3 4
      vertex 4.5 13.2466 4
      vertex 0.148165 16.3065 4
    endloop
  endfacet
  facet normal 0 0 1
    outer loop
      vertex -4.5 13.2466 4
      vertex 4.5 13.2466 4
      vertex 0 16.3 4
    endloop
  endfacet
  facet normal 0 0 1
    outer loop
      vertex -4.5 13.2466 4
      vertex 0 16.3 4
      vertex -0.148165 16.3065 4
    endloop
  endfacet
  facet normal 0 0 1
    outer loop
      vertex -4.5 13.2466 4
      vertex -0.148165 16.3065 4
      vertex -0.295201 16.3258 4
    endloop
  endfacet
  facet normal 0 0 1
    outer loop
      vertex -4.5 13.2466 4
      vertex -0.295201 16.3258 4
      vertex -0.439992 16.3579 4
    endloop
  endfacet
  facet normal 0 0 1
    outer loop
      vertex -4.5 13.2466 4
      vertex -0.439992 16.3579 4
      vertex -0.581433 16.4025 4
    endloop
  endfacet
  facet normal 0 0 1
    outer loop
      vertex -4.5 13.2466 4
      vertex -0.581433 16.4025 4
      vertex -0.718451 16.4593 4
    endloop
  endfacet
  facet normal 0 0 1
    outer loop
      vertex -4.5 13.2466 4
      vertex -0.718451 16.4593 4
      vertex -0.849999 16.5278 4
    endloop
  endfacet
  facet normal 0 0 1
    outer loop
      vertex -4.5 13.2466 4
      vertex -0.849999 16.5278 4
      vertex -0.97508 16.6074 4
    endloop
  endfacet
  facet normal 0 0 1
    outer loop
      vertex -4.5 13.2466 4
      vertex -1.7 18 4
      vertex -4.5 22.5 4
    endloop
  endfacet
  facet normal 0 0 1
    outer loop
      vertex -1.7 18 4
      vertex -4.5 13.2466 4
      vertex -1.69353 17.8518 4
    endloop
  endfacet
  facet normal 0 0 1
    outer loop
      vertex -1.69353 17.8518 4
      vertex -4.5 13.2466 4
      vertex -1.67417 17.7048 4
    endloop
  endfacet
  facet normal 0 0 1
    outer loop
      vertex -1.67417 17.7048 4
      vertex -4.5 13.2466 4
      vertex -1.64207 17.56 4
    endloop
  endfacet
  facet normal 0 0 1
    outer loop
      vertex -1.64207 17.56 4
      vertex -4.5 13.2466 4
      vertex -1.59748 17.4186 4
    endloop
  endfacet
  facet normal 0 0 1
    outer loop
      vertex -1.59748 17.4186 4
      vertex -4.5 13.2466 4
      vertex -1.54072 17.2815 4
    endloop
  endfacet
  facet normal 0 0 1
    outer loop
      vertex -1.54072 17.2815 4
      vertex -4.5 13.2466 4
      vertex -1.47224 17.15 4
    endloop
  endfacet
  facet normal 0 0 1
    outer loop
      vertex -4.5 13.2466 4
      vertex -1.39256 17.0249 4
      vertex -1.47224 17.15 4
    endloop
  endfacet
  facet normal 0 0 1
    outer loop
      vertex -4.5 13.2466 4
      vertex -1.30227 16.9073 4
      vertex -1.39256 17.0249 4
    endloop
  endfacet
  facet normal 0 0 1
    outer loop
      vertex -4.5 13.2466 4
      vertex -1.20208 16.7979 4
      vertex -1.30227 16.9073 4
    endloop
  endfacet
  facet normal 0 0 1
    outer loop
      vertex -4.5 13.2466 4
      vertex -1.09274 16.6977 4
      vertex -1.20208 16.7979 4
    endloop
  endfacet
  facet normal 0 0 1
    outer loop
      vertex -4.5 13.2466 4
      vertex -0.97508 16.6074 4
      vertex -1.09274 16.6977 4
    endloop
  endfacet
  facet normal 0 0 1
    outer loop
      vertex -7.5 9 4
      vertex 4.5 13.2466 4
      vertex -4.5 13.2466 4
    endloop
  endfacet
  facet normal 0 0 1
    outer loop
      vertex -7.5 9 4
      vertex -4.5 13.2466 4
      vertex -4.78828 13.1557 4
    endloop
  endfacet
  facet normal 0 0 1
    outer loop
      vertex -7.5 9 4
      vertex -4.78828 13.1557 4
      vertex -5.91666 12.6883 4
    endloop
  endfacet
  facet normal 0 0 1
    outer loop
      vertex -7.5 9 4
      vertex -5.91666 12.6883 4
      vertex -7 12.1244 4
    endloop
  endfacet
  facet normal 0 0 1
    outer loop
      vertex -7.5 9 4
      vertex -7 12.1244 4
      vertex -7.5 11.8058 4
    endloop
  endfacet
  facet normal 0 0 1
    outer loop
      vertex 9.89949 9.89949 4
      vertex -7.5 9 4
      vertex 10.7237 9 4
    endloop
  endfacet
  facet normal 0 0 1
    outer loop
      vertex -10 9.78981 4
      vertex -10.7246 8.99903 4
      vertex -10 6 4
    endloop
  endfacet
  facet normal 0 0 1
    outer loop
      vertex -11.4681 -8.03007 4
      vertex -4.46438 -3.12599 4
      vertex -4.71984 -2.725 4
    endloop
  endfacet
  facet normal 0 0 1
    outer loop
      vertex -4.46438 -3.12599 4
      vertex -4.78828 -13.1557 4
      vertex -4.5 -13.2466 4
    endloop
  endfacet
  facet normal 0 0 1
    outer loop
      vertex -12.1244 -7 4
      vertex -4.71984 -2.725 4
      vertex -4.93938 -2.30327 4
    endloop
  endfacet
  facet normal 0 0 1
    outer loop
      vertex -12.6883 -5.91666 4
      vertex -4.93938 -2.30327 4
      vertex -5.12132 -1.86401 4
    endloop
  endfacet
  facet normal 0 0 1
    outer loop
      vertex -13.1557 -4.78828 4
      vertex -5.12132 -1.86401 4
      vertex -5.2643 -1.41056 4
    endloop
  endfacet
  facet normal 0 0 1
    outer loop
      vertex -13.523 -3.62347 4
      vertex -5.2643 -1.41056 4
      vertex -5.3672 -0.946383 4
    endloop
  endfacet
  facet normal 0 0 1
    outer loop
      vertex -13.7873 -2.43107 4
      vertex -5.3672 -0.946383 4
      vertex -5.42926 -0.474998 4
    endloop
  endfacet
  facet normal 0 0 1
    outer loop
      vertex -4.46438 -3.12599 4
      vertex -5.91666 -12.6883 4
      vertex -4.78828 -13.1557 4
    endloop
  endfacet
  facet normal 0 0 1
    outer loop
      vertex -13.9467 -1.22018 4
      vertex -5.42926 -0.474998 4
      vertex -5.45 0 4
    endloop
  endfacet
  facet normal 0 0 1
    outer loop
      vertex 4.5 -13.2466 4
      vertex 1.69353 -17.8518 4
      vertex 1.7 -18 4
    endloop
  endfacet
  facet normal 0 0 1
    outer loop
      vertex 4.5 -13.2466 4
      vertex 1.67417 -17.7048 4
      vertex 1.69353 -17.8518 4
    endloop
  endfacet
  facet normal 0 0 1
    outer loop
      vertex 4.5 -13.2466 4
      vertex 1.64207 -17.56 4
      vertex 1.67417 -17.7048 4
    endloop
  endfacet
  facet normal 0 0 1
    outer loop
      vertex 4.5 -13.2466 4
      vertex 1.59748 -17.4186 4
      vertex 1.64207 -17.56 4
    endloop
  endfacet
  facet normal 0 0 1
    outer loop
      vertex 4.5 -13.2466 4
      vertex 1.54072 -17.2815 4
      vertex 1.59748 -17.4186 4
    endloop
  endfacet
  facet normal 0 0 1
    outer loop
      vertex 4.5 -13.2466 4
      vertex 1.47224 -17.15 4
      vertex 1.54072 -17.2815 4
    endloop
  endfacet
  facet normal -0 0 1
    outer loop
      vertex 0.946383 -5.3672 4
      vertex 4.5 -13.2466 4
      vertex 1.41056 -5.2643 4
    endloop
  endfacet
  facet normal 0 0 1
    outer loop
      vertex 4.5 -13.2466 4
      vertex 1.39256 -17.0249 4
      vertex 1.47224 -17.15 4
    endloop
  endfacet
  facet normal 0 0 1
    outer loop
      vertex 4.5 -13.2466 4
      vertex 1.30227 -16.9073 4
      vertex 1.39256 -17.0249 4
    endloop
  endfacet
  facet normal 0 0 1
    outer loop
      vertex 4.5 -13.2466 4
      vertex 1.20208 -16.7979 4
      vertex 1.30227 -16.9073 4
    endloop
  endfacet
  facet normal 0 0 1
    outer loop
      vertex 4.5 -13.2466 4
      vertex 1.09274 -16.6977 4
      vertex 1.20208 -16.7979 4
    endloop
  endfacet
  facet normal 0 0 1
    outer loop
      vertex 4.5 -13.2466 4
      vertex 0.97508 -16.6074 4
      vertex 1.09274 -16.6977 4
    endloop
  endfacet
  facet normal -0 0 1
    outer loop
      vertex 0.474998 -5.42926 4
      vertex 4.5 -13.2466 4
      vertex 0.946383 -5.3672 4
    endloop
  endfacet
  facet normal 0 0 1
    outer loop
      vertex 4.5 -13.2466 4
      vertex 0.849999 -16.5278 4
      vertex 0.97508 -16.6074 4
    endloop
  endfacet
  facet normal 0 0 1
    outer loop
      vertex 4.5 -13.2466 4
      vertex 0.718451 -16.4593 4
      vertex 0.849999 -16.5278 4
    endloop
  endfacet
  facet normal 0 0 1
    outer loop
      vertex 4.5 -13.2466 4
      vertex 0.581433 -16.4025 4
      vertex 0.718451 -16.4593 4
    endloop
  endfacet
  facet normal -0 0 1
    outer loop
      vertex 0 -5.45 4
      vertex 4.5 -13.2466 4
      vertex 0.474998 -5.42926 4
    endloop
  endfacet
  facet normal 0 0 1
    outer loop
      vertex 4.5 -13.2466 4
      vertex 0.439992 -16.3579 4
      vertex 0.581433 -16.4025 4
    endloop
  endfacet
  facet normal 0 0 1
    outer loop
      vertex 4.5 -13.2466 4
      vertex 0.295201 -16.3258 4
      vertex 0.439992 -16.3579 4
    endloop
  endfacet
  facet normal 0 0 1
    outer loop
      vertex 4.5 -13.2466 4
      vertex 0.148165 -16.3065 4
      vertex 0.295201 -16.3258 4
    endloop
  endfacet
  facet normal 0 0 1
    outer loop
      vertex -4.5 -13.2466 4
      vertex 4.5 -13.2466 4
      vertex 0 -5.45 4
    endloop
  endfacet
  facet normal 0 -0 1
    outer loop
      vertex 0 -16.3 4
      vertex 4.5 -13.2466 4
      vertex -4.5 -13.2466 4
    endloop
  endfacet
  facet normal 0 0 1
    outer loop
      vertex 4.5 -13.2466 4
      vertex 0 -16.3 4
      vertex 0.148165 -16.3065 4
    endloop
  endfacet
  facet normal 0 0 1
    outer loop
      vertex 0 -16.3 4
      vertex -4.5 -13.2466 4
      vertex -0.148165 -16.3065 4
    endloop
  endfacet
  facet normal 0 0 1
    outer loop
      vertex -0.148165 -16.3065 4
      vertex -4.5 -13.2466 4
      vertex -0.295201 -16.3258 4
    endloop
  endfacet
  facet normal 0 0 1
    outer loop
      vertex -4.5 -13.2466 4
      vertex 0 -5.45 4
      vertex -0.474998 -5.42926 4
    endloop
  endfacet
  facet normal 0 0 1
    outer loop
      vertex -0.295201 -16.3258 4
      vertex -4.5 -13.2466 4
      vertex -0.439992 -16.3579 4
    endloop
  endfacet
  facet normal 0 0 1
    outer loop
      vertex -0.439992 -16.3579 4
      vertex -4.5 -13.2466 4
      vertex -0.581433 -16.4025 4
    endloop
  endfacet
  facet normal 0 0 1
    outer loop
      vertex -0.581433 -16.4025 4
      vertex -4.5 -13.2466 4
      vertex -0.718451 -16.4593 4
    endloop
  endfacet
  facet normal 0 0 1
    outer loop
      vertex -4.5 -13.2466 4
      vertex -0.474998 -5.42926 4
      vertex -0.946383 -5.3672 4
    endloop
  endfacet
  facet normal 0 0 1
    outer loop
      vertex -0.718451 -16.4593 4
      vertex -4.5 -13.2466 4
      vertex -0.849999 -16.5278 4
    endloop
  endfacet
  facet normal 0 0 1
    outer loop
      vertex -0.849999 -16.5278 4
      vertex -4.5 -13.2466 4
      vertex -0.97508 -16.6074 4
    endloop
  endfacet
  facet normal 0 0 1
    outer loop
      vertex -0.97508 -16.6074 4
      vertex -4.5 -13.2466 4
      vertex -1.09274 -16.6977 4
    endloop
  endfacet
  facet normal 0 0 1
    outer loop
      vertex -1.09274 -16.6977 4
      vertex -4.5 -13.2466 4
      vertex -1.20208 -16.7979 4
    endloop
  endfacet
  facet normal 0 0 1
    outer loop
      vertex -1.20208 -16.7979 4
      vertex -4.5 -13.2466 4
      vertex -1.30227 -16.9073 4
    endloop
  endfacet
  facet normal 0 0 1
    outer loop
      vertex -4.5 -13.2466 4
      vertex -0.946383 -5.3672 4
      vertex -1.41056 -5.2643 4
    endloop
  endfacet
  facet normal 0 0 1
    outer loop
      vertex -1.30227 -16.9073 4
      vertex -4.5 -13.2466 4
      vertex -1.39256 -17.0249 4
    endloop
  endfacet
  facet normal 0 0 1
    outer loop
      vertex -1.39256 -17.0249 4
      vertex -4.5 -13.2466 4
      vertex -1.47224 -17.15 4
    endloop
  endfacet
  facet normal 0 0 1
    outer loop
      vertex -1.47224 -17.15 4
      vertex -4.5 -13.2466 4
      vertex -1.54072 -17.2815 4
    endloop
  endfacet
  facet normal 0 0 1
    outer loop
      vertex -1.54072 -17.2815 4
      vertex -4.5 -13.2466 4
      vertex -1.59748 -17.4186 4
    endloop
  endfacet
  facet normal 0 0 1
    outer loop
      vertex -1.59748 -17.4186 4
      vertex -4.5 -13.2466 4
      vertex -1.64207 -17.56 4
    endloop
  endfacet
  facet normal 0 0 1
    outer loop
      vertex -1.64207 -17.56 4
      vertex -4.5 -13.2466 4
      vertex -1.67417 -17.7048 4
    endloop
  endfacet
  facet normal 0 0 1
    outer loop
      vertex -1.67417 -17.7048 4
      vertex -4.5 -13.2466 4
      vertex -1.69353 -17.8518 4
    endloop
  endfacet
  facet normal 0 0 1
    outer loop
      vertex -4.5 -13.2466 4
      vertex -1.41056 -5.2643 4
      vertex -1.86401 -5.12132 4
    endloop
  endfacet
  facet normal 0 0 1
    outer loop
      vertex 5.45 0 4
      vertex 14 0 4
      vertex 13.9467 1.22018 4
    endloop
  endfacet
  facet normal 0 0 1
    outer loop
      vertex 5.42926 0.474998 4
      vertex 13.9467 1.22018 4
      vertex 13.7873 2.43107 4
    endloop
  endfacet
  facet normal 0 0 1
    outer loop
      vertex 14 0 4
      vertex 5.45 0 4
      vertex 13.9467 -1.22018 4
    endloop
  endfacet
  facet normal 0 0 1
    outer loop
      vertex 5.3672 0.946383 4
      vertex 13.7873 2.43107 4
      vertex 13.523 3.62347 4
    endloop
  endfacet
  facet normal -0 0 1
    outer loop
      vertex 5.42926 -0.474998 4
      vertex 13.9467 -1.22018 4
      vertex 5.45 0 4
    endloop
  endfacet
  facet normal 0 0 1
    outer loop
      vertex 5.2643 1.41056 4
      vertex 13.523 3.62347 4
      vertex 13.1557 4.78828 4
    endloop
  endfacet
  facet normal 0 0 1
    outer loop
      vertex 13.9467 -1.22018 4
      vertex 5.42926 -0.474998 4
      vertex 13.7873 -2.43107 4
    endloop
  endfacet
  facet normal 0 0 1
    outer loop
      vertex 5.12132 1.86401 4
      vertex 13.1557 4.78828 4
      vertex 12.6883 5.91666 4
    endloop
  endfacet
  facet normal -0 0 1
    outer loop
      vertex 5.3672 -0.946383 4
      vertex 13.7873 -2.43107 4
      vertex 5.42926 -0.474998 4
    endloop
  endfacet
  facet normal 0 0 1
    outer loop
      vertex 4.93938 2.30327 4
      vertex 12.6883 5.91666 4
      vertex 12.6449 6 4
    endloop
  endfacet
  facet normal 0 0 1
    outer loop
      vertex 13.7873 -2.43107 4
      vertex 5.3672 -0.946383 4
      vertex 13.523 -3.62347 4
    endloop
  endfacet
  facet normal 0 0 1
    outer loop
      vertex 13.523 -3.62347 4
      vertex 5.2643 -1.41056 4
      vertex 13.1557 -4.78828 4
    endloop
  endfacet
  facet normal -0 0 1
    outer loop
      vertex 5.12132 -1.86401 4
      vertex 13.1557 -4.78828 4
      vertex 5.2643 -1.41056 4
    endloop
  endfacet
  facet normal -0 0 1
    outer loop
      vertex 4.93938 -2.30327 4
      vertex 12.6883 -5.91666 4
      vertex 5.12132 -1.86401 4
    endloop
  endfacet
  facet normal 0 0 1
    outer loop
      vertex 12.6883 -5.91666 4
      vertex 4.93938 -2.30327 4
      vertex 12.1244 -7 4
    endloop
  endfacet
  facet normal 0 0 1
    outer loop
      vertex 12.1244 -7 4
      vertex 4.71984 -2.725 4
      vertex 11.4681 -8.03007 4
    endloop
  endfacet
  facet normal -0 0 1
    outer loop
      vertex 4.46438 -3.12599 4
      vertex 11.4681 -8.03007 4
      vertex 4.71984 -2.725 4
    endloop
  endfacet
  facet normal -0 0 1
    outer loop
      vertex 4.17494 -3.50319 4
      vertex 10.7246 -8.99903 4
      vertex 4.46438 -3.12599 4
    endloop
  endfacet
  facet normal -0 0 1
    outer loop
      vertex 5.2643 -1.41056 4
      vertex 13.523 -3.62347 4
      vertex 5.3672 -0.946383 4
    endloop
  endfacet
  facet normal 0 0 1
    outer loop
      vertex 13.9467 1.22018 4
      vertex 5.42926 0.474998 4
      vertex 5.45 0 4
    endloop
  endfacet
  facet normal 0 0 1
    outer loop
      vertex 13.7873 2.43107 4
      vertex 5.3672 0.946383 4
      vertex 5.42926 0.474998 4
    endloop
  endfacet
  facet normal 0 0 1
    outer loop
      vertex 13.523 3.62347 4
      vertex 5.2643 1.41056 4
      vertex 5.3672 0.946383 4
    endloop
  endfacet
  facet normal 0 0 1
    outer loop
      vertex 13.1557 4.78828 4
      vertex 5.12132 1.86401 4
      vertex 5.2643 1.41056 4
    endloop
  endfacet
  facet normal 0 0 1
    outer loop
      vertex 12.6883 5.91666 4
      vertex 4.93938 2.30327 4
      vertex 5.12132 1.86401 4
    endloop
  endfacet
  facet normal 0 0 1
    outer loop
      vertex 12.6449 6 4
      vertex 4.71984 2.725 4
      vertex 4.93938 2.30327 4
    endloop
  endfacet
  facet normal 0 0 1
    outer loop
      vertex 12.6449 6 4
      vertex 4.46438 3.12599 4
      vertex 4.71984 2.725 4
    endloop
  endfacet
  facet normal 0 0 1
    outer loop
      vertex 12.6449 6 4
      vertex 4.17494 3.50319 4
      vertex 4.46438 3.12599 4
    endloop
  endfacet
  facet normal 0 0 1
    outer loop
      vertex 12.6449 6 4
      vertex 3.85373 3.85373 4
      vertex 4.17494 3.50319 4
    endloop
  endfacet
  facet normal 0 0 1
    outer loop
      vertex 12.6449 6 4
      vertex 3.50319 4.17494 4
      vertex 3.85373 3.85373 4
    endloop
  endfacet
  facet normal 0 0 1
    outer loop
      vertex 12.6449 6 4
      vertex 3.12599 4.46438 4
      vertex 3.50319 4.17494 4
    endloop
  endfacet
  facet normal 0 0 1
    outer loop
      vertex 12.6449 6 4
      vertex 2.725 4.71984 4
      vertex 3.12599 4.46438 4
    endloop
  endfacet
  facet normal 0 0 1
    outer loop
      vertex 12.6449 6 4
      vertex 2.30327 4.93938 4
      vertex 2.725 4.71984 4
    endloop
  endfacet
  facet normal 0 0 1
    outer loop
      vertex 12.6449 6 4
      vertex 1.86401 5.12132 4
      vertex 2.30327 4.93938 4
    endloop
  endfacet
  facet normal 0 0 1
    outer loop
      vertex 12.6449 6 4
      vertex 1.41056 5.2643 4
      vertex 1.86401 5.12132 4
    endloop
  endfacet
  facet normal 0 0 1
    outer loop
      vertex 12.6449 6 4
      vertex 0.946383 5.3672 4
      vertex 1.41056 5.2643 4
    endloop
  endfacet
  facet normal 0 0 1
    outer loop
      vertex 12.6449 6 4
      vertex 0.474998 5.42926 4
      vertex 0.946383 5.3672 4
    endloop
  endfacet
  facet normal 0 0 1
    outer loop
      vertex 12.6449 6 4
      vertex 0 5.45 4
      vertex 0.474998 5.42926 4
    endloop
  endfacet
  facet normal 0 0 1
    outer loop
      vertex -4.46438 -3.12599 4
      vertex -7 -12.1244 4
      vertex -5.91666 -12.6883 4
    endloop
  endfacet
  facet normal 0 0 1
    outer loop
      vertex -14 0 4
      vertex -5.45 0 4
      vertex -5.42926 0.474998 4
    endloop
  endfacet
  facet normal 0 0 1
    outer loop
      vertex -4.46438 -3.12599 4
      vertex -8.03007 -11.4681 4
      vertex -7 -12.1244 4
    endloop
  endfacet
  facet normal 0 0 1
    outer loop
      vertex -13.9467 1.22018 4
      vertex -5.42926 0.474998 4
      vertex -5.3672 0.946383 4
    endloop
  endfacet
  facet normal 0 0 1
    outer loop
      vertex -4.46438 -3.12599 4
      vertex -8.99903 -10.7246 4
      vertex -8.03007 -11.4681 4
    endloop
  endfacet
  facet normal 0 0 1
    outer loop
      vertex -10 6 4
      vertex -5.3672 0.946383 4
      vertex -5.2643 1.41056 4
    endloop
  endfacet
  facet normal 0 0 1
    outer loop
      vertex -4.46438 -3.12599 4
      vertex -9.89949 -9.89949 4
      vertex -8.99903 -10.7246 4
    endloop
  endfacet
  facet normal 0 0 1
    outer loop
      vertex -10 6 4
      vertex -5.2643 1.41056 4
      vertex -5.12132 1.86401 4
    endloop
  endfacet
  facet normal -0 0 1
    outer loop
      vertex -10 6 4
      vertex 0 5.45 4
      vertex 12.6449 6 4
    endloop
  endfacet
  facet normal 0 0 1
    outer loop
      vertex -10 6 4
      vertex -0.474998 5.42926 4
      vertex 0 5.45 4
    endloop
  endfacet
  facet normal 0 0 1
    outer loop
      vertex -10 6 4
      vertex -0.946383 5.3672 4
      vertex -0.474998 5.42926 4
    endloop
  endfacet
  facet normal 0 0 1
    outer loop
      vertex -10 6 4
      vertex -1.41056 5.2643 4
      vertex -0.946383 5.3672 4
    endloop
  endfacet
  facet normal 0 0 1
    outer loop
      vertex -10 6 4
      vertex -1.86401 5.12132 4
      vertex -1.41056 5.2643 4
    endloop
  endfacet
  facet normal 0 0 1
    outer loop
      vertex -10 6 4
      vertex -2.30327 4.93938 4
      vertex -1.86401 5.12132 4
    endloop
  endfacet
  facet normal 0 0 1
    outer loop
      vertex -10 6 4
      vertex -2.725 4.71984 4
      vertex -2.30327 4.93938 4
    endloop
  endfacet
  facet normal 0 0 1
    outer loop
      vertex -10 6 4
      vertex -3.12599 4.46438 4
      vertex -2.725 4.71984 4
    endloop
  endfacet
  facet normal 0 0 1
    outer loop
      vertex -10 6 4
      vertex -3.50319 4.17494 4
      vertex -3.12599 4.46438 4
    endloop
  endfacet
  facet normal 0 0 1
    outer loop
      vertex -10 6 4
      vertex -3.85373 3.85373 4
      vertex -3.50319 4.17494 4
    endloop
  endfacet
  facet normal 0 0 1
    outer loop
      vertex -10 6 4
      vertex -4.17494 3.50319 4
      vertex -3.85373 3.85373 4
    endloop
  endfacet
  facet normal 0 0 1
    outer loop
      vertex -10 6 4
      vertex -4.46438 3.12599 4
      vertex -4.17494 3.50319 4
    endloop
  endfacet
  facet normal 0 0 1
    outer loop
      vertex -10 6 4
      vertex -4.71984 2.725 4
      vertex -4.46438 3.12599 4
    endloop
  endfacet
  facet normal 0 0 1
    outer loop
      vertex -10 6 4
      vertex -4.93938 2.30327 4
      vertex -4.71984 2.725 4
    endloop
  endfacet
  facet normal 0 0 1
    outer loop
      vertex -10 6 4
      vertex -5.12132 1.86401 4
      vertex -4.93938 2.30327 4
    endloop
  endfacet
  facet normal 0 0 1
    outer loop
      vertex -5.3672 0.946383 4
      vertex -10 6 4
      vertex -13.7873 2.43107 4
    endloop
  endfacet
  facet normal -0 0 1
    outer loop
      vertex -11.4681 8.03007 4
      vertex -10 6 4
      vertex -10.7246 8.99903 4
    endloop
  endfacet
  facet normal 0 0 1
    outer loop
      vertex -4.46438 -3.12599 4
      vertex -10.7246 -8.99903 4
      vertex -9.89949 -9.89949 4
    endloop
  endfacet
  facet normal -0 0 1
    outer loop
      vertex -12.1244 7 4
      vertex -10 6 4
      vertex -11.4681 8.03007 4
    endloop
  endfacet
  facet normal 0 0 1
    outer loop
      vertex -4.46438 -3.12599 4
      vertex -11.4681 -8.03007 4
      vertex -10.7246 -8.99903 4
    endloop
  endfacet
  facet normal 0 0 1
    outer loop
      vertex -12.6883 5.91666 4
      vertex -10 6 4
      vertex -12.1244 7 4
    endloop
  endfacet
  facet normal 0 0 1
    outer loop
      vertex -4.71984 -2.725 4
      vertex -12.1244 -7 4
      vertex -11.4681 -8.03007 4
    endloop
  endfacet
  facet normal 0 0 1
    outer loop
      vertex -13.1557 4.78828 4
      vertex -10 6 4
      vertex -12.6883 5.91666 4
    endloop
  endfacet
  facet normal 0 0 1
    outer loop
      vertex -4.93938 -2.30327 4
      vertex -12.6883 -5.91666 4
      vertex -12.1244 -7 4
    endloop
  endfacet
  facet normal 0 0 1
    outer loop
      vertex -13.523 3.62347 4
      vertex -10 6 4
      vertex -13.1557 4.78828 4
    endloop
  endfacet
  facet normal 0 0 1
    outer loop
      vertex -5.12132 -1.86401 4
      vertex -13.1557 -4.78828 4
      vertex -12.6883 -5.91666 4
    endloop
  endfacet
  facet normal 0 0 1
    outer loop
      vertex -13.7873 2.43107 4
      vertex -10 6 4
      vertex -13.523 3.62347 4
    endloop
  endfacet
  facet normal 0 0 1
    outer loop
      vertex -5.2643 -1.41056 4
      vertex -13.523 -3.62347 4
      vertex -13.1557 -4.78828 4
    endloop
  endfacet
  facet normal 0 0 1
    outer loop
      vertex -5.3672 0.946383 4
      vertex -13.7873 2.43107 4
      vertex -13.9467 1.22018 4
    endloop
  endfacet
  facet normal 0 0 1
    outer loop
      vertex -5.3672 -0.946383 4
      vertex -13.7873 -2.43107 4
      vertex -13.523 -3.62347 4
    endloop
  endfacet
  facet normal 0 0 1
    outer loop
      vertex -5.42926 0.474998 4
      vertex -13.9467 1.22018 4
      vertex -14 0 4
    endloop
  endfacet
  facet normal 0 0 1
    outer loop
      vertex -5.42926 -0.474998 4
      vertex -13.9467 -1.22018 4
      vertex -13.7873 -2.43107 4
    endloop
  endfacet
  facet normal 0 0 1
    outer loop
      vertex -5.45 0 4
      vertex -14 0 4
      vertex -13.9467 -1.22018 4
    endloop
  endfacet
  facet normal 0 0 1
    outer loop
      vertex 13.1557 -4.78828 4
      vertex 5.12132 -1.86401 4
      vertex 12.6883 -5.91666 4
    endloop
  endfacet
  facet normal -0 0 1
    outer loop
      vertex 4.71984 -2.725 4
      vertex 12.1244 -7 4
      vertex 4.93938 -2.30327 4
    endloop
  endfacet
  facet normal 0 0 1
    outer loop
      vertex 11.4681 -8.03007 4
      vertex 4.46438 -3.12599 4
      vertex 10.7246 -8.99903 4
    endloop
  endfacet
  facet normal 0 0 1
    outer loop
      vertex 10.7246 -8.99903 4
      vertex 4.17494 -3.50319 4
      vertex 9.89949 -9.89949 4
    endloop
  endfacet
  facet normal -0 0 1
    outer loop
      vertex 3.85373 -3.85373 4
      vertex 9.89949 -9.89949 4
      vertex 4.17494 -3.50319 4
    endloop
  endfacet
  facet normal 0 0 1
    outer loop
      vertex 9.89949 -9.89949 4
      vertex 3.85373 -3.85373 4
      vertex 8.99903 -10.7246 4
    endloop
  endfacet
  facet normal -0 0 1
    outer loop
      vertex 3.50319 -4.17494 4
      vertex 8.99903 -10.7246 4
      vertex 3.85373 -3.85373 4
    endloop
  endfacet
  facet normal 0 0 1
    outer loop
      vertex 8.99903 -10.7246 4
      vertex 3.50319 -4.17494 4
      vertex 8.03007 -11.4681 4
    endloop
  endfacet
  facet normal -0 0 1
    outer loop
      vertex 3.12599 -4.46438 4
      vertex 8.03007 -11.4681 4
      vertex 3.50319 -4.17494 4
    endloop
  endfacet
  facet normal 0 0 1
    outer loop
      vertex 8.03007 -11.4681 4
      vertex 3.12599 -4.46438 4
      vertex 7 -12.1244 4
    endloop
  endfacet
  facet normal -0 0 1
    outer loop
      vertex 2.725 -4.71984 4
      vertex 7 -12.1244 4
      vertex 3.12599 -4.46438 4
    endloop
  endfacet
  facet normal 0 0 1
    outer loop
      vertex 7 -12.1244 4
      vertex 2.725 -4.71984 4
      vertex 5.91666 -12.6883 4
    endloop
  endfacet
  facet normal -0 0 1
    outer loop
      vertex 2.30327 -4.93938 4
      vertex 5.91666 -12.6883 4
      vertex 2.725 -4.71984 4
    endloop
  endfacet
  facet normal 0 0 1
    outer loop
      vertex 5.91666 -12.6883 4
      vertex 2.30327 -4.93938 4
      vertex 4.78828 -13.1557 4
    endloop
  endfacet
  facet normal -0 0 1
    outer loop
      vertex 1.86401 -5.12132 4
      vertex 4.78828 -13.1557 4
      vertex 2.30327 -4.93938 4
    endloop
  endfacet
  facet normal 0 0 1
    outer loop
      vertex 4.78828 -13.1557 4
      vertex 1.86401 -5.12132 4
      vertex 4.5 -13.2466 4
    endloop
  endfacet
  facet normal -0 0 1
    outer loop
      vertex 1.41056 -5.2643 4
      vertex 4.5 -13.2466 4
      vertex 1.86401 -5.12132 4
    endloop
  endfacet
  facet normal 0 0 1
    outer loop
      vertex 4.5 -13.2466 4
      vertex 1.7 -18 4
      vertex 4.5 -22.5 4
    endloop
  endfacet
  facet normal -0 0 1
    outer loop
      vertex 1.69353 -18.1482 4
      vertex 4.5 -22.5 4
      vertex 1.7 -18 4
    endloop
  endfacet
  facet normal -0 0 1
    outer loop
      vertex 1.67417 -18.2952 4
      vertex 4.5 -22.5 4
      vertex 1.69353 -18.1482 4
    endloop
  endfacet
  facet normal -0 0 1
    outer loop
      vertex 1.64207 -18.44 4
      vertex 4.5 -22.5 4
      vertex 1.67417 -18.2952 4
    endloop
  endfacet
  facet normal -0 0 1
    outer loop
      vertex 1.59748 -18.5814 4
      vertex 4.5 -22.5 4
      vertex 1.64207 -18.44 4
    endloop
  endfacet
  facet normal -0 0 1
    outer loop
      vertex 1.54072 -18.7185 4
      vertex 4.5 -22.5 4
      vertex 1.59748 -18.5814 4
    endloop
  endfacet
  facet normal -0 0 1
    outer loop
      vertex 1.47224 -18.85 4
      vertex 4.5 -22.5 4
      vertex 1.54072 -18.7185 4
    endloop
  endfacet
  facet normal -0 0 1
    outer loop
      vertex 1.39256 -18.9751 4
      vertex 4.5 -22.5 4
      vertex 1.47224 -18.85 4
    endloop
  endfacet
  facet normal -0 0 1
    outer loop
      vertex 1.30227 -19.0927 4
      vertex 4.5 -22.5 4
      vertex 1.39256 -18.9751 4
    endloop
  endfacet
  facet normal -0 0 1
    outer loop
      vertex 1.20208 -19.2021 4
      vertex 4.5 -22.5 4
      vertex 1.30227 -19.0927 4
    endloop
  endfacet
  facet normal -0 0 1
    outer loop
      vertex 1.09274 -19.3023 4
      vertex 4.5 -22.5 4
      vertex 1.20208 -19.2021 4
    endloop
  endfacet
  facet normal -0 0 1
    outer loop
      vertex 0.97508 -19.3926 4
      vertex 4.5 -22.5 4
      vertex 1.09274 -19.3023 4
    endloop
  endfacet
  facet normal -0 0 1
    outer loop
      vertex 0.849999 -19.4722 4
      vertex 4.5 -22.5 4
      vertex 0.97508 -19.3926 4
    endloop
  endfacet
  facet normal -0 0 1
    outer loop
      vertex 0.718451 -19.5407 4
      vertex 4.5 -22.5 4
      vertex 0.849999 -19.4722 4
    endloop
  endfacet
  facet normal -0 0 1
    outer loop
      vertex 0.581433 -19.5975 4
      vertex 4.5 -22.5 4
      vertex 0.718451 -19.5407 4
    endloop
  endfacet
  facet normal -0 0 1
    outer loop
      vertex 0.439992 -19.6421 4
      vertex 4.5 -22.5 4
      vertex 0.581433 -19.5975 4
    endloop
  endfacet
  facet normal -0 0 1
    outer loop
      vertex 0.295201 -19.6742 4
      vertex 4.5 -22.5 4
      vertex 0.439992 -19.6421 4
    endloop
  endfacet
  facet normal -0 0 1
    outer loop
      vertex 0.148165 -19.6935 4
      vertex 4.5 -22.5 4
      vertex 0.295201 -19.6742 4
    endloop
  endfacet
  facet normal -0 0 1
    outer loop
      vertex 0 -19.7 4
      vertex 4.5 -22.5 4
      vertex 0.148165 -19.6935 4
    endloop
  endfacet
  facet normal 0 0 1
    outer loop
      vertex -4.5 -22.5 4
      vertex 0 -19.7 4
      vertex -0.148165 -19.6935 4
    endloop
  endfacet
  facet normal 0 0 1
    outer loop
      vertex -4.5 -22.5 4
      vertex -0.148165 -19.6935 4
      vertex -0.295201 -19.6742 4
    endloop
  endfacet
  facet normal 0 0 1
    outer loop
      vertex -4.5 -22.5 4
      vertex -0.295201 -19.6742 4
      vertex -0.439992 -19.6421 4
    endloop
  endfacet
  facet normal 0 0 1
    outer loop
      vertex -4.5 -22.5 4
      vertex -0.439992 -19.6421 4
      vertex -0.581433 -19.5975 4
    endloop
  endfacet
  facet normal 0 0 1
    outer loop
      vertex -4.5 -22.5 4
      vertex -0.581433 -19.5975 4
      vertex -0.718451 -19.5407 4
    endloop
  endfacet
  facet normal 0 0 1
    outer loop
      vertex -4.5 -22.5 4
      vertex -0.718451 -19.5407 4
      vertex -0.849999 -19.4722 4
    endloop
  endfacet
  facet normal 0 0 1
    outer loop
      vertex -4.5 -13.2466 4
      vertex -1.86401 -5.12132 4
      vertex -2.30327 -4.93938 4
    endloop
  endfacet
  facet normal 0 0 1
    outer loop
      vertex -1.69353 -17.8518 4
      vertex -4.5 -13.2466 4
      vertex -1.7 -18 4
    endloop
  endfacet
  facet normal 0 0 1
    outer loop
      vertex -4.5 -13.2466 4
      vertex -2.30327 -4.93938 4
      vertex -2.725 -4.71984 4
    endloop
  endfacet
  facet normal 0 0 1
    outer loop
      vertex -4.5 -13.2466 4
      vertex -2.725 -4.71984 4
      vertex -3.12599 -4.46438 4
    endloop
  endfacet
  facet normal 0 0 1
    outer loop
      vertex -4.5 -13.2466 4
      vertex -3.12599 -4.46438 4
      vertex -3.50319 -4.17494 4
    endloop
  endfacet
  facet normal 0 0 1
    outer loop
      vertex -4.5 -13.2466 4
      vertex -3.50319 -4.17494 4
      vertex -3.85373 -3.85373 4
    endloop
  endfacet
  facet normal 0 0 1
    outer loop
      vertex -4.5 -22.5 4
      vertex -1.7 -18 4
      vertex -4.5 -13.2466 4
    endloop
  endfacet
  facet normal 0 0 1
    outer loop
      vertex -4.5 -13.2466 4
      vertex -3.85373 -3.85373 4
      vertex -4.17494 -3.50319 4
    endloop
  endfacet
  facet normal 0 0 1
    outer loop
      vertex -4.5 -13.2466 4
      vertex -4.17494 -3.50319 4
      vertex -4.46438 -3.12599 4
    endloop
  endfacet
  facet normal 0 0 1
    outer loop
      vertex -1.7 -18 4
      vertex -4.5 -22.5 4
      vertex -1.69353 -18.1482 4
    endloop
  endfacet
  facet normal 0 0 1
    outer loop
      vertex -1.69353 -18.1482 4
      vertex -4.5 -22.5 4
      vertex -1.67417 -18.2952 4
    endloop
  endfacet
  facet normal 0 0 1
    outer loop
      vertex -1.67417 -18.2952 4
      vertex -4.5 -22.5 4
      vertex -1.64207 -18.44 4
    endloop
  endfacet
  facet normal 0 0 1
    outer loop
      vertex -1.64207 -18.44 4
      vertex -4.5 -22.5 4
      vertex -1.59748 -18.5814 4
    endloop
  endfacet
  facet normal 0 0 1
    outer loop
      vertex -1.59748 -18.5814 4
      vertex -4.5 -22.5 4
      vertex -1.54072 -18.7185 4
    endloop
  endfacet
  facet normal 0 0 1
    outer loop
      vertex 0 -19.7 4
      vertex -4.5 -22.5 4
      vertex 4.5 -22.5 4
    endloop
  endfacet
  facet normal 0 0 1
    outer loop
      vertex -0.97508 -19.3926 4
      vertex -4.5 -22.5 4
      vertex -0.849999 -19.4722 4
    endloop
  endfacet
  facet normal 0 0 1
    outer loop
      vertex -1.09274 -19.3023 4
      vertex -4.5 -22.5 4
      vertex -0.97508 -19.3926 4
    endloop
  endfacet
  facet normal 0 0 1
    outer loop
      vertex -1.20208 -19.2021 4
      vertex -4.5 -22.5 4
      vertex -1.09274 -19.3023 4
    endloop
  endfacet
  facet normal 0 0 1
    outer loop
      vertex -1.30227 -19.0927 4
      vertex -4.5 -22.5 4
      vertex -1.20208 -19.2021 4
    endloop
  endfacet
  facet normal 0 0 1
    outer loop
      vertex -1.39256 -18.9751 4
      vertex -4.5 -22.5 4
      vertex -1.30227 -19.0927 4
    endloop
  endfacet
  facet normal 0 0 1
    outer loop
      vertex -1.47224 -18.85 4
      vertex -4.5 -22.5 4
      vertex -1.39256 -18.9751 4
    endloop
  endfacet
  facet normal 0 0 1
    outer loop
      vertex -1.54072 -18.7185 4
      vertex -4.5 -22.5 4
      vertex -1.47224 -18.85 4
    endloop
  endfacet
  facet normal 1 -0 0
    outer loop
      vertex 4.5 13.2466 4
      vertex 4.5 22.5 0
      vertex 4.5 22.5 4
    endloop
  endfacet
  facet normal 1 0 0
    outer loop
      vertex 4.5 22.5 0
      vertex 4.5 13.2466 4
      vertex 4.5 13.2466 0
    endloop
  endfacet
  facet normal 0 0 -1
    outer loop
      vertex 6.24192 -0.00384946 0
      vertex 14 0 0
      vertex 13.9467 -1.22018 0
    endloop
  endfacet
  facet normal 0 0 -1
    outer loop
      vertex 6.21833 -0.544033 0
      vertex 13.9467 -1.22018 0
      vertex 13.7873 -2.43107 0
    endloop
  endfacet
  facet normal -0 0 -1
    outer loop
      vertex 14 0 0
      vertex 6.24192 -0.00384946 0
      vertex 6.24208 0 0
    endloop
  endfacet
  facet normal 0 0 -1
    outer loop
      vertex 6.14642 -1.08769 0
      vertex 13.7873 -2.43107 0
      vertex 13.523 -3.62347 0
    endloop
  endfacet
  facet normal 0 0 -1
    outer loop
      vertex 6.24192 0.00384946 0
      vertex 14 0 0
      vertex 6.24208 0 0
    endloop
  endfacet
  facet normal 0 0 -1
    outer loop
      vertex 6.02939 -1.61557 0
      vertex 13.523 -3.62347 0
      vertex 13.1557 -4.78828 0
    endloop
  endfacet
  facet normal 0 0 -1
    outer loop
      vertex 14 0 0
      vertex 6.24192 0.00384946 0
      vertex 13.9467 1.22018 0
    endloop
  endfacet
  facet normal 0 0 -1
    outer loop
      vertex 5.86416 -2.13848 0
      vertex 13.1557 -4.78828 0
      vertex 12.6883 -5.91666 0
    endloop
  endfacet
  facet normal 0 0 -1
    outer loop
      vertex 6.21833 0.544033 0
      vertex 13.9467 1.22018 0
      vertex 6.24192 0.00384946 0
    endloop
  endfacet
  facet normal 0 0 -1
    outer loop
      vertex 6.14775 1.08011 0
      vertex 13.7873 2.43107 0
      vertex 6.21833 0.544033 0
    endloop
  endfacet
  facet normal 0 0 -1
    outer loop
      vertex 5.65725 -2.63802 0
      vertex 12.6883 -5.91666 0
      vertex 12.1244 -7 0
    endloop
  endfacet
  facet normal 0 0 -1
    outer loop
      vertex 11.5 9 0
      vertex 14 6 0
      vertex 12.6449 6 0
    endloop
  endfacet
  facet normal -0 0 -1
    outer loop
      vertex 13.9467 1.22018 0
      vertex 6.21833 0.544033 0
      vertex 13.7873 2.43107 0
    endloop
  endfacet
  facet normal 0 0 -1
    outer loop
      vertex 14 6 0
      vertex 11.5 9 0
      vertex 14 16 0
    endloop
  endfacet
  facet normal -0 0 -1
    outer loop
      vertex 14 16 0
      vertex 11.5 9 0
      vertex 11.5 16 0
    endloop
  endfacet
  facet normal -0 0 -1
    outer loop
      vertex -6.14642 -1.08769 0
      vertex -13.7873 -2.43107 0
      vertex -6.14725 -1.08393 0
    endloop
  endfacet
  facet normal 0 0 -1
    outer loop
      vertex -6.24192 0.00384946 0
      vertex -10.7246 8.99903 0
      vertex -10 9.78981 0
    endloop
  endfacet
  facet normal -0 0 -1
    outer loop
      vertex -6.14725 -1.08393 0
      vertex -13.7873 -2.43107 0
      vertex -6.14775 -1.08011 0
    endloop
  endfacet
  facet normal 0 0 -1
    outer loop
      vertex -6.24192 0.00384946 0
      vertex -11.4681 8.03007 0
      vertex -10.7246 8.99903 0
    endloop
  endfacet
  facet normal -0 0 -1
    outer loop
      vertex -6.14775 -1.08011 0
      vertex -13.7873 -2.43107 0
      vertex -6.21833 -0.544033 0
    endloop
  endfacet
  facet normal 0 0 -1
    outer loop
      vertex -6.24192 0.00384946 0
      vertex -12.1244 7 0
      vertex -11.4681 8.03007 0
    endloop
  endfacet
  facet normal 0 0 -1
    outer loop
      vertex -13.9467 -1.22018 0
      vertex -6.21833 -0.544033 0
      vertex -13.7873 -2.43107 0
    endloop
  endfacet
  facet normal 0 0 -1
    outer loop
      vertex -6.24192 0.00384946 0
      vertex -12.6883 5.91666 0
      vertex -12.1244 7 0
    endloop
  endfacet
  facet normal -0 0 -1
    outer loop
      vertex -6.21833 -0.544033 0
      vertex -13.9467 -1.22018 0
      vertex -6.24192 -0.00384946 0
    endloop
  endfacet
  facet normal 0 0 -1
    outer loop
      vertex -6.24192 0.00384946 0
      vertex -13.1557 4.78828 0
      vertex -12.6883 5.91666 0
    endloop
  endfacet
  facet normal 0 0 -1
    outer loop
      vertex -14 0 0
      vertex -6.24192 -0.00384946 0
      vertex -13.9467 -1.22018 0
    endloop
  endfacet
  facet normal 0 0 -1
    outer loop
      vertex -6.24192 0.00384946 0
      vertex -13.523 3.62347 0
      vertex -13.1557 4.78828 0
    endloop
  endfacet
  facet normal 0 0 -1
    outer loop
      vertex -6.24192 -0.00384946 0
      vertex -14 0 0
      vertex -6.24208 0 0
    endloop
  endfacet
  facet normal 0 0 -1
    outer loop
      vertex -6.24192 0.00384946 0
      vertex -13.7873 2.43107 0
      vertex -13.523 3.62347 0
    endloop
  endfacet
  facet normal 0 0 -1
    outer loop
      vertex -6.24208 0 0
      vertex -14 0 0
      vertex -6.24192 0.00384946 0
    endloop
  endfacet
  facet normal 0 0 -1
    outer loop
      vertex -6.24192 0.00384946 0
      vertex -13.9467 1.22018 0
      vertex -13.7873 2.43107 0
    endloop
  endfacet
  facet normal -0 0 -1
    outer loop
      vertex -6.24192 0.00384946 0
      vertex -14 0 0
      vertex -13.9467 1.22018 0
    endloop
  endfacet
  facet normal 0 0 -1
    outer loop
      vertex -10 9.78981 0
      vertex -4.41642 4.41098 0
      vertex -4.78171 4.01233 0
    endloop
  endfacet
  facet normal 0 0 -1
    outer loop
      vertex -4.41642 4.41098 0
      vertex -4.78828 13.1557 0
      vertex -4.5 13.2466 0
    endloop
  endfacet
  facet normal 0 0 -1
    outer loop
      vertex -10 9.78981 0
      vertex -4.78171 4.01233 0
      vertex -5.11087 3.58337 0
    endloop
  endfacet
  facet normal 0 0 -1
    outer loop
      vertex -10 9.78981 0
      vertex -5.11087 3.58337 0
      vertex -5.11321 3.58031 0
    endloop
  endfacet
  facet normal 0 0 -1
    outer loop
      vertex -10 9.78981 0
      vertex -5.11321 3.58031 0
      vertex -5.40373 3.12429 0
    endloop
  endfacet
  facet normal 0 0 -1
    outer loop
      vertex -10 9.78981 0
      vertex -5.40373 3.12429 0
      vertex -5.4058 3.12104 0
    endloop
  endfacet
  facet normal 0 0 -1
    outer loop
      vertex -10 9.78981 0
      vertex -5.4058 3.12104 0
      vertex -5.40758 3.11762 0
    endloop
  endfacet
  facet normal 0 0 -1
    outer loop
      vertex -10 9.78981 0
      vertex -5.40758 3.11762 0
      vertex -5.65725 2.63802 0
    endloop
  endfacet
  facet normal 0 0 -1
    outer loop
      vertex -10 9.78981 0
      vertex -5.65725 2.63802 0
      vertex -5.86416 2.13848 0
    endloop
  endfacet
  facet normal 0 0 -1
    outer loop
      vertex -10 9.78981 0
      vertex -5.86416 2.13848 0
      vertex -5.86564 2.13492 0
    endloop
  endfacet
  facet normal 0 0 -1
    outer loop
      vertex -10 9.78981 0
      vertex -5.86564 2.13492 0
      vertex -5.8668 2.13124 0
    endloop
  endfacet
  facet normal 0 0 -1
    outer loop
      vertex -4.41642 4.41098 0
      vertex -5.91666 12.6883 0
      vertex -4.78828 13.1557 0
    endloop
  endfacet
  facet normal 0 0 -1
    outer loop
      vertex -10 9.78981 0
      vertex -5.8668 2.13124 0
      vertex -6.02939 1.61557 0
    endloop
  endfacet
  facet normal 0 0 -1
    outer loop
      vertex -10 9.78981 0
      vertex -6.02939 1.61557 0
      vertex -6.14642 1.08769 0
    endloop
  endfacet
  facet normal 0 0 -1
    outer loop
      vertex -10 9.78981 0
      vertex -6.14642 1.08769 0
      vertex -6.14725 1.08393 0
    endloop
  endfacet
  facet normal 0 0 -1
    outer loop
      vertex -10 9.78981 0
      vertex -6.14725 1.08393 0
      vertex -6.14775 1.08011 0
    endloop
  endfacet
  facet normal 0 0 -1
    outer loop
      vertex -10 9.78981 0
      vertex -6.14775 1.08011 0
      vertex -6.21833 0.544033 0
    endloop
  endfacet
  facet normal 0 0 -1
    outer loop
      vertex -10 9.78981 0
      vertex -6.21833 0.544033 0
      vertex -6.24192 0.00384946 0
    endloop
  endfacet
  facet normal 0 0 -1
    outer loop
      vertex -13.7873 -2.43107 0
      vertex -6.14642 -1.08769 0
      vertex -13.523 -3.62347 0
    endloop
  endfacet
  facet normal -0 0 -1
    outer loop
      vertex -5.86564 -2.13492 0
      vertex -13.1557 -4.78828 0
      vertex -5.8668 -2.13124 0
    endloop
  endfacet
  facet normal 0 0 -1
    outer loop
      vertex -4.41642 4.41098 0
      vertex -7.5 11.8058 0
      vertex -7 12.1244 0
    endloop
  endfacet
  facet normal 0 0 -1
    outer loop
      vertex -4.41642 4.41098 0
      vertex -7 12.1244 0
      vertex -5.91666 12.6883 0
    endloop
  endfacet
  facet normal -0 0 -1
    outer loop
      vertex -5.8668 -2.13124 0
      vertex -13.1557 -4.78828 0
      vertex -6.02939 -1.61557 0
    endloop
  endfacet
  facet normal 0 0 -1
    outer loop
      vertex -4.41642 4.41098 0
      vertex -10 9.78981 0
      vertex -7.5 11.8058 0
    endloop
  endfacet
  facet normal 0 0 -1
    outer loop
      vertex -13.523 -3.62347 0
      vertex -6.02939 -1.61557 0
      vertex -13.1557 -4.78828 0
    endloop
  endfacet
  facet normal -0 0 -1
    outer loop
      vertex -6.02939 -1.61557 0
      vertex -13.523 -3.62347 0
      vertex -6.14642 -1.08769 0
    endloop
  endfacet
  facet normal 0 0 -1
    outer loop
      vertex -10 16 0
      vertex -7.5 11.8058 0
      vertex -10 9.78981 0
    endloop
  endfacet
  facet normal 0 0 -1
    outer loop
      vertex -7.5 11.8058 0
      vertex -10 16 0
      vertex -7.5 16 0
    endloop
  endfacet
  facet normal 0 0 -1
    outer loop
      vertex 4.5 13.2466 0
      vertex 1.69353 17.8518 0
      vertex 1.7 18 0
    endloop
  endfacet
  facet normal 0 0 -1
    outer loop
      vertex 4.5 13.2466 0
      vertex 1.67417 17.7048 0
      vertex 1.69353 17.8518 0
    endloop
  endfacet
  facet normal 0 0 -1
    outer loop
      vertex 4.5 13.2466 0
      vertex 1.64207 17.56 0
      vertex 1.67417 17.7048 0
    endloop
  endfacet
  facet normal 0 0 -1
    outer loop
      vertex 1.08769 6.14642 0
      vertex 4.5 13.2466 0
      vertex 1.61557 6.02939 0
    endloop
  endfacet
  facet normal 0 0 -1
    outer loop
      vertex 4.5 13.2466 0
      vertex 1.59748 17.4186 0
      vertex 1.64207 17.56 0
    endloop
  endfacet
  facet normal 0 0 -1
    outer loop
      vertex 4.5 13.2466 0
      vertex 1.54072 17.2815 0
      vertex 1.59748 17.4186 0
    endloop
  endfacet
  facet normal 0 0 -1
    outer loop
      vertex 4.5 13.2466 0
      vertex 1.47224 17.15 0
      vertex 1.54072 17.2815 0
    endloop
  endfacet
  facet normal 0 0 -1
    outer loop
      vertex 4.5 13.2466 0
      vertex 1.39256 17.0249 0
      vertex 1.47224 17.15 0
    endloop
  endfacet
  facet normal 0 0 -1
    outer loop
      vertex 4.5 13.2466 0
      vertex 1.30227 16.9073 0
      vertex 1.39256 17.0249 0
    endloop
  endfacet
  facet normal 0 0 -1
    outer loop
      vertex 4.5 13.2466 0
      vertex 1.20208 16.7979 0
      vertex 1.30227 16.9073 0
    endloop
  endfacet
  facet normal 0 0 -1
    outer loop
      vertex 4.5 13.2466 0
      vertex 1.09274 16.6977 0
      vertex 1.20208 16.7979 0
    endloop
  endfacet
  facet normal 0 0 -1
    outer loop
      vertex 1.08393 6.14725 0
      vertex 4.5 13.2466 0
      vertex 1.08769 6.14642 0
    endloop
  endfacet
  facet normal 0 0 -1
    outer loop
      vertex 1.08011 6.14775 0
      vertex 4.5 13.2466 0
      vertex 1.08393 6.14725 0
    endloop
  endfacet
  facet normal 0 0 -1
    outer loop
      vertex 0.544033 6.21833 0
      vertex 4.5 13.2466 0
      vertex 1.08011 6.14775 0
    endloop
  endfacet
  facet normal 0 0 -1
    outer loop
      vertex 4.5 13.2466 0
      vertex 0.97508 16.6074 0
      vertex 1.09274 16.6977 0
    endloop
  endfacet
  facet normal 0 0 -1
    outer loop
      vertex 4.5 13.2466 0
      vertex 0.849999 16.5278 0
      vertex 0.97508 16.6074 0
    endloop
  endfacet
  facet normal 0 0 -1
    outer loop
      vertex 4.5 13.2466 0
      vertex 0.718451 16.4593 0
      vertex 0.849999 16.5278 0
    endloop
  endfacet
  facet normal 0 0 -1
    outer loop
      vertex 4.5 13.2466 0
      vertex 0.581433 16.4025 0
      vertex 0.718451 16.4593 0
    endloop
  endfacet
  facet normal 0 0 -1
    outer loop
      vertex 0.00384946 6.24192 0
      vertex 4.5 13.2466 0
      vertex 0.544033 6.21833 0
    endloop
  endfacet
  facet normal 0 0 -1
    outer loop
      vertex 4.5 13.2466 0
      vertex 0.439992 16.3579 0
      vertex 0.581433 16.4025 0
    endloop
  endfacet
  facet normal 0 0 -1
    outer loop
      vertex 4.5 13.2466 0
      vertex 0.295201 16.3258 0
      vertex 0.439992 16.3579 0
    endloop
  endfacet
  facet normal 0 0 -1
    outer loop
      vertex 4.5 13.2466 0
      vertex 0.148165 16.3065 0
      vertex 0.295201 16.3258 0
    endloop
  endfacet
  facet normal 0 0 -1
    outer loop
      vertex 0 6.24208 0
      vertex 4.5 13.2466 0
      vertex 0.00384946 6.24192 0
    endloop
  endfacet
  facet normal 0 0 -1
    outer loop
      vertex -4.5 13.2466 0
      vertex 4.5 13.2466 0
      vertex 0 6.24208 0
    endloop
  endfacet
  facet normal 0 0 -1
    outer loop
      vertex 4.5 13.2466 0
      vertex 0 16.3 0
      vertex 0.148165 16.3065 0
    endloop
  endfacet
  facet normal 0 0 -1
    outer loop
      vertex -4.5 13.2466 0
      vertex 0 6.24208 0
      vertex -0.00384946 6.24192 0
    endloop
  endfacet
  facet normal 0 0 -1
    outer loop
      vertex 4.5 13.2466 0
      vertex -4.5 13.2466 0
      vertex 0 16.3 0
    endloop
  endfacet
  facet normal -0 0 -1
    outer loop
      vertex 0 16.3 0
      vertex -4.5 13.2466 0
      vertex -0.148165 16.3065 0
    endloop
  endfacet
  facet normal -0 0 -1
    outer loop
      vertex -0.148165 16.3065 0
      vertex -4.5 13.2466 0
      vertex -0.295201 16.3258 0
    endloop
  endfacet
  facet normal 0 0 -1
    outer loop
      vertex -4.5 13.2466 0
      vertex -0.00384946 6.24192 0
      vertex -0.544033 6.21833 0
    endloop
  endfacet
  facet normal -0 0 -1
    outer loop
      vertex -0.295201 16.3258 0
      vertex -4.5 13.2466 0
      vertex -0.439992 16.3579 0
    endloop
  endfacet
  facet normal -0 0 -1
    outer loop
      vertex -0.439992 16.3579 0
      vertex -4.5 13.2466 0
      vertex -0.581433 16.4025 0
    endloop
  endfacet
  facet normal -0 0 -1
    outer loop
      vertex -0.581433 16.4025 0
      vertex -4.5 13.2466 0
      vertex -0.718451 16.4593 0
    endloop
  endfacet
  facet normal -0 0 -1
    outer loop
      vertex -0.718451 16.4593 0
      vertex -4.5 13.2466 0
      vertex -0.849999 16.5278 0
    endloop
  endfacet
  facet normal 0 0 -1
    outer loop
      vertex -4.5 13.2466 0
      vertex -0.544033 6.21833 0
      vertex -1.08011 6.14775 0
    endloop
  endfacet
  facet normal 0 0 -1
    outer loop
      vertex -4.5 13.2466 0
      vertex -1.08011 6.14775 0
      vertex -1.08393 6.14725 0
    endloop
  endfacet
  facet normal 0 0 -1
    outer loop
      vertex -4.5 13.2466 0
      vertex -1.08393 6.14725 0
      vertex -1.08769 6.14642 0
    endloop
  endfacet
  facet normal -0 0 -1
    outer loop
      vertex -0.849999 16.5278 0
      vertex -4.5 13.2466 0
      vertex -0.97508 16.6074 0
    endloop
  endfacet
  facet normal -0 0 -1
    outer loop
      vertex -0.97508 16.6074 0
      vertex -4.5 13.2466 0
      vertex -1.09274 16.6977 0
    endloop
  endfacet
  facet normal -0 0 -1
    outer loop
      vertex -1.09274 16.6977 0
      vertex -4.5 13.2466 0
      vertex -1.20208 16.7979 0
    endloop
  endfacet
  facet normal -0 0 -1
    outer loop
      vertex -1.20208 16.7979 0
      vertex -4.5 13.2466 0
      vertex -1.30227 16.9073 0
    endloop
  endfacet
  facet normal -0 0 -1
    outer loop
      vertex -1.30227 16.9073 0
      vertex -4.5 13.2466 0
      vertex -1.39256 17.0249 0
    endloop
  endfacet
  facet normal -0 0 -1
    outer loop
      vertex -1.39256 17.0249 0
      vertex -4.5 13.2466 0
      vertex -1.47224 17.15 0
    endloop
  endfacet
  facet normal -0 0 -1
    outer loop
      vertex -1.47224 17.15 0
      vertex -4.5 13.2466 0
      vertex -1.54072 17.2815 0
    endloop
  endfacet
  facet normal 0 0 -1
    outer loop
      vertex -4.5 13.2466 0
      vertex -1.08769 6.14642 0
      vertex -1.61557 6.02939 0
    endloop
  endfacet
  facet normal -0 0 -1
    outer loop
      vertex -1.54072 17.2815 0
      vertex -4.5 13.2466 0
      vertex -1.59748 17.4186 0
    endloop
  endfacet
  facet normal -0 0 -1
    outer loop
      vertex -1.59748 17.4186 0
      vertex -4.5 13.2466 0
      vertex -1.64207 17.56 0
    endloop
  endfacet
  facet normal -0 0 -1
    outer loop
      vertex -1.64207 17.56 0
      vertex -4.5 13.2466 0
      vertex -1.67417 17.7048 0
    endloop
  endfacet
  facet normal -0 0 -1
    outer loop
      vertex -1.67417 17.7048 0
      vertex -4.5 13.2466 0
      vertex -1.69353 17.8518 0
    endloop
  endfacet
  facet normal 0 0 -1
    outer loop
      vertex -4.5 13.2466 0
      vertex -1.61557 6.02939 0
      vertex -2.13124 5.8668 0
    endloop
  endfacet
  facet normal 0 0 -1
    outer loop
      vertex 1.7 -18 0
      vertex 4.5 -13.2466 0
      vertex 4.5 -22.5 0
    endloop
  endfacet
  facet normal 0 0 -1
    outer loop
      vertex 1.54072 -17.2815 0
      vertex 4.5 -13.2466 0
      vertex 1.59748 -17.4186 0
    endloop
  endfacet
  facet normal 0 0 -1
    outer loop
      vertex 4.5 -13.2466 0
      vertex 4.41382 -4.41382 0
      vertex 4.41642 -4.41098 0
    endloop
  endfacet
  facet normal 0 0 -1
    outer loop
      vertex 4.5 -13.2466 0
      vertex 4.41098 -4.41642 0
      vertex 4.41382 -4.41382 0
    endloop
  endfacet
  facet normal 0 0 -1
    outer loop
      vertex 1.47224 -17.15 0
      vertex 4.5 -13.2466 0
      vertex 1.54072 -17.2815 0
    endloop
  endfacet
  facet normal 0 0 -1
    outer loop
      vertex 4.5 -13.2466 0
      vertex 4.01233 -4.78171 0
      vertex 4.41098 -4.41642 0
    endloop
  endfacet
  facet normal 0 0 -1
    outer loop
      vertex 1.39256 -17.0249 0
      vertex 4.5 -13.2466 0
      vertex 1.47224 -17.15 0
    endloop
  endfacet
  facet normal 0 0 -1
    outer loop
      vertex 4.5 -13.2466 0
      vertex 3.58337 -5.11087 0
      vertex 4.01233 -4.78171 0
    endloop
  endfacet
  facet normal 0 0 -1
    outer loop
      vertex 4.5 -13.2466 0
      vertex 3.58031 -5.11321 0
      vertex 3.58337 -5.11087 0
    endloop
  endfacet
  facet normal 0 0 -1
    outer loop
      vertex 1.30227 -16.9073 0
      vertex 4.5 -13.2466 0
      vertex 1.39256 -17.0249 0
    endloop
  endfacet
  facet normal 0 0 -1
    outer loop
      vertex 1.20208 -16.7979 0
      vertex 4.5 -13.2466 0
      vertex 1.30227 -16.9073 0
    endloop
  endfacet
  facet normal 0 0 -1
    outer loop
      vertex 4.5 -13.2466 0
      vertex 3.12429 -5.40373 0
      vertex 3.58031 -5.11321 0
    endloop
  endfacet
  facet normal 0 0 -1
    outer loop
      vertex 4.5 -13.2466 0
      vertex 3.12104 -5.4058 0
      vertex 3.12429 -5.40373 0
    endloop
  endfacet
  facet normal 0 0 -1
    outer loop
      vertex 4.5 -13.2466 0
      vertex 1.7 -18 0
      vertex 1.69353 -17.8518 0
    endloop
  endfacet
  facet normal 0 0 -1
    outer loop
      vertex 4.5 -22.5 0
      vertex 1.69353 -18.1482 0
      vertex 1.7 -18 0
    endloop
  endfacet
  facet normal 0 0 -1
    outer loop
      vertex 4.5 -22.5 0
      vertex 1.67417 -18.2952 0
      vertex 1.69353 -18.1482 0
    endloop
  endfacet
  facet normal 0 0 -1
    outer loop
      vertex 4.5 -22.5 0
      vertex 1.64207 -18.44 0
      vertex 1.67417 -18.2952 0
    endloop
  endfacet
  facet normal 0 0 -1
    outer loop
      vertex 4.5 -22.5 0
      vertex 1.59748 -18.5814 0
      vertex 1.64207 -18.44 0
    endloop
  endfacet
  facet normal 0 0 -1
    outer loop
      vertex 4.5 -22.5 0
      vertex 1.54072 -18.7185 0
      vertex 1.59748 -18.5814 0
    endloop
  endfacet
  facet normal 0 0 -1
    outer loop
      vertex 4.5 -22.5 0
      vertex 1.47224 -18.85 0
      vertex 1.54072 -18.7185 0
    endloop
  endfacet
  facet normal 0 0 -1
    outer loop
      vertex 4.5 -22.5 0
      vertex 1.39256 -18.9751 0
      vertex 1.47224 -18.85 0
    endloop
  endfacet
  facet normal 0 0 -1
    outer loop
      vertex 4.5 -22.5 0
      vertex 1.30227 -19.0927 0
      vertex 1.39256 -18.9751 0
    endloop
  endfacet
  facet normal 0 0 -1
    outer loop
      vertex 4.5 -22.5 0
      vertex 1.20208 -19.2021 0
      vertex 1.30227 -19.0927 0
    endloop
  endfacet
  facet normal 0 0 -1
    outer loop
      vertex 4.5 -22.5 0
      vertex 1.09274 -19.3023 0
      vertex 1.20208 -19.2021 0
    endloop
  endfacet
  facet normal 0 0 -1
    outer loop
      vertex 4.5 -22.5 0
      vertex 0.97508 -19.3926 0
      vertex 1.09274 -19.3023 0
    endloop
  endfacet
  facet normal 0 0 -1
    outer loop
      vertex 4.5 -22.5 0
      vertex 0.849999 -19.4722 0
      vertex 0.97508 -19.3926 0
    endloop
  endfacet
  facet normal 0 0 -1
    outer loop
      vertex 4.5 -22.5 0
      vertex 0.718451 -19.5407 0
      vertex 0.849999 -19.4722 0
    endloop
  endfacet
  facet normal 0 0 -1
    outer loop
      vertex 4.5 -22.5 0
      vertex 0.581433 -19.5975 0
      vertex 0.718451 -19.5407 0
    endloop
  endfacet
  facet normal 0 0 -1
    outer loop
      vertex 4.5 -22.5 0
      vertex 0.439992 -19.6421 0
      vertex 0.581433 -19.5975 0
    endloop
  endfacet
  facet normal 0 0 -1
    outer loop
      vertex 4.5 -22.5 0
      vertex 0.295201 -19.6742 0
      vertex 0.439992 -19.6421 0
    endloop
  endfacet
  facet normal 0 0 -1
    outer loop
      vertex 4.5 -22.5 0
      vertex 0.148165 -19.6935 0
      vertex 0.295201 -19.6742 0
    endloop
  endfacet
  facet normal 0 0 -1
    outer loop
      vertex 4.5 -22.5 0
      vertex 0 -19.7 0
      vertex 0.148165 -19.6935 0
    endloop
  endfacet
  facet normal 0 0 -1
    outer loop
      vertex -4.5 -22.5 0
      vertex 0 -19.7 0
      vertex 4.5 -22.5 0
    endloop
  endfacet
  facet normal -0 0 -1
    outer loop
      vertex 0 -19.7 0
      vertex -4.5 -22.5 0
      vertex -0.148165 -19.6935 0
    endloop
  endfacet
  facet normal -0 0 -1
    outer loop
      vertex -0.148165 -19.6935 0
      vertex -4.5 -22.5 0
      vertex -0.295201 -19.6742 0
    endloop
  endfacet
  facet normal -0 0 -1
    outer loop
      vertex -0.295201 -19.6742 0
      vertex -4.5 -22.5 0
      vertex -0.439992 -19.6421 0
    endloop
  endfacet
  facet normal -0 0 -1
    outer loop
      vertex -0.439992 -19.6421 0
      vertex -4.5 -22.5 0
      vertex -0.581433 -19.5975 0
    endloop
  endfacet
  facet normal -0 0 -1
    outer loop
      vertex -0.581433 -19.5975 0
      vertex -4.5 -22.5 0
      vertex -0.718451 -19.5407 0
    endloop
  endfacet
  facet normal 0 0 -1
    outer loop
      vertex -0.849999 -16.5278 0
      vertex -2.13492 -5.86564 0
      vertex -2.13124 -5.8668 0
    endloop
  endfacet
  facet normal 0 0 -1
    outer loop
      vertex -1.69353 -17.8518 0
      vertex -4.5 -13.2466 0
      vertex -2.13492 -5.86564 0
    endloop
  endfacet
  facet normal 0 0 -1
    outer loop
      vertex -4.78828 -13.1557 0
      vertex -2.13492 -5.86564 0
      vertex -4.5 -13.2466 0
    endloop
  endfacet
  facet normal 0 0 -1
    outer loop
      vertex -4.5 -22.5 0
      vertex -1.7 -18 0
      vertex -1.69353 -18.1482 0
    endloop
  endfacet
  facet normal -0 0 -1
    outer loop
      vertex -2.13492 -5.86564 0
      vertex -4.78828 -13.1557 0
      vertex -2.13848 -5.86416 0
    endloop
  endfacet
  facet normal -0 0 -1
    outer loop
      vertex -2.13848 -5.86416 0
      vertex -4.78828 -13.1557 0
      vertex -2.63802 -5.65725 0
    endloop
  endfacet
  facet normal 0 0 -1
    outer loop
      vertex -5.91666 -12.6883 0
      vertex -2.63802 -5.65725 0
      vertex -4.78828 -13.1557 0
    endloop
  endfacet
  facet normal -0 0 -1
    outer loop
      vertex -2.63802 -5.65725 0
      vertex -5.91666 -12.6883 0
      vertex -3.11762 -5.40758 0
    endloop
  endfacet
  facet normal 0 0 -1
    outer loop
      vertex -4.5 -22.5 0
      vertex -1.69353 -18.1482 0
      vertex -1.67417 -18.2952 0
    endloop
  endfacet
  facet normal 0 0 -1
    outer loop
      vertex -7 -12.1244 0
      vertex -3.11762 -5.40758 0
      vertex -5.91666 -12.6883 0
    endloop
  endfacet
  facet normal -0 0 -1
    outer loop
      vertex -3.11762 -5.40758 0
      vertex -7 -12.1244 0
      vertex -3.12104 -5.4058 0
    endloop
  endfacet
  facet normal -0 0 -1
    outer loop
      vertex -3.12104 -5.4058 0
      vertex -7 -12.1244 0
      vertex -3.12429 -5.40373 0
    endloop
  endfacet
  facet normal -0 0 -1
    outer loop
      vertex -3.12429 -5.40373 0
      vertex -7 -12.1244 0
      vertex -3.58031 -5.11321 0
    endloop
  endfacet
  facet normal 0 0 -1
    outer loop
      vertex -8.03007 -11.4681 0
      vertex -3.58031 -5.11321 0
      vertex -7 -12.1244 0
    endloop
  endfacet
  facet normal -0 0 -1
    outer loop
      vertex -0.718451 -19.5407 0
      vertex -4.5 -22.5 0
      vertex -0.849999 -19.4722 0
    endloop
  endfacet
  facet normal 0 0 -1
    outer loop
      vertex -4.5 -22.5 0
      vertex -0.97508 -19.3926 0
      vertex -0.849999 -19.4722 0
    endloop
  endfacet
  facet normal 0 0 -1
    outer loop
      vertex -4.5 -22.5 0
      vertex -1.09274 -19.3023 0
      vertex -0.97508 -19.3926 0
    endloop
  endfacet
  facet normal 0 0 -1
    outer loop
      vertex -4.5 -22.5 0
      vertex -1.20208 -19.2021 0
      vertex -1.09274 -19.3023 0
    endloop
  endfacet
  facet normal 0 0 -1
    outer loop
      vertex -4.5 -22.5 0
      vertex -1.30227 -19.0927 0
      vertex -1.20208 -19.2021 0
    endloop
  endfacet
  facet normal 0 0 -1
    outer loop
      vertex -4.5 -22.5 0
      vertex -1.39256 -18.9751 0
      vertex -1.30227 -19.0927 0
    endloop
  endfacet
  facet normal 0 0 -1
    outer loop
      vertex -4.5 -22.5 0
      vertex -1.47224 -18.85 0
      vertex -1.39256 -18.9751 0
    endloop
  endfacet
  facet normal 0 0 -1
    outer loop
      vertex -4.5 -22.5 0
      vertex -1.54072 -18.7185 0
      vertex -1.47224 -18.85 0
    endloop
  endfacet
  facet normal 0 0 -1
    outer loop
      vertex -4.5 -22.5 0
      vertex -1.59748 -18.5814 0
      vertex -1.54072 -18.7185 0
    endloop
  endfacet
  facet normal 0 0 -1
    outer loop
      vertex -4.5 -22.5 0
      vertex -1.64207 -18.44 0
      vertex -1.59748 -18.5814 0
    endloop
  endfacet
  facet normal 0 0 -1
    outer loop
      vertex -4.5 -22.5 0
      vertex -1.67417 -18.2952 0
      vertex -1.64207 -18.44 0
    endloop
  endfacet
  facet normal -0 0 -1
    outer loop
      vertex -1.7 -18 0
      vertex -4.5 -22.5 0
      vertex -4.5 -13.2466 0
    endloop
  endfacet
  facet normal -0 0 -1
    outer loop
      vertex -3.58031 -5.11321 0
      vertex -8.03007 -11.4681 0
      vertex -3.58337 -5.11087 0
    endloop
  endfacet
  facet normal -0 0 -1
    outer loop
      vertex -3.58337 -5.11087 0
      vertex -8.03007 -11.4681 0
      vertex -4.01233 -4.78171 0
    endloop
  endfacet
  facet normal 0 0 -1
    outer loop
      vertex -8.99903 -10.7246 0
      vertex -4.01233 -4.78171 0
      vertex -8.03007 -11.4681 0
    endloop
  endfacet
  facet normal -0 0 -1
    outer loop
      vertex -4.01233 -4.78171 0
      vertex -8.99903 -10.7246 0
      vertex -4.41098 -4.41642 0
    endloop
  endfacet
  facet normal 0 0 -1
    outer loop
      vertex -9.89949 -9.89949 0
      vertex -4.41098 -4.41642 0
      vertex -8.99903 -10.7246 0
    endloop
  endfacet
  facet normal -0 0 -1
    outer loop
      vertex -4.41098 -4.41642 0
      vertex -9.89949 -9.89949 0
      vertex -4.41382 -4.41382 0
    endloop
  endfacet
  facet normal -0 0 -1
    outer loop
      vertex -4.41382 -4.41382 0
      vertex -9.89949 -9.89949 0
      vertex -4.41642 -4.41098 0
    endloop
  endfacet
  facet normal -0 0 -1
    outer loop
      vertex -4.41642 -4.41098 0
      vertex -9.89949 -9.89949 0
      vertex -4.78171 -4.01233 0
    endloop
  endfacet
  facet normal 0 0 -1
    outer loop
      vertex -10.7246 -8.99903 0
      vertex -4.78171 -4.01233 0
      vertex -9.89949 -9.89949 0
    endloop
  endfacet
  facet normal -0 0 -1
    outer loop
      vertex -4.78171 -4.01233 0
      vertex -10.7246 -8.99903 0
      vertex -5.11087 -3.58337 0
    endloop
  endfacet
  facet normal 0 0 -1
    outer loop
      vertex -11.4681 -8.03007 0
      vertex -5.11087 -3.58337 0
      vertex -10.7246 -8.99903 0
    endloop
  endfacet
  facet normal -0 0 -1
    outer loop
      vertex -5.11087 -3.58337 0
      vertex -11.4681 -8.03007 0
      vertex -5.11321 -3.58031 0
    endloop
  endfacet
  facet normal -0 0 -1
    outer loop
      vertex -5.11321 -3.58031 0
      vertex -11.4681 -8.03007 0
      vertex -5.40373 -3.12429 0
    endloop
  endfacet
  facet normal 0 0 -1
    outer loop
      vertex -12.1244 -7 0
      vertex -5.40373 -3.12429 0
      vertex -11.4681 -8.03007 0
    endloop
  endfacet
  facet normal -0 0 -1
    outer loop
      vertex -5.40373 -3.12429 0
      vertex -12.1244 -7 0
      vertex -5.4058 -3.12104 0
    endloop
  endfacet
  facet normal -0 0 -1
    outer loop
      vertex -5.4058 -3.12104 0
      vertex -12.1244 -7 0
      vertex -5.40758 -3.11762 0
    endloop
  endfacet
  facet normal -0 0 -1
    outer loop
      vertex -5.40758 -3.11762 0
      vertex -12.1244 -7 0
      vertex -5.65725 -2.63802 0
    endloop
  endfacet
  facet normal 0 0 -1
    outer loop
      vertex -12.6883 -5.91666 0
      vertex -5.65725 -2.63802 0
      vertex -12.1244 -7 0
    endloop
  endfacet
  facet normal -0 0 -1
    outer loop
      vertex -5.65725 -2.63802 0
      vertex -12.6883 -5.91666 0
      vertex -5.86416 -2.13848 0
    endloop
  endfacet
  facet normal 0 0 -1
    outer loop
      vertex -13.1557 -4.78828 0
      vertex -5.86416 -2.13848 0
      vertex -12.6883 -5.91666 0
    endloop
  endfacet
  facet normal -0 0 -1
    outer loop
      vertex -5.86416 -2.13848 0
      vertex -13.1557 -4.78828 0
      vertex -5.86564 -2.13492 0
    endloop
  endfacet
  facet normal 0 0 -1
    outer loop
      vertex 5.40373 -3.12429 0
      vertex 12.1244 -7 0
      vertex 11.4681 -8.03007 0
    endloop
  endfacet
  facet normal 0 0 -1
    outer loop
      vertex 5.11087 -3.58337 0
      vertex 11.4681 -8.03007 0
      vertex 10.7246 -8.99903 0
    endloop
  endfacet
  facet normal 0 0 -1
    outer loop
      vertex 6.14642 1.08769 0
      vertex 13.7873 2.43107 0
      vertex 6.14725 1.08393 0
    endloop
  endfacet
  facet normal 0 0 -1
    outer loop
      vertex 4.78171 -4.01233 0
      vertex 10.7246 -8.99903 0
      vertex 9.89949 -9.89949 0
    endloop
  endfacet
  facet normal 0 0 -1
    outer loop
      vertex 6.14725 1.08393 0
      vertex 13.7873 2.43107 0
      vertex 6.14775 1.08011 0
    endloop
  endfacet
  facet normal 0 0 -1
    outer loop
      vertex 4.41642 -4.41098 0
      vertex 9.89949 -9.89949 0
      vertex 8.99903 -10.7246 0
    endloop
  endfacet
  facet normal -0 0 -1
    outer loop
      vertex 13.7873 2.43107 0
      vertex 6.14642 1.08769 0
      vertex 13.523 3.62347 0
    endloop
  endfacet
  facet normal 0 0 -1
    outer loop
      vertex 4.41642 -4.41098 0
      vertex 8.99903 -10.7246 0
      vertex 8.03007 -11.4681 0
    endloop
  endfacet
  facet normal -0 0 -1
    outer loop
      vertex 13.523 3.62347 0
      vertex 6.02939 1.61557 0
      vertex 13.1557 4.78828 0
    endloop
  endfacet
  facet normal 0 0 -1
    outer loop
      vertex 4.41642 -4.41098 0
      vertex 8.03007 -11.4681 0
      vertex 7 -12.1244 0
    endloop
  endfacet
  facet normal 0 0 -1
    outer loop
      vertex 5.8668 2.13124 0
      vertex 13.1557 4.78828 0
      vertex 6.02939 1.61557 0
    endloop
  endfacet
  facet normal 0 0 -1
    outer loop
      vertex 5.86564 2.13492 0
      vertex 13.1557 4.78828 0
      vertex 5.8668 2.13124 0
    endloop
  endfacet
  facet normal 0 0 -1
    outer loop
      vertex 6.02939 1.61557 0
      vertex 13.523 3.62347 0
      vertex 6.14642 1.08769 0
    endloop
  endfacet
  facet normal 0 0 -1
    outer loop
      vertex 13.9467 -1.22018 0
      vertex 6.21833 -0.544033 0
      vertex 6.24192 -0.00384946 0
    endloop
  endfacet
  facet normal 0 0 -1
    outer loop
      vertex 13.7873 -2.43107 0
      vertex 6.14775 -1.08011 0
      vertex 6.21833 -0.544033 0
    endloop
  endfacet
  facet normal 0 0 -1
    outer loop
      vertex 13.7873 -2.43107 0
      vertex 6.14725 -1.08393 0
      vertex 6.14775 -1.08011 0
    endloop
  endfacet
  facet normal 0 0 -1
    outer loop
      vertex 13.7873 -2.43107 0
      vertex 6.14642 -1.08769 0
      vertex 6.14725 -1.08393 0
    endloop
  endfacet
  facet normal 0 0 -1
    outer loop
      vertex 13.523 -3.62347 0
      vertex 6.02939 -1.61557 0
      vertex 6.14642 -1.08769 0
    endloop
  endfacet
  facet normal 0 0 -1
    outer loop
      vertex 4.41642 -4.41098 0
      vertex 7 -12.1244 0
      vertex 5.91666 -12.6883 0
    endloop
  endfacet
  facet normal 0 0 -1
    outer loop
      vertex 13.1557 -4.78828 0
      vertex 5.8668 -2.13124 0
      vertex 6.02939 -1.61557 0
    endloop
  endfacet
  facet normal 0 0 -1
    outer loop
      vertex 13.1557 -4.78828 0
      vertex 5.86564 -2.13492 0
      vertex 5.8668 -2.13124 0
    endloop
  endfacet
  facet normal 0 0 -1
    outer loop
      vertex 13.1557 -4.78828 0
      vertex 5.86416 -2.13848 0
      vertex 5.86564 -2.13492 0
    endloop
  endfacet
  facet normal 0 0 -1
    outer loop
      vertex 12.6883 -5.91666 0
      vertex 5.65725 -2.63802 0
      vertex 5.86416 -2.13848 0
    endloop
  endfacet
  facet normal 0 0 -1
    outer loop
      vertex 12.1244 -7 0
      vertex 5.40758 -3.11762 0
      vertex 5.65725 -2.63802 0
    endloop
  endfacet
  facet normal 0 0 -1
    outer loop
      vertex 12.1244 -7 0
      vertex 5.4058 -3.12104 0
      vertex 5.40758 -3.11762 0
    endloop
  endfacet
  facet normal 0 0 -1
    outer loop
      vertex 12.1244 -7 0
      vertex 5.40373 -3.12429 0
      vertex 5.4058 -3.12104 0
    endloop
  endfacet
  facet normal 0 0 -1
    outer loop
      vertex 11.4681 -8.03007 0
      vertex 5.11321 -3.58031 0
      vertex 5.40373 -3.12429 0
    endloop
  endfacet
  facet normal 0 0 -1
    outer loop
      vertex 11.4681 -8.03007 0
      vertex 5.11087 -3.58337 0
      vertex 5.11321 -3.58031 0
    endloop
  endfacet
  facet normal 0 0 -1
    outer loop
      vertex 4.41642 -4.41098 0
      vertex 5.91666 -12.6883 0
      vertex 4.78828 -13.1557 0
    endloop
  endfacet
  facet normal 0 0 -1
    outer loop
      vertex 10.7246 -8.99903 0
      vertex 4.78171 -4.01233 0
      vertex 5.11087 -3.58337 0
    endloop
  endfacet
  facet normal 0 0 -1
    outer loop
      vertex 4.41642 -4.41098 0
      vertex 4.78828 -13.1557 0
      vertex 4.5 -13.2466 0
    endloop
  endfacet
  facet normal 0 0 -1
    outer loop
      vertex 9.89949 -9.89949 0
      vertex 4.41642 -4.41098 0
      vertex 4.78171 -4.01233 0
    endloop
  endfacet
  facet normal 0 0 -1
    outer loop
      vertex 5.86416 2.13848 0
      vertex 13.1557 4.78828 0
      vertex 5.86564 2.13492 0
    endloop
  endfacet
  facet normal -0 0 -1
    outer loop
      vertex 13.1557 4.78828 0
      vertex 5.86416 2.13848 0
      vertex 12.6883 5.91666 0
    endloop
  endfacet
  facet normal 0 0 -1
    outer loop
      vertex 12.6449 6 0
      vertex 10.7237 9 0
      vertex 11.5 9 0
    endloop
  endfacet
  facet normal 0 0 -1
    outer loop
      vertex 5.65725 2.63802 0
      vertex 12.6883 5.91666 0
      vertex 5.86416 2.13848 0
    endloop
  endfacet
  facet normal -0 0 -1
    outer loop
      vertex 12.6883 5.91666 0
      vertex 5.65725 2.63802 0
      vertex 12.6449 6 0
    endloop
  endfacet
  facet normal 0 0 -1
    outer loop
      vertex 5.40758 3.11762 0
      vertex 12.6449 6 0
      vertex 5.65725 2.63802 0
    endloop
  endfacet
  facet normal 0 0 -1
    outer loop
      vertex 5.4058 3.12104 0
      vertex 12.6449 6 0
      vertex 5.40758 3.11762 0
    endloop
  endfacet
  facet normal 0 0 -1
    outer loop
      vertex 5.40373 3.12429 0
      vertex 12.6449 6 0
      vertex 5.4058 3.12104 0
    endloop
  endfacet
  facet normal -0 0 -1
    outer loop
      vertex 12.6449 6 0
      vertex 5.40373 3.12429 0
      vertex 10.7237 9 0
    endloop
  endfacet
  facet normal 0 0 -1
    outer loop
      vertex 5.11321 3.58031 0
      vertex 10.7237 9 0
      vertex 5.40373 3.12429 0
    endloop
  endfacet
  facet normal 0 0 -1
    outer loop
      vertex 5.11087 3.58337 0
      vertex 10.7237 9 0
      vertex 5.11321 3.58031 0
    endloop
  endfacet
  facet normal 0 0 -1
    outer loop
      vertex 4.78171 4.01233 0
      vertex 10.7237 9 0
      vertex 5.11087 3.58337 0
    endloop
  endfacet
  facet normal -0 0 -1
    outer loop
      vertex 10.7237 9 0
      vertex 4.78171 4.01233 0
      vertex 9.89949 9.89949 0
    endloop
  endfacet
  facet normal 0 0 -1
    outer loop
      vertex 4.41642 4.41098 0
      vertex 9.89949 9.89949 0
      vertex 4.78171 4.01233 0
    endloop
  endfacet
  facet normal 0 0 -1
    outer loop
      vertex 4.41382 4.41382 0
      vertex 9.89949 9.89949 0
      vertex 4.41642 4.41098 0
    endloop
  endfacet
  facet normal 0 0 -1
    outer loop
      vertex 4.41098 4.41642 0
      vertex 9.89949 9.89949 0
      vertex 4.41382 4.41382 0
    endloop
  endfacet
  facet normal -0 0 -1
    outer loop
      vertex 9.89949 9.89949 0
      vertex 4.41098 4.41642 0
      vertex 8.99903 10.7246 0
    endloop
  endfacet
  facet normal 0 0 -1
    outer loop
      vertex 4.01233 4.78171 0
      vertex 8.99903 10.7246 0
      vertex 4.41098 4.41642 0
    endloop
  endfacet
  facet normal -0 0 -1
    outer loop
      vertex 8.99903 10.7246 0
      vertex 4.01233 4.78171 0
      vertex 8.03007 11.4681 0
    endloop
  endfacet
  facet normal 0 0 -1
    outer loop
      vertex 3.58337 5.11087 0
      vertex 8.03007 11.4681 0
      vertex 4.01233 4.78171 0
    endloop
  endfacet
  facet normal 0 0 -1
    outer loop
      vertex 3.58031 5.11321 0
      vertex 8.03007 11.4681 0
      vertex 3.58337 5.11087 0
    endloop
  endfacet
  facet normal -0 0 -1
    outer loop
      vertex 8.03007 11.4681 0
      vertex 3.58031 5.11321 0
      vertex 7 12.1244 0
    endloop
  endfacet
  facet normal 0 0 -1
    outer loop
      vertex 3.12429 5.40373 0
      vertex 7 12.1244 0
      vertex 3.58031 5.11321 0
    endloop
  endfacet
  facet normal 0 0 -1
    outer loop
      vertex 3.12104 5.4058 0
      vertex 7 12.1244 0
      vertex 3.12429 5.40373 0
    endloop
  endfacet
  facet normal 0 0 -1
    outer loop
      vertex 3.11762 5.40758 0
      vertex 7 12.1244 0
      vertex 3.12104 5.4058 0
    endloop
  endfacet
  facet normal -0 0 -1
    outer loop
      vertex 7 12.1244 0
      vertex 3.11762 5.40758 0
      vertex 5.91666 12.6883 0
    endloop
  endfacet
  facet normal 0 0 -1
    outer loop
      vertex 2.63802 5.65725 0
      vertex 5.91666 12.6883 0
      vertex 3.11762 5.40758 0
    endloop
  endfacet
  facet normal -0 0 -1
    outer loop
      vertex 5.91666 12.6883 0
      vertex 2.63802 5.65725 0
      vertex 4.78828 13.1557 0
    endloop
  endfacet
  facet normal 0 0 -1
    outer loop
      vertex 2.13848 5.86416 0
      vertex 4.78828 13.1557 0
      vertex 2.63802 5.65725 0
    endloop
  endfacet
  facet normal 0 0 -1
    outer loop
      vertex 2.13492 5.86564 0
      vertex 4.78828 13.1557 0
      vertex 2.13848 5.86416 0
    endloop
  endfacet
  facet normal -0 0 -1
    outer loop
      vertex 4.78828 13.1557 0
      vertex 2.13492 5.86564 0
      vertex 4.5 13.2466 0
    endloop
  endfacet
  facet normal 0 0 -1
    outer loop
      vertex 2.13124 5.8668 0
      vertex 4.5 13.2466 0
      vertex 2.13492 5.86564 0
    endloop
  endfacet
  facet normal 0 0 -1
    outer loop
      vertex 1.61557 6.02939 0
      vertex 4.5 13.2466 0
      vertex 2.13124 5.8668 0
    endloop
  endfacet
  facet normal 0 0 -1
    outer loop
      vertex 4.5 13.2466 0
      vertex 1.7 18 0
      vertex 4.5 22.5 0
    endloop
  endfacet
  facet normal 0 0 -1
    outer loop
      vertex 1.69353 18.1482 0
      vertex 4.5 22.5 0
      vertex 1.7 18 0
    endloop
  endfacet
  facet normal 0 0 -1
    outer loop
      vertex 1.67417 18.2952 0
      vertex 4.5 22.5 0
      vertex 1.69353 18.1482 0
    endloop
  endfacet
  facet normal 0 0 -1
    outer loop
      vertex 1.64207 18.44 0
      vertex 4.5 22.5 0
      vertex 1.67417 18.2952 0
    endloop
  endfacet
  facet normal 0 0 -1
    outer loop
      vertex 1.59748 18.5814 0
      vertex 4.5 22.5 0
      vertex 1.64207 18.44 0
    endloop
  endfacet
  facet normal 0 0 -1
    outer loop
      vertex 1.54072 18.7185 0
      vertex 4.5 22.5 0
      vertex 1.59748 18.5814 0
    endloop
  endfacet
  facet normal 0 0 -1
    outer loop
      vertex 1.47224 18.85 0
      vertex 4.5 22.5 0
      vertex 1.54072 18.7185 0
    endloop
  endfacet
  facet normal 0 0 -1
    outer loop
      vertex 1.39256 18.9751 0
      vertex 4.5 22.5 0
      vertex 1.47224 18.85 0
    endloop
  endfacet
  facet normal 0 0 -1
    outer loop
      vertex 1.30227 19.0927 0
      vertex 4.5 22.5 0
      vertex 1.39256 18.9751 0
    endloop
  endfacet
  facet normal 0 0 -1
    outer loop
      vertex 1.20208 19.2021 0
      vertex 4.5 22.5 0
      vertex 1.30227 19.0927 0
    endloop
  endfacet
  facet normal 0 0 -1
    outer loop
      vertex 1.09274 19.3023 0
      vertex 4.5 22.5 0
      vertex 1.20208 19.2021 0
    endloop
  endfacet
  facet normal 0 0 -1
    outer loop
      vertex 0.97508 19.3926 0
      vertex 4.5 22.5 0
      vertex 1.09274 19.3023 0
    endloop
  endfacet
  facet normal 0 0 -1
    outer loop
      vertex 0.849999 19.4722 0
      vertex 4.5 22.5 0
      vertex 0.97508 19.3926 0
    endloop
  endfacet
  facet normal 0 0 -1
    outer loop
      vertex 0.718451 19.5407 0
      vertex 4.5 22.5 0
      vertex 0.849999 19.4722 0
    endloop
  endfacet
  facet normal 0 0 -1
    outer loop
      vertex 0.581433 19.5975 0
      vertex 4.5 22.5 0
      vertex 0.718451 19.5407 0
    endloop
  endfacet
  facet normal 0 0 -1
    outer loop
      vertex 0.439992 19.6421 0
      vertex 4.5 22.5 0
      vertex 0.581433 19.5975 0
    endloop
  endfacet
  facet normal 0 0 -1
    outer loop
      vertex 0.295201 19.6742 0
      vertex 4.5 22.5 0
      vertex 0.439992 19.6421 0
    endloop
  endfacet
  facet normal 0 0 -1
    outer loop
      vertex 0.148165 19.6935 0
      vertex 4.5 22.5 0
      vertex 0.295201 19.6742 0
    endloop
  endfacet
  facet normal 0 0 -1
    outer loop
      vertex 0 19.7 0
      vertex 4.5 22.5 0
      vertex 0.148165 19.6935 0
    endloop
  endfacet
  facet normal 0 0 -1
    outer loop
      vertex -4.5 22.5 0
      vertex 0 19.7 0
      vertex -0.148165 19.6935 0
    endloop
  endfacet
  facet normal 0 0 -1
    outer loop
      vertex -4.5 22.5 0
      vertex -0.148165 19.6935 0
      vertex -0.295201 19.6742 0
    endloop
  endfacet
  facet normal 0 0 -1
    outer loop
      vertex -4.5 22.5 0
      vertex -0.295201 19.6742 0
      vertex -0.439992 19.6421 0
    endloop
  endfacet
  facet normal 0 0 -1
    outer loop
      vertex -4.5 22.5 0
      vertex -0.439992 19.6421 0
      vertex -0.581433 19.5975 0
    endloop
  endfacet
  facet normal 0 0 -1
    outer loop
      vertex -4.5 22.5 0
      vertex -0.581433 19.5975 0
      vertex -0.718451 19.5407 0
    endloop
  endfacet
  facet normal 0 0 -1
    outer loop
      vertex -4.5 22.5 0
      vertex -0.718451 19.5407 0
      vertex -0.849999 19.4722 0
    endloop
  endfacet
  facet normal 0 0 -1
    outer loop
      vertex -4.5 13.2466 0
      vertex -2.13124 5.8668 0
      vertex -2.13492 5.86564 0
    endloop
  endfacet
  facet normal 0 0 -1
    outer loop
      vertex -4.5 13.2466 0
      vertex -2.13492 5.86564 0
      vertex -2.13848 5.86416 0
    endloop
  endfacet
  facet normal 0 0 -1
    outer loop
      vertex -4.5 13.2466 0
      vertex -2.13848 5.86416 0
      vertex -2.63802 5.65725 0
    endloop
  endfacet
  facet normal -0 0 -1
    outer loop
      vertex -1.69353 17.8518 0
      vertex -4.5 13.2466 0
      vertex -1.7 18 0
    endloop
  endfacet
  facet normal 0 0 -1
    outer loop
      vertex -4.5 13.2466 0
      vertex -2.63802 5.65725 0
      vertex -3.11762 5.40758 0
    endloop
  endfacet
  facet normal 0 0 -1
    outer loop
      vertex -4.5 13.2466 0
      vertex -3.11762 5.40758 0
      vertex -3.12104 5.4058 0
    endloop
  endfacet
  facet normal 0 0 -1
    outer loop
      vertex -4.5 13.2466 0
      vertex -3.12104 5.4058 0
      vertex -3.12429 5.40373 0
    endloop
  endfacet
  facet normal 0 0 -1
    outer loop
      vertex -4.5 13.2466 0
      vertex -3.12429 5.40373 0
      vertex -3.58031 5.11321 0
    endloop
  endfacet
  facet normal 0 0 -1
    outer loop
      vertex -4.5 22.5 0
      vertex -1.7 18 0
      vertex -4.5 13.2466 0
    endloop
  endfacet
  facet normal 0 0 -1
    outer loop
      vertex -4.5 13.2466 0
      vertex -3.58031 5.11321 0
      vertex -3.58337 5.11087 0
    endloop
  endfacet
  facet normal 0 0 -1
    outer loop
      vertex -4.5 13.2466 0
      vertex -3.58337 5.11087 0
      vertex -4.01233 4.78171 0
    endloop
  endfacet
  facet normal 0 0 -1
    outer loop
      vertex -4.5 13.2466 0
      vertex -4.01233 4.78171 0
      vertex -4.41098 4.41642 0
    endloop
  endfacet
  facet normal 0 0 -1
    outer loop
      vertex -4.5 13.2466 0
      vertex -4.41098 4.41642 0
      vertex -4.41382 4.41382 0
    endloop
  endfacet
  facet normal 0 0 -1
    outer loop
      vertex -4.5 13.2466 0
      vertex -4.41382 4.41382 0
      vertex -4.41642 4.41098 0
    endloop
  endfacet
  facet normal 0 0 -1
    outer loop
      vertex -1.7 18 0
      vertex -4.5 22.5 0
      vertex -1.69353 18.1482 0
    endloop
  endfacet
  facet normal 0 0 -1
    outer loop
      vertex -1.69353 18.1482 0
      vertex -4.5 22.5 0
      vertex -1.67417 18.2952 0
    endloop
  endfacet
  facet normal 0 0 -1
    outer loop
      vertex -1.67417 18.2952 0
      vertex -4.5 22.5 0
      vertex -1.64207 18.44 0
    endloop
  endfacet
  facet normal 0 0 -1
    outer loop
      vertex -1.64207 18.44 0
      vertex -4.5 22.5 0
      vertex -1.59748 18.5814 0
    endloop
  endfacet
  facet normal 0 0 -1
    outer loop
      vertex -1.59748 18.5814 0
      vertex -4.5 22.5 0
      vertex -1.54072 18.7185 0
    endloop
  endfacet
  facet normal 0 0 -1
    outer loop
      vertex 0 19.7 0
      vertex -4.5 22.5 0
      vertex 4.5 22.5 0
    endloop
  endfacet
  facet normal 0 0 -1
    outer loop
      vertex -0.97508 19.3926 0
      vertex -4.5 22.5 0
      vertex -0.849999 19.4722 0
    endloop
  endfacet
  facet normal 0 0 -1
    outer loop
      vertex -1.09274 19.3023 0
      vertex -4.5 22.5 0
      vertex -0.97508 19.3926 0
    endloop
  endfacet
  facet normal 0 0 -1
    outer loop
      vertex -1.20208 19.2021 0
      vertex -4.5 22.5 0
      vertex -1.09274 19.3023 0
    endloop
  endfacet
  facet normal 0 0 -1
    outer loop
      vertex -1.30227 19.0927 0
      vertex -4.5 22.5 0
      vertex -1.20208 19.2021 0
    endloop
  endfacet
  facet normal 0 0 -1
    outer loop
      vertex -1.39256 18.9751 0
      vertex -4.5 22.5 0
      vertex -1.30227 19.0927 0
    endloop
  endfacet
  facet normal 0 0 -1
    outer loop
      vertex -1.47224 18.85 0
      vertex -4.5 22.5 0
      vertex -1.39256 18.9751 0
    endloop
  endfacet
  facet normal 0 0 -1
    outer loop
      vertex -1.54072 18.7185 0
      vertex -4.5 22.5 0
      vertex -1.47224 18.85 0
    endloop
  endfacet
  facet normal 0 0 -1
    outer loop
      vertex 4.5 -13.2466 0
      vertex 1.69353 -17.8518 0
      vertex 1.67417 -17.7048 0
    endloop
  endfacet
  facet normal 0 0 -1
    outer loop
      vertex 4.5 -13.2466 0
      vertex 1.67417 -17.7048 0
      vertex 1.64207 -17.56 0
    endloop
  endfacet
  facet normal 0 0 -1
    outer loop
      vertex 4.5 -13.2466 0
      vertex 1.64207 -17.56 0
      vertex 1.59748 -17.4186 0
    endloop
  endfacet
  facet normal 0 0 -1
    outer loop
      vertex 1.09274 -16.6977 0
      vertex 4.5 -13.2466 0
      vertex 1.20208 -16.7979 0
    endloop
  endfacet
  facet normal 0 0 -1
    outer loop
      vertex 4.5 -13.2466 0
      vertex 3.11762 -5.40758 0
      vertex 3.12104 -5.4058 0
    endloop
  endfacet
  facet normal 0 0 -1
    outer loop
      vertex 4.5 -13.2466 0
      vertex 2.63802 -5.65725 0
      vertex 3.11762 -5.40758 0
    endloop
  endfacet
  facet normal 0 0 -1
    outer loop
      vertex 0.97508 -16.6074 0
      vertex 4.5 -13.2466 0
      vertex 1.09274 -16.6977 0
    endloop
  endfacet
  facet normal 0 0 -1
    outer loop
      vertex 0.849999 -16.5278 0
      vertex 4.5 -13.2466 0
      vertex 0.97508 -16.6074 0
    endloop
  endfacet
  facet normal 0 0 -1
    outer loop
      vertex 4.5 -13.2466 0
      vertex 2.13848 -5.86416 0
      vertex 2.63802 -5.65725 0
    endloop
  endfacet
  facet normal 0 0 -1
    outer loop
      vertex 4.5 -13.2466 0
      vertex 2.13492 -5.86564 0
      vertex 2.13848 -5.86416 0
    endloop
  endfacet
  facet normal 0 0 -1
    outer loop
      vertex 0.718451 -16.4593 0
      vertex 4.5 -13.2466 0
      vertex 0.849999 -16.5278 0
    endloop
  endfacet
  facet normal 0 0 -1
    outer loop
      vertex 4.5 -13.2466 0
      vertex 2.13124 -5.8668 0
      vertex 2.13492 -5.86564 0
    endloop
  endfacet
  facet normal 0 0 -1
    outer loop
      vertex 4.5 -13.2466 0
      vertex 1.61557 -6.02939 0
      vertex 2.13124 -5.8668 0
    endloop
  endfacet
  facet normal 0 0 -1
    outer loop
      vertex 0.581433 -16.4025 0
      vertex 4.5 -13.2466 0
      vertex 0.718451 -16.4593 0
    endloop
  endfacet
  facet normal 0 0 -1
    outer loop
      vertex 0.439992 -16.3579 0
      vertex 4.5 -13.2466 0
      vertex 0.581433 -16.4025 0
    endloop
  endfacet
  facet normal 0 0 -1
    outer loop
      vertex 4.5 -13.2466 0
      vertex 1.08769 -6.14642 0
      vertex 1.61557 -6.02939 0
    endloop
  endfacet
  facet normal 0 0 -1
    outer loop
      vertex 4.5 -13.2466 0
      vertex 1.08393 -6.14725 0
      vertex 1.08769 -6.14642 0
    endloop
  endfacet
  facet normal 0 0 -1
    outer loop
      vertex 0.295201 -16.3258 0
      vertex 4.5 -13.2466 0
      vertex 0.439992 -16.3579 0
    endloop
  endfacet
  facet normal 0 0 -1
    outer loop
      vertex 4.5 -13.2466 0
      vertex 1.08011 -6.14775 0
      vertex 1.08393 -6.14725 0
    endloop
  endfacet
  facet normal 0 0 -1
    outer loop
      vertex 4.5 -13.2466 0
      vertex 0.544033 -6.21833 0
      vertex 1.08011 -6.14775 0
    endloop
  endfacet
  facet normal 0 0 -1
    outer loop
      vertex 0.148165 -16.3065 0
      vertex 4.5 -13.2466 0
      vertex 0.295201 -16.3258 0
    endloop
  endfacet
  facet normal 0 0 -1
    outer loop
      vertex 0 -16.3 0
      vertex 4.5 -13.2466 0
      vertex 0.148165 -16.3065 0
    endloop
  endfacet
  facet normal 0 0 -1
    outer loop
      vertex 4.5 -13.2466 0
      vertex 0.00384946 -6.24192 0
      vertex 0.544033 -6.21833 0
    endloop
  endfacet
  facet normal 0 0 -1
    outer loop
      vertex 0 -6.24208 0
      vertex 4.5 -13.2466 0
      vertex 0 -16.3 0
    endloop
  endfacet
  facet normal 0 0 -1
    outer loop
      vertex 4.5 -13.2466 0
      vertex 0 -6.24208 0
      vertex 0.00384946 -6.24192 0
    endloop
  endfacet
  facet normal 0 0 -1
    outer loop
      vertex 0 -16.3 0
      vertex -0.00384946 -6.24192 0
      vertex 0 -6.24208 0
    endloop
  endfacet
  facet normal 0 0 -1
    outer loop
      vertex -0.148165 -16.3065 0
      vertex -0.00384946 -6.24192 0
      vertex 0 -16.3 0
    endloop
  endfacet
  facet normal 0 0 -1
    outer loop
      vertex -0.544033 -6.21833 0
      vertex -0.148165 -16.3065 0
      vertex -0.295201 -16.3258 0
    endloop
  endfacet
  facet normal 0 0 -1
    outer loop
      vertex -0.544033 -6.21833 0
      vertex -0.295201 -16.3258 0
      vertex -0.439992 -16.3579 0
    endloop
  endfacet
  facet normal 0 0 -1
    outer loop
      vertex -0.148165 -16.3065 0
      vertex -0.544033 -6.21833 0
      vertex -0.00384946 -6.24192 0
    endloop
  endfacet
  facet normal 0 0 -1
    outer loop
      vertex -1.08393 -6.14725 0
      vertex -0.439992 -16.3579 0
      vertex -0.581433 -16.4025 0
    endloop
  endfacet
  facet normal 0 0 -1
    outer loop
      vertex -1.61557 -6.02939 0
      vertex -0.581433 -16.4025 0
      vertex -0.718451 -16.4593 0
    endloop
  endfacet
  facet normal 0 0 -1
    outer loop
      vertex -1.61557 -6.02939 0
      vertex -0.718451 -16.4593 0
      vertex -0.849999 -16.5278 0
    endloop
  endfacet
  facet normal 0 0 -1
    outer loop
      vertex -2.13492 -5.86564 0
      vertex -0.849999 -16.5278 0
      vertex -0.97508 -16.6074 0
    endloop
  endfacet
  facet normal 0 0 -1
    outer loop
      vertex -0.439992 -16.3579 0
      vertex -1.08011 -6.14775 0
      vertex -0.544033 -6.21833 0
    endloop
  endfacet
  facet normal 0 0 -1
    outer loop
      vertex -0.439992 -16.3579 0
      vertex -1.08393 -6.14725 0
      vertex -1.08011 -6.14775 0
    endloop
  endfacet
  facet normal 0 0 -1
    outer loop
      vertex -0.581433 -16.4025 0
      vertex -1.08769 -6.14642 0
      vertex -1.08393 -6.14725 0
    endloop
  endfacet
  facet normal 0 0 -1
    outer loop
      vertex -2.13492 -5.86564 0
      vertex -0.97508 -16.6074 0
      vertex -1.09274 -16.6977 0
    endloop
  endfacet
  facet normal 0 0 -1
    outer loop
      vertex -2.13492 -5.86564 0
      vertex -1.09274 -16.6977 0
      vertex -1.20208 -16.7979 0
    endloop
  endfacet
  facet normal 0 0 -1
    outer loop
      vertex -2.13492 -5.86564 0
      vertex -1.20208 -16.7979 0
      vertex -1.30227 -16.9073 0
    endloop
  endfacet
  facet normal 0 0 -1
    outer loop
      vertex -2.13492 -5.86564 0
      vertex -1.30227 -16.9073 0
      vertex -1.39256 -17.0249 0
    endloop
  endfacet
  facet normal 0 0 -1
    outer loop
      vertex -2.13492 -5.86564 0
      vertex -1.39256 -17.0249 0
      vertex -1.47224 -17.15 0
    endloop
  endfacet
  facet normal 0 0 -1
    outer loop
      vertex -2.13492 -5.86564 0
      vertex -1.47224 -17.15 0
      vertex -1.54072 -17.2815 0
    endloop
  endfacet
  facet normal 0 0 -1
    outer loop
      vertex -2.13492 -5.86564 0
      vertex -1.54072 -17.2815 0
      vertex -1.59748 -17.4186 0
    endloop
  endfacet
  facet normal 0 0 -1
    outer loop
      vertex -0.581433 -16.4025 0
      vertex -1.61557 -6.02939 0
      vertex -1.08769 -6.14642 0
    endloop
  endfacet
  facet normal 0 0 -1
    outer loop
      vertex -2.13492 -5.86564 0
      vertex -1.59748 -17.4186 0
      vertex -1.64207 -17.56 0
    endloop
  endfacet
  facet normal 0 0 -1
    outer loop
      vertex -2.13492 -5.86564 0
      vertex -1.64207 -17.56 0
      vertex -1.67417 -17.7048 0
    endloop
  endfacet
  facet normal 0 0 -1
    outer loop
      vertex -2.13492 -5.86564 0
      vertex -1.67417 -17.7048 0
      vertex -1.69353 -17.8518 0
    endloop
  endfacet
  facet normal 0 0 -1
    outer loop
      vertex -4.5 -13.2466 0
      vertex -1.69353 -17.8518 0
      vertex -1.7 -18 0
    endloop
  endfacet
  facet normal 0 0 -1
    outer loop
      vertex -0.849999 -16.5278 0
      vertex -2.13124 -5.8668 0
      vertex -1.61557 -6.02939 0
    endloop
  endfacet
  facet normal 0 1 -0
    outer loop
      vertex 4.5 22.5 0
      vertex -4.5 22.5 4
      vertex 4.5 22.5 4
    endloop
  endfacet
  facet normal 0 1 0
    outer loop
      vertex -4.5 22.5 4
      vertex 4.5 22.5 0
      vertex -4.5 22.5 0
    endloop
  endfacet
  facet normal -1 0 0
    outer loop
      vertex -4.5 13.2466 0
      vertex -4.5 22.5 4
      vertex -4.5 22.5 0
    endloop
  endfacet
  facet normal -1 -0 0
    outer loop
      vertex -4.5 22.5 4
      vertex -4.5 13.2466 0
      vertex -4.5 13.2466 4
    endloop
  endfacet
  facet normal 0 -1 0
    outer loop
      vertex -4.5 -22.5 0
      vertex 4.5 -22.5 4
      vertex -4.5 -22.5 4
    endloop
  endfacet
  facet normal 0 -1 -0
    outer loop
      vertex 4.5 -22.5 4
      vertex -4.5 -22.5 0
      vertex 4.5 -22.5 0
    endloop
  endfacet
  facet normal 1 -0 0
    outer loop
      vertex 4.5 -22.5 4
      vertex 4.5 -13.2466 0
      vertex 4.5 -13.2466 4
    endloop
  endfacet
  facet normal 1 0 0
    outer loop
      vertex 4.5 -13.2466 0
      vertex 4.5 -22.5 4
      vertex 4.5 -22.5 0
    endloop
  endfacet
  facet normal -1 0 0
    outer loop
      vertex -4.5 -22.5 0
      vertex -4.5 -13.2466 4
      vertex -4.5 -13.2466 0
    endloop
  endfacet
  facet normal -1 -0 0
    outer loop
      vertex -4.5 -13.2466 4
      vertex -4.5 -22.5 0
      vertex -4.5 -22.5 4
    endloop
  endfacet
  facet normal -1 0 0
    outer loop
      vertex -10 9.78981 0
      vertex -10 16 4
      vertex -10 16 0
    endloop
  endfacet
  facet normal -1 0 0
    outer loop
      vertex -10 9.78981 4
      vertex -10 16 4
      vertex -10 9.78981 0
    endloop
  endfacet
  facet normal -1 0 0
    outer loop
      vertex -10 9.78981 4
      vertex -10 9 18.5
      vertex -10 16 4
    endloop
  endfacet
  facet normal -1 0 0
    outer loop
      vertex -10 6 4
      vertex -10 9 18.5
      vertex -10 9.78981 4
    endloop
  endfacet
  facet normal -1 0 0
    outer loop
      vertex -10 6 22.5
      vertex -10 9 18.5
      vertex -10 6 4
    endloop
  endfacet
  facet normal -1 0 0
    outer loop
      vertex -10 9 18.5
      vertex -10 6 22.5
      vertex -10 9 22.5
    endloop
  endfacet
  facet normal 0 1 -0
    outer loop
      vertex -7.5 16 0
      vertex -10 16 4
      vertex -7.5 16 4
    endloop
  endfacet
  facet normal 0 1 0
    outer loop
      vertex -10 16 4
      vertex -7.5 16 0
      vertex -10 16 0
    endloop
  endfacet
  facet normal 0 0.900552 0.434749
    outer loop
      vertex -7.5 16 4
      vertex -10 9 18.5
      vertex -7.5 9 18.5
    endloop
  endfacet
  facet normal 0 0.900552 0.434749
    outer loop
      vertex -10 9 18.5
      vertex -7.5 16 4
      vertex -10 16 4
    endloop
  endfacet
  facet normal 0 -1 0
    outer loop
      vertex 6.64977 6 20.6456
      vertex 14 6 22.5
      vertex -2.64977 6 20.6456
    endloop
  endfacet
  facet normal 0 -1 0
    outer loop
      vertex 14 6 22.5
      vertex 6.64977 6 20.6456
      vertex 6.75 6 20.65
    endloop
  endfacet
  facet normal 0 -1 0
    outer loop
      vertex -2.5503 6 20.6325
      vertex 6.64977 6 20.6456
      vertex -2.64977 6 20.6456
    endloop
  endfacet
  facet normal 0 -1 0
    outer loop
      vertex -2.5503 6 20.6325
      vertex 6.5503 6 20.6325
      vertex 6.64977 6 20.6456
    endloop
  endfacet
  facet normal 0 -1 0
    outer loop
      vertex -2.45236 6 20.6108
      vertex 6.5503 6 20.6325
      vertex -2.5503 6 20.6325
    endloop
  endfacet
  facet normal 0 -1 0
    outer loop
      vertex -2.45236 6 20.6108
      vertex 6.45236 6 20.6108
      vertex 6.5503 6 20.6325
    endloop
  endfacet
  facet normal 0 -1 0
    outer loop
      vertex -2.35668 6 20.5806
      vertex 6.45236 6 20.6108
      vertex -2.45236 6 20.6108
    endloop
  endfacet
  facet normal 0 -1 0
    outer loop
      vertex -2.35668 6 20.5806
      vertex 6.35668 6 20.5806
      vertex 6.45236 6 20.6108
    endloop
  endfacet
  facet normal 0 -1 0
    outer loop
      vertex -2.26399 6 20.5423
      vertex 6.35668 6 20.5806
      vertex -2.35668 6 20.5806
    endloop
  endfacet
  facet normal 0 -1 0
    outer loop
      vertex -2.26399 6 20.5423
      vertex 6.26399 6 20.5423
      vertex 6.35668 6 20.5806
    endloop
  endfacet
  facet normal 0 -1 0
    outer loop
      vertex -2.175 6 20.4959
      vertex 6.26399 6 20.5423
      vertex -2.26399 6 20.5423
    endloop
  endfacet
  facet normal 0 -1 0
    outer loop
      vertex -2.175 6 20.4959
      vertex 6.175 6 20.4959
      vertex 6.26399 6 20.5423
    endloop
  endfacet
  facet normal 0 -1 0
    outer loop
      vertex -2.09039 6 20.442
      vertex 6.175 6 20.4959
      vertex -2.175 6 20.4959
    endloop
  endfacet
  facet normal 0 -1 0
    outer loop
      vertex -2.09039 6 20.442
      vertex 6.09039 6 20.442
      vertex 6.175 6 20.4959
    endloop
  endfacet
  facet normal 0 -1 0
    outer loop
      vertex -2.01079 6 20.381
      vertex 6.09039 6 20.442
      vertex -2.09039 6 20.442
    endloop
  endfacet
  facet normal 0 -1 0
    outer loop
      vertex -2.01079 6 20.381
      vertex 6.01079 6 20.381
      vertex 6.09039 6 20.442
    endloop
  endfacet
  facet normal 0 -1 0
    outer loop
      vertex -1.93683 6 20.3132
      vertex 6.01079 6 20.381
      vertex -2.01079 6 20.381
    endloop
  endfacet
  facet normal 0 -1 0
    outer loop
      vertex -1.93683 6 20.3132
      vertex 5.93683 6 20.3132
      vertex 6.01079 6 20.381
    endloop
  endfacet
  facet normal 0 -1 0
    outer loop
      vertex -1.86905 6 20.2392
      vertex 5.93683 6 20.3132
      vertex -1.93683 6 20.3132
    endloop
  endfacet
  facet normal 0 -1 0
    outer loop
      vertex -1.86905 6 20.2392
      vertex 5.86905 6 20.2392
      vertex 5.93683 6 20.3132
    endloop
  endfacet
  facet normal 0 -1 0
    outer loop
      vertex -1.80797 6 20.1596
      vertex 5.86905 6 20.2392
      vertex -1.86905 6 20.2392
    endloop
  endfacet
  facet normal 0 -1 0
    outer loop
      vertex -1.80797 6 20.1596
      vertex 5.80797 6 20.1596
      vertex 5.86905 6 20.2392
    endloop
  endfacet
  facet normal 0 -1 0
    outer loop
      vertex -1.75407 6 20.075
      vertex 5.80797 6 20.1596
      vertex -1.80797 6 20.1596
    endloop
  endfacet
  facet normal 0 -1 0
    outer loop
      vertex -1.75407 6 20.075
      vertex 5.75407 6 20.075
      vertex 5.80797 6 20.1596
    endloop
  endfacet
  facet normal 0 -1 0
    outer loop
      vertex -1.70775 6 19.986
      vertex 5.75407 6 20.075
      vertex -1.75407 6 20.075
    endloop
  endfacet
  facet normal 0 -1 0
    outer loop
      vertex -1.70775 6 19.986
      vertex 5.70775 6 19.986
      vertex 5.75407 6 20.075
    endloop
  endfacet
  facet normal 0 -1 0
    outer loop
      vertex -1.66935 6 19.8933
      vertex 5.70775 6 19.986
      vertex -1.70775 6 19.986
    endloop
  endfacet
  facet normal 0 -1 0
    outer loop
      vertex -1.66935 6 19.8933
      vertex 5.66935 6 19.8933
      vertex 5.70775 6 19.986
    endloop
  endfacet
  facet normal 0 -1 0
    outer loop
      vertex -1.63918 6 19.7976
      vertex 5.66935 6 19.8933
      vertex -1.66935 6 19.8933
    endloop
  endfacet
  facet normal 0 -1 0
    outer loop
      vertex -1.63918 6 19.7976
      vertex 5.63918 6 19.7976
      vertex 5.66935 6 19.8933
    endloop
  endfacet
  facet normal 0 -1 0
    outer loop
      vertex -1.61747 6 19.6997
      vertex 5.63918 6 19.7976
      vertex -1.63918 6 19.7976
    endloop
  endfacet
  facet normal 0 -1 0
    outer loop
      vertex -1.61747 6 19.6997
      vertex 5.61747 6 19.6997
      vertex 5.63918 6 19.7976
    endloop
  endfacet
  facet normal 0 -1 0
    outer loop
      vertex -1.60438 6 19.6002
      vertex 5.61747 6 19.6997
      vertex -1.61747 6 19.6997
    endloop
  endfacet
  facet normal 0 -1 0
    outer loop
      vertex -1.60438 6 19.6002
      vertex 5.60438 6 19.6002
      vertex 5.61747 6 19.6997
    endloop
  endfacet
  facet normal 0 -1 0
    outer loop
      vertex -1.6 6 19.5
      vertex 5.60438 6 19.6002
      vertex -1.60438 6 19.6002
    endloop
  endfacet
  facet normal 0 -1 0
    outer loop
      vertex -1.6 6 19.5
      vertex 5.6 6 19.5
      vertex 5.60438 6 19.6002
    endloop
  endfacet
  facet normal 0 -1 0
    outer loop
      vertex -1.6 6 11.5
      vertex 5.6 6 19.5
      vertex -1.6 6 19.5
    endloop
  endfacet
  facet normal 0 -1 0
    outer loop
      vertex -1.6 6 11.5
      vertex 5.6 6 11.5
      vertex 5.6 6 19.5
    endloop
  endfacet
  facet normal 0 -1 0
    outer loop
      vertex -1.60438 6 11.3998
      vertex 5.6 6 11.5
      vertex -1.6 6 11.5
    endloop
  endfacet
  facet normal 0 -1 0
    outer loop
      vertex -1.60438 6 11.3998
      vertex 5.60438 6 11.3998
      vertex 5.6 6 11.5
    endloop
  endfacet
  facet normal 0 -1 0
    outer loop
      vertex -1.61747 6 11.3003
      vertex 5.60438 6 11.3998
      vertex -1.60438 6 11.3998
    endloop
  endfacet
  facet normal 0 -1 0
    outer loop
      vertex -1.61747 6 11.3003
      vertex 5.61747 6 11.3003
      vertex 5.60438 6 11.3998
    endloop
  endfacet
  facet normal 0 -1 0
    outer loop
      vertex -1.63918 6 11.2024
      vertex 5.61747 6 11.3003
      vertex -1.61747 6 11.3003
    endloop
  endfacet
  facet normal 0 -1 0
    outer loop
      vertex -1.63918 6 11.2024
      vertex 5.63918 6 11.2024
      vertex 5.61747 6 11.3003
    endloop
  endfacet
  facet normal 0 -1 0
    outer loop
      vertex -1.66935 6 11.1067
      vertex 5.63918 6 11.2024
      vertex -1.63918 6 11.2024
    endloop
  endfacet
  facet normal 0 -1 0
    outer loop
      vertex -1.66935 6 11.1067
      vertex 5.66935 6 11.1067
      vertex 5.63918 6 11.2024
    endloop
  endfacet
  facet normal 0 -1 0
    outer loop
      vertex -1.70775 6 11.014
      vertex 5.66935 6 11.1067
      vertex -1.66935 6 11.1067
    endloop
  endfacet
  facet normal 0 -1 0
    outer loop
      vertex -1.70775 6 11.014
      vertex 5.70775 6 11.014
      vertex 5.66935 6 11.1067
    endloop
  endfacet
  facet normal 0 -1 0
    outer loop
      vertex -1.75407 6 10.925
      vertex 5.70775 6 11.014
      vertex -1.70775 6 11.014
    endloop
  endfacet
  facet normal 0 -1 0
    outer loop
      vertex -1.75407 6 10.925
      vertex 5.75407 6 10.925
      vertex 5.70775 6 11.014
    endloop
  endfacet
  facet normal 0 -1 0
    outer loop
      vertex -1.80797 6 10.8404
      vertex 5.75407 6 10.925
      vertex -1.75407 6 10.925
    endloop
  endfacet
  facet normal 0 -1 0
    outer loop
      vertex -1.80797 6 10.8404
      vertex 5.80797 6 10.8404
      vertex 5.75407 6 10.925
    endloop
  endfacet
  facet normal 0 -1 0
    outer loop
      vertex -1.86905 6 10.7608
      vertex 5.80797 6 10.8404
      vertex -1.80797 6 10.8404
    endloop
  endfacet
  facet normal 0 -1 0
    outer loop
      vertex -1.86905 6 10.7608
      vertex 5.86905 6 10.7608
      vertex 5.80797 6 10.8404
    endloop
  endfacet
  facet normal 0 -1 0
    outer loop
      vertex -1.93683 6 10.6868
      vertex 5.86905 6 10.7608
      vertex -1.86905 6 10.7608
    endloop
  endfacet
  facet normal 0 -1 0
    outer loop
      vertex -1.93683 6 10.6868
      vertex 5.93683 6 10.6868
      vertex 5.86905 6 10.7608
    endloop
  endfacet
  facet normal 0 -1 0
    outer loop
      vertex -2.01079 6 10.619
      vertex 5.93683 6 10.6868
      vertex -1.93683 6 10.6868
    endloop
  endfacet
  facet normal 0 -1 0
    outer loop
      vertex -2.01079 6 10.619
      vertex 6.01079 6 10.619
      vertex 5.93683 6 10.6868
    endloop
  endfacet
  facet normal 0 -1 0
    outer loop
      vertex -2.09039 6 10.558
      vertex 6.01079 6 10.619
      vertex -2.01079 6 10.619
    endloop
  endfacet
  facet normal 0 -1 0
    outer loop
      vertex -2.09039 6 10.558
      vertex 6.09039 6 10.558
      vertex 6.01079 6 10.619
    endloop
  endfacet
  facet normal 0 -1 0
    outer loop
      vertex -2.175 6 10.5041
      vertex 6.09039 6 10.558
      vertex -2.09039 6 10.558
    endloop
  endfacet
  facet normal 0 -1 0
    outer loop
      vertex -2.175 6 10.5041
      vertex 6.175 6 10.5041
      vertex 6.09039 6 10.558
    endloop
  endfacet
  facet normal 0 -1 0
    outer loop
      vertex -2.26399 6 10.4577
      vertex 6.175 6 10.5041
      vertex -2.175 6 10.5041
    endloop
  endfacet
  facet normal 0 -1 0
    outer loop
      vertex -2.26399 6 10.4577
      vertex 6.26399 6 10.4577
      vertex 6.175 6 10.5041
    endloop
  endfacet
  facet normal 0 -1 0
    outer loop
      vertex -2.35668 6 10.4194
      vertex 6.26399 6 10.4577
      vertex -2.26399 6 10.4577
    endloop
  endfacet
  facet normal 0 -1 0
    outer loop
      vertex -2.35668 6 10.4194
      vertex 6.35668 6 10.4194
      vertex 6.26399 6 10.4577
    endloop
  endfacet
  facet normal 0 -1 0
    outer loop
      vertex 12.6449 6 4
      vertex -2.35668 6 10.4194
      vertex -2.45236 6 10.3892
    endloop
  endfacet
  facet normal 0 -1 0
    outer loop
      vertex -2.35668 6 10.4194
      vertex 12.6449 6 4
      vertex 6.35668 6 10.4194
    endloop
  endfacet
  facet normal 0 -1 0
    outer loop
      vertex -10 6 4
      vertex -2.45236 6 10.3892
      vertex -2.5503 6 10.3675
    endloop
  endfacet
  facet normal 0 -1 0
    outer loop
      vertex 6.35668 6 10.4194
      vertex 12.6449 6 4
      vertex 6.45236 6 10.3892
    endloop
  endfacet
  facet normal 0 -1 0
    outer loop
      vertex -10 6 4
      vertex -2.5503 6 10.3675
      vertex -2.64977 6 10.3544
    endloop
  endfacet
  facet normal 0 -1 0
    outer loop
      vertex 6.45236 6 10.3892
      vertex 12.6449 6 4
      vertex 6.5503 6 10.3675
    endloop
  endfacet
  facet normal 0 -1 0
    outer loop
      vertex -10 6 4
      vertex -2.64977 6 10.3544
      vertex -2.75 6 10.35
    endloop
  endfacet
  facet normal 0 -1 0
    outer loop
      vertex 6.5503 6 10.3675
      vertex 12.6449 6 4
      vertex 6.64977 6 10.3544
    endloop
  endfacet
  facet normal 0 -1 0
    outer loop
      vertex -2.64977 6 20.6456
      vertex -10 6 22.5
      vertex -2.75 6 20.65
    endloop
  endfacet
  facet normal 0 -1 0
    outer loop
      vertex -10 6 22.5
      vertex -2.85023 6 20.6456
      vertex -2.75 6 20.65
    endloop
  endfacet
  facet normal 0 -1 0
    outer loop
      vertex -10 6 22.5
      vertex -2.94969 6 20.6325
      vertex -2.85023 6 20.6456
    endloop
  endfacet
  facet normal 0 -1 0
    outer loop
      vertex -10 6 22.5
      vertex -3.04764 6 20.6108
      vertex -2.94969 6 20.6325
    endloop
  endfacet
  facet normal 0 -1 0
    outer loop
      vertex -10 6 22.5
      vertex -3.14332 6 20.5806
      vertex -3.04764 6 20.6108
    endloop
  endfacet
  facet normal 0 -1 0
    outer loop
      vertex -10 6 22.5
      vertex -3.23601 6 20.5423
      vertex -3.14332 6 20.5806
    endloop
  endfacet
  facet normal 0 -1 0
    outer loop
      vertex -10 6 22.5
      vertex -3.325 6 20.4959
      vertex -3.23601 6 20.5423
    endloop
  endfacet
  facet normal 0 -1 0
    outer loop
      vertex -10 6 22.5
      vertex -3.40961 6 20.442
      vertex -3.325 6 20.4959
    endloop
  endfacet
  facet normal 0 -1 0
    outer loop
      vertex -10 6 22.5
      vertex -3.48921 6 20.381
      vertex -3.40961 6 20.442
    endloop
  endfacet
  facet normal 0 -1 0
    outer loop
      vertex -10 6 22.5
      vertex -3.56317 6 20.3132
      vertex -3.48921 6 20.381
    endloop
  endfacet
  facet normal 0 -1 0
    outer loop
      vertex -10 6 22.5
      vertex -3.63095 6 20.2392
      vertex -3.56317 6 20.3132
    endloop
  endfacet
  facet normal 0 -1 0
    outer loop
      vertex -10 6 22.5
      vertex -3.69202 6 20.1596
      vertex -3.63095 6 20.2392
    endloop
  endfacet
  facet normal 0 -1 0
    outer loop
      vertex -10 6 22.5
      vertex -3.74593 6 20.075
      vertex -3.69202 6 20.1596
    endloop
  endfacet
  facet normal 0 -1 0
    outer loop
      vertex -10 6 22.5
      vertex -3.79225 6 19.986
      vertex -3.74593 6 20.075
    endloop
  endfacet
  facet normal 0 -1 0
    outer loop
      vertex -10 6 22.5
      vertex -3.83065 6 19.8933
      vertex -3.79225 6 19.986
    endloop
  endfacet
  facet normal 0 -1 0
    outer loop
      vertex -10 6 22.5
      vertex -3.86081 6 19.7976
      vertex -3.83065 6 19.8933
    endloop
  endfacet
  facet normal 0 -1 0
    outer loop
      vertex -10 6 22.5
      vertex -3.88253 6 19.6997
      vertex -3.86081 6 19.7976
    endloop
  endfacet
  facet normal 0 -1 0
    outer loop
      vertex -10 6 22.5
      vertex -3.89562 6 19.6002
      vertex -3.88253 6 19.6997
    endloop
  endfacet
  facet normal 0 -1 0
    outer loop
      vertex -10 6 22.5
      vertex -3.9 6 19.5
      vertex -3.89562 6 19.6002
    endloop
  endfacet
  facet normal 0 -1 0
    outer loop
      vertex -10 6 22.5
      vertex -3.9 6 11.5
      vertex -3.9 6 19.5
    endloop
  endfacet
  facet normal 0 -1 0
    outer loop
      vertex -10 6 4
      vertex -3.9 6 11.5
      vertex -10 6 22.5
    endloop
  endfacet
  facet normal 0 -1 -0
    outer loop
      vertex -3.9 6 11.5
      vertex -10 6 4
      vertex -3.89562 6 11.3998
    endloop
  endfacet
  facet normal 0 -1 -0
    outer loop
      vertex -3.89562 6 11.3998
      vertex -10 6 4
      vertex -3.88253 6 11.3003
    endloop
  endfacet
  facet normal 0 -1 -0
    outer loop
      vertex -3.88253 6 11.3003
      vertex -10 6 4
      vertex -3.86081 6 11.2024
    endloop
  endfacet
  facet normal 0 -1 -0
    outer loop
      vertex -3.86081 6 11.2024
      vertex -10 6 4
      vertex -3.83065 6 11.1067
    endloop
  endfacet
  facet normal 0 -1 -0
    outer loop
      vertex -3.83065 6 11.1067
      vertex -10 6 4
      vertex -3.79225 6 11.014
    endloop
  endfacet
  facet normal 0 -1 -0
    outer loop
      vertex -2.45236 6 10.3892
      vertex -10 6 4
      vertex 12.6449 6 4
    endloop
  endfacet
  facet normal 0 -1 -0
    outer loop
      vertex -2.85023 6 10.3544
      vertex -10 6 4
      vertex -2.75 6 10.35
    endloop
  endfacet
  facet normal 0 -1 -0
    outer loop
      vertex -2.94969 6 10.3675
      vertex -10 6 4
      vertex -2.85023 6 10.3544
    endloop
  endfacet
  facet normal 0 -1 -0
    outer loop
      vertex -3.04764 6 10.3892
      vertex -10 6 4
      vertex -2.94969 6 10.3675
    endloop
  endfacet
  facet normal 0 -1 -0
    outer loop
      vertex -3.14332 6 10.4194
      vertex -10 6 4
      vertex -3.04764 6 10.3892
    endloop
  endfacet
  facet normal 0 -1 -0
    outer loop
      vertex -3.23601 6 10.4577
      vertex -10 6 4
      vertex -3.14332 6 10.4194
    endloop
  endfacet
  facet normal 0 -1 -0
    outer loop
      vertex -3.325 6 10.5041
      vertex -10 6 4
      vertex -3.23601 6 10.4577
    endloop
  endfacet
  facet normal 0 -1 -0
    outer loop
      vertex -3.40961 6 10.558
      vertex -10 6 4
      vertex -3.325 6 10.5041
    endloop
  endfacet
  facet normal 0 -1 -0
    outer loop
      vertex -3.48921 6 10.619
      vertex -10 6 4
      vertex -3.40961 6 10.558
    endloop
  endfacet
  facet normal 0 -1 -0
    outer loop
      vertex -3.56317 6 10.6868
      vertex -10 6 4
      vertex -3.48921 6 10.619
    endloop
  endfacet
  facet normal 0 -1 -0
    outer loop
      vertex -3.63095 6 10.7608
      vertex -10 6 4
      vertex -3.56317 6 10.6868
    endloop
  endfacet
  facet normal 0 -1 -0
    outer loop
      vertex -3.69202 6 10.8404
      vertex -10 6 4
      vertex -3.63095 6 10.7608
    endloop
  endfacet
  facet normal 0 -1 -0
    outer loop
      vertex -3.74593 6 10.925
      vertex -10 6 4
      vertex -3.69202 6 10.8404
    endloop
  endfacet
  facet normal 0 -1 -0
    outer loop
      vertex -3.79225 6 11.014
      vertex -10 6 4
      vertex -3.74593 6 10.925
    endloop
  endfacet
  facet normal 0 -1 0
    outer loop
      vertex -10 6 22.5
      vertex -2.64977 6 20.6456
      vertex 14 6 22.5
    endloop
  endfacet
  facet normal 0 -1 0
    outer loop
      vertex 6.85023 6 20.6456
      vertex 14 6 22.5
      vertex 6.75 6 20.65
    endloop
  endfacet
  facet normal 0 -1 0
    outer loop
      vertex 6.94969 6 20.6325
      vertex 14 6 22.5
      vertex 6.85023 6 20.6456
    endloop
  endfacet
  facet normal 0 -1 0
    outer loop
      vertex 7.04764 6 20.6108
      vertex 14 6 22.5
      vertex 6.94969 6 20.6325
    endloop
  endfacet
  facet normal 0 -1 0
    outer loop
      vertex 7.14332 6 20.5806
      vertex 14 6 22.5
      vertex 7.04764 6 20.6108
    endloop
  endfacet
  facet normal 0 -1 0
    outer loop
      vertex 7.23601 6 20.5423
      vertex 14 6 22.5
      vertex 7.14332 6 20.5806
    endloop
  endfacet
  facet normal 0 -1 0
    outer loop
      vertex 7.325 6 20.4959
      vertex 14 6 22.5
      vertex 7.23601 6 20.5423
    endloop
  endfacet
  facet normal 0 -1 0
    outer loop
      vertex 7.40961 6 20.442
      vertex 14 6 22.5
      vertex 7.325 6 20.4959
    endloop
  endfacet
  facet normal 0 -1 0
    outer loop
      vertex 7.48921 6 20.381
      vertex 14 6 22.5
      vertex 7.40961 6 20.442
    endloop
  endfacet
  facet normal 0 -1 0
    outer loop
      vertex 7.56317 6 20.3132
      vertex 14 6 22.5
      vertex 7.48921 6 20.381
    endloop
  endfacet
  facet normal 0 -1 0
    outer loop
      vertex 7.63095 6 20.2392
      vertex 14 6 22.5
      vertex 7.56317 6 20.3132
    endloop
  endfacet
  facet normal 0 -1 0
    outer loop
      vertex 7.69202 6 20.1596
      vertex 14 6 22.5
      vertex 7.63095 6 20.2392
    endloop
  endfacet
  facet normal 0 -1 0
    outer loop
      vertex 7.74593 6 20.075
      vertex 14 6 22.5
      vertex 7.69202 6 20.1596
    endloop
  endfacet
  facet normal 0 -1 0
    outer loop
      vertex 7.79225 6 19.986
      vertex 14 6 22.5
      vertex 7.74593 6 20.075
    endloop
  endfacet
  facet normal 0 -1 0
    outer loop
      vertex 7.83065 6 19.8933
      vertex 14 6 22.5
      vertex 7.79225 6 19.986
    endloop
  endfacet
  facet normal 0 -1 0
    outer loop
      vertex 7.86081 6 19.7976
      vertex 14 6 22.5
      vertex 7.83065 6 19.8933
    endloop
  endfacet
  facet normal 0 -1 0
    outer loop
      vertex 7.88253 6 19.6997
      vertex 14 6 22.5
      vertex 7.86081 6 19.7976
    endloop
  endfacet
  facet normal 0 -1 0
    outer loop
      vertex 7.89562 6 19.6002
      vertex 14 6 22.5
      vertex 7.88253 6 19.6997
    endloop
  endfacet
  facet normal 0 -1 0
    outer loop
      vertex 7.9 6 19.5
      vertex 14 6 22.5
      vertex 7.89562 6 19.6002
    endloop
  endfacet
  facet normal 0 -1 0
    outer loop
      vertex 7.9 6 11.5
      vertex 14 6 22.5
      vertex 7.9 6 19.5
    endloop
  endfacet
  facet normal 0 -1 0
    outer loop
      vertex 12.6449 6 4
      vertex 7.9 6 11.5
      vertex 7.89562 6 11.3998
    endloop
  endfacet
  facet normal 0 -1 0
    outer loop
      vertex 12.6449 6 4
      vertex 7.89562 6 11.3998
      vertex 7.88253 6 11.3003
    endloop
  endfacet
  facet normal 0 -1 0
    outer loop
      vertex 12.6449 6 4
      vertex 7.88253 6 11.3003
      vertex 7.86081 6 11.2024
    endloop
  endfacet
  facet normal 0 -1 0
    outer loop
      vertex 12.6449 6 4
      vertex 7.86081 6 11.2024
      vertex 7.83065 6 11.1067
    endloop
  endfacet
  facet normal 0 -1 0
    outer loop
      vertex 12.6449 6 4
      vertex 7.83065 6 11.1067
      vertex 7.79225 6 11.014
    endloop
  endfacet
  facet normal 0 -1 0
    outer loop
      vertex 12.6449 6 4
      vertex 7.79225 6 11.014
      vertex 7.74593 6 10.925
    endloop
  endfacet
  facet normal 0 -1 0
    outer loop
      vertex 6.64977 6 10.3544
      vertex 12.6449 6 4
      vertex 6.75 6 10.35
    endloop
  endfacet
  facet normal 0 -1 0
    outer loop
      vertex 6.75 6 10.35
      vertex 12.6449 6 4
      vertex 6.85023 6 10.3544
    endloop
  endfacet
  facet normal 0 -1 0
    outer loop
      vertex 6.85023 6 10.3544
      vertex 12.6449 6 4
      vertex 6.94969 6 10.3675
    endloop
  endfacet
  facet normal 0 -1 0
    outer loop
      vertex 6.94969 6 10.3675
      vertex 12.6449 6 4
      vertex 7.04764 6 10.3892
    endloop
  endfacet
  facet normal 0 -1 0
    outer loop
      vertex 7.04764 6 10.3892
      vertex 12.6449 6 4
      vertex 7.14332 6 10.4194
    endloop
  endfacet
  facet normal 0 -1 0
    outer loop
      vertex 12.6449 6 4
      vertex 7.23601 6 10.4577
      vertex 7.14332 6 10.4194
    endloop
  endfacet
  facet normal 0 -1 0
    outer loop
      vertex 12.6449 6 4
      vertex 7.325 6 10.5041
      vertex 7.23601 6 10.4577
    endloop
  endfacet
  facet normal 0 -1 0
    outer loop
      vertex 12.6449 6 4
      vertex 7.40961 6 10.558
      vertex 7.325 6 10.5041
    endloop
  endfacet
  facet normal 0 -1 0
    outer loop
      vertex 12.6449 6 4
      vertex 7.48921 6 10.619
      vertex 7.40961 6 10.558
    endloop
  endfacet
  facet normal 0 -1 0
    outer loop
      vertex 12.6449 6 4
      vertex 7.56317 6 10.6868
      vertex 7.48921 6 10.619
    endloop
  endfacet
  facet normal 0 -1 0
    outer loop
      vertex 12.6449 6 4
      vertex 7.63095 6 10.7608
      vertex 7.56317 6 10.6868
    endloop
  endfacet
  facet normal 0 -1 0
    outer loop
      vertex 12.6449 6 4
      vertex 7.69202 6 10.8404
      vertex 7.63095 6 10.7608
    endloop
  endfacet
  facet normal 0 -1 0
    outer loop
      vertex 12.6449 6 4
      vertex 7.74593 6 10.925
      vertex 7.69202 6 10.8404
    endloop
  endfacet
  facet normal 0 -1 0
    outer loop
      vertex 7.9 6 11.5
      vertex 12.6449 6 4
      vertex 14 6 22.5
    endloop
  endfacet
  facet normal 0 -1 0
    outer loop
      vertex 14 6 0
      vertex 12.6449 6 4
      vertex 12.6449 6 0
    endloop
  endfacet
  facet normal 0 -1 0
    outer loop
      vertex 12.6449 6 4
      vertex 14 6 0
      vertex 14 6 22.5
    endloop
  endfacet
  facet normal 1 0 0
    outer loop
      vertex -7.5 16 4
      vertex -7.5 11.8058 4
      vertex -7.5 16 0
    endloop
  endfacet
  facet normal 1 0 0
    outer loop
      vertex -7.5 9 18.5
      vertex -7.5 11.8058 4
      vertex -7.5 16 4
    endloop
  endfacet
  facet normal 1 0 0
    outer loop
      vertex -7.5 11.8058 4
      vertex -7.5 9 18.5
      vertex -7.5 9 4
    endloop
  endfacet
  facet normal 1 0 0
    outer loop
      vertex -7.5 16 0
      vertex -7.5 11.8058 4
      vertex -7.5 11.8058 0
    endloop
  endfacet
  facet normal -1 0 0
    outer loop
      vertex 11.5 9 0
      vertex 11.5 16 4
      vertex 11.5 16 0
    endloop
  endfacet
  facet normal -1 -0 0
    outer loop
      vertex 11.5 16 4
      vertex 11.5 9 0
      vertex 11.5 9 18.5
    endloop
  endfacet
  facet normal 1 0 0
    outer loop
      vertex 14 9 22.5
      vertex 14 6 22.5
      vertex 14 9 18.5
    endloop
  endfacet
  facet normal 1 0 0
    outer loop
      vertex 14 6 0
      vertex 14 16 4
      vertex 14 9 18.5
    endloop
  endfacet
  facet normal 1 0 0
    outer loop
      vertex 14 6 0
      vertex 14 9 18.5
      vertex 14 6 22.5
    endloop
  endfacet
  facet normal 1 0 0
    outer loop
      vertex 14 16 4
      vertex 14 6 0
      vertex 14 16 0
    endloop
  endfacet
  facet normal 0 0.900552 0.434749
    outer loop
      vertex 14 16 4
      vertex 11.5 9 18.5
      vertex 14 9 18.5
    endloop
  endfacet
  facet normal 0 0.900552 0.434749
    outer loop
      vertex 11.5 9 18.5
      vertex 14 16 4
      vertex 11.5 16 4
    endloop
  endfacet
  facet normal 0 1 -0
    outer loop
      vertex 14 16 0
      vertex 11.5 16 4
      vertex 14 16 4
    endloop
  endfacet
  facet normal 0 1 0
    outer loop
      vertex 11.5 16 4
      vertex 14 16 0
      vertex 11.5 16 0
    endloop
  endfacet
  facet normal 0.991447 0.130513 0
    outer loop
      vertex 13.9467 1.22018 4
      vertex 13.7873 2.43107 0
      vertex 13.7873 2.43107 4
    endloop
  endfacet
  facet normal 0.991447 0.130513 0
    outer loop
      vertex 13.7873 2.43107 0
      vertex 13.9467 1.22018 4
      vertex 13.9467 1.22018 0
    endloop
  endfacet
  facet normal 0.999047 0.0436405 0
    outer loop
      vertex 14 0 4
      vertex 13.9467 1.22018 0
      vertex 13.9467 1.22018 4
    endloop
  endfacet
  facet normal 0.999047 0.0436405 0
    outer loop
      vertex 13.9467 1.22018 0
      vertex 14 0 4
      vertex 14 0 0
    endloop
  endfacet
  facet normal 0.976304 0.216402 0
    outer loop
      vertex 13.7873 2.43107 4
      vertex 13.523 3.62347 0
      vertex 13.523 3.62347 4
    endloop
  endfacet
  facet normal 0.976304 0.216402 0
    outer loop
      vertex 13.523 3.62347 0
      vertex 13.7873 2.43107 4
      vertex 13.7873 2.43107 0
    endloop
  endfacet
  facet normal -0.537377 0.843342 0
    outer loop
      vertex -7 12.1244 0
      vertex -7.5 11.8058 4
      vertex -7 12.1244 4
    endloop
  endfacet
  facet normal -0.537377 0.843342 0
    outer loop
      vertex -7.5 11.8058 4
      vertex -7 12.1244 0
      vertex -7.5 11.8058 0
    endloop
  endfacet
  facet normal -0.38269 0.923877 0
    outer loop
      vertex -4.78828 13.1557 0
      vertex -5.91666 12.6883 4
      vertex -4.78828 13.1557 4
    endloop
  endfacet
  facet normal -0.38269 0.923877 0
    outer loop
      vertex -5.91666 12.6883 4
      vertex -4.78828 13.1557 0
      vertex -5.91666 12.6883 0
    endloop
  endfacet
  facet normal 0.537342 -0.843364 0
    outer loop
      vertex 7 -12.1244 0
      vertex 8.03007 -11.4681 4
      vertex 7 -12.1244 4
    endloop
  endfacet
  facet normal 0.537342 -0.843364 0
    outer loop
      vertex 8.03007 -11.4681 4
      vertex 7 -12.1244 0
      vertex 8.03007 -11.4681 0
    endloop
  endfacet
  facet normal -0.793357 0.608757 0
    outer loop
      vertex -11.4681 8.03007 0
      vertex -10.7246 8.99903 4
      vertex -10.7246 8.99903 0
    endloop
  endfacet
  facet normal -0.793357 0.608757 0
    outer loop
      vertex -10.7246 8.99903 4
      vertex -11.4681 8.03007 0
      vertex -11.4681 8.03007 4
    endloop
  endfacet
  facet normal 0.737286 0.675581 0
    outer loop
      vertex 10.7237 9 4
      vertex 9.89949 9.89949 0
      vertex 9.89949 9.89949 4
    endloop
  endfacet
  facet normal 0.737286 0.675581 0
    outer loop
      vertex 9.89949 9.89949 0
      vertex 10.7237 9 4
      vertex 10.7237 9 0
    endloop
  endfacet
  facet normal 0.38269 0.923877 -0
    outer loop
      vertex 5.91666 12.6883 0
      vertex 4.78828 13.1557 4
      vertex 5.91666 12.6883 4
    endloop
  endfacet
  facet normal 0.38269 0.923877 0
    outer loop
      vertex 4.78828 13.1557 4
      vertex 5.91666 12.6883 0
      vertex 4.78828 13.1557 0
    endloop
  endfacet
  facet normal 0.923877 0.38269 0
    outer loop
      vertex 13.1557 4.78828 4
      vertex 12.6883 5.91666 0
      vertex 12.6883 5.91666 4
    endloop
  endfacet
  facet normal 0.923877 0.38269 0
    outer loop
      vertex 12.6883 5.91666 0
      vertex 13.1557 4.78828 4
      vertex 13.1557 4.78828 0
    endloop
  endfacet
  facet normal -0.999047 0.0436405 0
    outer loop
      vertex -14 0 0
      vertex -13.9467 1.22018 4
      vertex -13.9467 1.22018 0
    endloop
  endfacet
  facet normal -0.999047 0.0436405 0
    outer loop
      vertex -13.9467 1.22018 4
      vertex -14 0 0
      vertex -14 0 4
    endloop
  endfacet
  facet normal -0.953708 -0.300733 0
    outer loop
      vertex -13.1557 -4.78828 0
      vertex -13.523 -3.62347 4
      vertex -13.523 -3.62347 0
    endloop
  endfacet
  facet normal -0.953708 -0.300733 0
    outer loop
      vertex -13.523 -3.62347 4
      vertex -13.1557 -4.78828 0
      vertex -13.1557 -4.78828 4
    endloop
  endfacet
  facet normal -0.999047 -0.0436405 0
    outer loop
      vertex -13.9467 -1.22018 0
      vertex -14 0 4
      vertex -14 0 0
    endloop
  endfacet
  facet normal -0.999047 -0.0436405 0
    outer loop
      vertex -14 0 4
      vertex -13.9467 -1.22018 0
      vertex -13.9467 -1.22018 4
    endloop
  endfacet
  facet normal 0.923877 -0.38269 0
    outer loop
      vertex 12.6883 -5.91666 4
      vertex 13.1557 -4.78828 0
      vertex 13.1557 -4.78828 4
    endloop
  endfacet
  facet normal 0.923877 -0.38269 0
    outer loop
      vertex 13.1557 -4.78828 0
      vertex 12.6883 -5.91666 4
      vertex 12.6883 -5.91666 0
    endloop
  endfacet
  facet normal 0.999047 -0.0436405 0
    outer loop
      vertex 13.9467 -1.22018 4
      vertex 14 0 0
      vertex 14 0 4
    endloop
  endfacet
  facet normal 0.999047 -0.0436405 0
    outer loop
      vertex 14 0 0
      vertex 13.9467 -1.22018 4
      vertex 13.9467 -1.22018 0
    endloop
  endfacet
  facet normal -0.976304 -0.216402 0
    outer loop
      vertex -13.523 -3.62347 0
      vertex -13.7873 -2.43107 4
      vertex -13.7873 -2.43107 0
    endloop
  endfacet
  facet normal -0.976304 -0.216402 0
    outer loop
      vertex -13.7873 -2.43107 4
      vertex -13.523 -3.62347 0
      vertex -13.523 -3.62347 4
    endloop
  endfacet
  facet normal 0.537342 0.843364 -0
    outer loop
      vertex 8.03007 11.4681 0
      vertex 7 12.1244 4
      vertex 8.03007 11.4681 4
    endloop
  endfacet
  facet normal 0.537342 0.843364 0
    outer loop
      vertex 7 12.1244 4
      vertex 8.03007 11.4681 0
      vertex 7 12.1244 0
    endloop
  endfacet
  facet normal 0.976304 -0.216402 0
    outer loop
      vertex 13.523 -3.62347 4
      vertex 13.7873 -2.43107 0
      vertex 13.7873 -2.43107 4
    endloop
  endfacet
  facet normal 0.976304 -0.216402 0
    outer loop
      vertex 13.7873 -2.43107 0
      vertex 13.523 -3.62347 4
      vertex 13.523 -3.62347 0
    endloop
  endfacet
  facet normal -0.923877 -0.38269 0
    outer loop
      vertex -12.6883 -5.91666 0
      vertex -13.1557 -4.78828 4
      vertex -13.1557 -4.78828 0
    endloop
  endfacet
  facet normal -0.923877 -0.38269 0
    outer loop
      vertex -13.1557 -4.78828 4
      vertex -12.6883 -5.91666 0
      vertex -12.6883 -5.91666 4
    endloop
  endfacet
  facet normal -0.461716 0.887028 0
    outer loop
      vertex -5.91666 12.6883 0
      vertex -7 12.1244 4
      vertex -5.91666 12.6883 4
    endloop
  endfacet
  facet normal -0.461716 0.887028 0
    outer loop
      vertex -7 12.1244 4
      vertex -5.91666 12.6883 0
      vertex -7 12.1244 0
    endloop
  endfacet
  facet normal -0.300723 0.953712 0
    outer loop
      vertex -4.5 13.2466 0
      vertex -4.78828 13.1557 4
      vertex -4.5 13.2466 4
    endloop
  endfacet
  facet normal -0.300723 0.953712 0
    outer loop
      vertex -4.78828 13.1557 4
      vertex -4.5 13.2466 0
      vertex -4.78828 13.1557 0
    endloop
  endfacet
  facet normal -0.887028 0.461716 0
    outer loop
      vertex -12.6883 5.91666 0
      vertex -12.1244 7 4
      vertex -12.1244 7 0
    endloop
  endfacet
  facet normal -0.887028 0.461716 0
    outer loop
      vertex -12.1244 7 4
      vertex -12.6883 5.91666 0
      vertex -12.6883 5.91666 4
    endloop
  endfacet
  facet normal -0.923877 0.38269 0
    outer loop
      vertex -13.1557 4.78828 0
      vertex -12.6883 5.91666 4
      vertex -12.6883 5.91666 0
    endloop
  endfacet
  facet normal -0.923877 0.38269 0
    outer loop
      vertex -12.6883 5.91666 4
      vertex -13.1557 4.78828 0
      vertex -13.1557 4.78828 4
    endloop
  endfacet
  facet normal 0.991447 -0.130513 0
    outer loop
      vertex 13.7873 -2.43107 4
      vertex 13.9467 -1.22018 0
      vertex 13.9467 -1.22018 4
    endloop
  endfacet
  facet normal 0.991447 -0.130513 0
    outer loop
      vertex 13.9467 -1.22018 0
      vertex 13.7873 -2.43107 4
      vertex 13.7873 -2.43107 0
    endloop
  endfacet
  facet normal 0.461716 -0.887028 0
    outer loop
      vertex 5.91666 -12.6883 0
      vertex 7 -12.1244 4
      vertex 5.91666 -12.6883 4
    endloop
  endfacet
  facet normal 0.461716 -0.887028 0
    outer loop
      vertex 7 -12.1244 4
      vertex 5.91666 -12.6883 0
      vertex 7 -12.1244 0
    endloop
  endfacet
  facet normal -0.976304 0.216402 0
    outer loop
      vertex -13.7873 2.43107 0
      vertex -13.523 3.62347 4
      vertex -13.523 3.62347 0
    endloop
  endfacet
  facet normal -0.976304 0.216402 0
    outer loop
      vertex -13.523 3.62347 4
      vertex -13.7873 2.43107 0
      vertex -13.7873 2.43107 4
    endloop
  endfacet
  facet normal -0.38269 -0.923877 0
    outer loop
      vertex -5.91666 -12.6883 0
      vertex -4.78828 -13.1557 4
      vertex -5.91666 -12.6883 4
    endloop
  endfacet
  facet normal -0.38269 -0.923877 -0
    outer loop
      vertex -4.78828 -13.1557 4
      vertex -5.91666 -12.6883 0
      vertex -4.78828 -13.1557 0
    endloop
  endfacet
  facet normal -0.843364 0.537342 0
    outer loop
      vertex -12.1244 7 0
      vertex -11.4681 8.03007 4
      vertex -11.4681 8.03007 0
    endloop
  endfacet
  facet normal -0.843364 0.537342 0
    outer loop
      vertex -11.4681 8.03007 4
      vertex -12.1244 7 0
      vertex -12.1244 7 4
    endloop
  endfacet
  facet normal 0.608757 -0.793357 0
    outer loop
      vertex 8.03007 -11.4681 0
      vertex 8.99903 -10.7246 4
      vertex 8.03007 -11.4681 4
    endloop
  endfacet
  facet normal 0.608757 -0.793357 0
    outer loop
      vertex 8.99903 -10.7246 4
      vertex 8.03007 -11.4681 0
      vertex 8.99903 -10.7246 0
    endloop
  endfacet
  facet normal 0.300723 0.953712 -0
    outer loop
      vertex 4.78828 13.1557 0
      vertex 4.5 13.2466 4
      vertex 4.78828 13.1557 4
    endloop
  endfacet
  facet normal 0.300723 0.953712 0
    outer loop
      vertex 4.5 13.2466 4
      vertex 4.78828 13.1557 0
      vertex 4.5 13.2466 0
    endloop
  endfacet
  facet normal -0.953708 0.300733 0
    outer loop
      vertex -13.523 3.62347 0
      vertex -13.1557 4.78828 4
      vertex -13.1557 4.78828 0
    endloop
  endfacet
  facet normal -0.953708 0.300733 0
    outer loop
      vertex -13.1557 4.78828 4
      vertex -13.523 3.62347 0
      vertex -13.523 3.62347 4
    endloop
  endfacet
  facet normal 0.608757 0.793357 -0
    outer loop
      vertex 8.99903 10.7246 0
      vertex 8.03007 11.4681 4
      vertex 8.99903 10.7246 4
    endloop
  endfacet
  facet normal 0.608757 0.793357 0
    outer loop
      vertex 8.03007 11.4681 4
      vertex 8.99903 10.7246 0
      vertex 8.03007 11.4681 0
    endloop
  endfacet
  facet normal 0.887028 -0.461716 0
    outer loop
      vertex 12.1244 -7 4
      vertex 12.6883 -5.91666 0
      vertex 12.6883 -5.91666 4
    endloop
  endfacet
  facet normal 0.887028 -0.461716 0
    outer loop
      vertex 12.6883 -5.91666 0
      vertex 12.1244 -7 4
      vertex 12.1244 -7 0
    endloop
  endfacet
  facet normal 0.461716 0.887028 -0
    outer loop
      vertex 7 12.1244 0
      vertex 5.91666 12.6883 4
      vertex 7 12.1244 4
    endloop
  endfacet
  facet normal 0.461716 0.887028 0
    outer loop
      vertex 5.91666 12.6883 4
      vertex 7 12.1244 0
      vertex 5.91666 12.6883 0
    endloop
  endfacet
  facet normal -0.843364 -0.537342 0
    outer loop
      vertex -11.4681 -8.03007 0
      vertex -12.1244 -7 4
      vertex -12.1244 -7 0
    endloop
  endfacet
  facet normal -0.843364 -0.537342 0
    outer loop
      vertex -12.1244 -7 4
      vertex -11.4681 -8.03007 0
      vertex -11.4681 -8.03007 4
    endloop
  endfacet
  facet normal 0.843364 -0.537342 0
    outer loop
      vertex 11.4681 -8.03007 4
      vertex 12.1244 -7 0
      vertex 12.1244 -7 4
    endloop
  endfacet
  facet normal 0.843364 -0.537342 0
    outer loop
      vertex 12.1244 -7 0
      vertex 11.4681 -8.03007 4
      vertex 11.4681 -8.03007 0
    endloop
  endfacet
  facet normal 0.953708 0.300733 0
    outer loop
      vertex 13.523 3.62347 4
      vertex 13.1557 4.78828 0
      vertex 13.1557 4.78828 4
    endloop
  endfacet
  facet normal 0.953708 0.300733 0
    outer loop
      vertex 13.1557 4.78828 0
      vertex 13.523 3.62347 4
      vertex 13.523 3.62347 0
    endloop
  endfacet
  facet normal 0.886941 0.461882 0
    outer loop
      vertex 12.6883 5.91666 4
      vertex 12.6449 6 0
      vertex 12.6449 6 4
    endloop
  endfacet
  facet normal 0.886941 0.461882 0
    outer loop
      vertex 12.6449 6 0
      vertex 12.6883 5.91666 4
      vertex 12.6883 5.91666 0
    endloop
  endfacet
  facet normal 0.300723 -0.953712 0
    outer loop
      vertex 4.5 -13.2466 0
      vertex 4.78828 -13.1557 4
      vertex 4.5 -13.2466 4
    endloop
  endfacet
  facet normal 0.300723 -0.953712 0
    outer loop
      vertex 4.78828 -13.1557 4
      vertex 4.5 -13.2466 0
      vertex 4.78828 -13.1557 0
    endloop
  endfacet
  facet normal -0.300723 -0.953712 0
    outer loop
      vertex -4.78828 -13.1557 0
      vertex -4.5 -13.2466 4
      vertex -4.78828 -13.1557 4
    endloop
  endfacet
  facet normal -0.300723 -0.953712 -0
    outer loop
      vertex -4.5 -13.2466 4
      vertex -4.78828 -13.1557 0
      vertex -4.5 -13.2466 0
    endloop
  endfacet
  facet normal -0.793357 -0.608757 0
    outer loop
      vertex -10.7246 -8.99903 0
      vertex -11.4681 -8.03007 4
      vertex -11.4681 -8.03007 0
    endloop
  endfacet
  facet normal -0.793357 -0.608757 0
    outer loop
      vertex -11.4681 -8.03007 4
      vertex -10.7246 -8.99903 0
      vertex -10.7246 -8.99903 4
    endloop
  endfacet
  facet normal 0.793357 -0.608757 0
    outer loop
      vertex 10.7246 -8.99903 4
      vertex 11.4681 -8.03007 0
      vertex 11.4681 -8.03007 4
    endloop
  endfacet
  facet normal 0.793357 -0.608757 0
    outer loop
      vertex 11.4681 -8.03007 0
      vertex 10.7246 -8.99903 4
      vertex 10.7246 -8.99903 0
    endloop
  endfacet
  facet normal -0.991447 0.130513 0
    outer loop
      vertex -13.9467 1.22018 0
      vertex -13.7873 2.43107 4
      vertex -13.7873 2.43107 0
    endloop
  endfacet
  facet normal -0.991447 0.130513 0
    outer loop
      vertex -13.7873 2.43107 4
      vertex -13.9467 1.22018 0
      vertex -13.9467 1.22018 4
    endloop
  endfacet
  facet normal 0.38269 -0.923877 0
    outer loop
      vertex 4.78828 -13.1557 0
      vertex 5.91666 -12.6883 4
      vertex 4.78828 -13.1557 4
    endloop
  endfacet
  facet normal 0.38269 -0.923877 0
    outer loop
      vertex 5.91666 -12.6883 4
      vertex 4.78828 -13.1557 0
      vertex 5.91666 -12.6883 0
    endloop
  endfacet
  facet normal -0.737281 -0.675586 0
    outer loop
      vertex -9.89949 -9.89949 0
      vertex -10.7246 -8.99903 4
      vertex -10.7246 -8.99903 0
    endloop
  endfacet
  facet normal -0.737281 -0.675586 0
    outer loop
      vertex -10.7246 -8.99903 4
      vertex -9.89949 -9.89949 0
      vertex -9.89949 -9.89949 4
    endloop
  endfacet
  facet normal 0.675586 0.737281 -0
    outer loop
      vertex 9.89949 9.89949 0
      vertex 8.99903 10.7246 4
      vertex 9.89949 9.89949 4
    endloop
  endfacet
  facet normal 0.675586 0.737281 0
    outer loop
      vertex 8.99903 10.7246 4
      vertex 9.89949 9.89949 0
      vertex 8.99903 10.7246 0
    endloop
  endfacet
  facet normal 0.953708 -0.300733 0
    outer loop
      vertex 13.1557 -4.78828 4
      vertex 13.523 -3.62347 0
      vertex 13.523 -3.62347 4
    endloop
  endfacet
  facet normal 0.953708 -0.300733 0
    outer loop
      vertex 13.523 -3.62347 0
      vertex 13.1557 -4.78828 4
      vertex 13.1557 -4.78828 0
    endloop
  endfacet
  facet normal -0.675586 -0.737281 0
    outer loop
      vertex -9.89949 -9.89949 0
      vertex -8.99903 -10.7246 4
      vertex -9.89949 -9.89949 4
    endloop
  endfacet
  facet normal -0.675586 -0.737281 -0
    outer loop
      vertex -8.99903 -10.7246 4
      vertex -9.89949 -9.89949 0
      vertex -8.99903 -10.7246 0
    endloop
  endfacet
  facet normal -0.991447 -0.130513 0
    outer loop
      vertex -13.7873 -2.43107 0
      vertex -13.9467 -1.22018 4
      vertex -13.9467 -1.22018 0
    endloop
  endfacet
  facet normal -0.991447 -0.130513 0
    outer loop
      vertex -13.9467 -1.22018 4
      vertex -13.7873 -2.43107 0
      vertex -13.7873 -2.43107 4
    endloop
  endfacet
  facet normal -0.737285 0.675582 0
    outer loop
      vertex -10.7246 8.99903 0
      vertex -10 9.78981 4
      vertex -10 9.78981 0
    endloop
  endfacet
  facet normal -0.737285 0.675582 0
    outer loop
      vertex -10 9.78981 4
      vertex -10.7246 8.99903 0
      vertex -10.7246 8.99903 4
    endloop
  endfacet
  facet normal -0.887028 -0.461716 0
    outer loop
      vertex -12.1244 -7 0
      vertex -12.6883 -5.91666 4
      vertex -12.6883 -5.91666 0
    endloop
  endfacet
  facet normal -0.887028 -0.461716 0
    outer loop
      vertex -12.6883 -5.91666 4
      vertex -12.1244 -7 0
      vertex -12.1244 -7 4
    endloop
  endfacet
  facet normal 0.737281 -0.675586 0
    outer loop
      vertex 9.89949 -9.89949 4
      vertex 10.7246 -8.99903 0
      vertex 10.7246 -8.99903 4
    endloop
  endfacet
  facet normal 0.737281 -0.675586 0
    outer loop
      vertex 10.7246 -8.99903 0
      vertex 9.89949 -9.89949 4
      vertex 9.89949 -9.89949 0
    endloop
  endfacet
  facet normal -0.608757 -0.793357 0
    outer loop
      vertex -8.99903 -10.7246 0
      vertex -8.03007 -11.4681 4
      vertex -8.99903 -10.7246 4
    endloop
  endfacet
  facet normal -0.608757 -0.793357 -0
    outer loop
      vertex -8.03007 -11.4681 4
      vertex -8.99903 -10.7246 0
      vertex -8.03007 -11.4681 0
    endloop
  endfacet
  facet normal -0.461716 -0.887028 0
    outer loop
      vertex -7 -12.1244 0
      vertex -5.91666 -12.6883 4
      vertex -7 -12.1244 4
    endloop
  endfacet
  facet normal -0.461716 -0.887028 -0
    outer loop
      vertex -5.91666 -12.6883 4
      vertex -7 -12.1244 0
      vertex -5.91666 -12.6883 0
    endloop
  endfacet
  facet normal -0.537342 -0.843364 0
    outer loop
      vertex -8.03007 -11.4681 0
      vertex -7 -12.1244 4
      vertex -8.03007 -11.4681 4
    endloop
  endfacet
  facet normal -0.537342 -0.843364 -0
    outer loop
      vertex -7 -12.1244 4
      vertex -8.03007 -11.4681 0
      vertex -7 -12.1244 0
    endloop
  endfacet
  facet normal 0.675586 -0.737281 0
    outer loop
      vertex 8.99903 -10.7246 0
      vertex 9.89949 -9.89949 4
      vertex 8.99903 -10.7246 4
    endloop
  endfacet
  facet normal 0.675586 -0.737281 0
    outer loop
      vertex 9.89949 -9.89949 4
      vertex 8.99903 -10.7246 0
      vertex 9.89949 -9.89949 0
    endloop
  endfacet
  facet normal -0 0 1
    outer loop
      vertex -10 9 22.5
      vertex 14 6 22.5
      vertex 14 9 22.5
    endloop
  endfacet
  facet normal 0 0 1
    outer loop
      vertex 14 6 22.5
      vertex -10 9 22.5
      vertex -10 6 22.5
    endloop
  endfacet
  facet normal 0 1 -0
    outer loop
      vertex -3.9 9 11.5
      vertex -7.5 9 18.5
      vertex -3.9 9 19.5
    endloop
  endfacet
  facet normal 0 1 0
    outer loop
      vertex -7.5 9 4
      vertex -3.9 9 11.5
      vertex -3.89562 9 11.3998
    endloop
  endfacet
  facet normal 0 1 0
    outer loop
      vertex -7.5 9 4
      vertex -3.89562 9 11.3998
      vertex -3.88253 9 11.3003
    endloop
  endfacet
  facet normal 0 1 0
    outer loop
      vertex -7.5 9 4
      vertex -3.88253 9 11.3003
      vertex -3.86081 9 11.2024
    endloop
  endfacet
  facet normal 0 1 0
    outer loop
      vertex -7.5 9 4
      vertex -3.86081 9 11.2024
      vertex -3.83065 9 11.1067
    endloop
  endfacet
  facet normal 0 1 0
    outer loop
      vertex -7.5 9 4
      vertex -3.83065 9 11.1067
      vertex -3.79225 9 11.014
    endloop
  endfacet
  facet normal 0 1 0
    outer loop
      vertex -2.64977 9 10.3544
      vertex -7.5 9 4
      vertex -2.75 9 10.35
    endloop
  endfacet
  facet normal 0 1 0
    outer loop
      vertex -2.75 9 10.35
      vertex -7.5 9 4
      vertex -2.85023 9 10.3544
    endloop
  endfacet
  facet normal 0 1 0
    outer loop
      vertex -2.85023 9 10.3544
      vertex -7.5 9 4
      vertex -2.94969 9 10.3675
    endloop
  endfacet
  facet normal 0 1 0
    outer loop
      vertex -2.94969 9 10.3675
      vertex -7.5 9 4
      vertex -3.04764 9 10.3892
    endloop
  endfacet
  facet normal 0 1 0
    outer loop
      vertex -3.04764 9 10.3892
      vertex -7.5 9 4
      vertex -3.14332 9 10.4194
    endloop
  endfacet
  facet normal 0 1 0
    outer loop
      vertex -3.9 9 11.5
      vertex -7.5 9 4
      vertex -7.5 9 18.5
    endloop
  endfacet
  facet normal 0 1 0
    outer loop
      vertex -3.74593 9 10.925
      vertex -7.5 9 4
      vertex -3.79225 9 11.014
    endloop
  endfacet
  facet normal 0 1 0
    outer loop
      vertex -3.69202 9 10.8404
      vertex -7.5 9 4
      vertex -3.74593 9 10.925
    endloop
  endfacet
  facet normal 0 1 0
    outer loop
      vertex -3.63095 9 10.7608
      vertex -7.5 9 4
      vertex -3.69202 9 10.8404
    endloop
  endfacet
  facet normal 0 1 0
    outer loop
      vertex -3.56317 9 10.6868
      vertex -7.5 9 4
      vertex -3.63095 9 10.7608
    endloop
  endfacet
  facet normal 0 1 0
    outer loop
      vertex -3.48921 9 10.619
      vertex -7.5 9 4
      vertex -3.56317 9 10.6868
    endloop
  endfacet
  facet normal 0 1 0
    outer loop
      vertex -3.40961 9 10.558
      vertex -7.5 9 4
      vertex -3.48921 9 10.619
    endloop
  endfacet
  facet normal 0 1 0
    outer loop
      vertex -3.325 9 10.5041
      vertex -7.5 9 4
      vertex -3.40961 9 10.558
    endloop
  endfacet
  facet normal 0 1 0
    outer loop
      vertex -3.23601 9 10.4577
      vertex -7.5 9 4
      vertex -3.325 9 10.5041
    endloop
  endfacet
  facet normal 0 1 0
    outer loop
      vertex -3.14332 9 10.4194
      vertex -7.5 9 4
      vertex -3.23601 9 10.4577
    endloop
  endfacet
  facet normal 0 1 -0
    outer loop
      vertex -2.64977 9 20.6456
      vertex -10 9 22.5
      vertex 6.64977 9 20.6456
    endloop
  endfacet
  facet normal 0 1 0
    outer loop
      vertex -10 9 22.5
      vertex -2.64977 9 20.6456
      vertex -2.75 9 20.65
    endloop
  endfacet
  facet normal 0 1 -0
    outer loop
      vertex 6.5503 9 20.6325
      vertex -2.64977 9 20.6456
      vertex 6.64977 9 20.6456
    endloop
  endfacet
  facet normal 0 1 0
    outer loop
      vertex 6.5503 9 20.6325
      vertex -2.5503 9 20.6325
      vertex -2.64977 9 20.6456
    endloop
  endfacet
  facet normal 0 1 -0
    outer loop
      vertex 6.45236 9 20.6108
      vertex -2.5503 9 20.6325
      vertex 6.5503 9 20.6325
    endloop
  endfacet
  facet normal 0 1 0
    outer loop
      vertex 6.45236 9 20.6108
      vertex -2.45236 9 20.6108
      vertex -2.5503 9 20.6325
    endloop
  endfacet
  facet normal 0 1 -0
    outer loop
      vertex 6.35668 9 20.5806
      vertex -2.45236 9 20.6108
      vertex 6.45236 9 20.6108
    endloop
  endfacet
  facet normal 0 1 0
    outer loop
      vertex 6.35668 9 20.5806
      vertex -2.35668 9 20.5806
      vertex -2.45236 9 20.6108
    endloop
  endfacet
  facet normal 0 1 -0
    outer loop
      vertex 6.26399 9 20.5423
      vertex -2.35668 9 20.5806
      vertex 6.35668 9 20.5806
    endloop
  endfacet
  facet normal 0 1 0
    outer loop
      vertex 6.26399 9 20.5423
      vertex -2.26399 9 20.5423
      vertex -2.35668 9 20.5806
    endloop
  endfacet
  facet normal 0 1 -0
    outer loop
      vertex 6.175 9 20.4959
      vertex -2.26399 9 20.5423
      vertex 6.26399 9 20.5423
    endloop
  endfacet
  facet normal 0 1 0
    outer loop
      vertex 6.175 9 20.4959
      vertex -2.175 9 20.4959
      vertex -2.26399 9 20.5423
    endloop
  endfacet
  facet normal 0 1 -0
    outer loop
      vertex 6.09039 9 20.442
      vertex -2.175 9 20.4959
      vertex 6.175 9 20.4959
    endloop
  endfacet
  facet normal 0 1 0
    outer loop
      vertex 6.09039 9 20.442
      vertex -2.09039 9 20.442
      vertex -2.175 9 20.4959
    endloop
  endfacet
  facet normal 0 1 -0
    outer loop
      vertex 6.01079 9 20.381
      vertex -2.09039 9 20.442
      vertex 6.09039 9 20.442
    endloop
  endfacet
  facet normal 0 1 0
    outer loop
      vertex 6.01079 9 20.381
      vertex -2.01079 9 20.381
      vertex -2.09039 9 20.442
    endloop
  endfacet
  facet normal 0 1 -0
    outer loop
      vertex 5.93683 9 20.3132
      vertex -2.01079 9 20.381
      vertex 6.01079 9 20.381
    endloop
  endfacet
  facet normal 0 1 0
    outer loop
      vertex 5.93683 9 20.3132
      vertex -1.93683 9 20.3132
      vertex -2.01079 9 20.381
    endloop
  endfacet
  facet normal 0 1 -0
    outer loop
      vertex 5.86905 9 20.2392
      vertex -1.93683 9 20.3132
      vertex 5.93683 9 20.3132
    endloop
  endfacet
  facet normal 0 1 0
    outer loop
      vertex 5.86905 9 20.2392
      vertex -1.86905 9 20.2392
      vertex -1.93683 9 20.3132
    endloop
  endfacet
  facet normal 0 1 -0
    outer loop
      vertex 5.80797 9 20.1596
      vertex -1.86905 9 20.2392
      vertex 5.86905 9 20.2392
    endloop
  endfacet
  facet normal 0 1 0
    outer loop
      vertex 5.80797 9 20.1596
      vertex -1.80797 9 20.1596
      vertex -1.86905 9 20.2392
    endloop
  endfacet
  facet normal 0 1 -0
    outer loop
      vertex 5.75407 9 20.075
      vertex -1.80797 9 20.1596
      vertex 5.80797 9 20.1596
    endloop
  endfacet
  facet normal 0 1 0
    outer loop
      vertex 5.75407 9 20.075
      vertex -1.75407 9 20.075
      vertex -1.80797 9 20.1596
    endloop
  endfacet
  facet normal 0 1 -0
    outer loop
      vertex 5.70775 9 19.986
      vertex -1.75407 9 20.075
      vertex 5.75407 9 20.075
    endloop
  endfacet
  facet normal 0 1 0
    outer loop
      vertex 5.70775 9 19.986
      vertex -1.70775 9 19.986
      vertex -1.75407 9 20.075
    endloop
  endfacet
  facet normal 0 1 -0
    outer loop
      vertex 5.66935 9 19.8933
      vertex -1.70775 9 19.986
      vertex 5.70775 9 19.986
    endloop
  endfacet
  facet normal 0 1 0
    outer loop
      vertex 5.66935 9 19.8933
      vertex -1.66935 9 19.8933
      vertex -1.70775 9 19.986
    endloop
  endfacet
  facet normal 0 1 -0
    outer loop
      vertex 5.63918 9 19.7976
      vertex -1.66935 9 19.8933
      vertex 5.66935 9 19.8933
    endloop
  endfacet
  facet normal 0 1 0
    outer loop
      vertex 5.63918 9 19.7976
      vertex -1.63918 9 19.7976
      vertex -1.66935 9 19.8933
    endloop
  endfacet
  facet normal 0 1 -0
    outer loop
      vertex 5.61747 9 19.6997
      vertex -1.63918 9 19.7976
      vertex 5.63918 9 19.7976
    endloop
  endfacet
  facet normal 0 1 0
    outer loop
      vertex 5.61747 9 19.6997
      vertex -1.61747 9 19.6997
      vertex -1.63918 9 19.7976
    endloop
  endfacet
  facet normal 0 1 -0
    outer loop
      vertex 5.60438 9 19.6002
      vertex -1.61747 9 19.6997
      vertex 5.61747 9 19.6997
    endloop
  endfacet
  facet normal 0 1 0
    outer loop
      vertex 5.60438 9 19.6002
      vertex -1.60438 9 19.6002
      vertex -1.61747 9 19.6997
    endloop
  endfacet
  facet normal 0 1 -0
    outer loop
      vertex 5.6 9 19.5
      vertex -1.60438 9 19.6002
      vertex 5.60438 9 19.6002
    endloop
  endfacet
  facet normal 0 1 0
    outer loop
      vertex 5.6 9 19.5
      vertex -1.6 9 19.5
      vertex -1.60438 9 19.6002
    endloop
  endfacet
  facet normal 0 1 -0
    outer loop
      vertex 5.6 9 11.5
      vertex -1.6 9 19.5
      vertex 5.6 9 19.5
    endloop
  endfacet
  facet normal 0 1 0
    outer loop
      vertex 5.6 9 11.5
      vertex -1.6 9 11.5
      vertex -1.6 9 19.5
    endloop
  endfacet
  facet normal 0 1 0
    outer loop
      vertex 5.60438 9 11.3998
      vertex -1.6 9 11.5
      vertex 5.6 9 11.5
    endloop
  endfacet
  facet normal 0 1 0
    outer loop
      vertex 5.60438 9 11.3998
      vertex -1.60438 9 11.3998
      vertex -1.6 9 11.5
    endloop
  endfacet
  facet normal 0 1 0
    outer loop
      vertex 5.61747 9 11.3003
      vertex -1.60438 9 11.3998
      vertex 5.60438 9 11.3998
    endloop
  endfacet
  facet normal 0 1 0
    outer loop
      vertex 5.61747 9 11.3003
      vertex -1.61747 9 11.3003
      vertex -1.60438 9 11.3998
    endloop
  endfacet
  facet normal 0 1 0
    outer loop
      vertex 5.63918 9 11.2024
      vertex -1.61747 9 11.3003
      vertex 5.61747 9 11.3003
    endloop
  endfacet
  facet normal 0 1 0
    outer loop
      vertex 5.63918 9 11.2024
      vertex -1.63918 9 11.2024
      vertex -1.61747 9 11.3003
    endloop
  endfacet
  facet normal 0 1 0
    outer loop
      vertex 5.66935 9 11.1067
      vertex -1.63918 9 11.2024
      vertex 5.63918 9 11.2024
    endloop
  endfacet
  facet normal 0 1 0
    outer loop
      vertex 5.66935 9 11.1067
      vertex -1.66935 9 11.1067
      vertex -1.63918 9 11.2024
    endloop
  endfacet
  facet normal 0 1 0
    outer loop
      vertex 5.70775 9 11.014
      vertex -1.66935 9 11.1067
      vertex 5.66935 9 11.1067
    endloop
  endfacet
  facet normal 0 1 0
    outer loop
      vertex 5.70775 9 11.014
      vertex -1.70775 9 11.014
      vertex -1.66935 9 11.1067
    endloop
  endfacet
  facet normal 0 1 0
    outer loop
      vertex 5.75407 9 10.925
      vertex -1.70775 9 11.014
      vertex 5.70775 9 11.014
    endloop
  endfacet
  facet normal 0 1 0
    outer loop
      vertex 5.75407 9 10.925
      vertex -1.75407 9 10.925
      vertex -1.70775 9 11.014
    endloop
  endfacet
  facet normal 0 1 0
    outer loop
      vertex 5.80797 9 10.8404
      vertex -1.75407 9 10.925
      vertex 5.75407 9 10.925
    endloop
  endfacet
  facet normal 0 1 0
    outer loop
      vertex 5.80797 9 10.8404
      vertex -1.80797 9 10.8404
      vertex -1.75407 9 10.925
    endloop
  endfacet
  facet normal 0 1 0
    outer loop
      vertex 5.86905 9 10.7608
      vertex -1.80797 9 10.8404
      vertex 5.80797 9 10.8404
    endloop
  endfacet
  facet normal 0 1 0
    outer loop
      vertex 5.86905 9 10.7608
      vertex -1.86905 9 10.7608
      vertex -1.80797 9 10.8404
    endloop
  endfacet
  facet normal 0 1 0
    outer loop
      vertex 5.93683 9 10.6868
      vertex -1.86905 9 10.7608
      vertex 5.86905 9 10.7608
    endloop
  endfacet
  facet normal 0 1 0
    outer loop
      vertex 5.93683 9 10.6868
      vertex -1.93683 9 10.6868
      vertex -1.86905 9 10.7608
    endloop
  endfacet
  facet normal 0 1 0
    outer loop
      vertex 6.01079 9 10.619
      vertex -1.93683 9 10.6868
      vertex 5.93683 9 10.6868
    endloop
  endfacet
  facet normal 0 1 0
    outer loop
      vertex 6.01079 9 10.619
      vertex -2.01079 9 10.619
      vertex -1.93683 9 10.6868
    endloop
  endfacet
  facet normal 0 1 0
    outer loop
      vertex 6.09039 9 10.558
      vertex -2.01079 9 10.619
      vertex 6.01079 9 10.619
    endloop
  endfacet
  facet normal 0 1 0
    outer loop
      vertex 6.09039 9 10.558
      vertex -2.09039 9 10.558
      vertex -2.01079 9 10.619
    endloop
  endfacet
  facet normal 0 1 0
    outer loop
      vertex 6.175 9 10.5041
      vertex -2.09039 9 10.558
      vertex 6.09039 9 10.558
    endloop
  endfacet
  facet normal 0 1 0
    outer loop
      vertex 6.175 9 10.5041
      vertex -2.175 9 10.5041
      vertex -2.09039 9 10.558
    endloop
  endfacet
  facet normal 0 1 0
    outer loop
      vertex 10.7237 9 4
      vertex 6.175 9 10.5041
      vertex 6.26399 9 10.4577
    endloop
  endfacet
  facet normal 0 1 0
    outer loop
      vertex 6.175 9 10.5041
      vertex 10.7237 9 4
      vertex -2.175 9 10.5041
    endloop
  endfacet
  facet normal 0 1 0
    outer loop
      vertex 10.7237 9 4
      vertex 6.26399 9 10.4577
      vertex 6.35668 9 10.4194
    endloop
  endfacet
  facet normal 0 1 0
    outer loop
      vertex -2.175 9 10.5041
      vertex 10.7237 9 4
      vertex -2.26399 9 10.4577
    endloop
  endfacet
  facet normal 0 1 0
    outer loop
      vertex 10.7237 9 4
      vertex 6.35668 9 10.4194
      vertex 6.45236 9 10.3892
    endloop
  endfacet
  facet normal 0 1 0
    outer loop
      vertex -7.5 9 4
      vertex -2.26399 9 10.4577
      vertex 10.7237 9 4
    endloop
  endfacet
  facet normal 0 1 0
    outer loop
      vertex 10.7237 9 4
      vertex 6.45236 9 10.3892
      vertex 6.5503 9 10.3675
    endloop
  endfacet
  facet normal 0 1 0
    outer loop
      vertex -2.26399 9 10.4577
      vertex -7.5 9 4
      vertex -2.35668 9 10.4194
    endloop
  endfacet
  facet normal 0 1 0
    outer loop
      vertex 10.7237 9 4
      vertex 6.5503 9 10.3675
      vertex 6.64977 9 10.3544
    endloop
  endfacet
  facet normal 0 1 0
    outer loop
      vertex -2.35668 9 10.4194
      vertex -7.5 9 4
      vertex -2.45236 9 10.3892
    endloop
  endfacet
  facet normal 0 1 0
    outer loop
      vertex 10.7237 9 4
      vertex 6.64977 9 10.3544
      vertex 6.75 9 10.35
    endloop
  endfacet
  facet normal 0 1 0
    outer loop
      vertex -2.45236 9 10.3892
      vertex -7.5 9 4
      vertex -2.5503 9 10.3675
    endloop
  endfacet
  facet normal 0 1 0
    outer loop
      vertex 6.64977 9 20.6456
      vertex 14 9 22.5
      vertex 6.75 9 20.65
    endloop
  endfacet
  facet normal 0 1 0
    outer loop
      vertex 14 9 22.5
      vertex 6.85023 9 20.6456
      vertex 6.75 9 20.65
    endloop
  endfacet
  facet normal 0 1 0
    outer loop
      vertex 14 9 22.5
      vertex 6.94969 9 20.6325
      vertex 6.85023 9 20.6456
    endloop
  endfacet
  facet normal 0 1 0
    outer loop
      vertex 14 9 22.5
      vertex 7.04764 9 20.6108
      vertex 6.94969 9 20.6325
    endloop
  endfacet
  facet normal 0 1 0
    outer loop
      vertex 14 9 22.5
      vertex 7.14332 9 20.5806
      vertex 7.04764 9 20.6108
    endloop
  endfacet
  facet normal 0 1 0
    outer loop
      vertex 14 9 22.5
      vertex 7.23601 9 20.5423
      vertex 7.14332 9 20.5806
    endloop
  endfacet
  facet normal 0 1 0
    outer loop
      vertex 14 9 22.5
      vertex 7.325 9 20.4959
      vertex 7.23601 9 20.5423
    endloop
  endfacet
  facet normal 0 1 0
    outer loop
      vertex 14 9 22.5
      vertex 7.40961 9 20.442
      vertex 7.325 9 20.4959
    endloop
  endfacet
  facet normal 0 1 0
    outer loop
      vertex 14 9 22.5
      vertex 7.48921 9 20.381
      vertex 7.40961 9 20.442
    endloop
  endfacet
  facet normal 0 1 0
    outer loop
      vertex 14 9 22.5
      vertex 7.56317 9 20.3132
      vertex 7.48921 9 20.381
    endloop
  endfacet
  facet normal 0 1 0
    outer loop
      vertex 14 9 22.5
      vertex 7.63095 9 20.2392
      vertex 7.56317 9 20.3132
    endloop
  endfacet
  facet normal 0 1 0
    outer loop
      vertex 14 9 22.5
      vertex 7.69202 9 20.1596
      vertex 7.63095 9 20.2392
    endloop
  endfacet
  facet normal 0 1 0
    outer loop
      vertex 14 9 22.5
      vertex 7.74593 9 20.075
      vertex 7.69202 9 20.1596
    endloop
  endfacet
  facet normal 0 1 -0
    outer loop
      vertex 11.5 9 18.5
      vertex 7.74593 9 20.075
      vertex 14 9 22.5
    endloop
  endfacet
  facet normal 0 1 0
    outer loop
      vertex 7.74593 9 20.075
      vertex 11.5 9 18.5
      vertex 7.79225 9 19.986
    endloop
  endfacet
  facet normal 0 1 0
    outer loop
      vertex 7.79225 9 19.986
      vertex 11.5 9 18.5
      vertex 7.83065 9 19.8933
    endloop
  endfacet
  facet normal 0 1 0
    outer loop
      vertex 7.83065 9 19.8933
      vertex 11.5 9 18.5
      vertex 7.86081 9 19.7976
    endloop
  endfacet
  facet normal 0 1 0
    outer loop
      vertex 7.86081 9 19.7976
      vertex 11.5 9 18.5
      vertex 7.88253 9 19.6997
    endloop
  endfacet
  facet normal 0 1 0
    outer loop
      vertex 7.88253 9 19.6997
      vertex 11.5 9 18.5
      vertex 7.89562 9 19.6002
    endloop
  endfacet
  facet normal 0 1 0
    outer loop
      vertex 11.5 9 18.5
      vertex 14 9 22.5
      vertex 14 9 18.5
    endloop
  endfacet
  facet normal 0 1 0
    outer loop
      vertex 7.89562 9 19.6002
      vertex 11.5 9 18.5
      vertex 7.9 9 19.5
    endloop
  endfacet
  facet normal 0 1 0
    outer loop
      vertex 11.5 9 18.5
      vertex 7.9 9 11.5
      vertex 7.9 9 19.5
    endloop
  endfacet
  facet normal 0 1 0
    outer loop
      vertex 11.5 9 18.5
      vertex 7.89562 9 11.3998
      vertex 7.9 9 11.5
    endloop
  endfacet
  facet normal 0 1 -0
    outer loop
      vertex 10.7237 9 4
      vertex 7.89562 9 11.3998
      vertex 11.5 9 18.5
    endloop
  endfacet
  facet normal 0 1 0
    outer loop
      vertex 7.89562 9 11.3998
      vertex 10.7237 9 4
      vertex 7.88253 9 11.3003
    endloop
  endfacet
  facet normal 0 1 0
    outer loop
      vertex 7.88253 9 11.3003
      vertex 10.7237 9 4
      vertex 7.86081 9 11.2024
    endloop
  endfacet
  facet normal 0 1 0
    outer loop
      vertex 7.86081 9 11.2024
      vertex 10.7237 9 4
      vertex 7.83065 9 11.1067
    endloop
  endfacet
  facet normal 0 1 0
    outer loop
      vertex -2.5503 9 10.3675
      vertex -7.5 9 4
      vertex -2.64977 9 10.3544
    endloop
  endfacet
  facet normal 0 1 0
    outer loop
      vertex 6.85023 9 10.3544
      vertex 10.7237 9 4
      vertex 6.75 9 10.35
    endloop
  endfacet
  facet normal 0 1 0
    outer loop
      vertex 6.94969 9 10.3675
      vertex 10.7237 9 4
      vertex 6.85023 9 10.3544
    endloop
  endfacet
  facet normal 0 1 0
    outer loop
      vertex 7.04764 9 10.3892
      vertex 10.7237 9 4
      vertex 6.94969 9 10.3675
    endloop
  endfacet
  facet normal 0 1 0
    outer loop
      vertex 7.14332 9 10.4194
      vertex 10.7237 9 4
      vertex 7.04764 9 10.3892
    endloop
  endfacet
  facet normal 0 1 0
    outer loop
      vertex 7.23601 9 10.4577
      vertex 10.7237 9 4
      vertex 7.14332 9 10.4194
    endloop
  endfacet
  facet normal 0 1 0
    outer loop
      vertex 7.325 9 10.5041
      vertex 10.7237 9 4
      vertex 7.23601 9 10.4577
    endloop
  endfacet
  facet normal 0 1 0
    outer loop
      vertex 7.40961 9 10.558
      vertex 10.7237 9 4
      vertex 7.325 9 10.5041
    endloop
  endfacet
  facet normal 0 1 0
    outer loop
      vertex 7.48921 9 10.619
      vertex 10.7237 9 4
      vertex 7.40961 9 10.558
    endloop
  endfacet
  facet normal 0 1 0
    outer loop
      vertex 7.56317 9 10.6868
      vertex 10.7237 9 4
      vertex 7.48921 9 10.619
    endloop
  endfacet
  facet normal 0 1 0
    outer loop
      vertex 7.63095 9 10.7608
      vertex 10.7237 9 4
      vertex 7.56317 9 10.6868
    endloop
  endfacet
  facet normal 0 1 0
    outer loop
      vertex 7.69202 9 10.8404
      vertex 10.7237 9 4
      vertex 7.63095 9 10.7608
    endloop
  endfacet
  facet normal 0 1 0
    outer loop
      vertex 7.74593 9 10.925
      vertex 10.7237 9 4
      vertex 7.69202 9 10.8404
    endloop
  endfacet
  facet normal 0 1 0
    outer loop
      vertex 7.79225 9 11.014
      vertex 10.7237 9 4
      vertex 7.74593 9 10.925
    endloop
  endfacet
  facet normal 0 1 0
    outer loop
      vertex 7.83065 9 11.1067
      vertex 10.7237 9 4
      vertex 7.79225 9 11.014
    endloop
  endfacet
  facet normal 0 1 -0
    outer loop
      vertex 11.5 9 0
      vertex 10.7237 9 4
      vertex 11.5 9 18.5
    endloop
  endfacet
  facet normal 0 1 0
    outer loop
      vertex 10.7237 9 4
      vertex 11.5 9 0
      vertex 10.7237 9 0
    endloop
  endfacet
  facet normal 0 1 0
    outer loop
      vertex 14 9 22.5
      vertex 6.64977 9 20.6456
      vertex -10 9 22.5
    endloop
  endfacet
  facet normal 0 1 -0
    outer loop
      vertex -2.85023 9 20.6456
      vertex -10 9 22.5
      vertex -2.75 9 20.65
    endloop
  endfacet
  facet normal 0 1 -0
    outer loop
      vertex -2.94969 9 20.6325
      vertex -10 9 22.5
      vertex -2.85023 9 20.6456
    endloop
  endfacet
  facet normal 0 1 -0
    outer loop
      vertex -3.04764 9 20.6108
      vertex -10 9 22.5
      vertex -2.94969 9 20.6325
    endloop
  endfacet
  facet normal 0 1 -0
    outer loop
      vertex -3.14332 9 20.5806
      vertex -10 9 22.5
      vertex -3.04764 9 20.6108
    endloop
  endfacet
  facet normal 0 1 -0
    outer loop
      vertex -3.23601 9 20.5423
      vertex -10 9 22.5
      vertex -3.14332 9 20.5806
    endloop
  endfacet
  facet normal 0 1 -0
    outer loop
      vertex -3.325 9 20.4959
      vertex -10 9 22.5
      vertex -3.23601 9 20.5423
    endloop
  endfacet
  facet normal 0 1 -0
    outer loop
      vertex -3.40961 9 20.442
      vertex -10 9 22.5
      vertex -3.325 9 20.4959
    endloop
  endfacet
  facet normal 0 1 -0
    outer loop
      vertex -3.48921 9 20.381
      vertex -10 9 22.5
      vertex -3.40961 9 20.442
    endloop
  endfacet
  facet normal 0 1 -0
    outer loop
      vertex -3.56317 9 20.3132
      vertex -10 9 22.5
      vertex -3.48921 9 20.381
    endloop
  endfacet
  facet normal 0 1 -0
    outer loop
      vertex -3.63095 9 20.2392
      vertex -10 9 22.5
      vertex -3.56317 9 20.3132
    endloop
  endfacet
  facet normal 0 1 -0
    outer loop
      vertex -3.69202 9 20.1596
      vertex -10 9 22.5
      vertex -3.63095 9 20.2392
    endloop
  endfacet
  facet normal 0 1 -0
    outer loop
      vertex -3.74593 9 20.075
      vertex -10 9 22.5
      vertex -3.69202 9 20.1596
    endloop
  endfacet
  facet normal 0 1 0
    outer loop
      vertex -7.5 9 18.5
      vertex -3.74593 9 20.075
      vertex -3.79225 9 19.986
    endloop
  endfacet
  facet normal 0 1 0
    outer loop
      vertex -7.5 9 18.5
      vertex -3.79225 9 19.986
      vertex -3.83065 9 19.8933
    endloop
  endfacet
  facet normal 0 1 0
    outer loop
      vertex -7.5 9 18.5
      vertex -3.83065 9 19.8933
      vertex -3.86081 9 19.7976
    endloop
  endfacet
  facet normal 0 1 0
    outer loop
      vertex -7.5 9 18.5
      vertex -3.86081 9 19.7976
      vertex -3.88253 9 19.6997
    endloop
  endfacet
  facet normal 0 1 0
    outer loop
      vertex -7.5 9 18.5
      vertex -3.88253 9 19.6997
      vertex -3.89562 9 19.6002
    endloop
  endfacet
  facet normal 0 1 0
    outer loop
      vertex -7.5 9 18.5
      vertex -3.89562 9 19.6002
      vertex -3.9 9 19.5
    endloop
  endfacet
  facet normal 0 1 0
    outer loop
      vertex -3.74593 9 20.075
      vertex -7.5 9 18.5
      vertex -10 9 22.5
    endloop
  endfacet
  facet normal 0 1 0
    outer loop
      vertex -10 9 22.5
      vertex -7.5 9 18.5
      vertex -10 9 18.5
    endloop
  endfacet
  facet normal 0.130144 -0.991495 0
    outer loop
      vertex -0.295201 19.6742 0
      vertex -0.148165 19.6935 4
      vertex -0.295201 19.6742 4
    endloop
  endfacet
  facet normal 0.130144 -0.991495 0
    outer loop
      vertex -0.148165 19.6935 4
      vertex -0.295201 19.6742 0
      vertex -0.148165 19.6935 0
    endloop
  endfacet
  facet normal 0.0438279 -0.999039 0
    outer loop
      vertex -0.148165 19.6935 0
      vertex 0 19.7 4
      vertex -0.148165 19.6935 4
    endloop
  endfacet
  facet normal 0.0438279 -0.999039 0
    outer loop
      vertex 0 19.7 4
      vertex -0.148165 19.6935 0
      vertex 0 19.7 0
    endloop
  endfacet
  facet normal 0.216444 -0.976295 0
    outer loop
      vertex -0.439992 19.6421 0
      vertex -0.295201 19.6742 4
      vertex -0.439992 19.6421 4
    endloop
  endfacet
  facet normal 0.216444 -0.976295 0
    outer loop
      vertex -0.295201 19.6742 4
      vertex -0.439992 19.6421 0
      vertex -0.295201 19.6742 0
    endloop
  endfacet
  facet normal -0.991439 -0.130573 0
    outer loop
      vertex 1.69353 18.1482 0
      vertex 1.67417 18.2952 4
      vertex 1.67417 18.2952 0
    endloop
  endfacet
  facet normal -0.991439 -0.130573 0
    outer loop
      vertex 1.67417 18.2952 4
      vertex 1.69353 18.1482 0
      vertex 1.69353 18.1482 4
    endloop
  endfacet
  facet normal -0.953704 -0.300747 0
    outer loop
      vertex 1.64207 18.44 0
      vertex 1.59748 18.5814 4
      vertex 1.59748 18.5814 0
    endloop
  endfacet
  facet normal -0.953704 -0.300747 0
    outer loop
      vertex 1.59748 18.5814 4
      vertex 1.64207 18.44 0
      vertex 1.64207 18.44 4
    endloop
  endfacet
  facet normal 0.300729 0.95371 -0
    outer loop
      vertex -0.439992 16.3579 0
      vertex -0.581433 16.4025 4
      vertex -0.439992 16.3579 4
    endloop
  endfacet
  facet normal 0.300729 0.95371 0
    outer loop
      vertex -0.581433 16.4025 4
      vertex -0.439992 16.3579 0
      vertex -0.581433 16.4025 0
    endloop
  endfacet
  facet normal -0.608831 0.7933 0
    outer loop
      vertex 1.09274 16.6977 0
      vertex 0.97508 16.6074 4
      vertex 1.09274 16.6977 4
    endloop
  endfacet
  facet normal -0.608831 0.7933 0
    outer loop
      vertex 0.97508 16.6074 4
      vertex 1.09274 16.6977 0
      vertex 0.97508 16.6074 0
    endloop
  endfacet
  facet normal 0.300729 -0.95371 0
    outer loop
      vertex -0.581433 19.5975 0
      vertex -0.439992 19.6421 4
      vertex -0.581433 19.5975 4
    endloop
  endfacet
  facet normal 0.300729 -0.95371 0
    outer loop
      vertex -0.439992 19.6421 4
      vertex -0.581433 19.5975 0
      vertex -0.439992 19.6421 0
    endloop
  endfacet
  facet normal -0.737467 -0.675383 0
    outer loop
      vertex 1.30227 19.0927 0
      vertex 1.20208 19.2021 4
      vertex 1.20208 19.2021 0
    endloop
  endfacet
  facet normal -0.737467 -0.675383 0
    outer loop
      vertex 1.20208 19.2021 4
      vertex 1.30227 19.0927 0
      vertex 1.30227 19.0927 4
    endloop
  endfacet
  facet normal 0.608831 0.7933 -0
    outer loop
      vertex -0.97508 16.6074 0
      vertex -1.09274 16.6977 4
      vertex -0.97508 16.6074 4
    endloop
  endfacet
  facet normal 0.608831 0.7933 0
    outer loop
      vertex -1.09274 16.6977 4
      vertex -0.97508 16.6074 0
      vertex -1.09274 16.6977 0
    endloop
  endfacet
  facet normal 0.608831 -0.7933 0
    outer loop
      vertex -1.09274 19.3023 0
      vertex -0.97508 19.3926 4
      vertex -1.09274 19.3023 4
    endloop
  endfacet
  facet normal 0.608831 -0.7933 0
    outer loop
      vertex -0.97508 19.3926 4
      vertex -1.09274 19.3023 0
      vertex -0.97508 19.3926 0
    endloop
  endfacet
  facet normal 0.843445 0.537216 0
    outer loop
      vertex -1.39256 17.0249 4
      vertex -1.47224 17.15 0
      vertex -1.47224 17.15 4
    endloop
  endfacet
  facet normal 0.843445 0.537216 0
    outer loop
      vertex -1.47224 17.15 0
      vertex -1.39256 17.0249 4
      vertex -1.39256 17.0249 0
    endloop
  endfacet
  facet normal 0.953704 0.300747 0
    outer loop
      vertex -1.59748 17.4186 4
      vertex -1.64207 17.56 0
      vertex -1.64207 17.56 4
    endloop
  endfacet
  facet normal 0.953704 0.300747 0
    outer loop
      vertex -1.64207 17.56 0
      vertex -1.59748 17.4186 4
      vertex -1.59748 17.4186 0
    endloop
  endfacet
  facet normal 0.737467 0.675383 0
    outer loop
      vertex -1.20208 16.7979 4
      vertex -1.30227 16.9073 0
      vertex -1.30227 16.9073 4
    endloop
  endfacet
  facet normal 0.737467 0.675383 0
    outer loop
      vertex -1.30227 16.9073 0
      vertex -1.20208 16.7979 4
      vertex -1.20208 16.7979 0
    endloop
  endfacet
  facet normal -0.382944 0.923772 0
    outer loop
      vertex 0.718451 16.4593 0
      vertex 0.581433 16.4025 4
      vertex 0.718451 16.4593 4
    endloop
  endfacet
  facet normal -0.382944 0.923772 0
    outer loop
      vertex 0.581433 16.4025 4
      vertex 0.718451 16.4593 0
      vertex 0.581433 16.4025 0
    endloop
  endfacet
  facet normal 0.53689 -0.843652 0
    outer loop
      vertex -0.97508 19.3926 0
      vertex -0.849999 19.4722 4
      vertex -0.97508 19.3926 4
    endloop
  endfacet
  facet normal 0.53689 -0.843652 0
    outer loop
      vertex -0.849999 19.4722 4
      vertex -0.97508 19.3926 0
      vertex -0.849999 19.4722 0
    endloop
  endfacet
  facet normal 0.53689 0.843652 -0
    outer loop
      vertex -0.849999 16.5278 0
      vertex -0.97508 16.6074 4
      vertex -0.849999 16.5278 4
    endloop
  endfacet
  facet normal 0.53689 0.843652 0
    outer loop
      vertex -0.97508 16.6074 4
      vertex -0.849999 16.5278 0
      vertex -0.97508 16.6074 0
    endloop
  endfacet
  facet normal 0.737467 -0.675383 0
    outer loop
      vertex -1.30227 19.0927 4
      vertex -1.20208 19.2021 0
      vertex -1.20208 19.2021 4
    endloop
  endfacet
  facet normal 0.737467 -0.675383 0
    outer loop
      vertex -1.20208 19.2021 0
      vertex -1.30227 19.0927 4
      vertex -1.30227 19.0927 0
    endloop
  endfacet
  facet normal 0.843445 -0.537216 0
    outer loop
      vertex -1.47224 18.85 4
      vertex -1.39256 18.9751 0
      vertex -1.39256 18.9751 4
    endloop
  endfacet
  facet normal 0.843445 -0.537216 0
    outer loop
      vertex -1.39256 18.9751 0
      vertex -1.47224 18.85 4
      vertex -1.47224 18.85 0
    endloop
  endfacet
  facet normal -0.0438279 -0.999039 0
    outer loop
      vertex 0 19.7 0
      vertex 0.148165 19.6935 4
      vertex 0 19.7 4
    endloop
  endfacet
  facet normal -0.0438279 -0.999039 -0
    outer loop
      vertex 0.148165 19.6935 4
      vertex 0 19.7 0
      vertex 0.148165 19.6935 0
    endloop
  endfacet
  facet normal -0.976298 0.216431 0
    outer loop
      vertex 1.64207 17.56 0
      vertex 1.67417 17.7048 4
      vertex 1.67417 17.7048 0
    endloop
  endfacet
  facet normal -0.976298 0.216431 0
    outer loop
      vertex 1.67417 17.7048 4
      vertex 1.64207 17.56 0
      vertex 1.64207 17.56 4
    endloop
  endfacet
  facet normal -0.999048 -0.0436157 0
    outer loop
      vertex 1.7 18 0
      vertex 1.69353 18.1482 4
      vertex 1.69353 18.1482 0
    endloop
  endfacet
  facet normal -0.999048 -0.0436157 0
    outer loop
      vertex 1.69353 18.1482 4
      vertex 1.7 18 0
      vertex 1.7 18 4
    endloop
  endfacet
  facet normal 0.793183 -0.608984 0
    outer loop
      vertex -1.39256 18.9751 4
      vertex -1.30227 19.0927 0
      vertex -1.30227 19.0927 4
    endloop
  endfacet
  facet normal 0.793183 -0.608984 0
    outer loop
      vertex -1.30227 19.0927 0
      vertex -1.39256 18.9751 4
      vertex -1.39256 18.9751 0
    endloop
  endfacet
  facet normal -0.300729 0.95371 0
    outer loop
      vertex 0.581433 16.4025 0
      vertex 0.439992 16.3579 4
      vertex 0.581433 16.4025 4
    endloop
  endfacet
  facet normal -0.300729 0.95371 0
    outer loop
      vertex 0.439992 16.3579 4
      vertex 0.581433 16.4025 0
      vertex 0.439992 16.3579 0
    endloop
  endfacet
  facet normal 0.793183 0.608984 0
    outer loop
      vertex -1.30227 16.9073 4
      vertex -1.39256 17.0249 0
      vertex -1.39256 17.0249 4
    endloop
  endfacet
  facet normal 0.793183 0.608984 0
    outer loop
      vertex -1.39256 17.0249 0
      vertex -1.30227 16.9073 4
      vertex -1.30227 16.9073 0
    endloop
  endfacet
  facet normal -0.976298 -0.216431 0
    outer loop
      vertex 1.67417 18.2952 0
      vertex 1.64207 18.44 4
      vertex 1.64207 18.44 0
    endloop
  endfacet
  facet normal -0.976298 -0.216431 0
    outer loop
      vertex 1.64207 18.44 4
      vertex 1.67417 18.2952 0
      vertex 1.67417 18.2952 4
    endloop
  endfacet
  facet normal 0.923948 0.382518 0
    outer loop
      vertex -1.54072 17.2815 4
      vertex -1.59748 17.4186 0
      vertex -1.59748 17.4186 4
    endloop
  endfacet
  facet normal 0.923948 0.382518 0
    outer loop
      vertex -1.59748 17.4186 0
      vertex -1.54072 17.2815 4
      vertex -1.54072 17.2815 0
    endloop
  endfacet
  facet normal -0.923948 0.382518 0
    outer loop
      vertex 1.54072 17.2815 0
      vertex 1.59748 17.4186 4
      vertex 1.59748 17.4186 0
    endloop
  endfacet
  facet normal -0.923948 0.382518 0
    outer loop
      vertex 1.59748 17.4186 4
      vertex 1.54072 17.2815 0
      vertex 1.54072 17.2815 4
    endloop
  endfacet
  facet normal -0.130144 -0.991495 0
    outer loop
      vertex 0.148165 19.6935 0
      vertex 0.295201 19.6742 4
      vertex 0.148165 19.6935 4
    endloop
  endfacet
  facet normal -0.130144 -0.991495 -0
    outer loop
      vertex 0.295201 19.6742 4
      vertex 0.148165 19.6935 0
      vertex 0.295201 19.6742 0
    endloop
  endfacet
  facet normal -0.608831 -0.7933 0
    outer loop
      vertex 0.97508 19.3926 0
      vertex 1.09274 19.3023 4
      vertex 0.97508 19.3926 4
    endloop
  endfacet
  facet normal -0.608831 -0.7933 -0
    outer loop
      vertex 1.09274 19.3023 4
      vertex 0.97508 19.3926 0
      vertex 1.09274 19.3023 0
    endloop
  endfacet
  facet normal -0.886941 -0.461884 0
    outer loop
      vertex 1.54072 18.7185 0
      vertex 1.47224 18.85 4
      vertex 1.47224 18.85 0
    endloop
  endfacet
  facet normal -0.886941 -0.461884 0
    outer loop
      vertex 1.47224 18.85 4
      vertex 1.54072 18.7185 0
      vertex 1.54072 18.7185 4
    endloop
  endfacet
  facet normal 0.999048 0.0436157 0
    outer loop
      vertex -1.69353 17.8518 4
      vertex -1.7 18 0
      vertex -1.7 18 4
    endloop
  endfacet
  facet normal 0.999048 0.0436157 0
    outer loop
      vertex -1.7 18 0
      vertex -1.69353 17.8518 4
      vertex -1.69353 17.8518 0
    endloop
  endfacet
  facet normal -0.843445 0.537216 0
    outer loop
      vertex 1.39256 17.0249 0
      vertex 1.47224 17.15 4
      vertex 1.47224 17.15 0
    endloop
  endfacet
  facet normal -0.843445 0.537216 0
    outer loop
      vertex 1.47224 17.15 4
      vertex 1.39256 17.0249 0
      vertex 1.39256 17.0249 4
    endloop
  endfacet
  facet normal -0.300729 -0.95371 0
    outer loop
      vertex 0.439992 19.6421 0
      vertex 0.581433 19.5975 4
      vertex 0.439992 19.6421 4
    endloop
  endfacet
  facet normal -0.300729 -0.95371 -0
    outer loop
      vertex 0.581433 19.5975 4
      vertex 0.439992 19.6421 0
      vertex 0.581433 19.5975 0
    endloop
  endfacet
  facet normal -0.461857 0.886954 0
    outer loop
      vertex 0.849999 16.5278 0
      vertex 0.718451 16.4593 4
      vertex 0.849999 16.5278 4
    endloop
  endfacet
  facet normal -0.461857 0.886954 0
    outer loop
      vertex 0.718451 16.4593 4
      vertex 0.849999 16.5278 0
      vertex 0.718451 16.4593 0
    endloop
  endfacet
  facet normal 0.886941 0.461884 0
    outer loop
      vertex -1.47224 17.15 4
      vertex -1.54072 17.2815 0
      vertex -1.54072 17.2815 4
    endloop
  endfacet
  facet normal 0.886941 0.461884 0
    outer loop
      vertex -1.54072 17.2815 0
      vertex -1.47224 17.15 4
      vertex -1.47224 17.15 0
    endloop
  endfacet
  facet normal 0.886941 -0.461884 0
    outer loop
      vertex -1.54072 18.7185 4
      vertex -1.47224 18.85 0
      vertex -1.47224 18.85 4
    endloop
  endfacet
  facet normal 0.886941 -0.461884 0
    outer loop
      vertex -1.47224 18.85 0
      vertex -1.54072 18.7185 4
      vertex -1.54072 18.7185 0
    endloop
  endfacet
  facet normal 0.382944 0.923772 -0
    outer loop
      vertex -0.581433 16.4025 0
      vertex -0.718451 16.4593 4
      vertex -0.581433 16.4025 4
    endloop
  endfacet
  facet normal 0.382944 0.923772 0
    outer loop
      vertex -0.718451 16.4593 4
      vertex -0.581433 16.4025 0
      vertex -0.718451 16.4593 0
    endloop
  endfacet
  facet normal -0.793183 -0.608984 0
    outer loop
      vertex 1.39256 18.9751 0
      vertex 1.30227 19.0927 4
      vertex 1.30227 19.0927 0
    endloop
  endfacet
  facet normal -0.793183 -0.608984 0
    outer loop
      vertex 1.30227 19.0927 4
      vertex 1.39256 18.9751 0
      vertex 1.39256 18.9751 4
    endloop
  endfacet
  facet normal 0.382944 -0.923772 0
    outer loop
      vertex -0.718451 19.5407 0
      vertex -0.581433 19.5975 4
      vertex -0.718451 19.5407 4
    endloop
  endfacet
  facet normal 0.382944 -0.923772 0
    outer loop
      vertex -0.581433 19.5975 4
      vertex -0.718451 19.5407 0
      vertex -0.581433 19.5975 0
    endloop
  endfacet
  facet normal 0.675621 -0.737249 0
    outer loop
      vertex -1.20208 19.2021 0
      vertex -1.09274 19.3023 4
      vertex -1.20208 19.2021 4
    endloop
  endfacet
  facet normal 0.675621 -0.737249 0
    outer loop
      vertex -1.09274 19.3023 4
      vertex -1.20208 19.2021 0
      vertex -1.09274 19.3023 0
    endloop
  endfacet
  facet normal -0.216444 -0.976295 0
    outer loop
      vertex 0.295201 19.6742 0
      vertex 0.439992 19.6421 4
      vertex 0.295201 19.6742 4
    endloop
  endfacet
  facet normal -0.216444 -0.976295 -0
    outer loop
      vertex 0.439992 19.6421 4
      vertex 0.295201 19.6742 0
      vertex 0.439992 19.6421 0
    endloop
  endfacet
  facet normal 0.461857 -0.886954 0
    outer loop
      vertex -0.849999 19.4722 0
      vertex -0.718451 19.5407 4
      vertex -0.849999 19.4722 4
    endloop
  endfacet
  facet normal 0.461857 -0.886954 0
    outer loop
      vertex -0.718451 19.5407 4
      vertex -0.849999 19.4722 0
      vertex -0.718451 19.5407 0
    endloop
  endfacet
  facet normal 0.130144 0.991495 -0
    outer loop
      vertex -0.148165 16.3065 0
      vertex -0.295201 16.3258 4
      vertex -0.148165 16.3065 4
    endloop
  endfacet
  facet normal 0.130144 0.991495 0
    outer loop
      vertex -0.295201 16.3258 4
      vertex -0.148165 16.3065 0
      vertex -0.295201 16.3258 0
    endloop
  endfacet
  facet normal -0.737467 0.675383 0
    outer loop
      vertex 1.20208 16.7979 0
      vertex 1.30227 16.9073 4
      vertex 1.30227 16.9073 0
    endloop
  endfacet
  facet normal -0.737467 0.675383 0
    outer loop
      vertex 1.30227 16.9073 4
      vertex 1.20208 16.7979 0
      vertex 1.20208 16.7979 4
    endloop
  endfacet
  facet normal 0.991439 -0.130573 0
    outer loop
      vertex -1.69353 18.1482 4
      vertex -1.67417 18.2952 0
      vertex -1.67417 18.2952 4
    endloop
  endfacet
  facet normal 0.991439 -0.130573 0
    outer loop
      vertex -1.67417 18.2952 0
      vertex -1.69353 18.1482 4
      vertex -1.69353 18.1482 0
    endloop
  endfacet
  facet normal 0.976298 0.216431 0
    outer loop
      vertex -1.64207 17.56 4
      vertex -1.67417 17.7048 0
      vertex -1.67417 17.7048 4
    endloop
  endfacet
  facet normal 0.976298 0.216431 0
    outer loop
      vertex -1.67417 17.7048 0
      vertex -1.64207 17.56 4
      vertex -1.64207 17.56 0
    endloop
  endfacet
  facet normal -0.382944 -0.923772 0
    outer loop
      vertex 0.581433 19.5975 0
      vertex 0.718451 19.5407 4
      vertex 0.581433 19.5975 4
    endloop
  endfacet
  facet normal -0.382944 -0.923772 -0
    outer loop
      vertex 0.718451 19.5407 4
      vertex 0.581433 19.5975 0
      vertex 0.718451 19.5407 0
    endloop
  endfacet
  facet normal 0.976298 -0.216431 0
    outer loop
      vertex -1.67417 18.2952 4
      vertex -1.64207 18.44 0
      vertex -1.64207 18.44 4
    endloop
  endfacet
  facet normal 0.976298 -0.216431 0
    outer loop
      vertex -1.64207 18.44 0
      vertex -1.67417 18.2952 4
      vertex -1.67417 18.2952 0
    endloop
  endfacet
  facet normal -0.923948 -0.382518 0
    outer loop
      vertex 1.59748 18.5814 0
      vertex 1.54072 18.7185 4
      vertex 1.54072 18.7185 0
    endloop
  endfacet
  facet normal -0.923948 -0.382518 0
    outer loop
      vertex 1.54072 18.7185 4
      vertex 1.59748 18.5814 0
      vertex 1.59748 18.5814 4
    endloop
  endfacet
  facet normal -0.461857 -0.886954 0
    outer loop
      vertex 0.718451 19.5407 0
      vertex 0.849999 19.4722 4
      vertex 0.718451 19.5407 4
    endloop
  endfacet
  facet normal -0.461857 -0.886954 -0
    outer loop
      vertex 0.849999 19.4722 4
      vertex 0.718451 19.5407 0
      vertex 0.849999 19.4722 0
    endloop
  endfacet
  facet normal -0.0438279 0.999039 0
    outer loop
      vertex 0.148165 16.3065 0
      vertex 0 16.3 4
      vertex 0.148165 16.3065 4
    endloop
  endfacet
  facet normal -0.0438279 0.999039 0
    outer loop
      vertex 0 16.3 4
      vertex 0.148165 16.3065 0
      vertex 0 16.3 0
    endloop
  endfacet
  facet normal -0.886941 0.461884 0
    outer loop
      vertex 1.47224 17.15 0
      vertex 1.54072 17.2815 4
      vertex 1.54072 17.2815 0
    endloop
  endfacet
  facet normal -0.886941 0.461884 0
    outer loop
      vertex 1.54072 17.2815 4
      vertex 1.47224 17.15 0
      vertex 1.47224 17.15 4
    endloop
  endfacet
  facet normal 0.999048 -0.0436157 0
    outer loop
      vertex -1.7 18 4
      vertex -1.69353 18.1482 0
      vertex -1.69353 18.1482 4
    endloop
  endfacet
  facet normal 0.999048 -0.0436157 0
    outer loop
      vertex -1.69353 18.1482 0
      vertex -1.7 18 4
      vertex -1.7 18 0
    endloop
  endfacet
  facet normal -0.675621 0.737249 0
    outer loop
      vertex 1.20208 16.7979 0
      vertex 1.09274 16.6977 4
      vertex 1.20208 16.7979 4
    endloop
  endfacet
  facet normal -0.675621 0.737249 0
    outer loop
      vertex 1.09274 16.6977 4
      vertex 1.20208 16.7979 0
      vertex 1.09274 16.6977 0
    endloop
  endfacet
  facet normal -0.216444 0.976295 0
    outer loop
      vertex 0.439992 16.3579 0
      vertex 0.295201 16.3258 4
      vertex 0.439992 16.3579 4
    endloop
  endfacet
  facet normal -0.216444 0.976295 0
    outer loop
      vertex 0.295201 16.3258 4
      vertex 0.439992 16.3579 0
      vertex 0.295201 16.3258 0
    endloop
  endfacet
  facet normal 0.923948 -0.382518 0
    outer loop
      vertex -1.59748 18.5814 4
      vertex -1.54072 18.7185 0
      vertex -1.54072 18.7185 4
    endloop
  endfacet
  facet normal 0.923948 -0.382518 0
    outer loop
      vertex -1.54072 18.7185 0
      vertex -1.59748 18.5814 4
      vertex -1.59748 18.5814 0
    endloop
  endfacet
  facet normal -0.843445 -0.537216 0
    outer loop
      vertex 1.47224 18.85 0
      vertex 1.39256 18.9751 4
      vertex 1.39256 18.9751 0
    endloop
  endfacet
  facet normal -0.843445 -0.537216 0
    outer loop
      vertex 1.39256 18.9751 4
      vertex 1.47224 18.85 0
      vertex 1.47224 18.85 4
    endloop
  endfacet
  facet normal 0.953704 -0.300747 0
    outer loop
      vertex -1.64207 18.44 4
      vertex -1.59748 18.5814 0
      vertex -1.59748 18.5814 4
    endloop
  endfacet
  facet normal 0.953704 -0.300747 0
    outer loop
      vertex -1.59748 18.5814 0
      vertex -1.64207 18.44 4
      vertex -1.64207 18.44 0
    endloop
  endfacet
  facet normal 0.675621 0.737249 -0
    outer loop
      vertex -1.09274 16.6977 0
      vertex -1.20208 16.7979 4
      vertex -1.09274 16.6977 4
    endloop
  endfacet
  facet normal 0.675621 0.737249 0
    outer loop
      vertex -1.20208 16.7979 4
      vertex -1.09274 16.6977 0
      vertex -1.20208 16.7979 0
    endloop
  endfacet
  facet normal 0.991439 0.130573 0
    outer loop
      vertex -1.67417 17.7048 4
      vertex -1.69353 17.8518 0
      vertex -1.69353 17.8518 4
    endloop
  endfacet
  facet normal 0.991439 0.130573 0
    outer loop
      vertex -1.69353 17.8518 0
      vertex -1.67417 17.7048 4
      vertex -1.67417 17.7048 0
    endloop
  endfacet
  facet normal -0.793183 0.608984 0
    outer loop
      vertex 1.30227 16.9073 0
      vertex 1.39256 17.0249 4
      vertex 1.39256 17.0249 0
    endloop
  endfacet
  facet normal -0.793183 0.608984 0
    outer loop
      vertex 1.39256 17.0249 4
      vertex 1.30227 16.9073 0
      vertex 1.30227 16.9073 4
    endloop
  endfacet
  facet normal -0.53689 -0.843652 0
    outer loop
      vertex 0.849999 19.4722 0
      vertex 0.97508 19.3926 4
      vertex 0.849999 19.4722 4
    endloop
  endfacet
  facet normal -0.53689 -0.843652 -0
    outer loop
      vertex 0.97508 19.3926 4
      vertex 0.849999 19.4722 0
      vertex 0.97508 19.3926 0
    endloop
  endfacet
  facet normal -0.953704 0.300747 0
    outer loop
      vertex 1.59748 17.4186 0
      vertex 1.64207 17.56 4
      vertex 1.64207 17.56 0
    endloop
  endfacet
  facet normal -0.953704 0.300747 0
    outer loop
      vertex 1.64207 17.56 4
      vertex 1.59748 17.4186 0
      vertex 1.59748 17.4186 4
    endloop
  endfacet
  facet normal -0.130144 0.991495 0
    outer loop
      vertex 0.295201 16.3258 0
      vertex 0.148165 16.3065 4
      vertex 0.295201 16.3258 4
    endloop
  endfacet
  facet normal -0.130144 0.991495 0
    outer loop
      vertex 0.148165 16.3065 4
      vertex 0.295201 16.3258 0
      vertex 0.148165 16.3065 0
    endloop
  endfacet
  facet normal 0.216444 0.976295 -0
    outer loop
      vertex -0.295201 16.3258 0
      vertex -0.439992 16.3579 4
      vertex -0.295201 16.3258 4
    endloop
  endfacet
  facet normal 0.216444 0.976295 0
    outer loop
      vertex -0.439992 16.3579 4
      vertex -0.295201 16.3258 0
      vertex -0.439992 16.3579 0
    endloop
  endfacet
  facet normal -0.53689 0.843652 0
    outer loop
      vertex 0.97508 16.6074 0
      vertex 0.849999 16.5278 4
      vertex 0.97508 16.6074 4
    endloop
  endfacet
  facet normal -0.53689 0.843652 0
    outer loop
      vertex 0.849999 16.5278 4
      vertex 0.97508 16.6074 0
      vertex 0.849999 16.5278 0
    endloop
  endfacet
  facet normal 0.0438279 0.999039 -0
    outer loop
      vertex 0 16.3 0
      vertex -0.148165 16.3065 4
      vertex 0 16.3 4
    endloop
  endfacet
  facet normal 0.0438279 0.999039 0
    outer loop
      vertex -0.148165 16.3065 4
      vertex 0 16.3 0
      vertex -0.148165 16.3065 0
    endloop
  endfacet
  facet normal 0.461857 0.886954 -0
    outer loop
      vertex -0.718451 16.4593 0
      vertex -0.849999 16.5278 4
      vertex -0.718451 16.4593 4
    endloop
  endfacet
  facet normal 0.461857 0.886954 0
    outer loop
      vertex -0.849999 16.5278 4
      vertex -0.718451 16.4593 0
      vertex -0.849999 16.5278 0
    endloop
  endfacet
  facet normal -0.675621 -0.737249 0
    outer loop
      vertex 1.09274 19.3023 0
      vertex 1.20208 19.2021 4
      vertex 1.09274 19.3023 4
    endloop
  endfacet
  facet normal -0.675621 -0.737249 -0
    outer loop
      vertex 1.20208 19.2021 4
      vertex 1.09274 19.3023 0
      vertex 1.20208 19.2021 0
    endloop
  endfacet
  facet normal -0.999048 0.0436157 0
    outer loop
      vertex 1.69353 17.8518 0
      vertex 1.7 18 4
      vertex 1.7 18 0
    endloop
  endfacet
  facet normal -0.999048 0.0436157 0
    outer loop
      vertex 1.7 18 4
      vertex 1.69353 17.8518 0
      vertex 1.69353 17.8518 4
    endloop
  endfacet
  facet normal -0.991439 0.130573 0
    outer loop
      vertex 1.67417 17.7048 0
      vertex 1.69353 17.8518 4
      vertex 1.69353 17.8518 0
    endloop
  endfacet
  facet normal -0.991439 0.130573 0
    outer loop
      vertex 1.69353 17.8518 4
      vertex 1.67417 17.7048 0
      vertex 1.67417 17.7048 4
    endloop
  endfacet
  facet normal -0.216444 0.976295 0
    outer loop
      vertex 0.439992 -19.6421 0
      vertex 0.295201 -19.6742 4
      vertex 0.439992 -19.6421 4
    endloop
  endfacet
  facet normal -0.216444 0.976295 0
    outer loop
      vertex 0.295201 -19.6742 4
      vertex 0.439992 -19.6421 0
      vertex 0.295201 -19.6742 0
    endloop
  endfacet
  facet normal 0.991439 0.130573 0
    outer loop
      vertex -1.67417 -18.2952 4
      vertex -1.69353 -18.1482 0
      vertex -1.69353 -18.1482 4
    endloop
  endfacet
  facet normal 0.991439 0.130573 0
    outer loop
      vertex -1.69353 -18.1482 0
      vertex -1.67417 -18.2952 4
      vertex -1.67417 -18.2952 0
    endloop
  endfacet
  facet normal 0.953704 0.300747 0
    outer loop
      vertex -1.59748 -18.5814 4
      vertex -1.64207 -18.44 0
      vertex -1.64207 -18.44 4
    endloop
  endfacet
  facet normal 0.953704 0.300747 0
    outer loop
      vertex -1.64207 -18.44 0
      vertex -1.59748 -18.5814 4
      vertex -1.59748 -18.5814 0
    endloop
  endfacet
  facet normal -0.300729 -0.95371 0
    outer loop
      vertex 0.439992 -16.3579 0
      vertex 0.581433 -16.4025 4
      vertex 0.439992 -16.3579 4
    endloop
  endfacet
  facet normal -0.300729 -0.95371 -0
    outer loop
      vertex 0.581433 -16.4025 4
      vertex 0.439992 -16.3579 0
      vertex 0.581433 -16.4025 0
    endloop
  endfacet
  facet normal -0.0438279 0.999039 0
    outer loop
      vertex 0.148165 -19.6935 0
      vertex 0 -19.7 4
      vertex 0.148165 -19.6935 4
    endloop
  endfacet
  facet normal -0.0438279 0.999039 0
    outer loop
      vertex 0 -19.7 4
      vertex 0.148165 -19.6935 0
      vertex 0 -19.7 0
    endloop
  endfacet
  facet normal 0.608831 -0.7933 0
    outer loop
      vertex -1.09274 -16.6977 0
      vertex -0.97508 -16.6074 4
      vertex -1.09274 -16.6977 4
    endloop
  endfacet
  facet normal 0.608831 -0.7933 0
    outer loop
      vertex -0.97508 -16.6074 4
      vertex -1.09274 -16.6977 0
      vertex -0.97508 -16.6074 0
    endloop
  endfacet
  facet normal -0.300729 0.95371 0
    outer loop
      vertex 0.581433 -19.5975 0
      vertex 0.439992 -19.6421 4
      vertex 0.581433 -19.5975 4
    endloop
  endfacet
  facet normal -0.300729 0.95371 0
    outer loop
      vertex 0.439992 -19.6421 4
      vertex 0.581433 -19.5975 0
      vertex 0.439992 -19.6421 0
    endloop
  endfacet
  facet normal -0.976298 0.216431 0
    outer loop
      vertex 1.64207 -18.44 0
      vertex 1.67417 -18.2952 4
      vertex 1.67417 -18.2952 0
    endloop
  endfacet
  facet normal -0.976298 0.216431 0
    outer loop
      vertex 1.67417 -18.2952 4
      vertex 1.64207 -18.44 0
      vertex 1.64207 -18.44 4
    endloop
  endfacet
  facet normal -0.843445 -0.537216 0
    outer loop
      vertex 1.47224 -17.15 0
      vertex 1.39256 -17.0249 4
      vertex 1.39256 -17.0249 0
    endloop
  endfacet
  facet normal -0.843445 -0.537216 0
    outer loop
      vertex 1.39256 -17.0249 4
      vertex 1.47224 -17.15 0
      vertex 1.47224 -17.15 4
    endloop
  endfacet
  facet normal -0.953704 -0.300747 0
    outer loop
      vertex 1.64207 -17.56 0
      vertex 1.59748 -17.4186 4
      vertex 1.59748 -17.4186 0
    endloop
  endfacet
  facet normal -0.953704 -0.300747 0
    outer loop
      vertex 1.59748 -17.4186 4
      vertex 1.64207 -17.56 0
      vertex 1.64207 -17.56 4
    endloop
  endfacet
  facet normal -0.976298 -0.216431 0
    outer loop
      vertex 1.67417 -17.7048 0
      vertex 1.64207 -17.56 4
      vertex 1.64207 -17.56 0
    endloop
  endfacet
  facet normal -0.976298 -0.216431 0
    outer loop
      vertex 1.64207 -17.56 4
      vertex 1.67417 -17.7048 0
      vertex 1.67417 -17.7048 4
    endloop
  endfacet
  facet normal 0.130144 -0.991495 0
    outer loop
      vertex -0.295201 -16.3258 0
      vertex -0.148165 -16.3065 4
      vertex -0.295201 -16.3258 4
    endloop
  endfacet
  facet normal 0.130144 -0.991495 0
    outer loop
      vertex -0.148165 -16.3065 4
      vertex -0.295201 -16.3258 0
      vertex -0.148165 -16.3065 0
    endloop
  endfacet
  facet normal 0.300729 0.95371 -0
    outer loop
      vertex -0.439992 -19.6421 0
      vertex -0.581433 -19.5975 4
      vertex -0.439992 -19.6421 4
    endloop
  endfacet
  facet normal 0.300729 0.95371 0
    outer loop
      vertex -0.581433 -19.5975 4
      vertex -0.439992 -19.6421 0
      vertex -0.581433 -19.5975 0
    endloop
  endfacet
  facet normal -0.737467 0.675383 0
    outer loop
      vertex 1.20208 -19.2021 0
      vertex 1.30227 -19.0927 4
      vertex 1.30227 -19.0927 0
    endloop
  endfacet
  facet normal -0.737467 0.675383 0
    outer loop
      vertex 1.30227 -19.0927 4
      vertex 1.20208 -19.2021 0
      vertex 1.20208 -19.2021 4
    endloop
  endfacet
  facet normal 0.675621 -0.737249 0
    outer loop
      vertex -1.20208 -16.7979 0
      vertex -1.09274 -16.6977 4
      vertex -1.20208 -16.7979 4
    endloop
  endfacet
  facet normal 0.675621 -0.737249 0
    outer loop
      vertex -1.09274 -16.6977 4
      vertex -1.20208 -16.7979 0
      vertex -1.09274 -16.6977 0
    endloop
  endfacet
  facet normal 0.976298 -0.216431 0
    outer loop
      vertex -1.67417 -17.7048 4
      vertex -1.64207 -17.56 0
      vertex -1.64207 -17.56 4
    endloop
  endfacet
  facet normal 0.976298 -0.216431 0
    outer loop
      vertex -1.64207 -17.56 0
      vertex -1.67417 -17.7048 4
      vertex -1.67417 -17.7048 0
    endloop
  endfacet
  facet normal -0.843445 0.537216 0
    outer loop
      vertex 1.39256 -18.9751 0
      vertex 1.47224 -18.85 4
      vertex 1.47224 -18.85 0
    endloop
  endfacet
  facet normal -0.843445 0.537216 0
    outer loop
      vertex 1.47224 -18.85 4
      vertex 1.39256 -18.9751 0
      vertex 1.39256 -18.9751 4
    endloop
  endfacet
  facet normal 0.0438279 0.999039 -0
    outer loop
      vertex 0 -19.7 0
      vertex -0.148165 -19.6935 4
      vertex 0 -19.7 4
    endloop
  endfacet
  facet normal 0.0438279 0.999039 0
    outer loop
      vertex -0.148165 -19.6935 4
      vertex 0 -19.7 0
      vertex -0.148165 -19.6935 0
    endloop
  endfacet
  facet normal 0.300729 -0.95371 0
    outer loop
      vertex -0.581433 -16.4025 0
      vertex -0.439992 -16.3579 4
      vertex -0.581433 -16.4025 4
    endloop
  endfacet
  facet normal 0.300729 -0.95371 0
    outer loop
      vertex -0.439992 -16.3579 4
      vertex -0.581433 -16.4025 0
      vertex -0.439992 -16.3579 0
    endloop
  endfacet
  facet normal -0.793183 -0.608984 0
    outer loop
      vertex 1.39256 -17.0249 0
      vertex 1.30227 -16.9073 4
      vertex 1.30227 -16.9073 0
    endloop
  endfacet
  facet normal -0.793183 -0.608984 0
    outer loop
      vertex 1.30227 -16.9073 4
      vertex 1.39256 -17.0249 0
      vertex 1.39256 -17.0249 4
    endloop
  endfacet
  facet normal -0.53689 0.843652 0
    outer loop
      vertex 0.97508 -19.3926 0
      vertex 0.849999 -19.4722 4
      vertex 0.97508 -19.3926 4
    endloop
  endfacet
  facet normal -0.53689 0.843652 0
    outer loop
      vertex 0.849999 -19.4722 4
      vertex 0.97508 -19.3926 0
      vertex 0.849999 -19.4722 0
    endloop
  endfacet
  facet normal 0.976298 0.216431 0
    outer loop
      vertex -1.64207 -18.44 4
      vertex -1.67417 -18.2952 0
      vertex -1.67417 -18.2952 4
    endloop
  endfacet
  facet normal 0.976298 0.216431 0
    outer loop
      vertex -1.67417 -18.2952 0
      vertex -1.64207 -18.44 4
      vertex -1.64207 -18.44 0
    endloop
  endfacet
  facet normal -0.999048 0.0436157 0
    outer loop
      vertex 1.69353 -18.1482 0
      vertex 1.7 -18 4
      vertex 1.7 -18 0
    endloop
  endfacet
  facet normal -0.999048 0.0436157 0
    outer loop
      vertex 1.7 -18 4
      vertex 1.69353 -18.1482 0
      vertex 1.69353 -18.1482 4
    endloop
  endfacet
  facet normal -0.886941 0.461884 0
    outer loop
      vertex 1.47224 -18.85 0
      vertex 1.54072 -18.7185 4
      vertex 1.54072 -18.7185 0
    endloop
  endfacet
  facet normal -0.886941 0.461884 0
    outer loop
      vertex 1.54072 -18.7185 4
      vertex 1.47224 -18.85 0
      vertex 1.47224 -18.85 4
    endloop
  endfacet
  facet normal 0.382944 -0.923772 0
    outer loop
      vertex -0.718451 -16.4593 0
      vertex -0.581433 -16.4025 4
      vertex -0.718451 -16.4593 4
    endloop
  endfacet
  facet normal 0.382944 -0.923772 0
    outer loop
      vertex -0.581433 -16.4025 4
      vertex -0.718451 -16.4593 0
      vertex -0.581433 -16.4025 0
    endloop
  endfacet
  facet normal -0.130144 0.991495 0
    outer loop
      vertex 0.295201 -19.6742 0
      vertex 0.148165 -19.6935 4
      vertex 0.295201 -19.6742 4
    endloop
  endfacet
  facet normal -0.130144 0.991495 0
    outer loop
      vertex 0.148165 -19.6935 4
      vertex 0.295201 -19.6742 0
      vertex 0.148165 -19.6935 0
    endloop
  endfacet
  facet normal -0.793183 0.608984 0
    outer loop
      vertex 1.30227 -19.0927 0
      vertex 1.39256 -18.9751 4
      vertex 1.39256 -18.9751 0
    endloop
  endfacet
  facet normal -0.793183 0.608984 0
    outer loop
      vertex 1.39256 -18.9751 4
      vertex 1.30227 -19.0927 0
      vertex 1.30227 -19.0927 4
    endloop
  endfacet
  facet normal 0.886941 0.461884 0
    outer loop
      vertex -1.47224 -18.85 4
      vertex -1.54072 -18.7185 0
      vertex -1.54072 -18.7185 4
    endloop
  endfacet
  facet normal 0.886941 0.461884 0
    outer loop
      vertex -1.54072 -18.7185 0
      vertex -1.47224 -18.85 4
      vertex -1.47224 -18.85 0
    endloop
  endfacet
  facet normal -0.999048 -0.0436157 0
    outer loop
      vertex 1.7 -18 0
      vertex 1.69353 -17.8518 4
      vertex 1.69353 -17.8518 0
    endloop
  endfacet
  facet normal -0.999048 -0.0436157 0
    outer loop
      vertex 1.69353 -17.8518 4
      vertex 1.7 -18 0
      vertex 1.7 -18 4
    endloop
  endfacet
  facet normal 0.999048 0.0436157 0
    outer loop
      vertex -1.69353 -18.1482 4
      vertex -1.7 -18 0
      vertex -1.7 -18 4
    endloop
  endfacet
  facet normal 0.999048 0.0436157 0
    outer loop
      vertex -1.7 -18 0
      vertex -1.69353 -18.1482 4
      vertex -1.69353 -18.1482 0
    endloop
  endfacet
  facet normal 0.737467 0.675383 0
    outer loop
      vertex -1.20208 -19.2021 4
      vertex -1.30227 -19.0927 0
      vertex -1.30227 -19.0927 4
    endloop
  endfacet
  facet normal 0.737467 0.675383 0
    outer loop
      vertex -1.30227 -19.0927 0
      vertex -1.20208 -19.2021 4
      vertex -1.20208 -19.2021 0
    endloop
  endfacet
  facet normal 0.843445 0.537216 0
    outer loop
      vertex -1.39256 -18.9751 4
      vertex -1.47224 -18.85 0
      vertex -1.47224 -18.85 4
    endloop
  endfacet
  facet normal 0.843445 0.537216 0
    outer loop
      vertex -1.47224 -18.85 0
      vertex -1.39256 -18.9751 4
      vertex -1.39256 -18.9751 0
    endloop
  endfacet
  facet normal -0.953704 0.300747 0
    outer loop
      vertex 1.59748 -18.5814 0
      vertex 1.64207 -18.44 4
      vertex 1.64207 -18.44 0
    endloop
  endfacet
  facet normal -0.953704 0.300747 0
    outer loop
      vertex 1.64207 -18.44 4
      vertex 1.59748 -18.5814 0
      vertex 1.59748 -18.5814 4
    endloop
  endfacet
  facet normal 0.608831 0.7933 -0
    outer loop
      vertex -0.97508 -19.3926 0
      vertex -1.09274 -19.3023 4
      vertex -0.97508 -19.3926 4
    endloop
  endfacet
  facet normal 0.608831 0.7933 0
    outer loop
      vertex -1.09274 -19.3023 4
      vertex -0.97508 -19.3926 0
      vertex -1.09274 -19.3023 0
    endloop
  endfacet
  facet normal -0.0438279 -0.999039 0
    outer loop
      vertex 0 -16.3 0
      vertex 0.148165 -16.3065 4
      vertex 0 -16.3 4
    endloop
  endfacet
  facet normal -0.0438279 -0.999039 -0
    outer loop
      vertex 0.148165 -16.3065 4
      vertex 0 -16.3 0
      vertex 0.148165 -16.3065 0
    endloop
  endfacet
  facet normal 0.923948 -0.382518 0
    outer loop
      vertex -1.59748 -17.4186 4
      vertex -1.54072 -17.2815 0
      vertex -1.54072 -17.2815 4
    endloop
  endfacet
  facet normal 0.923948 -0.382518 0
    outer loop
      vertex -1.54072 -17.2815 0
      vertex -1.59748 -17.4186 4
      vertex -1.59748 -17.4186 0
    endloop
  endfacet
  facet normal 0.793183 0.608984 0
    outer loop
      vertex -1.30227 -19.0927 4
      vertex -1.39256 -18.9751 0
      vertex -1.39256 -18.9751 4
    endloop
  endfacet
  facet normal 0.793183 0.608984 0
    outer loop
      vertex -1.39256 -18.9751 0
      vertex -1.30227 -19.0927 4
      vertex -1.30227 -19.0927 0
    endloop
  endfacet
  facet normal -0.382944 0.923772 0
    outer loop
      vertex 0.718451 -19.5407 0
      vertex 0.581433 -19.5975 4
      vertex 0.718451 -19.5407 4
    endloop
  endfacet
  facet normal -0.382944 0.923772 0
    outer loop
      vertex 0.581433 -19.5975 4
      vertex 0.718451 -19.5407 0
      vertex 0.581433 -19.5975 0
    endloop
  endfacet
  facet normal -0.675621 0.737249 0
    outer loop
      vertex 1.20208 -19.2021 0
      vertex 1.09274 -19.3023 4
      vertex 1.20208 -19.2021 4
    endloop
  endfacet
  facet normal -0.675621 0.737249 0
    outer loop
      vertex 1.09274 -19.3023 4
      vertex 1.20208 -19.2021 0
      vertex 1.09274 -19.3023 0
    endloop
  endfacet
  facet normal -0.608831 0.7933 0
    outer loop
      vertex 1.09274 -19.3023 0
      vertex 0.97508 -19.3926 4
      vertex 1.09274 -19.3023 4
    endloop
  endfacet
  facet normal -0.608831 0.7933 0
    outer loop
      vertex 0.97508 -19.3926 4
      vertex 1.09274 -19.3023 0
      vertex 0.97508 -19.3926 0
    endloop
  endfacet
  facet normal -0.991439 0.130573 0
    outer loop
      vertex 1.67417 -18.2952 0
      vertex 1.69353 -18.1482 4
      vertex 1.69353 -18.1482 0
    endloop
  endfacet
  facet normal -0.991439 0.130573 0
    outer loop
      vertex 1.69353 -18.1482 4
      vertex 1.67417 -18.2952 0
      vertex 1.67417 -18.2952 4
    endloop
  endfacet
  facet normal -0.382944 -0.923772 0
    outer loop
      vertex 0.581433 -16.4025 0
      vertex 0.718451 -16.4593 4
      vertex 0.581433 -16.4025 4
    endloop
  endfacet
  facet normal -0.382944 -0.923772 -0
    outer loop
      vertex 0.718451 -16.4593 4
      vertex 0.581433 -16.4025 0
      vertex 0.718451 -16.4593 0
    endloop
  endfacet
  facet normal 0.923948 0.382518 0
    outer loop
      vertex -1.54072 -18.7185 4
      vertex -1.59748 -18.5814 0
      vertex -1.59748 -18.5814 4
    endloop
  endfacet
  facet normal 0.923948 0.382518 0
    outer loop
      vertex -1.59748 -18.5814 0
      vertex -1.54072 -18.7185 4
      vertex -1.54072 -18.7185 0
    endloop
  endfacet
  facet normal -0.461857 0.886954 0
    outer loop
      vertex 0.849999 -19.4722 0
      vertex 0.718451 -19.5407 4
      vertex 0.849999 -19.4722 4
    endloop
  endfacet
  facet normal -0.461857 0.886954 0
    outer loop
      vertex 0.718451 -19.5407 4
      vertex 0.849999 -19.4722 0
      vertex 0.718451 -19.5407 0
    endloop
  endfacet
  facet normal -0.737467 -0.675383 0
    outer loop
      vertex 1.30227 -16.9073 0
      vertex 1.20208 -16.7979 4
      vertex 1.20208 -16.7979 0
    endloop
  endfacet
  facet normal -0.737467 -0.675383 0
    outer loop
      vertex 1.20208 -16.7979 4
      vertex 1.30227 -16.9073 0
      vertex 1.30227 -16.9073 4
    endloop
  endfacet
  facet normal -0.886941 -0.461884 0
    outer loop
      vertex 1.54072 -17.2815 0
      vertex 1.47224 -17.15 4
      vertex 1.47224 -17.15 0
    endloop
  endfacet
  facet normal -0.886941 -0.461884 0
    outer loop
      vertex 1.47224 -17.15 4
      vertex 1.54072 -17.2815 0
      vertex 1.54072 -17.2815 4
    endloop
  endfacet
  facet normal -0.923948 -0.382518 0
    outer loop
      vertex 1.59748 -17.4186 0
      vertex 1.54072 -17.2815 4
      vertex 1.54072 -17.2815 0
    endloop
  endfacet
  facet normal -0.923948 -0.382518 0
    outer loop
      vertex 1.54072 -17.2815 4
      vertex 1.59748 -17.4186 0
      vertex 1.59748 -17.4186 4
    endloop
  endfacet
  facet normal -0.130144 -0.991495 0
    outer loop
      vertex 0.148165 -16.3065 0
      vertex 0.295201 -16.3258 4
      vertex 0.148165 -16.3065 4
    endloop
  endfacet
  facet normal -0.130144 -0.991495 -0
    outer loop
      vertex 0.295201 -16.3258 4
      vertex 0.148165 -16.3065 0
      vertex 0.295201 -16.3258 0
    endloop
  endfacet
  facet normal -0.216444 -0.976295 0
    outer loop
      vertex 0.295201 -16.3258 0
      vertex 0.439992 -16.3579 4
      vertex 0.295201 -16.3258 4
    endloop
  endfacet
  facet normal -0.216444 -0.976295 -0
    outer loop
      vertex 0.439992 -16.3579 4
      vertex 0.295201 -16.3258 0
      vertex 0.439992 -16.3579 0
    endloop
  endfacet
  facet normal 0.382944 0.923772 -0
    outer loop
      vertex -0.581433 -19.5975 0
      vertex -0.718451 -19.5407 4
      vertex -0.581433 -19.5975 4
    endloop
  endfacet
  facet normal 0.382944 0.923772 0
    outer loop
      vertex -0.718451 -19.5407 4
      vertex -0.581433 -19.5975 0
      vertex -0.718451 -19.5407 0
    endloop
  endfacet
  facet normal -0.608831 -0.7933 0
    outer loop
      vertex 0.97508 -16.6074 0
      vertex 1.09274 -16.6977 4
      vertex 0.97508 -16.6074 4
    endloop
  endfacet
  facet normal -0.608831 -0.7933 -0
    outer loop
      vertex 1.09274 -16.6977 4
      vertex 0.97508 -16.6074 0
      vertex 1.09274 -16.6977 0
    endloop
  endfacet
  facet normal 0.0438279 -0.999039 0
    outer loop
      vertex -0.148165 -16.3065 0
      vertex 0 -16.3 4
      vertex -0.148165 -16.3065 4
    endloop
  endfacet
  facet normal 0.0438279 -0.999039 0
    outer loop
      vertex 0 -16.3 4
      vertex -0.148165 -16.3065 0
      vertex 0 -16.3 0
    endloop
  endfacet
  facet normal 0.886941 -0.461884 0
    outer loop
      vertex -1.54072 -17.2815 4
      vertex -1.47224 -17.15 0
      vertex -1.47224 -17.15 4
    endloop
  endfacet
  facet normal 0.886941 -0.461884 0
    outer loop
      vertex -1.47224 -17.15 0
      vertex -1.54072 -17.2815 4
      vertex -1.54072 -17.2815 0
    endloop
  endfacet
  facet normal 0.216444 0.976295 -0
    outer loop
      vertex -0.295201 -19.6742 0
      vertex -0.439992 -19.6421 4
      vertex -0.295201 -19.6742 4
    endloop
  endfacet
  facet normal 0.216444 0.976295 0
    outer loop
      vertex -0.439992 -19.6421 4
      vertex -0.295201 -19.6742 0
      vertex -0.439992 -19.6421 0
    endloop
  endfacet
  facet normal 0.216444 -0.976295 0
    outer loop
      vertex -0.439992 -16.3579 0
      vertex -0.295201 -16.3258 4
      vertex -0.439992 -16.3579 4
    endloop
  endfacet
  facet normal 0.216444 -0.976295 0
    outer loop
      vertex -0.295201 -16.3258 4
      vertex -0.439992 -16.3579 0
      vertex -0.295201 -16.3258 0
    endloop
  endfacet
  facet normal 0.461857 0.886954 -0
    outer loop
      vertex -0.718451 -19.5407 0
      vertex -0.849999 -19.4722 4
      vertex -0.718451 -19.5407 4
    endloop
  endfacet
  facet normal 0.461857 0.886954 0
    outer loop
      vertex -0.849999 -19.4722 4
      vertex -0.718451 -19.5407 0
      vertex -0.849999 -19.4722 0
    endloop
  endfacet
  facet normal -0.923948 0.382518 0
    outer loop
      vertex 1.54072 -18.7185 0
      vertex 1.59748 -18.5814 4
      vertex 1.59748 -18.5814 0
    endloop
  endfacet
  facet normal -0.923948 0.382518 0
    outer loop
      vertex 1.59748 -18.5814 4
      vertex 1.54072 -18.7185 0
      vertex 1.54072 -18.7185 4
    endloop
  endfacet
  facet normal 0.461857 -0.886954 0
    outer loop
      vertex -0.849999 -16.5278 0
      vertex -0.718451 -16.4593 4
      vertex -0.849999 -16.5278 4
    endloop
  endfacet
  facet normal 0.461857 -0.886954 0
    outer loop
      vertex -0.718451 -16.4593 4
      vertex -0.849999 -16.5278 0
      vertex -0.718451 -16.4593 0
    endloop
  endfacet
  facet normal -0.675621 -0.737249 0
    outer loop
      vertex 1.09274 -16.6977 0
      vertex 1.20208 -16.7979 4
      vertex 1.09274 -16.6977 4
    endloop
  endfacet
  facet normal -0.675621 -0.737249 -0
    outer loop
      vertex 1.20208 -16.7979 4
      vertex 1.09274 -16.6977 0
      vertex 1.20208 -16.7979 0
    endloop
  endfacet
  facet normal -0.991439 -0.130573 0
    outer loop
      vertex 1.69353 -17.8518 0
      vertex 1.67417 -17.7048 4
      vertex 1.67417 -17.7048 0
    endloop
  endfacet
  facet normal -0.991439 -0.130573 0
    outer loop
      vertex 1.67417 -17.7048 4
      vertex 1.69353 -17.8518 0
      vertex 1.69353 -17.8518 4
    endloop
  endfacet
  facet normal 0.53689 0.843652 -0
    outer loop
      vertex -0.849999 -19.4722 0
      vertex -0.97508 -19.3926 4
      vertex -0.849999 -19.4722 4
    endloop
  endfacet
  facet normal 0.53689 0.843652 0
    outer loop
      vertex -0.97508 -19.3926 4
      vertex -0.849999 -19.4722 0
      vertex -0.97508 -19.3926 0
    endloop
  endfacet
  facet normal 0.953704 -0.300747 0
    outer loop
      vertex -1.64207 -17.56 4
      vertex -1.59748 -17.4186 0
      vertex -1.59748 -17.4186 4
    endloop
  endfacet
  facet normal 0.953704 -0.300747 0
    outer loop
      vertex -1.59748 -17.4186 0
      vertex -1.64207 -17.56 4
      vertex -1.64207 -17.56 0
    endloop
  endfacet
  facet normal 0.793183 -0.608984 0
    outer loop
      vertex -1.39256 -17.0249 4
      vertex -1.30227 -16.9073 0
      vertex -1.30227 -16.9073 4
    endloop
  endfacet
  facet normal 0.793183 -0.608984 0
    outer loop
      vertex -1.30227 -16.9073 0
      vertex -1.39256 -17.0249 4
      vertex -1.39256 -17.0249 0
    endloop
  endfacet
  facet normal 0.53689 -0.843652 0
    outer loop
      vertex -0.97508 -16.6074 0
      vertex -0.849999 -16.5278 4
      vertex -0.97508 -16.6074 4
    endloop
  endfacet
  facet normal 0.53689 -0.843652 0
    outer loop
      vertex -0.849999 -16.5278 4
      vertex -0.97508 -16.6074 0
      vertex -0.849999 -16.5278 0
    endloop
  endfacet
  facet normal 0.737467 -0.675383 0
    outer loop
      vertex -1.30227 -16.9073 4
      vertex -1.20208 -16.7979 0
      vertex -1.20208 -16.7979 4
    endloop
  endfacet
  facet normal 0.737467 -0.675383 0
    outer loop
      vertex -1.20208 -16.7979 0
      vertex -1.30227 -16.9073 4
      vertex -1.30227 -16.9073 0
    endloop
  endfacet
  facet normal -0.461857 -0.886954 0
    outer loop
      vertex 0.718451 -16.4593 0
      vertex 0.849999 -16.5278 4
      vertex 0.718451 -16.4593 4
    endloop
  endfacet
  facet normal -0.461857 -0.886954 -0
    outer loop
      vertex 0.849999 -16.5278 4
      vertex 0.718451 -16.4593 0
      vertex 0.849999 -16.5278 0
    endloop
  endfacet
  facet normal 0.843445 -0.537216 0
    outer loop
      vertex -1.47224 -17.15 4
      vertex -1.39256 -17.0249 0
      vertex -1.39256 -17.0249 4
    endloop
  endfacet
  facet normal 0.843445 -0.537216 0
    outer loop
      vertex -1.39256 -17.0249 0
      vertex -1.47224 -17.15 4
      vertex -1.47224 -17.15 0
    endloop
  endfacet
  facet normal 0.130144 0.991495 -0
    outer loop
      vertex -0.148165 -19.6935 0
      vertex -0.295201 -19.6742 4
      vertex -0.148165 -19.6935 4
    endloop
  endfacet
  facet normal 0.130144 0.991495 0
    outer loop
      vertex -0.295201 -19.6742 4
      vertex -0.148165 -19.6935 0
      vertex -0.295201 -19.6742 0
    endloop
  endfacet
  facet normal 0.675621 0.737249 -0
    outer loop
      vertex -1.09274 -19.3023 0
      vertex -1.20208 -19.2021 4
      vertex -1.09274 -19.3023 4
    endloop
  endfacet
  facet normal 0.675621 0.737249 0
    outer loop
      vertex -1.20208 -19.2021 4
      vertex -1.09274 -19.3023 0
      vertex -1.20208 -19.2021 0
    endloop
  endfacet
  facet normal 0.999048 -0.0436157 0
    outer loop
      vertex -1.7 -18 4
      vertex -1.69353 -17.8518 0
      vertex -1.69353 -17.8518 4
    endloop
  endfacet
  facet normal 0.999048 -0.0436157 0
    outer loop
      vertex -1.69353 -17.8518 0
      vertex -1.7 -18 4
      vertex -1.7 -18 0
    endloop
  endfacet
  facet normal 0.991439 -0.130573 0
    outer loop
      vertex -1.69353 -17.8518 4
      vertex -1.67417 -17.7048 0
      vertex -1.67417 -17.7048 4
    endloop
  endfacet
  facet normal 0.991439 -0.130573 0
    outer loop
      vertex -1.67417 -17.7048 0
      vertex -1.69353 -17.8518 4
      vertex -1.69353 -17.8518 0
    endloop
  endfacet
  facet normal -0.53689 -0.843652 0
    outer loop
      vertex 0.849999 -16.5278 0
      vertex 0.97508 -16.6074 4
      vertex 0.849999 -16.5278 4
    endloop
  endfacet
  facet normal -0.53689 -0.843652 -0
    outer loop
      vertex 0.97508 -16.6074 4
      vertex 0.849999 -16.5278 0
      vertex 0.97508 -16.6074 0
    endloop
  endfacet
  facet normal 0.675743 0 0.737138
    outer loop
      vertex -3.56317 9 10.6868
      vertex -3.48921 6 10.619
      vertex -3.48921 9 10.619
    endloop
  endfacet
  facet normal 0.675743 0 0.737138
    outer loop
      vertex -3.48921 6 10.619
      vertex -3.56317 9 10.6868
      vertex -3.56317 6 10.6868
    endloop
  endfacet
  facet normal 0.462334 0 0.886706
    outer loop
      vertex -3.325 9 10.5041
      vertex -3.23601 6 10.4577
      vertex -3.23601 9 10.4577
    endloop
  endfacet
  facet normal 0.462334 0 0.886706
    outer loop
      vertex -3.23601 6 10.4577
      vertex -3.325 9 10.5041
      vertex -3.325 6 10.5041
    endloop
  endfacet
  facet normal 0.300998 0 -0.953625
    outer loop
      vertex -3.14332 6 20.5806
      vertex -3.04764 9 20.6108
      vertex -3.04764 6 20.6108
    endloop
  endfacet
  facet normal 0.300998 0 -0.953625
    outer loop
      vertex -3.04764 9 20.6108
      vertex -3.14332 6 20.5806
      vertex -3.14332 9 20.5806
    endloop
  endfacet
  facet normal 0.737419 0 -0.675436
    outer loop
      vertex -3.56317 6 20.3132
      vertex -3.63095 9 20.2392
      vertex -3.56317 9 20.3132
    endloop
  endfacet
  facet normal 0.737419 0 -0.675436
    outer loop
      vertex -3.63095 9 20.2392
      vertex -3.56317 6 20.3132
      vertex -3.63095 6 20.2392
    endloop
  endfacet
  facet normal 0.462334 0 -0.886706
    outer loop
      vertex -3.325 6 20.4959
      vertex -3.23601 9 20.5423
      vertex -3.23601 6 20.5423
    endloop
  endfacet
  facet normal 0.462334 0 -0.886706
    outer loop
      vertex -3.23601 9 20.5423
      vertex -3.325 6 20.4959
      vertex -3.325 9 20.4959
    endloop
  endfacet
  facet normal -0.216318 0 0.976323
    outer loop
      vertex -2.5503 9 10.3675
      vertex -2.45236 6 10.3892
      vertex -2.45236 9 10.3892
    endloop
  endfacet
  facet normal -0.216318 0 0.976323
    outer loop
      vertex -2.45236 6 10.3892
      vertex -2.5503 9 10.3675
      vertex -2.5503 6 10.3675
    endloop
  endfacet
  facet normal -0.462334 0 -0.886706
    outer loop
      vertex -2.26399 6 20.5423
      vertex -2.175 9 20.4959
      vertex -2.175 6 20.4959
    endloop
  endfacet
  facet normal -0.462334 0 -0.886706
    outer loop
      vertex -2.175 9 20.4959
      vertex -2.26399 6 20.5423
      vertex -2.26399 9 20.5423
    endloop
  endfacet
  facet normal 0.999046 0 -0.0436709
    outer loop
      vertex -3.89562 6 19.6002
      vertex -3.9 9 19.5
      vertex -3.89562 9 19.6002
    endloop
  endfacet
  facet normal 0.999046 0 -0.0436709
    outer loop
      vertex -3.9 9 19.5
      vertex -3.89562 6 19.6002
      vertex -3.9 6 19.5
    endloop
  endfacet
  facet normal 0.537282 0 -0.843403
    outer loop
      vertex -3.40961 6 20.442
      vertex -3.325 9 20.4959
      vertex -3.325 6 20.4959
    endloop
  endfacet
  facet normal 0.537282 0 -0.843403
    outer loop
      vertex -3.325 9 20.4959
      vertex -3.40961 6 20.442
      vertex -3.40961 9 20.442
    endloop
  endfacet
  facet normal 0.130583 0 -0.991437
    outer loop
      vertex -2.94969 6 20.6325
      vertex -2.85023 9 20.6456
      vertex -2.85023 6 20.6456
    endloop
  endfacet
  facet normal 0.130583 0 -0.991437
    outer loop
      vertex -2.85023 9 20.6456
      vertex -2.94969 6 20.6325
      vertex -2.94969 9 20.6325
    endloop
  endfacet
  facet normal 0.887054 0 -0.461667
    outer loop
      vertex -3.74593 6 20.075
      vertex -3.79225 9 19.986
      vertex -3.74593 9 20.075
    endloop
  endfacet
  facet normal 0.887054 0 -0.461667
    outer loop
      vertex -3.79225 9 19.986
      vertex -3.74593 6 20.075
      vertex -3.79225 6 19.986
    endloop
  endfacet
  facet normal 0.216297 0 -0.976328
    outer loop
      vertex -3.04764 6 20.6108
      vertex -2.94969 9 20.6325
      vertex -2.94969 6 20.6325
    endloop
  endfacet
  facet normal 0.216297 0 -0.976328
    outer loop
      vertex -2.94969 9 20.6325
      vertex -3.04764 6 20.6108
      vertex -3.04764 9 20.6108
    endloop
  endfacet
  facet normal 0.381888 0 -0.924209
    outer loop
      vertex -3.23601 6 20.5423
      vertex -3.14332 9 20.5806
      vertex -3.14332 6 20.5806
    endloop
  endfacet
  facet normal 0.381888 0 -0.924209
    outer loop
      vertex -3.14332 9 20.5806
      vertex -3.23601 6 20.5423
      vertex -3.23601 9 20.5423
    endloop
  endfacet
  facet normal -0.999046 0 0.0436709
    outer loop
      vertex -1.60438 6 11.3998
      vertex -1.6 9 11.5
      vertex -1.60438 9 11.3998
    endloop
  endfacet
  facet normal -0.999046 0 0.0436709
    outer loop
      vertex -1.6 9 11.5
      vertex -1.60438 6 11.3998
      vertex -1.6 6 11.5
    endloop
  endfacet
  facet normal 0.991457 -0 0.130434
    outer loop
      vertex -3.89562 6 11.3998
      vertex -3.88253 9 11.3003
      vertex -3.89562 9 11.3998
    endloop
  endfacet
  facet normal 0.991457 0 0.130434
    outer loop
      vertex -3.88253 9 11.3003
      vertex -3.89562 6 11.3998
      vertex -3.88253 6 11.3003
    endloop
  endfacet
  facet normal 0.608264 0 0.793735
    outer loop
      vertex -3.48921 9 10.619
      vertex -3.40961 6 10.558
      vertex -3.40961 9 10.558
    endloop
  endfacet
  facet normal 0.608264 0 0.793735
    outer loop
      vertex -3.40961 6 10.558
      vertex -3.48921 9 10.619
      vertex -3.48921 6 10.619
    endloop
  endfacet
  facet normal -0.923871 0 0.382704
    outer loop
      vertex -1.70775 6 11.014
      vertex -1.66935 9 11.1067
      vertex -1.70775 9 11.014
    endloop
  endfacet
  facet normal -0.923871 0 0.382704
    outer loop
      vertex -1.66935 9 11.1067
      vertex -1.70775 6 11.014
      vertex -1.66935 6 11.1067
    endloop
  endfacet
  facet normal -0.300998 0 0.953625
    outer loop
      vertex -2.45236 9 10.3892
      vertex -2.35668 6 10.4194
      vertex -2.35668 9 10.4194
    endloop
  endfacet
  facet normal -0.300998 0 0.953625
    outer loop
      vertex -2.35668 6 10.4194
      vertex -2.45236 9 10.3892
      vertex -2.45236 6 10.3892
    endloop
  endfacet
  facet normal 0.887054 -0 0.461667
    outer loop
      vertex -3.79225 6 11.014
      vertex -3.74593 9 10.925
      vertex -3.79225 9 11.014
    endloop
  endfacet
  facet normal 0.887054 0 0.461667
    outer loop
      vertex -3.74593 9 10.925
      vertex -3.79225 6 11.014
      vertex -3.74593 6 10.925
    endloop
  endfacet
  facet normal -0.381888 0 0.924209
    outer loop
      vertex -2.35668 9 10.4194
      vertex -2.26399 6 10.4577
      vertex -2.26399 9 10.4577
    endloop
  endfacet
  facet normal -0.381888 0 0.924209
    outer loop
      vertex -2.26399 6 10.4577
      vertex -2.35668 9 10.4194
      vertex -2.35668 6 10.4194
    endloop
  endfacet
  facet normal -0.0438568 0 0.999038
    outer loop
      vertex -2.75 9 10.35
      vertex -2.64977 6 10.3544
      vertex -2.64977 9 10.3544
    endloop
  endfacet
  facet normal -0.0438568 0 0.999038
    outer loop
      vertex -2.64977 6 10.3544
      vertex -2.75 9 10.35
      vertex -2.75 6 10.35
    endloop
  endfacet
  facet normal -0.300998 0 -0.953625
    outer loop
      vertex -2.45236 6 20.6108
      vertex -2.35668 9 20.5806
      vertex -2.35668 6 20.5806
    endloop
  endfacet
  facet normal -0.300998 0 -0.953625
    outer loop
      vertex -2.35668 9 20.5806
      vertex -2.45236 6 20.6108
      vertex -2.45236 9 20.6108
    endloop
  endfacet
  facet normal 0.793398 -0 0.608704
    outer loop
      vertex -3.69202 6 10.8404
      vertex -3.63095 9 10.7608
      vertex -3.69202 9 10.8404
    endloop
  endfacet
  facet normal 0.793398 0 0.608704
    outer loop
      vertex -3.63095 9 10.7608
      vertex -3.69202 6 10.8404
      vertex -3.63095 6 10.7608
    endloop
  endfacet
  facet normal 0.300998 0 0.953625
    outer loop
      vertex -3.14332 9 10.4194
      vertex -3.04764 6 10.3892
      vertex -3.04764 9 10.3892
    endloop
  endfacet
  facet normal 0.300998 0 0.953625
    outer loop
      vertex -3.04764 6 10.3892
      vertex -3.14332 9 10.4194
      vertex -3.14332 6 10.4194
    endloop
  endfacet
  facet normal -0.843374 0 0.537327
    outer loop
      vertex -1.80797 6 10.8404
      vertex -1.75407 9 10.925
      vertex -1.80797 9 10.8404
    endloop
  endfacet
  facet normal -0.843374 0 0.537327
    outer loop
      vertex -1.75407 9 10.925
      vertex -1.80797 6 10.8404
      vertex -1.75407 6 10.925
    endloop
  endfacet
  facet normal -0.999046 0 -0.0436709
    outer loop
      vertex -1.6 6 19.5
      vertex -1.60438 9 19.6002
      vertex -1.6 9 19.5
    endloop
  endfacet
  facet normal -0.999046 -0 -0.0436709
    outer loop
      vertex -1.60438 9 19.6002
      vertex -1.6 6 19.5
      vertex -1.60438 6 19.6002
    endloop
  endfacet
  facet normal 0.0438568 0 -0.999038
    outer loop
      vertex -2.85023 6 20.6456
      vertex -2.75 9 20.65
      vertex -2.75 6 20.65
    endloop
  endfacet
  facet normal 0.0438568 0 -0.999038
    outer loop
      vertex -2.75 9 20.65
      vertex -2.85023 6 20.6456
      vertex -2.85023 9 20.6456
    endloop
  endfacet
  facet normal -0.953729 0 -0.300669
    outer loop
      vertex -1.63918 6 19.7976
      vertex -1.66935 9 19.8933
      vertex -1.63918 9 19.7976
    endloop
  endfacet
  facet normal -0.953729 -0 -0.300669
    outer loop
      vertex -1.66935 9 19.8933
      vertex -1.63918 6 19.7976
      vertex -1.66935 6 19.8933
    endloop
  endfacet
  facet normal -0.843374 0 -0.537327
    outer loop
      vertex -1.75407 6 20.075
      vertex -1.80797 9 20.1596
      vertex -1.75407 9 20.075
    endloop
  endfacet
  facet normal -0.843374 -0 -0.537327
    outer loop
      vertex -1.80797 9 20.1596
      vertex -1.75407 6 20.075
      vertex -1.80797 6 20.1596
    endloop
  endfacet
  facet normal 0.675743 0 -0.737138
    outer loop
      vertex -3.56317 6 20.3132
      vertex -3.48921 9 20.381
      vertex -3.48921 6 20.381
    endloop
  endfacet
  facet normal 0.675743 0 -0.737138
    outer loop
      vertex -3.48921 9 20.381
      vertex -3.56317 6 20.3132
      vertex -3.56317 9 20.3132
    endloop
  endfacet
  facet normal 0.976262 -0 0.216593
    outer loop
      vertex -3.88253 6 11.3003
      vertex -3.86081 9 11.2024
      vertex -3.88253 9 11.3003
    endloop
  endfacet
  facet normal 0.976262 0 0.216593
    outer loop
      vertex -3.86081 9 11.2024
      vertex -3.88253 6 11.3003
      vertex -3.86081 6 11.2024
    endloop
  endfacet
  facet normal -0.537282 0 0.843403
    outer loop
      vertex -2.175 9 10.5041
      vertex -2.09039 6 10.558
      vertex -2.09039 9 10.558
    endloop
  endfacet
  facet normal -0.537282 0 0.843403
    outer loop
      vertex -2.09039 6 10.558
      vertex -2.175 9 10.5041
      vertex -2.175 6 10.5041
    endloop
  endfacet
  facet normal -1 0 0
    outer loop
      vertex -1.6 6 11.5
      vertex -1.6 9 19.5
      vertex -1.6 9 11.5
    endloop
  endfacet
  facet normal -1 -0 0
    outer loop
      vertex -1.6 9 19.5
      vertex -1.6 6 11.5
      vertex -1.6 6 19.5
    endloop
  endfacet
  facet normal -0.737419 0 -0.675436
    outer loop
      vertex -1.86905 6 20.2392
      vertex -1.93683 9 20.3132
      vertex -1.86905 9 20.2392
    endloop
  endfacet
  facet normal -0.737419 -0 -0.675436
    outer loop
      vertex -1.93683 9 20.3132
      vertex -1.86905 6 20.2392
      vertex -1.93683 6 20.3132
    endloop
  endfacet
  facet normal -0.737419 0 0.675436
    outer loop
      vertex -1.93683 6 10.6868
      vertex -1.86905 9 10.7608
      vertex -1.93683 9 10.6868
    endloop
  endfacet
  facet normal -0.737419 0 0.675436
    outer loop
      vertex -1.86905 9 10.7608
      vertex -1.93683 6 10.6868
      vertex -1.86905 6 10.7608
    endloop
  endfacet
  facet normal 0.923871 0 -0.382704
    outer loop
      vertex -3.79225 6 19.986
      vertex -3.83065 9 19.8933
      vertex -3.79225 9 19.986
    endloop
  endfacet
  facet normal 0.923871 0 -0.382704
    outer loop
      vertex -3.83065 9 19.8933
      vertex -3.79225 6 19.986
      vertex -3.83065 6 19.8933
    endloop
  endfacet
  facet normal -0.0438568 0 -0.999038
    outer loop
      vertex -2.75 6 20.65
      vertex -2.64977 9 20.6456
      vertex -2.64977 6 20.6456
    endloop
  endfacet
  facet normal -0.0438568 0 -0.999038
    outer loop
      vertex -2.64977 9 20.6456
      vertex -2.75 6 20.65
      vertex -2.75 9 20.65
    endloop
  endfacet
  facet normal -0.79335 0 -0.608766
    outer loop
      vertex -1.80797 6 20.1596
      vertex -1.86905 9 20.2392
      vertex -1.80797 9 20.1596
    endloop
  endfacet
  facet normal -0.79335 -0 -0.608766
    outer loop
      vertex -1.86905 9 20.2392
      vertex -1.80797 6 20.1596
      vertex -1.86905 6 20.2392
    endloop
  endfacet
  facet normal -0.462334 0 0.886706
    outer loop
      vertex -2.26399 9 10.4577
      vertex -2.175 6 10.5041
      vertex -2.175 9 10.5041
    endloop
  endfacet
  facet normal -0.462334 0 0.886706
    outer loop
      vertex -2.175 6 10.5041
      vertex -2.26399 9 10.4577
      vertex -2.26399 6 10.4577
    endloop
  endfacet
  facet normal -0.130571 0 -0.991439
    outer loop
      vertex -2.64977 6 20.6456
      vertex -2.5503 9 20.6325
      vertex -2.5503 6 20.6325
    endloop
  endfacet
  facet normal -0.130571 0 -0.991439
    outer loop
      vertex -2.5503 9 20.6325
      vertex -2.64977 6 20.6456
      vertex -2.64977 9 20.6456
    endloop
  endfacet
  facet normal -0.953729 0 0.300669
    outer loop
      vertex -1.66935 6 11.1067
      vertex -1.63918 9 11.2024
      vertex -1.66935 9 11.1067
    endloop
  endfacet
  facet normal -0.953729 0 0.300669
    outer loop
      vertex -1.63918 9 11.2024
      vertex -1.66935 6 11.1067
      vertex -1.63918 6 11.2024
    endloop
  endfacet
  facet normal -0.675743 0 -0.737138
    outer loop
      vertex -2.01079 6 20.381
      vertex -1.93683 9 20.3132
      vertex -1.93683 6 20.3132
    endloop
  endfacet
  facet normal -0.675743 0 -0.737138
    outer loop
      vertex -1.93683 9 20.3132
      vertex -2.01079 6 20.381
      vertex -2.01079 9 20.381
    endloop
  endfacet
  facet normal 0.130583 0 0.991437
    outer loop
      vertex -2.94969 9 10.3675
      vertex -2.85023 6 10.3544
      vertex -2.85023 9 10.3544
    endloop
  endfacet
  facet normal 0.130583 0 0.991437
    outer loop
      vertex -2.85023 6 10.3544
      vertex -2.94969 9 10.3675
      vertex -2.94969 6 10.3675
    endloop
  endfacet
  facet normal 0.843329 -0 0.537398
    outer loop
      vertex -3.74593 6 10.925
      vertex -3.69202 9 10.8404
      vertex -3.74593 9 10.925
    endloop
  endfacet
  facet normal 0.843329 0 0.537398
    outer loop
      vertex -3.69202 9 10.8404
      vertex -3.74593 6 10.925
      vertex -3.69202 6 10.8404
    endloop
  endfacet
  facet normal -0.608264 0 -0.793735
    outer loop
      vertex -2.09039 6 20.442
      vertex -2.01079 9 20.381
      vertex -2.01079 6 20.381
    endloop
  endfacet
  facet normal -0.608264 0 -0.793735
    outer loop
      vertex -2.01079 9 20.381
      vertex -2.09039 6 20.442
      vertex -2.09039 9 20.442
    endloop
  endfacet
  facet normal -0.216318 0 -0.976323
    outer loop
      vertex -2.5503 6 20.6325
      vertex -2.45236 9 20.6108
      vertex -2.45236 6 20.6108
    endloop
  endfacet
  facet normal -0.216318 0 -0.976323
    outer loop
      vertex -2.45236 9 20.6108
      vertex -2.5503 6 20.6325
      vertex -2.5503 9 20.6325
    endloop
  endfacet
  facet normal 0.537282 0 0.843403
    outer loop
      vertex -3.40961 9 10.558
      vertex -3.325 6 10.5041
      vertex -3.325 9 10.5041
    endloop
  endfacet
  facet normal 0.537282 0 0.843403
    outer loop
      vertex -3.325 6 10.5041
      vertex -3.40961 9 10.558
      vertex -3.40961 6 10.558
    endloop
  endfacet
  facet normal -0.976283 0 -0.216498
    outer loop
      vertex -1.61747 6 19.6997
      vertex -1.63918 9 19.7976
      vertex -1.61747 9 19.6997
    endloop
  endfacet
  facet normal -0.976283 -0 -0.216498
    outer loop
      vertex -1.63918 9 19.7976
      vertex -1.61747 6 19.6997
      vertex -1.63918 6 19.7976
    endloop
  endfacet
  facet normal 0.953757 0 -0.300578
    outer loop
      vertex -3.83065 6 19.8933
      vertex -3.86081 9 19.7976
      vertex -3.83065 9 19.8933
    endloop
  endfacet
  facet normal 0.953757 0 -0.300578
    outer loop
      vertex -3.86081 9 19.7976
      vertex -3.83065 6 19.8933
      vertex -3.86081 6 19.7976
    endloop
  endfacet
  facet normal -0.887054 0 -0.461667
    outer loop
      vertex -1.70775 6 19.986
      vertex -1.75407 9 20.075
      vertex -1.70775 9 19.986
    endloop
  endfacet
  facet normal -0.887054 -0 -0.461667
    outer loop
      vertex -1.75407 9 20.075
      vertex -1.70775 6 19.986
      vertex -1.75407 6 20.075
    endloop
  endfacet
  facet normal 0.737419 -0 0.675436
    outer loop
      vertex -3.63095 6 10.7608
      vertex -3.56317 9 10.6868
      vertex -3.63095 9 10.7608
    endloop
  endfacet
  facet normal 0.737419 0 0.675436
    outer loop
      vertex -3.56317 9 10.6868
      vertex -3.63095 6 10.7608
      vertex -3.56317 6 10.6868
    endloop
  endfacet
  facet normal -0.923871 0 -0.382704
    outer loop
      vertex -1.66935 6 19.8933
      vertex -1.70775 9 19.986
      vertex -1.66935 9 19.8933
    endloop
  endfacet
  facet normal -0.923871 -0 -0.382704
    outer loop
      vertex -1.70775 9 19.986
      vertex -1.66935 6 19.8933
      vertex -1.70775 6 19.986
    endloop
  endfacet
  facet normal -0.130571 0 0.991439
    outer loop
      vertex -2.64977 9 10.3544
      vertex -2.5503 6 10.3675
      vertex -2.5503 9 10.3675
    endloop
  endfacet
  facet normal -0.130571 0 0.991439
    outer loop
      vertex -2.5503 6 10.3675
      vertex -2.64977 9 10.3544
      vertex -2.64977 6 10.3544
    endloop
  endfacet
  facet normal -0.675743 0 0.737138
    outer loop
      vertex -2.01079 9 10.619
      vertex -1.93683 6 10.6868
      vertex -1.93683 9 10.6868
    endloop
  endfacet
  facet normal -0.675743 0 0.737138
    outer loop
      vertex -1.93683 6 10.6868
      vertex -2.01079 9 10.619
      vertex -2.01079 6 10.619
    endloop
  endfacet
  facet normal 0.793398 0 -0.608704
    outer loop
      vertex -3.63095 6 20.2392
      vertex -3.69202 9 20.1596
      vertex -3.63095 9 20.2392
    endloop
  endfacet
  facet normal 0.793398 0 -0.608704
    outer loop
      vertex -3.69202 9 20.1596
      vertex -3.63095 6 20.2392
      vertex -3.69202 6 20.1596
    endloop
  endfacet
  facet normal 0.843329 0 -0.537398
    outer loop
      vertex -3.69202 6 20.1596
      vertex -3.74593 9 20.075
      vertex -3.69202 9 20.1596
    endloop
  endfacet
  facet normal 0.843329 0 -0.537398
    outer loop
      vertex -3.74593 9 20.075
      vertex -3.69202 6 20.1596
      vertex -3.74593 6 20.075
    endloop
  endfacet
  facet normal 0.999046 -0 0.0436709
    outer loop
      vertex -3.9 6 11.5
      vertex -3.89562 9 11.3998
      vertex -3.9 9 11.5
    endloop
  endfacet
  facet normal 0.999046 0 0.0436709
    outer loop
      vertex -3.89562 9 11.3998
      vertex -3.9 6 11.5
      vertex -3.89562 6 11.3998
    endloop
  endfacet
  facet normal 1 -0 0
    outer loop
      vertex -3.9 6 19.5
      vertex -3.9 9 11.5
      vertex -3.9 9 19.5
    endloop
  endfacet
  facet normal 1 0 0
    outer loop
      vertex -3.9 9 11.5
      vertex -3.9 6 19.5
      vertex -3.9 6 11.5
    endloop
  endfacet
  facet normal -0.991457 0 -0.130434
    outer loop
      vertex -1.60438 6 19.6002
      vertex -1.61747 9 19.6997
      vertex -1.60438 9 19.6002
    endloop
  endfacet
  facet normal -0.991457 -0 -0.130434
    outer loop
      vertex -1.61747 9 19.6997
      vertex -1.60438 6 19.6002
      vertex -1.61747 6 19.6997
    endloop
  endfacet
  facet normal 0.991457 0 -0.130434
    outer loop
      vertex -3.88253 6 19.6997
      vertex -3.89562 9 19.6002
      vertex -3.88253 9 19.6997
    endloop
  endfacet
  facet normal 0.991457 0 -0.130434
    outer loop
      vertex -3.89562 9 19.6002
      vertex -3.88253 6 19.6997
      vertex -3.89562 6 19.6002
    endloop
  endfacet
  facet normal -0.79335 0 0.608766
    outer loop
      vertex -1.86905 6 10.7608
      vertex -1.80797 9 10.8404
      vertex -1.86905 9 10.7608
    endloop
  endfacet
  facet normal -0.79335 0 0.608766
    outer loop
      vertex -1.80797 9 10.8404
      vertex -1.86905 6 10.7608
      vertex -1.80797 6 10.8404
    endloop
  endfacet
  facet normal 0.216297 0 0.976328
    outer loop
      vertex -3.04764 9 10.3892
      vertex -2.94969 6 10.3675
      vertex -2.94969 9 10.3675
    endloop
  endfacet
  facet normal 0.216297 0 0.976328
    outer loop
      vertex -2.94969 6 10.3675
      vertex -3.04764 9 10.3892
      vertex -3.04764 6 10.3892
    endloop
  endfacet
  facet normal 0.976262 0 -0.216593
    outer loop
      vertex -3.86081 6 19.7976
      vertex -3.88253 9 19.6997
      vertex -3.86081 9 19.7976
    endloop
  endfacet
  facet normal 0.976262 0 -0.216593
    outer loop
      vertex -3.88253 9 19.6997
      vertex -3.86081 6 19.7976
      vertex -3.88253 6 19.6997
    endloop
  endfacet
  facet normal -0.537282 0 -0.843403
    outer loop
      vertex -2.175 6 20.4959
      vertex -2.09039 9 20.442
      vertex -2.09039 6 20.442
    endloop
  endfacet
  facet normal -0.537282 0 -0.843403
    outer loop
      vertex -2.09039 9 20.442
      vertex -2.175 6 20.4959
      vertex -2.175 9 20.4959
    endloop
  endfacet
  facet normal -0.381888 0 -0.924209
    outer loop
      vertex -2.35668 6 20.5806
      vertex -2.26399 9 20.5423
      vertex -2.26399 6 20.5423
    endloop
  endfacet
  facet normal -0.381888 0 -0.924209
    outer loop
      vertex -2.26399 9 20.5423
      vertex -2.35668 6 20.5806
      vertex -2.35668 9 20.5806
    endloop
  endfacet
  facet normal -0.887054 0 0.461667
    outer loop
      vertex -1.75407 6 10.925
      vertex -1.70775 9 11.014
      vertex -1.75407 9 10.925
    endloop
  endfacet
  facet normal -0.887054 0 0.461667
    outer loop
      vertex -1.70775 9 11.014
      vertex -1.75407 6 10.925
      vertex -1.70775 6 11.014
    endloop
  endfacet
  facet normal 0.608264 0 -0.793735
    outer loop
      vertex -3.48921 6 20.381
      vertex -3.40961 9 20.442
      vertex -3.40961 6 20.442
    endloop
  endfacet
  facet normal 0.608264 0 -0.793735
    outer loop
      vertex -3.40961 9 20.442
      vertex -3.48921 6 20.381
      vertex -3.48921 9 20.381
    endloop
  endfacet
  facet normal 0.923871 -0 0.382704
    outer loop
      vertex -3.83065 6 11.1067
      vertex -3.79225 9 11.014
      vertex -3.83065 9 11.1067
    endloop
  endfacet
  facet normal 0.923871 0 0.382704
    outer loop
      vertex -3.79225 9 11.014
      vertex -3.83065 6 11.1067
      vertex -3.79225 6 11.014
    endloop
  endfacet
  facet normal 0.953757 -0 0.300578
    outer loop
      vertex -3.86081 6 11.2024
      vertex -3.83065 9 11.1067
      vertex -3.86081 9 11.2024
    endloop
  endfacet
  facet normal 0.953757 0 0.300578
    outer loop
      vertex -3.83065 9 11.1067
      vertex -3.86081 6 11.2024
      vertex -3.83065 6 11.1067
    endloop
  endfacet
  facet normal 0.381888 0 0.924209
    outer loop
      vertex -3.23601 9 10.4577
      vertex -3.14332 6 10.4194
      vertex -3.14332 9 10.4194
    endloop
  endfacet
  facet normal 0.381888 0 0.924209
    outer loop
      vertex -3.14332 6 10.4194
      vertex -3.23601 9 10.4577
      vertex -3.23601 6 10.4577
    endloop
  endfacet
  facet normal -0.608264 0 0.793735
    outer loop
      vertex -2.09039 9 10.558
      vertex -2.01079 6 10.619
      vertex -2.01079 9 10.619
    endloop
  endfacet
  facet normal -0.608264 0 0.793735
    outer loop
      vertex -2.01079 6 10.619
      vertex -2.09039 9 10.558
      vertex -2.09039 6 10.558
    endloop
  endfacet
  facet normal -0.976283 0 0.216498
    outer loop
      vertex -1.63918 6 11.2024
      vertex -1.61747 9 11.3003
      vertex -1.63918 9 11.2024
    endloop
  endfacet
  facet normal -0.976283 0 0.216498
    outer loop
      vertex -1.61747 9 11.3003
      vertex -1.63918 6 11.2024
      vertex -1.61747 6 11.3003
    endloop
  endfacet
  facet normal -0.991457 0 0.130434
    outer loop
      vertex -1.61747 6 11.3003
      vertex -1.60438 9 11.3998
      vertex -1.61747 9 11.3003
    endloop
  endfacet
  facet normal -0.991457 0 0.130434
    outer loop
      vertex -1.60438 9 11.3998
      vertex -1.61747 6 11.3003
      vertex -1.60438 6 11.3998
    endloop
  endfacet
  facet normal 0.0438568 0 0.999038
    outer loop
      vertex -2.85023 9 10.3544
      vertex -2.75 6 10.35
      vertex -2.75 9 10.35
    endloop
  endfacet
  facet normal 0.0438568 0 0.999038
    outer loop
      vertex -2.75 6 10.35
      vertex -2.85023 9 10.3544
      vertex -2.85023 6 10.3544
    endloop
  endfacet
  facet normal 0.737419 -0 0.675436
    outer loop
      vertex 5.86905 6 10.7608
      vertex 5.93683 9 10.6868
      vertex 5.86905 9 10.7608
    endloop
  endfacet
  facet normal 0.737419 0 0.675436
    outer loop
      vertex 5.93683 9 10.6868
      vertex 5.86905 6 10.7608
      vertex 5.93683 6 10.6868
    endloop
  endfacet
  facet normal 0.300998 0 0.953625
    outer loop
      vertex 6.35668 9 10.4194
      vertex 6.45236 6 10.3892
      vertex 6.45236 9 10.3892
    endloop
  endfacet
  facet normal 0.300998 0 0.953625
    outer loop
      vertex 6.45236 6 10.3892
      vertex 6.35668 9 10.4194
      vertex 6.35668 6 10.4194
    endloop
  endfacet
  facet normal -0.793398 0 0.608704
    outer loop
      vertex 7.63095 6 10.7608
      vertex 7.69202 9 10.8404
      vertex 7.63095 9 10.7608
    endloop
  endfacet
  facet normal -0.793398 0 0.608704
    outer loop
      vertex 7.69202 9 10.8404
      vertex 7.63095 6 10.7608
      vertex 7.69202 6 10.8404
    endloop
  endfacet
  facet normal -0.0438568 0 -0.999038
    outer loop
      vertex 6.75 6 20.65
      vertex 6.85023 9 20.6456
      vertex 6.85023 6 20.6456
    endloop
  endfacet
  facet normal -0.0438568 0 -0.999038
    outer loop
      vertex 6.85023 9 20.6456
      vertex 6.75 6 20.65
      vertex 6.75 9 20.65
    endloop
  endfacet
  facet normal 0.923871 -0 0.382704
    outer loop
      vertex 5.66935 6 11.1067
      vertex 5.70775 9 11.014
      vertex 5.66935 9 11.1067
    endloop
  endfacet
  facet normal 0.923871 0 0.382704
    outer loop
      vertex 5.70775 9 11.014
      vertex 5.66935 6 11.1067
      vertex 5.70775 6 11.014
    endloop
  endfacet
  facet normal 0.991457 -0 0.130434
    outer loop
      vertex 5.60438 6 11.3998
      vertex 5.61747 9 11.3003
      vertex 5.60438 9 11.3998
    endloop
  endfacet
  facet normal 0.991457 0 0.130434
    outer loop
      vertex 5.61747 9 11.3003
      vertex 5.60438 6 11.3998
      vertex 5.61747 6 11.3003
    endloop
  endfacet
  facet normal 1 -0 0
    outer loop
      vertex 5.6 6 19.5
      vertex 5.6 9 11.5
      vertex 5.6 9 19.5
    endloop
  endfacet
  facet normal 1 0 0
    outer loop
      vertex 5.6 9 11.5
      vertex 5.6 6 19.5
      vertex 5.6 6 11.5
    endloop
  endfacet
  facet normal -0.953757 0 -0.300578
    outer loop
      vertex 7.86081 6 19.7976
      vertex 7.83065 9 19.8933
      vertex 7.86081 9 19.7976
    endloop
  endfacet
  facet normal -0.953757 -0 -0.300578
    outer loop
      vertex 7.83065 9 19.8933
      vertex 7.86081 6 19.7976
      vertex 7.83065 6 19.8933
    endloop
  endfacet
  facet normal -0.991457 0 0.130434
    outer loop
      vertex 7.88253 6 11.3003
      vertex 7.89562 9 11.3998
      vertex 7.88253 9 11.3003
    endloop
  endfacet
  facet normal -0.991457 0 0.130434
    outer loop
      vertex 7.89562 9 11.3998
      vertex 7.88253 6 11.3003
      vertex 7.89562 6 11.3998
    endloop
  endfacet
  facet normal 0.999046 0 -0.0436709
    outer loop
      vertex 5.60438 6 19.6002
      vertex 5.6 9 19.5
      vertex 5.60438 9 19.6002
    endloop
  endfacet
  facet normal 0.999046 0 -0.0436709
    outer loop
      vertex 5.6 9 19.5
      vertex 5.60438 6 19.6002
      vertex 5.6 6 19.5
    endloop
  endfacet
  facet normal -0.130583 0 0.991437
    outer loop
      vertex 6.85023 9 10.3544
      vertex 6.94969 6 10.3675
      vertex 6.94969 9 10.3675
    endloop
  endfacet
  facet normal -0.130583 0 0.991437
    outer loop
      vertex 6.94969 6 10.3675
      vertex 6.85023 9 10.3544
      vertex 6.85023 6 10.3544
    endloop
  endfacet
  facet normal 0.130571 0 0.991439
    outer loop
      vertex 6.5503 9 10.3675
      vertex 6.64977 6 10.3544
      vertex 6.64977 9 10.3544
    endloop
  endfacet
  facet normal 0.130571 0 0.991439
    outer loop
      vertex 6.64977 6 10.3544
      vertex 6.5503 9 10.3675
      vertex 6.5503 6 10.3675
    endloop
  endfacet
  facet normal 0.537282 0 0.843403
    outer loop
      vertex 6.09039 9 10.558
      vertex 6.175 6 10.5041
      vertex 6.175 9 10.5041
    endloop
  endfacet
  facet normal 0.537282 0 0.843403
    outer loop
      vertex 6.175 6 10.5041
      vertex 6.09039 9 10.558
      vertex 6.09039 6 10.558
    endloop
  endfacet
  facet normal -1 0 0
    outer loop
      vertex 7.9 6 11.5
      vertex 7.9 9 19.5
      vertex 7.9 9 11.5
    endloop
  endfacet
  facet normal -1 -0 0
    outer loop
      vertex 7.9 9 19.5
      vertex 7.9 6 11.5
      vertex 7.9 6 19.5
    endloop
  endfacet
  facet normal 0.608264 0 -0.793735
    outer loop
      vertex 6.01079 6 20.381
      vertex 6.09039 9 20.442
      vertex 6.09039 6 20.442
    endloop
  endfacet
  facet normal 0.608264 0 -0.793735
    outer loop
      vertex 6.09039 9 20.442
      vertex 6.01079 6 20.381
      vertex 6.01079 9 20.381
    endloop
  endfacet
  facet normal -0.0438568 0 0.999038
    outer loop
      vertex 6.75 9 10.35
      vertex 6.85023 6 10.3544
      vertex 6.85023 9 10.3544
    endloop
  endfacet
  facet normal -0.0438568 0 0.999038
    outer loop
      vertex 6.85023 6 10.3544
      vertex 6.75 9 10.35
      vertex 6.75 6 10.35
    endloop
  endfacet
  facet normal 0.953729 0 -0.300669
    outer loop
      vertex 5.66935 6 19.8933
      vertex 5.63918 9 19.7976
      vertex 5.66935 9 19.8933
    endloop
  endfacet
  facet normal 0.953729 0 -0.300669
    outer loop
      vertex 5.63918 9 19.7976
      vertex 5.66935 6 19.8933
      vertex 5.63918 6 19.7976
    endloop
  endfacet
  facet normal -0.216297 0 -0.976328
    outer loop
      vertex 6.94969 6 20.6325
      vertex 7.04764 9 20.6108
      vertex 7.04764 6 20.6108
    endloop
  endfacet
  facet normal -0.216297 0 -0.976328
    outer loop
      vertex 7.04764 9 20.6108
      vertex 6.94969 6 20.6325
      vertex 6.94969 9 20.6325
    endloop
  endfacet
  facet normal -0.300998 0 0.953625
    outer loop
      vertex 7.04764 9 10.3892
      vertex 7.14332 6 10.4194
      vertex 7.14332 9 10.4194
    endloop
  endfacet
  facet normal -0.300998 0 0.953625
    outer loop
      vertex 7.14332 6 10.4194
      vertex 7.04764 9 10.3892
      vertex 7.04764 6 10.3892
    endloop
  endfacet
  facet normal 0.537282 0 -0.843403
    outer loop
      vertex 6.09039 6 20.442
      vertex 6.175 9 20.4959
      vertex 6.175 6 20.4959
    endloop
  endfacet
  facet normal 0.537282 0 -0.843403
    outer loop
      vertex 6.175 9 20.4959
      vertex 6.09039 6 20.442
      vertex 6.09039 9 20.442
    endloop
  endfacet
  facet normal -0.130583 0 -0.991437
    outer loop
      vertex 6.85023 6 20.6456
      vertex 6.94969 9 20.6325
      vertex 6.94969 6 20.6325
    endloop
  endfacet
  facet normal -0.130583 0 -0.991437
    outer loop
      vertex 6.94969 9 20.6325
      vertex 6.85023 6 20.6456
      vertex 6.85023 9 20.6456
    endloop
  endfacet
  facet normal -0.381888 0 -0.924209
    outer loop
      vertex 7.14332 6 20.5806
      vertex 7.23601 9 20.5423
      vertex 7.23601 6 20.5423
    endloop
  endfacet
  facet normal -0.381888 0 -0.924209
    outer loop
      vertex 7.23601 9 20.5423
      vertex 7.14332 6 20.5806
      vertex 7.14332 9 20.5806
    endloop
  endfacet
  facet normal -0.999046 0 -0.0436709
    outer loop
      vertex 7.9 6 19.5
      vertex 7.89562 9 19.6002
      vertex 7.9 9 19.5
    endloop
  endfacet
  facet normal -0.999046 -0 -0.0436709
    outer loop
      vertex 7.89562 9 19.6002
      vertex 7.9 6 19.5
      vertex 7.89562 6 19.6002
    endloop
  endfacet
  facet normal 0.381888 0 -0.924209
    outer loop
      vertex 6.26399 6 20.5423
      vertex 6.35668 9 20.5806
      vertex 6.35668 6 20.5806
    endloop
  endfacet
  facet normal 0.381888 0 -0.924209
    outer loop
      vertex 6.35668 9 20.5806
      vertex 6.26399 6 20.5423
      vertex 6.26399 9 20.5423
    endloop
  endfacet
  facet normal -0.999046 0 0.0436709
    outer loop
      vertex 7.89562 6 11.3998
      vertex 7.9 9 11.5
      vertex 7.89562 9 11.3998
    endloop
  endfacet
  facet normal -0.999046 0 0.0436709
    outer loop
      vertex 7.9 9 11.5
      vertex 7.89562 6 11.3998
      vertex 7.9 6 11.5
    endloop
  endfacet
  facet normal 0.0438568 0 -0.999038
    outer loop
      vertex 6.64977 6 20.6456
      vertex 6.75 9 20.65
      vertex 6.75 6 20.65
    endloop
  endfacet
  facet normal 0.0438568 0 -0.999038
    outer loop
      vertex 6.75 9 20.65
      vertex 6.64977 6 20.6456
      vertex 6.64977 9 20.6456
    endloop
  endfacet
  facet normal -0.300998 0 -0.953625
    outer loop
      vertex 7.04764 6 20.6108
      vertex 7.14332 9 20.5806
      vertex 7.14332 6 20.5806
    endloop
  endfacet
  facet normal -0.300998 0 -0.953625
    outer loop
      vertex 7.14332 9 20.5806
      vertex 7.04764 6 20.6108
      vertex 7.04764 9 20.6108
    endloop
  endfacet
  facet normal 0.130571 0 -0.991439
    outer loop
      vertex 6.5503 6 20.6325
      vertex 6.64977 9 20.6456
      vertex 6.64977 6 20.6456
    endloop
  endfacet
  facet normal 0.130571 0 -0.991439
    outer loop
      vertex 6.64977 9 20.6456
      vertex 6.5503 6 20.6325
      vertex 6.5503 9 20.6325
    endloop
  endfacet
  facet normal -0.976262 0 0.216593
    outer loop
      vertex 7.86081 6 11.2024
      vertex 7.88253 9 11.3003
      vertex 7.86081 9 11.2024
    endloop
  endfacet
  facet normal -0.976262 0 0.216593
    outer loop
      vertex 7.88253 9 11.3003
      vertex 7.86081 6 11.2024
      vertex 7.88253 6 11.3003
    endloop
  endfacet
  facet normal -0.843329 0 -0.537398
    outer loop
      vertex 7.74593 6 20.075
      vertex 7.69202 9 20.1596
      vertex 7.74593 9 20.075
    endloop
  endfacet
  facet normal -0.843329 -0 -0.537398
    outer loop
      vertex 7.69202 9 20.1596
      vertex 7.74593 6 20.075
      vertex 7.69202 6 20.1596
    endloop
  endfacet
  facet normal -0.462334 0 -0.886706
    outer loop
      vertex 7.23601 6 20.5423
      vertex 7.325 9 20.4959
      vertex 7.325 6 20.4959
    endloop
  endfacet
  facet normal -0.462334 0 -0.886706
    outer loop
      vertex 7.325 9 20.4959
      vertex 7.23601 6 20.5423
      vertex 7.23601 9 20.5423
    endloop
  endfacet
  facet normal 0.216318 0 0.976323
    outer loop
      vertex 6.45236 9 10.3892
      vertex 6.5503 6 10.3675
      vertex 6.5503 9 10.3675
    endloop
  endfacet
  facet normal 0.216318 0 0.976323
    outer loop
      vertex 6.5503 6 10.3675
      vertex 6.45236 9 10.3892
      vertex 6.45236 6 10.3892
    endloop
  endfacet
  facet normal 0.675743 0 -0.737138
    outer loop
      vertex 5.93683 6 20.3132
      vertex 6.01079 9 20.381
      vertex 6.01079 6 20.381
    endloop
  endfacet
  facet normal 0.675743 0 -0.737138
    outer loop
      vertex 6.01079 9 20.381
      vertex 5.93683 6 20.3132
      vertex 5.93683 9 20.3132
    endloop
  endfacet
  facet normal 0.0438568 0 0.999038
    outer loop
      vertex 6.64977 9 10.3544
      vertex 6.75 6 10.35
      vertex 6.75 9 10.35
    endloop
  endfacet
  facet normal 0.0438568 0 0.999038
    outer loop
      vertex 6.75 6 10.35
      vertex 6.64977 9 10.3544
      vertex 6.64977 6 10.3544
    endloop
  endfacet
  facet normal 0.737419 0 -0.675436
    outer loop
      vertex 5.93683 6 20.3132
      vertex 5.86905 9 20.2392
      vertex 5.93683 9 20.3132
    endloop
  endfacet
  facet normal 0.737419 0 -0.675436
    outer loop
      vertex 5.86905 9 20.2392
      vertex 5.93683 6 20.3132
      vertex 5.86905 6 20.2392
    endloop
  endfacet
  facet normal -0.953757 0 0.300578
    outer loop
      vertex 7.83065 6 11.1067
      vertex 7.86081 9 11.2024
      vertex 7.83065 9 11.1067
    endloop
  endfacet
  facet normal -0.953757 0 0.300578
    outer loop
      vertex 7.86081 9 11.2024
      vertex 7.83065 6 11.1067
      vertex 7.86081 6 11.2024
    endloop
  endfacet
  facet normal -0.923871 0 0.382704
    outer loop
      vertex 7.79225 6 11.014
      vertex 7.83065 9 11.1067
      vertex 7.79225 9 11.014
    endloop
  endfacet
  facet normal -0.923871 0 0.382704
    outer loop
      vertex 7.83065 9 11.1067
      vertex 7.79225 6 11.014
      vertex 7.83065 6 11.1067
    endloop
  endfacet
  facet normal -0.675743 0 0.737138
    outer loop
      vertex 7.48921 9 10.619
      vertex 7.56317 6 10.6868
      vertex 7.56317 9 10.6868
    endloop
  endfacet
  facet normal -0.675743 0 0.737138
    outer loop
      vertex 7.56317 6 10.6868
      vertex 7.48921 9 10.619
      vertex 7.48921 6 10.619
    endloop
  endfacet
  facet normal -0.608264 0 0.793735
    outer loop
      vertex 7.40961 9 10.558
      vertex 7.48921 6 10.619
      vertex 7.48921 9 10.619
    endloop
  endfacet
  facet normal -0.608264 0 0.793735
    outer loop
      vertex 7.48921 6 10.619
      vertex 7.40961 9 10.558
      vertex 7.40961 6 10.558
    endloop
  endfacet
  facet normal 0.462334 0 -0.886706
    outer loop
      vertex 6.175 6 20.4959
      vertex 6.26399 9 20.5423
      vertex 6.26399 6 20.5423
    endloop
  endfacet
  facet normal 0.462334 0 -0.886706
    outer loop
      vertex 6.26399 9 20.5423
      vertex 6.175 6 20.4959
      vertex 6.175 9 20.4959
    endloop
  endfacet
  facet normal 0.953729 -0 0.300669
    outer loop
      vertex 5.63918 6 11.2024
      vertex 5.66935 9 11.1067
      vertex 5.63918 9 11.2024
    endloop
  endfacet
  facet normal 0.953729 0 0.300669
    outer loop
      vertex 5.66935 9 11.1067
      vertex 5.63918 6 11.2024
      vertex 5.66935 6 11.1067
    endloop
  endfacet
  facet normal -0.462334 0 0.886706
    outer loop
      vertex 7.23601 9 10.4577
      vertex 7.325 6 10.5041
      vertex 7.325 9 10.5041
    endloop
  endfacet
  facet normal -0.462334 0 0.886706
    outer loop
      vertex 7.325 6 10.5041
      vertex 7.23601 9 10.4577
      vertex 7.23601 6 10.4577
    endloop
  endfacet
  facet normal -0.887054 0 0.461667
    outer loop
      vertex 7.74593 6 10.925
      vertex 7.79225 9 11.014
      vertex 7.74593 9 10.925
    endloop
  endfacet
  facet normal -0.887054 0 0.461667
    outer loop
      vertex 7.79225 9 11.014
      vertex 7.74593 6 10.925
      vertex 7.79225 6 11.014
    endloop
  endfacet
  facet normal 0.300998 0 -0.953625
    outer loop
      vertex 6.35668 6 20.5806
      vertex 6.45236 9 20.6108
      vertex 6.45236 6 20.6108
    endloop
  endfacet
  facet normal 0.300998 0 -0.953625
    outer loop
      vertex 6.45236 9 20.6108
      vertex 6.35668 6 20.5806
      vertex 6.35668 9 20.5806
    endloop
  endfacet
  facet normal -0.737419 0 -0.675436
    outer loop
      vertex 7.63095 6 20.2392
      vertex 7.56317 9 20.3132
      vertex 7.63095 9 20.2392
    endloop
  endfacet
  facet normal -0.737419 -0 -0.675436
    outer loop
      vertex 7.56317 9 20.3132
      vertex 7.63095 6 20.2392
      vertex 7.56317 6 20.3132
    endloop
  endfacet
  facet normal -0.216297 0 0.976328
    outer loop
      vertex 6.94969 9 10.3675
      vertex 7.04764 6 10.3892
      vertex 7.04764 9 10.3892
    endloop
  endfacet
  facet normal -0.216297 0 0.976328
    outer loop
      vertex 7.04764 6 10.3892
      vertex 6.94969 9 10.3675
      vertex 6.94969 6 10.3675
    endloop
  endfacet
  facet normal -0.381888 0 0.924209
    outer loop
      vertex 7.14332 9 10.4194
      vertex 7.23601 6 10.4577
      vertex 7.23601 9 10.4577
    endloop
  endfacet
  facet normal -0.381888 0 0.924209
    outer loop
      vertex 7.23601 6 10.4577
      vertex 7.14332 9 10.4194
      vertex 7.14332 6 10.4194
    endloop
  endfacet
  facet normal 0.216318 0 -0.976323
    outer loop
      vertex 6.45236 6 20.6108
      vertex 6.5503 9 20.6325
      vertex 6.5503 6 20.6325
    endloop
  endfacet
  facet normal 0.216318 0 -0.976323
    outer loop
      vertex 6.5503 9 20.6325
      vertex 6.45236 6 20.6108
      vertex 6.45236 9 20.6108
    endloop
  endfacet
  facet normal 0.79335 0 -0.608766
    outer loop
      vertex 5.86905 6 20.2392
      vertex 5.80797 9 20.1596
      vertex 5.86905 9 20.2392
    endloop
  endfacet
  facet normal 0.79335 0 -0.608766
    outer loop
      vertex 5.80797 9 20.1596
      vertex 5.86905 6 20.2392
      vertex 5.80797 6 20.1596
    endloop
  endfacet
  facet normal 0.976283 -0 0.216498
    outer loop
      vertex 5.61747 6 11.3003
      vertex 5.63918 9 11.2024
      vertex 5.61747 9 11.3003
    endloop
  endfacet
  facet normal 0.976283 0 0.216498
    outer loop
      vertex 5.63918 9 11.2024
      vertex 5.61747 6 11.3003
      vertex 5.63918 6 11.2024
    endloop
  endfacet
  facet normal -0.843329 0 0.537398
    outer loop
      vertex 7.69202 6 10.8404
      vertex 7.74593 9 10.925
      vertex 7.69202 9 10.8404
    endloop
  endfacet
  facet normal -0.843329 0 0.537398
    outer loop
      vertex 7.74593 9 10.925
      vertex 7.69202 6 10.8404
      vertex 7.74593 6 10.925
    endloop
  endfacet
  facet normal -0.887054 0 -0.461667
    outer loop
      vertex 7.79225 6 19.986
      vertex 7.74593 9 20.075
      vertex 7.79225 9 19.986
    endloop
  endfacet
  facet normal -0.887054 -0 -0.461667
    outer loop
      vertex 7.74593 9 20.075
      vertex 7.79225 6 19.986
      vertex 7.74593 6 20.075
    endloop
  endfacet
  facet normal 0.79335 -0 0.608766
    outer loop
      vertex 5.80797 6 10.8404
      vertex 5.86905 9 10.7608
      vertex 5.80797 9 10.8404
    endloop
  endfacet
  facet normal 0.79335 0 0.608766
    outer loop
      vertex 5.86905 9 10.7608
      vertex 5.80797 6 10.8404
      vertex 5.86905 6 10.7608
    endloop
  endfacet
  facet normal 0.887054 -0 0.461667
    outer loop
      vertex 5.70775 6 11.014
      vertex 5.75407 9 10.925
      vertex 5.70775 9 11.014
    endloop
  endfacet
  facet normal 0.887054 0 0.461667
    outer loop
      vertex 5.75407 9 10.925
      vertex 5.70775 6 11.014
      vertex 5.75407 6 10.925
    endloop
  endfacet
  facet normal -0.737419 0 0.675436
    outer loop
      vertex 7.56317 6 10.6868
      vertex 7.63095 9 10.7608
      vertex 7.56317 9 10.6868
    endloop
  endfacet
  facet normal -0.737419 0 0.675436
    outer loop
      vertex 7.63095 9 10.7608
      vertex 7.56317 6 10.6868
      vertex 7.63095 6 10.7608
    endloop
  endfacet
  facet normal -0.608264 0 -0.793735
    outer loop
      vertex 7.40961 6 20.442
      vertex 7.48921 9 20.381
      vertex 7.48921 6 20.381
    endloop
  endfacet
  facet normal -0.608264 0 -0.793735
    outer loop
      vertex 7.48921 9 20.381
      vertex 7.40961 6 20.442
      vertex 7.40961 9 20.442
    endloop
  endfacet
  facet normal -0.537282 0 -0.843403
    outer loop
      vertex 7.325 6 20.4959
      vertex 7.40961 9 20.442
      vertex 7.40961 6 20.442
    endloop
  endfacet
  facet normal -0.537282 0 -0.843403
    outer loop
      vertex 7.40961 9 20.442
      vertex 7.325 6 20.4959
      vertex 7.325 9 20.4959
    endloop
  endfacet
  facet normal 0.843374 -0 0.537327
    outer loop
      vertex 5.75407 6 10.925
      vertex 5.80797 9 10.8404
      vertex 5.75407 9 10.925
    endloop
  endfacet
  facet normal 0.843374 0 0.537327
    outer loop
      vertex 5.80797 9 10.8404
      vertex 5.75407 6 10.925
      vertex 5.80797 6 10.8404
    endloop
  endfacet
  facet normal 0.887054 0 -0.461667
    outer loop
      vertex 5.75407 6 20.075
      vertex 5.70775 9 19.986
      vertex 5.75407 9 20.075
    endloop
  endfacet
  facet normal 0.887054 0 -0.461667
    outer loop
      vertex 5.70775 9 19.986
      vertex 5.75407 6 20.075
      vertex 5.70775 6 19.986
    endloop
  endfacet
  facet normal 0.608264 0 0.793735
    outer loop
      vertex 6.01079 9 10.619
      vertex 6.09039 6 10.558
      vertex 6.09039 9 10.558
    endloop
  endfacet
  facet normal 0.608264 0 0.793735
    outer loop
      vertex 6.09039 6 10.558
      vertex 6.01079 9 10.619
      vertex 6.01079 6 10.619
    endloop
  endfacet
  facet normal 0.843374 0 -0.537327
    outer loop
      vertex 5.80797 6 20.1596
      vertex 5.75407 9 20.075
      vertex 5.80797 9 20.1596
    endloop
  endfacet
  facet normal 0.843374 0 -0.537327
    outer loop
      vertex 5.75407 9 20.075
      vertex 5.80797 6 20.1596
      vertex 5.75407 6 20.075
    endloop
  endfacet
  facet normal 0.462334 0 0.886706
    outer loop
      vertex 6.175 9 10.5041
      vertex 6.26399 6 10.4577
      vertex 6.26399 9 10.4577
    endloop
  endfacet
  facet normal 0.462334 0 0.886706
    outer loop
      vertex 6.26399 6 10.4577
      vertex 6.175 9 10.5041
      vertex 6.175 6 10.5041
    endloop
  endfacet
  facet normal -0.537282 0 0.843403
    outer loop
      vertex 7.325 9 10.5041
      vertex 7.40961 6 10.558
      vertex 7.40961 9 10.558
    endloop
  endfacet
  facet normal -0.537282 0 0.843403
    outer loop
      vertex 7.40961 6 10.558
      vertex 7.325 9 10.5041
      vertex 7.325 6 10.5041
    endloop
  endfacet
  facet normal -0.675743 0 -0.737138
    outer loop
      vertex 7.48921 6 20.381
      vertex 7.56317 9 20.3132
      vertex 7.56317 6 20.3132
    endloop
  endfacet
  facet normal -0.675743 0 -0.737138
    outer loop
      vertex 7.56317 9 20.3132
      vertex 7.48921 6 20.381
      vertex 7.48921 9 20.381
    endloop
  endfacet
  facet normal -0.991457 0 -0.130434
    outer loop
      vertex 7.89562 6 19.6002
      vertex 7.88253 9 19.6997
      vertex 7.89562 9 19.6002
    endloop
  endfacet
  facet normal -0.991457 -0 -0.130434
    outer loop
      vertex 7.88253 9 19.6997
      vertex 7.89562 6 19.6002
      vertex 7.88253 6 19.6997
    endloop
  endfacet
  facet normal -0.793398 0 -0.608704
    outer loop
      vertex 7.69202 6 20.1596
      vertex 7.63095 9 20.2392
      vertex 7.69202 9 20.1596
    endloop
  endfacet
  facet normal -0.793398 -0 -0.608704
    outer loop
      vertex 7.63095 9 20.2392
      vertex 7.69202 6 20.1596
      vertex 7.63095 6 20.2392
    endloop
  endfacet
  facet normal 0.381888 0 0.924209
    outer loop
      vertex 6.26399 9 10.4577
      vertex 6.35668 6 10.4194
      vertex 6.35668 9 10.4194
    endloop
  endfacet
  facet normal 0.381888 0 0.924209
    outer loop
      vertex 6.35668 6 10.4194
      vertex 6.26399 9 10.4577
      vertex 6.26399 6 10.4577
    endloop
  endfacet
  facet normal 0.675743 0 0.737138
    outer loop
      vertex 5.93683 9 10.6868
      vertex 6.01079 6 10.619
      vertex 6.01079 9 10.619
    endloop
  endfacet
  facet normal 0.675743 0 0.737138
    outer loop
      vertex 6.01079 6 10.619
      vertex 5.93683 9 10.6868
      vertex 5.93683 6 10.6868
    endloop
  endfacet
  facet normal 0.999046 -0 0.0436709
    outer loop
      vertex 5.6 6 11.5
      vertex 5.60438 9 11.3998
      vertex 5.6 9 11.5
    endloop
  endfacet
  facet normal 0.999046 0 0.0436709
    outer loop
      vertex 5.60438 9 11.3998
      vertex 5.6 6 11.5
      vertex 5.60438 6 11.3998
    endloop
  endfacet
  facet normal -0.976262 0 -0.216593
    outer loop
      vertex 7.88253 6 19.6997
      vertex 7.86081 9 19.7976
      vertex 7.88253 9 19.6997
    endloop
  endfacet
  facet normal -0.976262 -0 -0.216593
    outer loop
      vertex 7.86081 9 19.7976
      vertex 7.88253 6 19.6997
      vertex 7.86081 6 19.7976
    endloop
  endfacet
  facet normal -0.923871 0 -0.382704
    outer loop
      vertex 7.83065 6 19.8933
      vertex 7.79225 9 19.986
      vertex 7.83065 9 19.8933
    endloop
  endfacet
  facet normal -0.923871 -0 -0.382704
    outer loop
      vertex 7.79225 9 19.986
      vertex 7.83065 6 19.8933
      vertex 7.79225 6 19.986
    endloop
  endfacet
  facet normal 0.991457 0 -0.130434
    outer loop
      vertex 5.61747 6 19.6997
      vertex 5.60438 9 19.6002
      vertex 5.61747 9 19.6997
    endloop
  endfacet
  facet normal 0.991457 0 -0.130434
    outer loop
      vertex 5.60438 9 19.6002
      vertex 5.61747 6 19.6997
      vertex 5.60438 6 19.6002
    endloop
  endfacet
  facet normal 0.976283 0 -0.216498
    outer loop
      vertex 5.63918 6 19.7976
      vertex 5.61747 9 19.6997
      vertex 5.63918 9 19.7976
    endloop
  endfacet
  facet normal 0.976283 0 -0.216498
    outer loop
      vertex 5.61747 9 19.6997
      vertex 5.63918 6 19.7976
      vertex 5.61747 6 19.6997
    endloop
  endfacet
  facet normal 0.923871 0 -0.382704
    outer loop
      vertex 5.70775 6 19.986
      vertex 5.66935 9 19.8933
      vertex 5.70775 9 19.986
    endloop
  endfacet
  facet normal 0.923871 0 -0.382704
    outer loop
      vertex 5.66935 9 19.8933
      vertex 5.70775 6 19.986
      vertex 5.66935 6 19.8933
    endloop
  endfacet
  facet normal -1 0 0
    outer loop
      vertex 5.3672 0.946382 1.00053
      vertex 5.3672 0.946383 4
      vertex 5.3672 0.946383 1.00053
    endloop
  endfacet
  facet normal -0.991445 -0.130522 4.35149e-08
    outer loop
      vertex 5.41802 0.560352 1.00053
      vertex 5.3672 0.946383 4
      vertex 5.3672 0.946382 1.00053
    endloop
  endfacet
  facet normal -0.99144 -0.13056 -0
    outer loop
      vertex 5.42926 0.474998 4
      vertex 5.41802 0.560352 1.00053
      vertex 5.42926 0.474998 1.00053
    endloop
  endfacet
  facet normal -0.991445 -0.130528 9.10283e-07
    outer loop
      vertex 5.41802 0.560352 1.00053
      vertex 5.42926 0.474998 4
      vertex 5.3672 0.946383 4
    endloop
  endfacet
  facet normal -0.999046 -0.0436746 0
    outer loop
      vertex 5.43302 0.388989 1.00053
      vertex 5.42926 0.474998 4
      vertex 5.42926 0.474998 1.00053
    endloop
  endfacet
  facet normal -0.999049 -0.0436101 -0
    outer loop
      vertex 5.45 0 4
      vertex 5.43302 0.388989 1.00053
      vertex 5.45 0 1.00053
    endloop
  endfacet
  facet normal -0.999048 -0.0436218 -1.5187e-06
    outer loop
      vertex 5.43302 0.388989 1.00053
      vertex 5.45 0 4
      vertex 5.42926 0.474998 4
    endloop
  endfacet
  facet normal -0.976304 -0.216402 0
    outer loop
      vertex 5.28293 1.32651 1.00053
      vertex 5.2643 1.41056 4
      vertex 5.2643 1.41056 1.00053
    endloop
  endfacet
  facet normal -0.976297 -0.216434 -0
    outer loop
      vertex 5.3672 0.946383 4
      vertex 5.28293 1.32651 1.00053
      vertex 5.3672 0.946383 1.00053
    endloop
  endfacet
  facet normal -0.976298 -0.216428 7.90619e-07
    outer loop
      vertex 5.28293 1.32651 1.00053
      vertex 5.3672 0.946383 4
      vertex 5.2643 1.41056 4
    endloop
  endfacet
  facet normal -0.300722 0.953712 0
    outer loop
      vertex 1.49267 -5.23841 1.00053
      vertex 1.86401 -5.12132 4
      vertex 1.86401 -5.12132 1.00053
    endloop
  endfacet
  facet normal -0.300721 0.953712 -1.87431e-07
    outer loop
      vertex 1.86401 -5.12132 4
      vertex 1.49267 -5.23841 1.00053
      vertex 1.41056 -5.2643 4
    endloop
  endfacet
  facet normal -0.300714 0.953714 0
    outer loop
      vertex 1.41056 -5.2643 4
      vertex 1.49267 -5.23841 1.00053
      vertex 1.41056 -5.2643 1.00053
    endloop
  endfacet
  facet normal 0.461732 -0.88702 0
    outer loop
      vertex -2.37963 4.89962 1.00053
      vertex -2.725 4.71984 4
      vertex -2.725 4.71984 1.00053
    endloop
  endfacet
  facet normal 0.461751 -0.88701 2.74202e-06
    outer loop
      vertex -2.725 4.71984 4
      vertex -2.37963 4.89962 1.00053
      vertex -2.30327 4.93938 4
    endloop
  endfacet
  facet normal 0.461835 -0.886966 0
    outer loop
      vertex -2.30327 4.93938 4
      vertex -2.37963 4.89962 1.00053
      vertex -2.30327 4.93938 1.00053
    endloop
  endfacet
  facet normal -0.537301 0.84339 2.21801e-06
    outer loop
      vertex 3.05338 -4.51063 1.00053
      vertex 2.725 -4.71984 4
      vertex 3.12599 -4.46438 4
    endloop
  endfacet
  facet normal -0.537316 0.843381 0
    outer loop
      vertex 2.725 -4.71984 4
      vertex 3.05338 -4.51063 1.00053
      vertex 2.725 -4.71984 1.00053
    endloop
  endfacet
  facet normal -0.537236 0.843432 0
    outer loop
      vertex 3.05338 -4.51063 1.00053
      vertex 3.12599 -4.46438 4
      vertex 3.12599 -4.46438 1.00053
    endloop
  endfacet
  facet normal -0.461732 0.88702 0
    outer loop
      vertex 2.37963 -4.89962 1.00053
      vertex 2.725 -4.71984 4
      vertex 2.725 -4.71984 1.00053
    endloop
  endfacet
  facet normal -0.461751 0.88701 2.74202e-06
    outer loop
      vertex 2.725 -4.71984 4
      vertex 2.37963 -4.89962 1.00053
      vertex 2.30327 -4.93938 4
    endloop
  endfacet
  facet normal -0.461835 0.886966 0
    outer loop
      vertex 2.30327 -4.93938 4
      vertex 2.37963 -4.89962 1.00053
      vertex 2.30327 -4.93938 1.00053
    endloop
  endfacet
  facet normal -0.99144 0.13056 0
    outer loop
      vertex 5.41802 -0.560352 1.00053
      vertex 5.42926 -0.474998 4
      vertex 5.42926 -0.474998 1.00053
    endloop
  endfacet
  facet normal -0.991445 0.130522 4.35149e-08
    outer loop
      vertex 5.3672 -0.946383 4
      vertex 5.41802 -0.560352 1.00053
      vertex 5.3672 -0.946382 1.00053
    endloop
  endfacet
  facet normal -1 0 0
    outer loop
      vertex 5.3672 -0.946383 4
      vertex 5.3672 -0.946382 1.00053
      vertex 5.3672 -0.946383 1.00053
    endloop
  endfacet
  facet normal -0.991445 0.130528 9.10283e-07
    outer loop
      vertex 5.41802 -0.560352 1.00053
      vertex 5.3672 -0.946383 4
      vertex 5.42926 -0.474998 4
    endloop
  endfacet
  facet normal -0.216428 0.976298 7.90619e-07
    outer loop
      vertex 1.41056 -5.2643 4
      vertex 1.32651 -5.28293 1.00053
      vertex 0.946383 -5.3672 4
    endloop
  endfacet
  facet normal -0.216402 0.976304 0
    outer loop
      vertex 1.41056 -5.2643 4
      vertex 1.41056 -5.2643 1.00053
      vertex 1.32651 -5.28293 1.00053
    endloop
  endfacet
  facet normal -0.216434 0.976297 0
    outer loop
      vertex 0.946383 -5.3672 4
      vertex 1.32651 -5.28293 1.00053
      vertex 0.946383 -5.3672 1.00053
    endloop
  endfacet
  facet normal -0.953712 -0.300722 0
    outer loop
      vertex 5.23841 1.49267 1.00053
      vertex 5.12132 1.86401 4
      vertex 5.12132 1.86401 1.00053
    endloop
  endfacet
  facet normal -0.953714 -0.300714 -0
    outer loop
      vertex 5.2643 1.41056 4
      vertex 5.23841 1.49267 1.00053
      vertex 5.2643 1.41056 1.00053
    endloop
  endfacet
  facet normal -0.953712 -0.300721 -1.87431e-07
    outer loop
      vertex 5.23841 1.49267 1.00053
      vertex 5.2643 1.41056 4
      vertex 5.12132 1.86401 4
    endloop
  endfacet
  facet normal -0.92388 0.382681 0
    outer loop
      vertex 4.97232 -2.22373 1.00053
      vertex 5.12132 -1.86401 4
      vertex 5.12132 -1.86401 1.00053
    endloop
  endfacet
  facet normal -0.923906 0.382619 0
    outer loop
      vertex 4.93938 -2.30327 4
      vertex 4.97232 -2.22373 1.00053
      vertex 4.93938 -2.30327 1.00053
    endloop
  endfacet
  facet normal -0.923885 0.38267 1.60102e-06
    outer loop
      vertex 4.97232 -2.22373 1.00053
      vertex 4.93938 -2.30327 4
      vertex 5.12132 -1.86401 4
    endloop
  endfacet
  facet normal 0.300722 -0.953712 0
    outer loop
      vertex -1.49267 5.23841 1.00053
      vertex -1.86401 5.12132 4
      vertex -1.86401 5.12132 1.00053
    endloop
  endfacet
  facet normal 0.300721 -0.953712 -1.87431e-07
    outer loop
      vertex -1.86401 5.12132 4
      vertex -1.49267 5.23841 1.00053
      vertex -1.41056 5.2643 4
    endloop
  endfacet
  facet normal 0.300714 -0.953714 0
    outer loop
      vertex -1.41056 5.2643 4
      vertex -1.49267 5.23841 1.00053
      vertex -1.41056 5.2643 1.00053
    endloop
  endfacet
  facet normal 0.92388 0.382681 0
    outer loop
      vertex -5.12132 -1.86401 4
      vertex -4.97232 -2.22373 1.00053
      vertex -5.12132 -1.86401 1.00053
    endloop
  endfacet
  facet normal 0.923885 0.38267 1.60102e-06
    outer loop
      vertex -4.93938 -2.30327 4
      vertex -4.97232 -2.22373 1.00053
      vertex -5.12132 -1.86401 4
    endloop
  endfacet
  facet normal 0.923906 0.382619 0
    outer loop
      vertex -4.97232 -2.22373 1.00053
      vertex -4.93938 -2.30327 4
      vertex -4.93938 -2.30327 1.00053
    endloop
  endfacet
  facet normal -0.79335 0.608766 0
    outer loop
      vertex 4.22735 -3.43489 1.00053
      vertex 4.46438 -3.12599 4
      vertex 4.46438 -3.12599 1.00053
    endloop
  endfacet
  facet normal -0.793345 0.608773 0
    outer loop
      vertex 4.17494 -3.50319 4
      vertex 4.22735 -3.43489 1.00053
      vertex 4.17494 -3.50319 1.00053
    endloop
  endfacet
  facet normal -0.793349 0.608767 -2.10363e-07
    outer loop
      vertex 4.22735 -3.43489 1.00053
      vertex 4.17494 -3.50319 4
      vertex 4.46438 -3.12599 4
    endloop
  endfacet
  facet normal 0.99144 0.13056 0
    outer loop
      vertex -5.42926 -0.474998 4
      vertex -5.41802 -0.560352 1.00053
      vertex -5.42926 -0.474998 1.00053
    endloop
  endfacet
  facet normal 0.991445 0.130528 9.10283e-07
    outer loop
      vertex -5.3672 -0.946383 4
      vertex -5.41802 -0.560352 1.00053
      vertex -5.42926 -0.474998 4
    endloop
  endfacet
  facet normal 0.991445 0.130522 4.35149e-08
    outer loop
      vertex -5.41802 -0.560352 1.00053
      vertex -5.3672 -0.946383 4
      vertex -5.3672 -0.946382 1.00053
    endloop
  endfacet
  facet normal 1 0 0
    outer loop
      vertex -5.3672 -0.946382 1.00053
      vertex -5.3672 -0.946383 4
      vertex -5.3672 -0.946383 1.00053
    endloop
  endfacet
  facet normal -0.300721 -0.953712 -1.87431e-07
    outer loop
      vertex 1.41056 5.2643 4
      vertex 1.49267 5.23841 1.00053
      vertex 1.86401 5.12132 4
    endloop
  endfacet
  facet normal -0.300714 -0.953714 0
    outer loop
      vertex 1.49267 5.23841 1.00053
      vertex 1.41056 5.2643 4
      vertex 1.41056 5.2643 1.00053
    endloop
  endfacet
  facet normal -0.300722 -0.953712 -0
    outer loop
      vertex 1.86401 5.12132 4
      vertex 1.49267 5.23841 1.00053
      vertex 1.86401 5.12132 1.00053
    endloop
  endfacet
  facet normal -0.0436746 0.999046 0
    outer loop
      vertex 0.388989 -5.43302 1.00053
      vertex 0.474998 -5.42926 4
      vertex 0.474998 -5.42926 1.00053
    endloop
  endfacet
  facet normal -0.0436218 0.999048 -1.5187e-06
    outer loop
      vertex 0.474998 -5.42926 4
      vertex 0.388989 -5.43302 1.00053
      vertex 0 -5.45 4
    endloop
  endfacet
  facet normal -0.0436101 0.999049 0
    outer loop
      vertex 0 -5.45 4
      vertex 0.388989 -5.43302 1.00053
      vertex 0 -5.45 1.00053
    endloop
  endfacet
  facet normal 0.13056 0.99144 0
    outer loop
      vertex -0.560352 -5.41802 1.00053
      vertex -0.474998 -5.42926 4
      vertex -0.474998 -5.42926 1.00053
    endloop
  endfacet
  facet normal 0.130528 0.991445 9.10283e-07
    outer loop
      vertex -0.474998 -5.42926 4
      vertex -0.560352 -5.41802 1.00053
      vertex -0.946383 -5.3672 4
    endloop
  endfacet
  facet normal 0.130522 0.991445 4.35149e-08
    outer loop
      vertex -0.946382 -5.3672 1.00053
      vertex -0.946383 -5.3672 4
      vertex -0.560352 -5.41802 1.00053
    endloop
  endfacet
  facet normal 0 1 0
    outer loop
      vertex -0.946383 -5.3672 4
      vertex -0.946382 -5.3672 1.00053
      vertex -0.946383 -5.3672 1.00053
    endloop
  endfacet
  facet normal 0.953712 -0.300722 0
    outer loop
      vertex -5.12132 1.86401 4
      vertex -5.23841 1.49267 1.00053
      vertex -5.12132 1.86401 1.00053
    endloop
  endfacet
  facet normal 0.953712 -0.300721 -1.87431e-07
    outer loop
      vertex -5.2643 1.41056 4
      vertex -5.23841 1.49267 1.00053
      vertex -5.12132 1.86401 4
    endloop
  endfacet
  facet normal 0.953714 -0.300714 0
    outer loop
      vertex -5.23841 1.49267 1.00053
      vertex -5.2643 1.41056 4
      vertex -5.2643 1.41056 1.00053
    endloop
  endfacet
  facet normal 0.382681 0.92388 0
    outer loop
      vertex -2.22373 -4.97232 1.00053
      vertex -1.86401 -5.12132 4
      vertex -1.86401 -5.12132 1.00053
    endloop
  endfacet
  facet normal 0.38267 0.923885 1.60102e-06
    outer loop
      vertex -1.86401 -5.12132 4
      vertex -2.22373 -4.97232 1.00053
      vertex -2.30327 -4.93938 4
    endloop
  endfacet
  facet normal 0.382619 0.923906 0
    outer loop
      vertex -2.30327 -4.93938 4
      vertex -2.22373 -4.97232 1.00053
      vertex -2.30327 -4.93938 1.00053
    endloop
  endfacet
  facet normal 0.843381 0.537316 0
    outer loop
      vertex -4.71984 -2.725 4
      vertex -4.51063 -3.05338 1.00053
      vertex -4.71984 -2.725 1.00053
    endloop
  endfacet
  facet normal 0.84339 0.537301 2.21801e-06
    outer loop
      vertex -4.46438 -3.12599 4
      vertex -4.51063 -3.05338 1.00053
      vertex -4.71984 -2.725 4
    endloop
  endfacet
  facet normal 0.843432 0.537236 0
    outer loop
      vertex -4.51063 -3.05338 1.00053
      vertex -4.46438 -3.12599 4
      vertex -4.46438 -3.12599 1.00053
    endloop
  endfacet
  facet normal -0.537316 -0.843381 0
    outer loop
      vertex 3.05338 4.51063 1.00053
      vertex 2.725 4.71984 4
      vertex 2.725 4.71984 1.00053
    endloop
  endfacet
  facet normal -0.537301 -0.84339 2.21801e-06
    outer loop
      vertex 2.725 4.71984 4
      vertex 3.05338 4.51063 1.00053
      vertex 3.12599 4.46438 4
    endloop
  endfacet
  facet normal -0.537236 -0.843432 -0
    outer loop
      vertex 3.12599 4.46438 4
      vertex 3.05338 4.51063 1.00053
      vertex 3.12599 4.46438 1.00053
    endloop
  endfacet
  facet normal -0.976297 0.216434 0
    outer loop
      vertex 5.28293 -1.32651 1.00053
      vertex 5.3672 -0.946383 4
      vertex 5.3672 -0.946383 1.00053
    endloop
  endfacet
  facet normal -0.976304 0.216402 0
    outer loop
      vertex 5.2643 -1.41056 4
      vertex 5.28293 -1.32651 1.00053
      vertex 5.2643 -1.41056 1.00053
    endloop
  endfacet
  facet normal -0.976298 0.216428 7.90619e-07
    outer loop
      vertex 5.28293 -1.32651 1.00053
      vertex 5.2643 -1.41056 4
      vertex 5.3672 -0.946383 4
    endloop
  endfacet
  facet normal 0.0436218 0.999048 -1.5187e-06
    outer loop
      vertex -0.388989 -5.43302 1.00053
      vertex -0.474998 -5.42926 4
      vertex 0 -5.45 4
    endloop
  endfacet
  facet normal 0.0436746 0.999046 0
    outer loop
      vertex -0.474998 -5.42926 4
      vertex -0.388989 -5.43302 1.00053
      vertex -0.474998 -5.42926 1.00053
    endloop
  endfacet
  facet normal 0.0436101 0.999049 0
    outer loop
      vertex -0.388989 -5.43302 1.00053
      vertex 0 -5.45 4
      vertex 0 -5.45 1.00053
    endloop
  endfacet
  facet normal 0.608767 -0.793349 -2.10363e-07
    outer loop
      vertex -3.43489 4.22735 1.00053
      vertex -3.12599 4.46438 4
      vertex -3.50319 4.17494 4
    endloop
  endfacet
  facet normal 0.608766 -0.79335 0
    outer loop
      vertex -3.12599 4.46438 4
      vertex -3.43489 4.22735 1.00053
      vertex -3.12599 4.46438 1.00053
    endloop
  endfacet
  facet normal 0.608773 -0.793345 0
    outer loop
      vertex -3.43489 4.22735 1.00053
      vertex -3.50319 4.17494 4
      vertex -3.50319 4.17494 1.00053
    endloop
  endfacet
  facet normal 0.79335 0.608766 0
    outer loop
      vertex -4.46438 -3.12599 4
      vertex -4.22735 -3.43489 1.00053
      vertex -4.46438 -3.12599 1.00053
    endloop
  endfacet
  facet normal 0.793349 0.608767 -2.10363e-07
    outer loop
      vertex -4.17494 -3.50319 4
      vertex -4.22735 -3.43489 1.00053
      vertex -4.46438 -3.12599 4
    endloop
  endfacet
  facet normal 0.793345 0.608773 0
    outer loop
      vertex -4.22735 -3.43489 1.00053
      vertex -4.17494 -3.50319 4
      vertex -4.17494 -3.50319 1.00053
    endloop
  endfacet
  facet normal -0.461751 -0.88701 2.74202e-06
    outer loop
      vertex 2.37963 4.89962 1.00053
      vertex 2.725 4.71984 4
      vertex 2.30327 4.93938 4
    endloop
  endfacet
  facet normal -0.461732 -0.88702 -0
    outer loop
      vertex 2.725 4.71984 4
      vertex 2.37963 4.89962 1.00053
      vertex 2.725 4.71984 1.00053
    endloop
  endfacet
  facet normal -0.461835 -0.886966 0
    outer loop
      vertex 2.37963 4.89962 1.00053
      vertex 2.30327 4.93938 4
      vertex 2.30327 4.93938 1.00053
    endloop
  endfacet
  facet normal 0.537316 0.843381 0
    outer loop
      vertex -3.05338 -4.51063 1.00053
      vertex -2.725 -4.71984 4
      vertex -2.725 -4.71984 1.00053
    endloop
  endfacet
  facet normal 0.537301 0.84339 2.21801e-06
    outer loop
      vertex -2.725 -4.71984 4
      vertex -3.05338 -4.51063 1.00053
      vertex -3.12599 -4.46438 4
    endloop
  endfacet
  facet normal 0.537236 0.843432 0
    outer loop
      vertex -3.12599 -4.46438 4
      vertex -3.05338 -4.51063 1.00053
      vertex -3.12599 -4.46438 1.00053
    endloop
  endfacet
  facet normal -0.675589 -0.737278 1.45642e-07
    outer loop
      vertex 3.56666 4.11678 1.00053
      vertex 3.85373 3.85373 4
      vertex 3.50319 4.17494 4
    endloop
  endfacet
  facet normal -0.675589 -0.737279 -0
    outer loop
      vertex 3.85373 3.85373 4
      vertex 3.56666 4.11678 1.00053
      vertex 3.85373 3.85373 1.00053
    endloop
  endfacet
  facet normal -0.675593 -0.737275 -0
    outer loop
      vertex 3.50319 4.17494 4
      vertex 3.50319 4.17494 1.00053
      vertex 3.56666 4.11678 1.00053
    endloop
  endfacet
  facet normal 0.216428 -0.976298 7.90619e-07
    outer loop
      vertex -1.41056 5.2643 4
      vertex -1.32651 5.28293 1.00053
      vertex -0.946383 5.3672 4
    endloop
  endfacet
  facet normal 0.216402 -0.976304 0
    outer loop
      vertex -1.41056 5.2643 4
      vertex -1.41056 5.2643 1.00053
      vertex -1.32651 5.28293 1.00053
    endloop
  endfacet
  facet normal 0.216434 -0.976297 0
    outer loop
      vertex -0.946383 5.3672 4
      vertex -1.32651 5.28293 1.00053
      vertex -0.946383 5.3672 1.00053
    endloop
  endfacet
  facet normal -0.0436218 -0.999048 -1.5187e-06
    outer loop
      vertex 0.388989 5.43302 1.00053
      vertex 0.474998 5.42926 4
      vertex 0 5.45 4
    endloop
  endfacet
  facet normal -0.0436746 -0.999046 -0
    outer loop
      vertex 0.474998 5.42926 4
      vertex 0.388989 5.43302 1.00053
      vertex 0.474998 5.42926 1.00053
    endloop
  endfacet
  facet normal -0.0436101 -0.999049 0
    outer loop
      vertex 0.388989 5.43302 1.00053
      vertex 0 5.45 4
      vertex 0 5.45 1.00053
    endloop
  endfacet
  facet normal -0.608766 -0.79335 0
    outer loop
      vertex 3.43489 4.22735 1.00053
      vertex 3.12599 4.46438 4
      vertex 3.12599 4.46438 1.00053
    endloop
  endfacet
  facet normal -0.608767 -0.793349 -2.10363e-07
    outer loop
      vertex 3.12599 4.46438 4
      vertex 3.43489 4.22735 1.00053
      vertex 3.50319 4.17494 4
    endloop
  endfacet
  facet normal -0.608773 -0.793345 -0
    outer loop
      vertex 3.50319 4.17494 4
      vertex 3.43489 4.22735 1.00053
      vertex 3.50319 4.17494 1.00053
    endloop
  endfacet
  facet normal -0.999049 0.0436101 0
    outer loop
      vertex 5.43302 -0.388989 1.00053
      vertex 5.45 0 4
      vertex 5.45 0 1.00053
    endloop
  endfacet
  facet normal -0.999046 0.0436746 0
    outer loop
      vertex 5.42926 -0.474998 4
      vertex 5.43302 -0.388989 1.00053
      vertex 5.42926 -0.474998 1.00053
    endloop
  endfacet
  facet normal -0.999048 0.0436218 -1.5187e-06
    outer loop
      vertex 5.43302 -0.388989 1.00053
      vertex 5.42926 -0.474998 4
      vertex 5.45 0 4
    endloop
  endfacet
  facet normal 0.608766 0.79335 0
    outer loop
      vertex -3.43489 -4.22735 1.00053
      vertex -3.12599 -4.46438 4
      vertex -3.12599 -4.46438 1.00053
    endloop
  endfacet
  facet normal 0.608767 0.793349 -2.10363e-07
    outer loop
      vertex -3.12599 -4.46438 4
      vertex -3.43489 -4.22735 1.00053
      vertex -3.50319 -4.17494 4
    endloop
  endfacet
  facet normal 0.608773 0.793345 0
    outer loop
      vertex -3.50319 -4.17494 4
      vertex -3.43489 -4.22735 1.00053
      vertex -3.50319 -4.17494 1.00053
    endloop
  endfacet
  facet normal 0.675589 0.737278 1.45642e-07
    outer loop
      vertex -3.56666 -4.11678 1.00053
      vertex -3.85373 -3.85373 4
      vertex -3.50319 -4.17494 4
    endloop
  endfacet
  facet normal 0.675589 0.737279 0
    outer loop
      vertex -3.85373 -3.85373 4
      vertex -3.56666 -4.11678 1.00053
      vertex -3.85373 -3.85373 1.00053
    endloop
  endfacet
  facet normal 0.675593 0.737275 0
    outer loop
      vertex -3.50319 -4.17494 4
      vertex -3.50319 -4.17494 1.00053
      vertex -3.56666 -4.11678 1.00053
    endloop
  endfacet
  facet normal -0.923906 -0.382619 0
    outer loop
      vertex 4.97232 2.22373 1.00053
      vertex 4.93938 2.30327 4
      vertex 4.93938 2.30327 1.00053
    endloop
  endfacet
  facet normal -0.92388 -0.382681 -0
    outer loop
      vertex 5.12132 1.86401 4
      vertex 4.97232 2.22373 1.00053
      vertex 5.12132 1.86401 1.00053
    endloop
  endfacet
  facet normal -0.923885 -0.38267 1.60102e-06
    outer loop
      vertex 4.97232 2.22373 1.00053
      vertex 5.12132 1.86401 4
      vertex 4.93938 2.30327 4
    endloop
  endfacet
  facet normal -0.843381 0.537316 0
    outer loop
      vertex 4.51063 -3.05338 1.00053
      vertex 4.71984 -2.725 4
      vertex 4.71984 -2.725 1.00053
    endloop
  endfacet
  facet normal -0.843432 0.537236 0
    outer loop
      vertex 4.46438 -3.12599 4
      vertex 4.51063 -3.05338 1.00053
      vertex 4.46438 -3.12599 1.00053
    endloop
  endfacet
  facet normal -0.84339 0.537301 2.21801e-06
    outer loop
      vertex 4.51063 -3.05338 1.00053
      vertex 4.46438 -3.12599 4
      vertex 4.71984 -2.725 4
    endloop
  endfacet
  facet normal 0.216428 0.976298 7.90619e-07
    outer loop
      vertex -0.946383 -5.3672 4
      vertex -1.32651 -5.28293 1.00053
      vertex -1.41056 -5.2643 4
    endloop
  endfacet
  facet normal 0.216434 0.976297 0
    outer loop
      vertex -1.32651 -5.28293 1.00053
      vertex -0.946383 -5.3672 4
      vertex -0.946383 -5.3672 1.00053
    endloop
  endfacet
  facet normal 0.216402 0.976304 -0
    outer loop
      vertex -1.41056 -5.2643 1.00053
      vertex -1.41056 -5.2643 4
      vertex -1.32651 -5.28293 1.00053
    endloop
  endfacet
  facet normal -0.382681 -0.92388 0
    outer loop
      vertex 2.22373 4.97232 1.00053
      vertex 1.86401 5.12132 4
      vertex 1.86401 5.12132 1.00053
    endloop
  endfacet
  facet normal -0.38267 -0.923885 1.60102e-06
    outer loop
      vertex 1.86401 5.12132 4
      vertex 2.22373 4.97232 1.00053
      vertex 2.30327 4.93938 4
    endloop
  endfacet
  facet normal -0.382619 -0.923906 -0
    outer loop
      vertex 2.30327 4.93938 4
      vertex 2.22373 4.97232 1.00053
      vertex 2.30327 4.93938 1.00053
    endloop
  endfacet
  facet normal -0.793345 -0.608773 0
    outer loop
      vertex 4.22735 3.43489 1.00053
      vertex 4.17494 3.50319 4
      vertex 4.17494 3.50319 1.00053
    endloop
  endfacet
  facet normal -0.79335 -0.608766 -0
    outer loop
      vertex 4.46438 3.12599 4
      vertex 4.22735 3.43489 1.00053
      vertex 4.46438 3.12599 1.00053
    endloop
  endfacet
  facet normal -0.793349 -0.608767 -2.10363e-07
    outer loop
      vertex 4.22735 3.43489 1.00053
      vertex 4.46438 3.12599 4
      vertex 4.17494 3.50319 4
    endloop
  endfacet
  facet normal -0.13056 -0.99144 0
    outer loop
      vertex 0.560352 5.41802 1.00053
      vertex 0.474998 5.42926 4
      vertex 0.474998 5.42926 1.00053
    endloop
  endfacet
  facet normal -0.130528 -0.991445 9.10283e-07
    outer loop
      vertex 0.474998 5.42926 4
      vertex 0.560352 5.41802 1.00053
      vertex 0.946383 5.3672 4
    endloop
  endfacet
  facet normal -0.130522 -0.991445 4.35149e-08
    outer loop
      vertex 0.946382 5.3672 1.00053
      vertex 0.946383 5.3672 4
      vertex 0.560352 5.41802 1.00053
    endloop
  endfacet
  facet normal 0 -1 -0
    outer loop
      vertex 0.946383 5.3672 4
      vertex 0.946382 5.3672 1.00053
      vertex 0.946383 5.3672 1.00053
    endloop
  endfacet
  facet normal 0.953714 0.300714 0
    outer loop
      vertex -5.2643 -1.41056 4
      vertex -5.23841 -1.49267 1.00053
      vertex -5.2643 -1.41056 1.00053
    endloop
  endfacet
  facet normal 0.953712 0.300721 -1.87431e-07
    outer loop
      vertex -5.12132 -1.86401 4
      vertex -5.23841 -1.49267 1.00053
      vertex -5.2643 -1.41056 4
    endloop
  endfacet
  facet normal 0.953712 0.300722 0
    outer loop
      vertex -5.23841 -1.49267 1.00053
      vertex -5.12132 -1.86401 4
      vertex -5.12132 -1.86401 1.00053
    endloop
  endfacet
  facet normal -0.88702 -0.461732 0
    outer loop
      vertex 4.89962 2.37963 1.00053
      vertex 4.71984 2.725 4
      vertex 4.71984 2.725 1.00053
    endloop
  endfacet
  facet normal -0.886966 -0.461835 -0
    outer loop
      vertex 4.93938 2.30327 4
      vertex 4.89962 2.37963 1.00053
      vertex 4.93938 2.30327 1.00053
    endloop
  endfacet
  facet normal -0.88701 -0.461751 2.74202e-06
    outer loop
      vertex 4.89962 2.37963 1.00053
      vertex 4.93938 2.30327 4
      vertex 4.71984 2.725 4
    endloop
  endfacet
  facet normal 0.88702 -0.461732 0
    outer loop
      vertex -4.71984 2.725 4
      vertex -4.89962 2.37963 1.00053
      vertex -4.71984 2.725 1.00053
    endloop
  endfacet
  facet normal 0.88701 -0.461751 2.74202e-06
    outer loop
      vertex -4.93938 2.30327 4
      vertex -4.89962 2.37963 1.00053
      vertex -4.71984 2.725 4
    endloop
  endfacet
  facet normal 0.886966 -0.461835 0
    outer loop
      vertex -4.89962 2.37963 1.00053
      vertex -4.93938 2.30327 4
      vertex -4.93938 2.30327 1.00053
    endloop
  endfacet
  facet normal -0.382619 0.923906 0
    outer loop
      vertex 2.22373 -4.97232 1.00053
      vertex 2.30327 -4.93938 4
      vertex 2.30327 -4.93938 1.00053
    endloop
  endfacet
  facet normal -0.38267 0.923885 1.60102e-06
    outer loop
      vertex 2.30327 -4.93938 4
      vertex 2.22373 -4.97232 1.00053
      vertex 1.86401 -5.12132 4
    endloop
  endfacet
  facet normal -0.382681 0.92388 0
    outer loop
      vertex 1.86401 -5.12132 1.00053
      vertex 1.86401 -5.12132 4
      vertex 2.22373 -4.97232 1.00053
    endloop
  endfacet
  facet normal -0.843432 -0.537236 0
    outer loop
      vertex 4.51063 3.05338 1.00053
      vertex 4.46438 3.12599 4
      vertex 4.46438 3.12599 1.00053
    endloop
  endfacet
  facet normal -0.843381 -0.537316 -0
    outer loop
      vertex 4.71984 2.725 4
      vertex 4.51063 3.05338 1.00053
      vertex 4.71984 2.725 1.00053
    endloop
  endfacet
  facet normal -0.84339 -0.537301 2.21801e-06
    outer loop
      vertex 4.51063 3.05338 1.00053
      vertex 4.71984 2.725 4
      vertex 4.46438 3.12599 4
    endloop
  endfacet
  facet normal 0.537301 -0.84339 2.21801e-06
    outer loop
      vertex -3.05338 4.51063 1.00053
      vertex -2.725 4.71984 4
      vertex -3.12599 4.46438 4
    endloop
  endfacet
  facet normal 0.537316 -0.843381 0
    outer loop
      vertex -2.725 4.71984 4
      vertex -3.05338 4.51063 1.00053
      vertex -2.725 4.71984 1.00053
    endloop
  endfacet
  facet normal 0.537236 -0.843432 0
    outer loop
      vertex -3.05338 4.51063 1.00053
      vertex -3.12599 4.46438 4
      vertex -3.12599 4.46438 1.00053
    endloop
  endfacet
  facet normal 0.675589 -0.737279 0
    outer loop
      vertex -3.56666 4.11678 1.00053
      vertex -3.85373 3.85373 4
      vertex -3.85373 3.85373 1.00053
    endloop
  endfacet
  facet normal 0.675589 -0.737278 1.45642e-07
    outer loop
      vertex -3.85373 3.85373 4
      vertex -3.56666 4.11678 1.00053
      vertex -3.50319 4.17494 4
    endloop
  endfacet
  facet normal 0.675593 -0.737275 0
    outer loop
      vertex -3.50319 4.17494 1.00053
      vertex -3.50319 4.17494 4
      vertex -3.56666 4.11678 1.00053
    endloop
  endfacet
  facet normal 0.886966 0.461835 0
    outer loop
      vertex -4.93938 -2.30327 4
      vertex -4.89962 -2.37963 1.00053
      vertex -4.93938 -2.30327 1.00053
    endloop
  endfacet
  facet normal 0.88701 0.461751 2.74202e-06
    outer loop
      vertex -4.71984 -2.725 4
      vertex -4.89962 -2.37963 1.00053
      vertex -4.93938 -2.30327 4
    endloop
  endfacet
  facet normal 0.88702 0.461732 0
    outer loop
      vertex -4.89962 -2.37963 1.00053
      vertex -4.71984 -2.725 4
      vertex -4.71984 -2.725 1.00053
    endloop
  endfacet
  facet normal -0.737275 0.675593 0
    outer loop
      vertex 4.11678 -3.56666 1.00053
      vertex 4.17494 -3.50319 4
      vertex 4.17494 -3.50319 1.00053
    endloop
  endfacet
  facet normal -0.737279 0.675589 0
    outer loop
      vertex 3.85373 -3.85373 4
      vertex 4.11678 -3.56666 1.00053
      vertex 3.85373 -3.85373 1.00053
    endloop
  endfacet
  facet normal -0.737278 0.675589 1.45642e-07
    outer loop
      vertex 4.11678 -3.56666 1.00053
      vertex 3.85373 -3.85373 4
      vertex 4.17494 -3.50319 4
    endloop
  endfacet
  facet normal 0.843432 -0.537236 0
    outer loop
      vertex -4.46438 3.12599 4
      vertex -4.51063 3.05338 1.00053
      vertex -4.46438 3.12599 1.00053
    endloop
  endfacet
  facet normal 0.84339 -0.537301 2.21801e-06
    outer loop
      vertex -4.71984 2.725 4
      vertex -4.51063 3.05338 1.00053
      vertex -4.46438 3.12599 4
    endloop
  endfacet
  facet normal 0.843381 -0.537316 0
    outer loop
      vertex -4.51063 3.05338 1.00053
      vertex -4.71984 2.725 4
      vertex -4.71984 2.725 1.00053
    endloop
  endfacet
  facet normal -0.886966 0.461835 0
    outer loop
      vertex 4.89962 -2.37963 1.00053
      vertex 4.93938 -2.30327 4
      vertex 4.93938 -2.30327 1.00053
    endloop
  endfacet
  facet normal -0.88702 0.461732 0
    outer loop
      vertex 4.71984 -2.725 4
      vertex 4.89962 -2.37963 1.00053
      vertex 4.71984 -2.725 1.00053
    endloop
  endfacet
  facet normal -0.88701 0.461751 2.74202e-06
    outer loop
      vertex 4.89962 -2.37963 1.00053
      vertex 4.71984 -2.725 4
      vertex 4.93938 -2.30327 4
    endloop
  endfacet
  facet normal -0.737279 -0.675589 0
    outer loop
      vertex 4.11678 3.56666 1.00053
      vertex 3.85373 3.85373 4
      vertex 3.85373 3.85373 1.00053
    endloop
  endfacet
  facet normal -0.737275 -0.675593 -0
    outer loop
      vertex 4.17494 3.50319 4
      vertex 4.11678 3.56666 1.00053
      vertex 4.17494 3.50319 1.00053
    endloop
  endfacet
  facet normal -0.737278 -0.675589 1.45642e-07
    outer loop
      vertex 4.11678 3.56666 1.00053
      vertex 4.17494 3.50319 4
      vertex 3.85373 3.85373 4
    endloop
  endfacet
  facet normal 0.382619 -0.923906 0
    outer loop
      vertex -2.22373 4.97232 1.00053
      vertex -2.30327 4.93938 4
      vertex -2.30327 4.93938 1.00053
    endloop
  endfacet
  facet normal 0.38267 -0.923885 1.60102e-06
    outer loop
      vertex -2.30327 4.93938 4
      vertex -2.22373 4.97232 1.00053
      vertex -1.86401 5.12132 4
    endloop
  endfacet
  facet normal 0.382681 -0.92388 0
    outer loop
      vertex -1.86401 5.12132 1.00053
      vertex -1.86401 5.12132 4
      vertex -2.22373 4.97232 1.00053
    endloop
  endfacet
  facet normal -0.130528 0.991445 9.10283e-07
    outer loop
      vertex 0.946383 -5.3672 4
      vertex 0.560352 -5.41802 1.00053
      vertex 0.474998 -5.42926 4
    endloop
  endfacet
  facet normal -0.130522 0.991445 4.35149e-08
    outer loop
      vertex 0.946383 -5.3672 4
      vertex 0.946382 -5.3672 1.00053
      vertex 0.560352 -5.41802 1.00053
    endloop
  endfacet
  facet normal 0 1 0
    outer loop
      vertex 0.946382 -5.3672 1.00053
      vertex 0.946383 -5.3672 4
      vertex 0.946383 -5.3672 1.00053
    endloop
  endfacet
  facet normal -0.13056 0.99144 0
    outer loop
      vertex 0.474998 -5.42926 4
      vertex 0.560352 -5.41802 1.00053
      vertex 0.474998 -5.42926 1.00053
    endloop
  endfacet
  facet normal -0.953714 0.300714 0
    outer loop
      vertex 5.23841 -1.49267 1.00053
      vertex 5.2643 -1.41056 4
      vertex 5.2643 -1.41056 1.00053
    endloop
  endfacet
  facet normal -0.953712 0.300722 0
    outer loop
      vertex 5.12132 -1.86401 4
      vertex 5.23841 -1.49267 1.00053
      vertex 5.12132 -1.86401 1.00053
    endloop
  endfacet
  facet normal -0.953712 0.300721 -1.87431e-07
    outer loop
      vertex 5.23841 -1.49267 1.00053
      vertex 5.12132 -1.86401 4
      vertex 5.2643 -1.41056 4
    endloop
  endfacet
  facet normal 0.300721 0.953712 -1.87431e-07
    outer loop
      vertex -1.41056 -5.2643 4
      vertex -1.49267 -5.23841 1.00053
      vertex -1.86401 -5.12132 4
    endloop
  endfacet
  facet normal 0.300714 0.953714 0
    outer loop
      vertex -1.49267 -5.23841 1.00053
      vertex -1.41056 -5.2643 4
      vertex -1.41056 -5.2643 1.00053
    endloop
  endfacet
  facet normal 0.300722 0.953712 0
    outer loop
      vertex -1.86401 -5.12132 4
      vertex -1.49267 -5.23841 1.00053
      vertex -1.86401 -5.12132 1.00053
    endloop
  endfacet
  facet normal 0.793345 -0.608773 0
    outer loop
      vertex -4.17494 3.50319 4
      vertex -4.22735 3.43489 1.00053
      vertex -4.17494 3.50319 1.00053
    endloop
  endfacet
  facet normal 0.793349 -0.608767 -2.10363e-07
    outer loop
      vertex -4.46438 3.12599 4
      vertex -4.22735 3.43489 1.00053
      vertex -4.17494 3.50319 4
    endloop
  endfacet
  facet normal 0.79335 -0.608766 0
    outer loop
      vertex -4.22735 3.43489 1.00053
      vertex -4.46438 3.12599 4
      vertex -4.46438 3.12599 1.00053
    endloop
  endfacet
  facet normal 0.923906 -0.382619 0
    outer loop
      vertex -4.93938 2.30327 4
      vertex -4.97232 2.22373 1.00053
      vertex -4.93938 2.30327 1.00053
    endloop
  endfacet
  facet normal 0.923885 -0.38267 1.60102e-06
    outer loop
      vertex -5.12132 1.86401 4
      vertex -4.97232 2.22373 1.00053
      vertex -4.93938 2.30327 4
    endloop
  endfacet
  facet normal 0.92388 -0.382681 0
    outer loop
      vertex -4.97232 2.22373 1.00053
      vertex -5.12132 1.86401 4
      vertex -5.12132 1.86401 1.00053
    endloop
  endfacet
  facet normal 0.737279 -0.675589 0
    outer loop
      vertex -3.85373 3.85373 4
      vertex -4.11678 3.56666 1.00053
      vertex -3.85373 3.85373 1.00053
    endloop
  endfacet
  facet normal 0.737278 -0.675589 1.45642e-07
    outer loop
      vertex -4.17494 3.50319 4
      vertex -4.11678 3.56666 1.00053
      vertex -3.85373 3.85373 4
    endloop
  endfacet
  facet normal 0.737275 -0.675593 0
    outer loop
      vertex -4.11678 3.56666 1.00053
      vertex -4.17494 3.50319 4
      vertex -4.17494 3.50319 1.00053
    endloop
  endfacet
  facet normal 0.737275 0.675593 0
    outer loop
      vertex -4.17494 -3.50319 4
      vertex -4.11678 -3.56666 1.00053
      vertex -4.17494 -3.50319 1.00053
    endloop
  endfacet
  facet normal 0.737278 0.675589 1.45642e-07
    outer loop
      vertex -3.85373 -3.85373 4
      vertex -4.11678 -3.56666 1.00053
      vertex -4.17494 -3.50319 4
    endloop
  endfacet
  facet normal 0.737279 0.675589 0
    outer loop
      vertex -4.11678 -3.56666 1.00053
      vertex -3.85373 -3.85373 4
      vertex -3.85373 -3.85373 1.00053
    endloop
  endfacet
  facet normal 0.976297 0.216434 0
    outer loop
      vertex -5.3672 -0.946383 4
      vertex -5.28293 -1.32651 1.00053
      vertex -5.3672 -0.946383 1.00053
    endloop
  endfacet
  facet normal 0.976298 0.216428 7.90619e-07
    outer loop
      vertex -5.2643 -1.41056 4
      vertex -5.28293 -1.32651 1.00053
      vertex -5.3672 -0.946383 4
    endloop
  endfacet
  facet normal 0.976304 0.216402 0
    outer loop
      vertex -5.28293 -1.32651 1.00053
      vertex -5.2643 -1.41056 4
      vertex -5.2643 -1.41056 1.00053
    endloop
  endfacet
  facet normal 0.999049 0.0436101 0
    outer loop
      vertex -5.45 0 4
      vertex -5.43302 -0.388989 1.00053
      vertex -5.45 0 1.00053
    endloop
  endfacet
  facet normal 0.999048 0.0436218 -1.5187e-06
    outer loop
      vertex -5.42926 -0.474998 4
      vertex -5.43302 -0.388989 1.00053
      vertex -5.45 0 4
    endloop
  endfacet
  facet normal 0.999046 0.0436746 0
    outer loop
      vertex -5.43302 -0.388989 1.00053
      vertex -5.42926 -0.474998 4
      vertex -5.42926 -0.474998 1.00053
    endloop
  endfacet
  facet normal 0.130528 -0.991445 9.10283e-07
    outer loop
      vertex -0.946383 5.3672 4
      vertex -0.560352 5.41802 1.00053
      vertex -0.474998 5.42926 4
    endloop
  endfacet
  facet normal 0.130522 -0.991445 4.35149e-08
    outer loop
      vertex -0.946383 5.3672 4
      vertex -0.946382 5.3672 1.00053
      vertex -0.560352 5.41802 1.00053
    endloop
  endfacet
  facet normal 0 -1 0
    outer loop
      vertex -0.946382 5.3672 1.00053
      vertex -0.946383 5.3672 4
      vertex -0.946383 5.3672 1.00053
    endloop
  endfacet
  facet normal 0.13056 -0.99144 0
    outer loop
      vertex -0.474998 5.42926 4
      vertex -0.560352 5.41802 1.00053
      vertex -0.474998 5.42926 1.00053
    endloop
  endfacet
  facet normal 0.0436746 -0.999046 0
    outer loop
      vertex -0.388989 5.43302 1.00053
      vertex -0.474998 5.42926 4
      vertex -0.474998 5.42926 1.00053
    endloop
  endfacet
  facet normal 0.0436218 -0.999048 -1.5187e-06
    outer loop
      vertex -0.474998 5.42926 4
      vertex -0.388989 5.43302 1.00053
      vertex 0 5.45 4
    endloop
  endfacet
  facet normal 0.0436101 -0.999049 0
    outer loop
      vertex 0 5.45 4
      vertex -0.388989 5.43302 1.00053
      vertex 0 5.45 1.00053
    endloop
  endfacet
  facet normal -0.608767 0.793349 -2.10363e-07
    outer loop
      vertex 3.43489 -4.22735 1.00053
      vertex 3.12599 -4.46438 4
      vertex 3.50319 -4.17494 4
    endloop
  endfacet
  facet normal -0.608766 0.79335 0
    outer loop
      vertex 3.12599 -4.46438 4
      vertex 3.43489 -4.22735 1.00053
      vertex 3.12599 -4.46438 1.00053
    endloop
  endfacet
  facet normal -0.608773 0.793345 0
    outer loop
      vertex 3.43489 -4.22735 1.00053
      vertex 3.50319 -4.17494 4
      vertex 3.50319 -4.17494 1.00053
    endloop
  endfacet
  facet normal 0.976304 -0.216402 0
    outer loop
      vertex -5.2643 1.41056 4
      vertex -5.28293 1.32651 1.00053
      vertex -5.2643 1.41056 1.00053
    endloop
  endfacet
  facet normal 0.976298 -0.216428 7.90619e-07
    outer loop
      vertex -5.3672 0.946383 4
      vertex -5.28293 1.32651 1.00053
      vertex -5.2643 1.41056 4
    endloop
  endfacet
  facet normal 0.976297 -0.216434 0
    outer loop
      vertex -5.28293 1.32651 1.00053
      vertex -5.3672 0.946383 4
      vertex -5.3672 0.946383 1.00053
    endloop
  endfacet
  facet normal 1 0 0
    outer loop
      vertex -5.3672 0.946383 4
      vertex -5.3672 0.946382 1.00053
      vertex -5.3672 0.946383 1.00053
    endloop
  endfacet
  facet normal 0.991445 -0.130522 4.35149e-08
    outer loop
      vertex -5.3672 0.946383 4
      vertex -5.41802 0.560352 1.00053
      vertex -5.3672 0.946382 1.00053
    endloop
  endfacet
  facet normal 0.991445 -0.130528 9.10283e-07
    outer loop
      vertex -5.42926 0.474998 4
      vertex -5.41802 0.560352 1.00053
      vertex -5.3672 0.946383 4
    endloop
  endfacet
  facet normal 0.99144 -0.13056 0
    outer loop
      vertex -5.41802 0.560352 1.00053
      vertex -5.42926 0.474998 4
      vertex -5.42926 0.474998 1.00053
    endloop
  endfacet
  facet normal 0.461751 0.88701 2.74202e-06
    outer loop
      vertex -2.37963 -4.89962 1.00053
      vertex -2.725 -4.71984 4
      vertex -2.30327 -4.93938 4
    endloop
  endfacet
  facet normal 0.461732 0.88702 0
    outer loop
      vertex -2.725 -4.71984 4
      vertex -2.37963 -4.89962 1.00053
      vertex -2.725 -4.71984 1.00053
    endloop
  endfacet
  facet normal 0.461835 0.886966 0
    outer loop
      vertex -2.37963 -4.89962 1.00053
      vertex -2.30327 -4.93938 4
      vertex -2.30327 -4.93938 1.00053
    endloop
  endfacet
  facet normal -0.216428 -0.976298 7.90619e-07
    outer loop
      vertex 0.946383 5.3672 4
      vertex 1.32651 5.28293 1.00053
      vertex 1.41056 5.2643 4
    endloop
  endfacet
  facet normal -0.216434 -0.976297 0
    outer loop
      vertex 1.32651 5.28293 1.00053
      vertex 0.946383 5.3672 4
      vertex 0.946383 5.3672 1.00053
    endloop
  endfacet
  facet normal -0.216402 -0.976304 0
    outer loop
      vertex 1.41056 5.2643 1.00053
      vertex 1.41056 5.2643 4
      vertex 1.32651 5.28293 1.00053
    endloop
  endfacet
  facet normal -0.675589 0.737279 0
    outer loop
      vertex 3.56666 -4.11678 1.00053
      vertex 3.85373 -3.85373 4
      vertex 3.85373 -3.85373 1.00053
    endloop
  endfacet
  facet normal -0.675589 0.737278 1.45642e-07
    outer loop
      vertex 3.85373 -3.85373 4
      vertex 3.56666 -4.11678 1.00053
      vertex 3.50319 -4.17494 4
    endloop
  endfacet
  facet normal -0.675593 0.737275 0
    outer loop
      vertex 3.50319 -4.17494 1.00053
      vertex 3.50319 -4.17494 4
      vertex 3.56666 -4.11678 1.00053
    endloop
  endfacet
  facet normal 0.999046 -0.0436746 0
    outer loop
      vertex -5.42926 0.474998 4
      vertex -5.43302 0.388989 1.00053
      vertex -5.42926 0.474998 1.00053
    endloop
  endfacet
  facet normal 0.999048 -0.0436218 -1.5187e-06
    outer loop
      vertex -5.45 0 4
      vertex -5.43302 0.388989 1.00053
      vertex -5.42926 0.474998 4
    endloop
  endfacet
  facet normal 0.999049 -0.0436101 0
    outer loop
      vertex -5.43302 0.388989 1.00053
      vertex -5.45 0 4
      vertex -5.45 0 1.00053
    endloop
  endfacet
  facet normal -0.529628 -0.578517 -0.620332
    outer loop
      vertex 3.85373 3.85373 1.00053
      vertex 4.41098 4.41642 0
      vertex 4.41382 4.41382 0
    endloop
  endfacet
  facet normal -0.529887 -0.578273 -0.620339
    outer loop
      vertex 4.41098 4.41642 0
      vertex 3.85373 3.85373 1.00053
      vertex 3.56666 4.11678 1.00053
    endloop
  endfacet
  facet normal -0.235866 -0.748027 -0.620341
    outer loop
      vertex 2.13124 5.8668 0
      vertex 1.86401 5.12132 1.00053
      vertex 1.49267 5.23841 1.00053
    endloop
  endfacet
  facet normal -0.235798 -0.74805 -0.62034
    outer loop
      vertex 1.86401 5.12132 1.00053
      vertex 2.13124 5.8668 0
      vertex 2.13492 5.86564 0
    endloop
  endfacet
  facet normal -0.783632 -0.0325711 -0.620371
    outer loop
      vertex 5.45 0 1.00053
      vertex 6.24192 0.00384946 0
      vertex 6.24208 0 0
    endloop
  endfacet
  facet normal -0.783586 -0.0342048 -0.620341
    outer loop
      vertex 6.24192 0.00384946 0
      vertex 5.45 0 1.00053
      vertex 5.43302 0.388989 1.00053
    endloop
  endfacet
  facet normal -0.783585 -0.0342555 -0.620339
    outer loop
      vertex 6.21833 0.544033 0
      vertex 5.43302 0.388989 1.00053
      vertex 5.42926 0.474998 1.00053
    endloop
  endfacet
  facet normal -0.783589 -0.0342196 -0.620337
    outer loop
      vertex 5.43302 0.388989 1.00053
      vertex 6.21833 0.544033 0
      vertex 6.24192 0.00384946 0
    endloop
  endfacet
  facet normal 0.0342555 -0.783585 -0.620339
    outer loop
      vertex -0.544033 6.21833 0
      vertex -0.388989 5.43302 1.00053
      vertex -0.474998 5.42926 1.00053
    endloop
  endfacet
  facet normal 0.0342196 -0.783589 -0.620337
    outer loop
      vertex -0.388989 5.43302 1.00053
      vertex -0.544033 6.21833 0
      vertex -0.00384946 6.24192 0
    endloop
  endfacet
  facet normal 0.783586 -0.0342048 -0.620341
    outer loop
      vertex -5.45 0 1.00053
      vertex -6.24192 0.00384946 0
      vertex -5.43302 0.388989 1.00053
    endloop
  endfacet
  facet normal 0.783632 -0.0325711 -0.620371
    outer loop
      vertex -6.24192 0.00384946 0
      vertex -5.45 0 1.00053
      vertex -6.24208 0 0
    endloop
  endfacet
  facet normal 0.578517 0.529628 -0.620332
    outer loop
      vertex -4.41642 -4.41098 0
      vertex -3.85373 -3.85373 1.00053
      vertex -4.41382 -4.41382 0
    endloop
  endfacet
  facet normal 0.578273 0.529887 -0.620339
    outer loop
      vertex -3.85373 -3.85373 1.00053
      vertex -4.41642 -4.41098 0
      vertex -4.11678 -3.56666 1.00053
    endloop
  endfacet
  facet normal 0.235854 -0.748034 -0.620337
    outer loop
      vertex -1.61557 6.02939 0
      vertex -1.49267 5.23841 1.00053
      vertex -2.13124 5.8668 0
    endloop
  endfacet
  facet normal 0.235861 -0.748032 -0.620337
    outer loop
      vertex -1.49267 5.23841 1.00053
      vertex -1.61557 6.02939 0
      vertex -1.41056 5.2643 1.00053
    endloop
  endfacet
  facet normal -0.695744 -0.362112 -0.620335
    outer loop
      vertex 5.40758 3.11762 0
      vertex 4.71984 2.725 1.00053
      vertex 5.4058 3.12104 0
    endloop
  endfacet
  facet normal -0.695722 -0.362153 -0.620336
    outer loop
      vertex 4.71984 2.725 1.00053
      vertex 5.40758 3.11762 0
      vertex 4.89962 2.37963 1.00053
    endloop
  endfacet
  facet normal -0.477477 -0.622253 -0.620335
    outer loop
      vertex 3.58031 5.11321 0
      vertex 3.43489 4.22735 1.00053
      vertex 3.12599 4.46438 1.00053
    endloop
  endfacet
  facet normal -0.476283 -0.622831 -0.620674
    outer loop
      vertex 3.43489 4.22735 1.00053
      vertex 3.58031 5.11321 0
      vertex 3.58337 5.11087 0
    endloop
  endfacet
  facet normal -0.102373 -0.777626 -0.620337
    outer loop
      vertex 1.08011 6.14775 0
      vertex 0.946382 5.3672 1.00053
      vertex 0.560352 5.41802 1.00053
    endloop
  endfacet
  facet normal -0.101795 -0.77771 -0.620326
    outer loop
      vertex 0.946382 5.3672 1.00053
      vertex 1.08011 6.14775 0
      vertex 1.08393 6.14725 0
    endloop
  endfacet
  facet normal 0.695707 -0.362171 -0.620341
    outer loop
      vertex -4.89962 2.37963 1.00053
      vertex -5.65725 2.63802 0
      vertex -5.40758 3.11762 0
    endloop
  endfacet
  facet normal 0.695679 -0.362234 -0.620336
    outer loop
      vertex -5.65725 2.63802 0
      vertex -4.89962 2.37963 1.00053
      vertex -4.93938 2.30327 1.00053
    endloop
  endfacet
  facet normal -0.765742 0.169763 -0.620339
    outer loop
      vertex 6.02939 -1.61557 0
      vertex 5.28293 -1.32651 1.00053
      vertex 6.14642 -1.08769 0
    endloop
  endfacet
  facet normal -0.765751 0.169732 -0.620336
    outer loop
      vertex 5.28293 -1.32651 1.00053
      vertex 6.02939 -1.61557 0
      vertex 5.2643 -1.41056 1.00053
    endloop
  endfacet
  facet normal -0.300097 -0.724641 -0.620352
    outer loop
      vertex 2.13848 5.86416 0
      vertex 2.30327 4.93938 1.00053
      vertex 2.22373 4.97232 1.00053
    endloop
  endfacet
  facet normal -0.300144 -0.724634 -0.620338
    outer loop
      vertex 2.30327 4.93938 1.00053
      vertex 2.13848 5.86416 0
      vertex 2.63802 5.65725 0
    endloop
  endfacet
  facet normal 0.102382 -0.777623 -0.62034
    outer loop
      vertex -0.544033 6.21833 0
      vertex -0.560352 5.41802 1.00053
      vertex -1.08011 6.14775 0
    endloop
  endfacet
  facet normal 0.102402 -0.777621 -0.620338
    outer loop
      vertex -0.560352 5.41802 1.00053
      vertex -0.544033 6.21833 0
      vertex -0.474998 5.42926 1.00053
    endloop
  endfacet
  facet normal 0.783585 0.0342555 -0.620339
    outer loop
      vertex -6.21833 -0.544033 0
      vertex -5.43302 -0.388989 1.00053
      vertex -5.42926 -0.474998 1.00053
    endloop
  endfacet
  facet normal 0.783589 0.0342196 -0.620337
    outer loop
      vertex -5.43302 -0.388989 1.00053
      vertex -6.21833 -0.544033 0
      vertex -6.24192 -0.00384946 0
    endloop
  endfacet
  facet normal -0.169763 -0.765742 -0.620339
    outer loop
      vertex 1.61557 6.02939 0
      vertex 1.32651 5.28293 1.00053
      vertex 1.08769 6.14642 0
    endloop
  endfacet
  facet normal -0.169732 -0.765751 -0.620336
    outer loop
      vertex 1.32651 5.28293 1.00053
      vertex 1.61557 6.02939 0
      vertex 1.41056 5.2643 1.00053
    endloop
  endfacet
  facet normal -0.724433 0.301169 -0.620075
    outer loop
      vertex 4.97232 -2.22373 1.00053
      vertex 5.86564 -2.13492 0
      vertex 5.86416 -2.13848 0
    endloop
  endfacet
  facet normal -0.724629 0.300149 -0.620341
    outer loop
      vertex 5.86564 -2.13492 0
      vertex 4.97232 -2.22373 1.00053
      vertex 5.12132 -1.86401 1.00053
    endloop
  endfacet
  facet normal 0.783632 0.0325711 -0.620371
    outer loop
      vertex -5.45 0 1.00053
      vertex -6.24192 -0.00384946 0
      vertex -6.24208 0 0
    endloop
  endfacet
  facet normal 0.783586 0.0342048 -0.620341
    outer loop
      vertex -6.24192 -0.00384946 0
      vertex -5.45 0 1.00053
      vertex -5.43302 -0.388989 1.00053
    endloop
  endfacet
  facet normal -0.578273 -0.529887 -0.620339
    outer loop
      vertex 3.85373 3.85373 1.00053
      vertex 4.41642 4.41098 0
      vertex 4.11678 3.56666 1.00053
    endloop
  endfacet
  facet normal -0.578517 -0.529628 -0.620332
    outer loop
      vertex 4.41642 4.41098 0
      vertex 3.85373 3.85373 1.00053
      vertex 4.41382 4.41382 0
    endloop
  endfacet
  facet normal 0.748027 0.235866 -0.620341
    outer loop
      vertex -5.12132 -1.86401 1.00053
      vertex -5.8668 -2.13124 0
      vertex -5.23841 -1.49267 1.00053
    endloop
  endfacet
  facet normal 0.74805 0.235798 -0.62034
    outer loop
      vertex -5.8668 -2.13124 0
      vertex -5.12132 -1.86401 1.00053
      vertex -5.86564 -2.13492 0
    endloop
  endfacet
  facet normal -0.748027 0.235866 -0.620341
    outer loop
      vertex 5.8668 -2.13124 0
      vertex 5.12132 -1.86401 1.00053
      vertex 5.23841 -1.49267 1.00053
    endloop
  endfacet
  facet normal -0.74805 0.235798 -0.62034
    outer loop
      vertex 5.12132 -1.86401 1.00053
      vertex 5.8668 -2.13124 0
      vertex 5.86564 -2.13492 0
    endloop
  endfacet
  facet normal -0.235861 -0.748032 -0.620337
    outer loop
      vertex 1.61557 6.02939 0
      vertex 1.49267 5.23841 1.00053
      vertex 1.41056 5.2643 1.00053
    endloop
  endfacet
  facet normal -0.235854 -0.748034 -0.620337
    outer loop
      vertex 1.49267 5.23841 1.00053
      vertex 1.61557 6.02939 0
      vertex 2.13124 5.8668 0
    endloop
  endfacet
  facet normal 0.421344 -0.66153 -0.620361
    outer loop
      vertex -3.12104 5.4058 0
      vertex -3.05338 4.51063 1.00053
      vertex -3.12429 5.40373 0
    endloop
  endfacet
  facet normal 0.421436 -0.661495 -0.620336
    outer loop
      vertex -3.05338 4.51063 1.00053
      vertex -3.12104 5.4058 0
      vertex -2.725 4.71984 1.00053
    endloop
  endfacet
  facet normal -0.235798 0.74805 -0.62034
    outer loop
      vertex 2.13124 -5.8668 0
      vertex 1.86401 -5.12132 1.00053
      vertex 2.13492 -5.86564 0
    endloop
  endfacet
  facet normal -0.235866 0.748027 -0.620341
    outer loop
      vertex 1.86401 -5.12132 1.00053
      vertex 2.13124 -5.8668 0
      vertex 1.49267 -5.23841 1.00053
    endloop
  endfacet
  facet normal -0.765751 -0.169732 -0.620336
    outer loop
      vertex 6.02939 1.61557 0
      vertex 5.28293 1.32651 1.00053
      vertex 5.2643 1.41056 1.00053
    endloop
  endfacet
  facet normal -0.765742 -0.169763 -0.620339
    outer loop
      vertex 5.28293 1.32651 1.00053
      vertex 6.02939 1.61557 0
      vertex 6.14642 1.08769 0
    endloop
  endfacet
  facet normal -0.66153 -0.421344 -0.620361
    outer loop
      vertex 5.4058 3.12104 0
      vertex 4.51063 3.05338 1.00053
      vertex 5.40373 3.12429 0
    endloop
  endfacet
  facet normal -0.661495 -0.421436 -0.620336
    outer loop
      vertex 4.51063 3.05338 1.00053
      vertex 5.4058 3.12104 0
      vertex 4.71984 2.725 1.00053
    endloop
  endfacet
  facet normal -0.169732 0.765751 -0.620336
    outer loop
      vertex 1.61557 -6.02939 0
      vertex 1.32651 -5.28293 1.00053
      vertex 1.41056 -5.2643 1.00053
    endloop
  endfacet
  facet normal -0.169763 0.765742 -0.620339
    outer loop
      vertex 1.32651 -5.28293 1.00053
      vertex 1.61557 -6.02939 0
      vertex 1.08769 -6.14642 0
    endloop
  endfacet
  facet normal -0.765884 -0.169065 -0.620354
    outer loop
      vertex 5.3672 0.946383 1.00053
      vertex 6.14642 1.08769 0
      vertex 6.14725 1.08393 0
    endloop
  endfacet
  facet normal -0.765742 -0.169757 -0.62034
    outer loop
      vertex 6.14642 1.08769 0
      vertex 5.3672 0.946383 1.00053
      vertex 5.28293 1.32651 1.00053
    endloop
  endfacet
  facet normal -0.788641 -0 -0.614854
    outer loop
      vertex 5.3672 0.946383 1.00053
      vertex 6.14725 1.08393 0
      vertex 5.3672 0.946382 1.00053
    endloop
  endfacet
  facet normal -0.748034 -0.235854 -0.620337
    outer loop
      vertex 6.02939 1.61557 0
      vertex 5.23841 1.49267 1.00053
      vertex 5.8668 2.13124 0
    endloop
  endfacet
  facet normal -0.748032 -0.235861 -0.620337
    outer loop
      vertex 6.02939 1.61557 0
      vertex 5.2643 1.41056 1.00053
      vertex 5.23841 1.49267 1.00053
    endloop
  endfacet
  facet normal -0.169065 0.765884 -0.620354
    outer loop
      vertex 1.08393 -6.14725 0
      vertex 0.946383 -5.3672 1.00053
      vertex 1.08769 -6.14642 0
    endloop
  endfacet
  facet normal 0 0.788641 -0.614854
    outer loop
      vertex 0.946383 -5.3672 1.00053
      vertex 1.08393 -6.14725 0
      vertex 0.946382 -5.3672 1.00053
    endloop
  endfacet
  facet normal -0.169757 0.765742 -0.62034
    outer loop
      vertex 1.32651 -5.28293 1.00053
      vertex 1.08769 -6.14642 0
      vertex 0.946383 -5.3672 1.00053
    endloop
  endfacet
  facet normal 0.622831 -0.476283 -0.620674
    outer loop
      vertex -4.22735 3.43489 1.00053
      vertex -5.11321 3.58031 0
      vertex -5.11087 3.58337 0
    endloop
  endfacet
  facet normal 0.622253 -0.477477 -0.620335
    outer loop
      vertex -5.11321 3.58031 0
      vertex -4.22735 3.43489 1.00053
      vertex -4.46438 3.12599 1.00053
    endloop
  endfacet
  facet normal 0.777626 0.102373 -0.620337
    outer loop
      vertex -5.3672 -0.946382 1.00053
      vertex -6.14775 -1.08011 0
      vertex -5.41802 -0.560352 1.00053
    endloop
  endfacet
  facet normal 0.77771 0.101795 -0.620326
    outer loop
      vertex -6.14775 -1.08011 0
      vertex -5.3672 -0.946382 1.00053
      vertex -6.14725 -1.08393 0
    endloop
  endfacet
  facet normal 0 -0.788641 -0.614854
    outer loop
      vertex 0.946382 5.3672 1.00053
      vertex 1.08393 6.14725 0
      vertex 0.946383 5.3672 1.00053
    endloop
  endfacet
  facet normal -0.169065 -0.765884 -0.620354
    outer loop
      vertex 1.08769 6.14642 0
      vertex 0.946383 5.3672 1.00053
      vertex 1.08393 6.14725 0
    endloop
  endfacet
  facet normal -0.169757 -0.765742 -0.62034
    outer loop
      vertex 0.946383 5.3672 1.00053
      vertex 1.08769 6.14642 0
      vertex 1.32651 5.28293 1.00053
    endloop
  endfacet
  facet normal -0.101795 0.77771 -0.620326
    outer loop
      vertex 1.08011 -6.14775 0
      vertex 0.946382 -5.3672 1.00053
      vertex 1.08393 -6.14725 0
    endloop
  endfacet
  facet normal -0.102373 0.777626 -0.620337
    outer loop
      vertex 0.946382 -5.3672 1.00053
      vertex 1.08011 -6.14775 0
      vertex 0.560352 -5.41802 1.00053
    endloop
  endfacet
  facet normal -0.421366 -0.661521 -0.620355
    outer loop
      vertex 3.05338 4.51063 1.00053
      vertex 3.12429 5.40373 0
      vertex 3.12599 4.46438 1.00053
    endloop
  endfacet
  facet normal -0.421427 -0.661501 -0.620335
    outer loop
      vertex 3.58031 5.11321 0
      vertex 3.12599 4.46438 1.00053
      vertex 3.12429 5.40373 0
    endloop
  endfacet
  facet normal -0.476283 0.622831 -0.620674
    outer loop
      vertex 3.58031 -5.11321 0
      vertex 3.43489 -4.22735 1.00053
      vertex 3.58337 -5.11087 0
    endloop
  endfacet
  facet normal -0.477477 0.622253 -0.620335
    outer loop
      vertex 3.43489 -4.22735 1.00053
      vertex 3.58031 -5.11321 0
      vertex 3.12599 -4.46438 1.00053
    endloop
  endfacet
  facet normal -0.0342196 -0.783589 -0.620337
    outer loop
      vertex 0.544033 6.21833 0
      vertex 0.388989 5.43302 1.00053
      vertex 0.00384946 6.24192 0
    endloop
  endfacet
  facet normal -0.0342555 -0.783585 -0.620339
    outer loop
      vertex 0.388989 5.43302 1.00053
      vertex 0.544033 6.21833 0
      vertex 0.474998 5.42926 1.00053
    endloop
  endfacet
  facet normal 0.235861 0.748032 -0.620337
    outer loop
      vertex -1.61557 -6.02939 0
      vertex -1.49267 -5.23841 1.00053
      vertex -1.41056 -5.2643 1.00053
    endloop
  endfacet
  facet normal 0.235854 0.748034 -0.620337
    outer loop
      vertex -1.49267 -5.23841 1.00053
      vertex -1.61557 -6.02939 0
      vertex -2.13124 -5.8668 0
    endloop
  endfacet
  facet normal -0.578517 0.529628 -0.620332
    outer loop
      vertex 3.85373 -3.85373 1.00053
      vertex 4.41642 -4.41098 0
      vertex 4.41382 -4.41382 0
    endloop
  endfacet
  facet normal -0.578273 0.529887 -0.620339
    outer loop
      vertex 4.41642 -4.41098 0
      vertex 3.85373 -3.85373 1.00053
      vertex 4.11678 -3.56666 1.00053
    endloop
  endfacet
  facet normal -0.301169 0.724433 -0.620075
    outer loop
      vertex 2.13492 -5.86564 0
      vertex 2.22373 -4.97232 1.00053
      vertex 2.13848 -5.86416 0
    endloop
  endfacet
  facet normal -0.300149 0.724629 -0.620341
    outer loop
      vertex 2.22373 -4.97232 1.00053
      vertex 2.13492 -5.86564 0
      vertex 1.86401 -5.12132 1.00053
    endloop
  endfacet
  facet normal 0.748034 -0.235854 -0.620337
    outer loop
      vertex -5.23841 1.49267 1.00053
      vertex -6.02939 1.61557 0
      vertex -5.8668 2.13124 0
    endloop
  endfacet
  facet normal 0.748032 -0.235861 -0.620337
    outer loop
      vertex -5.2643 1.41056 1.00053
      vertex -6.02939 1.61557 0
      vertex -5.23841 1.49267 1.00053
    endloop
  endfacet
  facet normal -0.62225 -0.47748 -0.620338
    outer loop
      vertex 5.11087 3.58337 0
      vertex 4.17494 3.50319 1.00053
      vertex 4.78171 4.01233 0
    endloop
  endfacet
  facet normal -0.622248 -0.477482 -0.620337
    outer loop
      vertex 4.17494 3.50319 1.00053
      vertex 5.11087 3.58337 0
      vertex 4.22735 3.43489 1.00053
    endloop
  endfacet
  facet normal 0.578276 0.529885 -0.620338
    outer loop
      vertex -4.78171 -4.01233 0
      vertex -4.11678 -3.56666 1.00053
      vertex -4.41642 -4.41098 0
    endloop
  endfacet
  facet normal 0.57827 0.529891 -0.620337
    outer loop
      vertex -4.11678 -3.56666 1.00053
      vertex -4.78171 -4.01233 0
      vertex -4.17494 -3.50319 1.00053
    endloop
  endfacet
  facet normal 0.169065 0.765884 -0.620354
    outer loop
      vertex -1.08769 -6.14642 0
      vertex -0.946383 -5.3672 1.00053
      vertex -1.08393 -6.14725 0
    endloop
  endfacet
  facet normal 0.169757 0.765742 -0.62034
    outer loop
      vertex -0.946383 -5.3672 1.00053
      vertex -1.08769 -6.14642 0
      vertex -1.32651 -5.28293 1.00053
    endloop
  endfacet
  facet normal 0 0.788641 -0.614854
    outer loop
      vertex -0.946382 -5.3672 1.00053
      vertex -1.08393 -6.14725 0
      vertex -0.946383 -5.3672 1.00053
    endloop
  endfacet
  facet normal -0.777623 -0.102382 -0.62034
    outer loop
      vertex 6.21833 0.544033 0
      vertex 5.41802 0.560352 1.00053
      vertex 6.14775 1.08011 0
    endloop
  endfacet
  facet normal -0.777621 -0.102402 -0.620338
    outer loop
      vertex 6.21833 0.544033 0
      vertex 5.42926 0.474998 1.00053
      vertex 5.41802 0.560352 1.00053
    endloop
  endfacet
  facet normal 0.476283 -0.622831 -0.620674
    outer loop
      vertex -3.58031 5.11321 0
      vertex -3.43489 4.22735 1.00053
      vertex -3.58337 5.11087 0
    endloop
  endfacet
  facet normal 0.477477 -0.622253 -0.620335
    outer loop
      vertex -3.43489 4.22735 1.00053
      vertex -3.58031 5.11321 0
      vertex -3.12599 4.46438 1.00053
    endloop
  endfacet
  facet normal -0.777621 0.102402 -0.620338
    outer loop
      vertex 6.21833 -0.544033 0
      vertex 5.41802 -0.560352 1.00053
      vertex 5.42926 -0.474998 1.00053
    endloop
  endfacet
  facet normal -0.777623 0.102382 -0.62034
    outer loop
      vertex 5.41802 -0.560352 1.00053
      vertex 6.21833 -0.544033 0
      vertex 6.14775 -1.08011 0
    endloop
  endfacet
  facet normal -0.362234 -0.695679 -0.620336
    outer loop
      vertex 2.63802 5.65725 0
      vertex 2.37963 4.89962 1.00053
      vertex 2.30327 4.93938 1.00053
    endloop
  endfacet
  facet normal -0.362171 -0.695707 -0.620341
    outer loop
      vertex 2.37963 4.89962 1.00053
      vertex 2.63802 5.65725 0
      vertex 3.11762 5.40758 0
    endloop
  endfacet
  facet normal -0.724433 -0.301169 -0.620075
    outer loop
      vertex 5.86564 2.13492 0
      vertex 4.97232 2.22373 1.00053
      vertex 5.86416 2.13848 0
    endloop
  endfacet
  facet normal -0.724629 -0.300149 -0.620341
    outer loop
      vertex 4.97232 2.22373 1.00053
      vertex 5.86564 2.13492 0
      vertex 5.12132 1.86401 1.00053
    endloop
  endfacet
  facet normal 0.777621 0.102402 -0.620338
    outer loop
      vertex -5.41802 -0.560352 1.00053
      vertex -6.21833 -0.544033 0
      vertex -5.42926 -0.474998 1.00053
    endloop
  endfacet
  facet normal 0.777623 0.102382 -0.62034
    outer loop
      vertex -6.21833 -0.544033 0
      vertex -5.41802 -0.560352 1.00053
      vertex -6.14775 -1.08011 0
    endloop
  endfacet
  facet normal 0.724629 0.300149 -0.620341
    outer loop
      vertex -4.97232 -2.22373 1.00053
      vertex -5.86564 -2.13492 0
      vertex -5.12132 -1.86401 1.00053
    endloop
  endfacet
  facet normal 0.724433 0.301169 -0.620075
    outer loop
      vertex -5.86564 -2.13492 0
      vertex -4.97232 -2.22373 1.00053
      vertex -5.86416 -2.13848 0
    endloop
  endfacet
  facet normal 0.74805 -0.235798 -0.62034
    outer loop
      vertex -5.12132 1.86401 1.00053
      vertex -5.8668 2.13124 0
      vertex -5.86564 2.13492 0
    endloop
  endfacet
  facet normal 0.748027 -0.235866 -0.620341
    outer loop
      vertex -5.8668 2.13124 0
      vertex -5.12132 1.86401 1.00053
      vertex -5.23841 1.49267 1.00053
    endloop
  endfacet
  facet normal -0.102402 0.777621 -0.620338
    outer loop
      vertex 0.560352 -5.41802 1.00053
      vertex 0.544033 -6.21833 0
      vertex 0.474998 -5.42926 1.00053
    endloop
  endfacet
  facet normal -0.102382 0.777623 -0.62034
    outer loop
      vertex 0.544033 -6.21833 0
      vertex 0.560352 -5.41802 1.00053
      vertex 1.08011 -6.14775 0
    endloop
  endfacet
  facet normal 0.765751 -0.169732 -0.620336
    outer loop
      vertex -5.28293 1.32651 1.00053
      vertex -6.02939 1.61557 0
      vertex -5.2643 1.41056 1.00053
    endloop
  endfacet
  facet normal 0.765742 -0.169763 -0.620339
    outer loop
      vertex -6.02939 1.61557 0
      vertex -5.28293 1.32651 1.00053
      vertex -6.14642 1.08769 0
    endloop
  endfacet
  facet normal -0.362171 0.695707 -0.620341
    outer loop
      vertex 2.63802 -5.65725 0
      vertex 2.37963 -4.89962 1.00053
      vertex 3.11762 -5.40758 0
    endloop
  endfacet
  facet normal -0.362234 0.695679 -0.620336
    outer loop
      vertex 2.37963 -4.89962 1.00053
      vertex 2.63802 -5.65725 0
      vertex 2.30327 -4.93938 1.00053
    endloop
  endfacet
  facet normal -0.529628 0.578517 -0.620332
    outer loop
      vertex 4.41098 -4.41642 0
      vertex 3.85373 -3.85373 1.00053
      vertex 4.41382 -4.41382 0
    endloop
  endfacet
  facet normal -0.529887 0.578273 -0.620339
    outer loop
      vertex 3.85373 -3.85373 1.00053
      vertex 4.41098 -4.41642 0
      vertex 3.56666 -4.11678 1.00053
    endloop
  endfacet
  facet normal 0.300149 0.724629 -0.620341
    outer loop
      vertex -2.13492 -5.86564 0
      vertex -2.22373 -4.97232 1.00053
      vertex -1.86401 -5.12132 1.00053
    endloop
  endfacet
  facet normal 0.301169 0.724433 -0.620075
    outer loop
      vertex -2.22373 -4.97232 1.00053
      vertex -2.13492 -5.86564 0
      vertex -2.13848 -5.86416 0
    endloop
  endfacet
  facet normal 0.102402 0.777621 -0.620338
    outer loop
      vertex -0.544033 -6.21833 0
      vertex -0.560352 -5.41802 1.00053
      vertex -0.474998 -5.42926 1.00053
    endloop
  endfacet
  facet normal 0.102382 0.777623 -0.62034
    outer loop
      vertex -0.560352 -5.41802 1.00053
      vertex -0.544033 -6.21833 0
      vertex -1.08011 -6.14775 0
    endloop
  endfacet
  facet normal -0.748032 0.235861 -0.620337
    outer loop
      vertex 6.02939 -1.61557 0
      vertex 5.23841 -1.49267 1.00053
      vertex 5.2643 -1.41056 1.00053
    endloop
  endfacet
  facet normal -0.748034 0.235854 -0.620337
    outer loop
      vertex 5.23841 -1.49267 1.00053
      vertex 6.02939 -1.61557 0
      vertex 5.8668 -2.13124 0
    endloop
  endfacet
  facet normal -0.77771 -0.101795 -0.620326
    outer loop
      vertex 6.14775 1.08011 0
      vertex 5.3672 0.946382 1.00053
      vertex 6.14725 1.08393 0
    endloop
  endfacet
  facet normal -0.777626 -0.102373 -0.620337
    outer loop
      vertex 5.3672 0.946382 1.00053
      vertex 6.14775 1.08011 0
      vertex 5.41802 0.560352 1.00053
    endloop
  endfacet
  facet normal 0.622248 0.477482 -0.620337
    outer loop
      vertex -4.17494 -3.50319 1.00053
      vertex -5.11087 -3.58337 0
      vertex -4.22735 -3.43489 1.00053
    endloop
  endfacet
  facet normal 0.62225 0.47748 -0.620338
    outer loop
      vertex -5.11087 -3.58337 0
      vertex -4.17494 -3.50319 1.00053
      vertex -4.78171 -4.01233 0
    endloop
  endfacet
  facet normal -0.783589 0.0342196 -0.620337
    outer loop
      vertex 6.21833 -0.544033 0
      vertex 5.43302 -0.388989 1.00053
      vertex 6.24192 -0.00384946 0
    endloop
  endfacet
  facet normal -0.783585 0.0342555 -0.620339
    outer loop
      vertex 5.43302 -0.388989 1.00053
      vertex 6.21833 -0.544033 0
      vertex 5.42926 -0.474998 1.00053
    endloop
  endfacet
  facet normal -0.783632 0.0325711 -0.620371
    outer loop
      vertex 6.24192 -0.00384946 0
      vertex 5.45 0 1.00053
      vertex 6.24208 0 0
    endloop
  endfacet
  facet normal -0.783586 0.0342048 -0.620341
    outer loop
      vertex 5.45 0 1.00053
      vertex 6.24192 -0.00384946 0
      vertex 5.43302 -0.388989 1.00053
    endloop
  endfacet
  facet normal 0.788641 0 -0.614854
    outer loop
      vertex -5.3672 -0.946383 1.00053
      vertex -6.14725 -1.08393 0
      vertex -5.3672 -0.946382 1.00053
    endloop
  endfacet
  facet normal 0.765884 0.169065 -0.620354
    outer loop
      vertex -5.3672 -0.946383 1.00053
      vertex -6.14642 -1.08769 0
      vertex -6.14725 -1.08393 0
    endloop
  endfacet
  facet normal 0.765742 0.169757 -0.62034
    outer loop
      vertex -6.14642 -1.08769 0
      vertex -5.3672 -0.946383 1.00053
      vertex -5.28293 -1.32651 1.00053
    endloop
  endfacet
  facet normal -0.695707 -0.362171 -0.620341
    outer loop
      vertex 5.65725 2.63802 0
      vertex 4.89962 2.37963 1.00053
      vertex 5.40758 3.11762 0
    endloop
  endfacet
  facet normal -0.695679 -0.362234 -0.620336
    outer loop
      vertex 4.89962 2.37963 1.00053
      vertex 5.65725 2.63802 0
      vertex 4.93938 2.30327 1.00053
    endloop
  endfacet
  facet normal 0.765742 -0.169757 -0.62034
    outer loop
      vertex -5.3672 0.946383 1.00053
      vertex -6.14642 1.08769 0
      vertex -5.28293 1.32651 1.00053
    endloop
  endfacet
  facet normal 0.765884 -0.169065 -0.620354
    outer loop
      vertex -6.14642 1.08769 0
      vertex -5.3672 0.946383 1.00053
      vertex -6.14725 1.08393 0
    endloop
  endfacet
  facet normal 0.788641 0 -0.614854
    outer loop
      vertex -6.14725 1.08393 0
      vertex -5.3672 0.946383 1.00053
      vertex -5.3672 0.946382 1.00053
    endloop
  endfacet
  facet normal -0.661501 -0.421427 -0.620335
    outer loop
      vertex 5.40373 3.12429 0
      vertex 4.46438 3.12599 1.00053
      vertex 5.11321 3.58031 0
    endloop
  endfacet
  facet normal -0.661521 -0.421366 -0.620355
    outer loop
      vertex 4.46438 3.12599 1.00053
      vertex 5.40373 3.12429 0
      vertex 4.51063 3.05338 1.00053
    endloop
  endfacet
  facet normal -0.300149 -0.724629 -0.620341
    outer loop
      vertex 2.13492 5.86564 0
      vertex 2.22373 4.97232 1.00053
      vertex 1.86401 5.12132 1.00053
    endloop
  endfacet
  facet normal -0.301169 -0.724433 -0.620075
    outer loop
      vertex 2.22373 4.97232 1.00053
      vertex 2.13492 5.86564 0
      vertex 2.13848 5.86416 0
    endloop
  endfacet
  facet normal 0.62225 -0.47748 -0.620338
    outer loop
      vertex -4.17494 3.50319 1.00053
      vertex -5.11087 3.58337 0
      vertex -4.78171 4.01233 0
    endloop
  endfacet
  facet normal 0.622248 -0.477482 -0.620337
    outer loop
      vertex -5.11087 3.58337 0
      vertex -4.17494 3.50319 1.00053
      vertex -4.22735 3.43489 1.00053
    endloop
  endfacet
  facet normal -0.57827 -0.529891 -0.620337
    outer loop
      vertex 4.11678 3.56666 1.00053
      vertex 4.78171 4.01233 0
      vertex 4.17494 3.50319 1.00053
    endloop
  endfacet
  facet normal -0.578276 -0.529885 -0.620338
    outer loop
      vertex 4.78171 4.01233 0
      vertex 4.11678 3.56666 1.00053
      vertex 4.41642 4.41098 0
    endloop
  endfacet
  facet normal 0.695722 0.362153 -0.620336
    outer loop
      vertex -4.71984 -2.725 1.00053
      vertex -5.40758 -3.11762 0
      vertex -4.89962 -2.37963 1.00053
    endloop
  endfacet
  facet normal 0.695744 0.362112 -0.620335
    outer loop
      vertex -5.40758 -3.11762 0
      vertex -4.71984 -2.725 1.00053
      vertex -5.4058 -3.12104 0
    endloop
  endfacet
  facet normal -0.622831 -0.476283 -0.620674
    outer loop
      vertex 5.11321 3.58031 0
      vertex 4.22735 3.43489 1.00053
      vertex 5.11087 3.58337 0
    endloop
  endfacet
  facet normal -0.622253 -0.477477 -0.620335
    outer loop
      vertex 4.22735 3.43489 1.00053
      vertex 5.11321 3.58031 0
      vertex 4.46438 3.12599 1.00053
    endloop
  endfacet
  facet normal -0.102402 -0.777621 -0.620338
    outer loop
      vertex 0.544033 6.21833 0
      vertex 0.560352 5.41802 1.00053
      vertex 0.474998 5.42926 1.00053
    endloop
  endfacet
  facet normal -0.102382 -0.777623 -0.62034
    outer loop
      vertex 0.560352 5.41802 1.00053
      vertex 0.544033 6.21833 0
      vertex 1.08011 6.14775 0
    endloop
  endfacet
  facet normal 0.300097 0.724641 -0.620352
    outer loop
      vertex -2.13848 -5.86416 0
      vertex -2.30327 -4.93938 1.00053
      vertex -2.22373 -4.97232 1.00053
    endloop
  endfacet
  facet normal 0.300144 0.724634 -0.620338
    outer loop
      vertex -2.30327 -4.93938 1.00053
      vertex -2.13848 -5.86416 0
      vertex -2.63802 -5.65725 0
    endloop
  endfacet
  facet normal -0.421344 0.66153 -0.620361
    outer loop
      vertex 3.12104 -5.4058 0
      vertex 3.05338 -4.51063 1.00053
      vertex 3.12429 -5.40373 0
    endloop
  endfacet
  facet normal -0.421436 0.661495 -0.620336
    outer loop
      vertex 3.05338 -4.51063 1.00053
      vertex 3.12104 -5.4058 0
      vertex 2.725 -4.71984 1.00053
    endloop
  endfacet
  facet normal 0.765751 0.169732 -0.620336
    outer loop
      vertex -6.02939 -1.61557 0
      vertex -5.28293 -1.32651 1.00053
      vertex -5.2643 -1.41056 1.00053
    endloop
  endfacet
  facet normal 0.765742 0.169763 -0.620339
    outer loop
      vertex -5.28293 -1.32651 1.00053
      vertex -6.02939 -1.61557 0
      vertex -6.14642 -1.08769 0
    endloop
  endfacet
  facet normal 0.102373 0.777626 -0.620337
    outer loop
      vertex -1.08011 -6.14775 0
      vertex -0.946382 -5.3672 1.00053
      vertex -0.560352 -5.41802 1.00053
    endloop
  endfacet
  facet normal 0.101795 0.77771 -0.620326
    outer loop
      vertex -0.946382 -5.3672 1.00053
      vertex -1.08011 -6.14775 0
      vertex -1.08393 -6.14725 0
    endloop
  endfacet
  facet normal -0.0325711 -0.783632 -0.620371
    outer loop
      vertex 0.00384946 6.24192 0
      vertex 0 5.45 1.00053
      vertex 0 6.24208 0
    endloop
  endfacet
  facet normal -0.0342048 -0.783586 -0.620341
    outer loop
      vertex 0 5.45 1.00053
      vertex 0.00384946 6.24192 0
      vertex 0.388989 5.43302 1.00053
    endloop
  endfacet
  facet normal 0.421366 0.661521 -0.620355
    outer loop
      vertex -3.05338 -4.51063 1.00053
      vertex -3.12429 -5.40373 0
      vertex -3.12599 -4.46438 1.00053
    endloop
  endfacet
  facet normal 0.421427 0.661501 -0.620335
    outer loop
      vertex -3.58031 -5.11321 0
      vertex -3.12599 -4.46438 1.00053
      vertex -3.12429 -5.40373 0
    endloop
  endfacet
  facet normal 0.724641 0.300097 -0.620352
    outer loop
      vertex -4.93938 -2.30327 1.00053
      vertex -5.86416 -2.13848 0
      vertex -4.97232 -2.22373 1.00053
    endloop
  endfacet
  facet normal 0.724634 0.300144 -0.620338
    outer loop
      vertex -5.86416 -2.13848 0
      vertex -4.93938 -2.30327 1.00053
      vertex -5.65725 -2.63802 0
    endloop
  endfacet
  facet normal 0.695679 0.362234 -0.620336
    outer loop
      vertex -4.89962 -2.37963 1.00053
      vertex -5.65725 -2.63802 0
      vertex -4.93938 -2.30327 1.00053
    endloop
  endfacet
  facet normal 0.695707 0.362171 -0.620341
    outer loop
      vertex -5.65725 -2.63802 0
      vertex -4.89962 -2.37963 1.00053
      vertex -5.40758 -3.11762 0
    endloop
  endfacet
  facet normal -0.622248 0.477482 -0.620337
    outer loop
      vertex 5.11087 -3.58337 0
      vertex 4.17494 -3.50319 1.00053
      vertex 4.22735 -3.43489 1.00053
    endloop
  endfacet
  facet normal -0.62225 0.47748 -0.620338
    outer loop
      vertex 4.17494 -3.50319 1.00053
      vertex 5.11087 -3.58337 0
      vertex 4.78171 -4.01233 0
    endloop
  endfacet
  facet normal -0.695722 0.362153 -0.620336
    outer loop
      vertex 5.40758 -3.11762 0
      vertex 4.71984 -2.725 1.00053
      vertex 4.89962 -2.37963 1.00053
    endloop
  endfacet
  facet normal -0.695744 0.362112 -0.620335
    outer loop
      vertex 4.71984 -2.725 1.00053
      vertex 5.40758 -3.11762 0
      vertex 5.4058 -3.12104 0
    endloop
  endfacet
  facet normal -0.362153 -0.695722 -0.620336
    outer loop
      vertex 3.11762 5.40758 0
      vertex 2.725 4.71984 1.00053
      vertex 2.37963 4.89962 1.00053
    endloop
  endfacet
  facet normal -0.362112 -0.695744 -0.620335
    outer loop
      vertex 2.725 4.71984 1.00053
      vertex 3.11762 5.40758 0
      vertex 3.12104 5.4058 0
    endloop
  endfacet
  facet normal -0.695679 0.362234 -0.620336
    outer loop
      vertex 5.65725 -2.63802 0
      vertex 4.89962 -2.37963 1.00053
      vertex 4.93938 -2.30327 1.00053
    endloop
  endfacet
  facet normal -0.695707 0.362171 -0.620341
    outer loop
      vertex 4.89962 -2.37963 1.00053
      vertex 5.65725 -2.63802 0
      vertex 5.40758 -3.11762 0
    endloop
  endfacet
  facet normal -0.0342555 0.783585 -0.620339
    outer loop
      vertex 0.544033 -6.21833 0
      vertex 0.388989 -5.43302 1.00053
      vertex 0.474998 -5.42926 1.00053
    endloop
  endfacet
  facet normal -0.0342196 0.783589 -0.620337
    outer loop
      vertex 0.388989 -5.43302 1.00053
      vertex 0.544033 -6.21833 0
      vertex 0.00384946 -6.24192 0
    endloop
  endfacet
  facet normal 0.748032 0.235861 -0.620337
    outer loop
      vertex -5.23841 -1.49267 1.00053
      vertex -6.02939 -1.61557 0
      vertex -5.2643 -1.41056 1.00053
    endloop
  endfacet
  facet normal 0.748034 0.235854 -0.620337
    outer loop
      vertex -6.02939 -1.61557 0
      vertex -5.23841 -1.49267 1.00053
      vertex -5.8668 -2.13124 0
    endloop
  endfacet
  facet normal 0.777623 -0.102382 -0.62034
    outer loop
      vertex -5.41802 0.560352 1.00053
      vertex -6.21833 0.544033 0
      vertex -6.14775 1.08011 0
    endloop
  endfacet
  facet normal 0.777621 -0.102402 -0.620338
    outer loop
      vertex -5.42926 0.474998 1.00053
      vertex -6.21833 0.544033 0
      vertex -5.41802 0.560352 1.00053
    endloop
  endfacet
  facet normal -0.724634 -0.300144 -0.620338
    outer loop
      vertex 5.86416 2.13848 0
      vertex 4.93938 2.30327 1.00053
      vertex 5.65725 2.63802 0
    endloop
  endfacet
  facet normal -0.724641 -0.300097 -0.620352
    outer loop
      vertex 4.93938 2.30327 1.00053
      vertex 5.86416 2.13848 0
      vertex 4.97232 2.22373 1.00053
    endloop
  endfacet
  facet normal -0.724641 0.300097 -0.620352
    outer loop
      vertex 5.86416 -2.13848 0
      vertex 4.93938 -2.30327 1.00053
      vertex 4.97232 -2.22373 1.00053
    endloop
  endfacet
  facet normal -0.724634 0.300144 -0.620338
    outer loop
      vertex 4.93938 -2.30327 1.00053
      vertex 5.86416 -2.13848 0
      vertex 5.65725 -2.63802 0
    endloop
  endfacet
  facet normal -0.0342048 0.783586 -0.620341
    outer loop
      vertex 0.00384946 -6.24192 0
      vertex 0 -5.45 1.00053
      vertex 0.388989 -5.43302 1.00053
    endloop
  endfacet
  facet normal -0.0325711 0.783632 -0.620371
    outer loop
      vertex 0 -5.45 1.00053
      vertex 0.00384946 -6.24192 0
      vertex 0 -6.24208 0
    endloop
  endfacet
  facet normal -0.477482 -0.622248 -0.620337
    outer loop
      vertex 3.58337 5.11087 0
      vertex 3.50319 4.17494 1.00053
      vertex 3.43489 4.22735 1.00053
    endloop
  endfacet
  facet normal -0.47748 -0.62225 -0.620338
    outer loop
      vertex 3.50319 4.17494 1.00053
      vertex 3.58337 5.11087 0
      vertex 4.01233 4.78171 0
    endloop
  endfacet
  facet normal -0.788641 0 -0.614854
    outer loop
      vertex 6.14725 -1.08393 0
      vertex 5.3672 -0.946383 1.00053
      vertex 5.3672 -0.946382 1.00053
    endloop
  endfacet
  facet normal -0.765884 0.169065 -0.620354
    outer loop
      vertex 6.14642 -1.08769 0
      vertex 5.3672 -0.946383 1.00053
      vertex 6.14725 -1.08393 0
    endloop
  endfacet
  facet normal -0.765742 0.169757 -0.62034
    outer loop
      vertex 5.3672 -0.946383 1.00053
      vertex 6.14642 -1.08769 0
      vertex 5.28293 -1.32651 1.00053
    endloop
  endfacet
  facet normal -0.529885 -0.578276 -0.620338
    outer loop
      vertex 3.56666 4.11678 1.00053
      vertex 4.01233 4.78171 0
      vertex 4.41098 4.41642 0
    endloop
  endfacet
  facet normal -0.529891 -0.57827 -0.620337
    outer loop
      vertex 4.01233 4.78171 0
      vertex 3.56666 4.11678 1.00053
      vertex 3.50319 4.17494 1.00053
    endloop
  endfacet
  facet normal -0.661495 0.421436 -0.620336
    outer loop
      vertex 5.4058 -3.12104 0
      vertex 4.51063 -3.05338 1.00053
      vertex 4.71984 -2.725 1.00053
    endloop
  endfacet
  facet normal -0.66153 0.421344 -0.620361
    outer loop
      vertex 4.51063 -3.05338 1.00053
      vertex 5.4058 -3.12104 0
      vertex 5.40373 -3.12429 0
    endloop
  endfacet
  facet normal -0.661521 0.421366 -0.620355
    outer loop
      vertex 5.40373 -3.12429 0
      vertex 4.46438 -3.12599 1.00053
      vertex 4.51063 -3.05338 1.00053
    endloop
  endfacet
  facet normal -0.661501 0.421427 -0.620335
    outer loop
      vertex 5.11321 -3.58031 0
      vertex 4.46438 -3.12599 1.00053
      vertex 5.40373 -3.12429 0
    endloop
  endfacet
  facet normal 0.169763 0.765742 -0.620339
    outer loop
      vertex -1.61557 -6.02939 0
      vertex -1.32651 -5.28293 1.00053
      vertex -1.08769 -6.14642 0
    endloop
  endfacet
  facet normal 0.169732 0.765751 -0.620336
    outer loop
      vertex -1.32651 -5.28293 1.00053
      vertex -1.61557 -6.02939 0
      vertex -1.41056 -5.2643 1.00053
    endloop
  endfacet
  facet normal 0.529887 -0.578273 -0.620339
    outer loop
      vertex -3.85373 3.85373 1.00053
      vertex -4.41098 4.41642 0
      vertex -3.56666 4.11678 1.00053
    endloop
  endfacet
  facet normal 0.529628 -0.578517 -0.620332
    outer loop
      vertex -4.41098 4.41642 0
      vertex -3.85373 3.85373 1.00053
      vertex -4.41382 4.41382 0
    endloop
  endfacet
  facet normal -0.529885 0.578276 -0.620338
    outer loop
      vertex 4.01233 -4.78171 0
      vertex 3.56666 -4.11678 1.00053
      vertex 4.41098 -4.41642 0
    endloop
  endfacet
  facet normal -0.529891 0.57827 -0.620337
    outer loop
      vertex 3.56666 -4.11678 1.00053
      vertex 4.01233 -4.78171 0
      vertex 3.50319 -4.17494 1.00053
    endloop
  endfacet
  facet normal -0.235861 0.748032 -0.620337
    outer loop
      vertex 1.49267 -5.23841 1.00053
      vertex 1.61557 -6.02939 0
      vertex 1.41056 -5.2643 1.00053
    endloop
  endfacet
  facet normal -0.235854 0.748034 -0.620337
    outer loop
      vertex 1.61557 -6.02939 0
      vertex 1.49267 -5.23841 1.00053
      vertex 2.13124 -5.8668 0
    endloop
  endfacet
  facet normal 0.300144 -0.724634 -0.620338
    outer loop
      vertex -2.13848 5.86416 0
      vertex -2.30327 4.93938 1.00053
      vertex -2.63802 5.65725 0
    endloop
  endfacet
  facet normal 0.300097 -0.724641 -0.620352
    outer loop
      vertex -2.30327 4.93938 1.00053
      vertex -2.13848 5.86416 0
      vertex -2.22373 4.97232 1.00053
    endloop
  endfacet
  facet normal 0.362171 -0.695707 -0.620341
    outer loop
      vertex -2.63802 5.65725 0
      vertex -2.37963 4.89962 1.00053
      vertex -3.11762 5.40758 0
    endloop
  endfacet
  facet normal 0.362234 -0.695679 -0.620336
    outer loop
      vertex -2.37963 4.89962 1.00053
      vertex -2.63802 5.65725 0
      vertex -2.30327 4.93938 1.00053
    endloop
  endfacet
  facet normal -0.74805 -0.235798 -0.62034
    outer loop
      vertex 5.8668 2.13124 0
      vertex 5.12132 1.86401 1.00053
      vertex 5.86564 2.13492 0
    endloop
  endfacet
  facet normal -0.748027 -0.235866 -0.620341
    outer loop
      vertex 5.12132 1.86401 1.00053
      vertex 5.8668 2.13124 0
      vertex 5.23841 1.49267 1.00053
    endloop
  endfacet
  facet normal -0.421436 -0.661495 -0.620336
    outer loop
      vertex 3.12104 5.4058 0
      vertex 3.05338 4.51063 1.00053
      vertex 2.725 4.71984 1.00053
    endloop
  endfacet
  facet normal -0.421344 -0.66153 -0.620361
    outer loop
      vertex 3.05338 4.51063 1.00053
      vertex 3.12104 5.4058 0
      vertex 3.12429 5.40373 0
    endloop
  endfacet
  facet normal -0.777626 0.102373 -0.620337
    outer loop
      vertex 6.14775 -1.08011 0
      vertex 5.3672 -0.946382 1.00053
      vertex 5.41802 -0.560352 1.00053
    endloop
  endfacet
  facet normal -0.77771 0.101795 -0.620326
    outer loop
      vertex 5.3672 -0.946382 1.00053
      vertex 6.14775 -1.08011 0
      vertex 6.14725 -1.08393 0
    endloop
  endfacet
  facet normal 0.578273 -0.529887 -0.620339
    outer loop
      vertex -4.41642 4.41098 0
      vertex -3.85373 3.85373 1.00053
      vertex -4.11678 3.56666 1.00053
    endloop
  endfacet
  facet normal 0.578517 -0.529628 -0.620332
    outer loop
      vertex -3.85373 3.85373 1.00053
      vertex -4.41642 4.41098 0
      vertex -4.41382 4.41382 0
    endloop
  endfacet
  facet normal 0.724641 -0.300097 -0.620352
    outer loop
      vertex -5.86416 2.13848 0
      vertex -4.93938 2.30327 1.00053
      vertex -4.97232 2.22373 1.00053
    endloop
  endfacet
  facet normal 0.724634 -0.300144 -0.620338
    outer loop
      vertex -4.93938 2.30327 1.00053
      vertex -5.86416 2.13848 0
      vertex -5.65725 2.63802 0
    endloop
  endfacet
  facet normal 0.783585 -0.0342555 -0.620339
    outer loop
      vertex -5.43302 0.388989 1.00053
      vertex -6.21833 0.544033 0
      vertex -5.42926 0.474998 1.00053
    endloop
  endfacet
  facet normal 0.783589 -0.0342196 -0.620337
    outer loop
      vertex -6.21833 0.544033 0
      vertex -5.43302 0.388989 1.00053
      vertex -6.24192 0.00384946 0
    endloop
  endfacet
  facet normal 0.0342048 -0.783586 -0.620341
    outer loop
      vertex -0.00384946 6.24192 0
      vertex 0 5.45 1.00053
      vertex -0.388989 5.43302 1.00053
    endloop
  endfacet
  facet normal 0.0325711 -0.783632 -0.620371
    outer loop
      vertex 0 5.45 1.00053
      vertex -0.00384946 6.24192 0
      vertex 0 6.24208 0
    endloop
  endfacet
  facet normal 0.301169 -0.724433 -0.620075
    outer loop
      vertex -2.13492 5.86564 0
      vertex -2.22373 4.97232 1.00053
      vertex -2.13848 5.86416 0
    endloop
  endfacet
  facet normal 0.300149 -0.724629 -0.620341
    outer loop
      vertex -2.22373 4.97232 1.00053
      vertex -2.13492 5.86564 0
      vertex -1.86401 5.12132 1.00053
    endloop
  endfacet
  facet normal -0.300144 0.724634 -0.620338
    outer loop
      vertex 2.13848 -5.86416 0
      vertex 2.30327 -4.93938 1.00053
      vertex 2.63802 -5.65725 0
    endloop
  endfacet
  facet normal -0.300097 0.724641 -0.620352
    outer loop
      vertex 2.30327 -4.93938 1.00053
      vertex 2.13848 -5.86416 0
      vertex 2.22373 -4.97232 1.00053
    endloop
  endfacet
  facet normal 0.101795 -0.77771 -0.620326
    outer loop
      vertex -1.08011 6.14775 0
      vertex -0.946382 5.3672 1.00053
      vertex -1.08393 6.14725 0
    endloop
  endfacet
  facet normal 0.102373 -0.777626 -0.620337
    outer loop
      vertex -0.946382 5.3672 1.00053
      vertex -1.08011 6.14775 0
      vertex -0.560352 5.41802 1.00053
    endloop
  endfacet
  facet normal 0.235798 -0.74805 -0.62034
    outer loop
      vertex -2.13124 5.8668 0
      vertex -1.86401 5.12132 1.00053
      vertex -2.13492 5.86564 0
    endloop
  endfacet
  facet normal 0.235866 -0.748027 -0.620341
    outer loop
      vertex -1.86401 5.12132 1.00053
      vertex -2.13124 5.8668 0
      vertex -1.49267 5.23841 1.00053
    endloop
  endfacet
  facet normal 0.47748 -0.62225 -0.620338
    outer loop
      vertex -3.58337 5.11087 0
      vertex -3.50319 4.17494 1.00053
      vertex -4.01233 4.78171 0
    endloop
  endfacet
  facet normal 0.477482 -0.622248 -0.620337
    outer loop
      vertex -3.50319 4.17494 1.00053
      vertex -3.58337 5.11087 0
      vertex -3.43489 4.22735 1.00053
    endloop
  endfacet
  facet normal 0.66153 -0.421344 -0.620361
    outer loop
      vertex -4.51063 3.05338 1.00053
      vertex -5.4058 3.12104 0
      vertex -5.40373 3.12429 0
    endloop
  endfacet
  facet normal 0.661495 -0.421436 -0.620336
    outer loop
      vertex -5.4058 3.12104 0
      vertex -4.51063 3.05338 1.00053
      vertex -4.71984 2.725 1.00053
    endloop
  endfacet
  facet normal 0.529891 0.57827 -0.620337
    outer loop
      vertex -4.01233 -4.78171 0
      vertex -3.56666 -4.11678 1.00053
      vertex -3.50319 -4.17494 1.00053
    endloop
  endfacet
  facet normal 0.529885 0.578276 -0.620338
    outer loop
      vertex -3.56666 -4.11678 1.00053
      vertex -4.01233 -4.78171 0
      vertex -4.41098 -4.41642 0
    endloop
  endfacet
  facet normal 0.529887 0.578273 -0.620339
    outer loop
      vertex -4.41098 -4.41642 0
      vertex -3.85373 -3.85373 1.00053
      vertex -3.56666 -4.11678 1.00053
    endloop
  endfacet
  facet normal 0.529628 0.578517 -0.620332
    outer loop
      vertex -3.85373 -3.85373 1.00053
      vertex -4.41098 -4.41642 0
      vertex -4.41382 -4.41382 0
    endloop
  endfacet
  facet normal 0.0342196 0.783589 -0.620337
    outer loop
      vertex -0.544033 -6.21833 0
      vertex -0.388989 -5.43302 1.00053
      vertex -0.00384946 -6.24192 0
    endloop
  endfacet
  facet normal 0.0342555 0.783585 -0.620339
    outer loop
      vertex -0.388989 -5.43302 1.00053
      vertex -0.544033 -6.21833 0
      vertex -0.474998 -5.42926 1.00053
    endloop
  endfacet
  facet normal 0.0325711 0.783632 -0.620371
    outer loop
      vertex -0.00384946 -6.24192 0
      vertex 0 -5.45 1.00053
      vertex 0 -6.24208 0
    endloop
  endfacet
  facet normal 0.0342048 0.783586 -0.620341
    outer loop
      vertex 0 -5.45 1.00053
      vertex -0.00384946 -6.24192 0
      vertex -0.388989 -5.43302 1.00053
    endloop
  endfacet
  facet normal 0.57827 -0.529891 -0.620337
    outer loop
      vertex -4.78171 4.01233 0
      vertex -4.11678 3.56666 1.00053
      vertex -4.17494 3.50319 1.00053
    endloop
  endfacet
  facet normal 0.578276 -0.529885 -0.620338
    outer loop
      vertex -4.11678 3.56666 1.00053
      vertex -4.78171 4.01233 0
      vertex -4.41642 4.41098 0
    endloop
  endfacet
  facet normal -0.477482 0.622248 -0.620337
    outer loop
      vertex 3.50319 -4.17494 1.00053
      vertex 3.58337 -5.11087 0
      vertex 3.43489 -4.22735 1.00053
    endloop
  endfacet
  facet normal -0.47748 0.62225 -0.620338
    outer loop
      vertex 3.58337 -5.11087 0
      vertex 3.50319 -4.17494 1.00053
      vertex 4.01233 -4.78171 0
    endloop
  endfacet
  facet normal 0.477482 0.622248 -0.620337
    outer loop
      vertex -3.58337 -5.11087 0
      vertex -3.50319 -4.17494 1.00053
      vertex -3.43489 -4.22735 1.00053
    endloop
  endfacet
  facet normal 0.47748 0.62225 -0.620338
    outer loop
      vertex -3.50319 -4.17494 1.00053
      vertex -3.58337 -5.11087 0
      vertex -4.01233 -4.78171 0
    endloop
  endfacet
  facet normal 0.169757 -0.765742 -0.62034
    outer loop
      vertex -1.32651 5.28293 1.00053
      vertex -1.08769 6.14642 0
      vertex -0.946383 5.3672 1.00053
    endloop
  endfacet
  facet normal 0.169065 -0.765884 -0.620354
    outer loop
      vertex -1.08393 6.14725 0
      vertex -0.946383 5.3672 1.00053
      vertex -1.08769 6.14642 0
    endloop
  endfacet
  facet normal 0 -0.788641 -0.614854
    outer loop
      vertex -0.946383 5.3672 1.00053
      vertex -1.08393 6.14725 0
      vertex -0.946382 5.3672 1.00053
    endloop
  endfacet
  facet normal 0.421436 0.661495 -0.620336
    outer loop
      vertex -3.12104 -5.4058 0
      vertex -3.05338 -4.51063 1.00053
      vertex -2.725 -4.71984 1.00053
    endloop
  endfacet
  facet normal 0.421344 0.66153 -0.620361
    outer loop
      vertex -3.05338 -4.51063 1.00053
      vertex -3.12104 -5.4058 0
      vertex -3.12429 -5.40373 0
    endloop
  endfacet
  facet normal 0.362112 -0.695744 -0.620335
    outer loop
      vertex -3.11762 5.40758 0
      vertex -2.725 4.71984 1.00053
      vertex -3.12104 5.4058 0
    endloop
  endfacet
  facet normal 0.362153 -0.695722 -0.620336
    outer loop
      vertex -2.725 4.71984 1.00053
      vertex -3.11762 5.40758 0
      vertex -2.37963 4.89962 1.00053
    endloop
  endfacet
  facet normal 0.661495 0.421436 -0.620336
    outer loop
      vertex -4.51063 -3.05338 1.00053
      vertex -5.4058 -3.12104 0
      vertex -4.71984 -2.725 1.00053
    endloop
  endfacet
  facet normal 0.66153 0.421344 -0.620361
    outer loop
      vertex -5.4058 -3.12104 0
      vertex -4.51063 -3.05338 1.00053
      vertex -5.40373 -3.12429 0
    endloop
  endfacet
  facet normal 0.169732 -0.765751 -0.620336
    outer loop
      vertex -1.61557 6.02939 0
      vertex -1.32651 5.28293 1.00053
      vertex -1.41056 5.2643 1.00053
    endloop
  endfacet
  facet normal 0.169763 -0.765742 -0.620339
    outer loop
      vertex -1.32651 5.28293 1.00053
      vertex -1.61557 6.02939 0
      vertex -1.08769 6.14642 0
    endloop
  endfacet
  facet normal 0.235866 0.748027 -0.620341
    outer loop
      vertex -2.13124 -5.8668 0
      vertex -1.86401 -5.12132 1.00053
      vertex -1.49267 -5.23841 1.00053
    endloop
  endfacet
  facet normal 0.235798 0.74805 -0.62034
    outer loop
      vertex -1.86401 -5.12132 1.00053
      vertex -2.13124 -5.8668 0
      vertex -2.13492 -5.86564 0
    endloop
  endfacet
  facet normal 0.529891 -0.57827 -0.620337
    outer loop
      vertex -3.56666 4.11678 1.00053
      vertex -4.01233 4.78171 0
      vertex -3.50319 4.17494 1.00053
    endloop
  endfacet
  facet normal 0.529885 -0.578276 -0.620338
    outer loop
      vertex -4.01233 4.78171 0
      vertex -3.56666 4.11678 1.00053
      vertex -4.41098 4.41642 0
    endloop
  endfacet
  facet normal 0.362234 0.695679 -0.620336
    outer loop
      vertex -2.63802 -5.65725 0
      vertex -2.37963 -4.89962 1.00053
      vertex -2.30327 -4.93938 1.00053
    endloop
  endfacet
  facet normal 0.362171 0.695707 -0.620341
    outer loop
      vertex -2.37963 -4.89962 1.00053
      vertex -2.63802 -5.65725 0
      vertex -3.11762 -5.40758 0
    endloop
  endfacet
  facet normal 0.421427 -0.661501 -0.620335
    outer loop
      vertex -3.12429 5.40373 0
      vertex -3.12599 4.46438 1.00053
      vertex -3.58031 5.11321 0
    endloop
  endfacet
  facet normal 0.421366 -0.661521 -0.620355
    outer loop
      vertex -3.12599 4.46438 1.00053
      vertex -3.12429 5.40373 0
      vertex -3.05338 4.51063 1.00053
    endloop
  endfacet
  facet normal 0.724433 -0.301169 -0.620075
    outer loop
      vertex -4.97232 2.22373 1.00053
      vertex -5.86564 2.13492 0
      vertex -5.86416 2.13848 0
    endloop
  endfacet
  facet normal 0.724629 -0.300149 -0.620341
    outer loop
      vertex -5.86564 2.13492 0
      vertex -4.97232 2.22373 1.00053
      vertex -5.12132 1.86401 1.00053
    endloop
  endfacet
  facet normal 0.661501 -0.421427 -0.620335
    outer loop
      vertex -4.46438 3.12599 1.00053
      vertex -5.40373 3.12429 0
      vertex -5.11321 3.58031 0
    endloop
  endfacet
  facet normal 0.661521 -0.421366 -0.620355
    outer loop
      vertex -5.40373 3.12429 0
      vertex -4.46438 3.12599 1.00053
      vertex -4.51063 3.05338 1.00053
    endloop
  endfacet
  facet normal 0.362153 0.695722 -0.620336
    outer loop
      vertex -3.11762 -5.40758 0
      vertex -2.725 -4.71984 1.00053
      vertex -2.37963 -4.89962 1.00053
    endloop
  endfacet
  facet normal 0.362112 0.695744 -0.620335
    outer loop
      vertex -2.725 -4.71984 1.00053
      vertex -3.11762 -5.40758 0
      vertex -3.12104 -5.4058 0
    endloop
  endfacet
  facet normal -0.362112 0.695744 -0.620335
    outer loop
      vertex 3.11762 -5.40758 0
      vertex 2.725 -4.71984 1.00053
      vertex 3.12104 -5.4058 0
    endloop
  endfacet
  facet normal -0.362153 0.695722 -0.620336
    outer loop
      vertex 2.725 -4.71984 1.00053
      vertex 3.11762 -5.40758 0
      vertex 2.37963 -4.89962 1.00053
    endloop
  endfacet
  facet normal -0.421427 0.661501 -0.620335
    outer loop
      vertex 3.12429 -5.40373 0
      vertex 3.12599 -4.46438 1.00053
      vertex 3.58031 -5.11321 0
    endloop
  endfacet
  facet normal -0.421366 0.661521 -0.620355
    outer loop
      vertex 3.12599 -4.46438 1.00053
      vertex 3.12429 -5.40373 0
      vertex 3.05338 -4.51063 1.00053
    endloop
  endfacet
  facet normal -0.578276 0.529885 -0.620338
    outer loop
      vertex 4.11678 -3.56666 1.00053
      vertex 4.78171 -4.01233 0
      vertex 4.41642 -4.41098 0
    endloop
  endfacet
  facet normal -0.57827 0.529891 -0.620337
    outer loop
      vertex 4.78171 -4.01233 0
      vertex 4.11678 -3.56666 1.00053
      vertex 4.17494 -3.50319 1.00053
    endloop
  endfacet
  facet normal 0.77771 -0.101795 -0.620326
    outer loop
      vertex -5.3672 0.946382 1.00053
      vertex -6.14775 1.08011 0
      vertex -6.14725 1.08393 0
    endloop
  endfacet
  facet normal 0.777626 -0.102373 -0.620337
    outer loop
      vertex -6.14775 1.08011 0
      vertex -5.3672 0.946382 1.00053
      vertex -5.41802 0.560352 1.00053
    endloop
  endfacet
  facet normal -0.622253 0.477477 -0.620335
    outer loop
      vertex 5.11321 -3.58031 0
      vertex 4.22735 -3.43489 1.00053
      vertex 4.46438 -3.12599 1.00053
    endloop
  endfacet
  facet normal -0.622831 0.476283 -0.620674
    outer loop
      vertex 4.22735 -3.43489 1.00053
      vertex 5.11321 -3.58031 0
      vertex 5.11087 -3.58337 0
    endloop
  endfacet
  facet normal 0.477477 0.622253 -0.620335
    outer loop
      vertex -3.58031 -5.11321 0
      vertex -3.43489 -4.22735 1.00053
      vertex -3.12599 -4.46438 1.00053
    endloop
  endfacet
  facet normal 0.476283 0.622831 -0.620674
    outer loop
      vertex -3.43489 -4.22735 1.00053
      vertex -3.58031 -5.11321 0
      vertex -3.58337 -5.11087 0
    endloop
  endfacet
  facet normal 0.661521 0.421366 -0.620355
    outer loop
      vertex -4.46438 -3.12599 1.00053
      vertex -5.40373 -3.12429 0
      vertex -4.51063 -3.05338 1.00053
    endloop
  endfacet
  facet normal 0.661501 0.421427 -0.620335
    outer loop
      vertex -4.46438 -3.12599 1.00053
      vertex -5.11321 -3.58031 0
      vertex -5.40373 -3.12429 0
    endloop
  endfacet
  facet normal 0.622253 0.477477 -0.620335
    outer loop
      vertex -4.22735 -3.43489 1.00053
      vertex -5.11321 -3.58031 0
      vertex -4.46438 -3.12599 1.00053
    endloop
  endfacet
  facet normal 0.622831 0.476283 -0.620674
    outer loop
      vertex -5.11321 -3.58031 0
      vertex -4.22735 -3.43489 1.00053
      vertex -5.11087 -3.58337 0
    endloop
  endfacet
  facet normal 0.695744 -0.362112 -0.620335
    outer loop
      vertex -4.71984 2.725 1.00053
      vertex -5.40758 3.11762 0
      vertex -5.4058 3.12104 0
    endloop
  endfacet
  facet normal 0.695722 -0.362153 -0.620336
    outer loop
      vertex -5.40758 3.11762 0
      vertex -4.71984 2.725 1.00053
      vertex -4.89962 2.37963 1.00053
    endloop
  endfacet
endsolid OpenSCAD_Model
