solid OpenSCAD_Model
  facet normal -0.737269 0.675599 0
    outer loop
      vertex -3.83022 3.21394 77.35
      vertex -3.53553 3.53553 85.34
      vertex -3.53553 3.53553 77.35
    endloop
  endfacet
  facet normal -0.737269 0.675599 0
    outer loop
      vertex -3.53553 3.53553 85.34
      vertex -3.83022 3.21394 77.35
      vertex -3.83022 3.21394 85.34
    endloop
  endfacet
  facet normal -0.737269 0.675599 0
    outer loop
      vertex -3.83022 3.21394 11.5
      vertex -3.53553 3.53553 65.35
      vertex -3.53553 3.53553 11.5
    endloop
  endfacet
  facet normal -0.737269 0.675599 0
    outer loop
      vertex -3.53553 3.53553 65.35
      vertex -3.83022 3.21394 11.5
      vertex -3.83022 3.21394 65.35
    endloop
  endfacet
  facet normal 0.991446 0.130516 0
    outer loop
      vertex 4.98097 0.435779 85.34
      vertex 4.92404 0.86824 77.35
      vertex 4.92404 0.86824 85.34
    endloop
  endfacet
  facet normal 0.991446 0.130516 0
    outer loop
      vertex 4.92404 0.86824 77.35
      vertex 4.98097 0.435779 85.34
      vertex 4.98097 0.435779 77.35
    endloop
  endfacet
  facet normal 0.991446 0.130516 0
    outer loop
      vertex 4.98097 0.435779 65.35
      vertex 4.92404 0.86824 11.5
      vertex 4.92404 0.86824 65.35
    endloop
  endfacet
  facet normal 0.991446 0.130516 0
    outer loop
      vertex 4.92404 0.86824 11.5
      vertex 4.98097 0.435779 65.35
      vertex 4.98097 0.435779 11.5
    endloop
  endfacet
  facet normal 0.999048 0.0436273 0
    outer loop
      vertex 5 0 85.34
      vertex 4.98097 0.435779 77.35
      vertex 4.98097 0.435779 85.34
    endloop
  endfacet
  facet normal 0.999048 0.0436273 0
    outer loop
      vertex 4.98097 0.435779 77.35
      vertex 5 0 85.34
      vertex 5 0 77.35
    endloop
  endfacet
  facet normal 0.999048 0.0436273 0
    outer loop
      vertex 5 0 65.35
      vertex 4.98097 0.435779 11.5
      vertex 4.98097 0.435779 65.35
    endloop
  endfacet
  facet normal 0.999048 0.0436273 0
    outer loop
      vertex 4.98097 0.435779 11.5
      vertex 5 0 65.35
      vertex 5 0 11.5
    endloop
  endfacet
  facet normal 0.976296 0.216438 0
    outer loop
      vertex 4.92404 0.86824 85.34
      vertex 4.82963 1.2941 77.35
      vertex 4.82963 1.2941 85.34
    endloop
  endfacet
  facet normal 0.976296 0.216438 0
    outer loop
      vertex 4.82963 1.2941 77.35
      vertex 4.92404 0.86824 85.34
      vertex 4.92404 0.86824 77.35
    endloop
  endfacet
  facet normal 0.976296 0.216438 0
    outer loop
      vertex 4.92404 0.86824 65.35
      vertex 4.82963 1.2941 11.5
      vertex 4.82963 1.2941 65.35
    endloop
  endfacet
  facet normal 0.976296 0.216438 0
    outer loop
      vertex 4.82963 1.2941 11.5
      vertex 4.92404 0.86824 65.35
      vertex 4.92404 0.86824 11.5
    endloop
  endfacet
  facet normal -0.130516 0.991446 0
    outer loop
      vertex -0.435779 4.98097 77.35
      vertex -0.86824 4.92404 85.34
      vertex -0.435779 4.98097 85.34
    endloop
  endfacet
  facet normal -0.130516 0.991446 0
    outer loop
      vertex -0.86824 4.92404 85.34
      vertex -0.435779 4.98097 77.35
      vertex -0.86824 4.92404 77.35
    endloop
  endfacet
  facet normal -0.130516 0.991446 0
    outer loop
      vertex -0.435779 4.98097 11.5
      vertex -0.86824 4.92404 65.35
      vertex -0.435779 4.98097 65.35
    endloop
  endfacet
  facet normal -0.130516 0.991446 0
    outer loop
      vertex -0.86824 4.92404 65.35
      vertex -0.435779 4.98097 11.5
      vertex -0.86824 4.92404 11.5
    endloop
  endfacet
  facet normal -0.953713 -0.300718 0
    outer loop
      vertex -4.69846 -1.7101 77.35
      vertex -4.82963 -1.2941 85.34
      vertex -4.82963 -1.2941 77.35
    endloop
  endfacet
  facet normal -0.953713 -0.300718 0
    outer loop
      vertex -4.82963 -1.2941 85.34
      vertex -4.69846 -1.7101 77.35
      vertex -4.69846 -1.7101 85.34
    endloop
  endfacet
  facet normal -0.953713 -0.300718 0
    outer loop
      vertex -4.69846 -1.7101 11.5
      vertex -4.82963 -1.2941 65.35
      vertex -4.82963 -1.2941 11.5
    endloop
  endfacet
  facet normal -0.953713 -0.300718 0
    outer loop
      vertex -4.82963 -1.2941 65.35
      vertex -4.69846 -1.7101 11.5
      vertex -4.69846 -1.7101 65.35
    endloop
  endfacet
  facet normal -0.537307 -0.843387 0
    outer loop
      vertex -2.86788 -4.09576 77.35
      vertex -2.5 -4.33013 85.34
      vertex -2.86788 -4.09576 85.34
    endloop
  endfacet
  facet normal -0.537307 -0.843387 -0
    outer loop
      vertex -2.5 -4.33013 85.34
      vertex -2.86788 -4.09576 77.35
      vertex -2.5 -4.33013 77.35
    endloop
  endfacet
  facet normal -0.537307 -0.843387 0
    outer loop
      vertex -2.86788 -4.09576 11.5
      vertex -2.5 -4.33013 65.35
      vertex -2.86788 -4.09576 65.35
    endloop
  endfacet
  facet normal -0.537307 -0.843387 -0
    outer loop
      vertex -2.5 -4.33013 65.35
      vertex -2.86788 -4.09576 11.5
      vertex -2.5 -4.33013 11.5
    endloop
  endfacet
  facet normal 0.382676 -0.923883 0
    outer loop
      vertex 1.7101 -4.69846 77.35
      vertex 2.11309 -4.53154 85.34
      vertex 1.7101 -4.69846 85.34
    endloop
  endfacet
  facet normal 0.382676 -0.923883 0
    outer loop
      vertex 2.11309 -4.53154 85.34
      vertex 1.7101 -4.69846 77.35
      vertex 2.11309 -4.53154 77.35
    endloop
  endfacet
  facet normal 0.382676 -0.923883 0
    outer loop
      vertex 1.7101 -4.69846 11.5
      vertex 2.11309 -4.53154 65.35
      vertex 1.7101 -4.69846 65.35
    endloop
  endfacet
  facet normal 0.382676 -0.923883 0
    outer loop
      vertex 2.11309 -4.53154 65.35
      vertex 1.7101 -4.69846 11.5
      vertex 2.11309 -4.53154 11.5
    endloop
  endfacet
  facet normal 0.216438 -0.976296 0
    outer loop
      vertex 0.86824 -4.92404 77.35
      vertex 1.2941 -4.82963 85.34
      vertex 0.86824 -4.92404 85.34
    endloop
  endfacet
  facet normal 0.216438 -0.976296 0
    outer loop
      vertex 1.2941 -4.82963 85.34
      vertex 0.86824 -4.92404 77.35
      vertex 1.2941 -4.82963 77.35
    endloop
  endfacet
  facet normal 0.216438 -0.976296 0
    outer loop
      vertex 0.86824 -4.92404 11.5
      vertex 1.2941 -4.82963 65.35
      vertex 0.86824 -4.92404 65.35
    endloop
  endfacet
  facet normal 0.216438 -0.976296 0
    outer loop
      vertex 1.2941 -4.82963 65.35
      vertex 0.86824 -4.92404 11.5
      vertex 1.2941 -4.82963 11.5
    endloop
  endfacet
  facet normal 0.130516 0.991446 -0
    outer loop
      vertex 0.86824 4.92404 77.35
      vertex 0.435779 4.98097 85.34
      vertex 0.86824 4.92404 85.34
    endloop
  endfacet
  facet normal 0.130516 0.991446 0
    outer loop
      vertex 0.435779 4.98097 85.34
      vertex 0.86824 4.92404 77.35
      vertex 0.435779 4.98097 77.35
    endloop
  endfacet
  facet normal 0.130516 0.991446 -0
    outer loop
      vertex 0.86824 4.92404 11.5
      vertex 0.435779 4.98097 65.35
      vertex 0.86824 4.92404 65.35
    endloop
  endfacet
  facet normal 0.130516 0.991446 0
    outer loop
      vertex 0.435779 4.98097 65.35
      vertex 0.86824 4.92404 11.5
      vertex 0.435779 4.98097 11.5
    endloop
  endfacet
  facet normal -0.953713 0.300718 0
    outer loop
      vertex -4.82963 1.2941 77.35
      vertex -4.69846 1.7101 85.34
      vertex -4.69846 1.7101 77.35
    endloop
  endfacet
  facet normal -0.953713 0.300718 0
    outer loop
      vertex -4.69846 1.7101 85.34
      vertex -4.82963 1.2941 77.35
      vertex -4.82963 1.2941 85.34
    endloop
  endfacet
  facet normal -0.953713 0.300718 0
    outer loop
      vertex -4.82963 1.2941 11.5
      vertex -4.69846 1.7101 65.35
      vertex -4.69846 1.7101 11.5
    endloop
  endfacet
  facet normal -0.953713 0.300718 0
    outer loop
      vertex -4.69846 1.7101 65.35
      vertex -4.82963 1.2941 11.5
      vertex -4.82963 1.2941 65.35
    endloop
  endfacet
  facet normal 0.0436273 -0.999048 0
    outer loop
      vertex 0 -5 77.35
      vertex 0.435779 -4.98097 85.34
      vertex 0 -5 85.34
    endloop
  endfacet
  facet normal 0.0436273 -0.999048 0
    outer loop
      vertex 0.435779 -4.98097 85.34
      vertex 0 -5 77.35
      vertex 0.435779 -4.98097 77.35
    endloop
  endfacet
  facet normal 0.0436273 -0.999048 0
    outer loop
      vertex 0 -5 11.5
      vertex 0.435779 -4.98097 65.35
      vertex 0 -5 65.35
    endloop
  endfacet
  facet normal 0.0436273 -0.999048 0
    outer loop
      vertex 0.435779 -4.98097 65.35
      vertex 0 -5 11.5
      vertex 0.435779 -4.98097 11.5
    endloop
  endfacet
  facet normal -0.60876 -0.793355 0
    outer loop
      vertex -3.21394 -3.83022 77.35
      vertex -2.86788 -4.09576 85.34
      vertex -3.21394 -3.83022 85.34
    endloop
  endfacet
  facet normal -0.60876 -0.793355 -0
    outer loop
      vertex -2.86788 -4.09576 85.34
      vertex -3.21394 -3.83022 77.35
      vertex -2.86788 -4.09576 77.35
    endloop
  endfacet
  facet normal -0.60876 -0.793355 0
    outer loop
      vertex -3.21394 -3.83022 11.5
      vertex -2.86788 -4.09576 65.35
      vertex -3.21394 -3.83022 65.35
    endloop
  endfacet
  facet normal -0.60876 -0.793355 -0
    outer loop
      vertex -2.86788 -4.09576 65.35
      vertex -3.21394 -3.83022 11.5
      vertex -2.86788 -4.09576 11.5
    endloop
  endfacet
  facet normal 0.216438 0.976296 -0
    outer loop
      vertex 1.2941 4.82963 77.35
      vertex 0.86824 4.92404 85.34
      vertex 1.2941 4.82963 85.34
    endloop
  endfacet
  facet normal 0.216438 0.976296 0
    outer loop
      vertex 0.86824 4.92404 85.34
      vertex 1.2941 4.82963 77.35
      vertex 0.86824 4.92404 77.35
    endloop
  endfacet
  facet normal 0.216438 0.976296 -0
    outer loop
      vertex 1.2941 4.82963 11.5
      vertex 0.86824 4.92404 65.35
      vertex 1.2941 4.82963 65.35
    endloop
  endfacet
  facet normal 0.216438 0.976296 0
    outer loop
      vertex 0.86824 4.92404 65.35
      vertex 1.2941 4.82963 11.5
      vertex 0.86824 4.92404 11.5
    endloop
  endfacet
  facet normal 0.923883 0.382676 0
    outer loop
      vertex 4.69846 1.7101 85.34
      vertex 4.53154 2.11309 77.35
      vertex 4.53154 2.11309 85.34
    endloop
  endfacet
  facet normal 0.923883 0.382676 0
    outer loop
      vertex 4.53154 2.11309 77.35
      vertex 4.69846 1.7101 85.34
      vertex 4.69846 1.7101 77.35
    endloop
  endfacet
  facet normal 0.923883 0.382676 0
    outer loop
      vertex 4.69846 1.7101 65.35
      vertex 4.53154 2.11309 11.5
      vertex 4.53154 2.11309 65.35
    endloop
  endfacet
  facet normal 0.923883 0.382676 0
    outer loop
      vertex 4.53154 2.11309 11.5
      vertex 4.69846 1.7101 65.35
      vertex 4.69846 1.7101 11.5
    endloop
  endfacet
  facet normal 0.675599 0.737269 -0
    outer loop
      vertex 3.53553 3.53553 77.35
      vertex 3.21394 3.83022 85.34
      vertex 3.53553 3.53553 85.34
    endloop
  endfacet
  facet normal 0.675599 0.737269 0
    outer loop
      vertex 3.21394 3.83022 85.34
      vertex 3.53553 3.53553 77.35
      vertex 3.21394 3.83022 77.35
    endloop
  endfacet
  facet normal 0.675599 0.737269 -0
    outer loop
      vertex 3.53553 3.53553 11.5
      vertex 3.21394 3.83022 65.35
      vertex 3.53553 3.53553 65.35
    endloop
  endfacet
  facet normal 0.675599 0.737269 0
    outer loop
      vertex 3.21394 3.83022 65.35
      vertex 3.53553 3.53553 11.5
      vertex 3.21394 3.83022 11.5
    endloop
  endfacet
  facet normal 0.737269 -0.675599 0
    outer loop
      vertex 3.53553 -3.53553 85.34
      vertex 3.83022 -3.21394 77.35
      vertex 3.83022 -3.21394 85.34
    endloop
  endfacet
  facet normal 0.737269 -0.675599 0
    outer loop
      vertex 3.83022 -3.21394 77.35
      vertex 3.53553 -3.53553 85.34
      vertex 3.53553 -3.53553 77.35
    endloop
  endfacet
  facet normal 0.737269 -0.675599 0
    outer loop
      vertex 3.53553 -3.53553 65.35
      vertex 3.83022 -3.21394 11.5
      vertex 3.83022 -3.21394 65.35
    endloop
  endfacet
  facet normal 0.737269 -0.675599 0
    outer loop
      vertex 3.83022 -3.21394 11.5
      vertex 3.53553 -3.53553 65.35
      vertex 3.53553 -3.53553 11.5
    endloop
  endfacet
  facet normal -0.0436273 -0.999048 0
    outer loop
      vertex -0.435779 -4.98097 77.35
      vertex 0 -5 85.34
      vertex -0.435779 -4.98097 85.34
    endloop
  endfacet
  facet normal -0.0436273 -0.999048 -0
    outer loop
      vertex 0 -5 85.34
      vertex -0.435779 -4.98097 77.35
      vertex 0 -5 77.35
    endloop
  endfacet
  facet normal -0.0436273 -0.999048 0
    outer loop
      vertex -0.435779 -4.98097 11.5
      vertex 0 -5 65.35
      vertex -0.435779 -4.98097 65.35
    endloop
  endfacet
  facet normal -0.0436273 -0.999048 -0
    outer loop
      vertex 0 -5 65.35
      vertex -0.435779 -4.98097 11.5
      vertex 0 -5 11.5
    endloop
  endfacet
  facet normal -0.999048 0.0436273 0
    outer loop
      vertex -5 0 77.35
      vertex -4.98097 0.435779 85.34
      vertex -4.98097 0.435779 77.35
    endloop
  endfacet
  facet normal -0.999048 0.0436273 0
    outer loop
      vertex -4.98097 0.435779 85.34
      vertex -5 0 77.35
      vertex -5 0 85.34
    endloop
  endfacet
  facet normal -0.999048 0.0436273 0
    outer loop
      vertex -5 0 11.5
      vertex -4.98097 0.435779 65.35
      vertex -4.98097 0.435779 11.5
    endloop
  endfacet
  facet normal -0.999048 0.0436273 0
    outer loop
      vertex -4.98097 0.435779 65.35
      vertex -5 0 11.5
      vertex -5 0 65.35
    endloop
  endfacet
  facet normal 0.843387 0.537307 0
    outer loop
      vertex 4.33013 2.5 85.34
      vertex 4.09576 2.86788 77.35
      vertex 4.09576 2.86788 85.34
    endloop
  endfacet
  facet normal 0.843387 0.537307 0
    outer loop
      vertex 4.09576 2.86788 77.35
      vertex 4.33013 2.5 85.34
      vertex 4.33013 2.5 77.35
    endloop
  endfacet
  facet normal 0.843387 0.537307 0
    outer loop
      vertex 4.33013 2.5 65.35
      vertex 4.09576 2.86788 11.5
      vertex 4.09576 2.86788 65.35
    endloop
  endfacet
  facet normal 0.843387 0.537307 0
    outer loop
      vertex 4.09576 2.86788 11.5
      vertex 4.33013 2.5 65.35
      vertex 4.33013 2.5 11.5
    endloop
  endfacet
  facet normal 0.0436273 0.999048 -0
    outer loop
      vertex 0.435779 4.98097 77.35
      vertex 0 5 85.34
      vertex 0.435779 4.98097 85.34
    endloop
  endfacet
  facet normal 0.0436273 0.999048 0
    outer loop
      vertex 0 5 85.34
      vertex 0.435779 4.98097 77.35
      vertex 0 5 77.35
    endloop
  endfacet
  facet normal 0.0436273 0.999048 -0
    outer loop
      vertex 0.435779 4.98097 11.5
      vertex 0 5 65.35
      vertex 0.435779 4.98097 65.35
    endloop
  endfacet
  facet normal 0.0436273 0.999048 0
    outer loop
      vertex 0 5 65.35
      vertex 0.435779 4.98097 11.5
      vertex 0 5 11.5
    endloop
  endfacet
  facet normal -0.0436273 0.999048 0
    outer loop
      vertex 0 5 77.35
      vertex -0.435779 4.98097 85.34
      vertex 0 5 85.34
    endloop
  endfacet
  facet normal -0.0436273 0.999048 0
    outer loop
      vertex -0.435779 4.98097 85.34
      vertex 0 5 77.35
      vertex -0.435779 4.98097 77.35
    endloop
  endfacet
  facet normal -0.0436273 0.999048 0
    outer loop
      vertex 0 5 11.5
      vertex -0.435779 4.98097 65.35
      vertex 0 5 65.35
    endloop
  endfacet
  facet normal -0.0436273 0.999048 0
    outer loop
      vertex -0.435779 4.98097 65.35
      vertex 0 5 11.5
      vertex -0.435779 4.98097 11.5
    endloop
  endfacet
  facet normal -0.976296 -0.216438 0
    outer loop
      vertex -4.82963 -1.2941 77.35
      vertex -4.92404 -0.86824 85.34
      vertex -4.92404 -0.86824 77.35
    endloop
  endfacet
  facet normal -0.976296 -0.216438 0
    outer loop
      vertex -4.92404 -0.86824 85.34
      vertex -4.82963 -1.2941 77.35
      vertex -4.82963 -1.2941 85.34
    endloop
  endfacet
  facet normal -0.976296 -0.216438 0
    outer loop
      vertex -4.82963 -1.2941 11.5
      vertex -4.92404 -0.86824 65.35
      vertex -4.92404 -0.86824 11.5
    endloop
  endfacet
  facet normal -0.976296 -0.216438 0
    outer loop
      vertex -4.92404 -0.86824 65.35
      vertex -4.82963 -1.2941 11.5
      vertex -4.82963 -1.2941 65.35
    endloop
  endfacet
  facet normal -0.675599 -0.737269 0
    outer loop
      vertex -3.53553 -3.53553 77.35
      vertex -3.21394 -3.83022 85.34
      vertex -3.53553 -3.53553 85.34
    endloop
  endfacet
  facet normal -0.675599 -0.737269 -0
    outer loop
      vertex -3.21394 -3.83022 85.34
      vertex -3.53553 -3.53553 77.35
      vertex -3.21394 -3.83022 77.35
    endloop
  endfacet
  facet normal -0.675599 -0.737269 0
    outer loop
      vertex -3.53553 -3.53553 11.5
      vertex -3.21394 -3.83022 65.35
      vertex -3.53553 -3.53553 65.35
    endloop
  endfacet
  facet normal -0.675599 -0.737269 -0
    outer loop
      vertex -3.21394 -3.83022 65.35
      vertex -3.53553 -3.53553 11.5
      vertex -3.21394 -3.83022 11.5
    endloop
  endfacet
  facet normal -0.300718 0.953713 0
    outer loop
      vertex -1.2941 4.82963 77.35
      vertex -1.7101 4.69846 85.34
      vertex -1.2941 4.82963 85.34
    endloop
  endfacet
  facet normal -0.300718 0.953713 0
    outer loop
      vertex -1.7101 4.69846 85.34
      vertex -1.2941 4.82963 77.35
      vertex -1.7101 4.69846 77.35
    endloop
  endfacet
  facet normal -0.300718 0.953713 0
    outer loop
      vertex -1.2941 4.82963 11.5
      vertex -1.7101 4.69846 65.35
      vertex -1.2941 4.82963 65.35
    endloop
  endfacet
  facet normal -0.300718 0.953713 0
    outer loop
      vertex -1.7101 4.69846 65.35
      vertex -1.2941 4.82963 11.5
      vertex -1.7101 4.69846 11.5
    endloop
  endfacet
  facet normal 0.887013 -0.461744 0
    outer loop
      vertex 4.33013 -2.5 85.34
      vertex 4.53154 -2.11309 77.35
      vertex 4.53154 -2.11309 85.34
    endloop
  endfacet
  facet normal 0.887013 -0.461744 0
    outer loop
      vertex 4.53154 -2.11309 77.35
      vertex 4.33013 -2.5 85.34
      vertex 4.33013 -2.5 77.35
    endloop
  endfacet
  facet normal 0.887013 -0.461744 0
    outer loop
      vertex 4.33013 -2.5 65.35
      vertex 4.53154 -2.11309 11.5
      vertex 4.53154 -2.11309 65.35
    endloop
  endfacet
  facet normal 0.887013 -0.461744 0
    outer loop
      vertex 4.53154 -2.11309 11.5
      vertex 4.33013 -2.5 65.35
      vertex 4.33013 -2.5 11.5
    endloop
  endfacet
  facet normal -0.793355 -0.60876 0
    outer loop
      vertex -3.83022 -3.21394 77.35
      vertex -4.09576 -2.86788 85.34
      vertex -4.09576 -2.86788 77.35
    endloop
  endfacet
  facet normal -0.793355 -0.60876 0
    outer loop
      vertex -4.09576 -2.86788 85.34
      vertex -3.83022 -3.21394 77.35
      vertex -3.83022 -3.21394 85.34
    endloop
  endfacet
  facet normal -0.793355 -0.60876 0
    outer loop
      vertex -3.83022 -3.21394 11.5
      vertex -4.09576 -2.86788 65.35
      vertex -4.09576 -2.86788 11.5
    endloop
  endfacet
  facet normal -0.793355 -0.60876 0
    outer loop
      vertex -4.09576 -2.86788 65.35
      vertex -3.83022 -3.21394 11.5
      vertex -3.83022 -3.21394 65.35
    endloop
  endfacet
  facet normal -0.382676 -0.923883 0
    outer loop
      vertex -2.11309 -4.53154 77.35
      vertex -1.7101 -4.69846 85.34
      vertex -2.11309 -4.53154 85.34
    endloop
  endfacet
  facet normal -0.382676 -0.923883 -0
    outer loop
      vertex -1.7101 -4.69846 85.34
      vertex -2.11309 -4.53154 77.35
      vertex -1.7101 -4.69846 77.35
    endloop
  endfacet
  facet normal -0.382676 -0.923883 0
    outer loop
      vertex -2.11309 -4.53154 11.5
      vertex -1.7101 -4.69846 65.35
      vertex -2.11309 -4.53154 65.35
    endloop
  endfacet
  facet normal -0.382676 -0.923883 -0
    outer loop
      vertex -1.7101 -4.69846 65.35
      vertex -2.11309 -4.53154 11.5
      vertex -1.7101 -4.69846 11.5
    endloop
  endfacet
  facet normal 0.923883 -0.382676 0
    outer loop
      vertex 4.53154 -2.11309 85.34
      vertex 4.69846 -1.7101 77.35
      vertex 4.69846 -1.7101 85.34
    endloop
  endfacet
  facet normal 0.923883 -0.382676 0
    outer loop
      vertex 4.69846 -1.7101 77.35
      vertex 4.53154 -2.11309 85.34
      vertex 4.53154 -2.11309 77.35
    endloop
  endfacet
  facet normal 0.923883 -0.382676 0
    outer loop
      vertex 4.53154 -2.11309 65.35
      vertex 4.69846 -1.7101 11.5
      vertex 4.69846 -1.7101 65.35
    endloop
  endfacet
  facet normal 0.923883 -0.382676 0
    outer loop
      vertex 4.69846 -1.7101 11.5
      vertex 4.53154 -2.11309 65.35
      vertex 4.53154 -2.11309 11.5
    endloop
  endfacet
  facet normal 0.537307 0.843387 -0
    outer loop
      vertex 2.86788 4.09576 77.35
      vertex 2.5 4.33013 85.34
      vertex 2.86788 4.09576 85.34
    endloop
  endfacet
  facet normal 0.537307 0.843387 0
    outer loop
      vertex 2.5 4.33013 85.34
      vertex 2.86788 4.09576 77.35
      vertex 2.5 4.33013 77.35
    endloop
  endfacet
  facet normal 0.537307 0.843387 -0
    outer loop
      vertex 2.86788 4.09576 11.5
      vertex 2.5 4.33013 65.35
      vertex 2.86788 4.09576 65.35
    endloop
  endfacet
  facet normal 0.537307 0.843387 0
    outer loop
      vertex 2.5 4.33013 65.35
      vertex 2.86788 4.09576 11.5
      vertex 2.5 4.33013 11.5
    endloop
  endfacet
  facet normal 0.130516 -0.991446 0
    outer loop
      vertex 0.435779 -4.98097 77.35
      vertex 0.86824 -4.92404 85.34
      vertex 0.435779 -4.98097 85.34
    endloop
  endfacet
  facet normal 0.130516 -0.991446 0
    outer loop
      vertex 0.86824 -4.92404 85.34
      vertex 0.435779 -4.98097 77.35
      vertex 0.86824 -4.92404 77.35
    endloop
  endfacet
  facet normal 0.130516 -0.991446 0
    outer loop
      vertex 0.435779 -4.98097 11.5
      vertex 0.86824 -4.92404 65.35
      vertex 0.435779 -4.98097 65.35
    endloop
  endfacet
  facet normal 0.130516 -0.991446 0
    outer loop
      vertex 0.86824 -4.92404 65.35
      vertex 0.435779 -4.98097 11.5
      vertex 0.86824 -4.92404 11.5
    endloop
  endfacet
  facet normal 0.953713 0.300718 0
    outer loop
      vertex 4.82963 1.2941 85.34
      vertex 4.69846 1.7101 77.35
      vertex 4.69846 1.7101 85.34
    endloop
  endfacet
  facet normal 0.953713 0.300718 0
    outer loop
      vertex 4.69846 1.7101 77.35
      vertex 4.82963 1.2941 85.34
      vertex 4.82963 1.2941 77.35
    endloop
  endfacet
  facet normal 0.953713 0.300718 0
    outer loop
      vertex 4.82963 1.2941 65.35
      vertex 4.69846 1.7101 11.5
      vertex 4.69846 1.7101 65.35
    endloop
  endfacet
  facet normal 0.953713 0.300718 0
    outer loop
      vertex 4.69846 1.7101 11.5
      vertex 4.82963 1.2941 65.35
      vertex 4.82963 1.2941 11.5
    endloop
  endfacet
  facet normal 0.60876 0.793355 -0
    outer loop
      vertex 3.21394 3.83022 77.35
      vertex 2.86788 4.09576 85.34
      vertex 3.21394 3.83022 85.34
    endloop
  endfacet
  facet normal 0.60876 0.793355 0
    outer loop
      vertex 2.86788 4.09576 85.34
      vertex 3.21394 3.83022 77.35
      vertex 2.86788 4.09576 77.35
    endloop
  endfacet
  facet normal 0.60876 0.793355 -0
    outer loop
      vertex 3.21394 3.83022 11.5
      vertex 2.86788 4.09576 65.35
      vertex 3.21394 3.83022 65.35
    endloop
  endfacet
  facet normal 0.60876 0.793355 0
    outer loop
      vertex 2.86788 4.09576 65.35
      vertex 3.21394 3.83022 11.5
      vertex 2.86788 4.09576 11.5
    endloop
  endfacet
  facet normal 0.737269 0.675599 0
    outer loop
      vertex 3.83022 3.21394 85.34
      vertex 3.53553 3.53553 77.35
      vertex 3.53553 3.53553 85.34
    endloop
  endfacet
  facet normal 0.737269 0.675599 0
    outer loop
      vertex 3.53553 3.53553 77.35
      vertex 3.83022 3.21394 85.34
      vertex 3.83022 3.21394 77.35
    endloop
  endfacet
  facet normal 0.737269 0.675599 0
    outer loop
      vertex 3.83022 3.21394 65.35
      vertex 3.53553 3.53553 11.5
      vertex 3.53553 3.53553 65.35
    endloop
  endfacet
  facet normal 0.737269 0.675599 0
    outer loop
      vertex 3.53553 3.53553 11.5
      vertex 3.83022 3.21394 65.35
      vertex 3.83022 3.21394 11.5
    endloop
  endfacet
  facet normal -0.737269 -0.675599 0
    outer loop
      vertex -3.53553 -3.53553 77.35
      vertex -3.83022 -3.21394 85.34
      vertex -3.83022 -3.21394 77.35
    endloop
  endfacet
  facet normal -0.737269 -0.675599 0
    outer loop
      vertex -3.83022 -3.21394 85.34
      vertex -3.53553 -3.53553 77.35
      vertex -3.53553 -3.53553 85.34
    endloop
  endfacet
  facet normal -0.737269 -0.675599 0
    outer loop
      vertex -3.53553 -3.53553 11.5
      vertex -3.83022 -3.21394 65.35
      vertex -3.83022 -3.21394 11.5
    endloop
  endfacet
  facet normal -0.737269 -0.675599 0
    outer loop
      vertex -3.83022 -3.21394 65.35
      vertex -3.53553 -3.53553 11.5
      vertex -3.53553 -3.53553 65.35
    endloop
  endfacet
  facet normal -0.60876 0.793355 0
    outer loop
      vertex -2.86788 4.09576 77.35
      vertex -3.21394 3.83022 85.34
      vertex -2.86788 4.09576 85.34
    endloop
  endfacet
  facet normal -0.60876 0.793355 0
    outer loop
      vertex -3.21394 3.83022 85.34
      vertex -2.86788 4.09576 77.35
      vertex -3.21394 3.83022 77.35
    endloop
  endfacet
  facet normal -0.60876 0.793355 0
    outer loop
      vertex -2.86788 4.09576 11.5
      vertex -3.21394 3.83022 65.35
      vertex -2.86788 4.09576 65.35
    endloop
  endfacet
  facet normal -0.60876 0.793355 0
    outer loop
      vertex -3.21394 3.83022 65.35
      vertex -2.86788 4.09576 11.5
      vertex -3.21394 3.83022 11.5
    endloop
  endfacet
  facet normal -0.537307 0.843387 0
    outer loop
      vertex -2.5 4.33013 77.35
      vertex -2.86788 4.09576 85.34
      vertex -2.5 4.33013 85.34
    endloop
  endfacet
  facet normal -0.537307 0.843387 0
    outer loop
      vertex -2.86788 4.09576 85.34
      vertex -2.5 4.33013 77.35
      vertex -2.86788 4.09576 77.35
    endloop
  endfacet
  facet normal -0.537307 0.843387 0
    outer loop
      vertex -2.5 4.33013 11.5
      vertex -2.86788 4.09576 65.35
      vertex -2.5 4.33013 65.35
    endloop
  endfacet
  facet normal -0.537307 0.843387 0
    outer loop
      vertex -2.86788 4.09576 65.35
      vertex -2.5 4.33013 11.5
      vertex -2.86788 4.09576 11.5
    endloop
  endfacet
  facet normal 0.991446 -0.130516 0
    outer loop
      vertex 4.92404 -0.86824 85.34
      vertex 4.98097 -0.435779 77.35
      vertex 4.98097 -0.435779 85.34
    endloop
  endfacet
  facet normal 0.991446 -0.130516 0
    outer loop
      vertex 4.98097 -0.435779 77.35
      vertex 4.92404 -0.86824 85.34
      vertex 4.92404 -0.86824 77.35
    endloop
  endfacet
  facet normal 0.991446 -0.130516 0
    outer loop
      vertex 4.92404 -0.86824 65.35
      vertex 4.98097 -0.435779 11.5
      vertex 4.98097 -0.435779 65.35
    endloop
  endfacet
  facet normal 0.991446 -0.130516 0
    outer loop
      vertex 4.98097 -0.435779 11.5
      vertex 4.92404 -0.86824 65.35
      vertex 4.92404 -0.86824 11.5
    endloop
  endfacet
  facet normal 0.953713 -0.300718 0
    outer loop
      vertex 4.69846 -1.7101 85.34
      vertex 4.82963 -1.2941 77.35
      vertex 4.82963 -1.2941 85.34
    endloop
  endfacet
  facet normal 0.953713 -0.300718 0
    outer loop
      vertex 4.82963 -1.2941 77.35
      vertex 4.69846 -1.7101 85.34
      vertex 4.69846 -1.7101 77.35
    endloop
  endfacet
  facet normal 0.953713 -0.300718 0
    outer loop
      vertex 4.69846 -1.7101 65.35
      vertex 4.82963 -1.2941 11.5
      vertex 4.82963 -1.2941 65.35
    endloop
  endfacet
  facet normal 0.953713 -0.300718 0
    outer loop
      vertex 4.82963 -1.2941 11.5
      vertex 4.69846 -1.7101 65.35
      vertex 4.69846 -1.7101 11.5
    endloop
  endfacet
  facet normal 0.382676 0.923883 -0
    outer loop
      vertex 2.11309 4.53154 77.35
      vertex 1.7101 4.69846 85.34
      vertex 2.11309 4.53154 85.34
    endloop
  endfacet
  facet normal 0.382676 0.923883 0
    outer loop
      vertex 1.7101 4.69846 85.34
      vertex 2.11309 4.53154 77.35
      vertex 1.7101 4.69846 77.35
    endloop
  endfacet
  facet normal 0.382676 0.923883 -0
    outer loop
      vertex 2.11309 4.53154 11.5
      vertex 1.7101 4.69846 65.35
      vertex 2.11309 4.53154 65.35
    endloop
  endfacet
  facet normal 0.382676 0.923883 0
    outer loop
      vertex 1.7101 4.69846 65.35
      vertex 2.11309 4.53154 11.5
      vertex 1.7101 4.69846 11.5
    endloop
  endfacet
  facet normal -0.216438 0.976296 0
    outer loop
      vertex -0.86824 4.92404 77.35
      vertex -1.2941 4.82963 85.34
      vertex -0.86824 4.92404 85.34
    endloop
  endfacet
  facet normal -0.216438 0.976296 0
    outer loop
      vertex -1.2941 4.82963 85.34
      vertex -0.86824 4.92404 77.35
      vertex -1.2941 4.82963 77.35
    endloop
  endfacet
  facet normal -0.216438 0.976296 0
    outer loop
      vertex -0.86824 4.92404 11.5
      vertex -1.2941 4.82963 65.35
      vertex -0.86824 4.92404 65.35
    endloop
  endfacet
  facet normal -0.216438 0.976296 0
    outer loop
      vertex -1.2941 4.82963 65.35
      vertex -0.86824 4.92404 11.5
      vertex -1.2941 4.82963 11.5
    endloop
  endfacet
  facet normal -0.130516 -0.991446 0
    outer loop
      vertex -0.86824 -4.92404 77.35
      vertex -0.435779 -4.98097 85.34
      vertex -0.86824 -4.92404 85.34
    endloop
  endfacet
  facet normal -0.130516 -0.991446 -0
    outer loop
      vertex -0.435779 -4.98097 85.34
      vertex -0.86824 -4.92404 77.35
      vertex -0.435779 -4.98097 77.35
    endloop
  endfacet
  facet normal -0.130516 -0.991446 0
    outer loop
      vertex -0.86824 -4.92404 11.5
      vertex -0.435779 -4.98097 65.35
      vertex -0.86824 -4.92404 65.35
    endloop
  endfacet
  facet normal -0.130516 -0.991446 -0
    outer loop
      vertex -0.435779 -4.98097 65.35
      vertex -0.86824 -4.92404 11.5
      vertex -0.435779 -4.98097 11.5
    endloop
  endfacet
  facet normal 0.976296 -0.216438 0
    outer loop
      vertex 4.82963 -1.2941 85.34
      vertex 4.92404 -0.86824 77.35
      vertex 4.92404 -0.86824 85.34
    endloop
  endfacet
  facet normal 0.976296 -0.216438 0
    outer loop
      vertex 4.92404 -0.86824 77.35
      vertex 4.82963 -1.2941 85.34
      vertex 4.82963 -1.2941 77.35
    endloop
  endfacet
  facet normal 0.976296 -0.216438 0
    outer loop
      vertex 4.82963 -1.2941 65.35
      vertex 4.92404 -0.86824 11.5
      vertex 4.92404 -0.86824 65.35
    endloop
  endfacet
  facet normal 0.976296 -0.216438 0
    outer loop
      vertex 4.92404 -0.86824 11.5
      vertex 4.82963 -1.2941 65.35
      vertex 4.82963 -1.2941 11.5
    endloop
  endfacet
  facet normal 0.461744 0.887013 -0
    outer loop
      vertex 2.5 4.33013 77.35
      vertex 2.11309 4.53154 85.34
      vertex 2.5 4.33013 85.34
    endloop
  endfacet
  facet normal 0.461744 0.887013 0
    outer loop
      vertex 2.11309 4.53154 85.34
      vertex 2.5 4.33013 77.35
      vertex 2.11309 4.53154 77.35
    endloop
  endfacet
  facet normal 0.461744 0.887013 -0
    outer loop
      vertex 2.5 4.33013 11.5
      vertex 2.11309 4.53154 65.35
      vertex 2.5 4.33013 65.35
    endloop
  endfacet
  facet normal 0.461744 0.887013 0
    outer loop
      vertex 2.11309 4.53154 65.35
      vertex 2.5 4.33013 11.5
      vertex 2.11309 4.53154 11.5
    endloop
  endfacet
  facet normal 0.999048 -0.0436273 0
    outer loop
      vertex 4.98097 -0.435779 85.34
      vertex 5 0 77.35
      vertex 5 0 85.34
    endloop
  endfacet
  facet normal 0.999048 -0.0436273 0
    outer loop
      vertex 5 0 77.35
      vertex 4.98097 -0.435779 85.34
      vertex 4.98097 -0.435779 77.35
    endloop
  endfacet
  facet normal 0.999048 -0.0436273 0
    outer loop
      vertex 4.98097 -0.435779 65.35
      vertex 5 0 11.5
      vertex 5 0 65.35
    endloop
  endfacet
  facet normal 0.999048 -0.0436273 0
    outer loop
      vertex 5 0 11.5
      vertex 4.98097 -0.435779 65.35
      vertex 4.98097 -0.435779 11.5
    endloop
  endfacet
  facet normal -0.382676 0.923883 0
    outer loop
      vertex -1.7101 4.69846 77.35
      vertex -2.11309 4.53154 85.34
      vertex -1.7101 4.69846 85.34
    endloop
  endfacet
  facet normal -0.382676 0.923883 0
    outer loop
      vertex -2.11309 4.53154 85.34
      vertex -1.7101 4.69846 77.35
      vertex -2.11309 4.53154 77.35
    endloop
  endfacet
  facet normal -0.382676 0.923883 0
    outer loop
      vertex -1.7101 4.69846 11.5
      vertex -2.11309 4.53154 65.35
      vertex -1.7101 4.69846 65.35
    endloop
  endfacet
  facet normal -0.382676 0.923883 0
    outer loop
      vertex -2.11309 4.53154 65.35
      vertex -1.7101 4.69846 11.5
      vertex -2.11309 4.53154 11.5
    endloop
  endfacet
  facet normal -0.887013 -0.461744 0
    outer loop
      vertex -4.33013 -2.5 77.35
      vertex -4.53154 -2.11309 85.34
      vertex -4.53154 -2.11309 77.35
    endloop
  endfacet
  facet normal -0.887013 -0.461744 0
    outer loop
      vertex -4.53154 -2.11309 85.34
      vertex -4.33013 -2.5 77.35
      vertex -4.33013 -2.5 85.34
    endloop
  endfacet
  facet normal -0.887013 -0.461744 0
    outer loop
      vertex -4.33013 -2.5 11.5
      vertex -4.53154 -2.11309 65.35
      vertex -4.53154 -2.11309 11.5
    endloop
  endfacet
  facet normal -0.887013 -0.461744 0
    outer loop
      vertex -4.53154 -2.11309 65.35
      vertex -4.33013 -2.5 11.5
      vertex -4.33013 -2.5 65.35
    endloop
  endfacet
  facet normal 0.887013 0.461744 0
    outer loop
      vertex 4.53154 2.11309 85.34
      vertex 4.33013 2.5 77.35
      vertex 4.33013 2.5 85.34
    endloop
  endfacet
  facet normal 0.887013 0.461744 0
    outer loop
      vertex 4.33013 2.5 77.35
      vertex 4.53154 2.11309 85.34
      vertex 4.53154 2.11309 77.35
    endloop
  endfacet
  facet normal 0.887013 0.461744 0
    outer loop
      vertex 4.53154 2.11309 65.35
      vertex 4.33013 2.5 11.5
      vertex 4.33013 2.5 65.35
    endloop
  endfacet
  facet normal 0.887013 0.461744 0
    outer loop
      vertex 4.33013 2.5 11.5
      vertex 4.53154 2.11309 65.35
      vertex 4.53154 2.11309 11.5
    endloop
  endfacet
  facet normal -0.461744 -0.887013 0
    outer loop
      vertex -2.5 -4.33013 77.35
      vertex -2.11309 -4.53154 85.34
      vertex -2.5 -4.33013 85.34
    endloop
  endfacet
  facet normal -0.461744 -0.887013 -0
    outer loop
      vertex -2.11309 -4.53154 85.34
      vertex -2.5 -4.33013 77.35
      vertex -2.11309 -4.53154 77.35
    endloop
  endfacet
  facet normal -0.461744 -0.887013 0
    outer loop
      vertex -2.5 -4.33013 11.5
      vertex -2.11309 -4.53154 65.35
      vertex -2.5 -4.33013 65.35
    endloop
  endfacet
  facet normal -0.461744 -0.887013 -0
    outer loop
      vertex -2.11309 -4.53154 65.35
      vertex -2.5 -4.33013 11.5
      vertex -2.11309 -4.53154 11.5
    endloop
  endfacet
  facet normal -0.675599 0.737269 0
    outer loop
      vertex -3.21394 3.83022 77.35
      vertex -3.53553 3.53553 85.34
      vertex -3.21394 3.83022 85.34
    endloop
  endfacet
  facet normal -0.675599 0.737269 0
    outer loop
      vertex -3.53553 3.53553 85.34
      vertex -3.21394 3.83022 77.35
      vertex -3.53553 3.53553 77.35
    endloop
  endfacet
  facet normal -0.675599 0.737269 0
    outer loop
      vertex -3.21394 3.83022 11.5
      vertex -3.53553 3.53553 65.35
      vertex -3.21394 3.83022 65.35
    endloop
  endfacet
  facet normal -0.675599 0.737269 0
    outer loop
      vertex -3.53553 3.53553 65.35
      vertex -3.21394 3.83022 11.5
      vertex -3.53553 3.53553 11.5
    endloop
  endfacet
  facet normal 0 0 -1
    outer loop
      vertex 2.64119 3 11.5
      vertex 3.83022 3.21394 11.5
      vertex 3.99438 3 11.5
    endloop
  endfacet
  facet normal -0 0 -1
    outer loop
      vertex 3.83022 3.21394 11.5
      vertex 2.64119 3 11.5
      vertex 3.53553 3.53553 11.5
    endloop
  endfacet
  facet normal -0 0 -1
    outer loop
      vertex 3.53553 3.53553 11.5
      vertex 2.64119 3 11.5
      vertex 3.21394 3.83022 11.5
    endloop
  endfacet
  facet normal -0 0 -1
    outer loop
      vertex 3.21394 3.83022 11.5
      vertex 2.64119 3 11.5
      vertex 2.86788 4.09576 11.5
    endloop
  endfacet
  facet normal 0 0 -1
    outer loop
      vertex 2.64119 3 11.5
      vertex 2.5 4.33013 11.5
      vertex 2.86788 4.09576 11.5
    endloop
  endfacet
  facet normal 0 0 -1
    outer loop
      vertex 2.64119 3 11.5
      vertex 2.11309 4.53154 11.5
      vertex 2.5 4.33013 11.5
    endloop
  endfacet
  facet normal 0 0 -1
    outer loop
      vertex 2.64119 3 11.5
      vertex 1.7101 4.69846 11.5
      vertex 2.11309 4.53154 11.5
    endloop
  endfacet
  facet normal 0 0 -1
    outer loop
      vertex 2.64119 3 11.5
      vertex 1.2941 4.82963 11.5
      vertex 1.7101 4.69846 11.5
    endloop
  endfacet
  facet normal 0 0 -1
    outer loop
      vertex 2.64119 3 11.5
      vertex 0.86824 4.92404 11.5
      vertex 1.2941 4.82963 11.5
    endloop
  endfacet
  facet normal 0 0 -1
    outer loop
      vertex 2.64119 3 11.5
      vertex 0.435779 4.98097 11.5
      vertex 0.86824 4.92404 11.5
    endloop
  endfacet
  facet normal 0 0 -1
    outer loop
      vertex 2.64119 3 11.5
      vertex 0 5 11.5
      vertex 0.435779 4.98097 11.5
    endloop
  endfacet
  facet normal 0 0 -1
    outer loop
      vertex -2.64119 3 11.5
      vertex 0 5 11.5
      vertex 2.64119 3 11.5
    endloop
  endfacet
  facet normal 0 0 -1
    outer loop
      vertex 0 5 11.5
      vertex -2.64119 3 11.5
      vertex -0.435779 4.98097 11.5
    endloop
  endfacet
  facet normal 0 0 -1
    outer loop
      vertex -0.435779 4.98097 11.5
      vertex -2.64119 3 11.5
      vertex -0.86824 4.92404 11.5
    endloop
  endfacet
  facet normal 0 0 -1
    outer loop
      vertex -0.86824 4.92404 11.5
      vertex -2.64119 3 11.5
      vertex -1.2941 4.82963 11.5
    endloop
  endfacet
  facet normal 0 0 -1
    outer loop
      vertex -1.2941 4.82963 11.5
      vertex -2.64119 3 11.5
      vertex -1.7101 4.69846 11.5
    endloop
  endfacet
  facet normal 0 0 -1
    outer loop
      vertex -1.7101 4.69846 11.5
      vertex -2.64119 3 11.5
      vertex -2.11309 4.53154 11.5
    endloop
  endfacet
  facet normal 0 0 -1
    outer loop
      vertex -2.11309 4.53154 11.5
      vertex -2.64119 3 11.5
      vertex -2.5 4.33013 11.5
    endloop
  endfacet
  facet normal 0 0 -1
    outer loop
      vertex -2.64119 3 11.5
      vertex -2.86788 4.09576 11.5
      vertex -2.5 4.33013 11.5
    endloop
  endfacet
  facet normal 0 0 -1
    outer loop
      vertex -2.64119 3 11.5
      vertex -3.21394 3.83022 11.5
      vertex -2.86788 4.09576 11.5
    endloop
  endfacet
  facet normal 0 0 -1
    outer loop
      vertex -2.64119 3 11.5
      vertex -3.53553 3.53553 11.5
      vertex -3.21394 3.83022 11.5
    endloop
  endfacet
  facet normal 0 0 -1
    outer loop
      vertex -2.64119 3 11.5
      vertex -3.83022 3.21394 11.5
      vertex -3.53553 3.53553 11.5
    endloop
  endfacet
  facet normal 0 -0 -1
    outer loop
      vertex -3.83022 3.21394 11.5
      vertex -2.64119 3 11.5
      vertex -3.99438 3 11.5
    endloop
  endfacet
  facet normal 0 0 -1
    outer loop
      vertex 4 0 11.5
      vertex 5 0 11.5
      vertex 4.98097 -0.435779 11.5
    endloop
  endfacet
  facet normal 0 0 -1
    outer loop
      vertex 3.98478 -0.348622 11.5
      vertex 4.98097 -0.435779 11.5
      vertex 4.92404 -0.86824 11.5
    endloop
  endfacet
  facet normal 0 0 -1
    outer loop
      vertex 5 0 11.5
      vertex 4 0 11.5
      vertex 4.98097 0.435779 11.5
    endloop
  endfacet
  facet normal 0 0 -1
    outer loop
      vertex 3.93923 -0.694592 11.5
      vertex 4.92404 -0.86824 11.5
      vertex 4.82963 -1.2941 11.5
    endloop
  endfacet
  facet normal 0 0 -1
    outer loop
      vertex 3.98478 0.348622 11.5
      vertex 4.98097 0.435779 11.5
      vertex 4 0 11.5
    endloop
  endfacet
  facet normal 0 0 -1
    outer loop
      vertex 3.8637 -1.03528 11.5
      vertex 4.82963 -1.2941 11.5
      vertex 4.69846 -1.7101 11.5
    endloop
  endfacet
  facet normal -0 0 -1
    outer loop
      vertex 4.98097 0.435779 11.5
      vertex 3.98478 0.348622 11.5
      vertex 4.92404 0.86824 11.5
    endloop
  endfacet
  facet normal 0 0 -1
    outer loop
      vertex 3.75877 -1.36808 11.5
      vertex 4.69846 -1.7101 11.5
      vertex 4.53154 -2.11309 11.5
    endloop
  endfacet
  facet normal 0 0 -1
    outer loop
      vertex 3.93923 0.694592 11.5
      vertex 4.92404 0.86824 11.5
      vertex 3.98478 0.348622 11.5
    endloop
  endfacet
  facet normal 0 0 -1
    outer loop
      vertex 3.62523 -1.69047 11.5
      vertex 4.53154 -2.11309 11.5
      vertex 4.33013 -2.5 11.5
    endloop
  endfacet
  facet normal -0 0 -1
    outer loop
      vertex 4.92404 0.86824 11.5
      vertex 3.93923 0.694592 11.5
      vertex 4.82963 1.2941 11.5
    endloop
  endfacet
  facet normal 0 0 -1
    outer loop
      vertex 3.4641 -2 11.5
      vertex 4.33013 -2.5 11.5
      vertex 4.09576 -2.86788 11.5
    endloop
  endfacet
  facet normal 0 0 -1
    outer loop
      vertex 3.8637 1.03528 11.5
      vertex 4.82963 1.2941 11.5
      vertex 3.93923 0.694592 11.5
    endloop
  endfacet
  facet normal -0 0 -1
    outer loop
      vertex 4.82963 1.2941 11.5
      vertex 3.8637 1.03528 11.5
      vertex 4.69846 1.7101 11.5
    endloop
  endfacet
  facet normal 0 0 -1
    outer loop
      vertex 4.98097 -0.435779 11.5
      vertex 3.98478 -0.348622 11.5
      vertex 4 0 11.5
    endloop
  endfacet
  facet normal 0 0 -1
    outer loop
      vertex 4.92404 -0.86824 11.5
      vertex 3.93923 -0.694592 11.5
      vertex 3.98478 -0.348622 11.5
    endloop
  endfacet
  facet normal 0 0 -1
    outer loop
      vertex 4.82963 -1.2941 11.5
      vertex 3.8637 -1.03528 11.5
      vertex 3.93923 -0.694592 11.5
    endloop
  endfacet
  facet normal 0 0 -1
    outer loop
      vertex 3.27661 -2.2943 11.5
      vertex 4.09576 -2.86788 11.5
      vertex 3.83022 -3.21394 11.5
    endloop
  endfacet
  facet normal 0 0 -1
    outer loop
      vertex 4.69846 -1.7101 11.5
      vertex 3.75877 -1.36808 11.5
      vertex 3.8637 -1.03528 11.5
    endloop
  endfacet
  facet normal 0 0 -1
    outer loop
      vertex 4.53154 -2.11309 11.5
      vertex 3.62523 -1.69047 11.5
      vertex 3.75877 -1.36808 11.5
    endloop
  endfacet
  facet normal 0 0 -1
    outer loop
      vertex 3.06418 -2.57115 11.5
      vertex 3.83022 -3.21394 11.5
      vertex 3.53553 -3.53553 11.5
    endloop
  endfacet
  facet normal 0 0 -1
    outer loop
      vertex 4.33013 -2.5 11.5
      vertex 3.4641 -2 11.5
      vertex 3.62523 -1.69047 11.5
    endloop
  endfacet
  facet normal 0 0 -1
    outer loop
      vertex 4.09576 -2.86788 11.5
      vertex 3.27661 -2.2943 11.5
      vertex 3.4641 -2 11.5
    endloop
  endfacet
  facet normal 0 0 -1
    outer loop
      vertex 2.82843 -2.82843 11.5
      vertex 3.53553 -3.53553 11.5
      vertex 3.21394 -3.83022 11.5
    endloop
  endfacet
  facet normal 0 0 -1
    outer loop
      vertex 3.83022 -3.21394 11.5
      vertex 3.06418 -2.57115 11.5
      vertex 3.27661 -2.2943 11.5
    endloop
  endfacet
  facet normal 0 0 -1
    outer loop
      vertex 2.57115 -3.06418 11.5
      vertex 3.21394 -3.83022 11.5
      vertex 2.86788 -4.09576 11.5
    endloop
  endfacet
  facet normal 0 0 -1
    outer loop
      vertex 3.53553 -3.53553 11.5
      vertex 2.82843 -2.82843 11.5
      vertex 3.06418 -2.57115 11.5
    endloop
  endfacet
  facet normal 0 0 -1
    outer loop
      vertex 3.21394 -3.83022 11.5
      vertex 2.57115 -3.06418 11.5
      vertex 2.82843 -2.82843 11.5
    endloop
  endfacet
  facet normal 0 0 -1
    outer loop
      vertex 2.2943 -3.27661 11.5
      vertex 2.86788 -4.09576 11.5
      vertex 2.5 -4.33013 11.5
    endloop
  endfacet
  facet normal 0 0 -1
    outer loop
      vertex 2.86788 -4.09576 11.5
      vertex 2.2943 -3.27661 11.5
      vertex 2.57115 -3.06418 11.5
    endloop
  endfacet
  facet normal 0 0 -1
    outer loop
      vertex 2 -3.4641 11.5
      vertex 2.5 -4.33013 11.5
      vertex 2.11309 -4.53154 11.5
    endloop
  endfacet
  facet normal 0 0 -1
    outer loop
      vertex 2.5 -4.33013 11.5
      vertex 2 -3.4641 11.5
      vertex 2.2943 -3.27661 11.5
    endloop
  endfacet
  facet normal 0 0 -1
    outer loop
      vertex 1.69047 -3.62523 11.5
      vertex 2.11309 -4.53154 11.5
      vertex 1.7101 -4.69846 11.5
    endloop
  endfacet
  facet normal 0 0 -1
    outer loop
      vertex 2.11309 -4.53154 11.5
      vertex 1.69047 -3.62523 11.5
      vertex 2 -3.4641 11.5
    endloop
  endfacet
  facet normal 0 0 -1
    outer loop
      vertex 1.7101 -4.69846 11.5
      vertex 1.36808 -3.75877 11.5
      vertex 1.69047 -3.62523 11.5
    endloop
  endfacet
  facet normal 0 0 -1
    outer loop
      vertex 1.2941 -4.82963 11.5
      vertex 1.36808 -3.75877 11.5
      vertex 1.7101 -4.69846 11.5
    endloop
  endfacet
  facet normal 0 0 -1
    outer loop
      vertex 1.2941 -4.82963 11.5
      vertex 1.03528 -3.8637 11.5
      vertex 1.36808 -3.75877 11.5
    endloop
  endfacet
  facet normal 0 0 -1
    outer loop
      vertex 0.86824 -4.92404 11.5
      vertex 1.03528 -3.8637 11.5
      vertex 1.2941 -4.82963 11.5
    endloop
  endfacet
  facet normal 0 0 -1
    outer loop
      vertex 0.86824 -4.92404 11.5
      vertex 0.694592 -3.93923 11.5
      vertex 1.03528 -3.8637 11.5
    endloop
  endfacet
  facet normal 0 0 -1
    outer loop
      vertex 0.435779 -4.98097 11.5
      vertex 0.694592 -3.93923 11.5
      vertex 0.86824 -4.92404 11.5
    endloop
  endfacet
  facet normal 0 0 -1
    outer loop
      vertex 0.435779 -4.98097 11.5
      vertex 0.348622 -3.98478 11.5
      vertex 0.694592 -3.93923 11.5
    endloop
  endfacet
  facet normal 0 0 -1
    outer loop
      vertex 0 -5 11.5
      vertex 0.348622 -3.98478 11.5
      vertex 0.435779 -4.98097 11.5
    endloop
  endfacet
  facet normal 0 0 -1
    outer loop
      vertex 0 -5 11.5
      vertex 0 -4 11.5
      vertex 0.348622 -3.98478 11.5
    endloop
  endfacet
  facet normal 0 0 -1
    outer loop
      vertex 0 -5 11.5
      vertex -0.348622 -3.98478 11.5
      vertex 0 -4 11.5
    endloop
  endfacet
  facet normal 0 0 -1
    outer loop
      vertex -0.435779 -4.98097 11.5
      vertex -0.348622 -3.98478 11.5
      vertex 0 -5 11.5
    endloop
  endfacet
  facet normal 0 0 -1
    outer loop
      vertex -0.435779 -4.98097 11.5
      vertex -0.694592 -3.93923 11.5
      vertex -0.348622 -3.98478 11.5
    endloop
  endfacet
  facet normal 0 0 -1
    outer loop
      vertex -0.86824 -4.92404 11.5
      vertex -0.694592 -3.93923 11.5
      vertex -0.435779 -4.98097 11.5
    endloop
  endfacet
  facet normal 0 0 -1
    outer loop
      vertex -0.86824 -4.92404 11.5
      vertex -1.03528 -3.8637 11.5
      vertex -0.694592 -3.93923 11.5
    endloop
  endfacet
  facet normal 0 0 -1
    outer loop
      vertex -1.2941 -4.82963 11.5
      vertex -1.03528 -3.8637 11.5
      vertex -0.86824 -4.92404 11.5
    endloop
  endfacet
  facet normal 0 0 -1
    outer loop
      vertex -1.2941 -4.82963 11.5
      vertex -1.36808 -3.75877 11.5
      vertex -1.03528 -3.8637 11.5
    endloop
  endfacet
  facet normal 0 0 -1
    outer loop
      vertex -1.7101 -4.69846 11.5
      vertex -1.36808 -3.75877 11.5
      vertex -1.2941 -4.82963 11.5
    endloop
  endfacet
  facet normal -0 0 -1
    outer loop
      vertex -1.36808 -3.75877 11.5
      vertex -1.7101 -4.69846 11.5
      vertex -1.69047 -3.62523 11.5
    endloop
  endfacet
  facet normal 0 0 -1
    outer loop
      vertex -2.11309 -4.53154 11.5
      vertex -1.69047 -3.62523 11.5
      vertex -1.7101 -4.69846 11.5
    endloop
  endfacet
  facet normal -0 0 -1
    outer loop
      vertex -1.69047 -3.62523 11.5
      vertex -2.11309 -4.53154 11.5
      vertex -2 -3.4641 11.5
    endloop
  endfacet
  facet normal 0 0 -1
    outer loop
      vertex -2.5 -4.33013 11.5
      vertex -2 -3.4641 11.5
      vertex -2.11309 -4.53154 11.5
    endloop
  endfacet
  facet normal -0 0 -1
    outer loop
      vertex -2 -3.4641 11.5
      vertex -2.5 -4.33013 11.5
      vertex -2.2943 -3.27661 11.5
    endloop
  endfacet
  facet normal 0 0 -1
    outer loop
      vertex -2.86788 -4.09576 11.5
      vertex -2.2943 -3.27661 11.5
      vertex -2.5 -4.33013 11.5
    endloop
  endfacet
  facet normal -0 0 -1
    outer loop
      vertex -2.2943 -3.27661 11.5
      vertex -2.86788 -4.09576 11.5
      vertex -2.57115 -3.06418 11.5
    endloop
  endfacet
  facet normal 0 0 -1
    outer loop
      vertex -3.21394 -3.83022 11.5
      vertex -2.57115 -3.06418 11.5
      vertex -2.86788 -4.09576 11.5
    endloop
  endfacet
  facet normal -0 0 -1
    outer loop
      vertex -2.57115 -3.06418 11.5
      vertex -3.21394 -3.83022 11.5
      vertex -2.82843 -2.82843 11.5
    endloop
  endfacet
  facet normal 0 0 -1
    outer loop
      vertex -3.53553 -3.53553 11.5
      vertex -2.82843 -2.82843 11.5
      vertex -3.21394 -3.83022 11.5
    endloop
  endfacet
  facet normal -0 0 -1
    outer loop
      vertex -2.82843 -2.82843 11.5
      vertex -3.53553 -3.53553 11.5
      vertex -3.06418 -2.57115 11.5
    endloop
  endfacet
  facet normal 0 0 -1
    outer loop
      vertex -3.83022 -3.21394 11.5
      vertex -3.06418 -2.57115 11.5
      vertex -3.53553 -3.53553 11.5
    endloop
  endfacet
  facet normal -0 0 -1
    outer loop
      vertex -3.06418 -2.57115 11.5
      vertex -3.83022 -3.21394 11.5
      vertex -3.27661 -2.2943 11.5
    endloop
  endfacet
  facet normal 0 0 -1
    outer loop
      vertex -4.09576 -2.86788 11.5
      vertex -3.27661 -2.2943 11.5
      vertex -3.83022 -3.21394 11.5
    endloop
  endfacet
  facet normal -0 0 -1
    outer loop
      vertex -3.27661 -2.2943 11.5
      vertex -4.09576 -2.86788 11.5
      vertex -3.4641 -2 11.5
    endloop
  endfacet
  facet normal 0 0 -1
    outer loop
      vertex -4.33013 -2.5 11.5
      vertex -3.4641 -2 11.5
      vertex -4.09576 -2.86788 11.5
    endloop
  endfacet
  facet normal -0 0 -1
    outer loop
      vertex -3.4641 -2 11.5
      vertex -4.33013 -2.5 11.5
      vertex -3.62523 -1.69047 11.5
    endloop
  endfacet
  facet normal 0 0 -1
    outer loop
      vertex -4.53154 -2.11309 11.5
      vertex -3.62523 -1.69047 11.5
      vertex -4.33013 -2.5 11.5
    endloop
  endfacet
  facet normal -0 0 -1
    outer loop
      vertex -3.62523 -1.69047 11.5
      vertex -4.53154 -2.11309 11.5
      vertex -3.75877 -1.36808 11.5
    endloop
  endfacet
  facet normal -0 0 -1
    outer loop
      vertex -3.75877 -1.36808 11.5
      vertex -4.69846 -1.7101 11.5
      vertex -3.8637 -1.03528 11.5
    endloop
  endfacet
  facet normal 0 0 -1
    outer loop
      vertex -4.69846 -1.7101 11.5
      vertex -3.75877 -1.36808 11.5
      vertex -4.53154 -2.11309 11.5
    endloop
  endfacet
  facet normal 0 0 -1
    outer loop
      vertex 3.75877 1.36808 11.5
      vertex 4.69846 1.7101 11.5
      vertex 3.8637 1.03528 11.5
    endloop
  endfacet
  facet normal -0 0 -1
    outer loop
      vertex 4.69846 1.7101 11.5
      vertex 3.75877 1.36808 11.5
      vertex 4.53154 2.11309 11.5
    endloop
  endfacet
  facet normal 0 0 -1
    outer loop
      vertex 3.62523 1.69047 11.5
      vertex 4.53154 2.11309 11.5
      vertex 3.75877 1.36808 11.5
    endloop
  endfacet
  facet normal -0 0 -1
    outer loop
      vertex 4.53154 2.11309 11.5
      vertex 3.62523 1.69047 11.5
      vertex 4.33013 2.5 11.5
    endloop
  endfacet
  facet normal 0 0 -1
    outer loop
      vertex 3.4641 2 11.5
      vertex 4.33013 2.5 11.5
      vertex 3.62523 1.69047 11.5
    endloop
  endfacet
  facet normal -0 0 -1
    outer loop
      vertex 4.33013 2.5 11.5
      vertex 3.4641 2 11.5
      vertex 4.09576 2.86788 11.5
    endloop
  endfacet
  facet normal 0 0 -1
    outer loop
      vertex 3.27661 2.2943 11.5
      vertex 4.09576 2.86788 11.5
      vertex 3.4641 2 11.5
    endloop
  endfacet
  facet normal -0 0 -1
    outer loop
      vertex 4.09576 2.86788 11.5
      vertex 3.27661 2.2943 11.5
      vertex 3.99438 3 11.5
    endloop
  endfacet
  facet normal 0 0 -1
    outer loop
      vertex 3.06418 2.57115 11.5
      vertex 3.99438 3 11.5
      vertex 3.27661 2.2943 11.5
    endloop
  endfacet
  facet normal 0 0 -1
    outer loop
      vertex 2.82843 2.82843 11.5
      vertex 3.99438 3 11.5
      vertex 3.06418 2.57115 11.5
    endloop
  endfacet
  facet normal -0 0 -1
    outer loop
      vertex 3.99438 3 11.5
      vertex 2.82843 2.82843 11.5
      vertex 2.64119 3 11.5
    endloop
  endfacet
  facet normal 0 0 -1
    outer loop
      vertex -2.82843 2.82843 11.5
      vertex -3.99438 3 11.5
      vertex -2.64119 3 11.5
    endloop
  endfacet
  facet normal 0 0 -1
    outer loop
      vertex -3.06418 2.57115 11.5
      vertex -3.99438 3 11.5
      vertex -2.82843 2.82843 11.5
    endloop
  endfacet
  facet normal 0 0 -1
    outer loop
      vertex -3.27661 2.2943 11.5
      vertex -3.99438 3 11.5
      vertex -3.06418 2.57115 11.5
    endloop
  endfacet
  facet normal 0 0 -1
    outer loop
      vertex -4.09576 2.86788 11.5
      vertex -3.27661 2.2943 11.5
      vertex -3.4641 2 11.5
    endloop
  endfacet
  facet normal 0 0 -1
    outer loop
      vertex -4.33013 2.5 11.5
      vertex -3.4641 2 11.5
      vertex -3.62523 1.69047 11.5
    endloop
  endfacet
  facet normal 0 0 -1
    outer loop
      vertex -4.53154 2.11309 11.5
      vertex -3.62523 1.69047 11.5
      vertex -3.75877 1.36808 11.5
    endloop
  endfacet
  facet normal 0 0 -1
    outer loop
      vertex -4.69846 1.7101 11.5
      vertex -3.75877 1.36808 11.5
      vertex -3.8637 1.03528 11.5
    endloop
  endfacet
  facet normal 0 0 -1
    outer loop
      vertex -4.82963 1.2941 11.5
      vertex -3.8637 1.03528 11.5
      vertex -3.93923 0.694592 11.5
    endloop
  endfacet
  facet normal 0 0 -1
    outer loop
      vertex -4.92404 0.86824 11.5
      vertex -3.93923 0.694592 11.5
      vertex -3.98478 0.348622 11.5
    endloop
  endfacet
  facet normal 0 0 -1
    outer loop
      vertex -4.98097 0.435779 11.5
      vertex -3.98478 0.348622 11.5
      vertex -4 0 11.5
    endloop
  endfacet
  facet normal 0 0 -1
    outer loop
      vertex -4.82963 -1.2941 11.5
      vertex -3.8637 -1.03528 11.5
      vertex -4.69846 -1.7101 11.5
    endloop
  endfacet
  facet normal -0 0 -1
    outer loop
      vertex -3.8637 -1.03528 11.5
      vertex -4.82963 -1.2941 11.5
      vertex -3.93923 -0.694592 11.5
    endloop
  endfacet
  facet normal 0 0 -1
    outer loop
      vertex -3.4641 2 11.5
      vertex -4.33013 2.5 11.5
      vertex -4.09576 2.86788 11.5
    endloop
  endfacet
  facet normal 0 0 -1
    outer loop
      vertex -3.27661 2.2943 11.5
      vertex -4.09576 2.86788 11.5
      vertex -3.99438 3 11.5
    endloop
  endfacet
  facet normal 0 0 -1
    outer loop
      vertex -4.92404 -0.86824 11.5
      vertex -3.93923 -0.694592 11.5
      vertex -4.82963 -1.2941 11.5
    endloop
  endfacet
  facet normal 0 0 -1
    outer loop
      vertex -3.62523 1.69047 11.5
      vertex -4.53154 2.11309 11.5
      vertex -4.33013 2.5 11.5
    endloop
  endfacet
  facet normal -0 0 -1
    outer loop
      vertex -3.93923 -0.694592 11.5
      vertex -4.92404 -0.86824 11.5
      vertex -3.98478 -0.348622 11.5
    endloop
  endfacet
  facet normal 0 0 -1
    outer loop
      vertex -3.75877 1.36808 11.5
      vertex -4.69846 1.7101 11.5
      vertex -4.53154 2.11309 11.5
    endloop
  endfacet
  facet normal 0 0 -1
    outer loop
      vertex -4.98097 -0.435779 11.5
      vertex -3.98478 -0.348622 11.5
      vertex -4.92404 -0.86824 11.5
    endloop
  endfacet
  facet normal 0 0 -1
    outer loop
      vertex -3.8637 1.03528 11.5
      vertex -4.82963 1.2941 11.5
      vertex -4.69846 1.7101 11.5
    endloop
  endfacet
  facet normal -0 0 -1
    outer loop
      vertex -3.98478 -0.348622 11.5
      vertex -4.98097 -0.435779 11.5
      vertex -4 0 11.5
    endloop
  endfacet
  facet normal 0 0 -1
    outer loop
      vertex -3.93923 0.694592 11.5
      vertex -4.92404 0.86824 11.5
      vertex -4.82963 1.2941 11.5
    endloop
  endfacet
  facet normal 0 0 -1
    outer loop
      vertex -5 0 11.5
      vertex -4 0 11.5
      vertex -4.98097 -0.435779 11.5
    endloop
  endfacet
  facet normal 0 0 -1
    outer loop
      vertex -3.98478 0.348622 11.5
      vertex -4.98097 0.435779 11.5
      vertex -4.92404 0.86824 11.5
    endloop
  endfacet
  facet normal 0 0 -1
    outer loop
      vertex -4 0 11.5
      vertex -5 0 11.5
      vertex -4.98097 0.435779 11.5
    endloop
  endfacet
  facet normal -0.843387 -0.537307 0
    outer loop
      vertex -4.09576 -2.86788 77.35
      vertex -4.33013 -2.5 85.34
      vertex -4.33013 -2.5 77.35
    endloop
  endfacet
  facet normal -0.843387 -0.537307 0
    outer loop
      vertex -4.33013 -2.5 85.34
      vertex -4.09576 -2.86788 77.35
      vertex -4.09576 -2.86788 85.34
    endloop
  endfacet
  facet normal -0.843387 -0.537307 0
    outer loop
      vertex -4.09576 -2.86788 11.5
      vertex -4.33013 -2.5 65.35
      vertex -4.33013 -2.5 11.5
    endloop
  endfacet
  facet normal -0.843387 -0.537307 0
    outer loop
      vertex -4.33013 -2.5 65.35
      vertex -4.09576 -2.86788 11.5
      vertex -4.09576 -2.86788 65.35
    endloop
  endfacet
  facet normal -0.216438 -0.976296 0
    outer loop
      vertex -1.2941 -4.82963 77.35
      vertex -0.86824 -4.92404 85.34
      vertex -1.2941 -4.82963 85.34
    endloop
  endfacet
  facet normal -0.216438 -0.976296 -0
    outer loop
      vertex -0.86824 -4.92404 85.34
      vertex -1.2941 -4.82963 77.35
      vertex -0.86824 -4.92404 77.35
    endloop
  endfacet
  facet normal -0.216438 -0.976296 0
    outer loop
      vertex -1.2941 -4.82963 11.5
      vertex -0.86824 -4.92404 65.35
      vertex -1.2941 -4.82963 65.35
    endloop
  endfacet
  facet normal -0.216438 -0.976296 -0
    outer loop
      vertex -0.86824 -4.92404 65.35
      vertex -1.2941 -4.82963 11.5
      vertex -0.86824 -4.92404 11.5
    endloop
  endfacet
  facet normal 0.300718 0.953713 -0
    outer loop
      vertex 1.7101 4.69846 77.35
      vertex 1.2941 4.82963 85.34
      vertex 1.7101 4.69846 85.34
    endloop
  endfacet
  facet normal 0.300718 0.953713 0
    outer loop
      vertex 1.2941 4.82963 85.34
      vertex 1.7101 4.69846 77.35
      vertex 1.2941 4.82963 77.35
    endloop
  endfacet
  facet normal 0.300718 0.953713 -0
    outer loop
      vertex 1.7101 4.69846 11.5
      vertex 1.2941 4.82963 65.35
      vertex 1.7101 4.69846 65.35
    endloop
  endfacet
  facet normal 0.300718 0.953713 0
    outer loop
      vertex 1.2941 4.82963 65.35
      vertex 1.7101 4.69846 11.5
      vertex 1.2941 4.82963 11.5
    endloop
  endfacet
  facet normal 0.793355 -0.60876 0
    outer loop
      vertex 3.83022 -3.21394 85.34
      vertex 4.09576 -2.86788 77.35
      vertex 4.09576 -2.86788 85.34
    endloop
  endfacet
  facet normal 0.793355 -0.60876 0
    outer loop
      vertex 4.09576 -2.86788 77.35
      vertex 3.83022 -3.21394 85.34
      vertex 3.83022 -3.21394 77.35
    endloop
  endfacet
  facet normal 0.793355 -0.60876 0
    outer loop
      vertex 3.83022 -3.21394 65.35
      vertex 4.09576 -2.86788 11.5
      vertex 4.09576 -2.86788 65.35
    endloop
  endfacet
  facet normal 0.793355 -0.60876 0
    outer loop
      vertex 4.09576 -2.86788 11.5
      vertex 3.83022 -3.21394 65.35
      vertex 3.83022 -3.21394 11.5
    endloop
  endfacet
  facet normal -0.991446 -0.130516 0
    outer loop
      vertex -4.92404 -0.86824 77.35
      vertex -4.98097 -0.435779 85.34
      vertex -4.98097 -0.435779 77.35
    endloop
  endfacet
  facet normal -0.991446 -0.130516 0
    outer loop
      vertex -4.98097 -0.435779 85.34
      vertex -4.92404 -0.86824 77.35
      vertex -4.92404 -0.86824 85.34
    endloop
  endfacet
  facet normal -0.991446 -0.130516 0
    outer loop
      vertex -4.92404 -0.86824 11.5
      vertex -4.98097 -0.435779 65.35
      vertex -4.98097 -0.435779 11.5
    endloop
  endfacet
  facet normal -0.991446 -0.130516 0
    outer loop
      vertex -4.98097 -0.435779 65.35
      vertex -4.92404 -0.86824 11.5
      vertex -4.92404 -0.86824 65.35
    endloop
  endfacet
  facet normal -0.976296 0.216438 0
    outer loop
      vertex -4.92404 0.86824 77.35
      vertex -4.82963 1.2941 85.34
      vertex -4.82963 1.2941 77.35
    endloop
  endfacet
  facet normal -0.976296 0.216438 0
    outer loop
      vertex -4.82963 1.2941 85.34
      vertex -4.92404 0.86824 77.35
      vertex -4.92404 0.86824 85.34
    endloop
  endfacet
  facet normal -0.976296 0.216438 0
    outer loop
      vertex -4.92404 0.86824 11.5
      vertex -4.82963 1.2941 65.35
      vertex -4.82963 1.2941 11.5
    endloop
  endfacet
  facet normal -0.976296 0.216438 0
    outer loop
      vertex -4.82963 1.2941 65.35
      vertex -4.92404 0.86824 11.5
      vertex -4.92404 0.86824 65.35
    endloop
  endfacet
  facet normal 0.300718 -0.953713 0
    outer loop
      vertex 1.2941 -4.82963 77.35
      vertex 1.7101 -4.69846 85.34
      vertex 1.2941 -4.82963 85.34
    endloop
  endfacet
  facet normal 0.300718 -0.953713 0
    outer loop
      vertex 1.7101 -4.69846 85.34
      vertex 1.2941 -4.82963 77.35
      vertex 1.7101 -4.69846 77.35
    endloop
  endfacet
  facet normal 0.300718 -0.953713 0
    outer loop
      vertex 1.2941 -4.82963 11.5
      vertex 1.7101 -4.69846 65.35
      vertex 1.2941 -4.82963 65.35
    endloop
  endfacet
  facet normal 0.300718 -0.953713 0
    outer loop
      vertex 1.7101 -4.69846 65.35
      vertex 1.2941 -4.82963 11.5
      vertex 1.7101 -4.69846 11.5
    endloop
  endfacet
  facet normal -0.461744 0.887013 0
    outer loop
      vertex -2.11309 4.53154 77.35
      vertex -2.5 4.33013 85.34
      vertex -2.11309 4.53154 85.34
    endloop
  endfacet
  facet normal -0.461744 0.887013 0
    outer loop
      vertex -2.5 4.33013 85.34
      vertex -2.11309 4.53154 77.35
      vertex -2.5 4.33013 77.35
    endloop
  endfacet
  facet normal -0.461744 0.887013 0
    outer loop
      vertex -2.11309 4.53154 11.5
      vertex -2.5 4.33013 65.35
      vertex -2.11309 4.53154 65.35
    endloop
  endfacet
  facet normal -0.461744 0.887013 0
    outer loop
      vertex -2.5 4.33013 65.35
      vertex -2.11309 4.53154 11.5
      vertex -2.5 4.33013 11.5
    endloop
  endfacet
  facet normal -0.999048 -0.0436273 0
    outer loop
      vertex -4.98097 -0.435779 77.35
      vertex -5 0 85.34
      vertex -5 0 77.35
    endloop
  endfacet
  facet normal -0.999048 -0.0436273 0
    outer loop
      vertex -5 0 85.34
      vertex -4.98097 -0.435779 77.35
      vertex -4.98097 -0.435779 85.34
    endloop
  endfacet
  facet normal -0.999048 -0.0436273 0
    outer loop
      vertex -4.98097 -0.435779 11.5
      vertex -5 0 65.35
      vertex -5 0 11.5
    endloop
  endfacet
  facet normal -0.999048 -0.0436273 0
    outer loop
      vertex -5 0 65.35
      vertex -4.98097 -0.435779 11.5
      vertex -4.98097 -0.435779 65.35
    endloop
  endfacet
  facet normal 0.461744 -0.887013 0
    outer loop
      vertex 2.11309 -4.53154 77.35
      vertex 2.5 -4.33013 85.34
      vertex 2.11309 -4.53154 85.34
    endloop
  endfacet
  facet normal 0.461744 -0.887013 0
    outer loop
      vertex 2.5 -4.33013 85.34
      vertex 2.11309 -4.53154 77.35
      vertex 2.5 -4.33013 77.35
    endloop
  endfacet
  facet normal 0.461744 -0.887013 0
    outer loop
      vertex 2.11309 -4.53154 11.5
      vertex 2.5 -4.33013 65.35
      vertex 2.11309 -4.53154 65.35
    endloop
  endfacet
  facet normal 0.461744 -0.887013 0
    outer loop
      vertex 2.5 -4.33013 65.35
      vertex 2.11309 -4.53154 11.5
      vertex 2.5 -4.33013 11.5
    endloop
  endfacet
  facet normal -0.843387 0.537307 0
    outer loop
      vertex -4.33013 2.5 77.35
      vertex -4.09576 2.86788 85.34
      vertex -4.09576 2.86788 77.35
    endloop
  endfacet
  facet normal -0.843387 0.537307 0
    outer loop
      vertex -4.09576 2.86788 85.34
      vertex -4.33013 2.5 77.35
      vertex -4.33013 2.5 85.34
    endloop
  endfacet
  facet normal -0.843387 0.537307 0
    outer loop
      vertex -4.33013 2.5 11.5
      vertex -4.09576 2.86788 65.35
      vertex -4.09576 2.86788 11.5
    endloop
  endfacet
  facet normal -0.843387 0.537307 0
    outer loop
      vertex -4.09576 2.86788 65.35
      vertex -4.33013 2.5 11.5
      vertex -4.33013 2.5 65.35
    endloop
  endfacet
  facet normal 0.843387 -0.537307 0
    outer loop
      vertex 4.09576 -2.86788 85.34
      vertex 4.33013 -2.5 77.35
      vertex 4.33013 -2.5 85.34
    endloop
  endfacet
  facet normal 0.843387 -0.537307 0
    outer loop
      vertex 4.33013 -2.5 77.35
      vertex 4.09576 -2.86788 85.34
      vertex 4.09576 -2.86788 77.35
    endloop
  endfacet
  facet normal 0.843387 -0.537307 0
    outer loop
      vertex 4.09576 -2.86788 65.35
      vertex 4.33013 -2.5 11.5
      vertex 4.33013 -2.5 65.35
    endloop
  endfacet
  facet normal 0.843387 -0.537307 0
    outer loop
      vertex 4.33013 -2.5 11.5
      vertex 4.09576 -2.86788 65.35
      vertex 4.09576 -2.86788 11.5
    endloop
  endfacet
  facet normal 0.60876 -0.793355 0
    outer loop
      vertex 2.86788 -4.09576 77.35
      vertex 3.21394 -3.83022 85.34
      vertex 2.86788 -4.09576 85.34
    endloop
  endfacet
  facet normal 0.60876 -0.793355 0
    outer loop
      vertex 3.21394 -3.83022 85.34
      vertex 2.86788 -4.09576 77.35
      vertex 3.21394 -3.83022 77.35
    endloop
  endfacet
  facet normal 0.60876 -0.793355 0
    outer loop
      vertex 2.86788 -4.09576 11.5
      vertex 3.21394 -3.83022 65.35
      vertex 2.86788 -4.09576 65.35
    endloop
  endfacet
  facet normal 0.60876 -0.793355 0
    outer loop
      vertex 3.21394 -3.83022 65.35
      vertex 2.86788 -4.09576 11.5
      vertex 3.21394 -3.83022 11.5
    endloop
  endfacet
  facet normal 0.793355 0.60876 0
    outer loop
      vertex 4.09576 2.86788 85.34
      vertex 3.83022 3.21394 77.35
      vertex 3.83022 3.21394 85.34
    endloop
  endfacet
  facet normal 0.793355 0.60876 0
    outer loop
      vertex 3.83022 3.21394 77.35
      vertex 4.09576 2.86788 85.34
      vertex 4.09576 2.86788 77.35
    endloop
  endfacet
  facet normal 0.793357 0.608757 0
    outer loop
      vertex 3.83022 3.21394 65.35
      vertex 3.99438 3 11.5
      vertex 3.83022 3.21394 11.5
    endloop
  endfacet
  facet normal 0.793355 0.60876 -1.77954e-08
    outer loop
      vertex 4.09576 2.86788 65.35
      vertex 3.99438 3 11.5
      vertex 3.83022 3.21394 65.35
    endloop
  endfacet
  facet normal 0.793351 0.608764 0
    outer loop
      vertex 3.99438 3 11.5
      vertex 4.09576 2.86788 65.35
      vertex 4.09576 2.86788 11.5
    endloop
  endfacet
  facet normal 0.537307 -0.843387 0
    outer loop
      vertex 2.5 -4.33013 77.35
      vertex 2.86788 -4.09576 85.34
      vertex 2.5 -4.33013 85.34
    endloop
  endfacet
  facet normal 0.537307 -0.843387 0
    outer loop
      vertex 2.86788 -4.09576 85.34
      vertex 2.5 -4.33013 77.35
      vertex 2.86788 -4.09576 77.35
    endloop
  endfacet
  facet normal 0.537307 -0.843387 0
    outer loop
      vertex 2.5 -4.33013 11.5
      vertex 2.86788 -4.09576 65.35
      vertex 2.5 -4.33013 65.35
    endloop
  endfacet
  facet normal 0.537307 -0.843387 0
    outer loop
      vertex 2.86788 -4.09576 65.35
      vertex 2.5 -4.33013 11.5
      vertex 2.86788 -4.09576 11.5
    endloop
  endfacet
  facet normal -0.923883 -0.382676 0
    outer loop
      vertex -4.53154 -2.11309 77.35
      vertex -4.69846 -1.7101 85.34
      vertex -4.69846 -1.7101 77.35
    endloop
  endfacet
  facet normal -0.923883 -0.382676 0
    outer loop
      vertex -4.69846 -1.7101 85.34
      vertex -4.53154 -2.11309 77.35
      vertex -4.53154 -2.11309 85.34
    endloop
  endfacet
  facet normal -0.923883 -0.382676 0
    outer loop
      vertex -4.53154 -2.11309 11.5
      vertex -4.69846 -1.7101 65.35
      vertex -4.69846 -1.7101 11.5
    endloop
  endfacet
  facet normal -0.923883 -0.382676 0
    outer loop
      vertex -4.69846 -1.7101 65.35
      vertex -4.53154 -2.11309 11.5
      vertex -4.53154 -2.11309 65.35
    endloop
  endfacet
  facet normal -0.991446 0.130516 0
    outer loop
      vertex -4.98097 0.435779 77.35
      vertex -4.92404 0.86824 85.34
      vertex -4.92404 0.86824 77.35
    endloop
  endfacet
  facet normal -0.991446 0.130516 0
    outer loop
      vertex -4.92404 0.86824 85.34
      vertex -4.98097 0.435779 77.35
      vertex -4.98097 0.435779 85.34
    endloop
  endfacet
  facet normal -0.991446 0.130516 0
    outer loop
      vertex -4.98097 0.435779 11.5
      vertex -4.92404 0.86824 65.35
      vertex -4.92404 0.86824 11.5
    endloop
  endfacet
  facet normal -0.991446 0.130516 0
    outer loop
      vertex -4.92404 0.86824 65.35
      vertex -4.98097 0.435779 11.5
      vertex -4.98097 0.435779 65.35
    endloop
  endfacet
  facet normal -0.300718 -0.953713 0
    outer loop
      vertex -1.7101 -4.69846 77.35
      vertex -1.2941 -4.82963 85.34
      vertex -1.7101 -4.69846 85.34
    endloop
  endfacet
  facet normal -0.300718 -0.953713 -0
    outer loop
      vertex -1.2941 -4.82963 85.34
      vertex -1.7101 -4.69846 77.35
      vertex -1.2941 -4.82963 77.35
    endloop
  endfacet
  facet normal -0.300718 -0.953713 0
    outer loop
      vertex -1.7101 -4.69846 11.5
      vertex -1.2941 -4.82963 65.35
      vertex -1.7101 -4.69846 65.35
    endloop
  endfacet
  facet normal -0.300718 -0.953713 -0
    outer loop
      vertex -1.2941 -4.82963 65.35
      vertex -1.7101 -4.69846 11.5
      vertex -1.2941 -4.82963 11.5
    endloop
  endfacet
  facet normal -0.923883 0.382676 0
    outer loop
      vertex -4.69846 1.7101 77.35
      vertex -4.53154 2.11309 85.34
      vertex -4.53154 2.11309 77.35
    endloop
  endfacet
  facet normal -0.923883 0.382676 0
    outer loop
      vertex -4.53154 2.11309 85.34
      vertex -4.69846 1.7101 77.35
      vertex -4.69846 1.7101 85.34
    endloop
  endfacet
  facet normal -0.923883 0.382676 0
    outer loop
      vertex -4.69846 1.7101 11.5
      vertex -4.53154 2.11309 65.35
      vertex -4.53154 2.11309 11.5
    endloop
  endfacet
  facet normal -0.923883 0.382676 0
    outer loop
      vertex -4.53154 2.11309 65.35
      vertex -4.69846 1.7101 11.5
      vertex -4.69846 1.7101 65.35
    endloop
  endfacet
  facet normal 0.675599 -0.737269 0
    outer loop
      vertex 3.21394 -3.83022 77.35
      vertex 3.53553 -3.53553 85.34
      vertex 3.21394 -3.83022 85.34
    endloop
  endfacet
  facet normal 0.675599 -0.737269 0
    outer loop
      vertex 3.53553 -3.53553 85.34
      vertex 3.21394 -3.83022 77.35
      vertex 3.53553 -3.53553 77.35
    endloop
  endfacet
  facet normal 0.675599 -0.737269 0
    outer loop
      vertex 3.21394 -3.83022 11.5
      vertex 3.53553 -3.53553 65.35
      vertex 3.21394 -3.83022 65.35
    endloop
  endfacet
  facet normal 0.675599 -0.737269 0
    outer loop
      vertex 3.53553 -3.53553 65.35
      vertex 3.21394 -3.83022 11.5
      vertex 3.53553 -3.53553 11.5
    endloop
  endfacet
  facet normal -0.887013 0.461744 0
    outer loop
      vertex -4.53154 2.11309 77.35
      vertex -4.33013 2.5 85.34
      vertex -4.33013 2.5 77.35
    endloop
  endfacet
  facet normal -0.887013 0.461744 0
    outer loop
      vertex -4.33013 2.5 85.34
      vertex -4.53154 2.11309 77.35
      vertex -4.53154 2.11309 85.34
    endloop
  endfacet
  facet normal -0.887013 0.461744 0
    outer loop
      vertex -4.53154 2.11309 11.5
      vertex -4.33013 2.5 65.35
      vertex -4.33013 2.5 11.5
    endloop
  endfacet
  facet normal -0.887013 0.461744 0
    outer loop
      vertex -4.33013 2.5 65.35
      vertex -4.53154 2.11309 11.5
      vertex -4.53154 2.11309 65.35
    endloop
  endfacet
  facet normal -0.793355 0.60876 0
    outer loop
      vertex -4.09576 2.86788 77.35
      vertex -3.83022 3.21394 85.34
      vertex -3.83022 3.21394 77.35
    endloop
  endfacet
  facet normal -0.793355 0.60876 0
    outer loop
      vertex -3.83022 3.21394 85.34
      vertex -4.09576 2.86788 77.35
      vertex -4.09576 2.86788 85.34
    endloop
  endfacet
  facet normal -0.793357 0.608757 0
    outer loop
      vertex -3.99438 3 11.5
      vertex -3.83022 3.21394 65.35
      vertex -3.83022 3.21394 11.5
    endloop
  endfacet
  facet normal -0.793351 0.608764 -4.66109e-08
    outer loop
      vertex -4.09576 2.86788 11.5
      vertex -3.83022 3.21394 65.35
      vertex -3.99438 3 11.5
    endloop
  endfacet
  facet normal -0.793355 0.60876 0
    outer loop
      vertex -3.83022 3.21394 65.35
      vertex -4.09576 2.86788 11.5
      vertex -4.09576 2.86788 65.35
    endloop
  endfacet
  facet normal 0.991444 0.130532 0
    outer loop
      vertex 3.98478 0.348622 11.5
      vertex 3.93923 0.694592 5.72205e-07
      vertex 3.93923 0.694592 11.5
    endloop
  endfacet
  facet normal 0.991444 0.130532 0
    outer loop
      vertex 3.93923 0.694592 5.72205e-07
      vertex 3.98478 0.348622 11.5
      vertex 3.98478 0.348622 5.72205e-07
    endloop
  endfacet
  facet normal 0.999048 0.0436161 0
    outer loop
      vertex 4 0 11.5
      vertex 3.98478 0.348622 5.72205e-07
      vertex 3.98478 0.348622 11.5
    endloop
  endfacet
  facet normal 0.999048 0.0436161 0
    outer loop
      vertex 3.98478 0.348622 5.72205e-07
      vertex 4 0 11.5
      vertex 4 0 5.72205e-07
    endloop
  endfacet
  facet normal 0.976295 0.216443 0
    outer loop
      vertex 3.93923 0.694592 11.5
      vertex 3.8637 1.03528 5.72205e-07
      vertex 3.8637 1.03528 11.5
    endloop
  endfacet
  facet normal 0.976295 0.216443 0
    outer loop
      vertex 3.8637 1.03528 5.72205e-07
      vertex 3.93923 0.694592 11.5
      vertex 3.93923 0.694592 5.72205e-07
    endloop
  endfacet
  facet normal 0.382688 -0.923878 0
    outer loop
      vertex 1.36808 -3.75877 5.72205e-07
      vertex 1.69047 -3.62523 11.5
      vertex 1.36808 -3.75877 11.5
    endloop
  endfacet
  facet normal 0.382688 -0.923878 0
    outer loop
      vertex 1.69047 -3.62523 11.5
      vertex 1.36808 -3.75877 5.72205e-07
      vertex 1.69047 -3.62523 5.72205e-07
    endloop
  endfacet
  facet normal -0.843391 -0.5373 0
    outer loop
      vertex -3.27661 -2.2943 5.72205e-07
      vertex -3.4641 -2 11.5
      vertex -3.4641 -2 5.72205e-07
    endloop
  endfacet
  facet normal -0.843391 -0.5373 0
    outer loop
      vertex -3.4641 -2 11.5
      vertex -3.27661 -2.2943 5.72205e-07
      vertex -3.27661 -2.2943 11.5
    endloop
  endfacet
  facet normal -0.843391 0.5373 0
    outer loop
      vertex -3.4641 2 5.72205e-07
      vertex -3.27661 2.2943 11.5
      vertex -3.27661 2.2943 5.72205e-07
    endloop
  endfacet
  facet normal -0.843391 0.5373 0
    outer loop
      vertex -3.27661 2.2943 11.5
      vertex -3.4641 2 5.72205e-07
      vertex -3.4641 2 11.5
    endloop
  endfacet
  facet normal 0.130532 -0.991444 0
    outer loop
      vertex 0.348622 -3.98478 5.72205e-07
      vertex 0.694592 -3.93923 11.5
      vertex 0.348622 -3.98478 11.5
    endloop
  endfacet
  facet normal 0.130532 -0.991444 0
    outer loop
      vertex 0.694592 -3.93923 11.5
      vertex 0.348622 -3.98478 5.72205e-07
      vertex 0.694592 -3.93923 5.72205e-07
    endloop
  endfacet
  facet normal -0.953718 0.300702 0
    outer loop
      vertex -3.8637 1.03528 5.72205e-07
      vertex -3.75877 1.36808 11.5
      vertex -3.75877 1.36808 5.72205e-07
    endloop
  endfacet
  facet normal -0.953718 0.300702 0
    outer loop
      vertex -3.75877 1.36808 11.5
      vertex -3.8637 1.03528 5.72205e-07
      vertex -3.8637 1.03528 11.5
    endloop
  endfacet
  facet normal -0.923878 -0.382688 0
    outer loop
      vertex -3.62523 -1.69047 5.72205e-07
      vertex -3.75877 -1.36808 11.5
      vertex -3.75877 -1.36808 5.72205e-07
    endloop
  endfacet
  facet normal -0.923878 -0.382688 0
    outer loop
      vertex -3.75877 -1.36808 11.5
      vertex -3.62523 -1.69047 5.72205e-07
      vertex -3.62523 -1.69047 11.5
    endloop
  endfacet
  facet normal 0.79336 -0.608753 0
    outer loop
      vertex 3.06418 -2.57115 11.5
      vertex 3.27661 -2.2943 5.72205e-07
      vertex 3.27661 -2.2943 11.5
    endloop
  endfacet
  facet normal 0.79336 -0.608753 0
    outer loop
      vertex 3.27661 -2.2943 5.72205e-07
      vertex 3.06418 -2.57115 11.5
      vertex 3.06418 -2.57115 5.72205e-07
    endloop
  endfacet
  facet normal -0.953718 -0.300702 0
    outer loop
      vertex -3.75877 -1.36808 5.72205e-07
      vertex -3.8637 -1.03528 11.5
      vertex -3.8637 -1.03528 5.72205e-07
    endloop
  endfacet
  facet normal -0.953718 -0.300702 0
    outer loop
      vertex -3.8637 -1.03528 11.5
      vertex -3.75877 -1.36808 5.72205e-07
      vertex -3.75877 -1.36808 11.5
    endloop
  endfacet
  facet normal 0 0 -1
    outer loop
      vertex 3.98478 -0.348622 5.72205e-07
      vertex 1.69353 -0.148165 5.72205e-07
      vertex 1.7 0 5.72205e-07
    endloop
  endfacet
  facet normal 0 0 -1
    outer loop
      vertex 0.849999 -1.47224 5.72205e-07
      vertex 2 -3.4641 5.72205e-07
      vertex 1.69047 -3.62523 5.72205e-07
    endloop
  endfacet
  facet normal 0 0 -1
    outer loop
      vertex 2.2943 -3.27661 5.72205e-07
      vertex 1.67417 -0.295201 5.72205e-07
      vertex 1.69353 -0.148165 5.72205e-07
    endloop
  endfacet
  facet normal 0 0 -1
    outer loop
      vertex 2.2943 -3.27661 5.72205e-07
      vertex 1.64207 -0.439992 5.72205e-07
      vertex 1.67417 -0.295201 5.72205e-07
    endloop
  endfacet
  facet normal 0 0 -1
    outer loop
      vertex 2.2943 -3.27661 5.72205e-07
      vertex 1.59748 -0.581433 5.72205e-07
      vertex 1.64207 -0.439992 5.72205e-07
    endloop
  endfacet
  facet normal 0 0 -1
    outer loop
      vertex 2.2943 -3.27661 5.72205e-07
      vertex 1.54072 -0.718451 5.72205e-07
      vertex 1.59748 -0.581433 5.72205e-07
    endloop
  endfacet
  facet normal 0 0 -1
    outer loop
      vertex 2.2943 -3.27661 5.72205e-07
      vertex 1.47224 -0.849999 5.72205e-07
      vertex 1.54072 -0.718451 5.72205e-07
    endloop
  endfacet
  facet normal 0 0 -1
    outer loop
      vertex 2.2943 -3.27661 5.72205e-07
      vertex 1.39256 -0.97508 5.72205e-07
      vertex 1.47224 -0.849999 5.72205e-07
    endloop
  endfacet
  facet normal 0 0 -1
    outer loop
      vertex 0.718451 -1.54072 5.72205e-07
      vertex 1.69047 -3.62523 5.72205e-07
      vertex 1.36808 -3.75877 5.72205e-07
    endloop
  endfacet
  facet normal 0 0 -1
    outer loop
      vertex 2.2943 -3.27661 5.72205e-07
      vertex 1.30227 -1.09274 5.72205e-07
      vertex 1.39256 -0.97508 5.72205e-07
    endloop
  endfacet
  facet normal 0 0 -1
    outer loop
      vertex 2.2943 -3.27661 5.72205e-07
      vertex 1.20208 -1.20208 5.72205e-07
      vertex 1.30227 -1.09274 5.72205e-07
    endloop
  endfacet
  facet normal 0 0 -1
    outer loop
      vertex 2.2943 -3.27661 5.72205e-07
      vertex 1.09274 -1.30227 5.72205e-07
      vertex 1.20208 -1.20208 5.72205e-07
    endloop
  endfacet
  facet normal 0 0 -1
    outer loop
      vertex 0.581433 -1.59748 5.72205e-07
      vertex 1.36808 -3.75877 5.72205e-07
      vertex 1.03528 -3.8637 5.72205e-07
    endloop
  endfacet
  facet normal 0 0 -1
    outer loop
      vertex 2.2943 -3.27661 5.72205e-07
      vertex 0.97508 -1.39256 5.72205e-07
      vertex 1.09274 -1.30227 5.72205e-07
    endloop
  endfacet
  facet normal 0 0 -1
    outer loop
      vertex 2 -3.4641 5.72205e-07
      vertex 0.849999 -1.47224 5.72205e-07
      vertex 0.97508 -1.39256 5.72205e-07
    endloop
  endfacet
  facet normal 0 0 -1
    outer loop
      vertex 1.69047 -3.62523 5.72205e-07
      vertex 0.718451 -1.54072 5.72205e-07
      vertex 0.849999 -1.47224 5.72205e-07
    endloop
  endfacet
  facet normal 0 0 -1
    outer loop
      vertex 0.439992 -1.64207 5.72205e-07
      vertex 1.03528 -3.8637 5.72205e-07
      vertex 0.694592 -3.93923 5.72205e-07
    endloop
  endfacet
  facet normal 0 0 -1
    outer loop
      vertex 1.36808 -3.75877 5.72205e-07
      vertex 0.581433 -1.59748 5.72205e-07
      vertex 0.718451 -1.54072 5.72205e-07
    endloop
  endfacet
  facet normal 0 0 -1
    outer loop
      vertex 1.03528 -3.8637 5.72205e-07
      vertex 0.439992 -1.64207 5.72205e-07
      vertex 0.581433 -1.59748 5.72205e-07
    endloop
  endfacet
  facet normal 0 0 -1
    outer loop
      vertex 0.295201 -1.67417 5.72205e-07
      vertex 0.694592 -3.93923 5.72205e-07
      vertex 0.348622 -3.98478 5.72205e-07
    endloop
  endfacet
  facet normal 0 0 -1
    outer loop
      vertex 0.694592 -3.93923 5.72205e-07
      vertex 0.295201 -1.67417 5.72205e-07
      vertex 0.439992 -1.64207 5.72205e-07
    endloop
  endfacet
  facet normal 0 0 -1
    outer loop
      vertex 0.348622 -3.98478 5.72205e-07
      vertex 0.148165 -1.69353 5.72205e-07
      vertex 0.295201 -1.67417 5.72205e-07
    endloop
  endfacet
  facet normal 0 0 -1
    outer loop
      vertex 0 -4 5.72205e-07
      vertex 0.148165 -1.69353 5.72205e-07
      vertex 0.348622 -3.98478 5.72205e-07
    endloop
  endfacet
  facet normal 0 0 -1
    outer loop
      vertex 0 -4 5.72205e-07
      vertex 0 -1.7 5.72205e-07
      vertex 0.148165 -1.69353 5.72205e-07
    endloop
  endfacet
  facet normal 0 0 -1
    outer loop
      vertex 0 -4 5.72205e-07
      vertex -0.148165 -1.69353 5.72205e-07
      vertex 0 -1.7 5.72205e-07
    endloop
  endfacet
  facet normal 0 0 -1
    outer loop
      vertex -0.348622 -3.98478 5.72205e-07
      vertex -0.148165 -1.69353 5.72205e-07
      vertex 0 -4 5.72205e-07
    endloop
  endfacet
  facet normal -0 0 -1
    outer loop
      vertex -0.148165 -1.69353 5.72205e-07
      vertex -0.348622 -3.98478 5.72205e-07
      vertex -0.295201 -1.67417 5.72205e-07
    endloop
  endfacet
  facet normal 0 0 -1
    outer loop
      vertex -0.694592 -3.93923 5.72205e-07
      vertex -0.295201 -1.67417 5.72205e-07
      vertex -0.348622 -3.98478 5.72205e-07
    endloop
  endfacet
  facet normal -0 0 -1
    outer loop
      vertex -0.295201 -1.67417 5.72205e-07
      vertex -0.694592 -3.93923 5.72205e-07
      vertex -0.439992 -1.64207 5.72205e-07
    endloop
  endfacet
  facet normal 0 0 -1
    outer loop
      vertex -1.03528 -3.8637 5.72205e-07
      vertex -0.439992 -1.64207 5.72205e-07
      vertex -0.694592 -3.93923 5.72205e-07
    endloop
  endfacet
  facet normal -0 0 -1
    outer loop
      vertex -0.439992 -1.64207 5.72205e-07
      vertex -1.03528 -3.8637 5.72205e-07
      vertex -0.581433 -1.59748 5.72205e-07
    endloop
  endfacet
  facet normal 0 0 -1
    outer loop
      vertex -1.36808 -3.75877 5.72205e-07
      vertex -0.581433 -1.59748 5.72205e-07
      vertex -1.03528 -3.8637 5.72205e-07
    endloop
  endfacet
  facet normal -0 0 -1
    outer loop
      vertex -0.581433 -1.59748 5.72205e-07
      vertex -1.36808 -3.75877 5.72205e-07
      vertex -0.718451 -1.54072 5.72205e-07
    endloop
  endfacet
  facet normal 0 0 -1
    outer loop
      vertex -1.69047 -3.62523 5.72205e-07
      vertex -0.718451 -1.54072 5.72205e-07
      vertex -1.36808 -3.75877 5.72205e-07
    endloop
  endfacet
  facet normal -0 0 -1
    outer loop
      vertex -0.718451 -1.54072 5.72205e-07
      vertex -1.69047 -3.62523 5.72205e-07
      vertex -0.849999 -1.47224 5.72205e-07
    endloop
  endfacet
  facet normal 0 0 -1
    outer loop
      vertex -2 -3.4641 5.72205e-07
      vertex -0.849999 -1.47224 5.72205e-07
      vertex -1.69047 -3.62523 5.72205e-07
    endloop
  endfacet
  facet normal -0 0 -1
    outer loop
      vertex -0.849999 -1.47224 5.72205e-07
      vertex -2 -3.4641 5.72205e-07
      vertex -0.97508 -1.39256 5.72205e-07
    endloop
  endfacet
  facet normal 0 0 -1
    outer loop
      vertex -2.2943 -3.27661 5.72205e-07
      vertex -0.97508 -1.39256 5.72205e-07
      vertex -2 -3.4641 5.72205e-07
    endloop
  endfacet
  facet normal -0 0 -1
    outer loop
      vertex -0.97508 -1.39256 5.72205e-07
      vertex -2.2943 -3.27661 5.72205e-07
      vertex -1.09274 -1.30227 5.72205e-07
    endloop
  endfacet
  facet normal 0 0 -1
    outer loop
      vertex -2.57115 -3.06418 5.72205e-07
      vertex -1.09274 -1.30227 5.72205e-07
      vertex -2.2943 -3.27661 5.72205e-07
    endloop
  endfacet
  facet normal -0 0 -1
    outer loop
      vertex -1.09274 -1.30227 5.72205e-07
      vertex -2.57115 -3.06418 5.72205e-07
      vertex -1.20208 -1.20208 5.72205e-07
    endloop
  endfacet
  facet normal 0 0 -1
    outer loop
      vertex -2.82843 -2.82843 5.72205e-07
      vertex -1.20208 -1.20208 5.72205e-07
      vertex -2.57115 -3.06418 5.72205e-07
    endloop
  endfacet
  facet normal -0 0 -1
    outer loop
      vertex -1.20208 -1.20208 5.72205e-07
      vertex -2.82843 -2.82843 5.72205e-07
      vertex -1.30227 -1.09274 5.72205e-07
    endloop
  endfacet
  facet normal 0 0 -1
    outer loop
      vertex -3.06418 -2.57115 5.72205e-07
      vertex -1.30227 -1.09274 5.72205e-07
      vertex -2.82843 -2.82843 5.72205e-07
    endloop
  endfacet
  facet normal -0 0 -1
    outer loop
      vertex -1.30227 -1.09274 5.72205e-07
      vertex -3.06418 -2.57115 5.72205e-07
      vertex -1.39256 -0.97508 5.72205e-07
    endloop
  endfacet
  facet normal 0 0 -1
    outer loop
      vertex -3.27661 -2.2943 5.72205e-07
      vertex -1.39256 -0.97508 5.72205e-07
      vertex -3.06418 -2.57115 5.72205e-07
    endloop
  endfacet
  facet normal -0 0 -1
    outer loop
      vertex -1.39256 -0.97508 5.72205e-07
      vertex -3.27661 -2.2943 5.72205e-07
      vertex -1.47224 -0.849999 5.72205e-07
    endloop
  endfacet
  facet normal 0 0 -1
    outer loop
      vertex -3.4641 -2 5.72205e-07
      vertex -1.47224 -0.849999 5.72205e-07
      vertex -3.27661 -2.2943 5.72205e-07
    endloop
  endfacet
  facet normal 0 0 -1
    outer loop
      vertex 1.7 0 5.72205e-07
      vertex 4 0 5.72205e-07
      vertex 3.98478 -0.348622 5.72205e-07
    endloop
  endfacet
  facet normal 0 0 -1
    outer loop
      vertex 1.69353 -0.148165 5.72205e-07
      vertex 3.98478 -0.348622 5.72205e-07
      vertex 3.93923 -0.694592 5.72205e-07
    endloop
  endfacet
  facet normal 0 0 -1
    outer loop
      vertex 4 0 5.72205e-07
      vertex 1.7 0 5.72205e-07
      vertex 3.98478 0.348622 5.72205e-07
    endloop
  endfacet
  facet normal 0 0 -1
    outer loop
      vertex 1.69353 -0.148165 5.72205e-07
      vertex 3.93923 -0.694592 5.72205e-07
      vertex 3.8637 -1.03528 5.72205e-07
    endloop
  endfacet
  facet normal 0 0 -1
    outer loop
      vertex 1.69353 0.148165 5.72205e-07
      vertex 3.98478 0.348622 5.72205e-07
      vertex 1.7 0 5.72205e-07
    endloop
  endfacet
  facet normal 0 0 -1
    outer loop
      vertex 1.69353 -0.148165 5.72205e-07
      vertex 3.8637 -1.03528 5.72205e-07
      vertex 3.75877 -1.36808 5.72205e-07
    endloop
  endfacet
  facet normal -0 0 -1
    outer loop
      vertex 3.98478 0.348622 5.72205e-07
      vertex 1.69353 0.148165 5.72205e-07
      vertex 3.93923 0.694592 5.72205e-07
    endloop
  endfacet
  facet normal 0 0 -1
    outer loop
      vertex 1.69353 -0.148165 5.72205e-07
      vertex 3.75877 -1.36808 5.72205e-07
      vertex 3.62523 -1.69047 5.72205e-07
    endloop
  endfacet
  facet normal 0 0 -1
    outer loop
      vertex 1.67417 0.295201 5.72205e-07
      vertex 3.93923 0.694592 5.72205e-07
      vertex 1.69353 0.148165 5.72205e-07
    endloop
  endfacet
  facet normal 0 0 -1
    outer loop
      vertex 1.69353 -0.148165 5.72205e-07
      vertex 3.62523 -1.69047 5.72205e-07
      vertex 3.4641 -2 5.72205e-07
    endloop
  endfacet
  facet normal -0 0 -1
    outer loop
      vertex 3.93923 0.694592 5.72205e-07
      vertex 1.67417 0.295201 5.72205e-07
      vertex 3.8637 1.03528 5.72205e-07
    endloop
  endfacet
  facet normal 0 0 -1
    outer loop
      vertex 1.69353 -0.148165 5.72205e-07
      vertex 3.4641 -2 5.72205e-07
      vertex 3.27661 -2.2943 5.72205e-07
    endloop
  endfacet
  facet normal 0 0 -1
    outer loop
      vertex 1.64207 0.439992 5.72205e-07
      vertex 3.8637 1.03528 5.72205e-07
      vertex 1.67417 0.295201 5.72205e-07
    endloop
  endfacet
  facet normal 0 0 -1
    outer loop
      vertex 1.69353 -0.148165 5.72205e-07
      vertex 3.27661 -2.2943 5.72205e-07
      vertex 3.06418 -2.57115 5.72205e-07
    endloop
  endfacet
  facet normal -0 0 -1
    outer loop
      vertex 3.8637 1.03528 5.72205e-07
      vertex 1.64207 0.439992 5.72205e-07
      vertex 3.75877 1.36808 5.72205e-07
    endloop
  endfacet
  facet normal 0 0 -1
    outer loop
      vertex 1.69353 -0.148165 5.72205e-07
      vertex 3.06418 -2.57115 5.72205e-07
      vertex 2.82843 -2.82843 5.72205e-07
    endloop
  endfacet
  facet normal 0 0 -1
    outer loop
      vertex 1.59748 0.581433 5.72205e-07
      vertex 3.75877 1.36808 5.72205e-07
      vertex 1.64207 0.439992 5.72205e-07
    endloop
  endfacet
  facet normal -0 0 -1
    outer loop
      vertex 3.75877 1.36808 5.72205e-07
      vertex 1.59748 0.581433 5.72205e-07
      vertex 3.62523 1.69047 5.72205e-07
    endloop
  endfacet
  facet normal 0 0 -1
    outer loop
      vertex 1.69353 -0.148165 5.72205e-07
      vertex 2.82843 -2.82843 5.72205e-07
      vertex 2.57115 -3.06418 5.72205e-07
    endloop
  endfacet
  facet normal 0 0 -1
    outer loop
      vertex 1.69353 -0.148165 5.72205e-07
      vertex 2.57115 -3.06418 5.72205e-07
      vertex 2.2943 -3.27661 5.72205e-07
    endloop
  endfacet
  facet normal 0 0 -1
    outer loop
      vertex 0.97508 -1.39256 5.72205e-07
      vertex 2.2943 -3.27661 5.72205e-07
      vertex 2 -3.4641 5.72205e-07
    endloop
  endfacet
  facet normal 0 0 -1
    outer loop
      vertex 1.54072 0.718451 5.72205e-07
      vertex 3.62523 1.69047 5.72205e-07
      vertex 1.59748 0.581433 5.72205e-07
    endloop
  endfacet
  facet normal -0 0 -1
    outer loop
      vertex 3.62523 1.69047 5.72205e-07
      vertex 1.54072 0.718451 5.72205e-07
      vertex 3.4641 2 5.72205e-07
    endloop
  endfacet
  facet normal 0 0 -1
    outer loop
      vertex 1.47224 0.849999 5.72205e-07
      vertex 3.4641 2 5.72205e-07
      vertex 1.54072 0.718451 5.72205e-07
    endloop
  endfacet
  facet normal -0 0 -1
    outer loop
      vertex 3.4641 2 5.72205e-07
      vertex 1.47224 0.849999 5.72205e-07
      vertex 3.27661 2.2943 5.72205e-07
    endloop
  endfacet
  facet normal 0 0 -1
    outer loop
      vertex 1.39256 0.97508 5.72205e-07
      vertex 3.27661 2.2943 5.72205e-07
      vertex 1.47224 0.849999 5.72205e-07
    endloop
  endfacet
  facet normal -0 0 -1
    outer loop
      vertex 3.27661 2.2943 5.72205e-07
      vertex 1.39256 0.97508 5.72205e-07
      vertex 3.06418 2.57115 5.72205e-07
    endloop
  endfacet
  facet normal 0 0 -1
    outer loop
      vertex 1.30227 1.09274 5.72205e-07
      vertex 3.06418 2.57115 5.72205e-07
      vertex 1.39256 0.97508 5.72205e-07
    endloop
  endfacet
  facet normal -0 0 -1
    outer loop
      vertex 3.06418 2.57115 5.72205e-07
      vertex 1.30227 1.09274 5.72205e-07
      vertex 2.82843 2.82843 5.72205e-07
    endloop
  endfacet
  facet normal 0 0 -1
    outer loop
      vertex 1.20208 1.20208 5.72205e-07
      vertex 2.82843 2.82843 5.72205e-07
      vertex 1.30227 1.09274 5.72205e-07
    endloop
  endfacet
  facet normal -0 0 -1
    outer loop
      vertex 2.82843 2.82843 5.72205e-07
      vertex 1.20208 1.20208 5.72205e-07
      vertex 2.64119 3 5.72205e-07
    endloop
  endfacet
  facet normal 0 0 -1
    outer loop
      vertex 1.09274 1.30227 5.72205e-07
      vertex 2.64119 3 5.72205e-07
      vertex 1.20208 1.20208 5.72205e-07
    endloop
  endfacet
  facet normal 0 0 -1
    outer loop
      vertex 0.97508 1.39256 5.72205e-07
      vertex 2.64119 3 5.72205e-07
      vertex 1.09274 1.30227 5.72205e-07
    endloop
  endfacet
  facet normal 0 0 -1
    outer loop
      vertex 0.849999 1.47224 5.72205e-07
      vertex 2.64119 3 5.72205e-07
      vertex 0.97508 1.39256 5.72205e-07
    endloop
  endfacet
  facet normal 0 0 -1
    outer loop
      vertex 0.718451 1.54072 5.72205e-07
      vertex 2.64119 3 5.72205e-07
      vertex 0.849999 1.47224 5.72205e-07
    endloop
  endfacet
  facet normal 0 0 -1
    outer loop
      vertex 0.581433 1.59748 5.72205e-07
      vertex 2.64119 3 5.72205e-07
      vertex 0.718451 1.54072 5.72205e-07
    endloop
  endfacet
  facet normal 0 0 -1
    outer loop
      vertex 0.439992 1.64207 5.72205e-07
      vertex 2.64119 3 5.72205e-07
      vertex 0.581433 1.59748 5.72205e-07
    endloop
  endfacet
  facet normal 0 0 -1
    outer loop
      vertex 0.295201 1.67417 5.72205e-07
      vertex 2.64119 3 5.72205e-07
      vertex 0.439992 1.64207 5.72205e-07
    endloop
  endfacet
  facet normal 0 0 -1
    outer loop
      vertex 0.148165 1.69353 5.72205e-07
      vertex 2.64119 3 5.72205e-07
      vertex 0.295201 1.67417 5.72205e-07
    endloop
  endfacet
  facet normal 0 0 -1
    outer loop
      vertex 0 1.7 5.72205e-07
      vertex 2.64119 3 5.72205e-07
      vertex 0.148165 1.69353 5.72205e-07
    endloop
  endfacet
  facet normal 0 0 -1
    outer loop
      vertex -2.64119 3 5.72205e-07
      vertex 0 1.7 5.72205e-07
      vertex -0.148165 1.69353 5.72205e-07
    endloop
  endfacet
  facet normal 0 0 -1
    outer loop
      vertex -2.64119 3 5.72205e-07
      vertex -0.148165 1.69353 5.72205e-07
      vertex -0.295201 1.67417 5.72205e-07
    endloop
  endfacet
  facet normal 0 0 -1
    outer loop
      vertex -2.64119 3 5.72205e-07
      vertex -0.295201 1.67417 5.72205e-07
      vertex -0.439992 1.64207 5.72205e-07
    endloop
  endfacet
  facet normal 0 0 -1
    outer loop
      vertex -2.64119 3 5.72205e-07
      vertex -0.439992 1.64207 5.72205e-07
      vertex -0.581433 1.59748 5.72205e-07
    endloop
  endfacet
  facet normal 0 0 -1
    outer loop
      vertex -2.64119 3 5.72205e-07
      vertex -0.581433 1.59748 5.72205e-07
      vertex -0.718451 1.54072 5.72205e-07
    endloop
  endfacet
  facet normal -0 0 -1
    outer loop
      vertex -1.47224 -0.849999 5.72205e-07
      vertex -3.4641 -2 5.72205e-07
      vertex -1.54072 -0.718451 5.72205e-07
    endloop
  endfacet
  facet normal 0 0 -1
    outer loop
      vertex -3.62523 -1.69047 5.72205e-07
      vertex -1.54072 -0.718451 5.72205e-07
      vertex -3.4641 -2 5.72205e-07
    endloop
  endfacet
  facet normal -0 0 -1
    outer loop
      vertex -1.54072 -0.718451 5.72205e-07
      vertex -3.62523 -1.69047 5.72205e-07
      vertex -1.59748 -0.581433 5.72205e-07
    endloop
  endfacet
  facet normal 0 0 -1
    outer loop
      vertex -3.75877 -1.36808 5.72205e-07
      vertex -1.59748 -0.581433 5.72205e-07
      vertex -3.62523 -1.69047 5.72205e-07
    endloop
  endfacet
  facet normal -0 0 -1
    outer loop
      vertex -1.59748 -0.581433 5.72205e-07
      vertex -3.75877 -1.36808 5.72205e-07
      vertex -1.64207 -0.439992 5.72205e-07
    endloop
  endfacet
  facet normal 0 0 -1
    outer loop
      vertex 0 1.7 5.72205e-07
      vertex -2.64119 3 5.72205e-07
      vertex 2.64119 3 5.72205e-07
    endloop
  endfacet
  facet normal 0 0 -1
    outer loop
      vertex -0.849999 1.47224 5.72205e-07
      vertex -2.64119 3 5.72205e-07
      vertex -0.718451 1.54072 5.72205e-07
    endloop
  endfacet
  facet normal 0 0 -1
    outer loop
      vertex -0.97508 1.39256 5.72205e-07
      vertex -2.64119 3 5.72205e-07
      vertex -0.849999 1.47224 5.72205e-07
    endloop
  endfacet
  facet normal 0 0 -1
    outer loop
      vertex -1.09274 1.30227 5.72205e-07
      vertex -2.64119 3 5.72205e-07
      vertex -0.97508 1.39256 5.72205e-07
    endloop
  endfacet
  facet normal 0 0 -1
    outer loop
      vertex -1.20208 1.20208 5.72205e-07
      vertex -2.64119 3 5.72205e-07
      vertex -1.09274 1.30227 5.72205e-07
    endloop
  endfacet
  facet normal 0 0 -1
    outer loop
      vertex -2.82843 2.82843 5.72205e-07
      vertex -1.20208 1.20208 5.72205e-07
      vertex -1.30227 1.09274 5.72205e-07
    endloop
  endfacet
  facet normal 0 0 -1
    outer loop
      vertex -3.06418 2.57115 5.72205e-07
      vertex -1.30227 1.09274 5.72205e-07
      vertex -1.39256 0.97508 5.72205e-07
    endloop
  endfacet
  facet normal 0 0 -1
    outer loop
      vertex -3.27661 2.2943 5.72205e-07
      vertex -1.39256 0.97508 5.72205e-07
      vertex -1.47224 0.849999 5.72205e-07
    endloop
  endfacet
  facet normal 0 0 -1
    outer loop
      vertex -3.4641 2 5.72205e-07
      vertex -1.47224 0.849999 5.72205e-07
      vertex -1.54072 0.718451 5.72205e-07
    endloop
  endfacet
  facet normal 0 0 -1
    outer loop
      vertex -3.62523 1.69047 5.72205e-07
      vertex -1.54072 0.718451 5.72205e-07
      vertex -1.59748 0.581433 5.72205e-07
    endloop
  endfacet
  facet normal 0 0 -1
    outer loop
      vertex -3.75877 1.36808 5.72205e-07
      vertex -1.59748 0.581433 5.72205e-07
      vertex -1.64207 0.439992 5.72205e-07
    endloop
  endfacet
  facet normal 0 0 -1
    outer loop
      vertex -3.8637 -1.03528 5.72205e-07
      vertex -1.64207 -0.439992 5.72205e-07
      vertex -3.75877 -1.36808 5.72205e-07
    endloop
  endfacet
  facet normal -0 0 -1
    outer loop
      vertex -1.64207 -0.439992 5.72205e-07
      vertex -3.8637 -1.03528 5.72205e-07
      vertex -1.67417 -0.295201 5.72205e-07
    endloop
  endfacet
  facet normal 0 0 -1
    outer loop
      vertex -3.93923 -0.694592 5.72205e-07
      vertex -1.67417 -0.295201 5.72205e-07
      vertex -3.8637 -1.03528 5.72205e-07
    endloop
  endfacet
  facet normal 0 0 -1
    outer loop
      vertex -1.30227 1.09274 5.72205e-07
      vertex -3.06418 2.57115 5.72205e-07
      vertex -2.82843 2.82843 5.72205e-07
    endloop
  endfacet
  facet normal 0 0 -1
    outer loop
      vertex -1.20208 1.20208 5.72205e-07
      vertex -2.82843 2.82843 5.72205e-07
      vertex -2.64119 3 5.72205e-07
    endloop
  endfacet
  facet normal -0 0 -1
    outer loop
      vertex -1.67417 -0.295201 5.72205e-07
      vertex -3.93923 -0.694592 5.72205e-07
      vertex -1.69353 -0.148165 5.72205e-07
    endloop
  endfacet
  facet normal 0 0 -1
    outer loop
      vertex -1.39256 0.97508 5.72205e-07
      vertex -3.27661 2.2943 5.72205e-07
      vertex -3.06418 2.57115 5.72205e-07
    endloop
  endfacet
  facet normal 0 0 -1
    outer loop
      vertex -3.98478 -0.348622 5.72205e-07
      vertex -1.69353 -0.148165 5.72205e-07
      vertex -3.93923 -0.694592 5.72205e-07
    endloop
  endfacet
  facet normal 0 0 -1
    outer loop
      vertex -1.47224 0.849999 5.72205e-07
      vertex -3.4641 2 5.72205e-07
      vertex -3.27661 2.2943 5.72205e-07
    endloop
  endfacet
  facet normal -0 0 -1
    outer loop
      vertex -1.69353 -0.148165 5.72205e-07
      vertex -3.98478 -0.348622 5.72205e-07
      vertex -1.7 0 5.72205e-07
    endloop
  endfacet
  facet normal 0 0 -1
    outer loop
      vertex -1.54072 0.718451 5.72205e-07
      vertex -3.62523 1.69047 5.72205e-07
      vertex -3.4641 2 5.72205e-07
    endloop
  endfacet
  facet normal 0 0 -1
    outer loop
      vertex -4 0 5.72205e-07
      vertex -1.7 0 5.72205e-07
      vertex -3.98478 -0.348622 5.72205e-07
    endloop
  endfacet
  facet normal 0 0 -1
    outer loop
      vertex -1.59748 0.581433 5.72205e-07
      vertex -3.75877 1.36808 5.72205e-07
      vertex -3.62523 1.69047 5.72205e-07
    endloop
  endfacet
  facet normal 0 0 -1
    outer loop
      vertex -1.7 0 5.72205e-07
      vertex -4 0 5.72205e-07
      vertex -1.69353 0.148165 5.72205e-07
    endloop
  endfacet
  facet normal 0 0 -1
    outer loop
      vertex -1.64207 0.439992 5.72205e-07
      vertex -3.8637 1.03528 5.72205e-07
      vertex -3.75877 1.36808 5.72205e-07
    endloop
  endfacet
  facet normal 0 -0 -1
    outer loop
      vertex -3.98478 0.348622 5.72205e-07
      vertex -1.69353 0.148165 5.72205e-07
      vertex -4 0 5.72205e-07
    endloop
  endfacet
  facet normal 0 0 -1
    outer loop
      vertex -1.64207 0.439992 5.72205e-07
      vertex -3.93923 0.694592 5.72205e-07
      vertex -3.8637 1.03528 5.72205e-07
    endloop
  endfacet
  facet normal 0 0 -1
    outer loop
      vertex -1.69353 0.148165 5.72205e-07
      vertex -3.98478 0.348622 5.72205e-07
      vertex -1.67417 0.295201 5.72205e-07
    endloop
  endfacet
  facet normal 0 0 -1
    outer loop
      vertex -1.67417 0.295201 5.72205e-07
      vertex -3.93923 0.694592 5.72205e-07
      vertex -1.64207 0.439992 5.72205e-07
    endloop
  endfacet
  facet normal 0 -0 -1
    outer loop
      vertex -3.93923 0.694592 5.72205e-07
      vertex -1.67417 0.295201 5.72205e-07
      vertex -3.98478 0.348622 5.72205e-07
    endloop
  endfacet
  facet normal 0.976295 -0.216443 0
    outer loop
      vertex 3.8637 -1.03528 11.5
      vertex 3.93923 -0.694592 5.72205e-07
      vertex 3.93923 -0.694592 11.5
    endloop
  endfacet
  facet normal 0.976295 -0.216443 0
    outer loop
      vertex 3.93923 -0.694592 5.72205e-07
      vertex 3.8637 -1.03528 11.5
      vertex 3.8637 -1.03528 5.72205e-07
    endloop
  endfacet
  facet normal -0.461746 -0.887012 0
    outer loop
      vertex -2 -3.4641 5.72205e-07
      vertex -1.69047 -3.62523 11.5
      vertex -2 -3.4641 11.5
    endloop
  endfacet
  facet normal -0.461746 -0.887012 -0
    outer loop
      vertex -1.69047 -3.62523 11.5
      vertex -2 -3.4641 5.72205e-07
      vertex -1.69047 -3.62523 5.72205e-07
    endloop
  endfacet
  facet normal -0.79336 -0.608753 0
    outer loop
      vertex -3.06418 -2.57115 5.72205e-07
      vertex -3.27661 -2.2943 11.5
      vertex -3.27661 -2.2943 5.72205e-07
    endloop
  endfacet
  facet normal -0.79336 -0.608753 0
    outer loop
      vertex -3.27661 -2.2943 11.5
      vertex -3.06418 -2.57115 5.72205e-07
      vertex -3.06418 -2.57115 11.5
    endloop
  endfacet
  facet normal -0.887012 -0.461746 0
    outer loop
      vertex -3.4641 -2 5.72205e-07
      vertex -3.62523 -1.69047 11.5
      vertex -3.62523 -1.69047 5.72205e-07
    endloop
  endfacet
  facet normal -0.887012 -0.461746 0
    outer loop
      vertex -3.62523 -1.69047 11.5
      vertex -3.4641 -2 5.72205e-07
      vertex -3.4641 -2 11.5
    endloop
  endfacet
  facet normal 0.737283 0.675584 0
    outer loop
      vertex 3.06418 2.57115 11.5
      vertex 2.82843 2.82843 5.72205e-07
      vertex 2.82843 2.82843 11.5
    endloop
  endfacet
  facet normal 0.737283 0.675584 0
    outer loop
      vertex 2.82843 2.82843 5.72205e-07
      vertex 3.06418 2.57115 11.5
      vertex 3.06418 2.57115 5.72205e-07
    endloop
  endfacet
  facet normal 0.953718 0.300702 0
    outer loop
      vertex 3.8637 1.03528 11.5
      vertex 3.75877 1.36808 5.72205e-07
      vertex 3.75877 1.36808 11.5
    endloop
  endfacet
  facet normal 0.953718 0.300702 0
    outer loop
      vertex 3.75877 1.36808 5.72205e-07
      vertex 3.8637 1.03528 11.5
      vertex 3.8637 1.03528 5.72205e-07
    endloop
  endfacet
  facet normal -0.608753 -0.79336 0
    outer loop
      vertex -2.57115 -3.06418 5.72205e-07
      vertex -2.2943 -3.27661 11.5
      vertex -2.57115 -3.06418 11.5
    endloop
  endfacet
  facet normal -0.608753 -0.79336 -0
    outer loop
      vertex -2.2943 -3.27661 11.5
      vertex -2.57115 -3.06418 5.72205e-07
      vertex -2.2943 -3.27661 5.72205e-07
    endloop
  endfacet
  facet normal 0.923878 -0.382688 0
    outer loop
      vertex 3.62523 -1.69047 11.5
      vertex 3.75877 -1.36808 5.72205e-07
      vertex 3.75877 -1.36808 11.5
    endloop
  endfacet
  facet normal 0.923878 -0.382688 0
    outer loop
      vertex 3.75877 -1.36808 5.72205e-07
      vertex 3.62523 -1.69047 11.5
      vertex 3.62523 -1.69047 5.72205e-07
    endloop
  endfacet
  facet normal -0.991444 0.130532 0
    outer loop
      vertex -3.98478 0.348622 5.72205e-07
      vertex -3.93923 0.694592 11.5
      vertex -3.93923 0.694592 5.72205e-07
    endloop
  endfacet
  facet normal -0.991444 0.130532 0
    outer loop
      vertex -3.93923 0.694592 11.5
      vertex -3.98478 0.348622 5.72205e-07
      vertex -3.98478 0.348622 11.5
    endloop
  endfacet
  facet normal -0.923878 0.382688 0
    outer loop
      vertex -3.75877 1.36808 5.72205e-07
      vertex -3.62523 1.69047 11.5
      vertex -3.62523 1.69047 5.72205e-07
    endloop
  endfacet
  facet normal -0.923878 0.382688 0
    outer loop
      vertex -3.62523 1.69047 11.5
      vertex -3.75877 1.36808 5.72205e-07
      vertex -3.75877 1.36808 11.5
    endloop
  endfacet
  facet normal -0.5373 -0.843391 0
    outer loop
      vertex -2.2943 -3.27661 5.72205e-07
      vertex -2 -3.4641 11.5
      vertex -2.2943 -3.27661 11.5
    endloop
  endfacet
  facet normal -0.5373 -0.843391 -0
    outer loop
      vertex -2 -3.4641 11.5
      vertex -2.2943 -3.27661 5.72205e-07
      vertex -2 -3.4641 5.72205e-07
    endloop
  endfacet
  facet normal 0.300702 -0.953718 0
    outer loop
      vertex 1.03528 -3.8637 5.72205e-07
      vertex 1.36808 -3.75877 11.5
      vertex 1.03528 -3.8637 11.5
    endloop
  endfacet
  facet normal 0.300702 -0.953718 0
    outer loop
      vertex 1.36808 -3.75877 11.5
      vertex 1.03528 -3.8637 5.72205e-07
      vertex 1.36808 -3.75877 5.72205e-07
    endloop
  endfacet
  facet normal -0.737283 0.675584 0
    outer loop
      vertex -3.06418 2.57115 5.72205e-07
      vertex -2.82843 2.82843 11.5
      vertex -2.82843 2.82843 5.72205e-07
    endloop
  endfacet
  facet normal -0.737283 0.675584 0
    outer loop
      vertex -2.82843 2.82843 11.5
      vertex -3.06418 2.57115 5.72205e-07
      vertex -3.06418 2.57115 11.5
    endloop
  endfacet
  facet normal 0.843391 0.5373 0
    outer loop
      vertex 3.4641 2 11.5
      vertex 3.27661 2.2943 5.72205e-07
      vertex 3.27661 2.2943 11.5
    endloop
  endfacet
  facet normal 0.843391 0.5373 0
    outer loop
      vertex 3.27661 2.2943 5.72205e-07
      vertex 3.4641 2 11.5
      vertex 3.4641 2 5.72205e-07
    endloop
  endfacet
  facet normal 0.461746 -0.887012 0
    outer loop
      vertex 1.69047 -3.62523 5.72205e-07
      vertex 2 -3.4641 11.5
      vertex 1.69047 -3.62523 11.5
    endloop
  endfacet
  facet normal 0.461746 -0.887012 0
    outer loop
      vertex 2 -3.4641 11.5
      vertex 1.69047 -3.62523 5.72205e-07
      vertex 2 -3.4641 5.72205e-07
    endloop
  endfacet
  facet normal -0.976295 0.216443 0
    outer loop
      vertex -3.93923 0.694592 5.72205e-07
      vertex -3.8637 1.03528 11.5
      vertex -3.8637 1.03528 5.72205e-07
    endloop
  endfacet
  facet normal -0.976295 0.216443 0
    outer loop
      vertex -3.8637 1.03528 11.5
      vertex -3.93923 0.694592 5.72205e-07
      vertex -3.93923 0.694592 11.5
    endloop
  endfacet
  facet normal 0.79336 0.608753 0
    outer loop
      vertex 3.27661 2.2943 11.5
      vertex 3.06418 2.57115 5.72205e-07
      vertex 3.06418 2.57115 11.5
    endloop
  endfacet
  facet normal 0.79336 0.608753 0
    outer loop
      vertex 3.06418 2.57115 5.72205e-07
      vertex 3.27661 2.2943 11.5
      vertex 3.27661 2.2943 5.72205e-07
    endloop
  endfacet
  facet normal 0.0436161 -0.999048 0
    outer loop
      vertex 0 -4 5.72205e-07
      vertex 0.348622 -3.98478 11.5
      vertex 0 -4 11.5
    endloop
  endfacet
  facet normal 0.0436161 -0.999048 0
    outer loop
      vertex 0.348622 -3.98478 11.5
      vertex 0 -4 5.72205e-07
      vertex 0.348622 -3.98478 5.72205e-07
    endloop
  endfacet
  facet normal 0.953718 -0.300702 0
    outer loop
      vertex 3.75877 -1.36808 11.5
      vertex 3.8637 -1.03528 5.72205e-07
      vertex 3.8637 -1.03528 11.5
    endloop
  endfacet
  facet normal 0.953718 -0.300702 0
    outer loop
      vertex 3.8637 -1.03528 5.72205e-07
      vertex 3.75877 -1.36808 11.5
      vertex 3.75877 -1.36808 5.72205e-07
    endloop
  endfacet
  facet normal 0.843391 -0.5373 0
    outer loop
      vertex 3.27661 -2.2943 11.5
      vertex 3.4641 -2 5.72205e-07
      vertex 3.4641 -2 11.5
    endloop
  endfacet
  facet normal 0.843391 -0.5373 0
    outer loop
      vertex 3.4641 -2 5.72205e-07
      vertex 3.27661 -2.2943 11.5
      vertex 3.27661 -2.2943 5.72205e-07
    endloop
  endfacet
  facet normal -0.675584 -0.737283 0
    outer loop
      vertex -2.82843 -2.82843 5.72205e-07
      vertex -2.57115 -3.06418 11.5
      vertex -2.82843 -2.82843 11.5
    endloop
  endfacet
  facet normal -0.675584 -0.737283 -0
    outer loop
      vertex -2.57115 -3.06418 11.5
      vertex -2.82843 -2.82843 5.72205e-07
      vertex -2.57115 -3.06418 5.72205e-07
    endloop
  endfacet
  facet normal -0.976295 -0.216443 0
    outer loop
      vertex -3.8637 -1.03528 5.72205e-07
      vertex -3.93923 -0.694592 11.5
      vertex -3.93923 -0.694592 5.72205e-07
    endloop
  endfacet
  facet normal -0.976295 -0.216443 0
    outer loop
      vertex -3.93923 -0.694592 11.5
      vertex -3.8637 -1.03528 5.72205e-07
      vertex -3.8637 -1.03528 11.5
    endloop
  endfacet
  facet normal 0.923878 0.382688 0
    outer loop
      vertex 3.75877 1.36808 11.5
      vertex 3.62523 1.69047 5.72205e-07
      vertex 3.62523 1.69047 11.5
    endloop
  endfacet
  facet normal 0.923878 0.382688 0
    outer loop
      vertex 3.62523 1.69047 5.72205e-07
      vertex 3.75877 1.36808 11.5
      vertex 3.75877 1.36808 5.72205e-07
    endloop
  endfacet
  facet normal 0.887012 0.461746 0
    outer loop
      vertex 3.62523 1.69047 11.5
      vertex 3.4641 2 5.72205e-07
      vertex 3.4641 2 11.5
    endloop
  endfacet
  facet normal 0.887012 0.461746 0
    outer loop
      vertex 3.4641 2 5.72205e-07
      vertex 3.62523 1.69047 11.5
      vertex 3.62523 1.69047 5.72205e-07
    endloop
  endfacet
  facet normal 0.999048 -0.0436161 0
    outer loop
      vertex 3.98478 -0.348622 11.5
      vertex 4 0 5.72205e-07
      vertex 4 0 11.5
    endloop
  endfacet
  facet normal 0.999048 -0.0436161 0
    outer loop
      vertex 4 0 5.72205e-07
      vertex 3.98478 -0.348622 11.5
      vertex 3.98478 -0.348622 5.72205e-07
    endloop
  endfacet
  facet normal 0.991444 -0.130532 0
    outer loop
      vertex 3.93923 -0.694592 11.5
      vertex 3.98478 -0.348622 5.72205e-07
      vertex 3.98478 -0.348622 11.5
    endloop
  endfacet
  facet normal 0.991444 -0.130532 0
    outer loop
      vertex 3.98478 -0.348622 5.72205e-07
      vertex 3.93923 -0.694592 11.5
      vertex 3.93923 -0.694592 5.72205e-07
    endloop
  endfacet
  facet normal -0.675582 0.737285 0
    outer loop
      vertex -2.64119 3 5.72205e-07
      vertex -2.82843 2.82843 11.5
      vertex -2.64119 3 11.5
    endloop
  endfacet
  facet normal -0.675582 0.737285 0
    outer loop
      vertex -2.82843 2.82843 11.5
      vertex -2.64119 3 5.72205e-07
      vertex -2.82843 2.82843 5.72205e-07
    endloop
  endfacet
  facet normal -0.0436161 -0.999048 0
    outer loop
      vertex -0.348622 -3.98478 5.72205e-07
      vertex 0 -4 11.5
      vertex -0.348622 -3.98478 11.5
    endloop
  endfacet
  facet normal -0.0436161 -0.999048 -0
    outer loop
      vertex 0 -4 11.5
      vertex -0.348622 -3.98478 5.72205e-07
      vertex 0 -4 5.72205e-07
    endloop
  endfacet
  facet normal 0.5373 -0.843391 0
    outer loop
      vertex 2 -3.4641 5.72205e-07
      vertex 2.2943 -3.27661 11.5
      vertex 2 -3.4641 11.5
    endloop
  endfacet
  facet normal 0.5373 -0.843391 0
    outer loop
      vertex 2.2943 -3.27661 11.5
      vertex 2 -3.4641 5.72205e-07
      vertex 2.2943 -3.27661 5.72205e-07
    endloop
  endfacet
  facet normal -0.999048 -0.0436161 0
    outer loop
      vertex -3.98478 -0.348622 5.72205e-07
      vertex -4 0 11.5
      vertex -4 0 5.72205e-07
    endloop
  endfacet
  facet normal -0.999048 -0.0436161 0
    outer loop
      vertex -4 0 11.5
      vertex -3.98478 -0.348622 5.72205e-07
      vertex -3.98478 -0.348622 11.5
    endloop
  endfacet
  facet normal -0.79336 0.608753 0
    outer loop
      vertex -3.27661 2.2943 5.72205e-07
      vertex -3.06418 2.57115 11.5
      vertex -3.06418 2.57115 5.72205e-07
    endloop
  endfacet
  facet normal -0.79336 0.608753 0
    outer loop
      vertex -3.06418 2.57115 11.5
      vertex -3.27661 2.2943 5.72205e-07
      vertex -3.27661 2.2943 11.5
    endloop
  endfacet
  facet normal -0.737283 -0.675584 0
    outer loop
      vertex -2.82843 -2.82843 5.72205e-07
      vertex -3.06418 -2.57115 11.5
      vertex -3.06418 -2.57115 5.72205e-07
    endloop
  endfacet
  facet normal -0.737283 -0.675584 0
    outer loop
      vertex -3.06418 -2.57115 11.5
      vertex -2.82843 -2.82843 5.72205e-07
      vertex -2.82843 -2.82843 11.5
    endloop
  endfacet
  facet normal -0.991444 -0.130532 0
    outer loop
      vertex -3.93923 -0.694592 5.72205e-07
      vertex -3.98478 -0.348622 11.5
      vertex -3.98478 -0.348622 5.72205e-07
    endloop
  endfacet
  facet normal -0.991444 -0.130532 0
    outer loop
      vertex -3.98478 -0.348622 11.5
      vertex -3.93923 -0.694592 5.72205e-07
      vertex -3.93923 -0.694592 11.5
    endloop
  endfacet
  facet normal 0.216443 -0.976295 0
    outer loop
      vertex 0.694592 -3.93923 5.72205e-07
      vertex 1.03528 -3.8637 11.5
      vertex 0.694592 -3.93923 11.5
    endloop
  endfacet
  facet normal 0.216443 -0.976295 0
    outer loop
      vertex 1.03528 -3.8637 11.5
      vertex 0.694592 -3.93923 5.72205e-07
      vertex 1.03528 -3.8637 5.72205e-07
    endloop
  endfacet
  facet normal 0.887012 -0.461746 0
    outer loop
      vertex 3.4641 -2 11.5
      vertex 3.62523 -1.69047 5.72205e-07
      vertex 3.62523 -1.69047 11.5
    endloop
  endfacet
  facet normal 0.887012 -0.461746 0
    outer loop
      vertex 3.62523 -1.69047 5.72205e-07
      vertex 3.4641 -2 11.5
      vertex 3.4641 -2 5.72205e-07
    endloop
  endfacet
  facet normal 0.608753 -0.79336 0
    outer loop
      vertex 2.2943 -3.27661 5.72205e-07
      vertex 2.57115 -3.06418 11.5
      vertex 2.2943 -3.27661 11.5
    endloop
  endfacet
  facet normal 0.608753 -0.79336 0
    outer loop
      vertex 2.57115 -3.06418 11.5
      vertex 2.2943 -3.27661 5.72205e-07
      vertex 2.57115 -3.06418 5.72205e-07
    endloop
  endfacet
  facet normal 0.675582 0.737285 -0
    outer loop
      vertex 2.82843 2.82843 5.72205e-07
      vertex 2.64119 3 11.5
      vertex 2.82843 2.82843 11.5
    endloop
  endfacet
  facet normal 0.675582 0.737285 0
    outer loop
      vertex 2.64119 3 11.5
      vertex 2.82843 2.82843 5.72205e-07
      vertex 2.64119 3 5.72205e-07
    endloop
  endfacet
  facet normal -0.999048 0.0436161 0
    outer loop
      vertex -4 0 5.72205e-07
      vertex -3.98478 0.348622 11.5
      vertex -3.98478 0.348622 5.72205e-07
    endloop
  endfacet
  facet normal -0.999048 0.0436161 0
    outer loop
      vertex -3.98478 0.348622 11.5
      vertex -4 0 5.72205e-07
      vertex -4 0 11.5
    endloop
  endfacet
  facet normal -0.382688 -0.923878 0
    outer loop
      vertex -1.69047 -3.62523 5.72205e-07
      vertex -1.36808 -3.75877 11.5
      vertex -1.69047 -3.62523 11.5
    endloop
  endfacet
  facet normal -0.382688 -0.923878 -0
    outer loop
      vertex -1.36808 -3.75877 11.5
      vertex -1.69047 -3.62523 5.72205e-07
      vertex -1.36808 -3.75877 5.72205e-07
    endloop
  endfacet
  facet normal 0.737283 -0.675584 0
    outer loop
      vertex 2.82843 -2.82843 11.5
      vertex 3.06418 -2.57115 5.72205e-07
      vertex 3.06418 -2.57115 11.5
    endloop
  endfacet
  facet normal 0.737283 -0.675584 0
    outer loop
      vertex 3.06418 -2.57115 5.72205e-07
      vertex 2.82843 -2.82843 11.5
      vertex 2.82843 -2.82843 5.72205e-07
    endloop
  endfacet
  facet normal -0.130532 -0.991444 0
    outer loop
      vertex -0.694592 -3.93923 5.72205e-07
      vertex -0.348622 -3.98478 11.5
      vertex -0.694592 -3.93923 11.5
    endloop
  endfacet
  facet normal -0.130532 -0.991444 -0
    outer loop
      vertex -0.348622 -3.98478 11.5
      vertex -0.694592 -3.93923 5.72205e-07
      vertex -0.348622 -3.98478 5.72205e-07
    endloop
  endfacet
  facet normal 0.675584 -0.737283 0
    outer loop
      vertex 2.57115 -3.06418 5.72205e-07
      vertex 2.82843 -2.82843 11.5
      vertex 2.57115 -3.06418 11.5
    endloop
  endfacet
  facet normal 0.675584 -0.737283 0
    outer loop
      vertex 2.82843 -2.82843 11.5
      vertex 2.57115 -3.06418 5.72205e-07
      vertex 2.82843 -2.82843 5.72205e-07
    endloop
  endfacet
  facet normal -0.216443 -0.976295 0
    outer loop
      vertex -1.03528 -3.8637 5.72205e-07
      vertex -0.694592 -3.93923 11.5
      vertex -1.03528 -3.8637 11.5
    endloop
  endfacet
  facet normal -0.216443 -0.976295 -0
    outer loop
      vertex -0.694592 -3.93923 11.5
      vertex -1.03528 -3.8637 5.72205e-07
      vertex -0.694592 -3.93923 5.72205e-07
    endloop
  endfacet
  facet normal -0.300702 -0.953718 0
    outer loop
      vertex -1.36808 -3.75877 5.72205e-07
      vertex -1.03528 -3.8637 11.5
      vertex -1.36808 -3.75877 11.5
    endloop
  endfacet
  facet normal -0.300702 -0.953718 -0
    outer loop
      vertex -1.03528 -3.8637 11.5
      vertex -1.36808 -3.75877 5.72205e-07
      vertex -1.03528 -3.8637 5.72205e-07
    endloop
  endfacet
  facet normal -0.887012 0.461746 0
    outer loop
      vertex -3.62523 1.69047 5.72205e-07
      vertex -3.4641 2 11.5
      vertex -3.4641 2 5.72205e-07
    endloop
  endfacet
  facet normal -0.887012 0.461746 0
    outer loop
      vertex -3.4641 2 11.5
      vertex -3.62523 1.69047 5.72205e-07
      vertex -3.62523 1.69047 11.5
    endloop
  endfacet
  facet normal -0.737275 0.675593 0
    outer loop
      vertex -6.8944 5.78509 69.35
      vertex -6.36396 6.36396 77.35
      vertex -6.36396 6.36396 69.35
    endloop
  endfacet
  facet normal -0.737275 0.675593 0
    outer loop
      vertex -6.36396 6.36396 77.35
      vertex -6.8944 5.78509 69.35
      vertex -6.8944 5.78509 77.35
    endloop
  endfacet
  facet normal 0.991445 0.130524 0
    outer loop
      vertex 8.96575 0.784401 77.35
      vertex 8.86327 1.56283 75.35
      vertex 8.86327 1.56283 77.35
    endloop
  endfacet
  facet normal 0.991445 0.130524 0
    outer loop
      vertex 8.86327 1.56283 75.35
      vertex 8.96575 0.784401 77.35
      vertex 8.96575 0.784401 75.35
    endloop
  endfacet
  facet normal 0.999048 0.0436223 0
    outer loop
      vertex 9 0 77.35
      vertex 8.96575 0.784401 75.35
      vertex 8.96575 0.784401 77.35
    endloop
  endfacet
  facet normal 0.999048 0.0436223 0
    outer loop
      vertex 8.96575 0.784401 75.35
      vertex 9 0 77.35
      vertex 9 0 75.35
    endloop
  endfacet
  facet normal -0.130524 0.991445 0
    outer loop
      vertex -0.784401 8.96575 69.35
      vertex -1.56283 8.86327 77.35
      vertex -0.784401 8.96575 77.35
    endloop
  endfacet
  facet normal -0.130524 0.991445 0
    outer loop
      vertex -1.56283 8.86327 77.35
      vertex -0.784401 8.96575 69.35
      vertex -1.56283 8.86327 69.35
    endloop
  endfacet
  facet normal -0.953717 -0.300707 0
    outer loop
      vertex -8.45723 -3.07818 69.35
      vertex -8.69333 -2.32937 77.35
      vertex -8.69333 -2.32937 69.35
    endloop
  endfacet
  facet normal -0.953717 -0.300707 0
    outer loop
      vertex -8.69333 -2.32937 77.35
      vertex -8.45723 -3.07818 69.35
      vertex -8.45723 -3.07818 77.35
    endloop
  endfacet
  facet normal 0.382681 -0.923881 0
    outer loop
      vertex 3.07818 -8.45723 69.35
      vertex 3.80356 -8.15677 77.35
      vertex 3.07818 -8.45723 77.35
    endloop
  endfacet
  facet normal 0.382681 -0.923881 0
    outer loop
      vertex 3.80356 -8.15677 77.35
      vertex 3.07818 -8.45723 69.35
      vertex 3.80356 -8.15677 69.35
    endloop
  endfacet
  facet normal 0.300707 0.953717 -0
    outer loop
      vertex 3.07818 8.45723 69.35
      vertex 2.32937 8.69333 77.35
      vertex 3.07818 8.45723 77.35
    endloop
  endfacet
  facet normal 0.300707 0.953717 0
    outer loop
      vertex 2.32937 8.69333 77.35
      vertex 3.07818 8.45723 69.35
      vertex 2.32937 8.69333 69.35
    endloop
  endfacet
  facet normal 0.537298 0.843392 -0
    outer loop
      vertex 5.16219 7.37237 69.35
      vertex 4.5 7.79423 77.35
      vertex 5.16219 7.37237 77.35
    endloop
  endfacet
  facet normal 0.537298 0.843392 0
    outer loop
      vertex 4.5 7.79423 77.35
      vertex 5.16219 7.37237 69.35
      vertex 4.5 7.79423 69.35
    endloop
  endfacet
  facet normal 0.461745 -0.887013 0
    outer loop
      vertex 3.80356 -8.15677 69.35
      vertex 4.5 -7.79423 77.35
      vertex 3.80356 -8.15677 77.35
    endloop
  endfacet
  facet normal 0.461745 -0.887013 0
    outer loop
      vertex 4.5 -7.79423 77.35
      vertex 3.80356 -8.15677 69.35
      vertex 4.5 -7.79423 69.35
    endloop
  endfacet
  facet normal -0.0436223 -0.999048 0
    outer loop
      vertex -0.784401 -8.96575 69.35
      vertex 0 -9 77.35
      vertex -0.784401 -8.96575 77.35
    endloop
  endfacet
  facet normal -0.0436223 -0.999048 -0
    outer loop
      vertex 0 -9 77.35
      vertex -0.784401 -8.96575 69.35
      vertex 0 -9 69.35
    endloop
  endfacet
  facet normal 0.300707 -0.953717 0
    outer loop
      vertex 2.32937 -8.69333 69.35
      vertex 3.07818 -8.45723 77.35
      vertex 2.32937 -8.69333 77.35
    endloop
  endfacet
  facet normal 0.300707 -0.953717 0
    outer loop
      vertex 3.07818 -8.45723 77.35
      vertex 2.32937 -8.69333 69.35
      vertex 3.07818 -8.45723 69.35
    endloop
  endfacet
  facet normal 0.0436223 0.999048 -0
    outer loop
      vertex 0.784401 8.96575 69.35
      vertex 0 9 77.35
      vertex 0.784401 8.96575 77.35
    endloop
  endfacet
  facet normal 0.0436223 0.999048 0
    outer loop
      vertex 0 9 77.35
      vertex 0.784401 8.96575 69.35
      vertex 0 9 69.35
    endloop
  endfacet
  facet normal 0.953717 0.300707 0
    outer loop
      vertex 8.69333 2.32937 77.35
      vertex 8.45723 3.07818 69.35
      vertex 8.45723 3.07818 77.35
    endloop
  endfacet
  facet normal 0.953717 0.300707 0
    outer loop
      vertex 8.45723 3.07818 69.35
      vertex 8.69333 2.32937 77.35
      vertex 8.69333 2.32937 69.35
    endloop
  endfacet
  facet normal 0.953717 -0.300707 0
    outer loop
      vertex 8.45723 -3.07818 77.35
      vertex 8.69333 -2.32937 69.35
      vertex 8.69333 -2.32937 77.35
    endloop
  endfacet
  facet normal 0.953717 -0.300707 0
    outer loop
      vertex 8.69333 -2.32937 69.35
      vertex 8.45723 -3.07818 77.35
      vertex 8.45723 -3.07818 69.35
    endloop
  endfacet
  facet normal -0.887013 -0.461745 0
    outer loop
      vertex -7.79423 -4.5 69.35
      vertex -8.15677 -3.80356 77.35
      vertex -8.15677 -3.80356 69.35
    endloop
  endfacet
  facet normal -0.887013 -0.461745 0
    outer loop
      vertex -8.15677 -3.80356 77.35
      vertex -7.79423 -4.5 69.35
      vertex -7.79423 -4.5 77.35
    endloop
  endfacet
  facet normal -0.843392 -0.537298 0
    outer loop
      vertex -7.37237 -5.16219 69.35
      vertex -7.79423 -4.5 77.35
      vertex -7.79423 -4.5 69.35
    endloop
  endfacet
  facet normal -0.843392 -0.537298 0
    outer loop
      vertex -7.79423 -4.5 77.35
      vertex -7.37237 -5.16219 69.35
      vertex -7.37237 -5.16219 77.35
    endloop
  endfacet
  facet normal 0.0436223 -0.999048 0
    outer loop
      vertex 0 -9 69.35
      vertex 0.784401 -8.96575 77.35
      vertex 0 -9 77.35
    endloop
  endfacet
  facet normal 0.0436223 -0.999048 0
    outer loop
      vertex 0.784401 -8.96575 77.35
      vertex 0 -9 69.35
      vertex 0.784401 -8.96575 69.35
    endloop
  endfacet
  facet normal 0.887013 0.461745 0
    outer loop
      vertex 8.15677 3.80356 77.35
      vertex 7.79423 4.5 69.35
      vertex 7.79423 4.5 77.35
    endloop
  endfacet
  facet normal 0.887013 0.461745 0
    outer loop
      vertex 7.79423 4.5 69.35
      vertex 8.15677 3.80356 77.35
      vertex 8.15677 3.80356 69.35
    endloop
  endfacet
  facet normal -0.130524 -0.991445 0
    outer loop
      vertex -1.56283 -8.86327 69.35
      vertex -0.784401 -8.96575 77.35
      vertex -1.56283 -8.86327 77.35
    endloop
  endfacet
  facet normal -0.130524 -0.991445 -0
    outer loop
      vertex -0.784401 -8.96575 77.35
      vertex -1.56283 -8.86327 69.35
      vertex -0.784401 -8.96575 69.35
    endloop
  endfacet
  facet normal -0.300707 -0.953717 0
    outer loop
      vertex -3.07818 -8.45723 69.35
      vertex -2.32937 -8.69333 77.35
      vertex -3.07818 -8.45723 77.35
    endloop
  endfacet
  facet normal -0.300707 -0.953717 -0
    outer loop
      vertex -2.32937 -8.69333 77.35
      vertex -3.07818 -8.45723 69.35
      vertex -2.32937 -8.69333 69.35
    endloop
  endfacet
  facet normal 0.991445 -0.130524 0
    outer loop
      vertex 8.86327 -1.56283 77.35
      vertex 8.96575 -0.784401 75.35
      vertex 8.96575 -0.784401 77.35
    endloop
  endfacet
  facet normal 0.991445 -0.130524 0
    outer loop
      vertex 8.96575 -0.784401 75.35
      vertex 8.86327 -1.56283 77.35
      vertex 8.86327 -1.56283 75.35
    endloop
  endfacet
  facet normal 0.608763 0.793352 -0
    outer loop
      vertex 5.78509 6.8944 69.35
      vertex 5.16219 7.37237 77.35
      vertex 5.78509 6.8944 77.35
    endloop
  endfacet
  facet normal 0.608763 0.793352 0
    outer loop
      vertex 5.16219 7.37237 77.35
      vertex 5.78509 6.8944 69.35
      vertex 5.16219 7.37237 69.35
    endloop
  endfacet
  facet normal 0 0 1
    outer loop
      vertex 5 0 77.35
      vertex 9 0 77.35
      vertex 8.96575 0.784401 77.35
    endloop
  endfacet
  facet normal 0 0 1
    outer loop
      vertex 4.98097 0.435779 77.35
      vertex 8.96575 0.784401 77.35
      vertex 8.86327 1.56283 77.35
    endloop
  endfacet
  facet normal 0 0 1
    outer loop
      vertex 9 0 77.35
      vertex 5 0 77.35
      vertex 8.96575 -0.784401 77.35
    endloop
  endfacet
  facet normal 0 0 1
    outer loop
      vertex 4.92404 0.86824 77.35
      vertex 8.86327 1.56283 77.35
      vertex 8.69333 2.32937 77.35
    endloop
  endfacet
  facet normal -0 0 1
    outer loop
      vertex 4.98097 -0.435779 77.35
      vertex 8.96575 -0.784401 77.35
      vertex 5 0 77.35
    endloop
  endfacet
  facet normal 0 0 1
    outer loop
      vertex 4.82963 1.2941 77.35
      vertex 8.69333 2.32937 77.35
      vertex 8.45723 3.07818 77.35
    endloop
  endfacet
  facet normal 0 0 1
    outer loop
      vertex 8.96575 -0.784401 77.35
      vertex 4.98097 -0.435779 77.35
      vertex 8.86327 -1.56283 77.35
    endloop
  endfacet
  facet normal 0 0 1
    outer loop
      vertex 4.69846 1.7101 77.35
      vertex 8.45723 3.07818 77.35
      vertex 8.15677 3.80356 77.35
    endloop
  endfacet
  facet normal -0 0 1
    outer loop
      vertex 4.92404 -0.86824 77.35
      vertex 8.86327 -1.56283 77.35
      vertex 4.98097 -0.435779 77.35
    endloop
  endfacet
  facet normal 0 0 1
    outer loop
      vertex 4.53154 2.11309 77.35
      vertex 8.15677 3.80356 77.35
      vertex 7.79423 4.5 77.35
    endloop
  endfacet
  facet normal 0 0 1
    outer loop
      vertex 8.86327 -1.56283 77.35
      vertex 4.92404 -0.86824 77.35
      vertex 8.69333 -2.32937 77.35
    endloop
  endfacet
  facet normal 0 0 1
    outer loop
      vertex 4.33013 2.5 77.35
      vertex 7.79423 4.5 77.35
      vertex 7.37237 5.16219 77.35
    endloop
  endfacet
  facet normal -0 0 1
    outer loop
      vertex 4.82963 -1.2941 77.35
      vertex 8.69333 -2.32937 77.35
      vertex 4.92404 -0.86824 77.35
    endloop
  endfacet
  facet normal 0 0 1
    outer loop
      vertex 4.09576 2.86788 77.35
      vertex 7.37237 5.16219 77.35
      vertex 6.8944 5.78509 77.35
    endloop
  endfacet
  facet normal 0 0 1
    outer loop
      vertex 8.69333 -2.32937 77.35
      vertex 4.82963 -1.2941 77.35
      vertex 8.45723 -3.07818 77.35
    endloop
  endfacet
  facet normal 0 0 1
    outer loop
      vertex 3.83022 3.21394 77.35
      vertex 6.8944 5.78509 77.35
      vertex 6.36396 6.36396 77.35
    endloop
  endfacet
  facet normal -0 0 1
    outer loop
      vertex 4.69846 -1.7101 77.35
      vertex 8.45723 -3.07818 77.35
      vertex 4.82963 -1.2941 77.35
    endloop
  endfacet
  facet normal 0 0 1
    outer loop
      vertex 3.53553 3.53553 77.35
      vertex 6.36396 6.36396 77.35
      vertex 5.78509 6.8944 77.35
    endloop
  endfacet
  facet normal 0 0 1
    outer loop
      vertex 8.45723 -3.07818 77.35
      vertex 4.69846 -1.7101 77.35
      vertex 8.15677 -3.80356 77.35
    endloop
  endfacet
  facet normal 0 0 1
    outer loop
      vertex 3.21394 3.83022 77.35
      vertex 5.78509 6.8944 77.35
      vertex 5.16219 7.37237 77.35
    endloop
  endfacet
  facet normal -0 0 1
    outer loop
      vertex 4.53154 -2.11309 77.35
      vertex 8.15677 -3.80356 77.35
      vertex 4.69846 -1.7101 77.35
    endloop
  endfacet
  facet normal 0 0 1
    outer loop
      vertex 8.15677 -3.80356 77.35
      vertex 4.53154 -2.11309 77.35
      vertex 7.79423 -4.5 77.35
    endloop
  endfacet
  facet normal 0 0 1
    outer loop
      vertex 8.96575 0.784401 77.35
      vertex 4.98097 0.435779 77.35
      vertex 5 0 77.35
    endloop
  endfacet
  facet normal 0 0 1
    outer loop
      vertex 8.86327 1.56283 77.35
      vertex 4.92404 0.86824 77.35
      vertex 4.98097 0.435779 77.35
    endloop
  endfacet
  facet normal 0 0 1
    outer loop
      vertex 8.69333 2.32937 77.35
      vertex 4.82963 1.2941 77.35
      vertex 4.92404 0.86824 77.35
    endloop
  endfacet
  facet normal 0 0 1
    outer loop
      vertex 8.45723 3.07818 77.35
      vertex 4.69846 1.7101 77.35
      vertex 4.82963 1.2941 77.35
    endloop
  endfacet
  facet normal 0 0 1
    outer loop
      vertex 8.15677 3.80356 77.35
      vertex 4.53154 2.11309 77.35
      vertex 4.69846 1.7101 77.35
    endloop
  endfacet
  facet normal 0 0 1
    outer loop
      vertex 2.86788 4.09576 77.35
      vertex 5.16219 7.37237 77.35
      vertex 4.5 7.79423 77.35
    endloop
  endfacet
  facet normal 0 0 1
    outer loop
      vertex 7.79423 4.5 77.35
      vertex 4.33013 2.5 77.35
      vertex 4.53154 2.11309 77.35
    endloop
  endfacet
  facet normal 0 0 1
    outer loop
      vertex 7.37237 5.16219 77.35
      vertex 4.09576 2.86788 77.35
      vertex 4.33013 2.5 77.35
    endloop
  endfacet
  facet normal 0 0 1
    outer loop
      vertex 6.8944 5.78509 77.35
      vertex 3.83022 3.21394 77.35
      vertex 4.09576 2.86788 77.35
    endloop
  endfacet
  facet normal 0 0 1
    outer loop
      vertex 2.5 4.33013 77.35
      vertex 4.5 7.79423 77.35
      vertex 3.80356 8.15677 77.35
    endloop
  endfacet
  facet normal 0 0 1
    outer loop
      vertex 6.36396 6.36396 77.35
      vertex 3.53553 3.53553 77.35
      vertex 3.83022 3.21394 77.35
    endloop
  endfacet
  facet normal 0 0 1
    outer loop
      vertex 5.78509 6.8944 77.35
      vertex 3.21394 3.83022 77.35
      vertex 3.53553 3.53553 77.35
    endloop
  endfacet
  facet normal 0 0 1
    outer loop
      vertex 2.11309 4.53154 77.35
      vertex 3.80356 8.15677 77.35
      vertex 3.07818 8.45723 77.35
    endloop
  endfacet
  facet normal 0 0 1
    outer loop
      vertex 5.16219 7.37237 77.35
      vertex 2.86788 4.09576 77.35
      vertex 3.21394 3.83022 77.35
    endloop
  endfacet
  facet normal 0 0 1
    outer loop
      vertex 4.5 7.79423 77.35
      vertex 2.5 4.33013 77.35
      vertex 2.86788 4.09576 77.35
    endloop
  endfacet
  facet normal 0 0 1
    outer loop
      vertex 1.7101 4.69846 77.35
      vertex 3.07818 8.45723 77.35
      vertex 2.32937 8.69333 77.35
    endloop
  endfacet
  facet normal 0 0 1
    outer loop
      vertex 3.80356 8.15677 77.35
      vertex 2.11309 4.53154 77.35
      vertex 2.5 4.33013 77.35
    endloop
  endfacet
  facet normal 0 0 1
    outer loop
      vertex 3.07818 8.45723 77.35
      vertex 1.7101 4.69846 77.35
      vertex 2.11309 4.53154 77.35
    endloop
  endfacet
  facet normal 0 0 1
    outer loop
      vertex 1.2941 4.82963 77.35
      vertex 2.32937 8.69333 77.35
      vertex 1.56283 8.86327 77.35
    endloop
  endfacet
  facet normal 0 0 1
    outer loop
      vertex 2.32937 8.69333 77.35
      vertex 1.2941 4.82963 77.35
      vertex 1.7101 4.69846 77.35
    endloop
  endfacet
  facet normal 0 0 1
    outer loop
      vertex 1.56283 8.86327 77.35
      vertex 0.86824 4.92404 77.35
      vertex 1.2941 4.82963 77.35
    endloop
  endfacet
  facet normal 0 0 1
    outer loop
      vertex 0.784401 8.96575 77.35
      vertex 0.86824 4.92404 77.35
      vertex 1.56283 8.86327 77.35
    endloop
  endfacet
  facet normal 0 0 1
    outer loop
      vertex 0.784401 8.96575 77.35
      vertex 0.435779 4.98097 77.35
      vertex 0.86824 4.92404 77.35
    endloop
  endfacet
  facet normal 0 0 1
    outer loop
      vertex 0 9 77.35
      vertex 0.435779 4.98097 77.35
      vertex 0.784401 8.96575 77.35
    endloop
  endfacet
  facet normal 0 0 1
    outer loop
      vertex 0 9 77.35
      vertex 0 5 77.35
      vertex 0.435779 4.98097 77.35
    endloop
  endfacet
  facet normal 0 0 1
    outer loop
      vertex 0 9 77.35
      vertex -0.435779 4.98097 77.35
      vertex 0 5 77.35
    endloop
  endfacet
  facet normal -0 0 1
    outer loop
      vertex -0.784401 8.96575 77.35
      vertex -0.435779 4.98097 77.35
      vertex 0 9 77.35
    endloop
  endfacet
  facet normal 0 0 1
    outer loop
      vertex -0.784401 8.96575 77.35
      vertex -0.86824 4.92404 77.35
      vertex -0.435779 4.98097 77.35
    endloop
  endfacet
  facet normal -0 0 1
    outer loop
      vertex -1.56283 8.86327 77.35
      vertex -0.86824 4.92404 77.35
      vertex -0.784401 8.96575 77.35
    endloop
  endfacet
  facet normal 0 0 1
    outer loop
      vertex -0.86824 4.92404 77.35
      vertex -1.56283 8.86327 77.35
      vertex -1.2941 4.82963 77.35
    endloop
  endfacet
  facet normal -0 0 1
    outer loop
      vertex -2.32937 8.69333 77.35
      vertex -1.2941 4.82963 77.35
      vertex -1.56283 8.86327 77.35
    endloop
  endfacet
  facet normal 0 0 1
    outer loop
      vertex -1.2941 4.82963 77.35
      vertex -2.32937 8.69333 77.35
      vertex -1.7101 4.69846 77.35
    endloop
  endfacet
  facet normal -0 0 1
    outer loop
      vertex -3.07818 8.45723 77.35
      vertex -1.7101 4.69846 77.35
      vertex -2.32937 8.69333 77.35
    endloop
  endfacet
  facet normal 0 0 1
    outer loop
      vertex -1.7101 4.69846 77.35
      vertex -3.07818 8.45723 77.35
      vertex -2.11309 4.53154 77.35
    endloop
  endfacet
  facet normal -0 0 1
    outer loop
      vertex -3.80356 8.15677 77.35
      vertex -2.11309 4.53154 77.35
      vertex -3.07818 8.45723 77.35
    endloop
  endfacet
  facet normal 0 0 1
    outer loop
      vertex -2.11309 4.53154 77.35
      vertex -3.80356 8.15677 77.35
      vertex -2.5 4.33013 77.35
    endloop
  endfacet
  facet normal -0 0 1
    outer loop
      vertex -4.5 7.79423 77.35
      vertex -2.5 4.33013 77.35
      vertex -3.80356 8.15677 77.35
    endloop
  endfacet
  facet normal 0 0 1
    outer loop
      vertex -2.5 4.33013 77.35
      vertex -4.5 7.79423 77.35
      vertex -2.86788 4.09576 77.35
    endloop
  endfacet
  facet normal -0 0 1
    outer loop
      vertex -5.16219 7.37237 77.35
      vertex -2.86788 4.09576 77.35
      vertex -4.5 7.79423 77.35
    endloop
  endfacet
  facet normal 0 0 1
    outer loop
      vertex -2.86788 4.09576 77.35
      vertex -5.16219 7.37237 77.35
      vertex -3.21394 3.83022 77.35
    endloop
  endfacet
  facet normal -0 0 1
    outer loop
      vertex -5.78509 6.8944 77.35
      vertex -3.21394 3.83022 77.35
      vertex -5.16219 7.37237 77.35
    endloop
  endfacet
  facet normal 0 0 1
    outer loop
      vertex -3.21394 3.83022 77.35
      vertex -5.78509 6.8944 77.35
      vertex -3.53553 3.53553 77.35
    endloop
  endfacet
  facet normal -0 0 1
    outer loop
      vertex -6.36396 6.36396 77.35
      vertex -3.53553 3.53553 77.35
      vertex -5.78509 6.8944 77.35
    endloop
  endfacet
  facet normal 0 0 1
    outer loop
      vertex -3.53553 3.53553 77.35
      vertex -6.36396 6.36396 77.35
      vertex -3.83022 3.21394 77.35
    endloop
  endfacet
  facet normal -0 0 1
    outer loop
      vertex -6.8944 5.78509 77.35
      vertex -3.83022 3.21394 77.35
      vertex -6.36396 6.36396 77.35
    endloop
  endfacet
  facet normal 0 0 1
    outer loop
      vertex -3.83022 3.21394 77.35
      vertex -6.8944 5.78509 77.35
      vertex -4.09576 2.86788 77.35
    endloop
  endfacet
  facet normal -0 0 1
    outer loop
      vertex -7.37237 5.16219 77.35
      vertex -4.09576 2.86788 77.35
      vertex -6.8944 5.78509 77.35
    endloop
  endfacet
  facet normal 0 0 1
    outer loop
      vertex -4.09576 2.86788 77.35
      vertex -7.37237 5.16219 77.35
      vertex -4.33013 2.5 77.35
    endloop
  endfacet
  facet normal 0 0 1
    outer loop
      vertex -4.33013 2.5 77.35
      vertex -7.79423 4.5 77.35
      vertex -4.53154 2.11309 77.35
    endloop
  endfacet
  facet normal -0 0 1
    outer loop
      vertex -7.79423 4.5 77.35
      vertex -4.33013 2.5 77.35
      vertex -7.37237 5.16219 77.35
    endloop
  endfacet
  facet normal -0 0 1
    outer loop
      vertex 4.33013 -2.5 77.35
      vertex 7.79423 -4.5 77.35
      vertex 4.53154 -2.11309 77.35
    endloop
  endfacet
  facet normal 0 0 1
    outer loop
      vertex 7.79423 -4.5 77.35
      vertex 4.33013 -2.5 77.35
      vertex 7.37237 -5.16219 77.35
    endloop
  endfacet
  facet normal -0 0 1
    outer loop
      vertex 4.09576 -2.86788 77.35
      vertex 7.37237 -5.16219 77.35
      vertex 4.33013 -2.5 77.35
    endloop
  endfacet
  facet normal 0 0 1
    outer loop
      vertex 7.37237 -5.16219 77.35
      vertex 4.09576 -2.86788 77.35
      vertex 6.8944 -5.78509 77.35
    endloop
  endfacet
  facet normal -0 0 1
    outer loop
      vertex 3.83022 -3.21394 77.35
      vertex 6.8944 -5.78509 77.35
      vertex 4.09576 -2.86788 77.35
    endloop
  endfacet
  facet normal 0 0 1
    outer loop
      vertex 6.8944 -5.78509 77.35
      vertex 3.83022 -3.21394 77.35
      vertex 6.36396 -6.36396 77.35
    endloop
  endfacet
  facet normal -0 0 1
    outer loop
      vertex 3.53553 -3.53553 77.35
      vertex 6.36396 -6.36396 77.35
      vertex 3.83022 -3.21394 77.35
    endloop
  endfacet
  facet normal 0 0 1
    outer loop
      vertex 6.36396 -6.36396 77.35
      vertex 3.53553 -3.53553 77.35
      vertex 5.78509 -6.8944 77.35
    endloop
  endfacet
  facet normal -0 0 1
    outer loop
      vertex 3.21394 -3.83022 77.35
      vertex 5.78509 -6.8944 77.35
      vertex 3.53553 -3.53553 77.35
    endloop
  endfacet
  facet normal 0 0 1
    outer loop
      vertex 5.78509 -6.8944 77.35
      vertex 3.21394 -3.83022 77.35
      vertex 5.16219 -7.37237 77.35
    endloop
  endfacet
  facet normal -0 0 1
    outer loop
      vertex 2.86788 -4.09576 77.35
      vertex 5.16219 -7.37237 77.35
      vertex 3.21394 -3.83022 77.35
    endloop
  endfacet
  facet normal 0 0 1
    outer loop
      vertex 5.16219 -7.37237 77.35
      vertex 2.86788 -4.09576 77.35
      vertex 4.5 -7.79423 77.35
    endloop
  endfacet
  facet normal -0 0 1
    outer loop
      vertex 2.5 -4.33013 77.35
      vertex 4.5 -7.79423 77.35
      vertex 2.86788 -4.09576 77.35
    endloop
  endfacet
  facet normal 0 0 1
    outer loop
      vertex 4.5 -7.79423 77.35
      vertex 2.5 -4.33013 77.35
      vertex 3.80356 -8.15677 77.35
    endloop
  endfacet
  facet normal -0 0 1
    outer loop
      vertex 2.11309 -4.53154 77.35
      vertex 3.80356 -8.15677 77.35
      vertex 2.5 -4.33013 77.35
    endloop
  endfacet
  facet normal 0 0 1
    outer loop
      vertex 3.80356 -8.15677 77.35
      vertex 2.11309 -4.53154 77.35
      vertex 3.07818 -8.45723 77.35
    endloop
  endfacet
  facet normal -0 0 1
    outer loop
      vertex 1.7101 -4.69846 77.35
      vertex 3.07818 -8.45723 77.35
      vertex 2.11309 -4.53154 77.35
    endloop
  endfacet
  facet normal 0 0 1
    outer loop
      vertex 3.07818 -8.45723 77.35
      vertex 1.7101 -4.69846 77.35
      vertex 2.32937 -8.69333 77.35
    endloop
  endfacet
  facet normal -0 0 1
    outer loop
      vertex 1.2941 -4.82963 77.35
      vertex 2.32937 -8.69333 77.35
      vertex 1.7101 -4.69846 77.35
    endloop
  endfacet
  facet normal 0 0 1
    outer loop
      vertex 2.32937 -8.69333 77.35
      vertex 1.2941 -4.82963 77.35
      vertex 1.56283 -8.86327 77.35
    endloop
  endfacet
  facet normal -0 0 1
    outer loop
      vertex 0.86824 -4.92404 77.35
      vertex 1.56283 -8.86327 77.35
      vertex 1.2941 -4.82963 77.35
    endloop
  endfacet
  facet normal 0 0 1
    outer loop
      vertex 0.86824 -4.92404 77.35
      vertex 0.784401 -8.96575 77.35
      vertex 1.56283 -8.86327 77.35
    endloop
  endfacet
  facet normal -0 0 1
    outer loop
      vertex 0.435779 -4.98097 77.35
      vertex 0.784401 -8.96575 77.35
      vertex 0.86824 -4.92404 77.35
    endloop
  endfacet
  facet normal -0 0 1
    outer loop
      vertex 0 -5 77.35
      vertex 0.784401 -8.96575 77.35
      vertex 0.435779 -4.98097 77.35
    endloop
  endfacet
  facet normal 0 0 1
    outer loop
      vertex 0 -5 77.35
      vertex 0 -9 77.35
      vertex 0.784401 -8.96575 77.35
    endloop
  endfacet
  facet normal 0 0 1
    outer loop
      vertex -0.435779 -4.98097 77.35
      vertex 0 -9 77.35
      vertex 0 -5 77.35
    endloop
  endfacet
  facet normal 0 0 1
    outer loop
      vertex -0.435779 -4.98097 77.35
      vertex -0.784401 -8.96575 77.35
      vertex 0 -9 77.35
    endloop
  endfacet
  facet normal 0 0 1
    outer loop
      vertex -0.86824 -4.92404 77.35
      vertex -0.784401 -8.96575 77.35
      vertex -0.435779 -4.98097 77.35
    endloop
  endfacet
  facet normal 0 0 1
    outer loop
      vertex -1.56283 -8.86327 77.35
      vertex -0.86824 -4.92404 77.35
      vertex -1.2941 -4.82963 77.35
    endloop
  endfacet
  facet normal 0 0 1
    outer loop
      vertex -0.86824 -4.92404 77.35
      vertex -1.56283 -8.86327 77.35
      vertex -0.784401 -8.96575 77.35
    endloop
  endfacet
  facet normal 0 0 1
    outer loop
      vertex -2.32937 -8.69333 77.35
      vertex -1.2941 -4.82963 77.35
      vertex -1.7101 -4.69846 77.35
    endloop
  endfacet
  facet normal 0 0 1
    outer loop
      vertex -3.07818 -8.45723 77.35
      vertex -1.7101 -4.69846 77.35
      vertex -2.11309 -4.53154 77.35
    endloop
  endfacet
  facet normal 0 0 1
    outer loop
      vertex -1.2941 -4.82963 77.35
      vertex -2.32937 -8.69333 77.35
      vertex -1.56283 -8.86327 77.35
    endloop
  endfacet
  facet normal 0 0 1
    outer loop
      vertex -3.80356 -8.15677 77.35
      vertex -2.11309 -4.53154 77.35
      vertex -2.5 -4.33013 77.35
    endloop
  endfacet
  facet normal 0 0 1
    outer loop
      vertex -4.5 -7.79423 77.35
      vertex -2.5 -4.33013 77.35
      vertex -2.86788 -4.09576 77.35
    endloop
  endfacet
  facet normal 0 0 1
    outer loop
      vertex -1.7101 -4.69846 77.35
      vertex -3.07818 -8.45723 77.35
      vertex -2.32937 -8.69333 77.35
    endloop
  endfacet
  facet normal 0 0 1
    outer loop
      vertex -5.16219 -7.37237 77.35
      vertex -2.86788 -4.09576 77.35
      vertex -3.21394 -3.83022 77.35
    endloop
  endfacet
  facet normal 0 0 1
    outer loop
      vertex -5.78509 -6.8944 77.35
      vertex -3.21394 -3.83022 77.35
      vertex -3.53553 -3.53553 77.35
    endloop
  endfacet
  facet normal 0 0 1
    outer loop
      vertex -2.11309 -4.53154 77.35
      vertex -3.80356 -8.15677 77.35
      vertex -3.07818 -8.45723 77.35
    endloop
  endfacet
  facet normal 0 0 1
    outer loop
      vertex -6.36396 -6.36396 77.35
      vertex -3.53553 -3.53553 77.35
      vertex -3.83022 -3.21394 77.35
    endloop
  endfacet
  facet normal 0 0 1
    outer loop
      vertex -6.8944 -5.78509 77.35
      vertex -3.83022 -3.21394 77.35
      vertex -4.09576 -2.86788 77.35
    endloop
  endfacet
  facet normal 0 0 1
    outer loop
      vertex -7.37237 -5.16219 77.35
      vertex -4.09576 -2.86788 77.35
      vertex -4.33013 -2.5 77.35
    endloop
  endfacet
  facet normal 0 0 1
    outer loop
      vertex -2.5 -4.33013 77.35
      vertex -4.5 -7.79423 77.35
      vertex -3.80356 -8.15677 77.35
    endloop
  endfacet
  facet normal 0 0 1
    outer loop
      vertex -7.79423 -4.5 77.35
      vertex -4.33013 -2.5 77.35
      vertex -4.53154 -2.11309 77.35
    endloop
  endfacet
  facet normal 0 0 1
    outer loop
      vertex -8.15677 -3.80356 77.35
      vertex -4.53154 -2.11309 77.35
      vertex -4.69846 -1.7101 77.35
    endloop
  endfacet
  facet normal 0 0 1
    outer loop
      vertex -8.45723 -3.07818 77.35
      vertex -4.69846 -1.7101 77.35
      vertex -4.82963 -1.2941 77.35
    endloop
  endfacet
  facet normal 0 0 1
    outer loop
      vertex -8.69333 -2.32937 77.35
      vertex -4.82963 -1.2941 77.35
      vertex -4.92404 -0.86824 77.35
    endloop
  endfacet
  facet normal 0 0 1
    outer loop
      vertex -8.86327 -1.56283 77.35
      vertex -4.92404 -0.86824 77.35
      vertex -4.98097 -0.435779 77.35
    endloop
  endfacet
  facet normal 0 0 1
    outer loop
      vertex -2.86788 -4.09576 77.35
      vertex -5.16219 -7.37237 77.35
      vertex -4.5 -7.79423 77.35
    endloop
  endfacet
  facet normal 0 0 1
    outer loop
      vertex -8.96575 -0.784401 77.35
      vertex -4.98097 -0.435779 77.35
      vertex -5 0 77.35
    endloop
  endfacet
  facet normal -0 0 1
    outer loop
      vertex -8.15677 3.80356 77.35
      vertex -4.53154 2.11309 77.35
      vertex -7.79423 4.5 77.35
    endloop
  endfacet
  facet normal 0 0 1
    outer loop
      vertex -4.53154 2.11309 77.35
      vertex -8.15677 3.80356 77.35
      vertex -4.69846 1.7101 77.35
    endloop
  endfacet
  facet normal 0 0 1
    outer loop
      vertex -3.21394 -3.83022 77.35
      vertex -5.78509 -6.8944 77.35
      vertex -5.16219 -7.37237 77.35
    endloop
  endfacet
  facet normal -0 0 1
    outer loop
      vertex -8.45723 3.07818 77.35
      vertex -4.69846 1.7101 77.35
      vertex -8.15677 3.80356 77.35
    endloop
  endfacet
  facet normal 0 0 1
    outer loop
      vertex -3.53553 -3.53553 77.35
      vertex -6.36396 -6.36396 77.35
      vertex -5.78509 -6.8944 77.35
    endloop
  endfacet
  facet normal 0 0 1
    outer loop
      vertex -4.69846 1.7101 77.35
      vertex -8.45723 3.07818 77.35
      vertex -4.82963 1.2941 77.35
    endloop
  endfacet
  facet normal 0 0 1
    outer loop
      vertex -3.83022 -3.21394 77.35
      vertex -6.8944 -5.78509 77.35
      vertex -6.36396 -6.36396 77.35
    endloop
  endfacet
  facet normal -0 0 1
    outer loop
      vertex -8.69333 2.32937 77.35
      vertex -4.82963 1.2941 77.35
      vertex -8.45723 3.07818 77.35
    endloop
  endfacet
  facet normal 0 0 1
    outer loop
      vertex -4.09576 -2.86788 77.35
      vertex -7.37237 -5.16219 77.35
      vertex -6.8944 -5.78509 77.35
    endloop
  endfacet
  facet normal 0 0 1
    outer loop
      vertex -4.82963 1.2941 77.35
      vertex -8.69333 2.32937 77.35
      vertex -4.92404 0.86824 77.35
    endloop
  endfacet
  facet normal 0 0 1
    outer loop
      vertex -4.33013 -2.5 77.35
      vertex -7.79423 -4.5 77.35
      vertex -7.37237 -5.16219 77.35
    endloop
  endfacet
  facet normal -0 0 1
    outer loop
      vertex -8.86327 1.56283 77.35
      vertex -4.92404 0.86824 77.35
      vertex -8.69333 2.32937 77.35
    endloop
  endfacet
  facet normal 0 0 1
    outer loop
      vertex -4.53154 -2.11309 77.35
      vertex -8.15677 -3.80356 77.35
      vertex -7.79423 -4.5 77.35
    endloop
  endfacet
  facet normal 0 0 1
    outer loop
      vertex -4.92404 0.86824 77.35
      vertex -8.86327 1.56283 77.35
      vertex -4.98097 0.435779 77.35
    endloop
  endfacet
  facet normal 0 0 1
    outer loop
      vertex -4.69846 -1.7101 77.35
      vertex -8.45723 -3.07818 77.35
      vertex -8.15677 -3.80356 77.35
    endloop
  endfacet
  facet normal -0 0 1
    outer loop
      vertex -8.96575 0.784401 77.35
      vertex -4.98097 0.435779 77.35
      vertex -8.86327 1.56283 77.35
    endloop
  endfacet
  facet normal 0 0 1
    outer loop
      vertex -4.82963 -1.2941 77.35
      vertex -8.69333 -2.32937 77.35
      vertex -8.45723 -3.07818 77.35
    endloop
  endfacet
  facet normal 0 0 1
    outer loop
      vertex -4.98097 0.435779 77.35
      vertex -8.96575 0.784401 77.35
      vertex -5 0 77.35
    endloop
  endfacet
  facet normal 0 0 1
    outer loop
      vertex -4.92404 -0.86824 77.35
      vertex -8.86327 -1.56283 77.35
      vertex -8.69333 -2.32937 77.35
    endloop
  endfacet
  facet normal 0 0 1
    outer loop
      vertex -9 0 77.35
      vertex -5 0 77.35
      vertex -8.96575 0.784401 77.35
    endloop
  endfacet
  facet normal 0 0 1
    outer loop
      vertex -4.98097 -0.435779 77.35
      vertex -8.96575 -0.784401 77.35
      vertex -8.86327 -1.56283 77.35
    endloop
  endfacet
  facet normal 0 0 1
    outer loop
      vertex -5 0 77.35
      vertex -9 0 77.35
      vertex -8.96575 -0.784401 77.35
    endloop
  endfacet
  facet normal -0.976295 0.216442 0
    outer loop
      vertex -8.86327 1.56283 69.35
      vertex -8.69333 2.32937 77.35
      vertex -8.69333 2.32937 69.35
    endloop
  endfacet
  facet normal -0.976295 0.216442 0
    outer loop
      vertex -8.69333 2.32937 77.35
      vertex -8.86327 1.56283 69.35
      vertex -8.86327 1.56283 77.35
    endloop
  endfacet
  facet normal 0.793352 -0.608763 0
    outer loop
      vertex 6.8944 -5.78509 77.35
      vertex 7.37237 -5.16219 69.35
      vertex 7.37237 -5.16219 77.35
    endloop
  endfacet
  facet normal 0.793352 -0.608763 0
    outer loop
      vertex 7.37237 -5.16219 69.35
      vertex 6.8944 -5.78509 77.35
      vertex 6.8944 -5.78509 69.35
    endloop
  endfacet
  facet normal -0.461745 0.887013 0
    outer loop
      vertex -3.80356 8.15677 69.35
      vertex -4.5 7.79423 77.35
      vertex -3.80356 8.15677 77.35
    endloop
  endfacet
  facet normal -0.461745 0.887013 0
    outer loop
      vertex -4.5 7.79423 77.35
      vertex -3.80356 8.15677 69.35
      vertex -4.5 7.79423 69.35
    endloop
  endfacet
  facet normal 0.793352 0.608763 0
    outer loop
      vertex 7.37237 5.16219 77.35
      vertex 6.8944 5.78509 69.35
      vertex 6.8944 5.78509 77.35
    endloop
  endfacet
  facet normal 0.793352 0.608763 0
    outer loop
      vertex 6.8944 5.78509 69.35
      vertex 7.37237 5.16219 77.35
      vertex 7.37237 5.16219 69.35
    endloop
  endfacet
  facet normal -0.0436223 0.999048 0
    outer loop
      vertex 0 9 69.35
      vertex -0.784401 8.96575 77.35
      vertex 0 9 77.35
    endloop
  endfacet
  facet normal -0.0436223 0.999048 0
    outer loop
      vertex -0.784401 8.96575 77.35
      vertex 0 9 69.35
      vertex -0.784401 8.96575 69.35
    endloop
  endfacet
  facet normal 0.737275 -0.675593 0
    outer loop
      vertex 6.36396 -6.36396 77.35
      vertex 6.8944 -5.78509 69.35
      vertex 6.8944 -5.78509 77.35
    endloop
  endfacet
  facet normal 0.737275 -0.675593 0
    outer loop
      vertex 6.8944 -5.78509 69.35
      vertex 6.36396 -6.36396 77.35
      vertex 6.36396 -6.36396 69.35
    endloop
  endfacet
  facet normal -0.976295 -0.216442 0
    outer loop
      vertex -8.69333 -2.32937 69.35
      vertex -8.86327 -1.56283 77.35
      vertex -8.86327 -1.56283 69.35
    endloop
  endfacet
  facet normal -0.976295 -0.216442 0
    outer loop
      vertex -8.86327 -1.56283 77.35
      vertex -8.69333 -2.32937 69.35
      vertex -8.69333 -2.32937 77.35
    endloop
  endfacet
  facet normal -0.300707 0.953717 0
    outer loop
      vertex -2.32937 8.69333 69.35
      vertex -3.07818 8.45723 77.35
      vertex -2.32937 8.69333 77.35
    endloop
  endfacet
  facet normal -0.300707 0.953717 0
    outer loop
      vertex -3.07818 8.45723 77.35
      vertex -2.32937 8.69333 69.35
      vertex -3.07818 8.45723 69.35
    endloop
  endfacet
  facet normal 0.887013 -0.461745 0
    outer loop
      vertex 7.79423 -4.5 77.35
      vertex 8.15677 -3.80356 69.35
      vertex 8.15677 -3.80356 77.35
    endloop
  endfacet
  facet normal 0.887013 -0.461745 0
    outer loop
      vertex 8.15677 -3.80356 69.35
      vertex 7.79423 -4.5 77.35
      vertex 7.79423 -4.5 69.35
    endloop
  endfacet
  facet normal -0.793352 -0.608763 0
    outer loop
      vertex -6.8944 -5.78509 69.35
      vertex -7.37237 -5.16219 77.35
      vertex -7.37237 -5.16219 69.35
    endloop
  endfacet
  facet normal -0.793352 -0.608763 0
    outer loop
      vertex -7.37237 -5.16219 77.35
      vertex -6.8944 -5.78509 69.35
      vertex -6.8944 -5.78509 77.35
    endloop
  endfacet
  facet normal -0.843392 0.537298 0
    outer loop
      vertex -7.79423 4.5 69.35
      vertex -7.37237 5.16219 77.35
      vertex -7.37237 5.16219 69.35
    endloop
  endfacet
  facet normal -0.843392 0.537298 0
    outer loop
      vertex -7.37237 5.16219 77.35
      vertex -7.79423 4.5 69.35
      vertex -7.79423 4.5 77.35
    endloop
  endfacet
  facet normal 0.216442 -0.976295 0
    outer loop
      vertex 1.56283 -8.86327 69.35
      vertex 2.32937 -8.69333 77.35
      vertex 1.56283 -8.86327 77.35
    endloop
  endfacet
  facet normal 0.216442 -0.976295 0
    outer loop
      vertex 2.32937 -8.69333 77.35
      vertex 1.56283 -8.86327 69.35
      vertex 2.32937 -8.69333 69.35
    endloop
  endfacet
  facet normal 0.608763 -0.793352 0
    outer loop
      vertex 5.16219 -7.37237 69.35
      vertex 5.78509 -6.8944 77.35
      vertex 5.16219 -7.37237 77.35
    endloop
  endfacet
  facet normal 0.608763 -0.793352 0
    outer loop
      vertex 5.78509 -6.8944 77.35
      vertex 5.16219 -7.37237 69.35
      vertex 5.78509 -6.8944 69.35
    endloop
  endfacet
  facet normal 0.923881 -0.382681 0
    outer loop
      vertex 8.15677 -3.80356 77.35
      vertex 8.45723 -3.07818 69.35
      vertex 8.45723 -3.07818 77.35
    endloop
  endfacet
  facet normal 0.923881 -0.382681 0
    outer loop
      vertex 8.45723 -3.07818 69.35
      vertex 8.15677 -3.80356 77.35
      vertex 8.15677 -3.80356 69.35
    endloop
  endfacet
  facet normal 0.923881 0.382681 0
    outer loop
      vertex 8.45723 3.07818 77.35
      vertex 8.15677 3.80356 69.35
      vertex 8.15677 3.80356 77.35
    endloop
  endfacet
  facet normal 0.923881 0.382681 0
    outer loop
      vertex 8.15677 3.80356 69.35
      vertex 8.45723 3.07818 77.35
      vertex 8.45723 3.07818 69.35
    endloop
  endfacet
  facet normal -0.608763 -0.793352 0
    outer loop
      vertex -5.78509 -6.8944 69.35
      vertex -5.16219 -7.37237 77.35
      vertex -5.78509 -6.8944 77.35
    endloop
  endfacet
  facet normal -0.608763 -0.793352 -0
    outer loop
      vertex -5.16219 -7.37237 77.35
      vertex -5.78509 -6.8944 69.35
      vertex -5.16219 -7.37237 69.35
    endloop
  endfacet
  facet normal -0.608763 0.793352 0
    outer loop
      vertex -5.16219 7.37237 69.35
      vertex -5.78509 6.8944 77.35
      vertex -5.16219 7.37237 77.35
    endloop
  endfacet
  facet normal -0.608763 0.793352 0
    outer loop
      vertex -5.78509 6.8944 77.35
      vertex -5.16219 7.37237 69.35
      vertex -5.78509 6.8944 69.35
    endloop
  endfacet
  facet normal -0.953717 0.300707 0
    outer loop
      vertex -8.69333 2.32937 69.35
      vertex -8.45723 3.07818 77.35
      vertex -8.45723 3.07818 69.35
    endloop
  endfacet
  facet normal -0.953717 0.300707 0
    outer loop
      vertex -8.45723 3.07818 77.35
      vertex -8.69333 2.32937 69.35
      vertex -8.69333 2.32937 77.35
    endloop
  endfacet
  facet normal 0.382681 0.923881 -0
    outer loop
      vertex 3.80356 8.15677 69.35
      vertex 3.07818 8.45723 77.35
      vertex 3.80356 8.15677 77.35
    endloop
  endfacet
  facet normal 0.382681 0.923881 0
    outer loop
      vertex 3.07818 8.45723 77.35
      vertex 3.80356 8.15677 69.35
      vertex 3.07818 8.45723 69.35
    endloop
  endfacet
  facet normal -0.216442 0.976295 0
    outer loop
      vertex -1.56283 8.86327 69.35
      vertex -2.32937 8.69333 77.35
      vertex -1.56283 8.86327 77.35
    endloop
  endfacet
  facet normal -0.216442 0.976295 0
    outer loop
      vertex -2.32937 8.69333 77.35
      vertex -1.56283 8.86327 69.35
      vertex -2.32937 8.69333 69.35
    endloop
  endfacet
  facet normal 0.843392 -0.537298 0
    outer loop
      vertex 7.37237 -5.16219 77.35
      vertex 7.79423 -4.5 69.35
      vertex 7.79423 -4.5 77.35
    endloop
  endfacet
  facet normal 0.843392 -0.537298 0
    outer loop
      vertex 7.79423 -4.5 69.35
      vertex 7.37237 -5.16219 77.35
      vertex 7.37237 -5.16219 69.35
    endloop
  endfacet
  facet normal 0.461745 0.887013 -0
    outer loop
      vertex 4.5 7.79423 69.35
      vertex 3.80356 8.15677 77.35
      vertex 4.5 7.79423 77.35
    endloop
  endfacet
  facet normal 0.461745 0.887013 0
    outer loop
      vertex 3.80356 8.15677 77.35
      vertex 4.5 7.79423 69.35
      vertex 3.80356 8.15677 69.35
    endloop
  endfacet
  facet normal 0.843392 0.537298 0
    outer loop
      vertex 7.79423 4.5 77.35
      vertex 7.37237 5.16219 69.35
      vertex 7.37237 5.16219 77.35
    endloop
  endfacet
  facet normal 0.843392 0.537298 0
    outer loop
      vertex 7.37237 5.16219 69.35
      vertex 7.79423 4.5 77.35
      vertex 7.79423 4.5 69.35
    endloop
  endfacet
  facet normal -0.887013 0.461745 0
    outer loop
      vertex -8.15677 3.80356 69.35
      vertex -7.79423 4.5 77.35
      vertex -7.79423 4.5 69.35
    endloop
  endfacet
  facet normal -0.887013 0.461745 0
    outer loop
      vertex -7.79423 4.5 77.35
      vertex -8.15677 3.80356 69.35
      vertex -8.15677 3.80356 77.35
    endloop
  endfacet
  facet normal -0.382681 0.923881 0
    outer loop
      vertex -3.07818 8.45723 69.35
      vertex -3.80356 8.15677 77.35
      vertex -3.07818 8.45723 77.35
    endloop
  endfacet
  facet normal -0.382681 0.923881 0
    outer loop
      vertex -3.80356 8.15677 77.35
      vertex -3.07818 8.45723 69.35
      vertex -3.80356 8.15677 69.35
    endloop
  endfacet
  facet normal -0.675593 0.737275 0
    outer loop
      vertex -5.78509 6.8944 69.35
      vertex -6.36396 6.36396 77.35
      vertex -5.78509 6.8944 77.35
    endloop
  endfacet
  facet normal -0.675593 0.737275 0
    outer loop
      vertex -6.36396 6.36396 77.35
      vertex -5.78509 6.8944 69.35
      vertex -6.36396 6.36396 69.35
    endloop
  endfacet
  facet normal -0.537298 0.843392 0
    outer loop
      vertex -4.5 7.79423 69.35
      vertex -5.16219 7.37237 77.35
      vertex -4.5 7.79423 77.35
    endloop
  endfacet
  facet normal -0.537298 0.843392 0
    outer loop
      vertex -5.16219 7.37237 77.35
      vertex -4.5 7.79423 69.35
      vertex -5.16219 7.37237 69.35
    endloop
  endfacet
  facet normal -0.991445 -0.130524 0
    outer loop
      vertex -8.86327 -1.56283 69.35
      vertex -8.96575 -0.784401 77.35
      vertex -8.96575 -0.784401 69.35
    endloop
  endfacet
  facet normal -0.991445 -0.130524 0
    outer loop
      vertex -8.96575 -0.784401 77.35
      vertex -8.86327 -1.56283 69.35
      vertex -8.86327 -1.56283 77.35
    endloop
  endfacet
  facet normal -0.216442 -0.976295 0
    outer loop
      vertex -2.32937 -8.69333 69.35
      vertex -1.56283 -8.86327 77.35
      vertex -2.32937 -8.69333 77.35
    endloop
  endfacet
  facet normal -0.216442 -0.976295 -0
    outer loop
      vertex -1.56283 -8.86327 77.35
      vertex -2.32937 -8.69333 69.35
      vertex -1.56283 -8.86327 69.35
    endloop
  endfacet
  facet normal -0.737275 -0.675593 0
    outer loop
      vertex -6.36396 -6.36396 69.35
      vertex -6.8944 -5.78509 77.35
      vertex -6.8944 -5.78509 69.35
    endloop
  endfacet
  facet normal -0.737275 -0.675593 0
    outer loop
      vertex -6.8944 -5.78509 77.35
      vertex -6.36396 -6.36396 69.35
      vertex -6.36396 -6.36396 77.35
    endloop
  endfacet
  facet normal 0.999048 -0.0436223 0
    outer loop
      vertex 8.96575 -0.784401 77.35
      vertex 9 0 75.35
      vertex 9 0 77.35
    endloop
  endfacet
  facet normal 0.999048 -0.0436223 0
    outer loop
      vertex 9 0 75.35
      vertex 8.96575 -0.784401 77.35
      vertex 8.96575 -0.784401 75.35
    endloop
  endfacet
  facet normal -0.999048 -0.0436223 0
    outer loop
      vertex -8.96575 -0.784401 69.35
      vertex -9 0 77.35
      vertex -9 0 69.35
    endloop
  endfacet
  facet normal -0.999048 -0.0436223 0
    outer loop
      vertex -9 0 77.35
      vertex -8.96575 -0.784401 69.35
      vertex -8.96575 -0.784401 77.35
    endloop
  endfacet
  facet normal 0.130524 0.991445 -0
    outer loop
      vertex 1.56283 8.86327 69.35
      vertex 0.784401 8.96575 77.35
      vertex 1.56283 8.86327 77.35
    endloop
  endfacet
  facet normal 0.130524 0.991445 0
    outer loop
      vertex 0.784401 8.96575 77.35
      vertex 1.56283 8.86327 69.35
      vertex 0.784401 8.96575 69.35
    endloop
  endfacet
  facet normal -0.675593 -0.737275 0
    outer loop
      vertex -6.36396 -6.36396 69.35
      vertex -5.78509 -6.8944 77.35
      vertex -6.36396 -6.36396 77.35
    endloop
  endfacet
  facet normal -0.675593 -0.737275 -0
    outer loop
      vertex -5.78509 -6.8944 77.35
      vertex -6.36396 -6.36396 69.35
      vertex -5.78509 -6.8944 69.35
    endloop
  endfacet
  facet normal 0.537298 -0.843392 0
    outer loop
      vertex 4.5 -7.79423 69.35
      vertex 5.16219 -7.37237 77.35
      vertex 4.5 -7.79423 77.35
    endloop
  endfacet
  facet normal 0.537298 -0.843392 0
    outer loop
      vertex 5.16219 -7.37237 77.35
      vertex 4.5 -7.79423 69.35
      vertex 5.16219 -7.37237 69.35
    endloop
  endfacet
  facet normal 0.737275 0.675593 0
    outer loop
      vertex 6.8944 5.78509 77.35
      vertex 6.36396 6.36396 69.35
      vertex 6.36396 6.36396 77.35
    endloop
  endfacet
  facet normal 0.737275 0.675593 0
    outer loop
      vertex 6.36396 6.36396 69.35
      vertex 6.8944 5.78509 77.35
      vertex 6.8944 5.78509 69.35
    endloop
  endfacet
  facet normal 0.130524 -0.991445 0
    outer loop
      vertex 0.784401 -8.96575 69.35
      vertex 1.56283 -8.86327 77.35
      vertex 0.784401 -8.96575 77.35
    endloop
  endfacet
  facet normal 0.130524 -0.991445 0
    outer loop
      vertex 1.56283 -8.86327 77.35
      vertex 0.784401 -8.96575 69.35
      vertex 1.56283 -8.86327 69.35
    endloop
  endfacet
  facet normal 0.675593 0.737275 -0
    outer loop
      vertex 6.36396 6.36396 69.35
      vertex 5.78509 6.8944 77.35
      vertex 6.36396 6.36396 77.35
    endloop
  endfacet
  facet normal 0.675593 0.737275 0
    outer loop
      vertex 5.78509 6.8944 77.35
      vertex 6.36396 6.36396 69.35
      vertex 5.78509 6.8944 69.35
    endloop
  endfacet
  facet normal 0.976296 0.216441 0
    outer loop
      vertex 8.69333 2.32937 77.35
      vertex 8.76635 2 75.35
      vertex 8.69333 2.32937 69.35
    endloop
  endfacet
  facet normal 0.976295 0.216442 -2.46449e-07
    outer loop
      vertex 8.86327 1.56283 77.35
      vertex 8.76635 2 75.35
      vertex 8.69333 2.32937 77.35
    endloop
  endfacet
  facet normal 0.976295 0.216443 0
    outer loop
      vertex 8.76635 2 75.35
      vertex 8.86327 1.56283 77.35
      vertex 8.86327 1.56283 75.35
    endloop
  endfacet
  facet normal 0.976296 0.216441 0
    outer loop
      vertex 8.69333 2.32937 69.35
      vertex 8.76635 2 75.35
      vertex 8.76635 2 69.35
    endloop
  endfacet
  facet normal -0.923881 -0.382681 0
    outer loop
      vertex -8.15677 -3.80356 69.35
      vertex -8.45723 -3.07818 77.35
      vertex -8.45723 -3.07818 69.35
    endloop
  endfacet
  facet normal -0.923881 -0.382681 0
    outer loop
      vertex -8.45723 -3.07818 77.35
      vertex -8.15677 -3.80356 69.35
      vertex -8.15677 -3.80356 77.35
    endloop
  endfacet
  facet normal -0.991445 0.130524 0
    outer loop
      vertex -8.96575 0.784401 69.35
      vertex -8.86327 1.56283 77.35
      vertex -8.86327 1.56283 69.35
    endloop
  endfacet
  facet normal -0.991445 0.130524 0
    outer loop
      vertex -8.86327 1.56283 77.35
      vertex -8.96575 0.784401 69.35
      vertex -8.96575 0.784401 77.35
    endloop
  endfacet
  facet normal -0.999048 0.0436223 0
    outer loop
      vertex -9 0 69.35
      vertex -8.96575 0.784401 77.35
      vertex -8.96575 0.784401 69.35
    endloop
  endfacet
  facet normal -0.999048 0.0436223 0
    outer loop
      vertex -8.96575 0.784401 77.35
      vertex -9 0 69.35
      vertex -9 0 77.35
    endloop
  endfacet
  facet normal 0.976295 -0.216443 0
    outer loop
      vertex 8.86327 -1.56283 77.35
      vertex 8.76635 -2 75.35
      vertex 8.86327 -1.56283 75.35
    endloop
  endfacet
  facet normal 0.976295 -0.216442 -2.46449e-07
    outer loop
      vertex 8.69333 -2.32937 77.35
      vertex 8.76635 -2 75.35
      vertex 8.86327 -1.56283 77.35
    endloop
  endfacet
  facet normal 0.976296 -0.216441 0
    outer loop
      vertex 8.69333 -2.32937 69.35
      vertex 8.76635 -2 75.35
      vertex 8.69333 -2.32937 77.35
    endloop
  endfacet
  facet normal 0.976296 -0.216441 0
    outer loop
      vertex 8.76635 -2 75.35
      vertex 8.69333 -2.32937 69.35
      vertex 8.76635 -2 69.35
    endloop
  endfacet
  facet normal 0.216442 0.976295 -0
    outer loop
      vertex 2.32937 8.69333 69.35
      vertex 1.56283 8.86327 77.35
      vertex 2.32937 8.69333 77.35
    endloop
  endfacet
  facet normal 0.216442 0.976295 0
    outer loop
      vertex 1.56283 8.86327 77.35
      vertex 2.32937 8.69333 69.35
      vertex 1.56283 8.86327 69.35
    endloop
  endfacet
  facet normal 0.675593 -0.737275 0
    outer loop
      vertex 5.78509 -6.8944 69.35
      vertex 6.36396 -6.36396 77.35
      vertex 5.78509 -6.8944 77.35
    endloop
  endfacet
  facet normal 0.675593 -0.737275 0
    outer loop
      vertex 6.36396 -6.36396 77.35
      vertex 5.78509 -6.8944 69.35
      vertex 6.36396 -6.36396 69.35
    endloop
  endfacet
  facet normal -0.537298 -0.843392 0
    outer loop
      vertex -5.16219 -7.37237 69.35
      vertex -4.5 -7.79423 77.35
      vertex -5.16219 -7.37237 77.35
    endloop
  endfacet
  facet normal -0.537298 -0.843392 -0
    outer loop
      vertex -4.5 -7.79423 77.35
      vertex -5.16219 -7.37237 69.35
      vertex -4.5 -7.79423 69.35
    endloop
  endfacet
  facet normal -0.923881 0.382681 0
    outer loop
      vertex -8.45723 3.07818 69.35
      vertex -8.15677 3.80356 77.35
      vertex -8.15677 3.80356 69.35
    endloop
  endfacet
  facet normal -0.923881 0.382681 0
    outer loop
      vertex -8.15677 3.80356 77.35
      vertex -8.45723 3.07818 69.35
      vertex -8.45723 3.07818 77.35
    endloop
  endfacet
  facet normal -0.461745 -0.887013 0
    outer loop
      vertex -4.5 -7.79423 69.35
      vertex -3.80356 -8.15677 77.35
      vertex -4.5 -7.79423 77.35
    endloop
  endfacet
  facet normal -0.461745 -0.887013 -0
    outer loop
      vertex -3.80356 -8.15677 77.35
      vertex -4.5 -7.79423 69.35
      vertex -3.80356 -8.15677 69.35
    endloop
  endfacet
  facet normal 0 0 -1
    outer loop
      vertex 8.69333 -2.32937 69.35
      vertex 8.75614 -2 69.35
      vertex 8.76635 -2 69.35
    endloop
  endfacet
  facet normal 0 0 -1
    outer loop
      vertex 8.69333 -2.32937 69.35
      vertex 8.6837 -2.32679 69.35
      vertex 8.75614 -2 69.35
    endloop
  endfacet
  facet normal 0 0 -1
    outer loop
      vertex 8.44819 -3.07373 69.35
      vertex 8.69333 -2.32937 69.35
      vertex 8.45723 -3.07818 69.35
    endloop
  endfacet
  facet normal -0 0 -1
    outer loop
      vertex 8.69333 -2.32937 69.35
      vertex 8.44819 -3.07373 69.35
      vertex 8.6837 -2.32679 69.35
    endloop
  endfacet
  facet normal 0 0 -1
    outer loop
      vertex 8.45723 -3.07818 69.35
      vertex 8.44786 -3.07477 69.35
      vertex 8.44819 -3.07373 69.35
    endloop
  endfacet
  facet normal 0 0 -1
    outer loop
      vertex 8.14815 -3.79834 69.35
      vertex 8.45723 -3.07818 69.35
      vertex 8.15677 -3.80356 69.35
    endloop
  endfacet
  facet normal -0 0 -1
    outer loop
      vertex 8.45723 -3.07818 69.35
      vertex 8.14815 -3.79834 69.35
      vertex 8.44786 -3.07477 69.35
    endloop
  endfacet
  facet normal 0 0 -1
    outer loop
      vertex 8.15677 -3.80356 69.35
      vertex 8.14773 -3.79935 69.35
      vertex 8.14815 -3.79834 69.35
    endloop
  endfacet
  facet normal 0 0 -1
    outer loop
      vertex 8.15677 -3.80356 69.35
      vertex 8.14723 -3.80031 69.35
      vertex 8.14773 -3.79935 69.35
    endloop
  endfacet
  facet normal 0 0 -1
    outer loop
      vertex 7.79423 -4.5 69.35
      vertex 8.14723 -3.80031 69.35
      vertex 8.15677 -3.80356 69.35
    endloop
  endfacet
  facet normal 0 0 -1
    outer loop
      vertex 7.79423 -4.5 69.35
      vertex 7.78559 -4.49501 69.35
      vertex 8.14723 -3.80031 69.35
    endloop
  endfacet
  facet normal 0 0 -1
    outer loop
      vertex 7.36478 -5.15555 69.35
      vertex 7.79423 -4.5 69.35
      vertex 7.37237 -5.16219 69.35
    endloop
  endfacet
  facet normal -0 0 -1
    outer loop
      vertex 7.79423 -4.5 69.35
      vertex 7.36478 -5.15555 69.35
      vertex 7.78559 -4.49501 69.35
    endloop
  endfacet
  facet normal 0 0 -1
    outer loop
      vertex 7.37237 -5.16219 69.35
      vertex 7.3642 -5.15647 69.35
      vertex 7.36478 -5.15555 69.35
    endloop
  endfacet
  facet normal 0 0 -1
    outer loop
      vertex 7.37237 -5.16219 69.35
      vertex 7.36354 -5.15733 69.35
      vertex 7.3642 -5.15647 69.35
    endloop
  endfacet
  facet normal 0 0 -1
    outer loop
      vertex 6.8944 -5.78509 69.35
      vertex 7.36354 -5.15733 69.35
      vertex 7.37237 -5.16219 69.35
    endloop
  endfacet
  facet normal 0 0 -1
    outer loop
      vertex 6.8944 -5.78509 69.35
      vertex 6.88676 -5.77868 69.35
      vertex 7.36354 -5.15733 69.35
    endloop
  endfacet
  facet normal 0 0 -1
    outer loop
      vertex 6.8944 -5.78509 69.35
      vertex 6.88602 -5.77948 69.35
      vertex 6.88676 -5.77868 69.35
    endloop
  endfacet
  facet normal 0 0 -1
    outer loop
      vertex 6.36396 -6.36396 69.35
      vertex 6.88602 -5.77948 69.35
      vertex 6.8944 -5.78509 69.35
    endloop
  endfacet
  facet normal 0 0 -1
    outer loop
      vertex 6.36396 -6.36396 69.35
      vertex 6.35691 -6.35691 69.35
      vertex 6.88602 -5.77948 69.35
    endloop
  endfacet
  facet normal 0 0 -1
    outer loop
      vertex 5.77948 -6.88602 69.35
      vertex 6.36396 -6.36396 69.35
      vertex 5.78509 -6.8944 69.35
    endloop
  endfacet
  facet normal -0 0 -1
    outer loop
      vertex 6.36396 -6.36396 69.35
      vertex 5.77948 -6.88602 69.35
      vertex 6.35691 -6.35691 69.35
    endloop
  endfacet
  facet normal 0 0 -1
    outer loop
      vertex 5.78509 -6.8944 69.35
      vertex 5.77868 -6.88676 69.35
      vertex 5.77948 -6.88602 69.35
    endloop
  endfacet
  facet normal 0 0 -1
    outer loop
      vertex 5.15733 -7.36354 69.35
      vertex 5.78509 -6.8944 69.35
      vertex 5.16219 -7.37237 69.35
    endloop
  endfacet
  facet normal -0 0 -1
    outer loop
      vertex 5.78509 -6.8944 69.35
      vertex 5.15733 -7.36354 69.35
      vertex 5.77868 -6.88676 69.35
    endloop
  endfacet
  facet normal 0 0 -1
    outer loop
      vertex 5.16219 -7.37237 69.35
      vertex 5.15647 -7.3642 69.35
      vertex 5.15733 -7.36354 69.35
    endloop
  endfacet
  facet normal 0 0 -1
    outer loop
      vertex 5.16219 -7.37237 69.35
      vertex 5.15555 -7.36478 69.35
      vertex 5.15647 -7.3642 69.35
    endloop
  endfacet
  facet normal 0 0 -1
    outer loop
      vertex 4.5 -7.79423 69.35
      vertex 5.15555 -7.36478 69.35
      vertex 5.16219 -7.37237 69.35
    endloop
  endfacet
  facet normal 0 0 -1
    outer loop
      vertex 4.5 -7.79423 69.35
      vertex 4.49501 -7.78559 69.35
      vertex 5.15555 -7.36478 69.35
    endloop
  endfacet
  facet normal 0 0 -1
    outer loop
      vertex 3.80031 -8.14723 69.35
      vertex 4.5 -7.79423 69.35
      vertex 3.80356 -8.15677 69.35
    endloop
  endfacet
  facet normal -0 0 -1
    outer loop
      vertex 4.5 -7.79423 69.35
      vertex 3.80031 -8.14723 69.35
      vertex 4.49501 -7.78559 69.35
    endloop
  endfacet
  facet normal 0 0 -1
    outer loop
      vertex 3.80356 -8.15677 69.35
      vertex 3.79935 -8.14773 69.35
      vertex 3.80031 -8.14723 69.35
    endloop
  endfacet
  facet normal 0 0 -1
    outer loop
      vertex 3.80356 -8.15677 69.35
      vertex 3.79834 -8.14815 69.35
      vertex 3.79935 -8.14773 69.35
    endloop
  endfacet
  facet normal 0 0 -1
    outer loop
      vertex 3.07818 -8.45723 69.35
      vertex 3.79834 -8.14815 69.35
      vertex 3.80356 -8.15677 69.35
    endloop
  endfacet
  facet normal 0 0 -1
    outer loop
      vertex 3.07818 -8.45723 69.35
      vertex 3.07477 -8.44786 69.35
      vertex 3.79834 -8.14815 69.35
    endloop
  endfacet
  facet normal 0 0 -1
    outer loop
      vertex 3.07818 -8.45723 69.35
      vertex 3.07373 -8.44819 69.35
      vertex 3.07477 -8.44786 69.35
    endloop
  endfacet
  facet normal 0 0 -1
    outer loop
      vertex 2.32937 -8.69333 69.35
      vertex 3.07373 -8.44819 69.35
      vertex 3.07818 -8.45723 69.35
    endloop
  endfacet
  facet normal 0 0 -1
    outer loop
      vertex 2.32937 -8.69333 69.35
      vertex 2.32679 -8.6837 69.35
      vertex 3.07373 -8.44819 69.35
    endloop
  endfacet
  facet normal 0 0 -1
    outer loop
      vertex 1.56216 -8.85321 69.35
      vertex 2.32937 -8.69333 69.35
      vertex 1.56283 -8.86327 69.35
    endloop
  endfacet
  facet normal -0 0 -1
    outer loop
      vertex 2.32937 -8.69333 69.35
      vertex 1.56216 -8.85321 69.35
      vertex 2.32679 -8.6837 69.35
    endloop
  endfacet
  facet normal 0 0 -1
    outer loop
      vertex 1.56283 -8.86327 69.35
      vertex 1.5611 -8.85345 69.35
      vertex 1.56216 -8.85321 69.35
    endloop
  endfacet
  facet normal 0 0 -1
    outer loop
      vertex 1.56283 -8.86327 69.35
      vertex 1.56002 -8.85359 69.35
      vertex 1.5611 -8.85345 69.35
    endloop
  endfacet
  facet normal 0 0 -1
    outer loop
      vertex 0.784401 -8.96575 69.35
      vertex 1.56002 -8.85359 69.35
      vertex 1.56283 -8.86327 69.35
    endloop
  endfacet
  facet normal 0 0 -1
    outer loop
      vertex 0.784401 -8.96575 69.35
      vertex 0.783532 -8.95582 69.35
      vertex 1.56002 -8.85359 69.35
    endloop
  endfacet
  facet normal -0 0 -1
    outer loop
      vertex 0.784401 -8.96575 69.35
      vertex 0.00108665 -8.98998 69.35
      vertex 0.783532 -8.95582 69.35
    endloop
  endfacet
  facet normal 0 0 -1
    outer loop
      vertex 0 -9 69.35
      vertex 0.00108665 -8.98998 69.35
      vertex 0.784401 -8.96575 69.35
    endloop
  endfacet
  facet normal 0 0 -1
    outer loop
      vertex 0 -9 69.35
      vertex 0 -8.99003 69.35
      vertex 0.00108665 -8.98998 69.35
    endloop
  endfacet
  facet normal 0 0 -1
    outer loop
      vertex 0 -9 69.35
      vertex -0.00108665 -8.98998 69.35
      vertex 0 -8.99003 69.35
    endloop
  endfacet
  facet normal 0 0 -1
    outer loop
      vertex -0.784401 -8.96575 69.35
      vertex -0.00108665 -8.98998 69.35
      vertex 0 -9 69.35
    endloop
  endfacet
  facet normal 0 0 -1
    outer loop
      vertex -0.00108665 -8.98998 69.35
      vertex -0.784401 -8.96575 69.35
      vertex -0.783532 -8.95582 69.35
    endloop
  endfacet
  facet normal 0 0 -1
    outer loop
      vertex -0.784401 -8.96575 69.35
      vertex -1.56002 -8.85359 69.35
      vertex -0.783532 -8.95582 69.35
    endloop
  endfacet
  facet normal 0 0 -1
    outer loop
      vertex -1.56283 -8.86327 69.35
      vertex -1.56002 -8.85359 69.35
      vertex -0.784401 -8.96575 69.35
    endloop
  endfacet
  facet normal -0 0 -1
    outer loop
      vertex -1.56002 -8.85359 69.35
      vertex -1.56283 -8.86327 69.35
      vertex -1.5611 -8.85345 69.35
    endloop
  endfacet
  facet normal 0 0 -1
    outer loop
      vertex -1.56283 -8.86327 69.35
      vertex -1.56216 -8.85321 69.35
      vertex -1.5611 -8.85345 69.35
    endloop
  endfacet
  facet normal 0 0 -1
    outer loop
      vertex -2.32937 -8.69333 69.35
      vertex -1.56216 -8.85321 69.35
      vertex -1.56283 -8.86327 69.35
    endloop
  endfacet
  facet normal 0 0 -1
    outer loop
      vertex -1.56216 -8.85321 69.35
      vertex -2.32937 -8.69333 69.35
      vertex -2.32679 -8.6837 69.35
    endloop
  endfacet
  facet normal 0 0 -1
    outer loop
      vertex -2.32937 -8.69333 69.35
      vertex -3.07373 -8.44819 69.35
      vertex -2.32679 -8.6837 69.35
    endloop
  endfacet
  facet normal 0 0 -1
    outer loop
      vertex -3.07818 -8.45723 69.35
      vertex -3.07373 -8.44819 69.35
      vertex -2.32937 -8.69333 69.35
    endloop
  endfacet
  facet normal -0 0 -1
    outer loop
      vertex -3.07373 -8.44819 69.35
      vertex -3.07818 -8.45723 69.35
      vertex -3.07477 -8.44786 69.35
    endloop
  endfacet
  facet normal 0 0 -1
    outer loop
      vertex -3.07818 -8.45723 69.35
      vertex -3.79834 -8.14815 69.35
      vertex -3.07477 -8.44786 69.35
    endloop
  endfacet
  facet normal 0 0 -1
    outer loop
      vertex -3.80356 -8.15677 69.35
      vertex -3.79834 -8.14815 69.35
      vertex -3.07818 -8.45723 69.35
    endloop
  endfacet
  facet normal -0 0 -1
    outer loop
      vertex -3.79834 -8.14815 69.35
      vertex -3.80356 -8.15677 69.35
      vertex -3.79935 -8.14773 69.35
    endloop
  endfacet
  facet normal 0 0 -1
    outer loop
      vertex -3.80356 -8.15677 69.35
      vertex -3.80031 -8.14723 69.35
      vertex -3.79935 -8.14773 69.35
    endloop
  endfacet
  facet normal 0 0 -1
    outer loop
      vertex -4.5 -7.79423 69.35
      vertex -3.80031 -8.14723 69.35
      vertex -3.80356 -8.15677 69.35
    endloop
  endfacet
  facet normal 0 0 -1
    outer loop
      vertex -3.80031 -8.14723 69.35
      vertex -4.5 -7.79423 69.35
      vertex -4.49501 -7.78559 69.35
    endloop
  endfacet
  facet normal 0 0 -1
    outer loop
      vertex -4.5 -7.79423 69.35
      vertex -5.15555 -7.36478 69.35
      vertex -4.49501 -7.78559 69.35
    endloop
  endfacet
  facet normal 0 0 -1
    outer loop
      vertex -5.16219 -7.37237 69.35
      vertex -5.15555 -7.36478 69.35
      vertex -4.5 -7.79423 69.35
    endloop
  endfacet
  facet normal -0 0 -1
    outer loop
      vertex -5.15555 -7.36478 69.35
      vertex -5.16219 -7.37237 69.35
      vertex -5.15647 -7.3642 69.35
    endloop
  endfacet
  facet normal 0 0 -1
    outer loop
      vertex -5.16219 -7.37237 69.35
      vertex -5.15733 -7.36354 69.35
      vertex -5.15647 -7.3642 69.35
    endloop
  endfacet
  facet normal 0 0 -1
    outer loop
      vertex -5.78509 -6.8944 69.35
      vertex -5.15733 -7.36354 69.35
      vertex -5.16219 -7.37237 69.35
    endloop
  endfacet
  facet normal 0 0 -1
    outer loop
      vertex -5.15733 -7.36354 69.35
      vertex -5.78509 -6.8944 69.35
      vertex -5.77868 -6.88676 69.35
    endloop
  endfacet
  facet normal 0 0 -1
    outer loop
      vertex -5.78509 -6.8944 69.35
      vertex -5.77948 -6.88602 69.35
      vertex -5.77868 -6.88676 69.35
    endloop
  endfacet
  facet normal 0 0 -1
    outer loop
      vertex -6.36396 -6.36396 69.35
      vertex -5.77948 -6.88602 69.35
      vertex -5.78509 -6.8944 69.35
    endloop
  endfacet
  facet normal 0 0 -1
    outer loop
      vertex -5.77948 -6.88602 69.35
      vertex -6.36396 -6.36396 69.35
      vertex -6.35691 -6.35691 69.35
    endloop
  endfacet
  facet normal 0 0 -1
    outer loop
      vertex -6.36396 -6.36396 69.35
      vertex -6.88602 -5.77948 69.35
      vertex -6.35691 -6.35691 69.35
    endloop
  endfacet
  facet normal 0 0 -1
    outer loop
      vertex -6.8944 -5.78509 69.35
      vertex -6.88602 -5.77948 69.35
      vertex -6.36396 -6.36396 69.35
    endloop
  endfacet
  facet normal -0 0 -1
    outer loop
      vertex -6.88602 -5.77948 69.35
      vertex -6.8944 -5.78509 69.35
      vertex -6.88676 -5.77868 69.35
    endloop
  endfacet
  facet normal 0 0 -1
    outer loop
      vertex -6.8944 -5.78509 69.35
      vertex -7.36354 -5.15733 69.35
      vertex -6.88676 -5.77868 69.35
    endloop
  endfacet
  facet normal 0 0 -1
    outer loop
      vertex -7.37237 -5.16219 69.35
      vertex -7.36354 -5.15733 69.35
      vertex -6.8944 -5.78509 69.35
    endloop
  endfacet
  facet normal -0 0 -1
    outer loop
      vertex -7.36354 -5.15733 69.35
      vertex -7.37237 -5.16219 69.35
      vertex -7.3642 -5.15647 69.35
    endloop
  endfacet
  facet normal 0 0 -1
    outer loop
      vertex -7.37237 -5.16219 69.35
      vertex -7.36478 -5.15555 69.35
      vertex -7.3642 -5.15647 69.35
    endloop
  endfacet
  facet normal 0 0 -1
    outer loop
      vertex -7.79423 -4.5 69.35
      vertex -7.36478 -5.15555 69.35
      vertex -7.37237 -5.16219 69.35
    endloop
  endfacet
  facet normal 0 0 -1
    outer loop
      vertex -7.36478 -5.15555 69.35
      vertex -7.79423 -4.5 69.35
      vertex -7.78559 -4.49501 69.35
    endloop
  endfacet
  facet normal 0 0 -1
    outer loop
      vertex -7.79423 -4.5 69.35
      vertex -8.14723 -3.80031 69.35
      vertex -7.78559 -4.49501 69.35
    endloop
  endfacet
  facet normal 0 0 -1
    outer loop
      vertex -8.15677 -3.80356 69.35
      vertex -8.14723 -3.80031 69.35
      vertex -7.79423 -4.5 69.35
    endloop
  endfacet
  facet normal -0 0 -1
    outer loop
      vertex -8.14723 -3.80031 69.35
      vertex -8.15677 -3.80356 69.35
      vertex -8.14773 -3.79935 69.35
    endloop
  endfacet
  facet normal 0 0 -1
    outer loop
      vertex -8.15677 -3.80356 69.35
      vertex -8.14815 -3.79834 69.35
      vertex -8.14773 -3.79935 69.35
    endloop
  endfacet
  facet normal 0 0 -1
    outer loop
      vertex -8.45723 -3.07818 69.35
      vertex -8.14815 -3.79834 69.35
      vertex -8.15677 -3.80356 69.35
    endloop
  endfacet
  facet normal 0 0 -1
    outer loop
      vertex -8.14815 -3.79834 69.35
      vertex -8.45723 -3.07818 69.35
      vertex -8.44786 -3.07477 69.35
    endloop
  endfacet
  facet normal 0 0 -1
    outer loop
      vertex -8.45723 -3.07818 69.35
      vertex -8.44819 -3.07373 69.35
      vertex -8.44786 -3.07477 69.35
    endloop
  endfacet
  facet normal 0 0 -1
    outer loop
      vertex -8.69333 -2.32937 69.35
      vertex -8.44819 -3.07373 69.35
      vertex -8.45723 -3.07818 69.35
    endloop
  endfacet
  facet normal 0 0 -1
    outer loop
      vertex -8.44819 -3.07373 69.35
      vertex -8.69333 -2.32937 69.35
      vertex -8.6837 -2.32679 69.35
    endloop
  endfacet
  facet normal 0 0 -1
    outer loop
      vertex -8.69333 -2.32937 69.35
      vertex -8.85321 -1.56216 69.35
      vertex -8.6837 -2.32679 69.35
    endloop
  endfacet
  facet normal 0 0 -1
    outer loop
      vertex -8.86327 -1.56283 69.35
      vertex -8.85321 -1.56216 69.35
      vertex -8.69333 -2.32937 69.35
    endloop
  endfacet
  facet normal -0 0 -1
    outer loop
      vertex -8.85321 -1.56216 69.35
      vertex -8.86327 -1.56283 69.35
      vertex -8.85345 -1.5611 69.35
    endloop
  endfacet
  facet normal 0 0 -1
    outer loop
      vertex -8.86327 -1.56283 69.35
      vertex -8.85359 -1.56002 69.35
      vertex -8.85345 -1.5611 69.35
    endloop
  endfacet
  facet normal 0 0 -1
    outer loop
      vertex -8.96575 -0.784401 69.35
      vertex -8.85359 -1.56002 69.35
      vertex -8.86327 -1.56283 69.35
    endloop
  endfacet
  facet normal 0 0 -1
    outer loop
      vertex -8.85359 -1.56002 69.35
      vertex -8.96575 -0.784401 69.35
      vertex -8.95582 -0.783532 69.35
    endloop
  endfacet
  facet normal 0 0 -1
    outer loop
      vertex -8.96575 -0.784401 69.35
      vertex -8.98998 -0.00108665 69.35
      vertex -8.95582 -0.783532 69.35
    endloop
  endfacet
  facet normal 0 0 -1
    outer loop
      vertex -9 0 69.35
      vertex -8.98998 -0.00108665 69.35
      vertex -8.96575 -0.784401 69.35
    endloop
  endfacet
  facet normal 0 0 -1
    outer loop
      vertex -8.98998 -0.00108665 69.35
      vertex -9 0 69.35
      vertex -8.99003 0 69.35
    endloop
  endfacet
  facet normal 0 0 -1
    outer loop
      vertex 8.75614 2 69.35
      vertex 8.69333 2.32937 69.35
      vertex 8.76635 2 69.35
    endloop
  endfacet
  facet normal 0 0 -1
    outer loop
      vertex 8.6837 2.32679 69.35
      vertex 8.69333 2.32937 69.35
      vertex 8.75614 2 69.35
    endloop
  endfacet
  facet normal 0 0 -1
    outer loop
      vertex 8.44819 3.07373 69.35
      vertex 8.69333 2.32937 69.35
      vertex 8.6837 2.32679 69.35
    endloop
  endfacet
  facet normal 0 0 -1
    outer loop
      vertex 8.69333 2.32937 69.35
      vertex 8.44819 3.07373 69.35
      vertex 8.45723 3.07818 69.35
    endloop
  endfacet
  facet normal 0 0 -1
    outer loop
      vertex 8.44786 3.07477 69.35
      vertex 8.45723 3.07818 69.35
      vertex 8.44819 3.07373 69.35
    endloop
  endfacet
  facet normal 0 0 -1
    outer loop
      vertex 8.14815 3.79834 69.35
      vertex 8.45723 3.07818 69.35
      vertex 8.44786 3.07477 69.35
    endloop
  endfacet
  facet normal 0 0 -1
    outer loop
      vertex 8.45723 3.07818 69.35
      vertex 8.14815 3.79834 69.35
      vertex 8.15677 3.80356 69.35
    endloop
  endfacet
  facet normal 0 0 -1
    outer loop
      vertex 8.14773 3.79935 69.35
      vertex 8.15677 3.80356 69.35
      vertex 8.14815 3.79834 69.35
    endloop
  endfacet
  facet normal 0 0 -1
    outer loop
      vertex 8.14723 3.80031 69.35
      vertex 8.15677 3.80356 69.35
      vertex 8.14773 3.79935 69.35
    endloop
  endfacet
  facet normal 0 0 -1
    outer loop
      vertex 8.14723 3.80031 69.35
      vertex 7.79423 4.5 69.35
      vertex 8.15677 3.80356 69.35
    endloop
  endfacet
  facet normal 0 0 -1
    outer loop
      vertex 7.78559 4.49501 69.35
      vertex 7.79423 4.5 69.35
      vertex 8.14723 3.80031 69.35
    endloop
  endfacet
  facet normal 0 0 -1
    outer loop
      vertex 7.36478 5.15555 69.35
      vertex 7.79423 4.5 69.35
      vertex 7.78559 4.49501 69.35
    endloop
  endfacet
  facet normal 0 0 -1
    outer loop
      vertex 7.79423 4.5 69.35
      vertex 7.36478 5.15555 69.35
      vertex 7.37237 5.16219 69.35
    endloop
  endfacet
  facet normal 0 0 -1
    outer loop
      vertex 7.3642 5.15647 69.35
      vertex 7.37237 5.16219 69.35
      vertex 7.36478 5.15555 69.35
    endloop
  endfacet
  facet normal 0 0 -1
    outer loop
      vertex 7.36354 5.15733 69.35
      vertex 7.37237 5.16219 69.35
      vertex 7.3642 5.15647 69.35
    endloop
  endfacet
  facet normal 0 0 -1
    outer loop
      vertex 7.36354 5.15733 69.35
      vertex 6.8944 5.78509 69.35
      vertex 7.37237 5.16219 69.35
    endloop
  endfacet
  facet normal 0 0 -1
    outer loop
      vertex 6.88676 5.77868 69.35
      vertex 6.8944 5.78509 69.35
      vertex 7.36354 5.15733 69.35
    endloop
  endfacet
  facet normal 0 0 -1
    outer loop
      vertex 6.88602 5.77948 69.35
      vertex 6.8944 5.78509 69.35
      vertex 6.88676 5.77868 69.35
    endloop
  endfacet
  facet normal 0 0 -1
    outer loop
      vertex 6.88602 5.77948 69.35
      vertex 6.36396 6.36396 69.35
      vertex 6.8944 5.78509 69.35
    endloop
  endfacet
  facet normal 0 0 -1
    outer loop
      vertex 6.35691 6.35691 69.35
      vertex 6.36396 6.36396 69.35
      vertex 6.88602 5.77948 69.35
    endloop
  endfacet
  facet normal 0 0 -1
    outer loop
      vertex 5.77948 6.88602 69.35
      vertex 6.36396 6.36396 69.35
      vertex 6.35691 6.35691 69.35
    endloop
  endfacet
  facet normal 0 0 -1
    outer loop
      vertex 6.36396 6.36396 69.35
      vertex 5.77948 6.88602 69.35
      vertex 5.78509 6.8944 69.35
    endloop
  endfacet
  facet normal 0 0 -1
    outer loop
      vertex 5.77868 6.88676 69.35
      vertex 5.78509 6.8944 69.35
      vertex 5.77948 6.88602 69.35
    endloop
  endfacet
  facet normal 0 0 -1
    outer loop
      vertex 5.15733 7.36354 69.35
      vertex 5.78509 6.8944 69.35
      vertex 5.77868 6.88676 69.35
    endloop
  endfacet
  facet normal 0 0 -1
    outer loop
      vertex 5.78509 6.8944 69.35
      vertex 5.15733 7.36354 69.35
      vertex 5.16219 7.37237 69.35
    endloop
  endfacet
  facet normal 0 0 -1
    outer loop
      vertex 5.15647 7.3642 69.35
      vertex 5.16219 7.37237 69.35
      vertex 5.15733 7.36354 69.35
    endloop
  endfacet
  facet normal 0 0 -1
    outer loop
      vertex 5.15555 7.36478 69.35
      vertex 5.16219 7.37237 69.35
      vertex 5.15647 7.3642 69.35
    endloop
  endfacet
  facet normal 0 0 -1
    outer loop
      vertex 5.15555 7.36478 69.35
      vertex 4.5 7.79423 69.35
      vertex 5.16219 7.37237 69.35
    endloop
  endfacet
  facet normal 0 0 -1
    outer loop
      vertex 4.49501 7.78559 69.35
      vertex 4.5 7.79423 69.35
      vertex 5.15555 7.36478 69.35
    endloop
  endfacet
  facet normal 0 0 -1
    outer loop
      vertex 3.80031 8.14723 69.35
      vertex 4.5 7.79423 69.35
      vertex 4.49501 7.78559 69.35
    endloop
  endfacet
  facet normal 0 0 -1
    outer loop
      vertex 4.5 7.79423 69.35
      vertex 3.80031 8.14723 69.35
      vertex 3.80356 8.15677 69.35
    endloop
  endfacet
  facet normal 0 0 -1
    outer loop
      vertex 3.79935 8.14773 69.35
      vertex 3.80356 8.15677 69.35
      vertex 3.80031 8.14723 69.35
    endloop
  endfacet
  facet normal 0 0 -1
    outer loop
      vertex 3.79834 8.14815 69.35
      vertex 3.80356 8.15677 69.35
      vertex 3.79935 8.14773 69.35
    endloop
  endfacet
  facet normal 0 0 -1
    outer loop
      vertex 3.79834 8.14815 69.35
      vertex 3.07818 8.45723 69.35
      vertex 3.80356 8.15677 69.35
    endloop
  endfacet
  facet normal 0 0 -1
    outer loop
      vertex 3.07477 8.44786 69.35
      vertex 3.07818 8.45723 69.35
      vertex 3.79834 8.14815 69.35
    endloop
  endfacet
  facet normal 0 0 -1
    outer loop
      vertex 3.07373 8.44819 69.35
      vertex 3.07818 8.45723 69.35
      vertex 3.07477 8.44786 69.35
    endloop
  endfacet
  facet normal 0 0 -1
    outer loop
      vertex 3.07373 8.44819 69.35
      vertex 2.32937 8.69333 69.35
      vertex 3.07818 8.45723 69.35
    endloop
  endfacet
  facet normal 0 0 -1
    outer loop
      vertex 2.32679 8.6837 69.35
      vertex 2.32937 8.69333 69.35
      vertex 3.07373 8.44819 69.35
    endloop
  endfacet
  facet normal 0 0 -1
    outer loop
      vertex 1.56216 8.85321 69.35
      vertex 2.32937 8.69333 69.35
      vertex 2.32679 8.6837 69.35
    endloop
  endfacet
  facet normal 0 0 -1
    outer loop
      vertex 2.32937 8.69333 69.35
      vertex 1.56216 8.85321 69.35
      vertex 1.56283 8.86327 69.35
    endloop
  endfacet
  facet normal 0 0 -1
    outer loop
      vertex 1.5611 8.85345 69.35
      vertex 1.56283 8.86327 69.35
      vertex 1.56216 8.85321 69.35
    endloop
  endfacet
  facet normal 0 0 -1
    outer loop
      vertex 1.56002 8.85359 69.35
      vertex 1.56283 8.86327 69.35
      vertex 1.5611 8.85345 69.35
    endloop
  endfacet
  facet normal 0 0 -1
    outer loop
      vertex 1.56002 8.85359 69.35
      vertex 0.784401 8.96575 69.35
      vertex 1.56283 8.86327 69.35
    endloop
  endfacet
  facet normal 0 0 -1
    outer loop
      vertex 0.783532 8.95582 69.35
      vertex 0.784401 8.96575 69.35
      vertex 1.56002 8.85359 69.35
    endloop
  endfacet
  facet normal 0 0 -1
    outer loop
      vertex 0.00108665 8.98998 69.35
      vertex 0.784401 8.96575 69.35
      vertex 0.783532 8.95582 69.35
    endloop
  endfacet
  facet normal 0 0 -1
    outer loop
      vertex 0 9 69.35
      vertex 0.00108665 8.98998 69.35
      vertex 0 8.99003 69.35
    endloop
  endfacet
  facet normal 0 0 -1
    outer loop
      vertex 0.00108665 8.98998 69.35
      vertex 0 9 69.35
      vertex 0.784401 8.96575 69.35
    endloop
  endfacet
  facet normal 0 0 -1
    outer loop
      vertex -0.00108665 8.98998 69.35
      vertex 0 9 69.35
      vertex 0 8.99003 69.35
    endloop
  endfacet
  facet normal 0 0 -1
    outer loop
      vertex -0.784401 8.96575 69.35
      vertex -0.00108665 8.98998 69.35
      vertex -0.783532 8.95582 69.35
    endloop
  endfacet
  facet normal -0 0 -1
    outer loop
      vertex -0.00108665 8.98998 69.35
      vertex -0.784401 8.96575 69.35
      vertex 0 9 69.35
    endloop
  endfacet
  facet normal 0 0 -1
    outer loop
      vertex -1.56002 8.85359 69.35
      vertex -0.784401 8.96575 69.35
      vertex -0.783532 8.95582 69.35
    endloop
  endfacet
  facet normal 0 0 -1
    outer loop
      vertex -1.56283 8.86327 69.35
      vertex -1.56002 8.85359 69.35
      vertex -1.5611 8.85345 69.35
    endloop
  endfacet
  facet normal 0 0 -1
    outer loop
      vertex -1.56002 8.85359 69.35
      vertex -1.56283 8.86327 69.35
      vertex -0.784401 8.96575 69.35
    endloop
  endfacet
  facet normal 0 0 -1
    outer loop
      vertex -1.56216 8.85321 69.35
      vertex -1.56283 8.86327 69.35
      vertex -1.5611 8.85345 69.35
    endloop
  endfacet
  facet normal 0 0 -1
    outer loop
      vertex -2.32937 8.69333 69.35
      vertex -1.56216 8.85321 69.35
      vertex -2.32679 8.6837 69.35
    endloop
  endfacet
  facet normal -0 0 -1
    outer loop
      vertex -1.56216 8.85321 69.35
      vertex -2.32937 8.69333 69.35
      vertex -1.56283 8.86327 69.35
    endloop
  endfacet
  facet normal 0 0 -1
    outer loop
      vertex -3.07373 8.44819 69.35
      vertex -2.32937 8.69333 69.35
      vertex -2.32679 8.6837 69.35
    endloop
  endfacet
  facet normal 0 0 -1
    outer loop
      vertex -3.07818 8.45723 69.35
      vertex -3.07373 8.44819 69.35
      vertex -3.07477 8.44786 69.35
    endloop
  endfacet
  facet normal 0 0 -1
    outer loop
      vertex -3.07373 8.44819 69.35
      vertex -3.07818 8.45723 69.35
      vertex -2.32937 8.69333 69.35
    endloop
  endfacet
  facet normal 0 0 -1
    outer loop
      vertex -3.79834 8.14815 69.35
      vertex -3.07818 8.45723 69.35
      vertex -3.07477 8.44786 69.35
    endloop
  endfacet
  facet normal 0 0 -1
    outer loop
      vertex -3.80356 8.15677 69.35
      vertex -3.79834 8.14815 69.35
      vertex -3.79935 8.14773 69.35
    endloop
  endfacet
  facet normal 0 0 -1
    outer loop
      vertex -3.79834 8.14815 69.35
      vertex -3.80356 8.15677 69.35
      vertex -3.07818 8.45723 69.35
    endloop
  endfacet
  facet normal 0 0 -1
    outer loop
      vertex -3.80031 8.14723 69.35
      vertex -3.80356 8.15677 69.35
      vertex -3.79935 8.14773 69.35
    endloop
  endfacet
  facet normal 0 0 -1
    outer loop
      vertex -4.5 7.79423 69.35
      vertex -3.80031 8.14723 69.35
      vertex -4.49501 7.78559 69.35
    endloop
  endfacet
  facet normal -0 0 -1
    outer loop
      vertex -3.80031 8.14723 69.35
      vertex -4.5 7.79423 69.35
      vertex -3.80356 8.15677 69.35
    endloop
  endfacet
  facet normal 0 0 -1
    outer loop
      vertex -5.15555 7.36478 69.35
      vertex -4.5 7.79423 69.35
      vertex -4.49501 7.78559 69.35
    endloop
  endfacet
  facet normal 0 0 -1
    outer loop
      vertex -5.16219 7.37237 69.35
      vertex -5.15555 7.36478 69.35
      vertex -5.15647 7.3642 69.35
    endloop
  endfacet
  facet normal 0 0 -1
    outer loop
      vertex -5.15555 7.36478 69.35
      vertex -5.16219 7.37237 69.35
      vertex -4.5 7.79423 69.35
    endloop
  endfacet
  facet normal 0 0 -1
    outer loop
      vertex -5.15733 7.36354 69.35
      vertex -5.16219 7.37237 69.35
      vertex -5.15647 7.3642 69.35
    endloop
  endfacet
  facet normal 0 0 -1
    outer loop
      vertex -5.78509 6.8944 69.35
      vertex -5.15733 7.36354 69.35
      vertex -5.77868 6.88676 69.35
    endloop
  endfacet
  facet normal -0 0 -1
    outer loop
      vertex -5.15733 7.36354 69.35
      vertex -5.78509 6.8944 69.35
      vertex -5.16219 7.37237 69.35
    endloop
  endfacet
  facet normal 0 0 -1
    outer loop
      vertex -5.77948 6.88602 69.35
      vertex -5.78509 6.8944 69.35
      vertex -5.77868 6.88676 69.35
    endloop
  endfacet
  facet normal 0 0 -1
    outer loop
      vertex -6.36396 6.36396 69.35
      vertex -5.77948 6.88602 69.35
      vertex -6.35691 6.35691 69.35
    endloop
  endfacet
  facet normal -0 0 -1
    outer loop
      vertex -5.77948 6.88602 69.35
      vertex -6.36396 6.36396 69.35
      vertex -5.78509 6.8944 69.35
    endloop
  endfacet
  facet normal 0 0 -1
    outer loop
      vertex -6.88602 5.77948 69.35
      vertex -6.36396 6.36396 69.35
      vertex -6.35691 6.35691 69.35
    endloop
  endfacet
  facet normal 0 0 -1
    outer loop
      vertex -6.8944 5.78509 69.35
      vertex -6.88602 5.77948 69.35
      vertex -6.88676 5.77868 69.35
    endloop
  endfacet
  facet normal 0 0 -1
    outer loop
      vertex -6.88602 5.77948 69.35
      vertex -6.8944 5.78509 69.35
      vertex -6.36396 6.36396 69.35
    endloop
  endfacet
  facet normal 0 0 -1
    outer loop
      vertex -7.36354 5.15733 69.35
      vertex -6.8944 5.78509 69.35
      vertex -6.88676 5.77868 69.35
    endloop
  endfacet
  facet normal 0 0 -1
    outer loop
      vertex -7.37237 5.16219 69.35
      vertex -7.36354 5.15733 69.35
      vertex -7.3642 5.15647 69.35
    endloop
  endfacet
  facet normal 0 0 -1
    outer loop
      vertex -7.36354 5.15733 69.35
      vertex -7.37237 5.16219 69.35
      vertex -6.8944 5.78509 69.35
    endloop
  endfacet
  facet normal 0 0 -1
    outer loop
      vertex -7.36478 5.15555 69.35
      vertex -7.37237 5.16219 69.35
      vertex -7.3642 5.15647 69.35
    endloop
  endfacet
  facet normal 0 0 -1
    outer loop
      vertex -7.79423 4.5 69.35
      vertex -7.36478 5.15555 69.35
      vertex -7.78559 4.49501 69.35
    endloop
  endfacet
  facet normal -0 0 -1
    outer loop
      vertex -7.36478 5.15555 69.35
      vertex -7.79423 4.5 69.35
      vertex -7.37237 5.16219 69.35
    endloop
  endfacet
  facet normal 0 0 -1
    outer loop
      vertex -8.14723 3.80031 69.35
      vertex -7.79423 4.5 69.35
      vertex -7.78559 4.49501 69.35
    endloop
  endfacet
  facet normal 0 0 -1
    outer loop
      vertex -8.15677 3.80356 69.35
      vertex -8.14723 3.80031 69.35
      vertex -8.14773 3.79935 69.35
    endloop
  endfacet
  facet normal 0 0 -1
    outer loop
      vertex -8.14723 3.80031 69.35
      vertex -8.15677 3.80356 69.35
      vertex -7.79423 4.5 69.35
    endloop
  endfacet
  facet normal 0 0 -1
    outer loop
      vertex -8.14815 3.79834 69.35
      vertex -8.15677 3.80356 69.35
      vertex -8.14773 3.79935 69.35
    endloop
  endfacet
  facet normal 0 0 -1
    outer loop
      vertex -8.45723 3.07818 69.35
      vertex -8.14815 3.79834 69.35
      vertex -8.44786 3.07477 69.35
    endloop
  endfacet
  facet normal -0 0 -1
    outer loop
      vertex -8.14815 3.79834 69.35
      vertex -8.45723 3.07818 69.35
      vertex -8.15677 3.80356 69.35
    endloop
  endfacet
  facet normal 0 0 -1
    outer loop
      vertex -8.44819 3.07373 69.35
      vertex -8.45723 3.07818 69.35
      vertex -8.44786 3.07477 69.35
    endloop
  endfacet
  facet normal 0 0 -1
    outer loop
      vertex -8.69333 2.32937 69.35
      vertex -8.44819 3.07373 69.35
      vertex -8.6837 2.32679 69.35
    endloop
  endfacet
  facet normal -0 0 -1
    outer loop
      vertex -8.44819 3.07373 69.35
      vertex -8.69333 2.32937 69.35
      vertex -8.45723 3.07818 69.35
    endloop
  endfacet
  facet normal 0 0 -1
    outer loop
      vertex -8.85321 1.56216 69.35
      vertex -8.69333 2.32937 69.35
      vertex -8.6837 2.32679 69.35
    endloop
  endfacet
  facet normal 0 0 -1
    outer loop
      vertex -8.86327 1.56283 69.35
      vertex -8.85321 1.56216 69.35
      vertex -8.85345 1.5611 69.35
    endloop
  endfacet
  facet normal 0 0 -1
    outer loop
      vertex -8.85321 1.56216 69.35
      vertex -8.86327 1.56283 69.35
      vertex -8.69333 2.32937 69.35
    endloop
  endfacet
  facet normal 0 0 -1
    outer loop
      vertex -8.85359 1.56002 69.35
      vertex -8.86327 1.56283 69.35
      vertex -8.85345 1.5611 69.35
    endloop
  endfacet
  facet normal 0 0 -1
    outer loop
      vertex -8.96575 0.784401 69.35
      vertex -8.85359 1.56002 69.35
      vertex -8.95582 0.783532 69.35
    endloop
  endfacet
  facet normal -0 0 -1
    outer loop
      vertex -8.85359 1.56002 69.35
      vertex -8.96575 0.784401 69.35
      vertex -8.86327 1.56283 69.35
    endloop
  endfacet
  facet normal 0 0 -1
    outer loop
      vertex -8.98998 0.00108665 69.35
      vertex -8.96575 0.784401 69.35
      vertex -8.95582 0.783532 69.35
    endloop
  endfacet
  facet normal 0 0 -1
    outer loop
      vertex -9 0 69.35
      vertex -8.98998 0.00108665 69.35
      vertex -8.99003 0 69.35
    endloop
  endfacet
  facet normal -0 0 -1
    outer loop
      vertex -8.98998 0.00108665 69.35
      vertex -9 0 69.35
      vertex -8.96575 0.784401 69.35
    endloop
  endfacet
  facet normal -0.382681 -0.923881 0
    outer loop
      vertex -3.80356 -8.15677 69.35
      vertex -3.07818 -8.45723 77.35
      vertex -3.80356 -8.15677 77.35
    endloop
  endfacet
  facet normal -0.382681 -0.923881 -0
    outer loop
      vertex -3.07818 -8.45723 77.35
      vertex -3.80356 -8.15677 69.35
      vertex -3.07818 -8.45723 69.35
    endloop
  endfacet
  facet normal -0.793352 0.608763 0
    outer loop
      vertex -7.37237 5.16219 69.35
      vertex -6.8944 5.78509 77.35
      vertex -6.8944 5.78509 69.35
    endloop
  endfacet
  facet normal -0.793352 0.608763 0
    outer loop
      vertex -6.8944 5.78509 77.35
      vertex -7.37237 5.16219 69.35
      vertex -7.37237 5.16219 77.35
    endloop
  endfacet
  facet normal 0.707658 0.0305979 -0.705893
    outer loop
      vertex 5 0 65.35
      vertex 8 0.108429 68.3622
      vertex 8 0 68.3575
    endloop
  endfacet
  facet normal 0.707645 0.0309021 -0.705892
    outer loop
      vertex 8 0.108429 68.3622
      vertex 5 0 65.35
      vertex 4.98097 0.435779 65.35
    endloop
  endfacet
  facet normal 0.271965 -0.654011 -0.705907
    outer loop
      vertex 3.79834 -8.14815 69.35
      vertex 2.11309 -4.53154 65.35
      vertex 3.79935 -8.14773 69.35
    endloop
  endfacet
  facet normal 0.271059 -0.654409 -0.705886
    outer loop
      vertex 2.11309 -4.53154 65.35
      vertex 3.79834 -8.14815 69.35
      vertex 1.7101 -4.69846 65.35
    endloop
  endfacet
  facet normal 0.675538 0.213006 -0.705887
    outer loop
      vertex 4.69846 1.7101 65.35
      vertex 8.44819 3.07373 69.35
      vertex 4.82963 1.2941 65.35
    endloop
  endfacet
  facet normal 0.675125 0.214222 -0.705914
    outer loop
      vertex 8.44819 3.07373 69.35
      vertex 4.69846 1.7101 65.35
      vertex 8.44786 3.07477 69.35
    endloop
  endfacet
  facet normal -0.431202 0.561951 -0.705887
    outer loop
      vertex -3.21394 3.83022 65.35
      vertex -5.77868 6.88676 69.35
      vertex -5.15733 7.36354 69.35
    endloop
  endfacet
  facet normal -0.691536 -0.153306 -0.705886
    outer loop
      vertex -8.6837 -2.32679 69.35
      vertex -8.85321 -1.56216 69.35
      vertex -4.82963 -1.2941 65.35
    endloop
  endfacet
  facet normal 0.0309023 0.707651 -0.705886
    outer loop
      vertex 0 5 65.35
      vertex 0.00108665 8.98998 69.35
      vertex 0.435779 4.98097 65.35
    endloop
  endfacet
  facet normal 0.0325594 0.707613 -0.705849
    outer loop
      vertex 0.00108665 8.98998 69.35
      vertex 0 5 65.35
      vertex 0 8.99003 69.35
    endloop
  endfacet
  facet normal -0.597392 0.380588 -0.705886
    outer loop
      vertex -7.36478 5.15555 69.35
      vertex -4.09576 2.86788 65.35
      vertex -4.33013 2.5 65.35
    endloop
  endfacet
  facet normal -0.599255 0.377791 -0.70581
    outer loop
      vertex -4.09576 2.86788 65.35
      vertex -7.36478 5.15555 69.35
      vertex -7.3642 5.15647 69.35
    endloop
  endfacet
  facet normal 0.628292 -0.32707 -0.705886
    outer loop
      vertex 7.78559 -4.49501 69.35
      vertex 4.33013 -2.5 65.35
      vertex 8.14723 -3.80031 69.35
    endloop
  endfacet
  facet normal -0.707613 -0.0325594 -0.705849
    outer loop
      vertex -5 0 65.35
      vertex -8.98998 -0.00108665 69.35
      vertex -8.99003 0 69.35
    endloop
  endfacet
  facet normal -0.707651 -0.0309023 -0.705886
    outer loop
      vertex -8.98998 -0.00108665 69.35
      vertex -5 0 65.35
      vertex -4.98097 -0.435779 65.35
    endloop
  endfacet
  facet normal -0.0924477 -0.702266 -0.705886
    outer loop
      vertex -1.56002 -8.85359 69.35
      vertex -0.86824 -4.92404 65.35
      vertex -0.435779 -4.98097 65.35
    endloop
  endfacet
  facet normal -0.0910621 -0.702479 -0.705855
    outer loop
      vertex -0.86824 -4.92404 65.35
      vertex -1.56002 -8.85359 69.35
      vertex -1.5611 -8.85345 69.35
    endloop
  endfacet
  facet normal -0.628292 0.32707 -0.705886
    outer loop
      vertex -4.33013 2.5 65.35
      vertex -8.14723 3.80031 69.35
      vertex -7.78559 4.49501 69.35
    endloop
  endfacet
  facet normal -0.561951 0.431202 -0.705887
    outer loop
      vertex -3.83022 3.21394 65.35
      vertex -7.36354 5.15733 69.35
      vertex -6.88676 5.77868 69.35
    endloop
  endfacet
  facet normal -0.702264 0.0924579 -0.705887
    outer loop
      vertex -4.98097 0.435779 65.35
      vertex -8.95582 0.783532 69.35
      vertex -8.85359 1.56002 69.35
    endloop
  endfacet
  facet normal 0.691552 -0.153297 -0.705872
    outer loop
      vertex 8.6837 -2.32679 69.35
      vertex 8 -2 68.6092
      vertex 8.75614 -2 69.35
    endloop
  endfacet
  facet normal 0.691544 -0.153256 -0.705889
    outer loop
      vertex 8 -2 68.6092
      vertex 4.82963 -1.2941 65.35
      vertex 8 -1.50532 68.5018
    endloop
  endfacet
  facet normal 0.691504 -0.153436 -0.705889
    outer loop
      vertex 4.82963 -1.2941 65.35
      vertex 8 -2 68.6092
      vertex 8.6837 -2.32679 69.35
    endloop
  endfacet
  facet normal 0.654409 0.271059 -0.705886
    outer loop
      vertex 4.53154 2.11309 65.35
      vertex 8.14815 3.79834 69.35
      vertex 4.69846 1.7101 65.35
    endloop
  endfacet
  facet normal 0.654011 0.271965 -0.705907
    outer loop
      vertex 8.14815 3.79834 69.35
      vertex 4.53154 2.11309 65.35
      vertex 8.14773 3.79935 69.35
    endloop
  endfacet
  facet normal 0.153306 -0.691536 -0.705886
    outer loop
      vertex 1.56216 -8.85321 69.35
      vertex 1.2941 -4.82963 65.35
      vertex 2.32679 -8.6837 69.35
    endloop
  endfacet
  facet normal -0.32707 0.628292 -0.705886
    outer loop
      vertex -2.5 4.33013 65.35
      vertex -4.49501 7.78559 69.35
      vertex -3.80031 8.14723 69.35
    endloop
  endfacet
  facet normal 0.431242 -0.561921 -0.705886
    outer loop
      vertex 2.86788 -4.09576 65.35
      vertex 5.15733 -7.36354 69.35
      vertex 5.15647 -7.3642 69.35
    endloop
  endfacet
  facet normal 0.4312 -0.561953 -0.705887
    outer loop
      vertex 5.15733 -7.36354 69.35
      vertex 2.86788 -4.09576 65.35
      vertex 3.21394 -3.83022 65.35
    endloop
  endfacet
  facet normal 0.654408 0.271062 -0.705887
    outer loop
      vertex 8.44786 3.07477 69.35
      vertex 4.69846 1.7101 65.35
      vertex 8.14815 3.79834 69.35
    endloop
  endfacet
  facet normal -0.654408 0.271062 -0.705887
    outer loop
      vertex -4.69846 1.7101 65.35
      vertex -8.44786 3.07477 69.35
      vertex -8.14815 3.79834 69.35
    endloop
  endfacet
  facet normal 0.707646 -0.0309099 -0.705891
    outer loop
      vertex 8 -0.699909 68.3881
      vertex 4.98097 -0.435779 65.35
      vertex 8 -0.108429 68.3622
    endloop
  endfacet
  facet normal -0.0924579 -0.702264 -0.705887
    outer loop
      vertex -0.783532 -8.95582 69.35
      vertex -1.56002 -8.85359 69.35
      vertex -0.435779 -4.98097 65.35
    endloop
  endfacet
  facet normal 0.597396 -0.380583 -0.705886
    outer loop
      vertex 7.36478 -5.15555 69.35
      vertex 4.33013 -2.5 65.35
      vertex 7.78559 -4.49501 69.35
    endloop
  endfacet
  facet normal 0.478544 0.522227 -0.705886
    outer loop
      vertex 3.21394 3.83022 65.35
      vertex 5.77948 6.88602 69.35
      vertex 3.53553 3.53553 65.35
    endloop
  endfacet
  facet normal 0.481034 0.520037 -0.70581
    outer loop
      vertex 5.77948 6.88602 69.35
      vertex 3.21394 3.83022 65.35
      vertex 5.77868 6.88676 69.35
    endloop
  endfacet
  facet normal 0.702261 0.092457 -0.705891
    outer loop
      vertex 8 0.699909 68.3881
      vertex 4.98097 0.435779 65.35
      vertex 8 1.31222 68.4683
    endloop
  endfacet
  facet normal 0.0308946 0.70765 -0.705887
    outer loop
      vertex 0.435779 4.98097 65.35
      vertex 0.00108665 8.98998 69.35
      vertex 0.783532 8.95582 69.35
    endloop
  endfacet
  facet normal -0.628294 0.327065 -0.705886
    outer loop
      vertex -4.53154 2.11309 65.35
      vertex -8.14723 3.80031 69.35
      vertex -4.33013 2.5 65.35
    endloop
  endfacet
  facet normal -0.628226 0.327201 -0.705883
    outer loop
      vertex -8.14723 3.80031 69.35
      vertex -4.53154 2.11309 65.35
      vertex -8.14773 3.79935 69.35
    endloop
  endfacet
  facet normal -0.522227 0.478544 -0.705886
    outer loop
      vertex -3.83022 3.21394 65.35
      vertex -6.88602 5.77948 69.35
      vertex -3.53553 3.53553 65.35
    endloop
  endfacet
  facet normal -0.520037 0.481034 -0.70581
    outer loop
      vertex -6.88602 5.77948 69.35
      vertex -3.83022 3.21394 65.35
      vertex -6.88676 5.77868 69.35
    endloop
  endfacet
  facet normal -0.654011 -0.271965 -0.705907
    outer loop
      vertex -8.14815 -3.79834 69.35
      vertex -4.53154 -2.11309 65.35
      vertex -8.14773 -3.79935 69.35
    endloop
  endfacet
  facet normal -0.654409 -0.271059 -0.705886
    outer loop
      vertex -4.53154 -2.11309 65.35
      vertex -8.14815 -3.79834 69.35
      vertex -4.69846 -1.7101 65.35
    endloop
  endfacet
  facet normal -0.271062 0.654408 -0.705887
    outer loop
      vertex -1.7101 4.69846 65.35
      vertex -3.79834 8.14815 69.35
      vertex -3.07477 8.44786 69.35
    endloop
  endfacet
  facet normal -0.691536 0.153306 -0.705886
    outer loop
      vertex -4.82963 1.2941 65.35
      vertex -8.85321 1.56216 69.35
      vertex -8.6837 2.32679 69.35
    endloop
  endfacet
  facet normal 0.675542 0.212998 -0.705886
    outer loop
      vertex 8.6837 2.32679 69.35
      vertex 4.82963 1.2941 65.35
      vertex 8.44819 3.07373 69.35
    endloop
  endfacet
  facet normal 0.214222 0.675125 -0.705914
    outer loop
      vertex 1.7101 4.69846 65.35
      vertex 3.07373 8.44819 69.35
      vertex 3.07477 8.44786 69.35
    endloop
  endfacet
  facet normal 0.213006 0.675538 -0.705887
    outer loop
      vertex 3.07373 8.44819 69.35
      vertex 1.7101 4.69846 65.35
      vertex 1.2941 4.82963 65.35
    endloop
  endfacet
  facet normal -0.271059 -0.654409 -0.705886
    outer loop
      vertex -3.79834 -8.14815 69.35
      vertex -2.11309 -4.53154 65.35
      vertex -1.7101 -4.69846 65.35
    endloop
  endfacet
  facet normal -0.271965 -0.654011 -0.705907
    outer loop
      vertex -2.11309 -4.53154 65.35
      vertex -3.79834 -8.14815 69.35
      vertex -3.79935 -8.14773 69.35
    endloop
  endfacet
  facet normal -0.153308 0.691536 -0.705886
    outer loop
      vertex -1.56216 8.85321 69.35
      vertex -0.86824 4.92404 65.35
      vertex -1.2941 4.82963 65.35
    endloop
  endfacet
  facet normal -0.156432 0.69091 -0.705813
    outer loop
      vertex -0.86824 4.92404 65.35
      vertex -1.56216 8.85321 69.35
      vertex -1.5611 8.85345 69.35
    endloop
  endfacet
  facet normal 0.522235 -0.478534 -0.705887
    outer loop
      vertex 6.35691 -6.35691 69.35
      vertex 3.53553 -3.53553 65.35
      vertex 6.88602 -5.77948 69.35
    endloop
  endfacet
  facet normal 0.628292 0.32707 -0.705886
    outer loop
      vertex 8.14723 3.80031 69.35
      vertex 4.33013 2.5 65.35
      vertex 7.78559 4.49501 69.35
    endloop
  endfacet
  facet normal 0.707658 -0.0305979 -0.705893
    outer loop
      vertex 8 -0.108429 68.3622
      vertex 5 0 65.35
      vertex 8 0 68.3575
    endloop
  endfacet
  facet normal 0.707645 -0.0309021 -0.705892
    outer loop
      vertex 5 0 65.35
      vertex 8 -0.108429 68.3622
      vertex 4.98097 -0.435779 65.35
    endloop
  endfacet
  facet normal 0.707646 0.0309099 -0.705891
    outer loop
      vertex 8 0.108429 68.3622
      vertex 4.98097 0.435779 65.35
      vertex 8 0.699909 68.3881
    endloop
  endfacet
  facet normal 0.654408 -0.271062 -0.705887
    outer loop
      vertex 8.14815 -3.79834 69.35
      vertex 4.69846 -1.7101 65.35
      vertex 8.44786 -3.07477 69.35
    endloop
  endfacet
  facet normal 0.702261 -0.092457 -0.705891
    outer loop
      vertex 8 -1.31222 68.4683
      vertex 4.98097 -0.435779 65.35
      vertex 8 -0.699909 68.3881
    endloop
  endfacet
  facet normal -0.522227 -0.478544 -0.705886
    outer loop
      vertex -6.88602 -5.77948 69.35
      vertex -3.83022 -3.21394 65.35
      vertex -3.53553 -3.53553 65.35
    endloop
  endfacet
  facet normal -0.520037 -0.481034 -0.70581
    outer loop
      vertex -3.83022 -3.21394 65.35
      vertex -6.88602 -5.77948 69.35
      vertex -6.88676 -5.77868 69.35
    endloop
  endfacet
  facet normal -0.0308946 0.70765 -0.705887
    outer loop
      vertex -0.435779 4.98097 65.35
      vertex -0.783532 8.95582 69.35
      vertex -0.00108665 8.98998 69.35
    endloop
  endfacet
  facet normal -0.702266 0.0924477 -0.705886
    outer loop
      vertex -8.85359 1.56002 69.35
      vertex -4.92404 0.86824 65.35
      vertex -4.98097 0.435779 65.35
    endloop
  endfacet
  facet normal -0.702479 0.0910621 -0.705855
    outer loop
      vertex -4.92404 0.86824 65.35
      vertex -8.85359 1.56002 69.35
      vertex -8.85345 1.5611 69.35
    endloop
  endfacet
  facet normal -0.597396 0.380583 -0.705886
    outer loop
      vertex -4.33013 2.5 65.35
      vertex -7.78559 4.49501 69.35
      vertex -7.36478 5.15555 69.35
    endloop
  endfacet
  facet normal 0.271062 0.654408 -0.705887
    outer loop
      vertex 3.79834 8.14815 69.35
      vertex 1.7101 4.69846 65.35
      vertex 3.07477 8.44786 69.35
    endloop
  endfacet
  facet normal 0.0308946 -0.70765 -0.705887
    outer loop
      vertex 0.783532 -8.95582 69.35
      vertex 0.00108665 -8.98998 69.35
      vertex 0.435779 -4.98097 65.35
    endloop
  endfacet
  facet normal 0.0325594 -0.707613 -0.705849
    outer loop
      vertex 0 -5 65.35
      vertex 0.00108665 -8.98998 69.35
      vertex 0 -8.99003 69.35
    endloop
  endfacet
  facet normal 0.0309023 -0.707651 -0.705886
    outer loop
      vertex 0.00108665 -8.98998 69.35
      vertex 0 -5 65.35
      vertex 0.435779 -4.98097 65.35
    endloop
  endfacet
  facet normal 0.153306 0.691536 -0.705886
    outer loop
      vertex 2.32679 8.6837 69.35
      vertex 1.2941 4.82963 65.35
      vertex 1.56216 8.85321 69.35
    endloop
  endfacet
  facet normal 0.4312 0.561953 -0.705887
    outer loop
      vertex 2.86788 4.09576 65.35
      vertex 5.15733 7.36354 69.35
      vertex 3.21394 3.83022 65.35
    endloop
  endfacet
  facet normal 0.431242 0.561921 -0.705886
    outer loop
      vertex 5.15733 7.36354 69.35
      vertex 2.86788 4.09576 65.35
      vertex 5.15647 7.3642 69.35
    endloop
  endfacet
  facet normal -0.0325594 0.707613 -0.705849
    outer loop
      vertex 0 5 65.35
      vertex -0.00108665 8.98998 69.35
      vertex 0 8.99003 69.35
    endloop
  endfacet
  facet normal -0.0309023 0.707651 -0.705886
    outer loop
      vertex -0.00108665 8.98998 69.35
      vertex 0 5 65.35
      vertex -0.435779 4.98097 65.35
    endloop
  endfacet
  facet normal -0.522235 0.478534 -0.705887
    outer loop
      vertex -3.53553 3.53553 65.35
      vertex -6.88602 5.77948 69.35
      vertex -6.35691 6.35691 69.35
    endloop
  endfacet
  facet normal 0.478534 0.522235 -0.705887
    outer loop
      vertex 6.35691 6.35691 69.35
      vertex 3.53553 3.53553 65.35
      vertex 5.77948 6.88602 69.35
    endloop
  endfacet
  facet normal 0.0910621 0.702479 -0.705855
    outer loop
      vertex 0.86824 4.92404 65.35
      vertex 1.56002 8.85359 69.35
      vertex 1.5611 8.85345 69.35
    endloop
  endfacet
  facet normal 0.0924477 0.702266 -0.705886
    outer loop
      vertex 1.56002 8.85359 69.35
      vertex 0.86824 4.92404 65.35
      vertex 0.435779 4.98097 65.35
    endloop
  endfacet
  facet normal -0.153306 -0.691536 -0.705886
    outer loop
      vertex -1.56216 -8.85321 69.35
      vertex -2.32679 -8.6837 69.35
      vertex -1.2941 -4.82963 65.35
    endloop
  endfacet
  facet normal 0.597396 0.380583 -0.705886
    outer loop
      vertex 7.78559 4.49501 69.35
      vertex 4.33013 2.5 65.35
      vertex 7.36478 5.15555 69.35
    endloop
  endfacet
  facet normal 0.271965 0.654011 -0.705907
    outer loop
      vertex 2.11309 4.53154 65.35
      vertex 3.79834 8.14815 69.35
      vertex 3.79935 8.14773 69.35
    endloop
  endfacet
  facet normal 0.271059 0.654409 -0.705886
    outer loop
      vertex 3.79834 8.14815 69.35
      vertex 2.11309 4.53154 65.35
      vertex 1.7101 4.69846 65.35
    endloop
  endfacet
  facet normal -0.0924579 0.702264 -0.705887
    outer loop
      vertex -0.435779 4.98097 65.35
      vertex -1.56002 8.85359 69.35
      vertex -0.783532 8.95582 69.35
    endloop
  endfacet
  facet normal -0.654408 -0.271062 -0.705887
    outer loop
      vertex -8.14815 -3.79834 69.35
      vertex -8.44786 -3.07477 69.35
      vertex -4.69846 -1.7101 65.35
    endloop
  endfacet
  facet normal -0.70765 -0.0308946 -0.705887
    outer loop
      vertex -8.95582 -0.783532 69.35
      vertex -8.98998 -0.00108665 69.35
      vertex -4.98097 -0.435779 65.35
    endloop
  endfacet
  facet normal 0.377791 0.599255 -0.70581
    outer loop
      vertex 2.86788 4.09576 65.35
      vertex 5.15555 7.36478 69.35
      vertex 5.15647 7.3642 69.35
    endloop
  endfacet
  facet normal 0.380588 0.597392 -0.705886
    outer loop
      vertex 5.15555 7.36478 69.35
      vertex 2.86788 4.09576 65.35
      vertex 2.5 4.33013 65.35
    endloop
  endfacet
  facet normal -0.561951 -0.431202 -0.705887
    outer loop
      vertex -6.88676 -5.77868 69.35
      vertex -7.36354 -5.15733 69.35
      vertex -3.83022 -3.21394 65.35
    endloop
  endfacet
  facet normal -0.0309023 -0.707651 -0.705886
    outer loop
      vertex 0 -5 65.35
      vertex -0.00108665 -8.98998 69.35
      vertex -0.435779 -4.98097 65.35
    endloop
  endfacet
  facet normal -0.0325594 -0.707613 -0.705849
    outer loop
      vertex -0.00108665 -8.98998 69.35
      vertex 0 -5 65.35
      vertex 0 -8.99003 69.35
    endloop
  endfacet
  facet normal -0.327065 0.628294 -0.705886
    outer loop
      vertex -3.80031 8.14723 69.35
      vertex -2.11309 4.53154 65.35
      vertex -2.5 4.33013 65.35
    endloop
  endfacet
  facet normal -0.327201 0.628226 -0.705883
    outer loop
      vertex -2.11309 4.53154 65.35
      vertex -3.80031 8.14723 69.35
      vertex -3.79935 8.14773 69.35
    endloop
  endfacet
  facet normal -0.380588 -0.597392 -0.705886
    outer loop
      vertex -5.15555 -7.36478 69.35
      vertex -2.86788 -4.09576 65.35
      vertex -2.5 -4.33013 65.35
    endloop
  endfacet
  facet normal -0.377791 -0.599255 -0.70581
    outer loop
      vertex -2.86788 -4.09576 65.35
      vertex -5.15555 -7.36478 69.35
      vertex -5.15647 -7.3642 69.35
    endloop
  endfacet
  facet normal -0.431202 -0.561951 -0.705887
    outer loop
      vertex -5.15733 -7.36354 69.35
      vertex -5.77868 -6.88676 69.35
      vertex -3.21394 -3.83022 65.35
    endloop
  endfacet
  facet normal 0.70225 -0.0925405 -0.705891
    outer loop
      vertex 4.92404 -0.86824 65.35
      vertex 8 -1.31222 68.4683
      vertex 8 -1.41062 68.4812
    endloop
  endfacet
  facet normal 0.702263 -0.0924472 -0.70589
    outer loop
      vertex 8 -1.31222 68.4683
      vertex 4.92404 -0.86824 65.35
      vertex 4.98097 -0.435779 65.35
    endloop
  endfacet
  facet normal 0.32707 -0.628292 -0.705886
    outer loop
      vertex 3.80031 -8.14723 69.35
      vertex 2.5 -4.33013 65.35
      vertex 4.49501 -7.78559 69.35
    endloop
  endfacet
  facet normal -0.675125 -0.214222 -0.705914
    outer loop
      vertex -8.44819 -3.07373 69.35
      vertex -4.69846 -1.7101 65.35
      vertex -8.44786 -3.07477 69.35
    endloop
  endfacet
  facet normal -0.675538 -0.213006 -0.705887
    outer loop
      vertex -4.69846 -1.7101 65.35
      vertex -8.44819 -3.07373 69.35
      vertex -4.82963 -1.2941 65.35
    endloop
  endfacet
  facet normal 0.271062 -0.654408 -0.705887
    outer loop
      vertex 3.07477 -8.44786 69.35
      vertex 1.7101 -4.69846 65.35
      vertex 3.79834 -8.14815 69.35
    endloop
  endfacet
  facet normal 0.212998 0.675542 -0.705886
    outer loop
      vertex 3.07373 8.44819 69.35
      vertex 1.2941 4.82963 65.35
      vertex 2.32679 8.6837 69.35
    endloop
  endfacet
  facet normal -0.481034 -0.520037 -0.70581
    outer loop
      vertex -5.77948 -6.88602 69.35
      vertex -3.21394 -3.83022 65.35
      vertex -5.77868 -6.88676 69.35
    endloop
  endfacet
  facet normal -0.478544 -0.522227 -0.705886
    outer loop
      vertex -3.21394 -3.83022 65.35
      vertex -5.77948 -6.88602 69.35
      vertex -3.53553 -3.53553 65.35
    endloop
  endfacet
  facet normal -0.213006 -0.675538 -0.705887
    outer loop
      vertex -3.07373 -8.44819 69.35
      vertex -1.7101 -4.69846 65.35
      vertex -1.2941 -4.82963 65.35
    endloop
  endfacet
  facet normal -0.214222 -0.675125 -0.705914
    outer loop
      vertex -1.7101 -4.69846 65.35
      vertex -3.07373 -8.44819 69.35
      vertex -3.07477 -8.44786 69.35
    endloop
  endfacet
  facet normal 0.675542 -0.212998 -0.705886
    outer loop
      vertex 8.44819 -3.07373 69.35
      vertex 4.82963 -1.2941 65.35
      vertex 8.6837 -2.32679 69.35
    endloop
  endfacet
  facet normal -0.0924477 0.702266 -0.705886
    outer loop
      vertex -0.86824 4.92404 65.35
      vertex -1.56002 8.85359 69.35
      vertex -0.435779 4.98097 65.35
    endloop
  endfacet
  facet normal -0.0910621 0.702479 -0.705855
    outer loop
      vertex -1.56002 8.85359 69.35
      vertex -0.86824 4.92404 65.35
      vertex -1.5611 8.85345 69.35
    endloop
  endfacet
  facet normal -0.561953 0.4312 -0.705887
    outer loop
      vertex -4.09576 2.86788 65.35
      vertex -7.36354 5.15733 69.35
      vertex -3.83022 3.21394 65.35
    endloop
  endfacet
  facet normal -0.561921 0.431242 -0.705886
    outer loop
      vertex -7.36354 5.15733 69.35
      vertex -4.09576 2.86788 65.35
      vertex -7.3642 5.15647 69.35
    endloop
  endfacet
  facet normal -0.597396 -0.380583 -0.705886
    outer loop
      vertex -7.36478 -5.15555 69.35
      vertex -7.78559 -4.49501 69.35
      vertex -4.33013 -2.5 65.35
    endloop
  endfacet
  facet normal -0.213006 0.675538 -0.705887
    outer loop
      vertex -1.7101 4.69846 65.35
      vertex -3.07373 8.44819 69.35
      vertex -1.2941 4.82963 65.35
    endloop
  endfacet
  facet normal -0.214222 0.675125 -0.705914
    outer loop
      vertex -3.07373 8.44819 69.35
      vertex -1.7101 4.69846 65.35
      vertex -3.07477 8.44786 69.35
    endloop
  endfacet
  facet normal -0.0308946 -0.70765 -0.705887
    outer loop
      vertex -0.00108665 -8.98998 69.35
      vertex -0.783532 -8.95582 69.35
      vertex -0.435779 -4.98097 65.35
    endloop
  endfacet
  facet normal -0.675542 -0.212998 -0.705886
    outer loop
      vertex -8.44819 -3.07373 69.35
      vertex -8.6837 -2.32679 69.35
      vertex -4.82963 -1.2941 65.35
    endloop
  endfacet
  facet normal 0.561951 0.431202 -0.705887
    outer loop
      vertex 7.36354 5.15733 69.35
      vertex 3.83022 3.21394 65.35
      vertex 6.88676 5.77868 69.35
    endloop
  endfacet
  facet normal -0.380583 0.597396 -0.705886
    outer loop
      vertex -2.5 4.33013 65.35
      vertex -5.15555 7.36478 69.35
      vertex -4.49501 7.78559 69.35
    endloop
  endfacet
  facet normal 0.522235 0.478534 -0.705887
    outer loop
      vertex 6.88602 5.77948 69.35
      vertex 3.53553 3.53553 65.35
      vertex 6.35691 6.35691 69.35
    endloop
  endfacet
  facet normal 0.481034 -0.520037 -0.70581
    outer loop
      vertex 3.21394 -3.83022 65.35
      vertex 5.77948 -6.88602 69.35
      vertex 5.77868 -6.88676 69.35
    endloop
  endfacet
  facet normal 0.478544 -0.522227 -0.705886
    outer loop
      vertex 5.77948 -6.88602 69.35
      vertex 3.21394 -3.83022 65.35
      vertex 3.53553 -3.53553 65.35
    endloop
  endfacet
  facet normal 0.0924579 0.702264 -0.705887
    outer loop
      vertex 1.56002 8.85359 69.35
      vertex 0.435779 4.98097 65.35
      vertex 0.783532 8.95582 69.35
    endloop
  endfacet
  facet normal -0.707651 0.0309023 -0.705886
    outer loop
      vertex -5 0 65.35
      vertex -8.98998 0.00108665 69.35
      vertex -4.98097 0.435779 65.35
    endloop
  endfacet
  facet normal -0.707613 0.0325594 -0.705849
    outer loop
      vertex -8.98998 0.00108665 69.35
      vertex -5 0 65.35
      vertex -8.99003 0 69.35
    endloop
  endfacet
  facet normal -0.70765 0.0308946 -0.705887
    outer loop
      vertex -4.98097 0.435779 65.35
      vertex -8.98998 0.00108665 69.35
      vertex -8.95582 0.783532 69.35
    endloop
  endfacet
  facet normal 0.654011 -0.271965 -0.705907
    outer loop
      vertex 4.53154 -2.11309 65.35
      vertex 8.14815 -3.79834 69.35
      vertex 8.14773 -3.79935 69.35
    endloop
  endfacet
  facet normal 0.654409 -0.271059 -0.705886
    outer loop
      vertex 8.14815 -3.79834 69.35
      vertex 4.53154 -2.11309 65.35
      vertex 4.69846 -1.7101 65.35
    endloop
  endfacet
  facet normal 0.628226 -0.327201 -0.705883
    outer loop
      vertex 8.14723 -3.80031 69.35
      vertex 4.53154 -2.11309 65.35
      vertex 8.14773 -3.79935 69.35
    endloop
  endfacet
  facet normal 0.628294 -0.327065 -0.705886
    outer loop
      vertex 4.53154 -2.11309 65.35
      vertex 8.14723 -3.80031 69.35
      vertex 4.33013 -2.5 65.35
    endloop
  endfacet
  facet normal -0.380588 0.597392 -0.705886
    outer loop
      vertex -2.86788 4.09576 65.35
      vertex -5.15555 7.36478 69.35
      vertex -2.5 4.33013 65.35
    endloop
  endfacet
  facet normal -0.377791 0.599255 -0.70581
    outer loop
      vertex -5.15555 7.36478 69.35
      vertex -2.86788 4.09576 65.35
      vertex -5.15647 7.3642 69.35
    endloop
  endfacet
  facet normal -0.271062 -0.654408 -0.705887
    outer loop
      vertex -3.07477 -8.44786 69.35
      vertex -3.79834 -8.14815 69.35
      vertex -1.7101 -4.69846 65.35
    endloop
  endfacet
  facet normal 0.478534 -0.522235 -0.705887
    outer loop
      vertex 5.77948 -6.88602 69.35
      vertex 3.53553 -3.53553 65.35
      vertex 6.35691 -6.35691 69.35
    endloop
  endfacet
  facet normal -0.599255 -0.377791 -0.70581
    outer loop
      vertex -7.36478 -5.15555 69.35
      vertex -4.09576 -2.86788 65.35
      vertex -7.3642 -5.15647 69.35
    endloop
  endfacet
  facet normal -0.597392 -0.380588 -0.705886
    outer loop
      vertex -4.09576 -2.86788 65.35
      vertex -7.36478 -5.15555 69.35
      vertex -4.33013 -2.5 65.35
    endloop
  endfacet
  facet normal -0.628292 -0.32707 -0.705886
    outer loop
      vertex -7.78559 -4.49501 69.35
      vertex -8.14723 -3.80031 69.35
      vertex -4.33013 -2.5 65.35
    endloop
  endfacet
  facet normal 0.327201 -0.628226 -0.705883
    outer loop
      vertex 2.11309 -4.53154 65.35
      vertex 3.80031 -8.14723 69.35
      vertex 3.79935 -8.14773 69.35
    endloop
  endfacet
  facet normal 0.327065 -0.628294 -0.705886
    outer loop
      vertex 3.80031 -8.14723 69.35
      vertex 2.11309 -4.53154 65.35
      vertex 2.5 -4.33013 65.35
    endloop
  endfacet
  facet normal 0.0924579 -0.702264 -0.705887
    outer loop
      vertex 0.783532 -8.95582 69.35
      vertex 0.435779 -4.98097 65.35
      vertex 1.56002 -8.85359 69.35
    endloop
  endfacet
  facet normal 0.561951 -0.431202 -0.705887
    outer loop
      vertex 6.88676 -5.77868 69.35
      vertex 3.83022 -3.21394 65.35
      vertex 7.36354 -5.15733 69.35
    endloop
  endfacet
  facet normal 0.520037 -0.481034 -0.70581
    outer loop
      vertex 6.88602 -5.77948 69.35
      vertex 3.83022 -3.21394 65.35
      vertex 6.88676 -5.77868 69.35
    endloop
  endfacet
  facet normal 0.522227 -0.478544 -0.705886
    outer loop
      vertex 3.83022 -3.21394 65.35
      vertex 6.88602 -5.77948 69.35
      vertex 3.53553 -3.53553 65.35
    endloop
  endfacet
  facet normal -0.380583 -0.597396 -0.705886
    outer loop
      vertex -4.49501 -7.78559 69.35
      vertex -5.15555 -7.36478 69.35
      vertex -2.5 -4.33013 65.35
    endloop
  endfacet
  facet normal 0.628226 0.327201 -0.705883
    outer loop
      vertex 4.53154 2.11309 65.35
      vertex 8.14723 3.80031 69.35
      vertex 8.14773 3.79935 69.35
    endloop
  endfacet
  facet normal 0.628294 0.327065 -0.705886
    outer loop
      vertex 8.14723 3.80031 69.35
      vertex 4.53154 2.11309 65.35
      vertex 4.33013 2.5 65.35
    endloop
  endfacet
  facet normal 0.597392 0.380588 -0.705886
    outer loop
      vertex 4.09576 2.86788 65.35
      vertex 7.36478 5.15555 69.35
      vertex 4.33013 2.5 65.35
    endloop
  endfacet
  facet normal 0.599255 0.377791 -0.70581
    outer loop
      vertex 7.36478 5.15555 69.35
      vertex 4.09576 2.86788 65.35
      vertex 7.3642 5.15647 69.35
    endloop
  endfacet
  facet normal 0.675125 -0.214222 -0.705914
    outer loop
      vertex 4.69846 -1.7101 65.35
      vertex 8.44819 -3.07373 69.35
      vertex 8.44786 -3.07477 69.35
    endloop
  endfacet
  facet normal 0.675538 -0.213006 -0.705887
    outer loop
      vertex 8.44819 -3.07373 69.35
      vertex 4.69846 -1.7101 65.35
      vertex 4.82963 -1.2941 65.35
    endloop
  endfacet
  facet normal 0.691502 -0.153547 -0.705867
    outer loop
      vertex 4.82963 -1.2941 65.35
      vertex 8 -1.41062 68.4812
      vertex 8 -1.50532 68.5018
    endloop
  endfacet
  facet normal 0.691533 -0.153308 -0.705889
    outer loop
      vertex 8 -1.41062 68.4812
      vertex 4.82963 -1.2941 65.35
      vertex 4.92404 -0.86824 65.35
    endloop
  endfacet
  facet normal -0.478534 0.522235 -0.705887
    outer loop
      vertex -3.53553 3.53553 65.35
      vertex -6.35691 6.35691 69.35
      vertex -5.77948 6.88602 69.35
    endloop
  endfacet
  facet normal 0.377791 -0.599255 -0.70581
    outer loop
      vertex 5.15555 -7.36478 69.35
      vertex 2.86788 -4.09576 65.35
      vertex 5.15647 -7.3642 69.35
    endloop
  endfacet
  facet normal 0.380588 -0.597392 -0.705886
    outer loop
      vertex 2.86788 -4.09576 65.35
      vertex 5.15555 -7.36478 69.35
      vertex 2.5 -4.33013 65.35
    endloop
  endfacet
  facet normal -0.431242 -0.561921 -0.705886
    outer loop
      vertex -5.15733 -7.36354 69.35
      vertex -2.86788 -4.09576 65.35
      vertex -5.15647 -7.3642 69.35
    endloop
  endfacet
  facet normal -0.4312 -0.561953 -0.705887
    outer loop
      vertex -2.86788 -4.09576 65.35
      vertex -5.15733 -7.36354 69.35
      vertex -3.21394 -3.83022 65.35
    endloop
  endfacet
  facet normal 0.691544 0.153256 -0.705889
    outer loop
      vertex 8 1.50532 68.5018
      vertex 4.82963 1.2941 65.35
      vertex 8 2 68.6092
    endloop
  endfacet
  facet normal 0.691552 0.153297 -0.705872
    outer loop
      vertex 8 2 68.6092
      vertex 8.6837 2.32679 69.35
      vertex 8.75614 2 69.35
    endloop
  endfacet
  facet normal 0.691504 0.153436 -0.705889
    outer loop
      vertex 8.6837 2.32679 69.35
      vertex 8 2 68.6092
      vertex 4.82963 1.2941 65.35
    endloop
  endfacet
  facet normal -0.628294 -0.327065 -0.705886
    outer loop
      vertex -8.14723 -3.80031 69.35
      vertex -4.53154 -2.11309 65.35
      vertex -4.33013 -2.5 65.35
    endloop
  endfacet
  facet normal -0.628226 -0.327201 -0.705883
    outer loop
      vertex -4.53154 -2.11309 65.35
      vertex -8.14723 -3.80031 69.35
      vertex -8.14773 -3.79935 69.35
    endloop
  endfacet
  facet normal -0.478534 -0.522235 -0.705887
    outer loop
      vertex -5.77948 -6.88602 69.35
      vertex -6.35691 -6.35691 69.35
      vertex -3.53553 -3.53553 65.35
    endloop
  endfacet
  facet normal -0.702264 -0.0924579 -0.705887
    outer loop
      vertex -8.85359 -1.56002 69.35
      vertex -8.95582 -0.783532 69.35
      vertex -4.98097 -0.435779 65.35
    endloop
  endfacet
  facet normal 0.599255 -0.377791 -0.70581
    outer loop
      vertex 4.09576 -2.86788 65.35
      vertex 7.36478 -5.15555 69.35
      vertex 7.3642 -5.15647 69.35
    endloop
  endfacet
  facet normal 0.597392 -0.380588 -0.705886
    outer loop
      vertex 7.36478 -5.15555 69.35
      vertex 4.09576 -2.86788 65.35
      vertex 4.33013 -2.5 65.35
    endloop
  endfacet
  facet normal 0.561921 0.431242 -0.705886
    outer loop
      vertex 4.09576 2.86788 65.35
      vertex 7.36354 5.15733 69.35
      vertex 7.3642 5.15647 69.35
    endloop
  endfacet
  facet normal 0.561953 0.4312 -0.705887
    outer loop
      vertex 7.36354 5.15733 69.35
      vertex 4.09576 2.86788 65.35
      vertex 3.83022 3.21394 65.35
    endloop
  endfacet
  facet normal -0.212998 -0.675542 -0.705886
    outer loop
      vertex -2.32679 -8.6837 69.35
      vertex -3.07373 -8.44819 69.35
      vertex -1.2941 -4.82963 65.35
    endloop
  endfacet
  facet normal 0.380583 0.597396 -0.705886
    outer loop
      vertex 5.15555 7.36478 69.35
      vertex 2.5 4.33013 65.35
      vertex 4.49501 7.78559 69.35
    endloop
  endfacet
  facet normal -0.32707 -0.628292 -0.705886
    outer loop
      vertex -3.80031 -8.14723 69.35
      vertex -4.49501 -7.78559 69.35
      vertex -2.5 -4.33013 65.35
    endloop
  endfacet
  facet normal -0.212998 0.675542 -0.705886
    outer loop
      vertex -1.2941 4.82963 65.35
      vertex -3.07373 8.44819 69.35
      vertex -2.32679 8.6837 69.35
    endloop
  endfacet
  facet normal -0.675542 0.212998 -0.705886
    outer loop
      vertex -4.82963 1.2941 65.35
      vertex -8.6837 2.32679 69.35
      vertex -8.44819 3.07373 69.35
    endloop
  endfacet
  facet normal -0.691536 0.153308 -0.705886
    outer loop
      vertex -4.92404 0.86824 65.35
      vertex -8.85321 1.56216 69.35
      vertex -4.82963 1.2941 65.35
    endloop
  endfacet
  facet normal -0.69091 0.156432 -0.705813
    outer loop
      vertex -8.85321 1.56216 69.35
      vertex -4.92404 0.86824 65.35
      vertex -8.85345 1.5611 69.35
    endloop
  endfacet
  facet normal 0.520037 0.481034 -0.70581
    outer loop
      vertex 3.83022 3.21394 65.35
      vertex 6.88602 5.77948 69.35
      vertex 6.88676 5.77868 69.35
    endloop
  endfacet
  facet normal 0.522227 0.478544 -0.705886
    outer loop
      vertex 6.88602 5.77948 69.35
      vertex 3.83022 3.21394 65.35
      vertex 3.53553 3.53553 65.35
    endloop
  endfacet
  facet normal -0.654409 0.271059 -0.705886
    outer loop
      vertex -8.14815 3.79834 69.35
      vertex -4.53154 2.11309 65.35
      vertex -4.69846 1.7101 65.35
    endloop
  endfacet
  facet normal -0.654011 0.271965 -0.705907
    outer loop
      vertex -4.53154 2.11309 65.35
      vertex -8.14815 3.79834 69.35
      vertex -8.14773 3.79935 69.35
    endloop
  endfacet
  facet normal -0.522235 -0.478534 -0.705887
    outer loop
      vertex -6.35691 -6.35691 69.35
      vertex -6.88602 -5.77948 69.35
      vertex -3.53553 -3.53553 65.35
    endloop
  endfacet
  facet normal 0.431202 0.561951 -0.705887
    outer loop
      vertex 5.77868 6.88676 69.35
      vertex 3.21394 3.83022 65.35
      vertex 5.15733 7.36354 69.35
    endloop
  endfacet
  facet normal -0.675538 0.213006 -0.705887
    outer loop
      vertex -8.44819 3.07373 69.35
      vertex -4.69846 1.7101 65.35
      vertex -4.82963 1.2941 65.35
    endloop
  endfacet
  facet normal -0.675125 0.214222 -0.705914
    outer loop
      vertex -4.69846 1.7101 65.35
      vertex -8.44819 3.07373 69.35
      vertex -8.44786 3.07477 69.35
    endloop
  endfacet
  facet normal -0.271059 0.654409 -0.705886
    outer loop
      vertex -2.11309 4.53154 65.35
      vertex -3.79834 8.14815 69.35
      vertex -1.7101 4.69846 65.35
    endloop
  endfacet
  facet normal -0.271965 0.654011 -0.705907
    outer loop
      vertex -3.79834 8.14815 69.35
      vertex -2.11309 4.53154 65.35
      vertex -3.79935 8.14773 69.35
    endloop
  endfacet
  facet normal 0.153308 0.691536 -0.705886
    outer loop
      vertex 0.86824 4.92404 65.35
      vertex 1.56216 8.85321 69.35
      vertex 1.2941 4.82963 65.35
    endloop
  endfacet
  facet normal 0.156432 0.69091 -0.705813
    outer loop
      vertex 1.56216 8.85321 69.35
      vertex 0.86824 4.92404 65.35
      vertex 1.5611 8.85345 69.35
    endloop
  endfacet
  facet normal -0.561953 -0.4312 -0.705887
    outer loop
      vertex -7.36354 -5.15733 69.35
      vertex -4.09576 -2.86788 65.35
      vertex -3.83022 -3.21394 65.35
    endloop
  endfacet
  facet normal -0.561921 -0.431242 -0.705886
    outer loop
      vertex -4.09576 -2.86788 65.35
      vertex -7.36354 -5.15733 69.35
      vertex -7.3642 -5.15647 69.35
    endloop
  endfacet
  facet normal -0.702479 -0.0910621 -0.705855
    outer loop
      vertex -8.85359 -1.56002 69.35
      vertex -4.92404 -0.86824 65.35
      vertex -8.85345 -1.5611 69.35
    endloop
  endfacet
  facet normal -0.702266 -0.0924477 -0.705886
    outer loop
      vertex -4.92404 -0.86824 65.35
      vertex -8.85359 -1.56002 69.35
      vertex -4.98097 -0.435779 65.35
    endloop
  endfacet
  facet normal 0.32707 0.628292 -0.705886
    outer loop
      vertex 4.49501 7.78559 69.35
      vertex 2.5 4.33013 65.35
      vertex 3.80031 8.14723 69.35
    endloop
  endfacet
  facet normal 0.327065 0.628294 -0.705886
    outer loop
      vertex 2.11309 4.53154 65.35
      vertex 3.80031 8.14723 69.35
      vertex 2.5 4.33013 65.35
    endloop
  endfacet
  facet normal 0.327201 0.628226 -0.705883
    outer loop
      vertex 3.80031 8.14723 69.35
      vertex 2.11309 4.53154 65.35
      vertex 3.79935 8.14773 69.35
    endloop
  endfacet
  facet normal 0.380583 -0.597396 -0.705886
    outer loop
      vertex 4.49501 -7.78559 69.35
      vertex 2.5 -4.33013 65.35
      vertex 5.15555 -7.36478 69.35
    endloop
  endfacet
  facet normal 0.214222 -0.675125 -0.705914
    outer loop
      vertex 3.07373 -8.44819 69.35
      vertex 1.7101 -4.69846 65.35
      vertex 3.07477 -8.44786 69.35
    endloop
  endfacet
  facet normal 0.213006 -0.675538 -0.705887
    outer loop
      vertex 1.7101 -4.69846 65.35
      vertex 3.07373 -8.44819 69.35
      vertex 1.2941 -4.82963 65.35
    endloop
  endfacet
  facet normal 0.212998 -0.675542 -0.705886
    outer loop
      vertex 2.32679 -8.6837 69.35
      vertex 1.2941 -4.82963 65.35
      vertex 3.07373 -8.44819 69.35
    endloop
  endfacet
  facet normal 0.561921 -0.431242 -0.705886
    outer loop
      vertex 7.36354 -5.15733 69.35
      vertex 4.09576 -2.86788 65.35
      vertex 7.3642 -5.15647 69.35
    endloop
  endfacet
  facet normal 0.561953 -0.4312 -0.705887
    outer loop
      vertex 4.09576 -2.86788 65.35
      vertex 7.36354 -5.15733 69.35
      vertex 3.83022 -3.21394 65.35
    endloop
  endfacet
  facet normal -0.327201 -0.628226 -0.705883
    outer loop
      vertex -3.80031 -8.14723 69.35
      vertex -2.11309 -4.53154 65.35
      vertex -3.79935 -8.14773 69.35
    endloop
  endfacet
  facet normal -0.327065 -0.628294 -0.705886
    outer loop
      vertex -2.11309 -4.53154 65.35
      vertex -3.80031 -8.14723 69.35
      vertex -2.5 -4.33013 65.35
    endloop
  endfacet
  facet normal 0.431202 -0.561951 -0.705887
    outer loop
      vertex 5.15733 -7.36354 69.35
      vertex 3.21394 -3.83022 65.35
      vertex 5.77868 -6.88676 69.35
    endloop
  endfacet
  facet normal 0.691533 0.153308 -0.705889
    outer loop
      vertex 4.82963 1.2941 65.35
      vertex 8 1.41062 68.4812
      vertex 4.92404 0.86824 65.35
    endloop
  endfacet
  facet normal 0.691502 0.153547 -0.705867
    outer loop
      vertex 8 1.41062 68.4812
      vertex 4.82963 1.2941 65.35
      vertex 8 1.50532 68.5018
    endloop
  endfacet
  facet normal 0.702263 0.0924472 -0.70589
    outer loop
      vertex 4.92404 0.86824 65.35
      vertex 8 1.31222 68.4683
      vertex 4.98097 0.435779 65.35
    endloop
  endfacet
  facet normal 0.70225 0.0925405 -0.705891
    outer loop
      vertex 8 1.31222 68.4683
      vertex 4.92404 0.86824 65.35
      vertex 8 1.41062 68.4812
    endloop
  endfacet
  facet normal -0.156432 -0.69091 -0.705813
    outer loop
      vertex -1.56216 -8.85321 69.35
      vertex -0.86824 -4.92404 65.35
      vertex -1.5611 -8.85345 69.35
    endloop
  endfacet
  facet normal -0.153308 -0.691536 -0.705886
    outer loop
      vertex -0.86824 -4.92404 65.35
      vertex -1.56216 -8.85321 69.35
      vertex -1.2941 -4.82963 65.35
    endloop
  endfacet
  facet normal -0.691536 -0.153308 -0.705886
    outer loop
      vertex -8.85321 -1.56216 69.35
      vertex -4.92404 -0.86824 65.35
      vertex -4.82963 -1.2941 65.35
    endloop
  endfacet
  facet normal -0.69091 -0.156432 -0.705813
    outer loop
      vertex -4.92404 -0.86824 65.35
      vertex -8.85321 -1.56216 69.35
      vertex -8.85345 -1.5611 69.35
    endloop
  endfacet
  facet normal 0.0910621 -0.702479 -0.705855
    outer loop
      vertex 1.56002 -8.85359 69.35
      vertex 0.86824 -4.92404 65.35
      vertex 1.5611 -8.85345 69.35
    endloop
  endfacet
  facet normal 0.0924477 -0.702266 -0.705886
    outer loop
      vertex 0.86824 -4.92404 65.35
      vertex 1.56002 -8.85359 69.35
      vertex 0.435779 -4.98097 65.35
    endloop
  endfacet
  facet normal -0.4312 0.561953 -0.705887
    outer loop
      vertex -5.15733 7.36354 69.35
      vertex -2.86788 4.09576 65.35
      vertex -3.21394 3.83022 65.35
    endloop
  endfacet
  facet normal -0.431242 0.561921 -0.705886
    outer loop
      vertex -2.86788 4.09576 65.35
      vertex -5.15733 7.36354 69.35
      vertex -5.15647 7.3642 69.35
    endloop
  endfacet
  facet normal -0.478544 0.522227 -0.705886
    outer loop
      vertex -5.77948 6.88602 69.35
      vertex -3.21394 3.83022 65.35
      vertex -3.53553 3.53553 65.35
    endloop
  endfacet
  facet normal -0.481034 0.520037 -0.70581
    outer loop
      vertex -3.21394 3.83022 65.35
      vertex -5.77948 6.88602 69.35
      vertex -5.77868 6.88676 69.35
    endloop
  endfacet
  facet normal -0.153306 0.691536 -0.705886
    outer loop
      vertex -1.2941 4.82963 65.35
      vertex -2.32679 8.6837 69.35
      vertex -1.56216 8.85321 69.35
    endloop
  endfacet
  facet normal 0.156432 -0.69091 -0.705813
    outer loop
      vertex 0.86824 -4.92404 65.35
      vertex 1.56216 -8.85321 69.35
      vertex 1.5611 -8.85345 69.35
    endloop
  endfacet
  facet normal 0.153308 -0.691536 -0.705886
    outer loop
      vertex 1.56216 -8.85321 69.35
      vertex 0.86824 -4.92404 65.35
      vertex 1.2941 -4.82963 65.35
    endloop
  endfacet
  facet normal 0 0 1
    outer loop
      vertex 3 1.73205 85.34
      vertex 5 0 85.34
      vertex 4.98097 0.435779 85.34
    endloop
  endfacet
  facet normal 0 0 1
    outer loop
      vertex 3 1.73205 85.34
      vertex 4.98097 0.435779 85.34
      vertex 4.92404 0.86824 85.34
    endloop
  endfacet
  facet normal 0 0 1
    outer loop
      vertex 3 -1.73205 85.34
      vertex 5 0 85.34
      vertex 3 1.73205 85.34
    endloop
  endfacet
  facet normal 0 0 1
    outer loop
      vertex 3 1.73205 85.34
      vertex 4.92404 0.86824 85.34
      vertex 4.82963 1.2941 85.34
    endloop
  endfacet
  facet normal 0 0 1
    outer loop
      vertex 5 0 85.34
      vertex 3 -1.73205 85.34
      vertex 4.98097 -0.435779 85.34
    endloop
  endfacet
  facet normal 0 0 1
    outer loop
      vertex 3 1.73205 85.34
      vertex 4.82963 1.2941 85.34
      vertex 4.69846 1.7101 85.34
    endloop
  endfacet
  facet normal 0 0 1
    outer loop
      vertex 4.98097 -0.435779 85.34
      vertex 3 -1.73205 85.34
      vertex 4.92404 -0.86824 85.34
    endloop
  endfacet
  facet normal -0 0 1
    outer loop
      vertex 3 1.73205 85.34
      vertex 4.69846 1.7101 85.34
      vertex 4.53154 2.11309 85.34
    endloop
  endfacet
  facet normal 0 0 1
    outer loop
      vertex 4.92404 -0.86824 85.34
      vertex 3 -1.73205 85.34
      vertex 4.82963 -1.2941 85.34
    endloop
  endfacet
  facet normal 0 0 1
    outer loop
      vertex 3 1.73205 85.34
      vertex 4.53154 2.11309 85.34
      vertex 4.33013 2.5 85.34
    endloop
  endfacet
  facet normal 0 0 1
    outer loop
      vertex 4.82963 -1.2941 85.34
      vertex 3 -1.73205 85.34
      vertex 4.69846 -1.7101 85.34
    endloop
  endfacet
  facet normal 0 0 1
    outer loop
      vertex 3 1.73205 85.34
      vertex 4.33013 2.5 85.34
      vertex 4.09576 2.86788 85.34
    endloop
  endfacet
  facet normal 0 0 1
    outer loop
      vertex 4.69846 -1.7101 85.34
      vertex 3 -1.73205 85.34
      vertex 4.53154 -2.11309 85.34
    endloop
  endfacet
  facet normal 0 0 1
    outer loop
      vertex 3 1.73205 85.34
      vertex 4.09576 2.86788 85.34
      vertex 3.83022 3.21394 85.34
    endloop
  endfacet
  facet normal 0 0 1
    outer loop
      vertex 4.53154 -2.11309 85.34
      vertex 3 -1.73205 85.34
      vertex 4.33013 -2.5 85.34
    endloop
  endfacet
  facet normal 0 0 1
    outer loop
      vertex 3 1.73205 85.34
      vertex 3.83022 3.21394 85.34
      vertex 3.53553 3.53553 85.34
    endloop
  endfacet
  facet normal 0 0 1
    outer loop
      vertex 4.33013 -2.5 85.34
      vertex 3 -1.73205 85.34
      vertex 4.09576 -2.86788 85.34
    endloop
  endfacet
  facet normal 0 0 1
    outer loop
      vertex 3 1.73205 85.34
      vertex 3.53553 3.53553 85.34
      vertex 3.21394 3.83022 85.34
    endloop
  endfacet
  facet normal 0 0 1
    outer loop
      vertex 4.09576 -2.86788 85.34
      vertex 3 -1.73205 85.34
      vertex 3.83022 -3.21394 85.34
    endloop
  endfacet
  facet normal 0 0 1
    outer loop
      vertex 3.83022 -3.21394 85.34
      vertex 3 -1.73205 85.34
      vertex 3.53553 -3.53553 85.34
    endloop
  endfacet
  facet normal 0 0 1
    outer loop
      vertex 2.86788 4.09576 85.34
      vertex 3 1.73205 85.34
      vertex 3.21394 3.83022 85.34
    endloop
  endfacet
  facet normal 0 0 1
    outer loop
      vertex 2.5 4.33013 85.34
      vertex 3 1.73205 85.34
      vertex 2.86788 4.09576 85.34
    endloop
  endfacet
  facet normal 0 0 1
    outer loop
      vertex 0 3.4641 85.34
      vertex 2.5 4.33013 85.34
      vertex 2.11309 4.53154 85.34
    endloop
  endfacet
  facet normal 0 0 1
    outer loop
      vertex 0 3.4641 85.34
      vertex 2.11309 4.53154 85.34
      vertex 1.7101 4.69846 85.34
    endloop
  endfacet
  facet normal 0 0 1
    outer loop
      vertex 0 3.4641 85.34
      vertex 1.7101 4.69846 85.34
      vertex 1.2941 4.82963 85.34
    endloop
  endfacet
  facet normal 0 0 1
    outer loop
      vertex 0 3.4641 85.34
      vertex 1.2941 4.82963 85.34
      vertex 0.86824 4.92404 85.34
    endloop
  endfacet
  facet normal 0 0 1
    outer loop
      vertex 0 3.4641 85.34
      vertex 0.86824 4.92404 85.34
      vertex 0.435779 4.98097 85.34
    endloop
  endfacet
  facet normal 0 0 1
    outer loop
      vertex 0 3.4641 85.34
      vertex 0.435779 4.98097 85.34
      vertex 0 5 85.34
    endloop
  endfacet
  facet normal 0 0 1
    outer loop
      vertex 2.5 4.33013 85.34
      vertex 0 3.4641 85.34
      vertex 3 1.73205 85.34
    endloop
  endfacet
  facet normal -0 0 1
    outer loop
      vertex -0.435779 4.98097 85.34
      vertex 0 3.4641 85.34
      vertex 0 5 85.34
    endloop
  endfacet
  facet normal -0 0 1
    outer loop
      vertex -0.86824 4.92404 85.34
      vertex 0 3.4641 85.34
      vertex -0.435779 4.98097 85.34
    endloop
  endfacet
  facet normal -0 0 1
    outer loop
      vertex -1.2941 4.82963 85.34
      vertex 0 3.4641 85.34
      vertex -0.86824 4.92404 85.34
    endloop
  endfacet
  facet normal -0 0 1
    outer loop
      vertex -1.7101 4.69846 85.34
      vertex 0 3.4641 85.34
      vertex -1.2941 4.82963 85.34
    endloop
  endfacet
  facet normal -0 0 1
    outer loop
      vertex -2.11309 4.53154 85.34
      vertex 0 3.4641 85.34
      vertex -1.7101 4.69846 85.34
    endloop
  endfacet
  facet normal -0 0 1
    outer loop
      vertex -2.5 4.33013 85.34
      vertex 0 3.4641 85.34
      vertex -2.11309 4.53154 85.34
    endloop
  endfacet
  facet normal 0 0 1
    outer loop
      vertex -3 1.73205 85.34
      vertex -2.5 4.33013 85.34
      vertex -2.86788 4.09576 85.34
    endloop
  endfacet
  facet normal 0 0 1
    outer loop
      vertex -2.5 4.33013 85.34
      vertex -3 1.73205 85.34
      vertex 0 3.4641 85.34
    endloop
  endfacet
  facet normal -0 0 1
    outer loop
      vertex -3.53553 3.53553 85.34
      vertex -3 1.73205 85.34
      vertex -3.21394 3.83022 85.34
    endloop
  endfacet
  facet normal -0 0 1
    outer loop
      vertex -3.21394 3.83022 85.34
      vertex -3 1.73205 85.34
      vertex -2.86788 4.09576 85.34
    endloop
  endfacet
  facet normal 0 0 1
    outer loop
      vertex 3.53553 -3.53553 85.34
      vertex 3 -1.73205 85.34
      vertex 3.21394 -3.83022 85.34
    endloop
  endfacet
  facet normal 0 0 1
    outer loop
      vertex 3 -1.73205 85.34
      vertex 2.86788 -4.09576 85.34
      vertex 3.21394 -3.83022 85.34
    endloop
  endfacet
  facet normal 0 0 1
    outer loop
      vertex 3 -1.73205 85.34
      vertex 2.5 -4.33013 85.34
      vertex 2.86788 -4.09576 85.34
    endloop
  endfacet
  facet normal -0 0 1
    outer loop
      vertex 0 -3.4641 85.34
      vertex 2.5 -4.33013 85.34
      vertex 3 -1.73205 85.34
    endloop
  endfacet
  facet normal 0 0 1
    outer loop
      vertex 2.5 -4.33013 85.34
      vertex 0 -3.4641 85.34
      vertex 2.11309 -4.53154 85.34
    endloop
  endfacet
  facet normal 0 0 1
    outer loop
      vertex 2.11309 -4.53154 85.34
      vertex 0 -3.4641 85.34
      vertex 1.7101 -4.69846 85.34
    endloop
  endfacet
  facet normal 0 0 1
    outer loop
      vertex 1.7101 -4.69846 85.34
      vertex 0 -3.4641 85.34
      vertex 1.2941 -4.82963 85.34
    endloop
  endfacet
  facet normal 0 0 1
    outer loop
      vertex 1.2941 -4.82963 85.34
      vertex 0 -3.4641 85.34
      vertex 0.86824 -4.92404 85.34
    endloop
  endfacet
  facet normal 0 0 1
    outer loop
      vertex 0.86824 -4.92404 85.34
      vertex 0 -3.4641 85.34
      vertex 0.435779 -4.98097 85.34
    endloop
  endfacet
  facet normal 0 0 1
    outer loop
      vertex 0 -3.4641 85.34
      vertex 0 -5 85.34
      vertex 0.435779 -4.98097 85.34
    endloop
  endfacet
  facet normal 0 0 1
    outer loop
      vertex 0 -3.4641 85.34
      vertex -0.435779 -4.98097 85.34
      vertex 0 -5 85.34
    endloop
  endfacet
  facet normal 0 0 1
    outer loop
      vertex 0 -3.4641 85.34
      vertex -0.86824 -4.92404 85.34
      vertex -0.435779 -4.98097 85.34
    endloop
  endfacet
  facet normal 0 0 1
    outer loop
      vertex 0 -3.4641 85.34
      vertex -1.2941 -4.82963 85.34
      vertex -0.86824 -4.92404 85.34
    endloop
  endfacet
  facet normal 0 0 1
    outer loop
      vertex 0 -3.4641 85.34
      vertex -1.7101 -4.69846 85.34
      vertex -1.2941 -4.82963 85.34
    endloop
  endfacet
  facet normal 0 0 1
    outer loop
      vertex 0 -3.4641 85.34
      vertex -2.11309 -4.53154 85.34
      vertex -1.7101 -4.69846 85.34
    endloop
  endfacet
  facet normal 0 0 1
    outer loop
      vertex 0 -3.4641 85.34
      vertex -2.5 -4.33013 85.34
      vertex -2.11309 -4.53154 85.34
    endloop
  endfacet
  facet normal 0 0 1
    outer loop
      vertex -3 -1.73205 85.34
      vertex -2.5 -4.33013 85.34
      vertex 0 -3.4641 85.34
    endloop
  endfacet
  facet normal 0 0 1
    outer loop
      vertex -2.5 -4.33013 85.34
      vertex -3 -1.73205 85.34
      vertex -2.86788 -4.09576 85.34
    endloop
  endfacet
  facet normal 0 0 1
    outer loop
      vertex -3 -1.73205 85.34
      vertex -3.21394 -3.83022 85.34
      vertex -2.86788 -4.09576 85.34
    endloop
  endfacet
  facet normal -0 0 1
    outer loop
      vertex -3.83022 3.21394 85.34
      vertex -3 1.73205 85.34
      vertex -3.53553 3.53553 85.34
    endloop
  endfacet
  facet normal -0 0 1
    outer loop
      vertex -4.09576 2.86788 85.34
      vertex -3 1.73205 85.34
      vertex -3.83022 3.21394 85.34
    endloop
  endfacet
  facet normal 0 0 1
    outer loop
      vertex -3 -1.73205 85.34
      vertex -3.53553 -3.53553 85.34
      vertex -3.21394 -3.83022 85.34
    endloop
  endfacet
  facet normal -0 0 1
    outer loop
      vertex -4.33013 2.5 85.34
      vertex -3 1.73205 85.34
      vertex -4.09576 2.86788 85.34
    endloop
  endfacet
  facet normal 0 0 1
    outer loop
      vertex -3 -1.73205 85.34
      vertex -3.83022 -3.21394 85.34
      vertex -3.53553 -3.53553 85.34
    endloop
  endfacet
  facet normal -0 0 1
    outer loop
      vertex -4.53154 2.11309 85.34
      vertex -3 1.73205 85.34
      vertex -4.33013 2.5 85.34
    endloop
  endfacet
  facet normal 0 0 1
    outer loop
      vertex -3 -1.73205 85.34
      vertex -4.09576 -2.86788 85.34
      vertex -3.83022 -3.21394 85.34
    endloop
  endfacet
  facet normal 0 0 1
    outer loop
      vertex -4.69846 1.7101 85.34
      vertex -3 1.73205 85.34
      vertex -4.53154 2.11309 85.34
    endloop
  endfacet
  facet normal 0 0 1
    outer loop
      vertex -3 -1.73205 85.34
      vertex -4.33013 -2.5 85.34
      vertex -4.09576 -2.86788 85.34
    endloop
  endfacet
  facet normal 0 0 1
    outer loop
      vertex -4.82963 1.2941 85.34
      vertex -3 1.73205 85.34
      vertex -4.69846 1.7101 85.34
    endloop
  endfacet
  facet normal 0 0 1
    outer loop
      vertex -3 -1.73205 85.34
      vertex -4.53154 -2.11309 85.34
      vertex -4.33013 -2.5 85.34
    endloop
  endfacet
  facet normal 0 0 1
    outer loop
      vertex -4.92404 0.86824 85.34
      vertex -3 1.73205 85.34
      vertex -4.82963 1.2941 85.34
    endloop
  endfacet
  facet normal 0 0 1
    outer loop
      vertex -3 -1.73205 85.34
      vertex -4.69846 -1.7101 85.34
      vertex -4.53154 -2.11309 85.34
    endloop
  endfacet
  facet normal 0 0 1
    outer loop
      vertex -4.98097 0.435779 85.34
      vertex -3 1.73205 85.34
      vertex -4.92404 0.86824 85.34
    endloop
  endfacet
  facet normal 0 0 1
    outer loop
      vertex -3 -1.73205 85.34
      vertex -4.82963 -1.2941 85.34
      vertex -4.69846 -1.7101 85.34
    endloop
  endfacet
  facet normal 0 0 1
    outer loop
      vertex -5 0 85.34
      vertex -3 1.73205 85.34
      vertex -4.98097 0.435779 85.34
    endloop
  endfacet
  facet normal 0 0 1
    outer loop
      vertex -3 -1.73205 85.34
      vertex -4.92404 -0.86824 85.34
      vertex -4.82963 -1.2941 85.34
    endloop
  endfacet
  facet normal 0 0 1
    outer loop
      vertex -3 1.73205 85.34
      vertex -5 0 85.34
      vertex -3 -1.73205 85.34
    endloop
  endfacet
  facet normal 0 0 1
    outer loop
      vertex -3 -1.73205 85.34
      vertex -4.98097 -0.435779 85.34
      vertex -4.92404 -0.86824 85.34
    endloop
  endfacet
  facet normal 0 0 1
    outer loop
      vertex -3 -1.73205 85.34
      vertex -5 0 85.34
      vertex -4.98097 -0.435779 85.34
    endloop
  endfacet
  facet normal 0.70677 0.0308639 0.70677
    outer loop
      vertex 4.98097 0.435779 85.35
      vertex 4 0 86.35
      vertex 5 0 85.35
    endloop
  endfacet
  facet normal 0.153117 -0.690674 0.706771
    outer loop
      vertex 1.2941 -4.82963 85.35
      vertex 0.694592 -3.93923 86.35
      vertex 0.86824 -4.92404 85.35
    endloop
  endfacet
  facet normal -0.627511 0.326657 0.706771
    outer loop
      vertex -4.33013 2.5 85.35
      vertex -4.53154 2.11309 85.35
      vertex -3.62523 1.69047 86.35
    endloop
  endfacet
  facet normal 0.326659 0.62751 0.706771
    outer loop
      vertex 2.5 4.33013 85.35
      vertex 1.69047 3.62523 86.35
      vertex 2 3.4641 86.35
    endloop
  endfacet
  facet normal 0.0923445 0.701392 0.706768
    outer loop
      vertex 0.435779 4.98097 85.35
      vertex 0.348622 3.98478 86.35
      vertex 0.694592 3.93923 86.35
    endloop
  endfacet
  facet normal 0.326657 0.627511 0.706771
    outer loop
      vertex 2.11309 4.53154 85.35
      vertex 1.69047 3.62523 86.35
      vertex 2.5 4.33013 85.35
    endloop
  endfacet
  facet normal 0.690672 0.153121 0.706772
    outer loop
      vertex 4.82963 1.2941 85.35
      vertex 3.8637 1.03528 86.35
      vertex 3.93923 0.694592 86.35
    endloop
  endfacet
  facet normal 0.477949 0.521577 0.706769
    outer loop
      vertex 3.21394 3.83022 85.35
      vertex 2.57115 3.06418 86.35
      vertex 3.53553 3.53553 85.35
    endloop
  endfacet
  facet normal -0.6747 0.212729 0.706772
    outer loop
      vertex -3.75877 1.36808 86.35
      vertex -4.82963 1.2941 85.35
      vertex -3.8637 1.03528 86.35
    endloop
  endfacet
  facet normal 0.380109 0.59665 0.706771
    outer loop
      vertex 2.5 4.33013 85.35
      vertex 2 3.4641 86.35
      vertex 2.2943 3.27661 86.35
    endloop
  endfacet
  facet normal 0.6747 0.212729 0.706772
    outer loop
      vertex 4.82963 1.2941 85.35
      vertex 3.75877 1.36808 86.35
      vertex 3.8637 1.03528 86.35
    endloop
  endfacet
  facet normal 0.596648 0.380114 0.70677
    outer loop
      vertex 4.09576 2.86788 85.35
      vertex 3.27661 2.2943 86.35
      vertex 4.33013 2.5 85.35
    endloop
  endfacet
  facet normal -0.430663 0.561253 0.70677
    outer loop
      vertex -2.86788 4.09576 85.35
      vertex -3.21394 3.83022 85.35
      vertex -2.2943 3.27661 86.35
    endloop
  endfacet
  facet normal -0.153121 -0.690672 0.706772
    outer loop
      vertex -1.03528 -3.8637 86.35
      vertex -1.2941 -4.82963 85.35
      vertex -0.694592 -3.93923 86.35
    endloop
  endfacet
  facet normal 0.701391 0.0923325 0.706771
    outer loop
      vertex 4.92404 0.86824 85.35
      vertex 3.93923 0.694592 86.35
      vertex 4.98097 0.435779 85.35
    endloop
  endfacet
  facet normal 0.380114 -0.596648 0.70677
    outer loop
      vertex 2.86788 -4.09576 85.35
      vertex 2.2943 -3.27661 86.35
      vertex 2.5 -4.33013 85.35
    endloop
  endfacet
  facet normal -0.212741 0.674699 0.706769
    outer loop
      vertex -1.2941 4.82963 85.35
      vertex -1.7101 4.69846 85.35
      vertex -1.36808 3.75877 86.35
    endloop
  endfacet
  facet normal 0.47794 -0.521588 0.706767
    outer loop
      vertex 2.82843 -2.82843 86.35
      vertex 2.57115 -3.06418 86.35
      vertex 3.53553 -3.53553 85.35
    endloop
  endfacet
  facet normal 0.561258 0.430659 0.706769
    outer loop
      vertex 3.83022 3.21394 85.35
      vertex 3.06418 2.57115 86.35
      vertex 3.27661 2.2943 86.35
    endloop
  endfacet
  facet normal 0.596648 -0.380114 0.70677
    outer loop
      vertex 4.33013 -2.5 85.35
      vertex 3.27661 -2.2943 86.35
      vertex 4.09576 -2.86788 85.35
    endloop
  endfacet
  facet normal 0.690672 -0.153121 0.706772
    outer loop
      vertex 3.93923 -0.694592 86.35
      vertex 3.8637 -1.03528 86.35
      vertex 4.82963 -1.2941 85.35
    endloop
  endfacet
  facet normal -0.521577 -0.477949 0.706769
    outer loop
      vertex -3.06418 -2.57115 86.35
      vertex -3.83022 -3.21394 85.35
      vertex -3.53553 -3.53553 85.35
    endloop
  endfacet
  facet normal 0.627511 0.326657 0.706771
    outer loop
      vertex 4.33013 2.5 85.35
      vertex 3.62523 1.69047 86.35
      vertex 4.53154 2.11309 85.35
    endloop
  endfacet
  facet normal -0.70677 0.0308639 0.70677
    outer loop
      vertex -4.98097 0.435779 85.35
      vertex -5 0 85.35
      vertex -4 0 86.35
    endloop
  endfacet
  facet normal 0.270721 0.653594 0.706771
    outer loop
      vertex 1.7101 4.69846 85.35
      vertex 1.69047 3.62523 86.35
      vertex 2.11309 4.53154 85.35
    endloop
  endfacet
  facet normal 0.561253 -0.430663 0.70677
    outer loop
      vertex 4.09576 -2.86788 85.35
      vertex 3.27661 -2.2943 86.35
      vertex 3.83022 -3.21394 85.35
    endloop
  endfacet
  facet normal -0.653594 -0.270721 0.706771
    outer loop
      vertex -3.62523 -1.69047 86.35
      vertex -4.69846 -1.7101 85.35
      vertex -4.53154 -2.11309 85.35
    endloop
  endfacet
  facet normal 0.59665 -0.380109 0.706771
    outer loop
      vertex 3.4641 -2 86.35
      vertex 3.27661 -2.2943 86.35
      vertex 4.33013 -2.5 85.35
    endloop
  endfacet
  facet normal 0.153121 0.690672 0.706772
    outer loop
      vertex 1.2941 4.82963 85.35
      vertex 0.694592 3.93923 86.35
      vertex 1.03528 3.8637 86.35
    endloop
  endfacet
  facet normal -0.674699 0.212741 0.706769
    outer loop
      vertex -4.69846 1.7101 85.35
      vertex -4.82963 1.2941 85.35
      vertex -3.75877 1.36808 86.35
    endloop
  endfacet
  facet normal 0.627511 -0.326657 0.706771
    outer loop
      vertex 4.53154 -2.11309 85.35
      vertex 3.62523 -1.69047 86.35
      vertex 4.33013 -2.5 85.35
    endloop
  endfacet
  facet normal 0.212741 -0.674699 0.706769
    outer loop
      vertex 1.36808 -3.75877 86.35
      vertex 1.2941 -4.82963 85.35
      vertex 1.7101 -4.69846 85.35
    endloop
  endfacet
  facet normal 0.326657 -0.627511 0.706771
    outer loop
      vertex 2.5 -4.33013 85.35
      vertex 1.69047 -3.62523 86.35
      vertex 2.11309 -4.53154 85.35
    endloop
  endfacet
  facet normal -0.653594 0.270721 0.706771
    outer loop
      vertex -4.53154 2.11309 85.35
      vertex -4.69846 1.7101 85.35
      vertex -3.62523 1.69047 86.35
    endloop
  endfacet
  facet normal 0.212729 -0.6747 0.706772
    outer loop
      vertex 1.36808 -3.75877 86.35
      vertex 1.03528 -3.8637 86.35
      vertex 1.2941 -4.82963 85.35
    endloop
  endfacet
  facet normal -0.62751 0.326659 0.706771
    outer loop
      vertex -3.4641 2 86.35
      vertex -4.33013 2.5 85.35
      vertex -3.62523 1.69047 86.35
    endloop
  endfacet
  facet normal -0.030856 0.706772 0.706768
    outer loop
      vertex 0 4 86.35
      vertex -0.435779 4.98097 85.35
      vertex -0.348622 3.98478 86.35
    endloop
  endfacet
  facet normal 0.70677 -0.0308639 0.70677
    outer loop
      vertex 5 0 85.35
      vertex 4 0 86.35
      vertex 4.98097 -0.435779 85.35
    endloop
  endfacet
  facet normal -0.212741 -0.674699 0.706769
    outer loop
      vertex -1.36808 -3.75877 86.35
      vertex -1.7101 -4.69846 85.35
      vertex -1.2941 -4.82963 85.35
    endloop
  endfacet
  facet normal -0.62751 -0.326659 0.706771
    outer loop
      vertex -3.62523 -1.69047 86.35
      vertex -4.33013 -2.5 85.35
      vertex -3.4641 -2 86.35
    endloop
  endfacet
  facet normal 0.690674 0.153117 0.706771
    outer loop
      vertex 4.82963 1.2941 85.35
      vertex 3.93923 0.694592 86.35
      vertex 4.92404 0.86824 85.35
    endloop
  endfacet
  facet normal 0.6747 -0.212729 0.706772
    outer loop
      vertex 3.8637 -1.03528 86.35
      vertex 3.75877 -1.36808 86.35
      vertex 4.82963 -1.2941 85.35
    endloop
  endfacet
  facet normal -0.326659 0.62751 0.706771
    outer loop
      vertex -1.69047 3.62523 86.35
      vertex -2.5 4.33013 85.35
      vertex -2 3.4641 86.35
    endloop
  endfacet
  facet normal 0.477949 -0.521577 0.706769
    outer loop
      vertex 3.53553 -3.53553 85.35
      vertex 2.57115 -3.06418 86.35
      vertex 3.21394 -3.83022 85.35
    endloop
  endfacet
  facet normal -0.153117 -0.690674 0.706771
    outer loop
      vertex -0.694592 -3.93923 86.35
      vertex -1.2941 -4.82963 85.35
      vertex -0.86824 -4.92404 85.35
    endloop
  endfacet
  facet normal -0.653592 0.27073 0.706769
    outer loop
      vertex -3.62523 1.69047 86.35
      vertex -4.69846 1.7101 85.35
      vertex -3.75877 1.36808 86.35
    endloop
  endfacet
  facet normal -0.27073 0.653592 0.706769
    outer loop
      vertex -1.36808 3.75877 86.35
      vertex -1.7101 4.69846 85.35
      vertex -1.69047 3.62523 86.35
    endloop
  endfacet
  facet normal -0.270721 -0.653594 0.706771
    outer loop
      vertex -1.69047 -3.62523 86.35
      vertex -2.11309 -4.53154 85.35
      vertex -1.7101 -4.69846 85.35
    endloop
  endfacet
  facet normal -0.430663 -0.561253 0.70677
    outer loop
      vertex -2.2943 -3.27661 86.35
      vertex -3.21394 -3.83022 85.35
      vertex -2.86788 -4.09576 85.35
    endloop
  endfacet
  facet normal -0.6747 -0.212729 0.706772
    outer loop
      vertex -3.8637 -1.03528 86.35
      vertex -4.82963 -1.2941 85.35
      vertex -3.75877 -1.36808 86.35
    endloop
  endfacet
  facet normal -0.0923445 0.701392 0.706768
    outer loop
      vertex -0.435779 4.98097 85.35
      vertex -0.694592 3.93923 86.35
      vertex -0.348622 3.98478 86.35
    endloop
  endfacet
  facet normal 0.521577 0.477949 0.706769
    outer loop
      vertex 3.53553 3.53553 85.35
      vertex 3.06418 2.57115 86.35
      vertex 3.83022 3.21394 85.35
    endloop
  endfacet
  facet normal 0.62751 -0.326659 0.706771
    outer loop
      vertex 3.62523 -1.69047 86.35
      vertex 3.4641 -2 86.35
      vertex 4.33013 -2.5 85.35
    endloop
  endfacet
  facet normal -0.477949 0.521577 0.706769
    outer loop
      vertex -3.21394 3.83022 85.35
      vertex -3.53553 3.53553 85.35
      vertex -2.57115 3.06418 86.35
    endloop
  endfacet
  facet normal 0.0923325 -0.701391 0.706771
    outer loop
      vertex 0.694592 -3.93923 86.35
      vertex 0.435779 -4.98097 85.35
      vertex 0.86824 -4.92404 85.35
    endloop
  endfacet
  facet normal -0.326657 0.627511 0.706771
    outer loop
      vertex -2.11309 4.53154 85.35
      vertex -2.5 4.33013 85.35
      vertex -1.69047 3.62523 86.35
    endloop
  endfacet
  facet normal 0.27073 -0.653592 0.706769
    outer loop
      vertex 1.69047 -3.62523 86.35
      vertex 1.36808 -3.75877 86.35
      vertex 1.7101 -4.69846 85.35
    endloop
  endfacet
  facet normal 0.270721 -0.653594 0.706771
    outer loop
      vertex 2.11309 -4.53154 85.35
      vertex 1.69047 -3.62523 86.35
      vertex 1.7101 -4.69846 85.35
    endloop
  endfacet
  facet normal 0.561253 0.430663 0.70677
    outer loop
      vertex 3.83022 3.21394 85.35
      vertex 3.27661 2.2943 86.35
      vertex 4.09576 2.86788 85.35
    endloop
  endfacet
  facet normal -0.47794 0.521588 0.706767
    outer loop
      vertex -2.57115 3.06418 86.35
      vertex -3.53553 3.53553 85.35
      vertex -2.82843 2.82843 86.35
    endloop
  endfacet
  facet normal -0.0923325 0.701391 0.706771
    outer loop
      vertex -0.435779 4.98097 85.35
      vertex -0.86824 4.92404 85.35
      vertex -0.694592 3.93923 86.35
    endloop
  endfacet
  facet normal 0.674699 0.212741 0.706769
    outer loop
      vertex 4.69846 1.7101 85.35
      vertex 3.75877 1.36808 86.35
      vertex 4.82963 1.2941 85.35
    endloop
  endfacet
  facet normal 0.653594 0.270721 0.706771
    outer loop
      vertex 4.53154 2.11309 85.35
      vertex 3.62523 1.69047 86.35
      vertex 4.69846 1.7101 85.35
    endloop
  endfacet
  facet normal -0.690672 0.153121 0.706772
    outer loop
      vertex -3.8637 1.03528 86.35
      vertex -4.82963 1.2941 85.35
      vertex -3.93923 0.694592 86.35
    endloop
  endfacet
  facet normal 0.521588 -0.47794 0.706767
    outer loop
      vertex 3.06418 -2.57115 86.35
      vertex 2.82843 -2.82843 86.35
      vertex 3.53553 -3.53553 85.35
    endloop
  endfacet
  facet normal -0.701392 0.0923445 0.706768
    outer loop
      vertex -3.93923 0.694592 86.35
      vertex -4.98097 0.435779 85.35
      vertex -3.98478 0.348622 86.35
    endloop
  endfacet
  facet normal 0.653592 0.27073 0.706769
    outer loop
      vertex 4.69846 1.7101 85.35
      vertex 3.62523 1.69047 86.35
      vertex 3.75877 1.36808 86.35
    endloop
  endfacet
  facet normal 0.690674 -0.153117 0.706771
    outer loop
      vertex 4.92404 -0.86824 85.35
      vertex 3.93923 -0.694592 86.35
      vertex 4.82963 -1.2941 85.35
    endloop
  endfacet
  facet normal -0.153117 0.690674 0.706771
    outer loop
      vertex -0.86824 4.92404 85.35
      vertex -1.2941 4.82963 85.35
      vertex -0.694592 3.93923 86.35
    endloop
  endfacet
  facet normal 0.701392 0.0923445 0.706768
    outer loop
      vertex 4.98097 0.435779 85.35
      vertex 3.93923 0.694592 86.35
      vertex 3.98478 0.348622 86.35
    endloop
  endfacet
  facet normal -0.0923325 -0.701391 0.706771
    outer loop
      vertex -0.694592 -3.93923 86.35
      vertex -0.86824 -4.92404 85.35
      vertex -0.435779 -4.98097 85.35
    endloop
  endfacet
  facet normal 0.521577 -0.477949 0.706769
    outer loop
      vertex 3.83022 -3.21394 85.35
      vertex 3.06418 -2.57115 86.35
      vertex 3.53553 -3.53553 85.35
    endloop
  endfacet
  facet normal 0 0 1
    outer loop
      vertex 3 1.73205 86.35
      vertex 4 0 86.35
      vertex 3.98478 0.348622 86.35
    endloop
  endfacet
  facet normal 0 0 1
    outer loop
      vertex 3 1.73205 86.35
      vertex 3.98478 0.348622 86.35
      vertex 3.93923 0.694592 86.35
    endloop
  endfacet
  facet normal 0 0 1
    outer loop
      vertex 3 -1.73205 86.35
      vertex 4 0 86.35
      vertex 3 1.73205 86.35
    endloop
  endfacet
  facet normal 0 0 1
    outer loop
      vertex 3 1.73205 86.35
      vertex 3.93923 0.694592 86.35
      vertex 3.8637 1.03528 86.35
    endloop
  endfacet
  facet normal 0 0 1
    outer loop
      vertex 4 0 86.35
      vertex 3 -1.73205 86.35
      vertex 3.98478 -0.348622 86.35
    endloop
  endfacet
  facet normal 0 0 1
    outer loop
      vertex 3 1.73205 86.35
      vertex 3.8637 1.03528 86.35
      vertex 3.75877 1.36808 86.35
    endloop
  endfacet
  facet normal 0 0 1
    outer loop
      vertex 3.98478 -0.348622 86.35
      vertex 3 -1.73205 86.35
      vertex 3.93923 -0.694592 86.35
    endloop
  endfacet
  facet normal 0 0 1
    outer loop
      vertex 3 1.73205 86.35
      vertex 3.75877 1.36808 86.35
      vertex 3.62523 1.69047 86.35
    endloop
  endfacet
  facet normal 0 0 1
    outer loop
      vertex 3.93923 -0.694592 86.35
      vertex 3 -1.73205 86.35
      vertex 3.8637 -1.03528 86.35
    endloop
  endfacet
  facet normal -0 0 1
    outer loop
      vertex 3 1.73205 86.35
      vertex 3.62523 1.69047 86.35
      vertex 3.4641 2 86.35
    endloop
  endfacet
  facet normal 0 0 1
    outer loop
      vertex 3.8637 -1.03528 86.35
      vertex 3 -1.73205 86.35
      vertex 3.75877 -1.36808 86.35
    endloop
  endfacet
  facet normal 0 0 1
    outer loop
      vertex 3 1.73205 86.35
      vertex 3.4641 2 86.35
      vertex 3.27661 2.2943 86.35
    endloop
  endfacet
  facet normal 0 0 1
    outer loop
      vertex 3.75877 -1.36808 86.35
      vertex 3 -1.73205 86.35
      vertex 3.62523 -1.69047 86.35
    endloop
  endfacet
  facet normal 0 0 1
    outer loop
      vertex 3 1.73205 86.35
      vertex 3.27661 2.2943 86.35
      vertex 3.06418 2.57115 86.35
    endloop
  endfacet
  facet normal 0 0 1
    outer loop
      vertex 3.62523 -1.69047 86.35
      vertex 3 -1.73205 86.35
      vertex 3.4641 -2 86.35
    endloop
  endfacet
  facet normal 0 0 1
    outer loop
      vertex 3.4641 -2 86.35
      vertex 3 -1.73205 86.35
      vertex 3.27661 -2.2943 86.35
    endloop
  endfacet
  facet normal 0 0 1
    outer loop
      vertex 2.82843 2.82843 86.35
      vertex 3 1.73205 86.35
      vertex 3.06418 2.57115 86.35
    endloop
  endfacet
  facet normal 0 0 1
    outer loop
      vertex 2.57115 3.06418 86.35
      vertex 3 1.73205 86.35
      vertex 2.82843 2.82843 86.35
    endloop
  endfacet
  facet normal 0 0 1
    outer loop
      vertex 2.2943 3.27661 86.35
      vertex 3 1.73205 86.35
      vertex 2.57115 3.06418 86.35
    endloop
  endfacet
  facet normal 0 0 1
    outer loop
      vertex 2 3.4641 86.35
      vertex 3 1.73205 86.35
      vertex 2.2943 3.27661 86.35
    endloop
  endfacet
  facet normal 0 0 1
    outer loop
      vertex 0 3.4641 86.35
      vertex 2 3.4641 86.35
      vertex 1.69047 3.62523 86.35
    endloop
  endfacet
  facet normal 0 0 1
    outer loop
      vertex 0 3.4641 86.35
      vertex 1.69047 3.62523 86.35
      vertex 1.36808 3.75877 86.35
    endloop
  endfacet
  facet normal 0 0 1
    outer loop
      vertex 0 3.4641 86.35
      vertex 1.36808 3.75877 86.35
      vertex 1.03528 3.8637 86.35
    endloop
  endfacet
  facet normal 0 0 1
    outer loop
      vertex 0 3.4641 86.35
      vertex 1.03528 3.8637 86.35
      vertex 0.694592 3.93923 86.35
    endloop
  endfacet
  facet normal 0 0 1
    outer loop
      vertex 0 3.4641 86.35
      vertex 0.694592 3.93923 86.35
      vertex 0.348622 3.98478 86.35
    endloop
  endfacet
  facet normal 0 0 1
    outer loop
      vertex 0 3.4641 86.35
      vertex 0.348622 3.98478 86.35
      vertex 0 4 86.35
    endloop
  endfacet
  facet normal 0 0 1
    outer loop
      vertex 2 3.4641 86.35
      vertex 0 3.4641 86.35
      vertex 3 1.73205 86.35
    endloop
  endfacet
  facet normal -0 0 1
    outer loop
      vertex -0.348622 3.98478 86.35
      vertex 0 3.4641 86.35
      vertex 0 4 86.35
    endloop
  endfacet
  facet normal -0 0 1
    outer loop
      vertex -0.694592 3.93923 86.35
      vertex 0 3.4641 86.35
      vertex -0.348622 3.98478 86.35
    endloop
  endfacet
  facet normal -0 0 1
    outer loop
      vertex -1.03528 3.8637 86.35
      vertex 0 3.4641 86.35
      vertex -0.694592 3.93923 86.35
    endloop
  endfacet
  facet normal -0 0 1
    outer loop
      vertex -1.36808 3.75877 86.35
      vertex 0 3.4641 86.35
      vertex -1.03528 3.8637 86.35
    endloop
  endfacet
  facet normal -0 0 1
    outer loop
      vertex -1.69047 3.62523 86.35
      vertex 0 3.4641 86.35
      vertex -1.36808 3.75877 86.35
    endloop
  endfacet
  facet normal 0 0 1
    outer loop
      vertex -2 3.4641 86.35
      vertex 0 3.4641 86.35
      vertex -1.69047 3.62523 86.35
    endloop
  endfacet
  facet normal 0 0 1
    outer loop
      vertex -3 1.73205 86.35
      vertex -2 3.4641 86.35
      vertex -2.2943 3.27661 86.35
    endloop
  endfacet
  facet normal 0 0 1
    outer loop
      vertex -3 1.73205 86.35
      vertex -2.2943 3.27661 86.35
      vertex -2.57115 3.06418 86.35
    endloop
  endfacet
  facet normal 0 0 1
    outer loop
      vertex -3 1.73205 86.35
      vertex -2.57115 3.06418 86.35
      vertex -2.82843 2.82843 86.35
    endloop
  endfacet
  facet normal -0 0 1
    outer loop
      vertex -2 3.4641 86.35
      vertex -3 1.73205 86.35
      vertex 0 3.4641 86.35
    endloop
  endfacet
  facet normal -0 0 1
    outer loop
      vertex -3.27661 2.2943 86.35
      vertex -3 1.73205 86.35
      vertex -3.06418 2.57115 86.35
    endloop
  endfacet
  facet normal -0 0 1
    outer loop
      vertex -3.06418 2.57115 86.35
      vertex -3 1.73205 86.35
      vertex -2.82843 2.82843 86.35
    endloop
  endfacet
  facet normal 0 0 1
    outer loop
      vertex 3.27661 -2.2943 86.35
      vertex 3 -1.73205 86.35
      vertex 3.06418 -2.57115 86.35
    endloop
  endfacet
  facet normal 0 0 1
    outer loop
      vertex 3 -1.73205 86.35
      vertex 2.82843 -2.82843 86.35
      vertex 3.06418 -2.57115 86.35
    endloop
  endfacet
  facet normal 0 0 1
    outer loop
      vertex 3 -1.73205 86.35
      vertex 2.57115 -3.06418 86.35
      vertex 2.82843 -2.82843 86.35
    endloop
  endfacet
  facet normal 0 0 1
    outer loop
      vertex 3 -1.73205 86.35
      vertex 2.2943 -3.27661 86.35
      vertex 2.57115 -3.06418 86.35
    endloop
  endfacet
  facet normal 0 0 1
    outer loop
      vertex 3 -1.73205 86.35
      vertex 2 -3.4641 86.35
      vertex 2.2943 -3.27661 86.35
    endloop
  endfacet
  facet normal 0 0 1
    outer loop
      vertex 0 -3.4641 86.35
      vertex 2 -3.4641 86.35
      vertex 3 -1.73205 86.35
    endloop
  endfacet
  facet normal 0 0 1
    outer loop
      vertex 2 -3.4641 86.35
      vertex 0 -3.4641 86.35
      vertex 1.69047 -3.62523 86.35
    endloop
  endfacet
  facet normal 0 0 1
    outer loop
      vertex 1.69047 -3.62523 86.35
      vertex 0 -3.4641 86.35
      vertex 1.36808 -3.75877 86.35
    endloop
  endfacet
  facet normal 0 0 1
    outer loop
      vertex 1.36808 -3.75877 86.35
      vertex 0 -3.4641 86.35
      vertex 1.03528 -3.8637 86.35
    endloop
  endfacet
  facet normal 0 0 1
    outer loop
      vertex 1.03528 -3.8637 86.35
      vertex 0 -3.4641 86.35
      vertex 0.694592 -3.93923 86.35
    endloop
  endfacet
  facet normal 0 0 1
    outer loop
      vertex 0.694592 -3.93923 86.35
      vertex 0 -3.4641 86.35
      vertex 0.348622 -3.98478 86.35
    endloop
  endfacet
  facet normal 0 0 1
    outer loop
      vertex 0 -3.4641 86.35
      vertex 0 -4 86.35
      vertex 0.348622 -3.98478 86.35
    endloop
  endfacet
  facet normal 0 0 1
    outer loop
      vertex 0 -3.4641 86.35
      vertex -0.348622 -3.98478 86.35
      vertex 0 -4 86.35
    endloop
  endfacet
  facet normal 0 0 1
    outer loop
      vertex 0 -3.4641 86.35
      vertex -0.694592 -3.93923 86.35
      vertex -0.348622 -3.98478 86.35
    endloop
  endfacet
  facet normal 0 0 1
    outer loop
      vertex 0 -3.4641 86.35
      vertex -1.03528 -3.8637 86.35
      vertex -0.694592 -3.93923 86.35
    endloop
  endfacet
  facet normal 0 0 1
    outer loop
      vertex 0 -3.4641 86.35
      vertex -1.36808 -3.75877 86.35
      vertex -1.03528 -3.8637 86.35
    endloop
  endfacet
  facet normal 0 0 1
    outer loop
      vertex 0 -3.4641 86.35
      vertex -1.69047 -3.62523 86.35
      vertex -1.36808 -3.75877 86.35
    endloop
  endfacet
  facet normal 0 0 1
    outer loop
      vertex 0 -3.4641 86.35
      vertex -2 -3.4641 86.35
      vertex -1.69047 -3.62523 86.35
    endloop
  endfacet
  facet normal 0 0 1
    outer loop
      vertex -3 -1.73205 86.35
      vertex -2 -3.4641 86.35
      vertex 0 -3.4641 86.35
    endloop
  endfacet
  facet normal 0 0 1
    outer loop
      vertex -2 -3.4641 86.35
      vertex -3 -1.73205 86.35
      vertex -2.2943 -3.27661 86.35
    endloop
  endfacet
  facet normal 0 0 1
    outer loop
      vertex -2.2943 -3.27661 86.35
      vertex -3 -1.73205 86.35
      vertex -2.57115 -3.06418 86.35
    endloop
  endfacet
  facet normal 0 0 1
    outer loop
      vertex -2.57115 -3.06418 86.35
      vertex -3 -1.73205 86.35
      vertex -2.82843 -2.82843 86.35
    endloop
  endfacet
  facet normal 0 0 1
    outer loop
      vertex -3 -1.73205 86.35
      vertex -3.06418 -2.57115 86.35
      vertex -2.82843 -2.82843 86.35
    endloop
  endfacet
  facet normal -0 0 1
    outer loop
      vertex -3.4641 2 86.35
      vertex -3 1.73205 86.35
      vertex -3.27661 2.2943 86.35
    endloop
  endfacet
  facet normal 0 0 1
    outer loop
      vertex -3.62523 1.69047 86.35
      vertex -3 1.73205 86.35
      vertex -3.4641 2 86.35
    endloop
  endfacet
  facet normal 0 0 1
    outer loop
      vertex -3 -1.73205 86.35
      vertex -3.27661 -2.2943 86.35
      vertex -3.06418 -2.57115 86.35
    endloop
  endfacet
  facet normal 0 0 1
    outer loop
      vertex -3.75877 1.36808 86.35
      vertex -3 1.73205 86.35
      vertex -3.62523 1.69047 86.35
    endloop
  endfacet
  facet normal 0 0 1
    outer loop
      vertex -3 -1.73205 86.35
      vertex -3.4641 -2 86.35
      vertex -3.27661 -2.2943 86.35
    endloop
  endfacet
  facet normal 0 0 1
    outer loop
      vertex -3.8637 1.03528 86.35
      vertex -3 1.73205 86.35
      vertex -3.75877 1.36808 86.35
    endloop
  endfacet
  facet normal 0 0 1
    outer loop
      vertex -3 -1.73205 86.35
      vertex -3.62523 -1.69047 86.35
      vertex -3.4641 -2 86.35
    endloop
  endfacet
  facet normal 0 0 1
    outer loop
      vertex -3.93923 0.694592 86.35
      vertex -3 1.73205 86.35
      vertex -3.8637 1.03528 86.35
    endloop
  endfacet
  facet normal 0 0 1
    outer loop
      vertex -3 -1.73205 86.35
      vertex -3.75877 -1.36808 86.35
      vertex -3.62523 -1.69047 86.35
    endloop
  endfacet
  facet normal 0 0 1
    outer loop
      vertex -3.98478 0.348622 86.35
      vertex -3 1.73205 86.35
      vertex -3.93923 0.694592 86.35
    endloop
  endfacet
  facet normal 0 0 1
    outer loop
      vertex -3 -1.73205 86.35
      vertex -3.8637 -1.03528 86.35
      vertex -3.75877 -1.36808 86.35
    endloop
  endfacet
  facet normal 0 0 1
    outer loop
      vertex -4 0 86.35
      vertex -3 1.73205 86.35
      vertex -3.98478 0.348622 86.35
    endloop
  endfacet
  facet normal 0 0 1
    outer loop
      vertex -3 -1.73205 86.35
      vertex -3.93923 -0.694592 86.35
      vertex -3.8637 -1.03528 86.35
    endloop
  endfacet
  facet normal 0 0 1
    outer loop
      vertex -3 1.73205 86.35
      vertex -4 0 86.35
      vertex -3 -1.73205 86.35
    endloop
  endfacet
  facet normal 0 0 1
    outer loop
      vertex -3 -1.73205 86.35
      vertex -3.98478 -0.348622 86.35
      vertex -3.93923 -0.694592 86.35
    endloop
  endfacet
  facet normal 0 0 1
    outer loop
      vertex -3 -1.73205 86.35
      vertex -4 0 86.35
      vertex -3.98478 -0.348622 86.35
    endloop
  endfacet
  facet normal 0.701391 -0.0923325 0.706771
    outer loop
      vertex 4.98097 -0.435779 85.35
      vertex 3.93923 -0.694592 86.35
      vertex 4.92404 -0.86824 85.35
    endloop
  endfacet
  facet normal 0.430659 0.561258 0.706769
    outer loop
      vertex 3.21394 3.83022 85.35
      vertex 2.2943 3.27661 86.35
      vertex 2.57115 3.06418 86.35
    endloop
  endfacet
  facet normal 0.326659 -0.62751 0.706771
    outer loop
      vertex 2 -3.4641 86.35
      vertex 1.69047 -3.62523 86.35
      vertex 2.5 -4.33013 85.35
    endloop
  endfacet
  facet normal -0.561253 -0.430663 0.70677
    outer loop
      vertex -3.27661 -2.2943 86.35
      vertex -4.09576 -2.86788 85.35
      vertex -3.83022 -3.21394 85.35
    endloop
  endfacet
  facet normal 0.153117 0.690674 0.706771
    outer loop
      vertex 0.86824 4.92404 85.35
      vertex 0.694592 3.93923 86.35
      vertex 1.2941 4.82963 85.35
    endloop
  endfacet
  facet normal 0.030856 0.706772 0.706768
    outer loop
      vertex 0.435779 4.98097 85.35
      vertex 0 4 86.35
      vertex 0.348622 3.98478 86.35
    endloop
  endfacet
  facet normal -0.0308639 0.70677 0.70677
    outer loop
      vertex 0 5 85.35
      vertex -0.435779 4.98097 85.35
      vertex 0 4 86.35
    endloop
  endfacet
  facet normal -0.521588 0.47794 0.706767
    outer loop
      vertex -2.82843 2.82843 86.35
      vertex -3.53553 3.53553 85.35
      vertex -3.06418 2.57115 86.35
    endloop
  endfacet
  facet normal -0.627511 -0.326657 0.706771
    outer loop
      vertex -3.62523 -1.69047 86.35
      vertex -4.53154 -2.11309 85.35
      vertex -4.33013 -2.5 85.35
    endloop
  endfacet
  facet normal -0.561258 -0.430659 0.706769
    outer loop
      vertex -3.27661 -2.2943 86.35
      vertex -3.83022 -3.21394 85.35
      vertex -3.06418 -2.57115 86.35
    endloop
  endfacet
  facet normal 0.0308639 0.70677 0.70677
    outer loop
      vertex 0 5 85.35
      vertex 0 4 86.35
      vertex 0.435779 4.98097 85.35
    endloop
  endfacet
  facet normal -0.270721 0.653594 0.706771
    outer loop
      vertex -1.7101 4.69846 85.35
      vertex -2.11309 4.53154 85.35
      vertex -1.69047 3.62523 86.35
    endloop
  endfacet
  facet normal 0.030856 -0.706772 0.706768
    outer loop
      vertex 0.348622 -3.98478 86.35
      vertex 0 -4 86.35
      vertex 0.435779 -4.98097 85.35
    endloop
  endfacet
  facet normal -0.690674 -0.153117 0.706771
    outer loop
      vertex -3.93923 -0.694592 86.35
      vertex -4.92404 -0.86824 85.35
      vertex -4.82963 -1.2941 85.35
    endloop
  endfacet
  facet normal -0.030856 -0.706772 0.706768
    outer loop
      vertex -0.348622 -3.98478 86.35
      vertex -0.435779 -4.98097 85.35
      vertex 0 -4 86.35
    endloop
  endfacet
  facet normal -0.561253 0.430663 0.70677
    outer loop
      vertex -3.83022 3.21394 85.35
      vertex -4.09576 2.86788 85.35
      vertex -3.27661 2.2943 86.35
    endloop
  endfacet
  facet normal -0.27073 -0.653592 0.706769
    outer loop
      vertex -1.69047 -3.62523 86.35
      vertex -1.7101 -4.69846 85.35
      vertex -1.36808 -3.75877 86.35
    endloop
  endfacet
  facet normal -0.326657 -0.627511 0.706771
    outer loop
      vertex -1.69047 -3.62523 86.35
      vertex -2.5 -4.33013 85.35
      vertex -2.11309 -4.53154 85.35
    endloop
  endfacet
  facet normal 0.521588 0.47794 0.706767
    outer loop
      vertex 3.53553 3.53553 85.35
      vertex 2.82843 2.82843 86.35
      vertex 3.06418 2.57115 86.35
    endloop
  endfacet
  facet normal -0.59665 0.380109 0.706771
    outer loop
      vertex -3.27661 2.2943 86.35
      vertex -4.33013 2.5 85.35
      vertex -3.4641 2 86.35
    endloop
  endfacet
  facet normal 0.212729 0.6747 0.706772
    outer loop
      vertex 1.2941 4.82963 85.35
      vertex 1.03528 3.8637 86.35
      vertex 1.36808 3.75877 86.35
    endloop
  endfacet
  facet normal 0.653594 -0.270721 0.706771
    outer loop
      vertex 4.69846 -1.7101 85.35
      vertex 3.62523 -1.69047 86.35
      vertex 4.53154 -2.11309 85.35
    endloop
  endfacet
  facet normal -0.70677 -0.0308639 0.70677
    outer loop
      vertex -4 0 86.35
      vertex -5 0 85.35
      vertex -4.98097 -0.435779 85.35
    endloop
  endfacet
  facet normal -0.706772 -0.030856 0.706768
    outer loop
      vertex -4 0 86.35
      vertex -4.98097 -0.435779 85.35
      vertex -3.98478 -0.348622 86.35
    endloop
  endfacet
  facet normal -0.690674 0.153117 0.706771
    outer loop
      vertex -4.82963 1.2941 85.35
      vertex -4.92404 0.86824 85.35
      vertex -3.93923 0.694592 86.35
    endloop
  endfacet
  facet normal -0.701391 0.0923325 0.706771
    outer loop
      vertex -4.92404 0.86824 85.35
      vertex -4.98097 0.435779 85.35
      vertex -3.93923 0.694592 86.35
    endloop
  endfacet
  facet normal 0.212741 0.674699 0.706769
    outer loop
      vertex 1.7101 4.69846 85.35
      vertex 1.2941 4.82963 85.35
      vertex 1.36808 3.75877 86.35
    endloop
  endfacet
  facet normal -0.596648 -0.380114 0.70677
    outer loop
      vertex -3.27661 -2.2943 86.35
      vertex -4.33013 -2.5 85.35
      vertex -4.09576 -2.86788 85.35
    endloop
  endfacet
  facet normal -0.380109 0.59665 0.706771
    outer loop
      vertex -2 3.4641 86.35
      vertex -2.5 4.33013 85.35
      vertex -2.2943 3.27661 86.35
    endloop
  endfacet
  facet normal -0.0308639 -0.70677 0.70677
    outer loop
      vertex 0 -4 86.35
      vertex -0.435779 -4.98097 85.35
      vertex 0 -5 85.35
    endloop
  endfacet
  facet normal 0.47794 0.521588 0.706767
    outer loop
      vertex 3.53553 3.53553 85.35
      vertex 2.57115 3.06418 86.35
      vertex 2.82843 2.82843 86.35
    endloop
  endfacet
  facet normal 0 0 -1
    outer loop
      vertex 3 -1.73205 85.35
      vertex 5 0 85.35
      vertex 4.98097 -0.435779 85.35
    endloop
  endfacet
  facet normal 0 0 -1
    outer loop
      vertex 3 -1.73205 85.35
      vertex 4.98097 -0.435779 85.35
      vertex 4.92404 -0.86824 85.35
    endloop
  endfacet
  facet normal 0 0 -1
    outer loop
      vertex 3 1.73205 85.35
      vertex 5 0 85.35
      vertex 3 -1.73205 85.35
    endloop
  endfacet
  facet normal 0 0 -1
    outer loop
      vertex 3 -1.73205 85.35
      vertex 4.92404 -0.86824 85.35
      vertex 4.82963 -1.2941 85.35
    endloop
  endfacet
  facet normal 0 0 -1
    outer loop
      vertex 5 0 85.35
      vertex 3 1.73205 85.35
      vertex 4.98097 0.435779 85.35
    endloop
  endfacet
  facet normal 0 0 -1
    outer loop
      vertex 3 -1.73205 85.35
      vertex 4.82963 -1.2941 85.35
      vertex 4.69846 -1.7101 85.35
    endloop
  endfacet
  facet normal 0 0 -1
    outer loop
      vertex 4.98097 0.435779 85.35
      vertex 3 1.73205 85.35
      vertex 4.92404 0.86824 85.35
    endloop
  endfacet
  facet normal 0 0 -1
    outer loop
      vertex 3 -1.73205 85.35
      vertex 4.69846 -1.7101 85.35
      vertex 4.53154 -2.11309 85.35
    endloop
  endfacet
  facet normal 0 0 -1
    outer loop
      vertex 4.92404 0.86824 85.35
      vertex 3 1.73205 85.35
      vertex 4.82963 1.2941 85.35
    endloop
  endfacet
  facet normal 0 0 -1
    outer loop
      vertex 3 -1.73205 85.35
      vertex 4.53154 -2.11309 85.35
      vertex 4.33013 -2.5 85.35
    endloop
  endfacet
  facet normal 0 0 -1
    outer loop
      vertex 4.82963 1.2941 85.35
      vertex 3 1.73205 85.35
      vertex 4.69846 1.7101 85.35
    endloop
  endfacet
  facet normal 0 0 -1
    outer loop
      vertex 3 -1.73205 85.35
      vertex 4.33013 -2.5 85.35
      vertex 4.09576 -2.86788 85.35
    endloop
  endfacet
  facet normal 0 0 -1
    outer loop
      vertex 4.69846 1.7101 85.35
      vertex 3 1.73205 85.35
      vertex 4.53154 2.11309 85.35
    endloop
  endfacet
  facet normal 0 0 -1
    outer loop
      vertex 3 -1.73205 85.35
      vertex 4.09576 -2.86788 85.35
      vertex 3.83022 -3.21394 85.35
    endloop
  endfacet
  facet normal -0 0 -1
    outer loop
      vertex 4.53154 2.11309 85.35
      vertex 3 1.73205 85.35
      vertex 4.33013 2.5 85.35
    endloop
  endfacet
  facet normal 0 0 -1
    outer loop
      vertex 3 -1.73205 85.35
      vertex 3.83022 -3.21394 85.35
      vertex 3.53553 -3.53553 85.35
    endloop
  endfacet
  facet normal -0 0 -1
    outer loop
      vertex 4.33013 2.5 85.35
      vertex 3 1.73205 85.35
      vertex 4.09576 2.86788 85.35
    endloop
  endfacet
  facet normal 0 0 -1
    outer loop
      vertex 3 -1.73205 85.35
      vertex 3.53553 -3.53553 85.35
      vertex 3.21394 -3.83022 85.35
    endloop
  endfacet
  facet normal -0 0 -1
    outer loop
      vertex 4.09576 2.86788 85.35
      vertex 3 1.73205 85.35
      vertex 3.83022 3.21394 85.35
    endloop
  endfacet
  facet normal -0 0 -1
    outer loop
      vertex 3.83022 3.21394 85.35
      vertex 3 1.73205 85.35
      vertex 3.53553 3.53553 85.35
    endloop
  endfacet
  facet normal 0 0 -1
    outer loop
      vertex 2.86788 -4.09576 85.35
      vertex 3 -1.73205 85.35
      vertex 3.21394 -3.83022 85.35
    endloop
  endfacet
  facet normal 0 0 -1
    outer loop
      vertex 2.5 -4.33013 85.35
      vertex 3 -1.73205 85.35
      vertex 2.86788 -4.09576 85.35
    endloop
  endfacet
  facet normal 0 0 -1
    outer loop
      vertex 0 -3.4641 85.35
      vertex 2.5 -4.33013 85.35
      vertex 2.11309 -4.53154 85.35
    endloop
  endfacet
  facet normal 0 0 -1
    outer loop
      vertex 0 -3.4641 85.35
      vertex 2.11309 -4.53154 85.35
      vertex 1.7101 -4.69846 85.35
    endloop
  endfacet
  facet normal 0 0 -1
    outer loop
      vertex 0 -3.4641 85.35
      vertex 1.7101 -4.69846 85.35
      vertex 1.2941 -4.82963 85.35
    endloop
  endfacet
  facet normal 0 0 -1
    outer loop
      vertex 0 -3.4641 85.35
      vertex 1.2941 -4.82963 85.35
      vertex 0.86824 -4.92404 85.35
    endloop
  endfacet
  facet normal 0 0 -1
    outer loop
      vertex 0 -3.4641 85.35
      vertex 0.86824 -4.92404 85.35
      vertex 0.435779 -4.98097 85.35
    endloop
  endfacet
  facet normal 0 0 -1
    outer loop
      vertex 0 -3.4641 85.35
      vertex 0.435779 -4.98097 85.35
      vertex 0 -5 85.35
    endloop
  endfacet
  facet normal 0 0 -1
    outer loop
      vertex 2.5 -4.33013 85.35
      vertex 0 -3.4641 85.35
      vertex 3 -1.73205 85.35
    endloop
  endfacet
  facet normal 0 0 -1
    outer loop
      vertex -0.435779 -4.98097 85.35
      vertex 0 -3.4641 85.35
      vertex 0 -5 85.35
    endloop
  endfacet
  facet normal 0 0 -1
    outer loop
      vertex -0.86824 -4.92404 85.35
      vertex 0 -3.4641 85.35
      vertex -0.435779 -4.98097 85.35
    endloop
  endfacet
  facet normal 0 0 -1
    outer loop
      vertex -1.2941 -4.82963 85.35
      vertex 0 -3.4641 85.35
      vertex -0.86824 -4.92404 85.35
    endloop
  endfacet
  facet normal 0 0 -1
    outer loop
      vertex -1.7101 -4.69846 85.35
      vertex 0 -3.4641 85.35
      vertex -1.2941 -4.82963 85.35
    endloop
  endfacet
  facet normal 0 0 -1
    outer loop
      vertex -2.11309 -4.53154 85.35
      vertex 0 -3.4641 85.35
      vertex -1.7101 -4.69846 85.35
    endloop
  endfacet
  facet normal 0 0 -1
    outer loop
      vertex -2.5 -4.33013 85.35
      vertex 0 -3.4641 85.35
      vertex -2.11309 -4.53154 85.35
    endloop
  endfacet
  facet normal 0 0 -1
    outer loop
      vertex -3 -1.73205 85.35
      vertex -2.5 -4.33013 85.35
      vertex -2.86788 -4.09576 85.35
    endloop
  endfacet
  facet normal 0 0 -1
    outer loop
      vertex -2.5 -4.33013 85.35
      vertex -3 -1.73205 85.35
      vertex 0 -3.4641 85.35
    endloop
  endfacet
  facet normal 0 0 -1
    outer loop
      vertex -3.53553 -3.53553 85.35
      vertex -3 -1.73205 85.35
      vertex -3.21394 -3.83022 85.35
    endloop
  endfacet
  facet normal 0 0 -1
    outer loop
      vertex -3.21394 -3.83022 85.35
      vertex -3 -1.73205 85.35
      vertex -2.86788 -4.09576 85.35
    endloop
  endfacet
  facet normal -0 0 -1
    outer loop
      vertex 3.53553 3.53553 85.35
      vertex 3 1.73205 85.35
      vertex 3.21394 3.83022 85.35
    endloop
  endfacet
  facet normal 0 0 -1
    outer loop
      vertex 3 1.73205 85.35
      vertex 2.86788 4.09576 85.35
      vertex 3.21394 3.83022 85.35
    endloop
  endfacet
  facet normal 0 0 -1
    outer loop
      vertex 3 1.73205 85.35
      vertex 2.5 4.33013 85.35
      vertex 2.86788 4.09576 85.35
    endloop
  endfacet
  facet normal 0 0 -1
    outer loop
      vertex 0 3.4641 85.35
      vertex 2.5 4.33013 85.35
      vertex 3 1.73205 85.35
    endloop
  endfacet
  facet normal -0 0 -1
    outer loop
      vertex 2.5 4.33013 85.35
      vertex 0 3.4641 85.35
      vertex 2.11309 4.53154 85.35
    endloop
  endfacet
  facet normal -0 0 -1
    outer loop
      vertex 2.11309 4.53154 85.35
      vertex 0 3.4641 85.35
      vertex 1.7101 4.69846 85.35
    endloop
  endfacet
  facet normal -0 0 -1
    outer loop
      vertex 1.7101 4.69846 85.35
      vertex 0 3.4641 85.35
      vertex 1.2941 4.82963 85.35
    endloop
  endfacet
  facet normal -0 0 -1
    outer loop
      vertex 1.2941 4.82963 85.35
      vertex 0 3.4641 85.35
      vertex 0.86824 4.92404 85.35
    endloop
  endfacet
  facet normal -0 0 -1
    outer loop
      vertex 0.86824 4.92404 85.35
      vertex 0 3.4641 85.35
      vertex 0.435779 4.98097 85.35
    endloop
  endfacet
  facet normal 0 0 -1
    outer loop
      vertex 0 3.4641 85.35
      vertex 0 5 85.35
      vertex 0.435779 4.98097 85.35
    endloop
  endfacet
  facet normal 0 0 -1
    outer loop
      vertex 0 3.4641 85.35
      vertex -0.435779 4.98097 85.35
      vertex 0 5 85.35
    endloop
  endfacet
  facet normal 0 0 -1
    outer loop
      vertex 0 3.4641 85.35
      vertex -0.86824 4.92404 85.35
      vertex -0.435779 4.98097 85.35
    endloop
  endfacet
  facet normal 0 0 -1
    outer loop
      vertex 0 3.4641 85.35
      vertex -1.2941 4.82963 85.35
      vertex -0.86824 4.92404 85.35
    endloop
  endfacet
  facet normal 0 0 -1
    outer loop
      vertex 0 3.4641 85.35
      vertex -1.7101 4.69846 85.35
      vertex -1.2941 4.82963 85.35
    endloop
  endfacet
  facet normal 0 0 -1
    outer loop
      vertex 0 3.4641 85.35
      vertex -2.11309 4.53154 85.35
      vertex -1.7101 4.69846 85.35
    endloop
  endfacet
  facet normal 0 0 -1
    outer loop
      vertex 0 3.4641 85.35
      vertex -2.5 4.33013 85.35
      vertex -2.11309 4.53154 85.35
    endloop
  endfacet
  facet normal 0 0 -1
    outer loop
      vertex -3 1.73205 85.35
      vertex -2.5 4.33013 85.35
      vertex 0 3.4641 85.35
    endloop
  endfacet
  facet normal 0 0 -1
    outer loop
      vertex -2.5 4.33013 85.35
      vertex -3 1.73205 85.35
      vertex -2.86788 4.09576 85.35
    endloop
  endfacet
  facet normal 0 0 -1
    outer loop
      vertex -3 1.73205 85.35
      vertex -3.21394 3.83022 85.35
      vertex -2.86788 4.09576 85.35
    endloop
  endfacet
  facet normal 0 0 -1
    outer loop
      vertex -3.83022 -3.21394 85.35
      vertex -3 -1.73205 85.35
      vertex -3.53553 -3.53553 85.35
    endloop
  endfacet
  facet normal 0 0 -1
    outer loop
      vertex -4.09576 -2.86788 85.35
      vertex -3 -1.73205 85.35
      vertex -3.83022 -3.21394 85.35
    endloop
  endfacet
  facet normal 0 0 -1
    outer loop
      vertex -3 1.73205 85.35
      vertex -3.53553 3.53553 85.35
      vertex -3.21394 3.83022 85.35
    endloop
  endfacet
  facet normal 0 0 -1
    outer loop
      vertex -4.33013 -2.5 85.35
      vertex -3 -1.73205 85.35
      vertex -4.09576 -2.86788 85.35
    endloop
  endfacet
  facet normal 0 0 -1
    outer loop
      vertex -3 1.73205 85.35
      vertex -3.83022 3.21394 85.35
      vertex -3.53553 3.53553 85.35
    endloop
  endfacet
  facet normal 0 0 -1
    outer loop
      vertex -4.53154 -2.11309 85.35
      vertex -3 -1.73205 85.35
      vertex -4.33013 -2.5 85.35
    endloop
  endfacet
  facet normal 0 0 -1
    outer loop
      vertex -3 1.73205 85.35
      vertex -4.09576 2.86788 85.35
      vertex -3.83022 3.21394 85.35
    endloop
  endfacet
  facet normal 0 0 -1
    outer loop
      vertex -4.69846 -1.7101 85.35
      vertex -3 -1.73205 85.35
      vertex -4.53154 -2.11309 85.35
    endloop
  endfacet
  facet normal 0 0 -1
    outer loop
      vertex -3 1.73205 85.35
      vertex -4.33013 2.5 85.35
      vertex -4.09576 2.86788 85.35
    endloop
  endfacet
  facet normal 0 0 -1
    outer loop
      vertex -4.82963 -1.2941 85.35
      vertex -3 -1.73205 85.35
      vertex -4.69846 -1.7101 85.35
    endloop
  endfacet
  facet normal 0 0 -1
    outer loop
      vertex -3 1.73205 85.35
      vertex -4.53154 2.11309 85.35
      vertex -4.33013 2.5 85.35
    endloop
  endfacet
  facet normal 0 0 -1
    outer loop
      vertex -4.92404 -0.86824 85.35
      vertex -3 -1.73205 85.35
      vertex -4.82963 -1.2941 85.35
    endloop
  endfacet
  facet normal -0 0 -1
    outer loop
      vertex -3 1.73205 85.35
      vertex -4.69846 1.7101 85.35
      vertex -4.53154 2.11309 85.35
    endloop
  endfacet
  facet normal 0 0 -1
    outer loop
      vertex -4.98097 -0.435779 85.35
      vertex -3 -1.73205 85.35
      vertex -4.92404 -0.86824 85.35
    endloop
  endfacet
  facet normal 0 0 -1
    outer loop
      vertex -3 1.73205 85.35
      vertex -4.82963 1.2941 85.35
      vertex -4.69846 1.7101 85.35
    endloop
  endfacet
  facet normal 0 0 -1
    outer loop
      vertex -5 0 85.35
      vertex -3 -1.73205 85.35
      vertex -4.98097 -0.435779 85.35
    endloop
  endfacet
  facet normal 0 0 -1
    outer loop
      vertex -3 1.73205 85.35
      vertex -4.92404 0.86824 85.35
      vertex -4.82963 1.2941 85.35
    endloop
  endfacet
  facet normal 0 0 -1
    outer loop
      vertex -3 -1.73205 85.35
      vertex -5 0 85.35
      vertex -3 1.73205 85.35
    endloop
  endfacet
  facet normal 0 0 -1
    outer loop
      vertex -3 1.73205 85.35
      vertex -4.98097 0.435779 85.35
      vertex -4.92404 0.86824 85.35
    endloop
  endfacet
  facet normal 0 0 -1
    outer loop
      vertex -3 1.73205 85.35
      vertex -5 0 85.35
      vertex -4.98097 0.435779 85.35
    endloop
  endfacet
  facet normal 0.561258 -0.430659 0.706769
    outer loop
      vertex 3.27661 -2.2943 86.35
      vertex 3.06418 -2.57115 86.35
      vertex 3.83022 -3.21394 85.35
    endloop
  endfacet
  facet normal -0.561258 0.430659 0.706769
    outer loop
      vertex -3.06418 2.57115 86.35
      vertex -3.83022 3.21394 85.35
      vertex -3.27661 2.2943 86.35
    endloop
  endfacet
  facet normal 0.59665 0.380109 0.706771
    outer loop
      vertex 4.33013 2.5 85.35
      vertex 3.27661 2.2943 86.35
      vertex 3.4641 2 86.35
    endloop
  endfacet
  facet normal 0.653592 -0.27073 0.706769
    outer loop
      vertex 3.75877 -1.36808 86.35
      vertex 3.62523 -1.69047 86.35
      vertex 4.69846 -1.7101 85.35
    endloop
  endfacet
  facet normal 0.674699 -0.212741 0.706769
    outer loop
      vertex 4.82963 -1.2941 85.35
      vertex 3.75877 -1.36808 86.35
      vertex 4.69846 -1.7101 85.35
    endloop
  endfacet
  facet normal 0.706772 0.030856 0.706768
    outer loop
      vertex 4.98097 0.435779 85.35
      vertex 3.98478 0.348622 86.35
      vertex 4 0 86.35
    endloop
  endfacet
  facet normal -0.0923445 -0.701392 0.706768
    outer loop
      vertex -0.348622 -3.98478 86.35
      vertex -0.694592 -3.93923 86.35
      vertex -0.435779 -4.98097 85.35
    endloop
  endfacet
  facet normal 0.430663 -0.561253 0.70677
    outer loop
      vertex 3.21394 -3.83022 85.35
      vertex 2.2943 -3.27661 86.35
      vertex 2.86788 -4.09576 85.35
    endloop
  endfacet
  facet normal 0.701392 -0.0923445 0.706768
    outer loop
      vertex 3.98478 -0.348622 86.35
      vertex 3.93923 -0.694592 86.35
      vertex 4.98097 -0.435779 85.35
    endloop
  endfacet
  facet normal 0.706772 -0.030856 0.706768
    outer loop
      vertex 4 0 86.35
      vertex 3.98478 -0.348622 86.35
      vertex 4.98097 -0.435779 85.35
    endloop
  endfacet
  facet normal -0.596648 0.380114 0.70677
    outer loop
      vertex -4.09576 2.86788 85.35
      vertex -4.33013 2.5 85.35
      vertex -3.27661 2.2943 86.35
    endloop
  endfacet
  facet normal 0.0923445 -0.701392 0.706768
    outer loop
      vertex 0.694592 -3.93923 86.35
      vertex 0.348622 -3.98478 86.35
      vertex 0.435779 -4.98097 85.35
    endloop
  endfacet
  facet normal 0.380114 0.596648 0.70677
    outer loop
      vertex 2.5 4.33013 85.35
      vertex 2.2943 3.27661 86.35
      vertex 2.86788 4.09576 85.35
    endloop
  endfacet
  facet normal -0.380114 0.596648 0.70677
    outer loop
      vertex -2.5 4.33013 85.35
      vertex -2.86788 4.09576 85.35
      vertex -2.2943 3.27661 86.35
    endloop
  endfacet
  facet normal 0.27073 0.653592 0.706769
    outer loop
      vertex 1.7101 4.69846 85.35
      vertex 1.36808 3.75877 86.35
      vertex 1.69047 3.62523 86.35
    endloop
  endfacet
  facet normal 0.380109 -0.59665 0.706771
    outer loop
      vertex 2.2943 -3.27661 86.35
      vertex 2 -3.4641 86.35
      vertex 2.5 -4.33013 85.35
    endloop
  endfacet
  facet normal -0.521577 0.477949 0.706769
    outer loop
      vertex -3.53553 3.53553 85.35
      vertex -3.83022 3.21394 85.35
      vertex -3.06418 2.57115 86.35
    endloop
  endfacet
  facet normal -0.706772 0.030856 0.706768
    outer loop
      vertex -3.98478 0.348622 86.35
      vertex -4.98097 0.435779 85.35
      vertex -4 0 86.35
    endloop
  endfacet
  facet normal -0.212729 -0.6747 0.706772
    outer loop
      vertex -1.03528 -3.8637 86.35
      vertex -1.36808 -3.75877 86.35
      vertex -1.2941 -4.82963 85.35
    endloop
  endfacet
  facet normal 0.0923325 0.701391 0.706771
    outer loop
      vertex 0.86824 4.92404 85.35
      vertex 0.435779 4.98097 85.35
      vertex 0.694592 3.93923 86.35
    endloop
  endfacet
  facet normal -0.701392 -0.0923445 0.706768
    outer loop
      vertex -3.98478 -0.348622 86.35
      vertex -4.98097 -0.435779 85.35
      vertex -3.93923 -0.694592 86.35
    endloop
  endfacet
  facet normal -0.521588 -0.47794 0.706767
    outer loop
      vertex -3.06418 -2.57115 86.35
      vertex -3.53553 -3.53553 85.35
      vertex -2.82843 -2.82843 86.35
    endloop
  endfacet
  facet normal -0.430659 0.561258 0.706769
    outer loop
      vertex -2.2943 3.27661 86.35
      vertex -3.21394 3.83022 85.35
      vertex -2.57115 3.06418 86.35
    endloop
  endfacet
  facet normal -0.477949 -0.521577 0.706769
    outer loop
      vertex -2.57115 -3.06418 86.35
      vertex -3.53553 -3.53553 85.35
      vertex -3.21394 -3.83022 85.35
    endloop
  endfacet
  facet normal -0.430659 -0.561258 0.706769
    outer loop
      vertex -2.57115 -3.06418 86.35
      vertex -3.21394 -3.83022 85.35
      vertex -2.2943 -3.27661 86.35
    endloop
  endfacet
  facet normal 0.0308639 -0.70677 0.70677
    outer loop
      vertex 0 -4 86.35
      vertex 0 -5 85.35
      vertex 0.435779 -4.98097 85.35
    endloop
  endfacet
  facet normal -0.47794 -0.521588 0.706767
    outer loop
      vertex -2.82843 -2.82843 86.35
      vertex -3.53553 -3.53553 85.35
      vertex -2.57115 -3.06418 86.35
    endloop
  endfacet
  facet normal -0.59665 -0.380109 0.706771
    outer loop
      vertex -3.4641 -2 86.35
      vertex -4.33013 -2.5 85.35
      vertex -3.27661 -2.2943 86.35
    endloop
  endfacet
  facet normal 0.153121 -0.690672 0.706772
    outer loop
      vertex 1.03528 -3.8637 86.35
      vertex 0.694592 -3.93923 86.35
      vertex 1.2941 -4.82963 85.35
    endloop
  endfacet
  facet normal -0.153121 0.690672 0.706772
    outer loop
      vertex -0.694592 3.93923 86.35
      vertex -1.2941 4.82963 85.35
      vertex -1.03528 3.8637 86.35
    endloop
  endfacet
  facet normal -0.653592 -0.27073 0.706769
    outer loop
      vertex -3.75877 -1.36808 86.35
      vertex -4.69846 -1.7101 85.35
      vertex -3.62523 -1.69047 86.35
    endloop
  endfacet
  facet normal -0.674699 -0.212741 0.706769
    outer loop
      vertex -3.75877 -1.36808 86.35
      vertex -4.82963 -1.2941 85.35
      vertex -4.69846 -1.7101 85.35
    endloop
  endfacet
  facet normal 0.62751 0.326659 0.706771
    outer loop
      vertex 4.33013 2.5 85.35
      vertex 3.4641 2 86.35
      vertex 3.62523 1.69047 86.35
    endloop
  endfacet
  facet normal -0.326659 -0.62751 0.706771
    outer loop
      vertex -2 -3.4641 86.35
      vertex -2.5 -4.33013 85.35
      vertex -1.69047 -3.62523 86.35
    endloop
  endfacet
  facet normal 0.430663 0.561253 0.70677
    outer loop
      vertex 2.86788 4.09576 85.35
      vertex 2.2943 3.27661 86.35
      vertex 3.21394 3.83022 85.35
    endloop
  endfacet
  facet normal -0.380114 -0.596648 0.70677
    outer loop
      vertex -2.2943 -3.27661 86.35
      vertex -2.86788 -4.09576 85.35
      vertex -2.5 -4.33013 85.35
    endloop
  endfacet
  facet normal -0.380109 -0.59665 0.706771
    outer loop
      vertex -2.2943 -3.27661 86.35
      vertex -2.5 -4.33013 85.35
      vertex -2 -3.4641 86.35
    endloop
  endfacet
  facet normal -0.212729 0.6747 0.706772
    outer loop
      vertex -1.2941 4.82963 85.35
      vertex -1.36808 3.75877 86.35
      vertex -1.03528 3.8637 86.35
    endloop
  endfacet
  facet normal 0.430659 -0.561258 0.706769
    outer loop
      vertex 2.57115 -3.06418 86.35
      vertex 2.2943 -3.27661 86.35
      vertex 3.21394 -3.83022 85.35
    endloop
  endfacet
  facet normal -0.690672 -0.153121 0.706772
    outer loop
      vertex -3.93923 -0.694592 86.35
      vertex -4.82963 -1.2941 85.35
      vertex -3.8637 -1.03528 86.35
    endloop
  endfacet
  facet normal -0.701391 -0.0923325 0.706771
    outer loop
      vertex -3.93923 -0.694592 86.35
      vertex -4.98097 -0.435779 85.35
      vertex -4.92404 -0.86824 85.35
    endloop
  endfacet
  facet normal 0.707107 0 -0.707107
    outer loop
      vertex 13 -2 71.35
      vertex 8 2 66.35
      vertex 13 2 71.35
    endloop
  endfacet
  facet normal 0.707107 0 -0.707107
    outer loop
      vertex 8 2 66.35
      vertex 13 -2 71.35
      vertex 8 -2 66.35
    endloop
  endfacet
  facet normal 0 1 -0
    outer loop
      vertex 13 2 71.35
      vertex 8.76635 2 75.35
      vertex 13 2 75.35
    endloop
  endfacet
  facet normal 0 1 0
    outer loop
      vertex 13 2 71.35
      vertex 8.76635 2 69.35
      vertex 8.76635 2 75.35
    endloop
  endfacet
  facet normal 0 1 0
    outer loop
      vertex 8.76635 2 69.35
      vertex 8 2 68.6092
      vertex 8.75614 2 69.35
    endloop
  endfacet
  facet normal 0 1 0
    outer loop
      vertex 8 2 66.35
      vertex 8.76635 2 69.35
      vertex 13 2 71.35
    endloop
  endfacet
  facet normal 0 1 0
    outer loop
      vertex 8.76635 2 69.35
      vertex 8 2 66.35
      vertex 8 2 68.6092
    endloop
  endfacet
  facet normal -1 0 0
    outer loop
      vertex 8 2 66.35
      vertex 8 1.50532 68.5018
      vertex 8 2 68.6092
    endloop
  endfacet
  facet normal -1 0 0
    outer loop
      vertex 8 2 66.35
      vertex 8 1.41062 68.4812
      vertex 8 1.50532 68.5018
    endloop
  endfacet
  facet normal -1 0 0
    outer loop
      vertex 8 2 66.35
      vertex 8 1.31222 68.4683
      vertex 8 1.41062 68.4812
    endloop
  endfacet
  facet normal -1 0 0
    outer loop
      vertex 8 2 66.35
      vertex 8 0.699909 68.3881
      vertex 8 1.31222 68.4683
    endloop
  endfacet
  facet normal -1 0 0
    outer loop
      vertex 8 2 66.35
      vertex 8 0.108429 68.3622
      vertex 8 0.699909 68.3881
    endloop
  endfacet
  facet normal -1 0 0
    outer loop
      vertex 8 2 66.35
      vertex 8 0 68.3575
      vertex 8 0.108429 68.3622
    endloop
  endfacet
  facet normal -1 0 0
    outer loop
      vertex 8 -2 66.35
      vertex 8 0 68.3575
      vertex 8 2 66.35
    endloop
  endfacet
  facet normal -1 -0 0
    outer loop
      vertex 8 0 68.3575
      vertex 8 -2 66.35
      vertex 8 -0.108429 68.3622
    endloop
  endfacet
  facet normal -1 -0 0
    outer loop
      vertex 8 -0.108429 68.3622
      vertex 8 -2 66.35
      vertex 8 -0.699909 68.3881
    endloop
  endfacet
  facet normal -1 -0 0
    outer loop
      vertex 8 -0.699909 68.3881
      vertex 8 -2 66.35
      vertex 8 -1.31222 68.4683
    endloop
  endfacet
  facet normal -1 -0 0
    outer loop
      vertex 8 -1.31222 68.4683
      vertex 8 -2 66.35
      vertex 8 -1.41062 68.4812
    endloop
  endfacet
  facet normal -1 -0 0
    outer loop
      vertex 8 -1.41062 68.4812
      vertex 8 -2 66.35
      vertex 8 -1.50532 68.5018
    endloop
  endfacet
  facet normal -1 -0 0
    outer loop
      vertex 8 -1.50532 68.5018
      vertex 8 -2 66.35
      vertex 8 -2 68.6092
    endloop
  endfacet
  facet normal 0 -1 -0
    outer loop
      vertex 8.75614 -2 69.35
      vertex 8 -2 68.6092
      vertex 8.76635 -2 69.35
    endloop
  endfacet
  facet normal 0 -1 0
    outer loop
      vertex 8.76635 -2 75.35
      vertex 13 -2 71.35
      vertex 13 -2 75.35
    endloop
  endfacet
  facet normal 0 -1 0
    outer loop
      vertex 8.76635 -2 69.35
      vertex 13 -2 71.35
      vertex 8.76635 -2 75.35
    endloop
  endfacet
  facet normal 0 -1 0
    outer loop
      vertex 8 -2 66.35
      vertex 8.76635 -2 69.35
      vertex 8 -2 68.6092
    endloop
  endfacet
  facet normal 0 -1 -0
    outer loop
      vertex 8.76635 -2 69.35
      vertex 8 -2 66.35
      vertex 13 -2 71.35
    endloop
  endfacet
  facet normal 0 0 1
    outer loop
      vertex 13 2 75.35
      vertex 9 0 75.35
      vertex 13 -2 75.35
    endloop
  endfacet
  facet normal 0 0 1
    outer loop
      vertex 13 2 75.35
      vertex 8.96575 0.784401 75.35
      vertex 9 0 75.35
    endloop
  endfacet
  facet normal 0 0 1
    outer loop
      vertex 13 2 75.35
      vertex 8.86327 1.56283 75.35
      vertex 8.96575 0.784401 75.35
    endloop
  endfacet
  facet normal 0 -0 1
    outer loop
      vertex 8.86327 1.56283 75.35
      vertex 13 2 75.35
      vertex 8.76635 2 75.35
    endloop
  endfacet
  facet normal -0 0 1
    outer loop
      vertex 8.96575 -0.784401 75.35
      vertex 13 -2 75.35
      vertex 9 0 75.35
    endloop
  endfacet
  facet normal -0 0 1
    outer loop
      vertex 8.86327 -1.56283 75.35
      vertex 13 -2 75.35
      vertex 8.96575 -0.784401 75.35
    endloop
  endfacet
  facet normal 0 0 1
    outer loop
      vertex 13 -2 75.35
      vertex 8.86327 -1.56283 75.35
      vertex 8.76635 -2 75.35
    endloop
  endfacet
  facet normal 1 -0 0
    outer loop
      vertex 13 -2 75.35
      vertex 13 2 71.35
      vertex 13 2 75.35
    endloop
  endfacet
  facet normal 1 0 0
    outer loop
      vertex 13 2 71.35
      vertex 13 -2 75.35
      vertex 13 -2 71.35
    endloop
  endfacet
  facet normal 0 1 -0
    outer loop
      vertex 2.64119 3 5.72205e-07
      vertex -2.64119 3 11.5
      vertex 2.64119 3 11.5
    endloop
  endfacet
  facet normal 0 1 0
    outer loop
      vertex -2.64119 3 11.5
      vertex 2.64119 3 5.72205e-07
      vertex -2.64119 3 5.72205e-07
    endloop
  endfacet
  facet normal -0.991443 -0.130542 0
    outer loop
      vertex 1.69353 0.148165 5.72205e-07
      vertex 1.67417 0.295201 83.35
      vertex 1.67417 0.295201 5.72205e-07
    endloop
  endfacet
  facet normal -0.991443 -0.130542 0
    outer loop
      vertex 1.67417 0.295201 83.35
      vertex 1.69353 0.148165 5.72205e-07
      vertex 1.69353 0.148165 83.35
    endloop
  endfacet
  facet normal -0.999048 -0.043626 0
    outer loop
      vertex 1.7 0 5.72205e-07
      vertex 1.69353 0.148165 83.35
      vertex 1.69353 0.148165 5.72205e-07
    endloop
  endfacet
  facet normal -0.999048 -0.043626 0
    outer loop
      vertex 1.69353 0.148165 83.35
      vertex 1.7 0 5.72205e-07
      vertex 1.7 0 83.35
    endloop
  endfacet
  facet normal -0.976295 -0.216444 0
    outer loop
      vertex 1.67417 0.295201 5.72205e-07
      vertex 1.64207 0.439992 83.35
      vertex 1.64207 0.439992 5.72205e-07
    endloop
  endfacet
  facet normal -0.976295 -0.216444 0
    outer loop
      vertex 1.64207 0.439992 83.35
      vertex 1.67417 0.295201 5.72205e-07
      vertex 1.67417 0.295201 83.35
    endloop
  endfacet
  facet normal -0.130542 0.991443 0
    outer loop
      vertex 0.295201 -1.67417 5.72205e-07
      vertex 0.148165 -1.69353 83.35
      vertex 0.295201 -1.67417 83.35
    endloop
  endfacet
  facet normal -0.130542 0.991443 0
    outer loop
      vertex 0.148165 -1.69353 83.35
      vertex 0.295201 -1.67417 5.72205e-07
      vertex 0.148165 -1.69353 5.72205e-07
    endloop
  endfacet
  facet normal -0.300668 0.953729 0
    outer loop
      vertex 0.581433 -1.59748 5.72205e-07
      vertex 0.439992 -1.64207 83.35
      vertex 0.581433 -1.59748 83.35
    endloop
  endfacet
  facet normal -0.300668 0.953729 0
    outer loop
      vertex 0.439992 -1.64207 83.35
      vertex 0.581433 -1.59748 5.72205e-07
      vertex 0.439992 -1.64207 5.72205e-07
    endloop
  endfacet
  facet normal 0.953729 -0.300668 0
    outer loop
      vertex -1.64207 0.439992 83.35
      vertex -1.59748 0.581433 5.72205e-07
      vertex -1.59748 0.581433 83.35
    endloop
  endfacet
  facet normal 0.953729 -0.300668 0
    outer loop
      vertex -1.59748 0.581433 5.72205e-07
      vertex -1.64207 0.439992 83.35
      vertex -1.64207 0.439992 5.72205e-07
    endloop
  endfacet
  facet normal 0.793333 0.608788 0
    outer loop
      vertex -1.30227 -1.09274 83.35
      vertex -1.39256 -0.97508 5.72205e-07
      vertex -1.39256 -0.97508 83.35
    endloop
  endfacet
  facet normal 0.793333 0.608788 0
    outer loop
      vertex -1.39256 -0.97508 5.72205e-07
      vertex -1.30227 -1.09274 83.35
      vertex -1.30227 -1.09274 5.72205e-07
    endloop
  endfacet
  facet normal -0.953729 -0.300668 0
    outer loop
      vertex 1.64207 0.439992 5.72205e-07
      vertex 1.59748 0.581433 83.35
      vertex 1.59748 0.581433 5.72205e-07
    endloop
  endfacet
  facet normal -0.953729 -0.300668 0
    outer loop
      vertex 1.59748 0.581433 83.35
      vertex 1.64207 0.439992 5.72205e-07
      vertex 1.64207 0.439992 83.35
    endloop
  endfacet
  facet normal -0.793333 -0.608788 0
    outer loop
      vertex 1.39256 0.97508 5.72205e-07
      vertex 1.30227 1.09274 83.35
      vertex 1.30227 1.09274 5.72205e-07
    endloop
  endfacet
  facet normal -0.793333 -0.608788 0
    outer loop
      vertex 1.30227 1.09274 83.35
      vertex 1.39256 0.97508 5.72205e-07
      vertex 1.39256 0.97508 83.35
    endloop
  endfacet
  facet normal 0.537274 -0.843408 0
    outer loop
      vertex -0.97508 1.39256 5.72205e-07
      vertex -0.849999 1.47224 83.35
      vertex -0.97508 1.39256 83.35
    endloop
  endfacet
  facet normal 0.537274 -0.843408 0
    outer loop
      vertex -0.849999 1.47224 83.35
      vertex -0.97508 1.39256 5.72205e-07
      vertex -0.849999 1.47224 5.72205e-07
    endloop
  endfacet
  facet normal 0.300668 -0.953729 0
    outer loop
      vertex -0.581433 1.59748 5.72205e-07
      vertex -0.439992 1.64207 83.35
      vertex -0.581433 1.59748 83.35
    endloop
  endfacet
  facet normal 0.300668 -0.953729 0
    outer loop
      vertex -0.439992 1.64207 83.35
      vertex -0.581433 1.59748 5.72205e-07
      vertex -0.439992 1.64207 5.72205e-07
    endloop
  endfacet
  facet normal 0.216444 -0.976295 0
    outer loop
      vertex -0.439992 1.64207 5.72205e-07
      vertex -0.295201 1.67417 83.35
      vertex -0.439992 1.64207 83.35
    endloop
  endfacet
  facet normal 0.216444 -0.976295 0
    outer loop
      vertex -0.295201 1.67417 83.35
      vertex -0.439992 1.64207 5.72205e-07
      vertex -0.295201 1.67417 5.72205e-07
    endloop
  endfacet
  facet normal 0.923867 0.382714 0
    outer loop
      vertex -1.54072 -0.718451 83.35
      vertex -1.59748 -0.581433 5.72205e-07
      vertex -1.59748 -0.581433 83.35
    endloop
  endfacet
  facet normal 0.923867 0.382714 0
    outer loop
      vertex -1.59748 -0.581433 5.72205e-07
      vertex -1.54072 -0.718451 83.35
      vertex -1.54072 -0.718451 5.72205e-07
    endloop
  endfacet
  facet normal -0.843408 -0.537274 0
    outer loop
      vertex 1.47224 0.849999 5.72205e-07
      vertex 1.39256 0.97508 83.35
      vertex 1.39256 0.97508 5.72205e-07
    endloop
  endfacet
  facet normal -0.843408 -0.537274 0
    outer loop
      vertex 1.39256 0.97508 83.35
      vertex 1.47224 0.849999 5.72205e-07
      vertex 1.47224 0.849999 83.35
    endloop
  endfacet
  facet normal -0.953729 0.300668 0
    outer loop
      vertex 1.59748 -0.581433 5.72205e-07
      vertex 1.64207 -0.439992 83.35
      vertex 1.64207 -0.439992 5.72205e-07
    endloop
  endfacet
  facet normal -0.953729 0.300668 0
    outer loop
      vertex 1.64207 -0.439992 83.35
      vertex 1.59748 -0.581433 5.72205e-07
      vertex 1.59748 -0.581433 83.35
    endloop
  endfacet
  facet normal -0.675584 -0.737283 0
    outer loop
      vertex 1.09274 1.30227 5.72205e-07
      vertex 1.20208 1.20208 83.35
      vertex 1.09274 1.30227 83.35
    endloop
  endfacet
  facet normal -0.675584 -0.737283 -0
    outer loop
      vertex 1.20208 1.20208 83.35
      vertex 1.09274 1.30227 5.72205e-07
      vertex 1.20208 1.20208 5.72205e-07
    endloop
  endfacet
  facet normal -0.537274 -0.843408 0
    outer loop
      vertex 0.849999 1.47224 5.72205e-07
      vertex 0.97508 1.39256 83.35
      vertex 0.849999 1.47224 83.35
    endloop
  endfacet
  facet normal -0.537274 -0.843408 -0
    outer loop
      vertex 0.97508 1.39256 83.35
      vertex 0.849999 1.47224 5.72205e-07
      vertex 0.97508 1.39256 5.72205e-07
    endloop
  endfacet
  facet normal -0.999048 0.043626 0
    outer loop
      vertex 1.69353 -0.148165 5.72205e-07
      vertex 1.7 0 83.35
      vertex 1.7 0 5.72205e-07
    endloop
  endfacet
  facet normal -0.999048 0.043626 0
    outer loop
      vertex 1.7 0 83.35
      vertex 1.69353 -0.148165 5.72205e-07
      vertex 1.69353 -0.148165 83.35
    endloop
  endfacet
  facet normal 0.216444 0.976295 -0
    outer loop
      vertex -0.295201 -1.67417 5.72205e-07
      vertex -0.439992 -1.64207 83.35
      vertex -0.295201 -1.67417 83.35
    endloop
  endfacet
  facet normal 0.216444 0.976295 0
    outer loop
      vertex -0.439992 -1.64207 83.35
      vertex -0.295201 -1.67417 5.72205e-07
      vertex -0.439992 -1.64207 5.72205e-07
    endloop
  endfacet
  facet normal -0.608788 -0.793333 0
    outer loop
      vertex 0.97508 1.39256 5.72205e-07
      vertex 1.09274 1.30227 83.35
      vertex 0.97508 1.39256 83.35
    endloop
  endfacet
  facet normal -0.608788 -0.793333 -0
    outer loop
      vertex 1.09274 1.30227 83.35
      vertex 0.97508 1.39256 5.72205e-07
      vertex 1.09274 1.30227 5.72205e-07
    endloop
  endfacet
  facet normal 0.953729 0.300668 0
    outer loop
      vertex -1.59748 -0.581433 83.35
      vertex -1.64207 -0.439992 5.72205e-07
      vertex -1.64207 -0.439992 83.35
    endloop
  endfacet
  facet normal 0.953729 0.300668 0
    outer loop
      vertex -1.64207 -0.439992 5.72205e-07
      vertex -1.59748 -0.581433 83.35
      vertex -1.59748 -0.581433 5.72205e-07
    endloop
  endfacet
  facet normal 0.608788 -0.793333 0
    outer loop
      vertex -1.09274 1.30227 5.72205e-07
      vertex -0.97508 1.39256 83.35
      vertex -1.09274 1.30227 83.35
    endloop
  endfacet
  facet normal 0.608788 -0.793333 0
    outer loop
      vertex -0.97508 1.39256 83.35
      vertex -1.09274 1.30227 5.72205e-07
      vertex -0.97508 1.39256 5.72205e-07
    endloop
  endfacet
  facet normal -0.216444 0.976295 0
    outer loop
      vertex 0.439992 -1.64207 5.72205e-07
      vertex 0.295201 -1.67417 83.35
      vertex 0.439992 -1.64207 83.35
    endloop
  endfacet
  facet normal -0.216444 0.976295 0
    outer loop
      vertex 0.295201 -1.67417 83.35
      vertex 0.439992 -1.64207 5.72205e-07
      vertex 0.295201 -1.67417 5.72205e-07
    endloop
  endfacet
  facet normal 0.382714 0.923867 -0
    outer loop
      vertex -0.581433 -1.59748 5.72205e-07
      vertex -0.718451 -1.54072 83.35
      vertex -0.581433 -1.59748 83.35
    endloop
  endfacet
  facet normal 0.382714 0.923867 0
    outer loop
      vertex -0.718451 -1.54072 83.35
      vertex -0.581433 -1.59748 5.72205e-07
      vertex -0.718451 -1.54072 5.72205e-07
    endloop
  endfacet
  facet normal -0.461751 0.88701 0
    outer loop
      vertex 0.849999 -1.47224 5.72205e-07
      vertex 0.718451 -1.54072 83.35
      vertex 0.849999 -1.47224 83.35
    endloop
  endfacet
  facet normal -0.461751 0.88701 0
    outer loop
      vertex 0.718451 -1.54072 83.35
      vertex 0.849999 -1.47224 5.72205e-07
      vertex 0.718451 -1.54072 5.72205e-07
    endloop
  endfacet
  facet normal 0.043626 -0.999048 0
    outer loop
      vertex -0.148165 1.69353 5.72205e-07
      vertex 0 1.7 83.35
      vertex -0.148165 1.69353 83.35
    endloop
  endfacet
  facet normal 0.043626 -0.999048 0
    outer loop
      vertex 0 1.7 83.35
      vertex -0.148165 1.69353 5.72205e-07
      vertex 0 1.7 5.72205e-07
    endloop
  endfacet
  facet normal 0.537274 0.843408 -0
    outer loop
      vertex -0.849999 -1.47224 5.72205e-07
      vertex -0.97508 -1.39256 83.35
      vertex -0.849999 -1.47224 83.35
    endloop
  endfacet
  facet normal 0.537274 0.843408 0
    outer loop
      vertex -0.97508 -1.39256 83.35
      vertex -0.849999 -1.47224 5.72205e-07
      vertex -0.97508 -1.39256 5.72205e-07
    endloop
  endfacet
  facet normal -0.043626 0.999048 0
    outer loop
      vertex 0.148165 -1.69353 5.72205e-07
      vertex 0 -1.7 83.35
      vertex 0.148165 -1.69353 83.35
    endloop
  endfacet
  facet normal -0.043626 0.999048 0
    outer loop
      vertex 0 -1.7 83.35
      vertex 0.148165 -1.69353 5.72205e-07
      vertex 0 -1.7 5.72205e-07
    endloop
  endfacet
  facet normal 0.88701 0.461751 0
    outer loop
      vertex -1.47224 -0.849999 83.35
      vertex -1.54072 -0.718451 5.72205e-07
      vertex -1.54072 -0.718451 83.35
    endloop
  endfacet
  facet normal 0.88701 0.461751 0
    outer loop
      vertex -1.54072 -0.718451 5.72205e-07
      vertex -1.47224 -0.849999 83.35
      vertex -1.47224 -0.849999 5.72205e-07
    endloop
  endfacet
  facet normal -0.461751 -0.88701 0
    outer loop
      vertex 0.718451 1.54072 5.72205e-07
      vertex 0.849999 1.47224 83.35
      vertex 0.718451 1.54072 83.35
    endloop
  endfacet
  facet normal -0.461751 -0.88701 -0
    outer loop
      vertex 0.849999 1.47224 83.35
      vertex 0.718451 1.54072 5.72205e-07
      vertex 0.849999 1.47224 5.72205e-07
    endloop
  endfacet
  facet normal -0.675584 0.737283 0
    outer loop
      vertex 1.20208 -1.20208 5.72205e-07
      vertex 1.09274 -1.30227 83.35
      vertex 1.20208 -1.20208 83.35
    endloop
  endfacet
  facet normal -0.675584 0.737283 0
    outer loop
      vertex 1.09274 -1.30227 83.35
      vertex 1.20208 -1.20208 5.72205e-07
      vertex 1.09274 -1.30227 5.72205e-07
    endloop
  endfacet
  facet normal -0.537274 0.843408 0
    outer loop
      vertex 0.97508 -1.39256 5.72205e-07
      vertex 0.849999 -1.47224 83.35
      vertex 0.97508 -1.39256 83.35
    endloop
  endfacet
  facet normal -0.537274 0.843408 0
    outer loop
      vertex 0.849999 -1.47224 83.35
      vertex 0.97508 -1.39256 5.72205e-07
      vertex 0.849999 -1.47224 5.72205e-07
    endloop
  endfacet
  facet normal -0.793333 0.608788 0
    outer loop
      vertex 1.30227 -1.09274 5.72205e-07
      vertex 1.39256 -0.97508 83.35
      vertex 1.39256 -0.97508 5.72205e-07
    endloop
  endfacet
  facet normal -0.793333 0.608788 0
    outer loop
      vertex 1.39256 -0.97508 83.35
      vertex 1.30227 -1.09274 5.72205e-07
      vertex 1.30227 -1.09274 83.35
    endloop
  endfacet
  facet normal -0.608788 0.793333 0
    outer loop
      vertex 1.09274 -1.30227 5.72205e-07
      vertex 0.97508 -1.39256 83.35
      vertex 1.09274 -1.30227 83.35
    endloop
  endfacet
  facet normal -0.608788 0.793333 0
    outer loop
      vertex 0.97508 -1.39256 83.35
      vertex 1.09274 -1.30227 5.72205e-07
      vertex 0.97508 -1.39256 5.72205e-07
    endloop
  endfacet
  facet normal -0.923867 -0.382714 0
    outer loop
      vertex 1.59748 0.581433 5.72205e-07
      vertex 1.54072 0.718451 83.35
      vertex 1.54072 0.718451 5.72205e-07
    endloop
  endfacet
  facet normal -0.923867 -0.382714 0
    outer loop
      vertex 1.54072 0.718451 83.35
      vertex 1.59748 0.581433 5.72205e-07
      vertex 1.59748 0.581433 83.35
    endloop
  endfacet
  facet normal -0.737283 -0.675584 0
    outer loop
      vertex 1.30227 1.09274 5.72205e-07
      vertex 1.20208 1.20208 83.35
      vertex 1.20208 1.20208 5.72205e-07
    endloop
  endfacet
  facet normal -0.737283 -0.675584 0
    outer loop
      vertex 1.20208 1.20208 83.35
      vertex 1.30227 1.09274 5.72205e-07
      vertex 1.30227 1.09274 83.35
    endloop
  endfacet
  facet normal 0.923867 -0.382714 0
    outer loop
      vertex -1.59748 0.581433 83.35
      vertex -1.54072 0.718451 5.72205e-07
      vertex -1.54072 0.718451 83.35
    endloop
  endfacet
  facet normal 0.923867 -0.382714 0
    outer loop
      vertex -1.54072 0.718451 5.72205e-07
      vertex -1.59748 0.581433 83.35
      vertex -1.59748 0.581433 5.72205e-07
    endloop
  endfacet
  facet normal -0.382714 0.923867 0
    outer loop
      vertex 0.718451 -1.54072 5.72205e-07
      vertex 0.581433 -1.59748 83.35
      vertex 0.718451 -1.54072 83.35
    endloop
  endfacet
  facet normal -0.382714 0.923867 0
    outer loop
      vertex 0.581433 -1.59748 83.35
      vertex 0.718451 -1.54072 5.72205e-07
      vertex 0.581433 -1.59748 5.72205e-07
    endloop
  endfacet
  facet normal -0.88701 -0.461751 0
    outer loop
      vertex 1.54072 0.718451 5.72205e-07
      vertex 1.47224 0.849999 83.35
      vertex 1.47224 0.849999 5.72205e-07
    endloop
  endfacet
  facet normal -0.88701 -0.461751 0
    outer loop
      vertex 1.47224 0.849999 83.35
      vertex 1.54072 0.718451 5.72205e-07
      vertex 1.54072 0.718451 83.35
    endloop
  endfacet
  facet normal 0.675584 -0.737283 0
    outer loop
      vertex -1.20208 1.20208 5.72205e-07
      vertex -1.09274 1.30227 83.35
      vertex -1.20208 1.20208 83.35
    endloop
  endfacet
  facet normal 0.675584 -0.737283 0
    outer loop
      vertex -1.09274 1.30227 83.35
      vertex -1.20208 1.20208 5.72205e-07
      vertex -1.09274 1.30227 5.72205e-07
    endloop
  endfacet
  facet normal 0.675584 0.737283 -0
    outer loop
      vertex -1.09274 -1.30227 5.72205e-07
      vertex -1.20208 -1.20208 83.35
      vertex -1.09274 -1.30227 83.35
    endloop
  endfacet
  facet normal 0.675584 0.737283 0
    outer loop
      vertex -1.20208 -1.20208 83.35
      vertex -1.09274 -1.30227 5.72205e-07
      vertex -1.20208 -1.20208 5.72205e-07
    endloop
  endfacet
  facet normal -0.130542 -0.991443 0
    outer loop
      vertex 0.148165 1.69353 5.72205e-07
      vertex 0.295201 1.67417 83.35
      vertex 0.148165 1.69353 83.35
    endloop
  endfacet
  facet normal -0.130542 -0.991443 -0
    outer loop
      vertex 0.295201 1.67417 83.35
      vertex 0.148165 1.69353 5.72205e-07
      vertex 0.295201 1.67417 5.72205e-07
    endloop
  endfacet
  facet normal 0.461751 -0.88701 0
    outer loop
      vertex -0.849999 1.47224 5.72205e-07
      vertex -0.718451 1.54072 83.35
      vertex -0.849999 1.47224 83.35
    endloop
  endfacet
  facet normal 0.461751 -0.88701 0
    outer loop
      vertex -0.718451 1.54072 83.35
      vertex -0.849999 1.47224 5.72205e-07
      vertex -0.718451 1.54072 5.72205e-07
    endloop
  endfacet
  facet normal 0.382714 -0.923867 0
    outer loop
      vertex -0.718451 1.54072 5.72205e-07
      vertex -0.581433 1.59748 83.35
      vertex -0.718451 1.54072 83.35
    endloop
  endfacet
  facet normal 0.382714 -0.923867 0
    outer loop
      vertex -0.581433 1.59748 83.35
      vertex -0.718451 1.54072 5.72205e-07
      vertex -0.581433 1.59748 5.72205e-07
    endloop
  endfacet
  facet normal 0.991443 -0.130542 0
    outer loop
      vertex -1.69353 0.148165 83.35
      vertex -1.67417 0.295201 5.72205e-07
      vertex -1.67417 0.295201 83.35
    endloop
  endfacet
  facet normal 0.991443 -0.130542 0
    outer loop
      vertex -1.67417 0.295201 5.72205e-07
      vertex -1.69353 0.148165 83.35
      vertex -1.69353 0.148165 5.72205e-07
    endloop
  endfacet
  facet normal 0.976295 -0.216444 0
    outer loop
      vertex -1.67417 0.295201 83.35
      vertex -1.64207 0.439992 5.72205e-07
      vertex -1.64207 0.439992 83.35
    endloop
  endfacet
  facet normal 0.976295 -0.216444 0
    outer loop
      vertex -1.64207 0.439992 5.72205e-07
      vertex -1.67417 0.295201 83.35
      vertex -1.67417 0.295201 5.72205e-07
    endloop
  endfacet
  facet normal -0.923867 0.382714 0
    outer loop
      vertex 1.54072 -0.718451 5.72205e-07
      vertex 1.59748 -0.581433 83.35
      vertex 1.59748 -0.581433 5.72205e-07
    endloop
  endfacet
  facet normal -0.923867 0.382714 0
    outer loop
      vertex 1.59748 -0.581433 83.35
      vertex 1.54072 -0.718451 5.72205e-07
      vertex 1.54072 -0.718451 83.35
    endloop
  endfacet
  facet normal -0.216444 -0.976295 0
    outer loop
      vertex 0.295201 1.67417 5.72205e-07
      vertex 0.439992 1.64207 83.35
      vertex 0.295201 1.67417 83.35
    endloop
  endfacet
  facet normal -0.216444 -0.976295 -0
    outer loop
      vertex 0.439992 1.64207 83.35
      vertex 0.295201 1.67417 5.72205e-07
      vertex 0.439992 1.64207 5.72205e-07
    endloop
  endfacet
  facet normal 0.793333 -0.608788 0
    outer loop
      vertex -1.39256 0.97508 83.35
      vertex -1.30227 1.09274 5.72205e-07
      vertex -1.30227 1.09274 83.35
    endloop
  endfacet
  facet normal 0.793333 -0.608788 0
    outer loop
      vertex -1.30227 1.09274 5.72205e-07
      vertex -1.39256 0.97508 83.35
      vertex -1.39256 0.97508 5.72205e-07
    endloop
  endfacet
  facet normal 0.999048 0.043626 0
    outer loop
      vertex -1.69353 -0.148165 83.35
      vertex -1.7 0 5.72205e-07
      vertex -1.7 0 83.35
    endloop
  endfacet
  facet normal 0.999048 0.043626 0
    outer loop
      vertex -1.7 0 5.72205e-07
      vertex -1.69353 -0.148165 83.35
      vertex -1.69353 -0.148165 5.72205e-07
    endloop
  endfacet
  facet normal 0.461751 0.88701 -0
    outer loop
      vertex -0.718451 -1.54072 5.72205e-07
      vertex -0.849999 -1.47224 83.35
      vertex -0.718451 -1.54072 83.35
    endloop
  endfacet
  facet normal 0.461751 0.88701 0
    outer loop
      vertex -0.849999 -1.47224 83.35
      vertex -0.718451 -1.54072 5.72205e-07
      vertex -0.849999 -1.47224 5.72205e-07
    endloop
  endfacet
  facet normal -0.043626 -0.999048 0
    outer loop
      vertex 0 1.7 5.72205e-07
      vertex 0.148165 1.69353 83.35
      vertex 0 1.7 83.35
    endloop
  endfacet
  facet normal -0.043626 -0.999048 -0
    outer loop
      vertex 0.148165 1.69353 83.35
      vertex 0 1.7 5.72205e-07
      vertex 0.148165 1.69353 5.72205e-07
    endloop
  endfacet
  facet normal -0.976295 0.216444 0
    outer loop
      vertex 1.64207 -0.439992 5.72205e-07
      vertex 1.67417 -0.295201 83.35
      vertex 1.67417 -0.295201 5.72205e-07
    endloop
  endfacet
  facet normal -0.976295 0.216444 0
    outer loop
      vertex 1.67417 -0.295201 83.35
      vertex 1.64207 -0.439992 5.72205e-07
      vertex 1.64207 -0.439992 83.35
    endloop
  endfacet
  facet normal 0.737283 0.675584 0
    outer loop
      vertex -1.20208 -1.20208 83.35
      vertex -1.30227 -1.09274 5.72205e-07
      vertex -1.30227 -1.09274 83.35
    endloop
  endfacet
  facet normal 0.737283 0.675584 0
    outer loop
      vertex -1.30227 -1.09274 5.72205e-07
      vertex -1.20208 -1.20208 83.35
      vertex -1.20208 -1.20208 5.72205e-07
    endloop
  endfacet
  facet normal 0.976295 0.216444 0
    outer loop
      vertex -1.64207 -0.439992 83.35
      vertex -1.67417 -0.295201 5.72205e-07
      vertex -1.67417 -0.295201 83.35
    endloop
  endfacet
  facet normal 0.976295 0.216444 0
    outer loop
      vertex -1.67417 -0.295201 5.72205e-07
      vertex -1.64207 -0.439992 83.35
      vertex -1.64207 -0.439992 5.72205e-07
    endloop
  endfacet
  facet normal -0.88701 0.461751 0
    outer loop
      vertex 1.47224 -0.849999 5.72205e-07
      vertex 1.54072 -0.718451 83.35
      vertex 1.54072 -0.718451 5.72205e-07
    endloop
  endfacet
  facet normal -0.88701 0.461751 0
    outer loop
      vertex 1.54072 -0.718451 83.35
      vertex 1.47224 -0.849999 5.72205e-07
      vertex 1.47224 -0.849999 83.35
    endloop
  endfacet
  facet normal -0.382714 -0.923867 0
    outer loop
      vertex 0.581433 1.59748 5.72205e-07
      vertex 0.718451 1.54072 83.35
      vertex 0.581433 1.59748 83.35
    endloop
  endfacet
  facet normal -0.382714 -0.923867 -0
    outer loop
      vertex 0.718451 1.54072 83.35
      vertex 0.581433 1.59748 5.72205e-07
      vertex 0.718451 1.54072 5.72205e-07
    endloop
  endfacet
  facet normal -0.300668 -0.953729 0
    outer loop
      vertex 0.439992 1.64207 5.72205e-07
      vertex 0.581433 1.59748 83.35
      vertex 0.439992 1.64207 83.35
    endloop
  endfacet
  facet normal -0.300668 -0.953729 -0
    outer loop
      vertex 0.581433 1.59748 83.35
      vertex 0.439992 1.64207 5.72205e-07
      vertex 0.581433 1.59748 5.72205e-07
    endloop
  endfacet
  facet normal 0.737283 -0.675584 0
    outer loop
      vertex -1.30227 1.09274 83.35
      vertex -1.20208 1.20208 5.72205e-07
      vertex -1.20208 1.20208 83.35
    endloop
  endfacet
  facet normal 0.737283 -0.675584 0
    outer loop
      vertex -1.20208 1.20208 5.72205e-07
      vertex -1.30227 1.09274 83.35
      vertex -1.30227 1.09274 5.72205e-07
    endloop
  endfacet
  facet normal 0.130542 -0.991443 0
    outer loop
      vertex -0.295201 1.67417 5.72205e-07
      vertex -0.148165 1.69353 83.35
      vertex -0.295201 1.67417 83.35
    endloop
  endfacet
  facet normal 0.130542 -0.991443 0
    outer loop
      vertex -0.148165 1.69353 83.35
      vertex -0.295201 1.67417 5.72205e-07
      vertex -0.148165 1.69353 5.72205e-07
    endloop
  endfacet
  facet normal 0.608788 0.793333 -0
    outer loop
      vertex -0.97508 -1.39256 5.72205e-07
      vertex -1.09274 -1.30227 83.35
      vertex -0.97508 -1.39256 83.35
    endloop
  endfacet
  facet normal 0.608788 0.793333 0
    outer loop
      vertex -1.09274 -1.30227 83.35
      vertex -0.97508 -1.39256 5.72205e-07
      vertex -1.09274 -1.30227 5.72205e-07
    endloop
  endfacet
  facet normal -0.843408 0.537274 0
    outer loop
      vertex 1.39256 -0.97508 5.72205e-07
      vertex 1.47224 -0.849999 83.35
      vertex 1.47224 -0.849999 5.72205e-07
    endloop
  endfacet
  facet normal -0.843408 0.537274 0
    outer loop
      vertex 1.47224 -0.849999 83.35
      vertex 1.39256 -0.97508 5.72205e-07
      vertex 1.39256 -0.97508 83.35
    endloop
  endfacet
  facet normal 0.300668 0.953729 -0
    outer loop
      vertex -0.439992 -1.64207 5.72205e-07
      vertex -0.581433 -1.59748 83.35
      vertex -0.439992 -1.64207 83.35
    endloop
  endfacet
  facet normal 0.300668 0.953729 0
    outer loop
      vertex -0.581433 -1.59748 83.35
      vertex -0.439992 -1.64207 5.72205e-07
      vertex -0.581433 -1.59748 5.72205e-07
    endloop
  endfacet
  facet normal 0.991443 0.130542 0
    outer loop
      vertex -1.67417 -0.295201 83.35
      vertex -1.69353 -0.148165 5.72205e-07
      vertex -1.69353 -0.148165 83.35
    endloop
  endfacet
  facet normal 0.991443 0.130542 0
    outer loop
      vertex -1.69353 -0.148165 5.72205e-07
      vertex -1.67417 -0.295201 83.35
      vertex -1.67417 -0.295201 5.72205e-07
    endloop
  endfacet
  facet normal 0.843408 0.537274 0
    outer loop
      vertex -1.39256 -0.97508 83.35
      vertex -1.47224 -0.849999 5.72205e-07
      vertex -1.47224 -0.849999 83.35
    endloop
  endfacet
  facet normal 0.843408 0.537274 0
    outer loop
      vertex -1.47224 -0.849999 5.72205e-07
      vertex -1.39256 -0.97508 83.35
      vertex -1.39256 -0.97508 5.72205e-07
    endloop
  endfacet
  facet normal 0.999048 -0.043626 0
    outer loop
      vertex -1.7 0 83.35
      vertex -1.69353 0.148165 5.72205e-07
      vertex -1.69353 0.148165 83.35
    endloop
  endfacet
  facet normal 0.999048 -0.043626 0
    outer loop
      vertex -1.69353 0.148165 5.72205e-07
      vertex -1.7 0 83.35
      vertex -1.7 0 5.72205e-07
    endloop
  endfacet
  facet normal 0.88701 -0.461751 0
    outer loop
      vertex -1.54072 0.718451 83.35
      vertex -1.47224 0.849999 5.72205e-07
      vertex -1.47224 0.849999 83.35
    endloop
  endfacet
  facet normal 0.88701 -0.461751 0
    outer loop
      vertex -1.47224 0.849999 5.72205e-07
      vertex -1.54072 0.718451 83.35
      vertex -1.54072 0.718451 5.72205e-07
    endloop
  endfacet
  facet normal -0.991443 0.130542 0
    outer loop
      vertex 1.67417 -0.295201 5.72205e-07
      vertex 1.69353 -0.148165 83.35
      vertex 1.69353 -0.148165 5.72205e-07
    endloop
  endfacet
  facet normal -0.991443 0.130542 0
    outer loop
      vertex 1.69353 -0.148165 83.35
      vertex 1.67417 -0.295201 5.72205e-07
      vertex 1.67417 -0.295201 83.35
    endloop
  endfacet
  facet normal -0.737283 0.675584 0
    outer loop
      vertex 1.20208 -1.20208 5.72205e-07
      vertex 1.30227 -1.09274 83.35
      vertex 1.30227 -1.09274 5.72205e-07
    endloop
  endfacet
  facet normal -0.737283 0.675584 0
    outer loop
      vertex 1.30227 -1.09274 83.35
      vertex 1.20208 -1.20208 5.72205e-07
      vertex 1.20208 -1.20208 83.35
    endloop
  endfacet
  facet normal 0.043626 0.999048 -0
    outer loop
      vertex 0 -1.7 5.72205e-07
      vertex -0.148165 -1.69353 83.35
      vertex 0 -1.7 83.35
    endloop
  endfacet
  facet normal 0.043626 0.999048 0
    outer loop
      vertex -0.148165 -1.69353 83.35
      vertex 0 -1.7 5.72205e-07
      vertex -0.148165 -1.69353 5.72205e-07
    endloop
  endfacet
  facet normal 0.130542 0.991443 -0
    outer loop
      vertex -0.148165 -1.69353 5.72205e-07
      vertex -0.295201 -1.67417 83.35
      vertex -0.148165 -1.69353 83.35
    endloop
  endfacet
  facet normal 0.130542 0.991443 0
    outer loop
      vertex -0.295201 -1.67417 83.35
      vertex -0.148165 -1.69353 5.72205e-07
      vertex -0.295201 -1.67417 5.72205e-07
    endloop
  endfacet
  facet normal 0.843408 -0.537274 0
    outer loop
      vertex -1.47224 0.849999 83.35
      vertex -1.39256 0.97508 5.72205e-07
      vertex -1.39256 0.97508 83.35
    endloop
  endfacet
  facet normal 0.843408 -0.537274 0
    outer loop
      vertex -1.39256 0.97508 5.72205e-07
      vertex -1.47224 0.849999 83.35
      vertex -1.47224 0.849999 5.72205e-07
    endloop
  endfacet
  facet normal -0.5 0.866026 0
    outer loop
      vertex 3 -1.73205 83.35
      vertex 0 -3.4641 85.34
      vertex 3 -1.73205 85.34
    endloop
  endfacet
  facet normal -0.5 0.866026 0
    outer loop
      vertex 0 -3.4641 85.34
      vertex 3 -1.73205 83.35
      vertex 0 -3.4641 83.35
    endloop
  endfacet
  facet normal -0.5 0.866026 0
    outer loop
      vertex 3 -1.73205 85.35
      vertex 0 -3.4641 86.35
      vertex 3 -1.73205 86.35
    endloop
  endfacet
  facet normal -0.5 0.866026 0
    outer loop
      vertex 0 -3.4641 86.35
      vertex 3 -1.73205 85.35
      vertex 0 -3.4641 85.35
    endloop
  endfacet
  facet normal -1 0 0
    outer loop
      vertex 3 -1.73205 83.35
      vertex 3 1.73205 85.34
      vertex 3 1.73205 83.35
    endloop
  endfacet
  facet normal -1 -0 0
    outer loop
      vertex 3 1.73205 85.34
      vertex 3 -1.73205 83.35
      vertex 3 -1.73205 85.34
    endloop
  endfacet
  facet normal -1 0 0
    outer loop
      vertex 3 -1.73205 85.35
      vertex 3 1.73205 86.35
      vertex 3 1.73205 85.35
    endloop
  endfacet
  facet normal -1 -0 0
    outer loop
      vertex 3 1.73205 86.35
      vertex 3 -1.73205 85.35
      vertex 3 -1.73205 86.35
    endloop
  endfacet
  facet normal 0.5 -0.866026 0
    outer loop
      vertex -3 1.73205 83.35
      vertex 0 3.4641 85.34
      vertex -3 1.73205 85.34
    endloop
  endfacet
  facet normal 0.5 -0.866026 0
    outer loop
      vertex 0 3.4641 85.34
      vertex -3 1.73205 83.35
      vertex 0 3.4641 83.35
    endloop
  endfacet
  facet normal 0.5 -0.866026 0
    outer loop
      vertex -3 1.73205 85.35
      vertex 0 3.4641 86.35
      vertex -3 1.73205 86.35
    endloop
  endfacet
  facet normal 0.5 -0.866026 0
    outer loop
      vertex 0 3.4641 86.35
      vertex -3 1.73205 85.35
      vertex 0 3.4641 85.35
    endloop
  endfacet
  facet normal -0.5 -0.866026 0
    outer loop
      vertex 0 3.4641 83.35
      vertex 3 1.73205 85.34
      vertex 0 3.4641 85.34
    endloop
  endfacet
  facet normal -0.5 -0.866026 -0
    outer loop
      vertex 3 1.73205 85.34
      vertex 0 3.4641 83.35
      vertex 3 1.73205 83.35
    endloop
  endfacet
  facet normal -0.5 -0.866026 0
    outer loop
      vertex 0 3.4641 85.35
      vertex 3 1.73205 86.35
      vertex 0 3.4641 86.35
    endloop
  endfacet
  facet normal -0.5 -0.866026 -0
    outer loop
      vertex 3 1.73205 86.35
      vertex 0 3.4641 85.35
      vertex 3 1.73205 85.35
    endloop
  endfacet
  facet normal 1 -0 0
    outer loop
      vertex -3 -1.73205 85.34
      vertex -3 1.73205 83.35
      vertex -3 1.73205 85.34
    endloop
  endfacet
  facet normal 1 0 0
    outer loop
      vertex -3 1.73205 83.35
      vertex -3 -1.73205 85.34
      vertex -3 -1.73205 83.35
    endloop
  endfacet
  facet normal 1 -0 0
    outer loop
      vertex -3 -1.73205 86.35
      vertex -3 1.73205 85.35
      vertex -3 1.73205 86.35
    endloop
  endfacet
  facet normal 1 0 0
    outer loop
      vertex -3 1.73205 85.35
      vertex -3 -1.73205 86.35
      vertex -3 -1.73205 85.35
    endloop
  endfacet
  facet normal 0.5 0.866026 -0
    outer loop
      vertex 0 -3.4641 83.35
      vertex -3 -1.73205 85.34
      vertex 0 -3.4641 85.34
    endloop
  endfacet
  facet normal 0.5 0.866026 0
    outer loop
      vertex -3 -1.73205 85.34
      vertex 0 -3.4641 83.35
      vertex -3 -1.73205 83.35
    endloop
  endfacet
  facet normal 0.5 0.866026 -0
    outer loop
      vertex 0 -3.4641 85.35
      vertex -3 -1.73205 86.35
      vertex 0 -3.4641 86.35
    endloop
  endfacet
  facet normal 0.5 0.866026 0
    outer loop
      vertex -3 -1.73205 86.35
      vertex 0 -3.4641 85.35
      vertex -3 -1.73205 85.35
    endloop
  endfacet
  facet normal 0 0 1
    outer loop
      vertex 3 1.73205 83.35
      vertex 1.7 0 83.35
      vertex 3 -1.73205 83.35
    endloop
  endfacet
  facet normal 0 0 1
    outer loop
      vertex 3 1.73205 83.35
      vertex 1.69353 0.148165 83.35
      vertex 1.7 0 83.35
    endloop
  endfacet
  facet normal 0 0 1
    outer loop
      vertex 3 1.73205 83.35
      vertex 1.67417 0.295201 83.35
      vertex 1.69353 0.148165 83.35
    endloop
  endfacet
  facet normal 0 0 1
    outer loop
      vertex 3 1.73205 83.35
      vertex 1.64207 0.439992 83.35
      vertex 1.67417 0.295201 83.35
    endloop
  endfacet
  facet normal 0 0 1
    outer loop
      vertex 3 1.73205 83.35
      vertex 1.59748 0.581433 83.35
      vertex 1.64207 0.439992 83.35
    endloop
  endfacet
  facet normal 0 0 1
    outer loop
      vertex 3 1.73205 83.35
      vertex 1.54072 0.718451 83.35
      vertex 1.59748 0.581433 83.35
    endloop
  endfacet
  facet normal 0 0 1
    outer loop
      vertex 3 1.73205 83.35
      vertex 1.47224 0.849999 83.35
      vertex 1.54072 0.718451 83.35
    endloop
  endfacet
  facet normal 0 0 1
    outer loop
      vertex 3 1.73205 83.35
      vertex 1.39256 0.97508 83.35
      vertex 1.47224 0.849999 83.35
    endloop
  endfacet
  facet normal 0 0 1
    outer loop
      vertex 3 1.73205 83.35
      vertex 1.30227 1.09274 83.35
      vertex 1.39256 0.97508 83.35
    endloop
  endfacet
  facet normal 0 0 1
    outer loop
      vertex 3 1.73205 83.35
      vertex 1.20208 1.20208 83.35
      vertex 1.30227 1.09274 83.35
    endloop
  endfacet
  facet normal 0 0 1
    outer loop
      vertex 3 1.73205 83.35
      vertex 1.09274 1.30227 83.35
      vertex 1.20208 1.20208 83.35
    endloop
  endfacet
  facet normal 0 0 1
    outer loop
      vertex 3 1.73205 83.35
      vertex 0.97508 1.39256 83.35
      vertex 1.09274 1.30227 83.35
    endloop
  endfacet
  facet normal 0 0 1
    outer loop
      vertex 3 1.73205 83.35
      vertex 0.849999 1.47224 83.35
      vertex 0.97508 1.39256 83.35
    endloop
  endfacet
  facet normal 0 0 1
    outer loop
      vertex 0 3.4641 83.35
      vertex 0.849999 1.47224 83.35
      vertex 3 1.73205 83.35
    endloop
  endfacet
  facet normal 0 0 1
    outer loop
      vertex 0.849999 1.47224 83.35
      vertex 0 3.4641 83.35
      vertex 0.718451 1.54072 83.35
    endloop
  endfacet
  facet normal 0 0 1
    outer loop
      vertex 0.718451 1.54072 83.35
      vertex 0 3.4641 83.35
      vertex 0.581433 1.59748 83.35
    endloop
  endfacet
  facet normal 0 0 1
    outer loop
      vertex 0.581433 1.59748 83.35
      vertex 0 3.4641 83.35
      vertex 0.439992 1.64207 83.35
    endloop
  endfacet
  facet normal 0 0 1
    outer loop
      vertex 0.439992 1.64207 83.35
      vertex 0 3.4641 83.35
      vertex 0.295201 1.67417 83.35
    endloop
  endfacet
  facet normal 0 0 1
    outer loop
      vertex 0.295201 1.67417 83.35
      vertex 0 3.4641 83.35
      vertex 0.148165 1.69353 83.35
    endloop
  endfacet
  facet normal 0 0 1
    outer loop
      vertex 0 3.4641 83.35
      vertex 0 1.7 83.35
      vertex 0.148165 1.69353 83.35
    endloop
  endfacet
  facet normal 0 0 1
    outer loop
      vertex 0 3.4641 83.35
      vertex -0.148165 1.69353 83.35
      vertex 0 1.7 83.35
    endloop
  endfacet
  facet normal 0 0 1
    outer loop
      vertex 0 3.4641 83.35
      vertex -0.295201 1.67417 83.35
      vertex -0.148165 1.69353 83.35
    endloop
  endfacet
  facet normal 0 0 1
    outer loop
      vertex 0 3.4641 83.35
      vertex -0.439992 1.64207 83.35
      vertex -0.295201 1.67417 83.35
    endloop
  endfacet
  facet normal 0 0 1
    outer loop
      vertex 0 3.4641 83.35
      vertex -0.581433 1.59748 83.35
      vertex -0.439992 1.64207 83.35
    endloop
  endfacet
  facet normal 0 0 1
    outer loop
      vertex 0 3.4641 83.35
      vertex -0.718451 1.54072 83.35
      vertex -0.581433 1.59748 83.35
    endloop
  endfacet
  facet normal 0 0 1
    outer loop
      vertex 0 3.4641 83.35
      vertex -0.849999 1.47224 83.35
      vertex -0.718451 1.54072 83.35
    endloop
  endfacet
  facet normal -0 0 1
    outer loop
      vertex -3 1.73205 83.35
      vertex -0.849999 1.47224 83.35
      vertex 0 3.4641 83.35
    endloop
  endfacet
  facet normal 0 0 1
    outer loop
      vertex -0.849999 1.47224 83.35
      vertex -3 1.73205 83.35
      vertex -0.97508 1.39256 83.35
    endloop
  endfacet
  facet normal 0 0 1
    outer loop
      vertex -0.97508 1.39256 83.35
      vertex -3 1.73205 83.35
      vertex -1.09274 1.30227 83.35
    endloop
  endfacet
  facet normal 0 0 1
    outer loop
      vertex -1.09274 1.30227 83.35
      vertex -3 1.73205 83.35
      vertex -1.20208 1.20208 83.35
    endloop
  endfacet
  facet normal 0 0 1
    outer loop
      vertex -1.20208 1.20208 83.35
      vertex -3 1.73205 83.35
      vertex -1.30227 1.09274 83.35
    endloop
  endfacet
  facet normal 0 0 1
    outer loop
      vertex -1.30227 1.09274 83.35
      vertex -3 1.73205 83.35
      vertex -1.39256 0.97508 83.35
    endloop
  endfacet
  facet normal 0 0 1
    outer loop
      vertex -1.69353 0.148165 83.35
      vertex -3 1.73205 83.35
      vertex -1.7 0 83.35
    endloop
  endfacet
  facet normal 0 0 1
    outer loop
      vertex -1.67417 0.295201 83.35
      vertex -3 1.73205 83.35
      vertex -1.69353 0.148165 83.35
    endloop
  endfacet
  facet normal 0 0 1
    outer loop
      vertex -1.64207 0.439992 83.35
      vertex -3 1.73205 83.35
      vertex -1.67417 0.295201 83.35
    endloop
  endfacet
  facet normal 0 0 1
    outer loop
      vertex -1.59748 0.581433 83.35
      vertex -3 1.73205 83.35
      vertex -1.64207 0.439992 83.35
    endloop
  endfacet
  facet normal 0 0 1
    outer loop
      vertex -1.54072 0.718451 83.35
      vertex -3 1.73205 83.35
      vertex -1.59748 0.581433 83.35
    endloop
  endfacet
  facet normal 0 0 1
    outer loop
      vertex -1.47224 0.849999 83.35
      vertex -3 1.73205 83.35
      vertex -1.54072 0.718451 83.35
    endloop
  endfacet
  facet normal 0 0 1
    outer loop
      vertex -1.39256 0.97508 83.35
      vertex -3 1.73205 83.35
      vertex -1.47224 0.849999 83.35
    endloop
  endfacet
  facet normal -0 0 1
    outer loop
      vertex 1.69353 -0.148165 83.35
      vertex 3 -1.73205 83.35
      vertex 1.7 0 83.35
    endloop
  endfacet
  facet normal -0 0 1
    outer loop
      vertex 1.67417 -0.295201 83.35
      vertex 3 -1.73205 83.35
      vertex 1.69353 -0.148165 83.35
    endloop
  endfacet
  facet normal -0 0 1
    outer loop
      vertex 1.64207 -0.439992 83.35
      vertex 3 -1.73205 83.35
      vertex 1.67417 -0.295201 83.35
    endloop
  endfacet
  facet normal -0 0 1
    outer loop
      vertex 1.59748 -0.581433 83.35
      vertex 3 -1.73205 83.35
      vertex 1.64207 -0.439992 83.35
    endloop
  endfacet
  facet normal -0 0 1
    outer loop
      vertex 1.54072 -0.718451 83.35
      vertex 3 -1.73205 83.35
      vertex 1.59748 -0.581433 83.35
    endloop
  endfacet
  facet normal -0 0 1
    outer loop
      vertex 1.47224 -0.849999 83.35
      vertex 3 -1.73205 83.35
      vertex 1.54072 -0.718451 83.35
    endloop
  endfacet
  facet normal -0 0 1
    outer loop
      vertex 1.39256 -0.97508 83.35
      vertex 3 -1.73205 83.35
      vertex 1.47224 -0.849999 83.35
    endloop
  endfacet
  facet normal -0 0 1
    outer loop
      vertex 1.30227 -1.09274 83.35
      vertex 3 -1.73205 83.35
      vertex 1.39256 -0.97508 83.35
    endloop
  endfacet
  facet normal -0 0 1
    outer loop
      vertex 1.20208 -1.20208 83.35
      vertex 3 -1.73205 83.35
      vertex 1.30227 -1.09274 83.35
    endloop
  endfacet
  facet normal -0 0 1
    outer loop
      vertex 1.09274 -1.30227 83.35
      vertex 3 -1.73205 83.35
      vertex 1.20208 -1.20208 83.35
    endloop
  endfacet
  facet normal -0 0 1
    outer loop
      vertex 0.97508 -1.39256 83.35
      vertex 3 -1.73205 83.35
      vertex 1.09274 -1.30227 83.35
    endloop
  endfacet
  facet normal -0 0 1
    outer loop
      vertex 0.849999 -1.47224 83.35
      vertex 3 -1.73205 83.35
      vertex 0.97508 -1.39256 83.35
    endloop
  endfacet
  facet normal 0 0 1
    outer loop
      vertex 0 -3.4641 83.35
      vertex 0.849999 -1.47224 83.35
      vertex 0.718451 -1.54072 83.35
    endloop
  endfacet
  facet normal 0 0 1
    outer loop
      vertex 0 -3.4641 83.35
      vertex 0.718451 -1.54072 83.35
      vertex 0.581433 -1.59748 83.35
    endloop
  endfacet
  facet normal 0 0 1
    outer loop
      vertex 0 -3.4641 83.35
      vertex 0.581433 -1.59748 83.35
      vertex 0.439992 -1.64207 83.35
    endloop
  endfacet
  facet normal 0 0 1
    outer loop
      vertex 0 -3.4641 83.35
      vertex 0.439992 -1.64207 83.35
      vertex 0.295201 -1.67417 83.35
    endloop
  endfacet
  facet normal 0 0 1
    outer loop
      vertex 0 -3.4641 83.35
      vertex 0.295201 -1.67417 83.35
      vertex 0.148165 -1.69353 83.35
    endloop
  endfacet
  facet normal 0 0 1
    outer loop
      vertex 0 -3.4641 83.35
      vertex 0.148165 -1.69353 83.35
      vertex 0 -1.7 83.35
    endloop
  endfacet
  facet normal 0 0 1
    outer loop
      vertex 0.849999 -1.47224 83.35
      vertex 0 -3.4641 83.35
      vertex 3 -1.73205 83.35
    endloop
  endfacet
  facet normal 0 0 1
    outer loop
      vertex -0.148165 -1.69353 83.35
      vertex 0 -3.4641 83.35
      vertex 0 -1.7 83.35
    endloop
  endfacet
  facet normal 0 0 1
    outer loop
      vertex -0.295201 -1.67417 83.35
      vertex 0 -3.4641 83.35
      vertex -0.148165 -1.69353 83.35
    endloop
  endfacet
  facet normal 0 0 1
    outer loop
      vertex -0.439992 -1.64207 83.35
      vertex 0 -3.4641 83.35
      vertex -0.295201 -1.67417 83.35
    endloop
  endfacet
  facet normal 0 0 1
    outer loop
      vertex -0.581433 -1.59748 83.35
      vertex 0 -3.4641 83.35
      vertex -0.439992 -1.64207 83.35
    endloop
  endfacet
  facet normal 0 0 1
    outer loop
      vertex -0.718451 -1.54072 83.35
      vertex 0 -3.4641 83.35
      vertex -0.581433 -1.59748 83.35
    endloop
  endfacet
  facet normal 0 0 1
    outer loop
      vertex -0.849999 -1.47224 83.35
      vertex 0 -3.4641 83.35
      vertex -0.718451 -1.54072 83.35
    endloop
  endfacet
  facet normal 0 0 1
    outer loop
      vertex -3 -1.73205 83.35
      vertex -0.849999 -1.47224 83.35
      vertex -0.97508 -1.39256 83.35
    endloop
  endfacet
  facet normal 0 0 1
    outer loop
      vertex -3 -1.73205 83.35
      vertex -0.97508 -1.39256 83.35
      vertex -1.09274 -1.30227 83.35
    endloop
  endfacet
  facet normal 0 0 1
    outer loop
      vertex -3 -1.73205 83.35
      vertex -1.09274 -1.30227 83.35
      vertex -1.20208 -1.20208 83.35
    endloop
  endfacet
  facet normal 0 0 1
    outer loop
      vertex -3 -1.73205 83.35
      vertex -1.20208 -1.20208 83.35
      vertex -1.30227 -1.09274 83.35
    endloop
  endfacet
  facet normal 0 0 1
    outer loop
      vertex -3 -1.73205 83.35
      vertex -1.30227 -1.09274 83.35
      vertex -1.39256 -0.97508 83.35
    endloop
  endfacet
  facet normal 0 0 1
    outer loop
      vertex -3 -1.73205 83.35
      vertex -1.39256 -0.97508 83.35
      vertex -1.47224 -0.849999 83.35
    endloop
  endfacet
  facet normal 0 0 1
    outer loop
      vertex -3 -1.73205 83.35
      vertex -1.7 0 83.35
      vertex -3 1.73205 83.35
    endloop
  endfacet
  facet normal 0 0 1
    outer loop
      vertex -1.7 0 83.35
      vertex -3 -1.73205 83.35
      vertex -1.69353 -0.148165 83.35
    endloop
  endfacet
  facet normal 0 0 1
    outer loop
      vertex -1.69353 -0.148165 83.35
      vertex -3 -1.73205 83.35
      vertex -1.67417 -0.295201 83.35
    endloop
  endfacet
  facet normal 0 0 1
    outer loop
      vertex -1.67417 -0.295201 83.35
      vertex -3 -1.73205 83.35
      vertex -1.64207 -0.439992 83.35
    endloop
  endfacet
  facet normal 0 0 1
    outer loop
      vertex -1.64207 -0.439992 83.35
      vertex -3 -1.73205 83.35
      vertex -1.59748 -0.581433 83.35
    endloop
  endfacet
  facet normal 0 0 1
    outer loop
      vertex -1.59748 -0.581433 83.35
      vertex -3 -1.73205 83.35
      vertex -1.54072 -0.718451 83.35
    endloop
  endfacet
  facet normal 0 0 1
    outer loop
      vertex -1.54072 -0.718451 83.35
      vertex -3 -1.73205 83.35
      vertex -1.47224 -0.849999 83.35
    endloop
  endfacet
  facet normal 0 0 1
    outer loop
      vertex -0.849999 -1.47224 83.35
      vertex -3 -1.73205 83.35
      vertex 0 -3.4641 83.35
    endloop
  endfacet
endsolid OpenSCAD_Model
